,rv_intraday,overnight,rv_total
2020-10-12,0.24359674235203646,0.7868746674905993,0.8627684846904776
2020-10-13,0.6029936801018916,-0.07100085028092884,0.6080348008425065
2020-10-14,0.6763032245152576,0.16543457707093,0.7036718238058951
2020-10-15,0.5242863437264244,-1.2726586751177822,2.143946447078973
2020-10-16,0.4261460345604826,0.43077347147843315,0.611711818290063
2020-10-19,0.9514859200510036,0.38498313662851125,1.0996979355393306
2020-10-20,1.0605532099187105,0.42599993291104543,1.2420291527589258
2020-10-21,0.9401610099502897,-0.0028992548113091765,0.9401694156287507
2020-10-22,0.7800012024826095,0.058373572368433324,0.7834086764336622
2020-10-23,0.35743902266484634,0.393886557201962,0.5125856426092608
2020-10-26,1.077615055435153,-1.068588080779434,2.2194955418190268
2020-10-27,0.6318807378969495,0.10011735016831907,0.6419042217016754
2020-10-28,1.8381614224702,-1.7613955379571131,4.940675663605428
2020-10-29,1.7361662305153054,0.07347799979644576,1.7415652469693919
2020-10-30,3.0269308508810058,-0.5134619665632659,3.2905740419880223
2020-11-02,1.1784470354923926,1.1115947825859502,2.414089996164699
2020-11-03,1.2624660699508332,1.0692663490704493,2.405796595205281
2020-11-04,1.6789272385788296,1.6292561487382442,4.3334028367802055
2020-11-05,0.8089476522731945,1.6541693176039858,3.5452237835756306
2020-11-06,0.9020483731667113,-0.09712518675894524,0.9114816750696713
2020-11-09,2.469911222032041,3.809232938782187,16.980166803935216
2020-11-10,1.5601386084623288,-0.3078622443550255,1.6549177699616422
2020-11-11,0.39848292230474347,0.6783932274312128,0.8587002933292807
2020-11-12,0.754088326332095,-0.32305410997464623,0.8584522843036058
2020-11-13,0.32075788853341,0.5926701619493305,0.6720158093984556
2020-11-16,0.5550401545139275,0.8152658288412304,1.2196985261901059
2020-11-17,0.3087228540480168,-0.7252475429995133,0.8347068526748478
2020-11-18,0.4984310947031997,0.07478456186489235,0.5040238253965236
2020-11-19,0.5433211876124637,-0.2783382328770684,0.6207933594935928
2020-11-20,0.3733820101761482,-0.08110264442799042,0.37995964910936125
2020-11-23,0.5313859365476843,0.5444952069952167,0.8278609669884482
2020-11-24,0.27711721027762953,0.7773922489437439,0.8814559189954414
2020-11-25,0.26186028502322906,-0.022026586794619746,0.26234545554905
2020-11-27,0.0745088594668038,0.3248375706367105,0.18002830676396367
2020-11-30,0.49755588890753866,-0.21882886514059535,0.5454419611262595
2020-12-01,0.3893024379473174,0.982560451111766,1.3547274780362746
2020-12-02,0.22534196014857688,-0.3174998329895611,0.32614810409697603
2020-12-03,0.4305137431079134,0.019090332202593915,0.4308781838915188
2020-12-04,0.1567917748425826,0.18246972672840855,0.1900869760149227
2020-12-07,0.21594418379749944,-0.23549708330870803,0.271403060044408
2020-12-08,0.152084040336718,-0.36916426557625104,0.2883662953151708
2020-12-09,0.6496399313987189,0.1834413858323809,0.6832906734348233
2020-12-10,0.5746208951061283,-0.40016313323657543,0.7347514283078416
2020-12-11,0.37689995437570584,-0.4947999316527473,0.6217269267392693
2020-12-14,0.5073929543755593,0.6450044062931479,0.9234236385131356
2020-12-15,0.2662587650331432,0.7566988335049412,0.8388518896608819
2020-12-16,0.2155416768887577,0.07033601545852433,0.22048883195933947
2020-12-17,0.16507862792144629,0.48775232987326256,0.4029809632182422
2020-12-18,0.4674947251498156,0.0998561044626674,0.47746596674827474
2020-12-21,0.7890964854604183,-1.1988081182999073,2.226237389962183
2020-12-22,0.3820141263095306,0.10053015821530664,0.3921204390203252
2020-12-23,0.1382254064318107,0.38325228570406766,0.285107720929203
2020-12-24,0.09534149469715258,0.13865101554959675,0.1145655988100871
2020-12-28,0.0703052035548317,0.6926966859516553,0.5501339022832379
2020-12-29,0.3532181019960029,0.4343078148139051,0.5418413800044322
2020-12-30,0.11379772099877286,0.25275580515436696,0.1776832180380052
2020-12-31,0.13132917895061524,-0.0484626331220358,0.13367780575973628
2021-01-04,1.3376447875174087,0.3654917351557103,1.4712289959845406
2021-01-05,0.7601641219190758,-0.18188407128569806,0.7932459373065367
2021-01-06,1.283644381380984,-0.434553537436428,1.472481158279497
2021-01-07,0.3875864881684177,0.6908695629206011,0.86488724113852
2021-01-08,0.626799967817757,0.3975037620267685,0.7848092086431908
2021-01-11,0.34138887872875395,-0.9169282235041393,1.1821462457872107
2021-01-12,0.3923169758286451,0.04224495691962518,0.3941016122137861
2021-01-13,0.27453224133518744,-0.013209582041484702,0.27470673439289817
2021-01-14,0.22822783405440336,0.21305117302915288,0.2736186363835014
2021-01-15,0.7397749343126819,-0.45816673633970034,0.9496916926008544
2021-01-19,0.21044480401861762,0.7028825416202756,0.7044886713331961
2021-01-20,0.21501584671490237,0.6579930803574275,0.6479707405131585
2021-01-21,0.1629875260644675,0.16916162438131624,0.19160318122779302
2021-01-22,0.1944489528031567,-0.5114008405007884,0.45597977246806953
2021-01-25,1.1984586253693568,0.26344882985290574,1.2678639113202221
2021-01-26,0.24784409552679096,0.2545673910490799,0.3126486521123261
2021-01-27,1.6073285221913907,-0.9425521618186457,2.4957330999403933
2021-01-28,1.1872262982862816,0.5273995663844155,1.4653766009087512
2021-01-29,2.46728931163227,-0.5661462150817107,2.7878108484836166
2021-02-01,0.800717875304045,1.133813704783893,2.086251392459822
2021-02-02,0.40640509349360193,0.9075328170820935,1.2300209075745625
2021-02-03,0.34430228339782826,0.22907408269709478,0.3967772187613437
2021-02-04,0.19846824685919426,0.2928599582008534,0.2842352019765999
2021-02-05,0.17411331458030338,0.5281388393304831,0.4530439481896532
2021-02-08,0.1293505174090615,0.3938647239460739,0.2844799381781785
2021-02-09,0.0946445856325017,-0.22816794036147844,0.14670519464130088
2021-02-10,0.7511077056031353,0.4754876505308716,0.9771962114105036
2021-02-11,0.41275766606490527,0.29180473556583364,0.4979076697635514
2021-02-12,0.14521613897891736,-0.2330880125863356,0.19954616059036512
2021-02-16,0.3969812899385268,0.32542895104128056,0.502885292114355
2021-02-17,0.3415976401105406,-0.47008385931558644,0.5625764748995767
2021-02-18,0.3127646459418009,-0.7725985703118379,0.9096731967896967
2021-02-19,0.2823396226453224,0.30157538149232915,0.37328733336756625
2021-02-22,0.3386086782374914,-0.7308099162927829,0.8726918119893557
2021-02-23,1.325640379577526,-0.6948528458204832,1.8084608569223501
2021-02-24,0.5197663159998671,-0.2972784344775474,0.6081407836052886
2021-02-25,1.4391415671912873,-0.3352707114016873,1.5515480171150808
2021-02-26,2.836445575018849,0.4932076007194459,3.079699312426281
2021-03-01,0.3456259349626934,1.5236226719346666,2.667051981396026
2021-03-02,0.7602329177637864,0.1051685108082292,0.7712933334294071
2021-03-03,1.172161937415724,-0.11919354393258152,1.1863690383309322
2021-03-04,3.867023789130074,0.033985368063828014,3.8681787943725077
2021-03-05,2.3402448065049133,0.8405784865457041,3.0468169985483797
2021-03-08,1.6602198869555869,0.15624092198642547,1.6846311126587552
2021-03-09,0.4373133668833044,1.2004312533895372,1.8783485609976796
2021-03-10,0.8421702051924144,0.6462033237935537,1.2597489408742508
2021-03-11,0.2604115143883329,0.6880685539710727,0.7338498493521759
2021-03-12,0.28964532577459057,-0.3895048319992681,0.44135933992536863
2021-03-15,0.23247035546282221,0.05587627737094947,0.2355925138356575
2021-03-16,0.22185631938233225,0.15878250295867613,0.24706820262815424
2021-03-17,0.6910876502550918,-0.40754803452912647,0.8571830507036459
2021-03-18,0.5773562619445787,-0.6881824990698008,1.0509514139705352
2021-03-19,0.6923154489528045,-0.11595107394852243,0.7057601005026202
2021-03-22,0.14374687071360193,0.15892800468899027,0.16900498138802564
2021-03-23,0.39313214364285887,-0.17336110812377037,0.42318621745276047
2021-03-24,0.6454522949560699,0.38953595467391444,0.7971905549397879
2021-03-25,0.9259335830554588,-0.4242225082627388,1.1058983195721883
2021-03-26,0.7640083625849362,0.3252287126177198,0.8697820780959156
2021-03-29,0.5779151701347721,-0.39477230239731675,0.7337603408748506
2021-03-30,0.3582292172352809,-0.35941082089696064,0.48740535541310803
2021-03-31,0.12888324082764396,0.2403456749501226,0.18664928429487396
2021-04-01,0.11291854966730852,0.5409033258719873,0.4054949576066858
2021-04-05,0.18091638914395256,0.721200149250831,0.7010460444233735
2021-04-06,0.11836497651726774,-0.13544312151953936,0.13670981568422444
2021-04-07,0.14406119816887322,-0.017222005038402016,0.14435779562641596
2021-04-08,0.0717560023641108,0.3363577661908115,0.18489254924098342
2021-04-09,0.09360982971122181,-0.01965652942356433,0.09399620886020126
2021-04-12,0.14016134873346706,-0.13862283570770492,0.1593776393131124
2021-04-13,0.07072571566690965,-0.01945320352662583,0.07110414279435798
2021-04-14,0.3272256478327884,-0.014577687134412376,0.32743815679497723
2021-04-15,0.12054601549975479,0.6202240136973853,0.5052238426666492
2021-04-16,0.1264216669662578,0.321712520572313,0.2299206128592487
2021-04-19,0.38004192730264164,-0.22316051422487826,0.42984254241175374
2021-04-20,0.3410028924408052,-0.33055747966546456,0.45027113980358924
2021-04-21,0.17264046200490393,-0.1626501094079842,0.19909552009533316
2021-04-22,0.8461086348593613,-0.0842716217532804,0.8532103410922892
2021-04-23,0.1695899122781272,0.15023874167025375,0.19216159177678843
2021-04-26,0.12775422270455636,0.16063041960628663,0.15355635440744808
2021-04-27,0.1466985373417768,0.08618213034669744,0.15412589693287193
2021-04-28,0.18915966132350542,0.0814137665967827,0.19578786271498083
2021-04-29,0.2699514873570328,0.7114166568706402,0.7760651470300309
2021-04-30,0.2645524991227828,-0.5801551041943587,0.6011324440455499
2021-05-03,0.1491675812855342,0.513901453626059,0.41326228532451065
2021-05-04,0.62368227488783,-0.4589870365869245,0.8343513746426768
2021-05-05,0.2301805679042996,0.4082050906328215,0.3968119639228496
2021-05-06,0.5646749772283752,-0.0035815817945114015,0.564687804956526
2021-05-07,0.23566594531116686,0.11922097951799171,0.24987958726839626
2021-05-10,0.25256349140131296,0.08279676619552179,0.25941879589374883
2021-05-11,1.2032157300428739,-1.2156349927414118,2.680984165620286
2021-05-12,0.7678606947066344,-0.6151971059775492,1.1463281739097864
2021-05-13,1.1330660233987881,0.41351144462395373,1.3040577382337772
2021-05-14,0.27252284527041315,0.7188140353672103,0.7892164627113063
2021-05-17,0.4297581094287074,-0.2692149008492442,0.5022347722679757
2021-05-18,0.3750646382301242,0.05765355080377643,0.37838857015040783
2021-05-19,1.361983760222575,-1.3342485255163556,3.1422028880651443
2021-05-20,0.2769615446774123,0.2357494712121736,0.3325393578542318
2021-05-21,0.32303142283971475,0.4396624392853572,0.5163344833580652
2021-05-24,0.08603585443754672,0.588676108968591,0.4325754157079471
2021-05-25,0.20783636554084822,0.2739620765283799,0.2828915849165901
2021-05-26,0.10662626868000288,0.15765334279616533,0.1314808451748081
2021-05-27,0.09174800170730296,0.28124558355707235,0.17084707997766113
2021-05-28,0.07160641871806196,0.40463113194454203,0.23533277165678335
2021-06-01,0.18118389987816974,0.6100553065008467,0.5533513768680118
2021-06-02,0.11546055896702731,0.11431430014898697,0.12852831818558
2021-06-03,0.3073923079639048,-0.5701831446864074,0.6325011264483854
2021-06-04,0.051118526386817825,0.4954342730860882,0.2965736453351584
2021-06-07,0.075067204831997,-0.009474744981700894,0.07515697562446526
2021-06-08,0.16168205205544878,0.21766287943122045,0.2090591811377388
2021-06-09,0.057122336652414375,0.21530011844818275,0.1034764776562159
2021-06-10,0.2185658585612709,0.3149141141825075,0.31773675787262423
2021-06-11,0.06737425546189534,0.13683255017292476,0.08609740224872131
2021-06-14,0.1038078951497555,0.022398671929721392,0.10430959565397079
2021-06-15,0.13223636345891204,0.03527082361408579,0.13348039445732798
2021-06-16,0.7202567803247719,0.06827392633280538,0.7249181093416692
2021-06-17,0.4794310528751413,-0.004740590370455371,0.47945352607220176
2021-06-18,0.6539548932950653,-0.9374813809384903,1.532826232901404
2021-06-21,0.2498838102282432,0.5120138948002985,0.5120420386968143
2021-06-22,0.10446354141726612,-0.04759381149983721,0.10672871231034815
2021-06-23,0.12066147033681958,0.05196981592661354,0.12336233210426567
2021-06-24,0.06216647752634804,0.5357272581413169,0.34917017264196126
2021-06-25,0.03179115769635391,0.22671748331528704,0.08319197493717137
2021-06-28,0.06105282013645916,0.12416321278571794,0.07646932354573063
2021-06-29,0.05257135942061576,0.10053946917288502,0.06267954428218125
2021-06-30,0.06536191059619594,-0.11463966494312913,0.07850416337446885
2021-07-01,0.06493167589709381,0.17744485225721612,0.09641835148967906
2021-07-02,0.043596710400311545,0.2506247337651196,0.10640946757514863
2021-07-06,0.22872448503544784,0.020766428083716926,0.22915572957080402
2021-07-07,0.28267494625191997,0.17307854483557336,0.31263112893431955
2021-07-08,0.670443758930939,-1.2832992174614049,2.3173006404679932
2021-07-09,0.1127525946306271,0.36360007422801277,0.24495760860924348
2021-07-12,0.05131004288613041,-0.020659703952446096,0.05173686625353313
2021-07-13,0.19862415115875512,-0.1923773193258925,0.23563318414977152
2021-07-14,0.19291910337577786,0.4192528344546744,0.36869204257405647
2021-07-15,0.30416477407099135,-0.3214360673459718,0.4074859194618355
2021-07-16,0.25666208622771064,0.24108678386901072,0.3147849235840137
2021-07-19,0.7964335583360246,-1.1987826114120055,2.2335133077598117
2021-07-20,0.4405024402831038,0.17155255943507486,0.4699327209318287
2021-07-21,0.114848299538812,0.29189773157633303,0.20005258523822095
2021-07-22,0.1390039411941037,0.03682831450971957,0.14036026594373052
2021-07-23,0.11159938313868782,0.4376101740163878,0.303102047541341
2021-07-26,0.09607323947265123,-0.13651811105575318,0.11471043411888218
2021-07-27,0.4253949006394625,-0.24972630446618735,0.4877581277818014
2021-07-28,0.28112316211711624,0.1502231735974263,0.3036901640027987
2021-07-29,0.0825263797955435,0.30036046598903243,0.17274278932469223
2021-07-30,0.2285612468034244,-0.6146260720642973,0.6063264552646112
2021-08-02,0.15350403651938554,0.41874361877436184,0.3288502547836336
2021-08-03,0.341234628322548,0.19857604121122507,0.3806670724656701
2021-08-04,0.11678975213512455,-0.31785350084093206,0.21782060013196095
2021-08-05,0.04600825532535309,0.279796357709773,0.12429425711300834
2021-08-06,0.09006094964823583,0.0679042421625272,0.09467193575190297
2021-08-09,0.06787737239974422,-0.00966898005230686,0.06797086157499613
2021-08-10,0.10940620225960423,0.11302997133547496,0.12218197667970253
2021-08-11,0.06175218694198391,0.26620388470335526,0.13261669517314117
2021-08-12,0.0529539581598443,-0.03157895208301009,0.05395118837450535
2021-08-13,0.05330549663495721,0.11003187259044167,0.0654125096207164
2021-08-16,0.12057581058134068,-0.3413823642185726,0.23711772918080282
2021-08-17,0.41936630096952565,-0.6711910756690358,0.869863761027283
2021-08-18,0.43544428060269963,-0.25264203026631216,0.4992722760597838
2021-08-19,0.7887032027322475,-0.6602479096712266,1.2246305049574717
2021-08-20,0.20429185945824724,0.0885911959267972,0.2121402594539874
2021-08-23,0.0896823448403112,0.40741987118553685,0.25567329627715063
2021-08-24,0.049438439587035414,0.1630741455812465,0.07603161654408899
2021-08-25,0.04637080606762716,-0.002262211701742012,0.04637592366941066
2021-08-26,0.1920951866464774,-0.06907484424779453,0.19686652075433447
2021-08-27,0.13543495820536391,0.20361819721717134,0.1768953284433348
2021-08-30,0.06382194308149815,0.16198564878273836,0.09006129349306281
2021-08-31,0.1133270820851936,-0.0353910213739594,0.11457960647908565
2021-09-01,0.07538867042461611,0.15933219966293033,0.10077542027404401
2021-09-02,0.08765125752083985,0.3623148660562468,0.2189233196861959
2021-09-03,0.08935899353222473,-0.14904879982728467,0.11157453826217871
2021-09-07,0.10804328366838803,-0.09498239505788025,0.11706493903931926
2021-09-08,0.2608428470673867,-0.1374291328606068,0.279729613626205
2021-09-09,0.2814018688676151,-0.039895666978701616,0.28299353311129055
2021-09-10,0.27556879780088406,0.4443046237448933,0.4729753964819753
2021-09-13,0.45235160811427627,0.7225435234927251,0.9744207514555585
2021-09-14,0.304113970487758,0.34200490796793614,0.42108132756191446
2021-09-15,0.36918937796612755,0.10572816035655341,0.38036782185850865
2021-09-16,0.39276096459240534,-0.12065333215881777,0.4073181911534314
2021-09-17,0.46095234754294134,-0.18906918274177054,0.4966995034055824
2021-09-20,0.8160572959312901,-1.4950598118695724,3.051261136998771
2021-09-21,1.0435359721701312,0.5628289616736597,1.360312412268781
2021-09-22,0.5557714195423018,0.5610861542451262,0.8705890920278874
2021-09-23,0.29308883449140993,0.46474039134113465,0.509072465835321
2021-09-24,0.3545525837092449,-0.39565786598223185,0.5110977306228587
2021-09-27,0.19074364886936623,-0.25713961008150077,0.25686442794223246
2021-09-28,0.70582773088946,-0.673297720820411,1.15915755175142
2021-09-29,0.5904571530307419,0.34756153843150794,0.7112561760276185
2021-09-30,1.0811715973804645,0.35141182799762394,1.2046618702370961
2021-10-01,0.952245447633743,0.4370535634368711,1.14326126494661
2021-10-04,1.446787697116136,-0.2999736719504025,1.5367719009795437
2021-10-05,0.3891400391638976,0.379515495038687,0.5331720501383572
2021-10-06,1.2844050578891066,-0.8882572236933544,2.073405953332532
2021-10-07,0.25503275955609983,0.8699521715861778,1.0118495404036063
2021-10-08,0.32984333087173834,0.1276106367335666,0.3461278054792846
2021-10-11,0.32056284159002774,-0.18969339569650856,0.3565464259608999
2021-10-12,0.5313122200807393,0.13556719208991813,0.5496906836518841
2021-10-13,0.5405819901426918,0.24182764061828543,0.5990625979096984
2021-10-14,0.17312517812162762,0.8989795065027246,0.9812893312335099
2021-10-15,0.19098702248159216,0.5161632424777628,0.4574115153667499
2021-10-18,0.14945644328974836,-0.4337684064033335,0.3376114736834358
2021-10-19,0.11638205878887138,0.339384639172198,0.23156399209491443
2021-10-20,0.13678595243929287,0.11308340540294715,0.14957380901682016
2021-10-21,0.098009573158332,-0.1459799601624171,0.11931972192735288
2021-10-22,0.3331157947380601,-0.10367597801765882,0.34386450315597816
2021-10-25,0.12896333419228048,0.2710572134124613,0.20243534713520908
2021-10-26,0.27050384732128047,0.3046437018801701,0.3633116324165344
2021-10-27,0.24620059890342227,0.11623912300172734,0.259712132619633
2021-10-28,0.1681292101646499,0.4483312220287172,0.3691300948104128
2021-10-29,0.1598529927498538,-0.5294658247941114,0.4401870523747625
2021-11-01,0.23535894905193033,0.19361297545066872,0.2728449333147916
2021-11-02,0.12845809749155074,0.08471371780703685,0.135634511476241
2021-11-03,0.21573785617850613,-0.132136467820407,0.2331979023065596
2021-11-04,0.19603379078179844,0.14402992181596364,0.21677840916011104
2021-11-05,0.2931868296548481,0.4935461580162259,0.5367746397474256
2021-11-08,0.1640251919765087,0.22384165814316456,0.21413027989679004
2021-11-09,0.3521151096037659,0.08313013287248622,0.35902572859516313
2021-11-10,0.3231705534813177,-0.39017761182155747,0.4754091222480917
2021-11-11,0.1090900926291582,0.3337425314484755,0.22047416992679486
2021-11-12,0.16884706846241132,0.2927892204625842,0.25457259608149907
2021-11-15,0.1755872320480526,0.2970572192364744,0.2638302235485594
2021-11-16,0.12874867693141054,-0.0513875950863481,0.131389361860169
2021-11-17,0.14529358982762008,-0.05329060438965216,0.1481334783438345
2021-11-18,0.22536703305105046,0.23682483983081076,0.28145303781193964
2021-11-19,0.20074237425972816,-0.029811156852602216,0.20163107933261862
2021-11-22,0.3993571201833115,0.4278062982626626,0.5823753490165138
2021-11-23,0.6928027398662692,-0.08769123609300633,0.7004924927537886
2021-11-24,0.2682320182751471,-0.44106833656537603,0.46277329579569493
2021-11-26,0.9510384045912625,-1.5018406003669023,3.20656359350168
2021-11-29,0.2844984979472263,1.0986173763222276,1.4914586375043613
2021-11-30,1.133210466170782,-0.6160726477206024,1.5127559734402556
2021-12-01,1.6186013542687945,1.2529307413473485,3.188436796882011
2021-12-02,1.8939930830591505,0.17070911650070286,1.923134685515601
2021-12-03,2.1893991264326034,0.38402461349037975,2.3368740301990387
2021-12-06,0.9474053832146277,0.5980938938369724,1.3051216890596993
2021-12-07,0.2531578754266375,1.2239269452938422,1.7511550428429532
2021-12-08,0.27790339411890425,0.08538051329460991,0.28519322616935533
2021-12-09,0.28090519834533956,-0.2900622889931296,0.36504132984127335
2021-12-10,0.36505076840838924,0.6241725146202819,0.7546420964157953
2021-12-13,0.33577374575743035,-0.12761685583468407,0.3520598076505609
2021-12-14,0.5127548212174249,-0.7573083077358438,1.0862706941831524
2021-12-15,1.0761808731012945,0.015072066427017639,1.076408040287675
2021-12-16,0.9286235769695598,0.40721838077723116,1.0944503866123898
2021-12-17,1.556251187420671,-0.7089569138412845,2.0588710931040293
2021-12-20,0.837573073507557,-1.2604399047639414,2.426281827028891
2021-12-21,0.5539042246241883,0.7968396418716214,1.188857639482282
2021-12-22,0.23898829603005417,-0.05832071693580643,0.24238960205396062
2021-12-23,0.22665486676656715,0.23275293220182347,0.2808287942151138
2021-12-27,0.12384324736296892,0.3076709854345949,0.21850468264126366
2021-12-28,0.317168781109866,0.09003522517276549,0.3252751228817766
2021-12-29,0.17228772136026155,0.027273047362148306,0.17303154047267955
2021-12-30,0.13776766649200642,0.09630368441255988,0.14704206612344034
2021-12-31,0.28059810181562506,-0.06719776430285895,0.28511364134292766
2022-01-03,0.5022966667959898,0.27124491029962794,0.5758704681594431
2022-01-04,0.2519527213784937,0.33233941376035336,0.36240220731706907
2022-01-05,0.4616083919167036,-0.08169949598338766,0.4682831995606432
2022-01-06,0.7217268715521357,-0.025626794913520518,0.7223836041696753
2022-01-07,0.422233190410612,-0.06202470563847384,0.42608025452015136
2022-01-10,1.0190240463850335,-0.7364123341193665,1.561327172228167
2022-01-11,0.6623234888558683,-0.05804425093036236,0.6656926239219352
2022-01-12,0.3497076610241213,0.3803186687339933,0.49434995081171823
2022-01-13,0.6551334946767907,0.24809709417492676,0.7166856628148331
2022-01-14,1.1098316094352596,-0.7151544740051876,1.6212775311248961
2022-01-18,0.9329192807830654,-1.0839801434645648,2.107932232208524
2022-01-19,0.8573039062890359,0.3497713571955554,0.9796439086034566
2022-01-20,0.9522485363437319,0.5275239145421662,1.2305300167576225
2022-01-21,2.409415401231653,-0.275860115458922,2.4855142045326626
2022-01-24,6.298477682192009,-1.6781865576122672,9.11478780434252
2022-01-25,3.9396604315411348,-1.5626753140269636,6.381614568610404
2022-01-26,5.462648569443893,1.4098406704642659,7.450299285539023
2022-01-27,2.9890593419978595,1.1686728813900493,4.35485564569438
2022-01-28,2.8579241885632802,0.3401471062110204,2.9736242424270114
2022-01-31,1.0115479454896024,-0.1385607382877907,1.03074702368446
2022-02-01,1.0631959976633425,0.1710045057252374,1.0924385386416753
2022-02-02,0.7845952716034662,0.576700715964239,1.117178987397132
2022-02-03,0.9866755460624614,-1.3672088758907333,2.8559356563768636
2022-02-04,1.2805359860204457,-0.06268104387617901,1.2844648992818533
2022-02-07,1.0267529146240606,0.13143132893703102,1.0440271088502147
2022-02-08,0.6328670137055353,-0.022447836665649312,0.633370919076503
2022-02-09,0.2961201954911258,0.9511905183858013,1.200883597758175
2022-02-10,1.5424223641187886,-1.3754506677966027,3.434286903660909
2022-02-11,2.1298697792425947,0.09545567949783873,2.138981565990989
2022-02-14,1.4860311706583775,-0.13177096101283964,1.5033947568246249
2022-02-15,0.53124365241624,1.0738585344595262,1.6844158044478015
2022-02-16,0.6840837524605737,-0.4358011482680698,0.8740063932923419
2022-02-17,0.5663836884332074,-0.7711495525897081,1.1610553208925145
2022-02-18,1.3842368223330155,0.054833281928692634,1.387243511140087
2022-02-22,2.1604252925182914,-0.43399919731592596,2.3487805957891594
2022-02-23,1.2591173311224457,0.7120142259842419,1.7660815891263848
2022-02-24,4.852861474785424,-2.6925485557678845,12.102679199953144
2022-02-25,1.5161546686520395,0.3145293508557876,1.6150833812018026
2022-02-28,2.0798045821087636,-1.0563355213100523,3.1956493156901438
2022-03-01,1.877356592410547,-0.3717938514984267,2.0155872604225813
2022-03-02,1.640123436142832,0.5634326189700749,1.9575797522623097
2022-03-03,1.5251819203078316,0.5851617520764407,1.8675961964010015
2022-03-04,1.6509505974862013,-0.92689066405621,2.5100769006007635
2022-03-07,1.4226485446319357,-0.1437656407108694,1.4433171040809425
2022-03-08,4.550467468798119,0.03326934717328578,4.551574318259456
2022-03-09,0.9455609897042452,2.02382299343483,5.041420498459761
2022-03-10,1.4682258124104397,-1.1507147471447863,2.792370241706929
2022-03-11,0.974035483089214,0.6161988422822218,1.3537364963191645
2022-03-14,1.152896172732116,0.18301051022026038,1.186389019583196
2022-03-15,1.169745406644283,0.7906191054603382,1.7948239765631884
2022-03-16,2.437982548970263,0.8714045739552378,3.1973284804803725
2022-03-17,0.8366052965974924,-0.4592591073625645,1.0475242242929519
2022-03-18,0.5065034586509886,-0.3770389107136842,0.6486617988431501
2022-03-21,1.2212399605657294,0.042727347235962485,1.223065586767552
2022-03-22,0.3933252192353052,0.4042074109023196,0.5567088502636619
2022-03-23,0.5563307361985984,-0.6023866377972529,0.9192003975952772
2022-03-24,0.5078118425400822,0.4965890335485461,0.7544125107807612
2022-03-25,0.6641745034268193,0.1552266053679634,0.6882698024408808
2022-03-28,0.4517083582832742,-0.12829235889174373,0.4681672876332822
2022-03-29,0.45431824942338694,0.9409455766338255,1.3396968276101493
2022-03-30,0.43342397707320685,-0.26467413034101966,0.5034763723449819
2022-03-31,0.5291638849428105,-0.1680108918877481,0.557391544735727
2022-04-01,0.6577472721208999,0.3757007414269697,0.7988983192296746
2022-04-04,0.2410244675521513,0.024238117630958622,0.24161195389844348
2022-04-05,0.8503331646862625,-0.36200762010727394,0.9813826817019948
2022-04-06,1.3564600988288378,-0.7924450568169279,1.984429266902422
2022-04-07,0.727663036781932,-0.20181926606334266,0.7683940529362783
2022-04-08,0.6267290611558599,-0.18736081759265433,0.6618331371248478
2022-04-11,0.4165937039229624,-0.6568994882913732,0.8481106416404305
2022-04-12,0.7167268402512259,0.5916061733331449,1.0667247045771129
2022-04-13,0.4563287315029025,-0.0683557631054823,0.4610012418526353
2022-04-14,0.7231602312465603,0.03813880951144388,0.7246148000375104
2022-04-18,0.9517892697128602,-0.22868380201732974,1.0040855510179614
2022-04-19,0.5336369116813744,0.070669887001233,0.5386311446101414
2022-04-20,0.6230505590301789,0.43278817839793005,0.8103561663911775
2022-04-21,1.1155777706416514,0.8347220877060471,1.8123387343459931
2022-04-22,1.5411999672669157,-0.32257186963146545,1.6452525783444547
2022-04-25,2.4028829027185714,-0.5554957433978218,2.71145842365167
2022-04-26,1.5030125962917378,-0.6509903312851062,1.92680100771843
2022-04-27,2.1814577971262006,0.4579657411764213,2.3911904172174694
2022-04-28,1.2809401893263879,1.2005591903634003,2.7222825588924113
2022-04-29,1.6510260990995262,-1.0034447363979102,2.6579274381041977
2022-05-02,3.46672022427124,0.17946586686978389,3.498928221642563
2022-05-03,1.8184966990772935,0.12057936517695966,1.8330360823837721
2022-05-04,3.399053021894203,0.1819654555426009,3.4321644489050294
2022-05-05,3.258140399034705,-1.1348755273830906,4.546082861687752
2022-05-06,4.0271381426488295,-0.7251758005264259,4.553018084317972
2022-05-09,2.7917188269429922,-1.5708842720915224,5.259396223247505
2022-05-10,3.3510366402945118,1.8883332726543838,6.916839188908127
2022-05-11,4.08308479069093,-0.2609876775057065,4.151199358500753
2022-05-12,4.355396423733772,-0.6820836261925389,4.820634496853735
2022-05-13,1.8237468803013905,1.0999982560512553,3.0337430436171937
2022-05-16,1.570030074300322,-0.46405569013108483,1.7853777578433594
2022-05-17,1.278068949608447,1.532773972816467,3.6274650013520224
2022-05-18,1.5175077672054313,-1.2027870432598142,2.9642044386391175
2022-05-19,3.3712456314701855,-0.8276806446750259,4.056300881039852
2022-05-20,2.516720571410681,0.9073981900318745,3.340092046683803
2022-05-23,1.637604714792052,0.8408863136114295,2.3446945072110714
2022-05-24,2.112391001979338,-1.1299164399180985,3.389102163176528
2022-05-25,1.4858774694989119,-0.44723962028647035,1.685900747452898
2022-05-26,0.7686009211703967,0.33157627178804083,0.8785437451832534
2022-05-27,0.5188605009778053,0.6225833639665617,0.9064705460657255
2022-05-31,1.6545705233876007,-0.38606699012017875,1.8036182442480548
2022-06-01,1.3762734038964637,0.5336709124454206,1.6610780466867916
2022-06-02,1.1934965011750316,-0.14175622622627104,1.2135913288489453
2022-06-03,1.2233514527486167,-1.2415831651688842,2.7648802087794015
2022-06-06,0.8822784259999438,1.0323589027987434,1.9480433301877693
2022-06-07,0.6748755716706879,-0.8498359468707428,1.39709670826438
2022-06-08,1.1124991192836138,-0.45092937418549117,1.3158364197869326
2022-06-09,1.418053599727487,-0.38266071465434104,1.564482822267258
2022-06-10,1.858952061425593,-1.6375170931672842,4.540414291840625
2022-06-13,2.090964871352506,-2.588397335632689,8.790765638462908
2022-06-14,2.3367883405103984,0.5028198890561484,2.5896161813408356
2022-06-15,5.480922887140383,0.852156747772481,6.207094009914555
2022-06-16,2.2396422573271093,-2.3837798894146283,7.922048818504727
2022-06-17,2.5565501679532674,0.1250859337899486,2.5721966587853706
2022-06-21,0.6198093465910263,1.6642933403610094,3.3896816693610328
2022-06-22,1.613721147907951,-1.1935512614292483,3.038285761567301
2022-06-23,1.366931125591048,0.5859666685612451,1.7102880622558119
2022-06-24,0.9820586433865097,0.8847148392069255,1.7647789900994457
2022-06-27,1.3514608766675351,0.2500939537602439,1.4140078623749661
2022-06-28,1.5766570146363357,0.4001360888807084,1.736765904261086
2022-06-29,1.6357065090046798,0.14437760780854353,1.6565514026411974
2022-06-30,2.5401230247504163,-1.0931263621803078,3.7350482684439696
2022-07-01,1.7506296705578381,0.007882541036889235,1.7506918050110363
2022-07-05,1.695134244509766,-1.4159117735622988,3.6999403950221
2022-07-06,1.8614567923945502,-0.023500533603772633,1.8620090674742122
2022-07-07,0.4506687125077248,0.4970025474557136,0.6976802446851936
2022-07-08,0.9371285442169022,-0.44570380265359383,1.135780423916776
2022-07-11,0.5918322223925727,-0.7412169572780086,1.141234800149042
2022-07-12,1.079715306648402,-0.16157297537249204,1.1058211330191219
2022-07-13,2.1874696623228367,-1.2631088168132178,3.782913545434124
2022-07-14,1.2409632821967627,-1.4007369647970165,3.203027326745521
2022-07-15,0.6315203308198852,1.3743921974794309,2.5204742433122242
2022-07-18,0.6730974275934228,0.8298514384942679,1.3617508375644285
2022-07-19,0.5168668908979352,1.0806061615085059,1.6845765671880824
2022-07-20,1.0643108695882209,0.04335377493144099,1.0661904193890268
2022-07-21,1.3024568716582747,-0.1621441167667541,1.3287475862603455
2022-07-22,1.0226822871477825,0.027525205482507364,1.0234399240846368
2022-07-25,0.6325540197078624,0.17450251770013228,0.6630051483915473
2022-07-26,0.5401371258786569,-0.4434225419007899,0.7367606765444147
2022-07-27,1.377643585215168,0.8937779137620407,2.176482544343994
2022-07-28,0.7776869145849228,0.2264928320878914,0.8289859175721166
2022-07-29,0.48227476340965647,0.35660959968306427,0.6094451699957718
2022-08-01,1.0245472433079879,-0.6795591033185405,1.4863478182110867
2022-08-02,0.8641905944834679,-0.41718274830986,1.038232039970836
2022-08-03,0.5336815238635865,0.5546721667525767,0.8413427364335847
2022-08-04,0.5446762425185435,-0.019320334099972095,0.545049517828278
2022-08-05,0.6612576007416776,-1.090065038926061,1.8494993898305525
2022-08-08,0.726746970149135,0.4247253099575161,0.9071385590676432
2022-08-09,0.4012094610386753,-0.18418469794683157,0.4351334639964409
2022-08-10,0.47389707136430964,1.7996530856040729,3.71264829988857
2022-08-11,0.550653263689562,0.7069972517831014,1.05049837771842
2022-08-12,0.29240258639645544,0.4915746805140573,0.534048252918953
2022-08-15,0.3088718998365638,-0.5505315098792242,0.6119568432064622
2022-08-16,0.4721879628089288,-0.26149941805677585,0.5405699084529612
2022-08-17,0.5655626897130297,-0.8882819465294399,1.3546075062431604
2022-08-18,0.39735561505226935,0.09369084980309239,0.40613359038909497
2022-08-19,0.2910215254698144,-0.6847600372070207,0.7599178340255748
2022-08-22,0.4412972768048236,-1.2324625954689097,1.960261326034785
2022-08-23,0.810287748199765,-0.10405993114848885,0.8211162174703932
2022-08-24,0.34435207241959404,-0.050982616760460564,0.34695129963133803
2022-08-25,0.5212136278541796,0.37882264900215734,0.6647202272511913
2022-08-26,2.9891775540624597,-0.03108191200475119,2.9901436393163308
2022-08-29,0.9881719995890037,-0.7901715498525985,1.6125430777854612
2022-08-30,1.4799842086106236,0.3101002727545423,1.5761463877730653
2022-08-31,1.1207640321738777,0.4436341827750161,1.317575320300334
2022-09-01,1.376417352640828,-0.4705480674275314,1.5978328364006127
2022-09-02,1.7837398768085508,0.9690112204515571,2.722722622169567
2022-09-06,1.6658169810975418,0.21897227393528462,1.7137658378499312
2022-09-07,0.7744645824225361,-0.08448570470809402,0.7816024167225594
2022-09-08,1.7031803029696853,-0.6076476426698123,2.072415960611865
2022-09-09,0.5008028210303267,0.5950976721265367,0.8549440604007497
2022-09-12,0.49556668748563476,0.588482905480123,0.8418788175279622
2022-09-13,0.7316682175160192,-2.256732112859095,5.824508046725494
2022-09-14,1.425883032388117,0.34536737509257637,1.5451616561664534
2022-09-15,1.2625564911285596,-0.41904802299206,1.4381577367021137
2022-09-16,1.2301126198480516,-1.1528196686924528,2.5591058083722285
2022-09-19,0.8893939778322941,-0.8570143036609734,1.6238674945117972
2022-09-20,0.8018158916365883,-0.9230999904429384,1.6539294839923413
2022-09-21,6.621673038504614,0.5245171558277311,6.896791285262227
2022-09-22,1.676952473358914,-0.034422757774244195,1.6781373996116984
2022-09-23,1.3093082602008883,-1.0611071603262534,2.4352566658965333
2022-09-26,2.003016877246055,-0.2966617140963502,2.09102504985664
2022-09-27,2.214729842012712,1.0104481870435131,3.2357353807122347
2022-09-28,1.4407827927033985,0.2775212820190751,1.5178008546769095
2022-09-29,1.6721843485925412,-1.0090552717026573,2.690376889943465
2022-09-30,1.5779887040705771,-0.2732433662116709,1.6526506412492623
2022-10-03,1.0895855296812649,1.0859644610999042,2.26890434045327
2022-10-04,0.9072496091694291,1.596481651315268,3.456003272155754
2022-10-05,1.465829542336082,-1.2350403500469298,2.991154208580125
2022-10-06,1.5862150156959753,-0.3346987387683038,1.6982382614290685
2022-10-07,1.038197359809429,-1.1426757062782245,2.343905129527868
2022-10-10,1.7038738212499676,0.3108326898171079,1.800490782308906
2022-10-11,1.578395549396381,-0.46772845242404515,1.7971654546033733
2022-10-12,1.3198880201716228,0.12292061680058886,1.33499749820626
2022-10-13,3.639324543773947,-2.1430679463099596,8.232064766275133
2022-10-14,3.4120570025568924,0.6587542155496195,3.846014119061287
2022-10-17,1.2336417749766326,1.7709851983089477,4.370030347606015
2022-10-18,1.8624625494785279,2.234727037054587,6.856467479621301
2022-10-19,1.435305794453734,-0.5918457642613089,1.7855872031277866
2022-10-20,1.5942614485424833,-0.13034673858441526,1.6112517208020771
2022-10-21,1.8079420327182636,-0.35098828691576367,1.931134810270326
2022-10-24,1.9282599883145355,0.3759480866738144,2.0695969521882374
2022-10-25,0.7796395336243356,-0.013327312526672408,0.7798171508835192
2022-10-26,1.2174483000545788,-0.8767266608144075,1.98609793783736
2022-10-27,1.4381431627760546,0.2771265690904898,1.5149422980719207
2022-10-28,0.6462632307905065,0.01296903067031785,0.6464314265470341
2022-10-31,0.8773650905401061,-0.6524715958444587,1.3030842739239208
2022-11-01,0.9657819895622942,1.0098291300662758,1.9855368614927058
2022-11-02,3.8034004211661205,-0.15601314065052474,3.827740521221761
2022-11-03,1.3315688292381038,-0.9124867085406352,2.1642008225014258
2022-11-04,2.9929322810581827,1.601613765855192,5.558098936035033
2022-11-07,0.6734497155868433,0.3580875702655766,0.8016764235655476
2022-11-08,1.276455326422827,0.19719080232506714,1.315339538944431
2022-11-09,1.1686843356585124,-0.5487072363668388,1.4697639668998463
2022-11-10,1.4639234289140177,3.746960946037562,15.50363976004472
2022-11-11,0.8951817605266168,0.16961456696482757,0.9239508618532828
2022-11-14,0.7518047208451465,-0.4779663657813165,0.9802565676633457
2022-11-15,1.9001804440996246,1.5120270764866732,4.186406324128461
2022-11-16,0.5322333171476583,-0.4452186449120703,0.7304529589249984
2022-11-17,0.7098293345880906,-1.2774855928298745,2.3417987744759863
2022-11-18,0.8861501798700182,0.7756571505905672,1.4877941951322962
2022-11-21,0.4232352133072068,-0.18955587815845013,0.459166644251628
2022-11-22,0.2521451841018842,0.4878732282508498,0.49016547094579
2022-11-23,0.622002456745271,-0.08258830831334818,0.6288232854153316
2022-11-25,0.05637509728723231,-0.14670760737442157,0.07789821934875975
2022-11-28,0.3419814327103809,-0.6808899739801018,0.8055925893770046
2022-11-29,0.5947129619326172,0.02773791346260468,0.5954823537758762
2022-11-30,1.4727276760090906,0.11730514648284673,1.4864881734004527
2022-12-01,0.8449477097425458,0.1666362617605852,0.8727153534760881
2022-12-05,0.47640297914825025,-0.7375963576193898,1.020451365921641
2022-12-06,0.6795283599572998,-0.050170537747347144,0.6820454428151578
2022-12-07,0.9465996756445729,-0.22115097252489052,0.9955074282932778
2022-12-08,0.7313790600503406,0.509932220780484,0.9914099298404568
2022-12-09,0.5338815147152846,-0.3286381874609985,0.641884572972935
2022-12-12,0.4206496265369667,0.2183569894785793,0.46832940139111506
2022-12-13,2.9346155392818183,2.790721484831624,10.722741945182644
2022-12-14,3.8272352800508607,-0.09211792983144651,3.8357209930472917
2022-12-15,1.0869325889999142,-1.1382119635578922,2.382459062986227
2022-12-16,1.0454640100828565,-0.6982639658404598,1.5330365760741034
2022-12-19,0.6678538239937114,0.060080417174543044,0.6714634805215786
2022-12-20,0.7082265169857722,-0.20285980452189722,0.7493786172764345
2022-12-21,0.5705328911489468,0.7096405034369077,1.0741225352671346
2022-12-22,0.9725624641463299,-0.8346512661040644,1.6692052001554476
2022-12-23,1.0784639192991525,-0.2788366417380539,1.1562137920749083
2022-12-27,0.5103862399467579,-0.02608836011154253,0.5110668424800674
2022-12-28,0.8386370201677075,-0.02366273727164314,0.8391969453028942
2022-12-29,0.31124598318508334,0.806297334003596,0.9613613740063899
2022-12-30,0.9012355684826459,-0.732921964730794,1.4384101748674931
2023-01-03,1.4677131489179716,0.5033815657282438,1.7211061496329898
2023-01-04,1.519895508791409,0.6256234822585643,1.9113002503447412
2023-01-05,0.9336162394682631,-0.5330160794995012,1.2177223804732817
2023-01-06,1.2595435677871116,0.8580973941375176,1.9958747056127097
2023-01-09,0.5613208903055446,0.5857548449607103,0.9044296287004903
2023-01-10,0.9160778200464506,-0.16505667749459974,0.9433215268320069
2023-01-11,0.33101866854753254,0.42409458025111246,0.5108748815458998
2023-01-12,1.5997721976632664,0.29535664915146476,1.6870077478612477
2023-01-13,0.3749811435801283,-0.837414736255782,1.0762445840784691
2023-01-17,0.3634569298857494,-0.002511457185687793,0.36346323730294494
2023-01-18,0.4769425424847862,0.38870226855658085,0.6280319960658185
2023-01-19,0.5913959918758002,-0.5584214279761237,0.9032304830986932
2023-01-20,0.5857613251074774,0.3850687433516753,0.7340392622139158
2023-01-23,0.6190531678456483,0.08574850209816809,0.6264059734577279
2023-01-24,0.6510027978756933,-0.4277903377324737,0.8340073709329572
2023-01-25,0.6273650499219958,-1.1408502622091776,1.928904370704745
2023-01-26,0.9519983383827029,0.7043393202447663,1.4480922164255623
2023-01-27,0.49200621664564087,-0.27088547860798573,0.5653851591663184
2023-01-30,0.5374150101276391,-0.7224548623342816,1.0593560382380849
2023-01-31,0.4411155372328562,0.14209356994523237,0.4613061198526368
2023-02-01,2.0495796681563614,-0.3102532456185647,2.1458367445732147
2023-02-02,0.8546059717574226,1.0172235960860694,1.8893498161916975
2023-02-03,1.145890324439543,-1.2530984815366921,2.7161461288691067
2023-02-06,0.4128511241165589,-0.5301024770272433,0.6938597602669779
2023-02-07,1.7425528226166973,-0.22969748368148846,1.7953137566263049
2023-02-08,0.8072567499044946,-0.497377170807054,1.054640799944524
2023-02-09,0.7752680334895832,0.9016113083564667,1.588170984845843
2023-02-10,0.5531946072083511,-0.30261012759571315,0.644767496531845
2023-02-13,0.3069667196333623,0.1640899081148517,0.3338922175785028
2023-02-14,1.4200200690818352,-0.6244315212072262,1.8099347937590058
2023-02-15,0.5569444207430854,-0.5589185043654608,0.8693343152652089
2023-02-16,0.4859770828723447,-1.2714151513769474,2.1024735700232107
2023-02-17,0.6369031771575445,-0.5427538465460056,0.9314849150980294
2023-02-21,0.3189406535962432,-0.9152669845159995,1.156654306541254
2023-02-22,0.6370409225489339,0.09764913617400103,0.6465762763444625
2023-02-23,0.5391649057765768,0.7599083155777848,1.116625553860843
2023-02-24,0.6163099648798785,-1.3190019268779807,2.3560760479877043
2023-02-27,0.408894488661785,0.8791459191241716,1.1817920357744696
2023-02-28,0.29418986320693563,-0.10812734780932359,0.30588138655121405
2023-03-01,0.5689348947469589,-0.22233838609213857,0.6183692526770158
2023-03-02,0.4587522195742586,-0.5181965660660599,0.7272799006569151
2023-03-03,0.31927302578642214,0.3786376771782931,0.46263951636539546
2023-03-06,0.25612272564020955,0.2150259192376484,0.30235887158420527
2023-03-07,0.9886124948761906,-0.009860844656467416,0.9887097311335296
2023-03-08,0.5273482927125163,0.03264318995716789,0.528413870563096
2023-03-09,0.8635937034986261,0.19767312104489054,0.902668366282254
2023-03-10,1.9153354722181377,-0.2761763516014355,1.9916088494020174
2023-03-13,3.6801942755157264,-0.9294939871585541,4.544153347679633
2023-03-14,1.1545639738272897,1.3326812784348525,2.930603363718043
2023-03-15,1.6643492468187224,-1.450108651469414,3.7671643478851644
2023-03-16,1.0906098800174,-0.6395849863111933,1.4996788347320893
2023-03-17,1.1883066703679026,-0.38204749530198534,1.3342669590344232
2023-03-20,0.6479898600889865,0.22525446599104715,0.6987294345378984
2023-03-21,0.3740678354548252,0.8899734116394131,1.1661205088799216
2023-03-22,1.9246738992054353,-0.08531289790512542,1.9319521897544056
2023-03-23,1.0820954785595724,0.7647468387919145,1.666933206001799
2023-03-24,1.022158593544905,-0.3975672814743778,1.1802183368438321
2023-03-27,0.44688053064846855,0.607159981858987,0.815523774219474
2023-03-28,0.3045451752581614,-0.191869704837277,0.3413591588925052
2023-03-29,0.19906461958429214,1.018557119636387,1.2365232255462653
2023-03-30,0.19887995272257095,0.6828553176123495,0.6651713375140337
2023-03-31,0.23511774418562745,0.23995059209311176,0.29269403083146234
2023-04-03,0.2557805880015136,-0.12712228260799308,0.27194066273698003
2023-04-04,0.3749414743214993,0.1531343458950961,0.39839160221421827
2023-04-05,0.30475217347182804,-0.19841575963614522,0.34412098714381656
2023-04-06,0.17727389446220534,-0.20629598985396314,0.21983192989203182
2023-04-10,0.2463081462306119,-0.6459231338056629,0.6635248410159402
2023-04-11,0.1300633250923227,0.06588524300800463,0.13440419033854653
2023-04-12,0.5639603793579012,0.5184535830290379,0.8327544971135488
2023-04-13,0.18046457797772172,0.27898087982697817,0.2582949092867566
2023-04-14,0.5526594303184111,-0.17184327900722468,0.582189542858366
2023-04-17,0.17389923197666834,-0.02182756032012817,0.1743756743661972
2023-04-18,0.2884910920331033,0.3929898106637986,0.4429320833186716
2023-04-19,0.1315952999645028,-0.4984838093291261,0.38008140812777935
2023-04-20,0.25359674147665634,-0.7100291151196927,0.7577380857943101
2023-04-21,0.343853317465108,-0.017022192627791755,0.34414307250696563
2023-04-24,0.15780817800365654,-0.05096240640927638,0.16040534487068078
2023-04-25,0.29406060089839353,-0.5078937248530473,0.5520166366434964
2023-04-26,0.2794967196979711,0.15500838918198423,0.30352432041476457
2023-04-27,0.22772849062428555,0.6483338244042629,0.6480652384909431
2023-04-28,0.5051696992965894,-0.12371408072071943,0.520474873065162
2023-05-01,0.21635489760802115,-0.11546292840659261,0.22968658544424708
2023-05-02,0.4121614551925946,-0.1831329987151914,0.44569915041101293
2023-05-03,0.4962827103993096,0.13628344687864002,0.5148558882924327
2023-05-04,0.745932231582417,-0.27737827698708856,0.822870940126743
2023-05-05,0.24375201287453419,0.938402495546112,1.1243512565217049
2023-05-08,0.20022827352982617,0.07024454105760292,0.20516256907821942
2023-05-09,0.16717109794970064,-0.39811871485234673,0.3256696090653848
2023-05-10,0.6840774554514403,0.7600391282491907,1.26173693192123
2023-05-11,0.4573813997098893,-0.23037208772119958,0.5104526985109133
2023-05-12,0.34878908610864223,0.3076714668515805,0.4434508176232454
2023-05-15,0.2355226697811399,0.15535272878899684,0.2596571401233275
2023-05-16,0.3093481080214827,-0.27882636080583667,0.38709224750170934
2023-05-17,0.262133029194906,0.49118061470656693,0.503391425458427
2023-05-18,0.456380169433835,-0.07455930853498471,0.46193925992305007
2023-05-19,0.3733166937848008,0.2263748028648162,0.42456224515688523
2023-05-22,0.37811342636780204,0.009567978230619403,0.3782049725752237
2023-05-23,0.43774232148659076,-0.40916442731299996,0.6051578500649659
2023-05-24,0.3533708566046015,-0.40166448526328563,0.5147052153264217
2023-05-25,0.5344477709280543,0.8912015724268079,1.328688013624069
2023-05-26,0.2757462568676263,0.16860339668322055,0.30417336224074576
2023-05-30,0.37909297215775273,0.48216837976461835,0.61157931860259
2023-05-31,0.2476492152194034,-0.4484139242248024,0.44872426265809023
2023-06-01,0.3294359463071783,0.05978080914031281,0.33300969144864884
2023-06-02,0.3812103528772721,0.6333318988217269,0.7823196469424063
2023-06-05,0.40591827554510224,0.10745313250432115,0.41746445123009346
2023-06-06,0.20891102969508402,-0.10306967776106235,0.21953438816885323
2023-06-07,0.2625092025421402,0.08636915579814741,0.2699688336154249
2023-06-08,0.13173223938025364,0.01640791329031044,0.13200145899879598
2023-06-09,0.2580502555088906,0.19554141782950557,0.2962867015956639
2023-06-12,0.10947187312672652,0.19752358369667278,0.148487439243103
2023-06-13,0.21563687998076556,0.3497850137679872,0.33798643583743654
2023-06-14,0.8175191335281662,0.07784338461305157,0.8235787260561817
2023-06-15,0.3462482070702014,-0.19462871146532668,0.3841285423968548
2023-06-16,0.35000398025073337,0.47026835818478263,0.5711563089605444
2023-06-20,0.23083777518042295,-0.4721527427844513,0.4537659876993032
2023-06-21,0.2844970243096492,-0.2290052805065534,0.3369404428095344
2023-06-22,0.2839717961176943,-0.23474069653469087,0.33907499072728614
2023-06-23,0.17444895887774411,-0.8189102161540719,0.8450629009992529
2023-06-26,0.2542821663161724,-0.13395080528114822,0.27222498455164046
2023-06-27,0.1448123204073919,0.2753962156914458,0.22065539602456122
2023-06-28,0.3571663301974236,-0.2571217326906057,0.4232779156192429
2023-06-29,0.21136602665976909,-0.10544092323891141,0.2224838149532431
2023-06-30,0.21182682885665896,0.7662450515882622,0.7989583079401575
2023-07-03,0.03230870296668438,-0.06321477478494689,0.03630481071779594
2023-07-05,0.10447421490081517,-0.42453350647373167,0.28470291301969713
2023-07-06,0.18824792705936627,-0.838461099953657,0.8912649431948627
2023-07-07,0.23295364353587686,-0.23454098970176918,0.28796311938616226
2023-07-10,0.23066834861761495,-0.08440897931601082,0.23779322440678569
2023-07-11,0.276389673160137,0.17500458472580982,0.30701627783519014
2023-07-12,0.17778427757258167,0.8618816921084971,0.9206243287643878
2023-07-13,0.11002294585381835,0.4250577135683698,0.29069700571778867
2023-07-14,0.17033735187223667,0.1833533103227935,0.20395578827856328
2023-07-17,0.08984148918854891,-0.036733945008390556,0.09119087190442837
2023-07-18,0.1458934012152641,-0.07543078748525267,0.15158320491590943
2023-07-19,0.18660585144702743,0.1979558326658942,0.22579236313347495
2023-07-20,0.2148286343551216,-0.2265225393352095,0.26614109518199314
2023-07-21,0.24372279247528758,0.30251754420807014,0.33523965702896924
2023-07-24,0.22384408543806728,0.2628163209790051,0.2929165040110067
2023-07-25,0.09735328870703204,-0.05947417770752356,0.10089046652101813
2023-07-26,0.45408632619605516,-0.21320285340956593,0.499541782898036
2023-07-27,0.37635156062120967,0.7731381626477936,0.9740941791636157
2023-07-28,0.29025836595353705,0.7485790948787054,0.850629027242959
2023-07-31,0.19774005235584916,0.10718840104010935,0.20922940567338447
2023-08-01,0.1378618642864889,-0.33041537380974056,0.24703618353631948
2023-08-02,0.2693602977839546,-0.7123197201281553,0.776759681467408
2023-08-03,0.29596118249210124,-0.3906513867075884,0.448569688428663
2023-08-04,0.542475582539423,0.4179897284069124,0.7171909955931073
2023-08-07,0.2593049268591333,0.4221158093563918,0.437486683367735
2023-08-08,0.2776756090878313,-0.6030985665575089,0.6414034900715533
2023-08-09,0.32579299234563397,0.060128909458037394,0.3294084780982468
2023-08-10,0.6811840375104792,0.5436636473939206,0.9767541990081404
2023-08-11,0.3492062763900117,-0.4203119908731606,0.5258684460617715
2023-08-14,0.19434994280758425,-0.21115594850574682,0.23893677739694585
2023-08-15,0.32312993135334306,-0.422699765835288,0.5018050233905504
2023-08-16,0.41416607115524506,-0.09487826963394808,0.4231679572039772
2023-08-17,0.3744942214745545,0.352026536296725,0.49841690373162395
2023-08-18,0.39227387003300046,-0.6623664892300294,0.8310032360879152
2023-08-21,0.3103429734880522,0.24025066833649417,0.3680633571241843
2023-08-22,0.37101865836777603,0.42936538454710094,0.5553732918150559
2023-08-23,0.17651024291874903,0.2620084251280467,0.24515865775682827
2023-08-24,0.46655462843504003,0.3648789839971154,0.5996913013978072
2023-08-25,1.0324053521066063,0.41342443699049874,1.2033251172075172
2023-08-28,0.26758072462745447,0.52365349554701,0.5417937080260569
2023-08-29,0.29775483400440217,-0.024870117604212538,0.2983733567540495
2023-08-30,0.3485005153563691,0.08012451601164278,0.3549204534224691
2023-08-31,0.1984795147387834,0.15733719126954654,0.22323450649537327
2023-09-01,0.27522195100134855,0.6308337931131849,0.6731732255349171
2023-09-05,0.15716826081399027,-0.1042407319623544,0.1680343910140377
2023-09-06,0.3084076583750856,-0.2629905573197263,0.37757169161442583
2023-09-07,0.29570653814440717,-0.6960427607717903,0.7801820629672229
2023-09-08,0.24411552046019197,0.013487417917384475,0.24429743090227016
2023-09-11,0.1664806621413521,0.6465853097621392,0.5845532249415537
2023-09-12,0.21064925950091368,-0.3327905212233355,0.32139879051701303
2023-09-13,0.27517517476842973,0.05155113208639496,0.2778326939878187
2023-09-14,0.1438150643691402,0.5628098961128445,0.460570043531691
2023-09-15,0.20139981561922737,-0.34958320355314254,0.32360823182570525
2023-09-18,0.13975858880729328,-0.07447031687338565,0.14530441690251575
2023-09-19,0.19207405139000877,-0.22339995734565954,0.24198159233205127
2023-09-20,0.4240310156354324,0.30460886901324313,0.5168175787169595
2023-09-21,0.3119809894041377,-0.6771400955483413,0.7704996984033545
2023-09-22,0.43839292027646254,0.2547010404089238,0.5032655402618508
2023-09-25,0.5019742155194442,-0.2885063973576054,0.5852101568357088
2023-09-26,0.37052771710668314,-0.7197321073089149,0.8885420233980146
2023-09-27,0.6329729011633493,0.2884218072918854,0.7161600400848667
2023-09-28,0.7820721867187658,-0.19723049506147183,0.820972054900959
2023-09-29,0.7047548408086928,0.7487695324560112,1.2654106535430865
2023-10-02,0.7779131376874852,-0.21077632058386422,0.822339795006357
2023-10-03,0.6158615195745315,-0.49399725011466056,0.859894802695378
2023-10-04,0.7389267601773244,0.21330183798557156,0.7844244342653475
2023-10-05,0.5384878133470906,-0.06127173752804008,0.5422420391667957
2023-10-06,0.7160321825788813,-0.5954295029882313,1.0705684756076934
2023-10-09,0.40783598902433366,-0.45505219454495327,0.6149084887845117
2023-10-10,0.32383115674989515,0.164062217844624,0.350747568073992
2023-10-11,0.31274703790527947,0.25511454997154837,0.3778304715124651
2023-10-12,0.4308753598027483,0.13275452420670986,0.44849912350009824
2023-10-13,0.6655857428206794,0.3475310305209256,0.7863635599956159
2023-10-16,0.37779380854292033,0.5385090033984348,0.6677857552840958
2023-10-17,0.46853581145184653,-0.7572752452686632,1.0420016085485604
2023-10-18,0.7508965867154873,-0.42291386031723566,0.9297527199639136
2023-10-19,1.1641327381387638,0.17186296062308015,1.1936696153728943
2023-10-20,0.7378712893838918,-0.10795901775917116,0.7495264388994168
2023-10-23,0.8016543758513516,-0.37583356746384,0.9429052462839483
2023-10-24,0.4930599295540706,0.5218637740410038,0.7654017282103904
2023-10-25,0.5203306480212272,-0.4259480213998972,0.7017623649557144
2023-10-26,0.9349930305396243,-0.2734702687288362,1.0097790184182462
2023-10-27,0.6317340366261771,0.38213514205347243,0.7777613034184047
2023-10-30,0.4818734150471783,0.6988170118965937,0.9702186311632623
2023-10-31,0.4635667478285971,0.13231388043195152,0.4810737107835579
2023-11-01,0.6105608377734421,0.22937808119139913,0.6631751419044901
2023-11-02,0.257437004560404,0.9254920737503392,1.1139725831351073
2023-11-03,0.2649019252211947,0.5533105971615726,0.5710545421524909
2023-11-06,0.1729630087140314,0.18846327702930032,0.2084814155026542
2023-11-07,0.20722467992560994,0.011433790413093115,0.20735541148882047
2023-11-08,0.24902240207356757,0.15322760934661042,0.27250110233964503
2023-11-09,0.5519870124670262,0.2648881992167642,0.6221527705513263
2023-11-10,0.26156487750841123,0.40026557408016505,0.4217774073021353
2023-11-13,0.1542735378248379,-0.3159556828420368,0.2541015313450157
2023-11-14,0.21367993648437414,1.4232980776106554,2.2394573542145615
2023-11-15,0.19884153530669613,0.3159359382390422,0.29865705237768003
2023-11-16,0.22953119781130674,-0.09788291243127356,0.2391122623573351
2023-11-17,0.10608583358519248,0.004424407030595517,0.10610540896276487
2023-11-20,0.1624354732548831,-0.05549845162764333,0.165515551387949
2023-11-21,0.11525754253335646,-0.2348903407323373,0.17043101470271
2023-11-22,0.3500955768276896,0.3743583606276607,0.49023975899951927
2023-11-24,0.027140709337434076,0.024164105076830818,0.027724613311598197
2023-11-27,0.08704342365442988,-0.1472674541948887,0.10873112671947352
2023-11-28,0.17790053528737165,-0.0792588830269042,0.18418250582604415
2023-11-29,0.20403739767969947,0.4846012457082538,0.43887576502169084
2023-11-30,0.41196096220606715,0.21309545046951306,0.4573706332168718
2023-12-01,0.2780527009529794,-0.12396441854586182,0.29341987801839303
2023-12-04,0.16146195745606248,-0.730177781235924,0.6946215496666794
2023-12-05,0.35750156893656543,-0.3092297486100709,0.45312460636201307
2023-12-06,0.23664879341390793,0.4611383035397376,0.44929732840541514
2023-12-07,0.16513493986993893,0.47822442079245525,0.39383353651221825
2023-12-08,0.3179719385928272,-0.09391772992938607,0.32679247858791627
2023-12-11,0.1209352715097652,-0.10872091852226023,0.13275550963408914
2023-12-12,0.10948893798600969,-0.1148012560295989,0.1226682663719832
2023-12-13,0.5226039021669143,0.09675226105978463,0.531964902187095
2023-12-14,0.3885464845092111,0.4262916241235848,0.5702710333071348
2023-12-15,0.2761667340486985,-0.1903346589672905,0.3123940164528933
2023-12-18,0.09323458182407543,0.34249407773558166,0.2105367751080221
2023-12-19,0.0754064604812516,0.1227877037504096,0.09048328067354995
2023-12-20,0.4588341894792909,-0.12357483043882445,0.4741049281972751
2023-12-21,0.4625836917810556,0.6555809797489001,0.8923701127895833
2023-12-22,0.1982221432813204,0.2809770183527218,0.2771702281237062
2023-12-26,0.07269607805265454,0.1012518472262603,0.0829480146193845
2023-12-27,0.18563233986874964,-0.044169290868014466,0.1875832661245329
2023-12-28,0.09358311540643684,0.08181292611756782,0.10027647028635545
2023-12-29,0.1772806927209794,-0.05037208367721413,0.17981803953496367
2024-01-02,0.24692106248563053,-0.6543582070351498,0.6751057255998865
2024-01-03,0.28941026363379385,-0.44311507009256246,0.4857612289769304
2024-01-04,0.20869580209392802,-0.10245470870025461,0.21919276942878205
2024-01-05,0.44006485680586616,0.03638008940734393,0.4413883677111525
2024-01-08,0.22635778553583794,0.11737553764191055,0.2401348023725655
2024-01-09,0.24962612835443854,-0.5705588721068633,0.5751635548942945
2024-01-10,0.22082286520545977,0.06745734702123485,0.22537335887260307
2024-01-11,0.5800215091624551,0.22010908579862687,0.6284695188135624
2024-01-12,0.27697083539936584,0.3164929918655664,0.37713864929938334
2024-01-16,0.3412725675437862,-0.24995355377972034,0.4037493465908978
2024-01-17,0.2485711521163415,-0.6548657607936993,0.677420316776252
2024-01-18,0.2612142099627235,0.3677306514465224,0.39644004197600724
2024-01-19,0.19430105363260664,0.2472960496384662,0.2554563897993974
2024-01-22,0.22583076844396557,0.3145118384751058,0.3247484649849566
2024-01-23,0.09605248480978959,0.11164310822432144,0.10851666842377714
2024-01-24,0.26732323082462484,0.5368863199354642,0.5555701513584705
2024-01-25,0.25334484381693434,0.337288817717204,0.36710859037400356
2024-01-26,0.1678092818902062,-0.10044626604352555,0.1778987342522929
2024-01-29,0.1641046691922548,0.06766056558127476,0.1686826213270328
2024-01-30,0.08883392122146787,-0.1385026941171191,0.10801691749916813
2024-01-31,0.5568233818779713,-0.47179092143596124,0.7794100554273646
2024-02-01,0.44559350007798637,0.48346045292231954,0.6793275096178407
2024-02-02,0.5025896455450953,0.10814276865665529,0.5142845039578222
2024-02-05,0.29562749214667544,-0.13868449896735124,0.3148608824005007
2024-02-06,0.23027361004761565,0.20079602731746404,0.27059265463409143
2024-02-07,0.17121559762214508,0.4765852444362017,0.39834909283645925
2024-02-08,0.09041531543549922,-0.016055365192498512,0.0906730901869637
2024-02-09,0.0622880865271762,0.10828758372587793,0.07401428731636522
2024-02-12,0.17829392166824504,8.118136409523968e-06,0.17829392173414918
2024-02-13,0.36805182527846136,-1.378791564738967,2.2691180042737904
2024-02-14,0.3354257618254512,0.5359743619095618,0.6226942784498132
2024-02-15,0.2094314151733081,0.15625106507996356,0.2338458105119311
2024-02-16,0.3555824109365545,-0.08975383615108018,0.36363816204038946
2024-02-20,0.39991784741244263,-0.35395448305878635,0.5252016234898553
2024-02-21,0.26312358028996835,-0.23380966403659648,0.31779053928687445
2024-02-22,0.2857862917397467,1.352456436970324,2.1149247056422107
2024-02-23,0.2065261861839273,0.3540646666895202,0.33188797438188833
2024-02-26,0.11979026041737191,0.10234823771989915,0.1302654221817409
2024-02-27,0.10041515338607991,0.1145597432255554,0.1135390881539851
2024-02-28,0.11864216649976057,-0.30230805096911684,0.2100323241805067
2024-02-29,0.273038128023038,0.40215166114497275,0.434764086584699
2024-03-01,0.15679136291756243,0.17699085145993199,0.18811712441807416
2024-03-04,0.09904309824014362,-0.15025994053307215,0.121621147969146
2024-03-05,0.3065173117360028,-0.3950388536206726,0.46257300760593795
2024-03-06,0.5534163442549562,0.6505036367246009,0.9765713256468878
2024-03-07,0.16371297468909576,0.5751474596735885,0.49450757505807785
2024-03-08,0.5612039597248843,0.11835480649603991,0.5752118199455994
2024-03-11,0.31858040417044403,-0.236733962679006,0.37462337325614903
2024-03-12,0.49039526078735757,0.41771630248053726,0.6648821701453693
2024-03-13,0.167332152720282,0.059963859324652535,0.17092781714538874
2024-03-14,0.4951754912177246,0.19555079593426855,0.5334156050082506
2024-03-15,0.25366413344327543,-0.5165507506113022,0.5204888114003752
2024-03-18,0.19106974960442544,0.8126520525394969,0.8514731081010827
2024-03-19,0.14202315267900803,-0.14823218829901952,0.163995934326924
2024-03-20,0.6433885404777332,0.0231626542742992,0.6439250490307639
2024-03-21,0.1519209281446208,0.5765126580197811,0.48428777300165393
2024-03-22,0.13998436704726575,-0.028754996190077486,0.14081121685315712
2024-03-25,0.06598336223886518,-0.27859183575795465,0.14359677318985237
2024-03-26,0.06539850721710574,0.30747880925066207,0.15994172535531076
2024-03-27,0.1826163195120294,0.5574229412439544,0.49333665493709045
2024-03-28,0.09929762180286025,-0.0038153876421701677,0.09931217898572028
2024-04-01,0.2056142693110841,0.13370739355758898,0.22349193640304807
2024-04-02,0.15022750304363902,-0.7554766527295219,0.7209724758630416
2024-04-03,0.3159148426301363,-0.20648453858674465,0.35855070730551714
2024-04-04,0.7121651811780065,0.7920696356632817,1.3395394889177703
2024-04-05,0.5331467246454585,0.2763372732629239,0.6095090132398464
2024-04-08,0.16840372232088222,0.14843634299046055,0.19043707024126386
2024-04-09,0.5717356260649052,0.34642186600824965,0.6917437353135429
2024-04-10,0.8688444998924343,-1.1795959514641692,2.260291108603093
2024-04-11,0.36600538925437637,0.2933264110479522,0.45204577267264856
2024-04-12,0.47761817537719453,-0.6973798923030042,0.9639568895657443
2024-04-15,0.787374663635521,0.8244315963778925,1.4670621207417214
2024-04-16,1.055490610760097,0.10304735152445671,1.066109367416302
2024-04-17,0.909440163677983,0.5072046211801204,1.1666966914244523
2024-04-18,0.6864945599989435,0.28927326103338324,0.7701735795478314
2024-04-19,0.695157185175461,-0.0038998787132489277,0.695172394229439
2024-04-22,0.41988336197041554,0.5557875549860128,0.7287831682477458
2024-04-23,0.25144025500313866,0.41334780855539277,0.42229666584068426
2024-04-24,0.37178880994476765,0.1244959504353276,0.3872880516195632
2024-04-25,0.4683977923307722,-1.2303918393113549,1.9822618705747512
2024-04-26,0.25603186777625603,0.5703795108262785,0.5813646541466808
2024-04-29,0.33059552661462815,0.36135702393422475,0.46117442536122805
2024-04-30,0.5277367030196248,-0.30448482090298734,0.6204477091799491
2024-05-01,1.1869738415225053,-0.10359888309615706,1.1977065701012766
2024-05-02,0.6125364950107887,0.7605526917512111,1.1909768919408013
2024-05-03,0.39767575677422845,1.2201795709627492,1.886513942169067
2024-05-06,0.08636148239532444,0.4468992532566527,0.28608042495667824
2024-05-07,0.13197173386828304,0.17987181139761196,0.1643256024037411
2024-05-08,0.08086031736145856,-0.3642119739069757,0.21351067929867412
2024-05-09,0.11393286722211908,0.04442142376501457,0.11590613011143008
2024-05-10,0.18387990396381285,0.2304269922326004,0.23697650271317572
2024-05-13,0.08974783704702452,0.32969798424345403,0.19844859786122138
2024-05-14,0.19326851030084,0.041251084415067585,0.19497016226625902
2024-05-15,0.11560775955792918,0.4841986429541024,0.35005608539652355
2024-05-16,0.23789260128125345,0.02455919171811624,0.23849575517910063
2024-05-17,0.1012780000017041,0.026455408489195087,0.10197788864003428
2024-05-20,0.09080799985373046,0.037756208194789545,0.09223353111097876
2024-05-21,0.06662528068682433,-0.13972901457921527,0.08614947820210288
2024-05-22,0.25034486908587095,-0.13181823017264804,0.2677209148917202
2024-05-23,0.4292402958919144,0.5139667772338137,0.693402143992027
2024-05-24,0.22740513857789407,0.3473526329173652,0.3480589901725199
2024-05-28,0.2050501839675543,0.14721937505088203,0.2267237283579266
2024-05-29,0.17834206134672254,-0.7350194229611351,0.7185956134768425
2024-05-30,0.23286647119370865,-0.3379676787535853,0.3470886230757953
2024-05-31,0.503411717247725,0.19114284193255815,0.5399473032697799
2024-06-03,0.4282972075462308,0.31997310837065207,0.5306799976266079
2024-06-04,0.4242012702756248,-0.24662207320948587,0.48502371726976984
2024-06-05,0.18841546125534814,0.4531517647553046,0.39376198315619504
2024-06-06,0.1415711247168582,0.04113978954780351,0.14326360700089577
2024-06-07,0.3700873527104268,-0.17786503943639692,0.4017233249641378
2024-06-10,0.12545248104226447,-0.15553679377428326,0.14964417525984838
2024-06-11,0.22490318914375199,-0.28981271072337833,0.30889459644058453
2024-06-12,0.43097553248607784,0.8724159277126684,1.1920850834128338
2024-06-13,0.24717445462975635,0.33748226277771226,0.3610687323193212
2024-06-14,0.23702514569573435,-0.28246188817087675,0.3168098639647912
2024-06-17,0.19636517925656302,-0.1199125816474439,0.21074420649391792
2024-06-18,0.11500640035751651,0.01278511910573743,0.1151698596280644
2024-06-20,0.4284956728363909,0.18220121369845838,0.4616929551095822
2024-06-21,0.22384883921108722,-0.11945168259388854,0.23811754368559832
2024-06-24,0.3733502639633289,-0.012798358559576617,0.37351406194514836
2024-06-25,0.14664143146939843,0.23739592505603477,0.2029982567026089
2024-06-26,0.20075734539750237,-0.21129870817301305,0.2454044894730865
2024-06-27,0.21458932180907195,0.027478728166841077,0.2153444023107391
2024-06-28,0.3888182131168842,0.16837560448206734,0.41716855730158575
2024-07-01,0.4386764095911364,0.25325701124259015,0.5028155233346658
2024-07-02,0.14937697191328683,-0.29388853489354383,0.23574744285516055
2024-07-03,0.07630976140849385,-0.05922951855646652,0.07981789727692466
2024-07-05,0.10905891228766516,0.04539737366138208,0.11111983382301631
2024-07-08,0.06645659268484792,0.13331693175678946,0.08422999697789238
2024-07-09,0.09590501221645259,0.17094120897097195,0.1251259091409101
2024-07-10,0.08800879949570807,0.23532563422455155,0.1433869536188955
2024-07-11,0.40700452695108763,0.03216058879604389,0.4080388304227959
2024-07-12,0.254027278874019,0.2225149165832891,0.3035401669760871
2024-07-15,0.332276949848989,0.37077215322289203,0.46974893945452867
2024-07-16,0.21331327317222668,0.24012259957141452,0.2709721359971606
2024-07-17,0.265849654666354,-0.9963550138015594,1.2585729681938598
2024-07-18,0.8321512828891572,0.2815084252924629,0.9113982763997993
2024-07-19,0.5492232246237589,-0.03615545430478251,0.5505304414997442
2024-07-22,0.47773357029247066,0.7277670172337105,1.0073784016657226
2024-07-23,0.2635853541726308,-0.010793673563316536,0.26370185756162223
2024-07-24,0.36366223991602104,-0.8887342947639343,1.1535108866055688
2024-07-25,0.9626385516268989,0.03516610601718573,0.9638752066393109
2024-07-26,0.8667133678261117,0.7272423722039205,1.3955948357548973
2024-07-29,0.484189163692732,0.2897840422449024,0.5681639548325274
2024-07-30,0.5813635481265796,0.29157701339236186,0.6663807028653892
2024-07-31,0.5898069429609272,1.350445383164152,2.4135096758703005
2024-08-01,0.9210710360727803,0.31348868171593436,1.0193461896367746
2024-08-02,1.4215490477188277,-1.362896970724107,3.279037200527775
2024-08-05,3.919907578101976,-4.077040940993554,20.542170412639585
2024-08-06,1.4886534755371752,0.34734436908532673,1.609301586272459
2024-08-07,1.4444984259785347,1.2078720403690175,2.903453291883748
2024-08-08,1.0288948384222076,1.0108902583346906,2.050793952818185
2024-08-09,0.765750455861573,-0.1622766817729293,0.7920841773088055
2024-08-12,0.8512926985018475,0.23052417328944802,0.904434092972631
2024-08-13,0.25468426606820005,0.6149919218155533,0.6328993299665877
2024-08-14,0.4754889584828535,0.1437981848242085,0.49616687644159074
2024-08-15,0.17200903427636266,1.0523178839297547,1.2793819631147594
2024-08-16,0.15935213974247575,-0.28976606126827975,0.24331651000540822
2024-08-19,0.22941631968378046,0.08466697855618222,0.23658481694161348
2024-08-20,0.23600227040447816,-0.06790124926574237,0.24061285005632663
2024-08-21,0.4142822190412481,0.1770605070770119,0.4456326422076167
2024-08-22,0.5360921974424034,0.34724864719567283,0.6566738204216283
2024-08-23,0.8381658553441264,0.6004332949986955,1.1986859970871169
2024-08-26,0.2360939502002253,0.19732639142327713,0.2750316549523577
2024-08-27,0.171978378802424,-0.22706820707804526,0.22353834946806206
2024-08-28,0.4698772227427257,-0.06772283479680274,0.47446360509564073
2024-08-29,0.49382668438537414,0.27191030877827926,0.5677619004052733
2024-08-30,0.37854583771302414,0.4520079506222645,0.5828570251387637
2024-09-03,0.5403158124423793,-0.5819732619573594,0.8790086900756686
2024-09-04,0.4709880227758036,-0.30297419486696436,0.5627813855310889
2024-09-05,0.6826969037128899,0.07077170460146537,0.687705537885087
2024-09-06,0.9577776662297853,0.0489391938812489,0.9601727109275318
2024-09-09,0.40912914087873836,0.788945553931788,1.0315642279474742
2024-09-10,0.5027815338738274,0.3507750918101734,0.625824698908263
2024-09-11,0.8327415700754944,-0.042032082720500075,0.8345082660533174
2024-09-12,0.5295890080857963,0.028730019975237164,0.5304144221335738
2024-09-13,0.24598404105964497,0.11973629464104818,0.26032082131401285
2024-09-16,0.28783965792263255,-0.04982128176827133,0.29032181803966606
2024-09-17,0.39638864765107834,0.39362176573306595,0.551326742109895
2024-09-18,1.2913353859392585,0.1296043800909698,1.308132681278023
2024-09-19,0.38035424248621863,1.7078122034866106,3.2969767648640107
2024-09-20,0.22348925662550867,-0.21878327259295616,0.2713553769919924
2024-09-23,0.1608605970539524,0.2004251393558457,0.20103083353976256
2024-09-24,0.16939067337951408,0.15258597716960495,0.1926731538083173
2024-09-25,0.10533902872500694,-0.02099747316983916,0.10577992260452505
2024-09-26,0.213875729235907,0.7672059401890596,0.802480683897286
2024-09-27,0.15329370597145967,0.20079723772085456,0.19361323664778504
2024-09-30,0.2882066507999762,-0.21343805228757995,0.3337624529642919
2024-10-01,0.8223343842494414,-0.07507191747346198,0.8279701770425837
2024-10-02,0.5025461859000345,-0.15839571621028722,0.5276353888138043
2024-10-03,0.6072400803925333,-0.2570097702421195,0.6732941023924404
2024-10-04,0.501757507181459,0.8051050003113172,1.149951568707745
2024-10-07,0.23142141636581534,-0.2954003777529113,0.318682799542378
2024-10-08,0.1633898259442723,0.4708376224059964,0.38507789261720393
2024-10-09,0.14756585568503933,0.001717828711191638,0.14756880662052033
2024-10-10,0.1731254077761571,-0.23331278073922407,0.22756026143242633
2024-10-11,0.1607136826028656,-0.008715984606177951,0.16078965099052073
2024-10-14,0.12728368281222052,0.28939696723301434,0.2110342874558869
2024-10-15,0.22512991280099265,0.04103274439478388,0.22681359891356032
2024-10-16,0.13715471614491073,0.01030734988659171,0.13726095760659535
2024-10-17,0.2724215551960497,0.6300579415268911,0.6693945648771531
2024-10-18,0.1738759431234012,0.2983336540005528,0.26287891223272275
2024-10-21,0.16574144663350882,-0.1335136164367304,0.18356733240752318
2024-10-22,0.11038746169602737,-0.44304376617076646,0.3066752404388041
2024-10-23,0.3021006172385594,-0.29866983230574806,0.39130428596810307
2024-10-24,0.28971163668906785,0.3540644878396241,0.41507329823820316
2024-10-25,0.3589922381985489,0.39544114434851807,0.5153659368422144
2024-10-28,0.16756029249591722,0.6198260028530619,0.5517445663087212
2024-10-29,0.26982128046095016,-0.15769749311391212,0.29468977979536254
2024-10-30,0.2186358772618928,-0.07393166088193245,0.22410176774265386
2024-10-31,0.5698262624398023,-0.7578824895294807,1.1442121303752057
2024-11-01,0.4891784555228449,0.4737056255395821,0.7135754751906918
2024-11-04,0.3305782043444038,0.029761130640214045,0.33146392924138773
2024-11-05,0.30505815561130256,0.16654908322352124,0.33279675273389797
2024-11-06,0.34632056301911374,2.1443651083344353,4.944622280861267
2024-11-07,0.1439310866197654,0.40182487993591254,0.30539432075527595
2024-11-08,0.09207889932133351,0.08562305332417824,0.09941020658188858
2024-11-11,0.11818978156534932,0.30713401706543253,0.21252108600409872
2024-11-12,0.19108603347020622,-0.008333055585550309,0.1911554732855981
2024-11-13,0.2441546131321518,0.08205108434935843,0.25088699357505734
2024-11-14,0.45437221036830844,0.018402539006584395,0.4547108638101973
2024-11-15,0.2991307802226833,-0.608526804631675,0.66943565217792
2024-11-18,0.25187522862161826,0.08019230083755746,0.2583060337352396
2024-11-19,0.20097789470564217,-0.583210470401958,0.5411123474921152
2024-11-20,0.5001862096808712,0.016927713951431726,0.5004727571804928
2024-11-21,0.9287535680984313,0.5000293953498556,1.1787829643123735
2024-11-22,0.35372966317846616,0.0016763456837501356,0.3537324733133176
2024-11-25,0.27170170044846936,0.6845046086585667,0.7402482597232869
2024-11-26,0.14496017418782603,0.1973193384207062,0.1838950955026112
2024-11-27,0.13330338282277804,-0.02494667693920133,0.1339257195130869
2024-11-29,0.05480889787264295,0.14017710470191297,0.07445851855525402
2024-12-02,0.07785191790046135,0.06304709700204612,0.08182685434084676
2024-12-03,0.06818963168690767,-0.02982180269699254,0.06907897160300602
2024-12-04,0.0640197315924135,0.29755966399653216,0.15256148523014262
2024-12-05,0.09749859687326816,0.00824516241426232,0.09756657957650572
2024-12-06,0.09688976303551551,0.11531977384782913,0.11018841327582997
2024-12-09,0.09565369304445484,-0.011467030278354162,0.09578518582785953
2024-12-10,0.1307349474096396,0.10242752927964927,0.141226346163973
2024-12-11,0.05295718257725106,0.4865584358488852,0.28969629407296477
2024-12-12,0.12047770897652123,-0.15157649805414447,0.1434531437388793
2024-12-13,0.1891967588051005,0.3336689049980988,0.3005316969677308
2024-12-16,0.07455986576628454,0.29911503366297376,0.16402966912948647
2024-12-17,0.13774264719216012,-0.4211329191754702,0.3150955828054132
2024-12-18,2.0269765556363195,-0.05472486398744714,2.029971366374764
2024-12-19,1.0424693741194624,0.8593402824150576,1.7809350951006533
2024-12-20,1.1841919926069697,-0.3582328083700028,1.312522737599629
2024-12-23,0.3589783151687619,-0.05911720619471894,0.36247315923703083
2024-12-24,0.14834655837600225,0.2750064458434265,0.2239751036314357
2024-12-26,0.30053660489826384,-0.28150774965520386,0.3797832180142008
2024-12-27,0.728539771085398,-0.6305598260815558,1.1261454653534
2024-12-30,0.6282786918834634,-1.210638683935527,2.0939247149246083
2024-12-31,0.7895144704211658,0.2997102555723249,0.8793407077163942
2025-01-02,1.533916902854766,0.5853407053199154,1.8765406441591819
2025-01-03,0.36527684165375124,0.50830728830317,0.6236531409958732
2025-01-06,0.2706840371110048,0.7204306965245973,0.7897044256059214
2025-01-07,0.82334727185521,0.3301141122276692,0.9323225989470721
2025-01-08,0.8957642373134728,0.02376871713521067,0.8963291892277264
2025-01-10,1.0633583975990115,-0.6211601084012659,1.4491982778680839
2025-01-13,0.6695632509591694,-0.8422278924072685,1.3789110737079588
2025-01-14,0.750979588156477,0.5095458491498432,1.0106165605423119
2025-01-15,0.30932721783437406,1.3910110708312438,2.2442390170094577
2025-01-16,0.3545255126683443,0.22491360352085416,0.4051116417170803
2025-01-17,0.18279746161706542,0.9001914104132466,0.9931420369988556
2025-01-21,0.2709586556462166,0.5356644920454887,0.5578951036845681
2025-01-22,0.06748879248621414,0.4912630722063623,0.30882819859984767
2025-01-23,0.09579630933493678,-0.10558805222744216,0.10694514610812184
2025-01-24,0.12006670336984397,0.014789851521182062,0.12028544307786258
2025-01-27,0.7835489675352907,-2.1950244936097096,5.601681495081853
2025-01-28,0.36374359621114244,0.21329887189753516,0.40924000496390356
2025-01-29,0.6765917143369974,-0.1307573081889986,0.6936891879818301
2025-01-30,0.7240276918754205,0.3681941516120419,0.8595946251567318
2025-01-31,0.5690193416016366,0.4090880247371069,0.7363723535849445
2025-02-03,1.2251449354209023,-1.4715115215792065,3.3904910935612538
2025-02-04,0.2500416943692249,0.014196708053815121,0.2502432408887902
2025-02-05,0.22814610251646225,-0.1780423613640475,0.25984518495654835
2025-02-06,0.22146315017013374,0.2892055424828117,0.30510299597291113
2025-02-07,1.0915346157600685,0.09396243575118013,1.1003635550923632
2025-02-10,0.09435458802045944,0.5511104516324092,0.3980773179189375
2025-02-11,0.12779230413165438,-0.3644733238801978,0.26063310795193395
2025-02-12,0.37140704402218405,-1.0145245214851353,1.400667048716827
2025-02-13,0.22669557488804354,0.19201601342266805,0.2635657242987778
2025-02-14,0.09650209272460883,0.03443750820477263,0.09768803469596261
2025-02-18,0.19112800224407783,0.21132690230533951,0.23578706188204834
2025-02-19,0.11824782746129449,-0.22594611779373386,0.16929947560735434
2025-02-20,0.2544934487490685,-0.22869269571811898,0.30679379782388866
2025-02-21,0.32421077456754743,-0.04605480851666455,0.32633181995505406
2025-02-24,0.5772782888492591,0.349463875523388,0.6994032891450852
2025-02-25,0.9017471314779498,-0.005009560081528142,0.9017722271701603
2025-02-26,0.5161197275935214,0.3025111453417797,0.6076327206495168
2025-02-27,1.197108725755288,0.3894772590454276,1.3488012610688271
2025-02-28,1.64371438379003,0.10565430047114788,1.6548772149980777
2025-03-03,1.4889870405374859,0.3017787796573099,1.5800574723889411
2025-03-04,1.787568914636685,-0.7479511389901186,2.3469998209533007
2025-03-05,1.741145379053731,-0.024342885765427535,1.7417379551411196
2025-03-06,1.8182552634150446,-1.327765877772956,3.581217489593233
2025-03-07,2.5447976967221635,-0.306117316599527,2.6385055082442586
2025-03-10,1.644987587329538,-1.487256576939827,3.85691971298031
2025-03-11,2.872828940991417,-0.1841493020883902,2.906739906451058
2025-03-12,1.1581885835534391,1.1090399722898696,2.388158243690154
2025-03-13,1.3133702685398234,-0.08614665756129547,1.3207915151488065
2025-03-14,0.6430835142949441,0.8504928957699083,1.3664216800500282
2025-03-17,0.6895908090468879,0.01936015406408509,0.689965624612273
2025-03-18,0.6737542149639822,-0.4223440565064237,0.8521287170302835
2025-03-19,0.8470586445033631,0.3415067512873695,0.9636855056782163
2025-03-20,0.8266595718406942,-0.7076578163191044,1.3274391568382176
2025-03-21,0.5839741104694481,-0.8411763758215235,1.291551805709681
2025-03-24,0.24424498278236897,1.212448315350372,1.714275900178324
2025-03-25,0.14989035983577642,0.23141433627671595,0.2034429548701694
2025-03-26,0.3815994337449225,-0.07506602505743332,0.3872343418628457
2025-03-27,0.7359183844195313,-0.2377066733228831,0.7924228469617631
2025-03-28,0.6176161369918516,-0.3024934870797278,0.709118446717505
2025-03-31,1.4860366295640186,-0.9581948034375127,2.404173910898672
2025-04-01,0.9427233390284699,-0.3562879726268934,1.0696644584670518
2025-04-02,1.1856868565193432,-1.0857208501691116,2.3644766210112818
2025-04-03,1.3707495448298168,-3.673829036743852,14.867769336052076
2025-04-04,8.494573992225986,-2.5032633704871214,14.760901494248529
2025-04-07,45.14579516498878,-3.267894978785783,55.82493275736212
2025-04-08,8.35846964212182,3.354579014770585,19.611670008461008
2025-04-09,20.572312224829393,0.4449573702445857,20.77029928616437
2025-04-10,11.683708480631616,-3.0690960521963624,21.103059058238912
2025-04-11,3.6097666833370985,-0.3053525623049733,3.703006870643311
2025-04-14,1.8871954311465473,1.9017413739633329,5.503815684590492
2025-04-15,1.1187939499632475,0.0805825886642001,1.1252875035590713
2025-04-16,1.8038199236704613,-1.120562286048263,3.0594797605841704
2025-04-17,1.2601726540322273,0.37975127741891584,1.4043836867335258
2025-04-21,0.7807680820024698,-1.0198483870484965,1.8208588145678897
2025-04-22,1.2645091496538545,1.2639637302217512,2.8621134609699386
2025-04-23,1.7681336143109543,2.4764864067642476,7.901118537199048
2025-04-24,0.6181175782848696,0.2708573638270855,0.6914812898242277
2025-04-25,0.8613037711220334,0.01266316079431773,0.8614641267633362
2025-04-28,0.8074542780349803,0.11976463258735671,0.8217978452537648
2025-04-29,0.7469340924860366,-0.32032110434168704,0.8495397023727146
2025-04-30,1.3540840714797318,-1.1909099660741762,2.772350618774527
2025-05-01,0.9800704832594026,1.0476172517506448,2.0775723894249767
2025-05-02,0.4911175060589478,1.1411576877547365,1.7933583743806842
2025-05-05,0.27011211658228623,-0.7455857064441888,0.8260101622361662
2025-05-06,0.9650747143318473,-0.995160964744878,1.9554200600838036
2025-05-07,1.6961858786442672,0.1448833047405419,1.7171770506368078
2025-05-08,0.7582718479961611,0.7527801180353401,1.3249497541054616
2025-05-09,0.41253949341809776,0.26159863080931667,0.4809733370594069
2025-05-12,0.6024065018770268,3.0176874497895168,9.708844046494184
2025-05-13,0.26937351523408404,0.07370945632694736,0.2748065991860982
2025-05-14,0.3651703502681945,0.17197354578633847,0.39474525071852035
2025-05-15,0.3423383619844709,-0.3359241639916457,0.4551834059379569
2025-05-16,0.20204805771619933,0.1168759100527671,0.21570803606686184
2025-05-19,0.23697554205345434,-0.8941042516748046,1.0363979549164166
2025-05-20,0.31315773121489177,-0.29293031834207484,0.3989659026188811
2025-05-21,1.0767406277122051,-0.7655204388766447,1.6627621700500959
2025-05-22,0.5009023209423228,-1.4234528625464704e-06,0.500902320944349
2025-05-23,0.5155700348662641,-1.1764680845938578,1.8996471889342046
2025-05-27,0.168491390577688,1.2115902576074618,1.6364423429070034
2025-05-28,0.3184114005387113,0.07273866886195546,0.32370231448652054
2025-05-29,0.7464130675703948,0.9129603410168398,1.5799096518399791
2025-05-30,0.6380943032943172,-0.2018721379679635,0.6788466633820737
2025-06-02,0.4554039697514862,-0.2617482337323722,0.5239161076135028
2025-06-03,0.1410851359230529,-0.06579233642996873,0.1454137674559671
2025-06-04,0.1522002939989559,0.15255605566629052,0.17547364411941224
2025-06-05,0.8066777819041802,0.2932879625388326,0.8926956108743598
2025-06-06,0.30482275493378896,0.9264700989487217,1.163169599179843
2025-06-09,0.12739068287336244,0.11508356215019361,0.14063490915053992
2025-06-10,0.1611084688465925,0.09829388821747864,0.17077015730750267
2025-06-11,0.4080551923971815,0.1755781078346711,0.4388828643479849
2025-06-12,0.21103045884325006,-0.21314004872532144,0.25645913921388247
2025-06-13,0.4820452503887064,-0.8633248523792401,1.2273750511243429
2025-06-16,0.16267169672442916,0.6578039054357155,0.595377674730909
2025-06-17,0.2552201876510061,-0.36407007418306003,0.38776720656666497
2025-06-18,0.4931156210043084,0.14883213750076643,0.5152666261573554
2025-06-20,0.4521098151397421,0.464099204149962,0.6674978864323702
2025-06-23,0.511942844521925,0.13280164651656134,0.5295791218394347
2025-06-24,0.11337779045331846,0.6973755985913395,0.5997105159639474
2025-06-25,0.10508567083469553,0.1926470539493129,0.142198558230045
2025-06-26,0.09209004318766498,0.305900041670285,0.18566487868154707
2025-06-27,0.2166660657249534,0.17468811987882626,0.24718200495175258
2025-06-30,0.18200045531025552,0.3927882176382542,0.3362830392256921
2025-07-01,0.24242039082423172,-0.2268766405900889,0.2938934008696761
2025-07-02,0.07584293968262923,-0.05351794488394712,0.07870711010723043
2025-07-03,0.07401053464351327,0.30265018536028354,0.16560766934212726
2025-07-07,0.23564084649953124,-0.33326091124511525,0.3467036814634558
2025-07-08,0.20597043234665216,0.06927079218585702,0.21076887499670835
2025-07-09,0.13960455025546592,0.4021743535656931,0.301348760921449
2025-07-10,0.07223646988309461,0.020832412991749205,0.0726704593141534
2025-07-11,0.13916930033344205,-0.49176484967879364,0.38100196771304856
2025-07-14,0.14981236232947243,-0.09468058358939213,0.1587767752383003
2025-07-15,0.20831479905983027,0.4376214321973857,0.3998273169783213
2025-07-16,0.6658478206370206,0.2632529321430844,0.735149926918952
2025-07-17,0.10087180575055923,0.03839619624998214,0.10234607363702637
2025-07-18,0.08625972359249608,0.19881259324759398,0.1257861708263293
2025-07-21,0.07136030216214362,0.1958148196332958,0.10970374575016378
2025-07-22,0.20443385717280196,0.057234717112985854,0.20770967001580548
2025-07-23,0.12970475299018241,0.34680554628080196,0.24997883992130787
2025-07-24,0.09385403542778517,0.05674300651849368,0.09707380421654299
2025-07-25,0.0378772458729668,0.11654556382449272,0.051460114320135704
2025-07-28,0.05972484843410521,0.0674652723430693,0.06427641140642971
2025-07-29,0.12202765358413216,0.2274356289820153,0.17375461891457708
2025-07-30,0.3407333591184495,0.09752904492265271,0.3502452737219743
2025-07-31,0.47312568670975164,0.8016105599813941,1.1157051765834358
2025-08-01,0.6256679228295562,-0.9170470017045129,1.4666431261647932
2025-08-04,0.17721070304098835,0.6507533851378536,0.600690671309364
2025-08-05,0.24080655541160445,0.09021249319880198,0.24894484934074834
2025-08-06,0.27275200700303864,0.18922017501370203,0.30855628163525467
2025-08-07,0.4214517782990719,0.53897847008013,0.7119495695089895
2025-08-08,0.14888775169551538,0.29528812506610563,0.23608282850057144
2025-08-11,0.18721117667574808,0.05966347309768211,0.19077090669782593
2025-08-12,0.2043041295560794,0.38132400842746084,0.3497121289592656
2025-08-13,0.13968478175670127,0.34637362977022895,0.2596594731569049
2025-08-14,0.16188836461746245,-0.3572901324942003,0.2895446033951856
2025-08-15,0.19814409170301062,0.1580182237990198,0.22311385075560772
2025-08-18,0.11939063993442699,-0.08709113291371973,0.1269755053666222
2025-08-19,0.2529684785215807,-0.03882338090601156,0.254475733426554
2025-08-20,0.45462555432860946,-0.1157055085805638,0.4680133190444964
2025-08-21,0.38977224222223333,-0.2934777461487963,0.47590142970681065
2025-08-22,0.7347164459041922,0.3579730549219484,0.8628611539543445
2025-08-25,0.06939052426724143,-0.2001102572334796,0.1094346393172908
2025-08-26,0.12932800897805374,-0.037387640269311184,0.13072584462296116
2025-08-27,0.08317567016386235,-0.09926063783025646,0.09302834438633169
2025-08-28,0.12623685314937216,0.10353899203812922,0.13695717602164395
2025-08-29,0.22023296907415085,-0.21439787661937948,0.2661994185730495
2025-09-02,0.30413696238780036,-1.1867277647746954,1.7124597500749452
2025-09-03,0.21251506746250526,0.3803241320816913,0.357161512906197
2025-09-04,0.1208501445123615,0.12561086165628188,0.13662823307839508
2025-09-05,0.45562123281310385,0.3660001981549289,0.589577377862551
2025-09-08,0.12049466833041507,0.21761417848198286,0.16785059900680335
2025-09-09,0.10911313645695633,0.02003359438011687,0.10951448136074339
2025-09-10,0.15968553876823566,0.5023261312401494,0.4120170808949314
2025-09-11,0.10637189385378089,0.31377918764579293,0.20482927245343463
2025-09-12,0.09078205943165904,-0.0030559522972451528,0.09079139827610208
2025-09-15,0.0747786156229904,0.34772527902103867,0.1956914852932496
2025-09-16,0.05799791073019863,0.09529879573057981,0.0670797711978974
2025-09-17,0.9325235652212465,0.0015184735278613581,0.9325258709831012
2025-09-18,0.20551379572397727,0.40574944477279473,0.37014640765740847
2025-09-19,0.10658600504144426,0.29950456016794685,0.19628898660283955
2025-09-22,0.05499514405914042,-0.21726387854341145,0.10219873697886667
2025-09-23,0.13500354581365176,-0.02403917932543509,0.1355814279562922
2025-09-24,0.14643926324413592,0.20642257387852847,0.18904954225077247
2025-09-25,0.4453601852062954,-0.4639493533763284,0.6606091877046086
2025-09-26,0.3495565750890903,0.17455872066545325,0.38002732204945006
2025-09-29,0.12160524837891581,0.39510449373594525,0.2777128093492534
2025-09-30,0.2289605160884179,-0.0995670769075212,0.23887411889232613
2025-10-01,0.21818400877855745,-0.4603318244498281,0.43008939737986485
2025-10-02,0.11848482969127884,0.3092143919806565,0.2140983698992459
2025-10-03,0.24058986214054737,0.11648318818090304,0.25415819526933503
2025-10-06,0.07929497147738714,0.3639452727515203,0.21175113303556564
2025-10-07,0.20196905202354853,0.1368826778824611,0.22070591952782215
2025-10-08,0.07778670317424702,0.17913724773849493,0.10987685670156994
2025-10-09,0.15520517632990805,0.05790980712179772,0.15855872209079186
2025-10-10,1.8243698498132597,0.1306415490949986,1.8414370641632005
2025-10-13,0.2807454301229856,1.1601485186248381,1.626690015390392
2025-10-14,0.6575674071955744,-0.8847395300264188,1.4403314431869427
2025-10-15,0.6014116655108218,0.704248297075268,1.0973773294442368
2025-10-16,0.9671710181204899,0.24322026472803004,1.026327115294863
2025-10-17,0.8408802016384684,-0.16216982593066032,0.8671792540808491
2025-10-20,0.15844371036116123,0.4459875658940179,0.35734861929323214
2025-10-21,0.1809541847020235,0.026811021346671123,0.18167301556767518
2025-10-22,0.6055415351917648,0.10422128035736122,0.6164036104710925
2025-10-23,0.22169574088065225,0.07023525165900257,0.22662873145625567
2025-10-24,0.09290619281076588,0.7178970517138984,0.6082823696702735
2025-10-27,0.05816898212656599,0.8131891643796061,0.719445599190968
2025-10-28,0.09043725177461714,0.2754420138291769,0.16630555475688963
2025-10-29,0.7963065545859314,0.2544124223183966,0.8610322352158456
2025-10-30,0.3947369475094762,-0.5295925452449117,0.6752052114884601
2025-10-31,0.3666744578379757,0.7759100112044925,0.9687108033253314
2025-11-03,0.25375392629139004,0.5264151511561471,0.5308668376581392
2025-11-04,0.4285097606727267,-1.0784978810539796,1.5916674401106508
2025-11-05,0.2563032575725962,-0.026696539119801355,0.2570159627735713
2025-11-06,0.6410574108016035,-0.15351113564721874,0.6646230795693023
2025-11-07,0.7318541655271709,-0.35124338339240874,0.8552260799041175
2025-11-10,0.23738587731737634,0.9470058369529092,1.1342059325402563
2025-11-11,0.16561049834205838,-0.19986341494802312,0.20555588297674404
2025-11-12,0.21725264963310648,0.27564768558888253,0.2932342962036139
2025-11-13,0.6334095570615634,-0.4238162323196206,0.813029755839162
2025-11-14,0.9333405455796234,-0.9989293908241735,1.9312004734319779
2025-11-17,0.8251296076484654,-0.4400176771152408,1.0187451638223577
2025-11-18,1.1389869166884794,-0.5475905789684516,1.4388423588634836
2025-11-19,0.8775354547329234,0.10296134605358037,0.8881364935140885
2025-11-20,1.8131534796358753,1.5394742181343144,4.183134347936134
2025-11-21,1.4716451907446133,0.38090342573561153,1.6167326104817379
2025-11-24,0.46731936985395167,0.5418530064654105,0.7609240504695558
2025-11-25,0.9492996422604553,-0.011986148356379567,0.9494433100128764
2025-11-26,0.2904524714999439,0.3932717906287754,0.44511517280430724
2025-11-28,0.0693180530207934,0.21004494590232048,0.11343693231990214
2025-12-01,0.281561592179935,-0.6724474249727203,0.7337471315323771
2025-12-02,0.4290744407341437,0.24958637720397928,0.4913678004199507
2025-12-03,0.21773416127048673,-0.12926056328936852,0.23444245449237158
2025-12-04,0.2594558938353065,0.20450011941343688,0.30127619267541644
2025-12-05,0.18172132599541763,0.16350254228698194,0.20845440732972395
2025-12-08,0.19334757728593063,0.12824530067031548,0.20979443442995024
2025-12-09,0.090096101847062,-0.07169627807572447,0.09523645813697361
2025-12-10,0.4620806152754851,-0.05431004775627446,0.46503019656277395
2025-12-11,0.4236181301693677,-0.3511325947471796,0.5469122292632548
2025-12-12,0.5823070210908233,-0.14080486737218578,0.6021330317665221
2025-12-15,0.4985057148614011,0.5850202551286413,0.8407544137721816
2025-12-16,0.4668619048949183,-0.21913023844971696,0.5148799662979481
2025-12-17,0.4322332111161454,0.16503196243521256,0.4594687597413628
2025-12-18,0.6519805951406689,0.9029735023005008,1.4673417409975014
2025-12-19,0.19652936065486845,0.3734214084506161,0.33597290894411036
2025-12-22,0.08791908865877773,0.4968654814106375,0.3347943952762023
2025-12-23,0.07999532200132513,-0.12570521700423476,0.09579712358340688
2025-12-24,0.0224995264170034,0.03620985990981779,0.02381068037169203
2025-12-26,0.07123666530669838,0.04708098465092083,0.07345328442239862
2025-12-29,0.0854081510413055,-0.40062401275898174,0.24590775064041426
2025-12-30,0.06900675264629083,-0.04870750084957404,0.07137917328530209
2025-12-31,0.15278498364380302,0.03064483885954261,0.15372408979253036
2026-01-02,0.493370715096688,0.5542486145906302,0.8005622418723211
2026-01-05,0.09245621281859953,0.4906302944560811,0.3331742986566604
2026-01-06,0.08944938888229435,0.06414755009615491,0.09356429706563306
2026-01-07,0.1280793870821316,0.053447858472334575,0.1309360606574103
2026-01-08,0.22760982272667088,-0.13060576409154578,0.2446676883406074
2026-01-09,0.27098841704927845,0.17383663570154867,0.3012075929613114
2026-01-12,0.09488822446770132,-0.4896250519345008,0.3346209159495639
2026-01-13,0.19208034240360347,0.050345362465472554,0.19461499792538328
2026-01-14,0.5226652091664465,-0.41165838904043617,0.6921278384338136
2026-01-15,0.15321330426596746,0.6180864964890818,0.5352442214081151
2026-01-16,0.2090688090236705,0.21648254134696793,0.2559334997317122
2026-01-20,0.4513978083959231,-1.485721032115076,2.65876479366501
2026-01-21,0.8879545017040232,0.31524784833217423,0.9873357075820888
2026-01-22,0.21902287375511045,0.651525330576786,0.6435081301383007
2026-01-23,0.23390494801477474,-0.11327571803530212,0.24673633631118802
2026-01-26,0.11269633081464608,0.18551718989950466,0.14711295856285495
2026-01-27,0.07306685273947298,0.20190937871028516,0.11383424995064634
2026-01-28,0.24696456100356118,0.22262076368294645,0.2965245654263395
2026-01-29,0.6531138184294073,0.1494804517191718,0.675458223875575
2026-01-30,0.6954600872408074,-0.2972671704009547,0.7838278578389977
2026-02-03,0.6912246858297684,0.12511667709980712,0.7068788687182658
2026-02-04,1.0421753534174543,0.1290523410533151,1.0588298601487953
2026-02-05,0.9683355788454397,-0.7414707137776464,1.5181143982353722
2026-02-06,0.492486691725211,0.5136891672237827,0.7563632522482744
2026-02-09,0.2006817480685747,-0.16814176063808717,0.2289533997390505
2026-02-10,0.24522903503570262,0.14833419031224776,0.26723206705129277
2026-02-11,0.5202444050557392,0.6208293757963027,0.9056735189073661
2026-02-12,0.6521576273670943,0.33629371708390376,0.7652510915172029
2026-02-13,0.7930842137858901,0.08803809995050738,0.8008349208287856
2026-02-17,1.1989191259686116,-0.22178502430304592,1.2481077229737143
2026-02-18,0.35486730894212476,0.18576249667034134,0.38937501411132336
2026-02-19,0.5983222037015274,-0.3620001364568475,0.7293663024963036
2026-02-20,0.6723306844458038,-0.3044639053423117,0.7650289541020959
2026-02-23,0.4667264120997193,-0.23526325499971112,0.5220752112527784
2026-02-24,0.4314192048882027,-0.07547516384561326,0.43711570524572485
2026-02-25,0.07541421595636151,0.5324980304237016,0.35896836836148294
2026-02-26,0.5649441749287462,0.015849849471185173,0.5651953926570054
2026-02-27,0.47502181703794827,-0.9472555820800777,1.372314954819815
2026-03-02,0.692751831997578,-1.0669366618869534,1.831105672476053
2026-03-03,0.9761692231219352,-1.6556360708767528,3.7173000223101473
2026-03-04,0.45372845437480364,0.18652682355853645,0.488520710281641
2026-03-05,0.9264943139956027,-0.46524205763401033,1.1429444861871305
2026-03-06,0.9562322091497951,-1.1804343303868983,2.34965741750576
2026-03-09,1.2342049687838728,-0.8992696390057275,2.0428908524213645
2026-03-10,0.6914489090805098,-0.061931902398912705,0.6952844696152582
2026-03-11,0.6036704706996767,0.05905299258855162,0.6071577266333402
2026-03-12,0.742498922324845,-0.7643521550181254,1.3267331392056974
2026-03-13,0.6656000541618796,0.6024590028050318,1.028556904222713
2026-03-16,0.4311481914712723,0.925800261150983,1.2882543150185006
2026-03-17,0.2692199983552058,0.5099186753480418,0.5292370538239075
2026-03-18,0.4485647688606738,-0.3840894813708915,0.5960894985604342
2026-03-19,0.7798821493809804,-0.6644594309884951,1.2213884848105352
2026-03-20,0.7809529708145369,-0.21789525093627038,0.828431311195117
2026-03-23,0.9782208876621308,1.455652068822112,3.0971438331282255
2026-03-24,0.8298245742011662,-0.624475368070718,1.2197940595282248
2026-03-25,0.5760848374652198,0.849176949637211,1.297186329260378
2026-03-26,0.4783269531886516,-0.7296671550269342,1.0107411103137518
2026-03-27,0.6631820185071736,-0.40073350751450154,0.8237693625520487
2026-03-30,0.6323096022647667,0.9401669312999608,1.5162234609747518
2026-03-31,1.2588530884614635,1.112238638303211,2.4959278769960447
2026-04-01,0.3623541596113827,0.5550744358890976,0.6704617889889826
2026-04-02,1.1434390617414807,-1.3628291356347715,3.000742314676499
2026-04-06,0.4544775695209168,0.013682193683003663,0.454664771944896
2026-04-07,0.8034236487718155,-0.352686713295453,0.9278115665069645
2026-04-08,0.39709012274038036,2.5904871091984427,7.107713585663684
2026-04-09,0.3269137288587612,-0.16734325382576032,0.35491749345975404
2026-04-10,0.13203851474201095,0.2248302634003821,0.18258716208269615
2026-04-13,0.26450682942692233,-0.28905864121524627,0.3480617274881268
2026-04-14,0.16745960902244436,0.2408386848633265,0.22546288114914104
2026-04-15,0.23801162917095256,0.12941898539197438,0.25476090295084064
2026-04-16,0.26443069610750225,0.14702697246233407,0.2860476267389422
2026-04-17,0.2155101705958484,0.6491392854358206,0.6368919824919761
2026-04-20,0.16121831925210864,-0.1874662084418996,0.19636189855969038
2026-04-21,0.5770234757518862,0.10852118304101188,0.588800322920507
2026-04-22,0.1353020244951752,0.7175132537367843,0.6501272937831222
2026-04-23,0.5497491287947212,-0.2393148205353831,0.6070207121226038
2026-04-24,0.1758080852658944,0.3185220956123549,0.27726441065918056
2026-04-27,0.12200648264104591,-0.10651107165709212,0.13335109102658813
2026-04-28,0.14086808867687842,-0.46880769555171564,0.3606487440853885
2026-04-29,0.25728107674488176,-0.09700941752786056,0.26669190383397656
2026-04-30,0.29742784165882596,0.46528038876406264,0.5139136818272633
2026-05-01,0.23160520279190894,0.35697635253409477,0.3590373190604552
2026-05-04,0.3254299040322947,-0.1374953191216294,0.3443348668126534
2026-05-05,0.09951654558755864,0.5264560778242875,0.3766725474656909
2026-05-06,0.12913341629425407,0.6128840743981863,0.5047603049451757
2026-05-07,0.31577687583484887,0.16884015741682257,0.3442838745913863
2026-05-08,0.10813485247659367,0.46907016630086046,0.32816167339011054
2026-05-11,0.17824666396854635,-0.14522154549012106,0.19933596124308567
2026-05-12,0.25650067158786133,-0.32921798726920043,0.3648851547294447
2026-05-13,0.1882316475768418,0.03995042118809755,0.18982768372994818
2026-05-14,0.1935378909470223,0.1923765847772575,0.23054664131758365
2026-05-15,0.4586863165410354,-0.8442267143355575,1.1714050617388465
2026-05-18,0.8062310572485486,0.10143454533150525,0.8165200242351578
2026-05-19,0.5077269267928497,-0.5334754248611707,0.7923229557236563
2026-05-20,0.36701536759154557,0.26949298931916443,0.4396418388837249
2026-05-21,0.543672239759035,-0.3567654315551284,0.670953812911752
2026-05-22,0.21006095417562262,0.47951721392159463,0.439997712622751
2026-05-26,0.13279113303532622,0.600349534905002,0.4932106970959784
2026-05-27,0.2094118018646365,0.037306842511338506,0.21080360236280232
2026-05-28,0.20042313381621904,-0.03329417867085249,0.2015316361495857
2026-05-29,0.17635851076870712,0.18271419824417529,0.2097429890087189
2026-06-01,0.1496267582228431,-0.13498451169731263,0.16784757662100502
2026-06-02,0.07425344583198792,-0.18609228157393848,0.10888378309338193
2026-06-03,0.20735363674152085,-0.18049855128317616,0.23993336375684624
2026-06-04,0.13141609160217949,-0.27884236025608966,0.20916915347536638
2026-06-05,0.6562443650391511,-0.6130399435397913,1.0320623374144215
2026-06-08,0.6182835548821126,0.7724830151568155,1.2150135635878776
2026-06-09,2.547046337114259,0.59345526646335,2.899235490407345
2026-06-10,1.2209881398253393,-0.4978162298412314,1.468809138518677
2026-06-11,2.082500669390679,0.4385742270333921,2.2748480220086162
2026-06-12,1.3688692523359842,0.41120340118433707,1.537957489481551
2026-06-15,0.13345317958943861,1.374984199217932,2.024034727688416
2026-06-16,0.20178227230927676,-0.03977553828463187,0.20336436575510897
2026-06-17,1.5247598195921297,0.08399257417927108,1.53181457210939
2026-06-18,0.3631607021992649,1.190860970114091,1.781310552340339
2026-06-22,0.47732214744054485,0.12981794738944014,0.4941748469049523
2026-06-23,0.4025957699133679,-1.4437710862238793,2.487070719329448
2026-06-24,0.663740357236951,0.238337205678263,0.7205449808474736
2026-06-25,1.440806281699884,0.9106710886095811,2.2701281133292435
2026-06-26,0.8750482662677461,-0.7442916791736304,1.4290183699548484
2026-06-29,0.608369589199801,1.0485744703858948,1.7078780091448609
2026-06-30,0.20145311353005407,0.07796861205268257,0.2075322179954758
2026-07-01,0.269887027205958,-0.22925812086219877,0.3224463131872245
2026-07-02,0.6814824210743949,0.21160874732326135,0.7262606830181149
2026-07-06,0.1033071793955168,0.5262979845789936,0.38029674796742735
2026-07-07,0.1958726877666272,-0.13986601615523003,0.21543519024176228
2026-07-08,0.2807047473944319,-0.595615627658646,0.6354627233056347
2026-07-09,0.184015246780179,0.2692289721458997,0.25649948622291663
2026-07-10,0.16950032177152916,0.05184158374101555,0.17218787157630588
2026-07-13,0.2592115146824403,-0.31969802546688914,0.361418342169868
2026-07-14,0.2396844351224221,0.22666305531543182,0.2910605757673486
2026-07-15,0.2862676495648293,0.3306498731986026,0.3955969882110813
2026-07-16,0.27689603261420603,-0.2772930960888437,0.35378749375274277
2026-07-17,0.47307577507036214,-1.139407040052719,1.7713241779920605
2026-07-20,0.3550981048573267,0.49918647537252636,0.6042852420521725
2026-07-21,0.12486225781084483,0.5576773116496723,0.4358662417396505
2026-07-22,0.10883435543744997,-0.21138121594597756,0.15351637389224998
2026-07-23,0.5561133074368819,-1.0801806993043892,1.722903650586601
2026-07-24,0.5450032031911417,0.054165653179403306,0.5479371211754931
2026-07-27,0.5350427005620974,0.8154860412991655,1.2000601841158816
2026-07-28,0.306295160184603,0.027024863605770805,0.3070255034375135
2026-07-29,1.0192859827981267,-0.131161546556942,1.0364893340933354
2026-07-30,0.3537107821792323,0.8939584281173744,1.152872453381319
2026-07-31,0.5518079837060964,0.43176666649632234,0.7382304380034428
2026-08-03,0.1401008652313044,0.32210138092710006,0.24385016482644922
2026-08-04,0.233497990523441,0.3963808577425054,0.3906157749081253
2026-08-05,0.2764977148819328,0.5907952092348292,0.6255366941367584
2026-08-06,0.2307962777166021,0.058441831647498194,0.23421172540291663
2026-08-07,0.24014057973285685,0.3376831960488355,0.35417052062661314
2026-08-10,0.11207707953611433,-0.09057685239278837,0.12028124572549931
2026-08-11,0.12989096866702368,0.20425323251132255,0.17161035165834806
2026-08-12,0.15499271485314778,0.5332384610038585,0.43933597114691136
2026-08-13,0.1455439069505314,0.320466417390184,0.24824263162543103
2026-08-14,0.06107196674896272,0.08995952613861269,0.06916468309204646
2026-08-17,0.07396995303846804,-0.021904572693340618,0.07444976334334588
2026-08-18,0.09083487199079768,-0.5072999088485115,0.3481880695085058
2026-08-19,0.2823501413091263,0.37455299637141026,0.42264008839992795
2026-08-20,0.2340429977483596,-0.40914825976484015,0.4014452962169567
2026-08-21,0.13910645090614948,0.45528595292192653,0.3463917498341762
2026-08-24,0.14739265927369788,-0.12413553255772775,0.16280228971708857
2026-08-25,0.09944987088582338,0.36151158746785084,0.23014049875934894
2026-08-26,0.146926035978286,-0.1450470919850648,0.16796469487160984
2026-08-27,0.2076745607351245,0.32317158915758953,0.3121144367737663
2026-08-28,0.2967735912799769,0.08166526519849648,0.30344280681991764
2026-08-31,0.13958265108329532,-0.24987875428510942,0.2020220429263734
2026-09-01,0.15155567841412085,-0.6487229002516639,0.5723970797250512
2026-09-02,0.12987032593650155,0.08921489966479706,0.13782962425870135
2026-09-03,0.1937232845406287,0.36522618032648846,0.3271134473365054
2026-09-04,0.09394787801375871,-0.1566310932994029,0.11848117740192497
2026-09-08,0.16271032619402023,-0.1494489148696453,0.1850453043497347
2026-09-09,0.20935344658076213,-0.24442247123831073,0.269095791027005
2026-09-10,0.19773827381039558,-0.5814357350998631,0.5358057878615138
2026-09-11,0.19008433028635727,0.919457393844379,1.0354862293814546
2026-09-14,0.2184739275514125,-0.680102647488131,0.6810135386717775
2026-09-15,0.14705463381342812,-0.10427955134970562,0.157928858643124
2026-09-16,0.5577203645487302,0.2755380965764821,0.633641607213721
2026-09-17,0.15836987228041174,1.1891170495298358,1.5723692297629535
2026-09-18,0.09315932751908862,0.0865614590222532,0.10065221370714984
