date,y,HS|VaR1,HS|VaR2.5,HS|ES2.5,GARCH-t|VaR1,GARCH-t|VaR2.5,GARCH-t|ES2.5,FHS|VaR1,FHS|VaR2.5,FHS|ES2.5,C2-FHS|VaR1,C2-FHS|VaR2.5,C2-FHS|ES2.5,TFM-FHS|VaR1,TFM-FHS|VaR2.5,TFM-FHS|ES2.5,C2-raw|VaR1,C2-raw|VaR2.5,C2-raw|ES2.5,bolt-raw|VaR1,bolt-raw|VaR10,timesfm-raw|VaR1,timesfm-raw|VaR10,C2-raw|VaR10,HS|VaR10,FHS|VaR10,C2-FHS|sigma,TFM-FHS|sigma
2019-01-01,2.65812,11.3508,10.0953,12.3753,11.6083,8.36109,12.5692,14.2197,9.98702,15.6781,18.3847,11.4406,21.8637,23.3796,15.9447,25.8143,12.6979,11.072,12.2101,5.05427,5.05427,6.27587,6.27587,6.13563,4.75323,4.88352,3.8659,3.52991
2019-01-02,2.56571,11.3508,10.0953,12.3753,11.0683,7.96937,11.9853,13.5604,9.52104,14.9382,17.4367,10.8507,20.7364,23.866,16.2764,26.3514,12.3328,10.7832,11.8679,5.5825,5.5825,5.60162,5.60162,6.10958,4.75323,4.65065,3.66657,3.60334
2019-01-03,-2.74223,11.3508,10.0953,12.3753,10.5597,7.60048,11.4354,12.9395,9.08221,14.2408,17.7555,11.0491,21.1155,22.738,15.5071,25.1059,12.7962,11.0904,12.2844,4.91432,4.91432,4.96508,4.96508,6.02897,4.75323,4.43135,3.73361,3.43303
2019-01-04,0.545233,11.3508,10.0953,12.3753,10.2469,7.3736,11.0971,12.5576,8.8123,13.8067,16.7351,10.4141,19.902,18.2833,12.4691,20.1873,12.2552,10.6166,11.7636,4.77847,4.77847,5.51123,5.51123,5.75688,4.75323,4.29648,3.51903,2.76046
2019-01-05,-0.325154,11.3508,10.0953,12.3753,9.55623,6.87261,10.3503,11.7143,8.21633,12.8664,14.4728,9.00625,17.2115,10.1743,6.9388,11.2338,11.9997,10.4875,11.546,4.71124,4.71124,4.70451,4.70451,5.87031,4.75323,3.99865,3.04331,1.53614
2019-01-06,5.84471,11.3508,10.0953,12.3753,8.9261,6.41555,9.66897,10.945,7.67261,12.0083,9.80285,6.10021,11.6579,10.6345,7.25266,11.742,12.6511,10.898,12.1252,4.24338,4.24338,5.0699,5.0699,5.75254,4.75323,3.72694,2.06133,1.60562
2019-01-07,-1.26847,11.3508,10.0953,12.3753,9.94304,7.15318,10.7686,12.1866,8.5501,13.351,16.205,10.0842,19.2716,20.8504,14.2198,23.0217,13.0159,11.373,12.5231,4.53656,4.53656,5.02363,5.02363,6.4207,4.75323,4.16544,3.40756,3.14804
2019-01-08,0.139018,11.3508,10.0953,12.3753,9.37914,6.74416,10.1588,11.4981,8.06353,12.5814,16.1549,10.053,19.212,17.9871,12.2671,19.8602,12.8704,11.1514,12.3547,4.45674,4.45674,4.59941,4.59941,5.93915,4.75323,3.92229,3.39703,2.71573
2019-01-09,0.110297,11.3508,10.0953,12.3753,8.74718,6.28577,9.4755,10.7266,7.51823,11.7227,14.7045,9.15042,17.4871,15.2485,10.3994,16.8364,11.9188,10.3444,11.4465,4.22857,4.22857,4.9432,4.9432,5.51557,4.75323,3.64979,3.09203,2.30225
2019-01-10,-9.24592,11.3508,10.0953,12.3753,8.16234,5.86157,8.84314,10.0126,7.00976,10.9283,12.953,8.06049,15.4041,13.1864,8.99303,14.5596,11.9187,10.2585,11.4207,3.80781,3.80781,4.48666,4.48666,5.3372,4.75323,3.39761,2.72373,1.99091
2019-01-11,0.229174,11.3508,10.0953,12.3753,11.8969,8.57042,12.8812,14.572,10.236,16.0199,14.6854,9.30867,17.5123,17.2644,11.7866,19.0752,13.4964,11.5939,12.9257,5.58876,5.58876,6.32051,6.32051,5.98478,4.8171,5.01646,3.08803,2.60662
2019-01-12,-0.70937,11.3508,10.0953,12.3753,11.0809,7.97852,11.9989,13.5758,9.53193,14.9228,12.3226,7.81092,14.6946,8.79021,6.00116,9.7122,11.7101,10.2224,11.2638,5.16337,5.16337,5.70455,5.70455,5.6421,4.8171,4.66402,2.59117,1.32717
2019-01-13,-3.00394,11.3508,10.0953,12.3753,10.3626,7.45749,11.2222,12.6988,8.9121,13.9569,10.974,6.95611,13.0864,9.08515,6.20252,10.0381,11.4944,9.92243,11.0228,5.09984,5.09984,5.41718,5.41718,5.21584,4.8171,4.35377,2.3076,1.3717
2019-01-14,4.21881,11.3508,10.0953,12.3753,10.146,7.3004,10.988,12.4344,8.72522,13.6628,14.4848,9.18146,17.2729,15.8064,10.7912,17.4643,11.2318,9.81651,10.8072,4.90035,4.90035,5.9095,5.9095,5.45523,4.8171,4.26023,3.04583,2.38648
2019-01-15,-2.05486,11.3508,10.0953,12.3753,10.2175,7.35228,11.0654,12.5217,8.78695,13.7548,15.3472,9.72814,18.3014,15.9986,10.9224,17.6767,11.9603,10.3667,11.4822,4.90459,4.90459,6.05005,6.05005,5.60369,4.8171,4.29112,3.22718,2.41551
2019-01-16,0.667933,11.3508,10.0953,12.3753,9.77248,7.02947,10.5841,11.9784,8.40293,13.1544,14.6195,9.26686,17.4336,15.1028,10.3109,16.687,11.729,10.1016,11.2408,4.64157,4.64157,5.16386,5.16386,5.34722,4.8171,4.09891,3.07416,2.28026
2019-01-17,0.642448,11.3508,10.0953,12.3753,9.12175,6.55747,9.88052,11.1839,7.84143,12.2792,14.5824,9.24333,17.3894,17.1323,11.6964,18.9293,10.7583,9.2724,10.3125,4.21061,4.21061,5.31654,5.31654,4.88818,4.8171,3.81785,3.06636,2.58668
2019-01-18,-0.56498,11.3508,10.0953,12.3753,8.51851,6.11991,9.22825,10.4474,7.32092,11.4671,12.3465,7.82608,14.7231,12.4771,8.51822,13.7858,10.1825,8.63998,9.71972,3.89886,3.89886,4.6557,4.6557,4.26575,4.8171,3.55731,2.5962,1.88382
2019-01-19,1.91517,11.3508,10.0953,12.3753,7.98547,5.73328,8.65189,9.79663,6.86098,10.749,10.1587,6.4393,12.1142,6.92867,4.73027,7.65541,9.88723,8.35204,9.42668,3.44175,3.44175,4.42002,4.42002,4.03317,4.8171,3.3271,2.13615,1.04611
2019-01-20,-3.4809,11.3508,10.0953,12.3753,7.6346,5.47878,8.27251,9.36827,6.55822,10.2751,10.0079,6.34372,11.9343,9.47463,6.46842,10.4684,9.41359,7.91853,8.96507,2.98411,2.98411,4.44979,4.44979,3.71253,4.8171,3.17005,2.10445,1.4305
2019-01-21,-0.696143,11.3508,10.0953,12.3753,7.98572,5.73478,8.65398,9.82642,6.89342,10.8172,12.5773,7.9724,14.9984,14.2287,9.71405,15.7211,10.3973,8.93055,9.95727,3.64049,3.64049,4.61709,4.61709,4.63464,4.8171,3.34818,2.64474,2.14828
2019-01-22,0.795051,11.3508,10.0953,12.3753,7.51806,5.39573,8.14814,9.25358,6.48817,10.1807,11.5705,7.3342,13.7977,11.4588,7.82302,12.6607,10.9418,9.31902,10.455,3.41246,3.41246,4.32884,4.32884,4.67086,4.8171,3.1455,2.43303,1.73007
2019-01-23,-0.541164,11.3508,10.0953,12.3753,7.05869,5.06269,7.65125,8.6909,6.0901,9.56617,11.4198,7.10639,13.5518,11.4072,7.7796,12.5454,10.4057,8.81005,9.92698,3.06365,3.06365,3.96351,3.96351,4.33494,4.8171,2.93634,2.40133,1.72228
2019-01-24,0.438143,11.3508,10.0953,12.3753,6.64701,4.76423,7.20597,8.18663,5.73337,9.00439,10.5971,6.59449,12.5756,11.3543,7.74358,12.4873,10.8314,9.09465,10.3103,3.05608,3.05608,3.85847,3.85847,4.27726,4.8171,2.75849,2.22835,1.7143
2019-01-25,-0.0305421,11.3508,10.0953,12.3753,6.23264,4.46382,6.75776,7.67906,5.3743,8.43992,8.40337,5.22933,9.97225,8.86036,6.0427,9.7445,8.6729,7.2817,8.25554,2.74324,2.74324,3.61975,3.61975,3.3946,4.8171,2.57948,1.76705,1.33776
2019-01-26,0.0748255,11.3508,10.0953,12.3753,5.84883,4.18557,6.34262,7.20893,5.04171,7.91782,5.45015,3.39157,6.46768,6.07419,4.14255,6.68031,6.95649,5.6692,6.5703,2.54438,2.54438,3.90448,3.90448,2.26411,4.8171,2.41367,1.14605,0.917095
2019-01-27,-0.514712,11.3508,10.0953,12.3753,5.49097,3.92612,5.95554,6.77058,4.71614,7.43243,3.9543,2.46072,4.69256,4.79474,3.26998,5.27319,7.08313,5.68915,6.66494,2.44342,2.44342,3.39376,3.39376,2.08963,4.8171,2.25907,0.831504,0.723921
2019-01-28,-3.21855,11.3508,10.0953,12.3753,5.20255,3.71702,5.64357,6.41728,4.46699,7.04558,4.90489,3.05226,5.82061,7.3145,4.98843,8.04438,6.05489,4.86982,5.69937,2.25737,2.25737,3.26663,3.26663,1.78972,4.8171,2.13447,1.03139,1.10436
2019-01-29,-0.645613,11.3508,10.0953,12.3753,5.85674,4.1913,6.35117,7.21857,5.03209,7.92297,7.35808,4.65778,8.7388,9.68555,6.60548,10.652,8.18856,6.80909,7.77472,3.05506,3.05506,4.19014,4.19014,3.02718,4.8171,2.42549,1.54724,1.46235
2019-01-30,1.09788,11.3508,10.0953,12.3753,5.55437,3.97209,6.02412,6.84819,4.7709,7.51742,6.46312,4.09126,7.67591,8.2335,5.61519,9.05509,7.23454,6.01188,6.86774,2.75697,2.75697,3.79049,3.79049,2.68899,4.8171,2.29444,1.35905,1.24311
2019-01-31,-0.817663,11.3508,10.0953,12.3753,5.28573,3.77733,5.73354,6.51912,4.53884,7.1571,7.35416,4.6553,8.73415,9.66292,6.59004,10.6271,7.22414,6.00541,6.85852,2.54498,2.54498,3.95232,3.95232,2.69691,4.8171,2.17802,1.54642,1.45893
2019-02-01,0.86824,11.3508,10.0953,12.3753,5.06067,3.61416,5.49011,6.24344,4.34443,6.85523,5.79214,3.66652,6.87902,6.87092,4.68592,7.55655,6.00586,4.89138,5.67151,2.47731,2.47731,3.577,3.577,1.98994,4.8171,2.08047,1.21796,1.03739
2019-02-02,0.944946,11.3508,10.0953,12.3753,4.80316,3.42747,5.21158,5.928,4.12199,6.50984,4.67014,2.95628,5.54648,6.25469,4.26565,6.87882,5.40011,4.35433,5.08638,2.49794,2.49794,3.41749,3.41749,1.6364,4.8171,1.96887,0.98203,0.944347
2019-02-03,-1.63345,11.3508,10.0953,12.3753,4.57834,3.26448,4.9684,5.6526,3.92778,6.20829,4.91508,3.11133,5.83739,6.21057,4.23556,6.83029,5.25091,4.19373,4.93375,2.30974,2.30974,3.25362,3.25362,1.49103,4.8171,1.87144,1.03354,0.937685
2019-02-04,-0.140374,11.3508,10.0953,12.3753,4.64749,3.31461,5.04319,5.73727,3.98752,6.301,6.09497,3.85822,7.23868,8.07251,5.5054,8.87804,6.37202,5.1958,6.01915,2.4342,2.4342,3.4051,3.4051,2.10342,4.8171,1.90141,1.28164,1.21881
2019-02-05,0.208022,11.3508,10.0953,12.3753,4.39269,3.12988,4.76759,5.42515,3.76741,5.95924,5.61381,3.55363,6.66722,6.81402,4.64711,7.49396,6.5499,5.36854,6.19549,2.18514,2.18514,3.31664,3.31664,2.228,4.8171,1.79098,1.18046,1.0288
2019-02-06,-1.52877,11.3508,10.0953,12.3753,4.14679,2.95161,4.50161,5.12392,3.55499,5.62941,4.84209,3.06512,5.7507,6.43403,4.38796,7.07606,4.83457,3.83363,4.53429,2.07503,2.07503,3.01888,3.01888,1.32606,4.8171,1.6844,1.01819,0.971424
2019-02-07,-0.419656,11.3508,10.0953,12.3753,4.24183,3.02051,4.60441,5.24029,3.63709,5.75683,5.74247,3.63507,6.82003,7.48718,5.1062,8.23429,6.18052,4.99066,5.82356,2.26912,2.26912,3.46253,3.46253,1.92552,4.8171,1.72559,1.20752,1.13043
2019-02-08,7.5694,11.3508,10.0953,12.3753,4.04985,2.88133,4.39676,5.00511,3.47126,5.49931,3.85963,2.44321,4.58388,5.71022,3.89433,6.28003,5.22588,4.2339,4.92828,2.15246,2.15246,3.28539,3.28539,1.64042,4.8171,1.64239,0.811596,0.862142
2019-02-09,0.120561,11.3508,10.0953,12.3753,7.93917,5.70103,8.60363,9.76873,6.83096,10.7153,6.51367,4.12325,7.73594,8.12608,5.54193,8.93695,6.45925,5.25241,6.0972,2.24291,2.24291,3.36061,3.36061,2.0703,4.8171,3.328,1.36968,1.22689
2019-02-10,0.515788,11.3508,10.0953,12.3753,7.46952,5.3537,8.10449,9.17218,6.40407,10.0451,4.88882,3.0947,5.80619,5.62246,3.83448,6.1835,5.99627,4.90003,5.6674,2.30984,2.30984,3.73786,3.73786,1.95412,4.8171,3.1115,1.02801,0.848892
2019-02-11,-1.13804,11.3508,10.0953,12.3753,6.99632,5.01119,7.59207,8.59371,5.99668,9.4127,5.24968,3.32313,6.23477,6.2591,4.26866,6.88367,5.9016,4.78974,5.56804,2.20481,2.20481,3.27234,3.27234,1.84665,4.8171,2.90748,1.10389,0.945013
2019-02-12,0.139634,11.3508,10.0953,12.3753,6.67184,4.77633,7.2407,8.197,5.71733,8.97901,6.05346,3.83194,7.18938,7.27886,4.96413,8.00519,6.61772,5.34527,6.23599,2.17666,2.17666,3.529,3.529,2.05028,4.8171,2.76759,1.27291,1.09898
2019-02-13,-0.589055,11.3508,10.0953,12.3753,6.25104,4.47174,6.78502,7.68256,5.35505,8.41661,4.82993,3.05742,5.73625,5.49394,3.74683,6.04216,5.31428,4.2569,4.99707,2.09609,2.09609,3.21577,3.21577,1.51831,4.8171,2.58616,1.01563,0.829487
2019-02-14,-0.419086,11.3508,10.0953,12.3753,5.90819,4.22358,6.41376,7.26351,5.05988,7.9585,4.6051,2.89248,5.44055,5.94708,4.0083,6.5035,4.87273,3.93467,4.59131,2.11137,2.11137,2.95571,2.95571,1.49478,4.8171,2.43835,0.977401,0.897903
2019-02-15,0.108592,11.3508,10.0953,12.3753,5.57493,3.98236,6.05287,6.85606,4.77297,7.51305,3.81148,2.394,4.50295,4.67457,3.15064,5.11194,4.45969,3.55843,4.18931,1.99379,1.99379,3.18299,3.18299,1.2397,4.8171,2.29466,0.80896,0.705777
2019-02-16,0.247614,11.3508,10.0953,12.3753,5.23778,3.73833,5.68778,6.44384,4.48271,7.0624,2.80713,1.76317,3.3164,3.10026,2.08956,3.39033,4.6914,3.78821,4.42045,1.88371,1.88371,2.99649,2.99649,1.42875,4.8171,2.1493,0.595795,0.468084
2019-02-17,1.20623,11.3508,10.0953,12.3753,4.92661,3.51309,5.35082,6.06338,4.21482,6.64647,2.71651,1.70625,3.20934,3.13069,2.11007,3.4236,3.92972,3.12676,3.68883,1.81452,1.81452,2.61281,2.61281,1.08955,4.8171,2.01515,0.576561,0.472678
2019-02-18,6.37614,11.3508,10.0953,12.3753,4.73777,3.37641,5.14632,5.8324,4.05224,6.39396,3.88566,2.44059,4.59059,5.23073,3.52549,5.72013,3.81004,3.02483,3.57448,1.74953,1.74953,2.6127,2.6127,1.01885,4.8171,1.93373,0.824704,0.789748
2019-02-19,0.798191,11.3508,10.0953,12.3753,7.3726,5.28355,7.99953,9.05199,6.32063,9.91368,6.29313,3.95274,7.43482,7.57737,5.10711,8.28633,6.38687,5.15534,6.01741,1.90644,1.90644,2.74709,2.74709,1.96542,4.8171,3.06971,1.33567,1.14405
2019-02-20,1.32698,11.3508,10.0953,12.3753,6.92377,4.95868,7.51351,8.50314,5.93422,9.31368,4.80533,3.01825,5.67711,5.63325,3.79678,6.16031,6.11132,4.93701,5.75903,1.9909,1.9909,2.71062,2.71062,1.8964,4.8171,2.87621,1.0199,0.85052
2019-02-21,-1.14919,11.3508,10.0953,12.3753,6.57312,4.70487,7.13379,8.07425,5.63234,8.8448,5.52509,3.47033,6.52745,6.40501,4.31694,7.00428,5.22347,4.21277,4.92026,1.99887,1.99887,2.54534,2.54534,1.64057,4.8171,2.72502,1.17266,0.967042
2019-02-22,1.29174,11.3508,10.0953,12.3753,6.28958,4.49964,6.82675,7.7278,5.38823,8.46606,4.24662,2.66732,5.01704,6.21298,4.18752,6.79429,4.89578,3.89612,4.59588,2.17582,2.17582,3.11071,3.11071,1.36482,4.8171,2.60278,0.901315,0.93805
2019-02-23,3.36309,11.3508,10.0953,12.3753,5.9889,4.282,6.50115,7.36358,5.12937,8.06794,3.69824,2.32288,4.36918,5.25565,3.54228,5.74739,4.86979,3.87226,4.57053,1.99917,1.99917,2.68901,2.68901,1.34616,4.8171,2.47314,0.784926,0.79351
2019-02-24,-8.35646,11.3508,10.0953,12.3753,6.37418,4.56087,6.91837,7.83397,5.46106,8.58216,5.41154,3.39901,6.39329,7.49066,5.04867,8.19151,5.61794,4.55708,5.29968,1.89619,1.89619,2.43436,2.43436,1.78272,4.8171,2.63925,1.14856,1.13096
2019-02-25,1.87885,11.3508,10.0953,12.3753,10.0987,7.25674,10.9516,12.459,8.68096,13.7392,11.4397,7.23691,13.7919,12.4444,8.18597,13.3342,12.3658,9.89497,11.6245,3.49999,3.49999,4.54609,4.54609,3.46404,4.86957,4.26196,2.40399,1.81224
2019-02-26,-0.732539,11.3508,10.0953,12.3753,9.56583,6.87105,10.3745,11.8039,8.22151,13.0165,9.63914,6.09784,11.6211,10.5566,6.94418,11.3115,9.60857,7.81652,9.07095,2.96192,2.96192,3.7109,3.7109,3.12896,4.86957,4.03134,2.02561,1.53733
2019-02-27,-0.0859256,11.3508,10.0953,12.3753,8.97777,6.4454,9.73775,11.081,7.71447,12.2191,7.85827,4.97124,9.47403,8.30959,5.46607,8.90375,8.81168,7.09647,8.29711,2.95948,2.95948,3.7726,3.7726,2.68773,4.86957,3.77684,1.65137,1.2101
2019-02-28,0.0970123,11.3508,10.0953,12.3753,8.3926,6.02185,9.10408,10.3616,7.20993,11.4256,6.94573,4.39395,8.37386,7.1008,4.67092,7.60852,7.83739,6.26285,7.36503,2.72142,2.72142,3.37194,3.37194,2.26926,4.86957,3.52359,1.45961,1.03407
2019-03-01,0.124403,11.3508,10.0953,12.3753,7.84592,5.62615,8.51209,9.68953,6.73857,10.687,5.27977,3.34005,6.36536,5.24352,3.4492,5.61844,6.97995,5.56909,6.55669,2.62828,2.62828,3.41986,3.41986,1.95977,4.86957,3.28699,1.10951,0.763597
2019-03-02,0.1251,11.3508,10.0953,12.3753,7.3236,5.24938,7.9461,9.09408,6.31804,10.0007,4.61073,2.91681,5.55876,4.55302,2.99498,4.87857,5.77618,4.60795,5.42571,2.57688,2.57688,2.98324,2.98324,1.60435,4.86957,3.06219,0.968919,0.663041
2019-03-03,-0.447105,11.3508,10.0953,12.3753,6.8666,4.91859,7.45122,8.52934,5.92223,9.3788,4.24371,2.68463,5.11628,3.33185,2.1917,3.57008,5.7604,4.59417,5.41054,2.34367,2.34367,2.64181,2.64181,1.59411,4.86957,2.8645,0.891792,0.485206
2019-03-04,-2.25063,11.3508,10.0953,12.3753,6.46894,4.63076,7.02061,8.03795,5.57776,8.83776,4.52177,2.86053,5.45151,5.00948,3.29525,5.36767,6.42686,5.15462,6.04519,2.26484,2.26484,2.69049,2.69049,1.8768,4.86957,2.69248,0.950225,0.729515
2019-03-05,3.52137,11.3508,10.0953,12.3753,6.48549,4.64274,7.03852,8.05839,5.59096,8.85824,5.24198,3.31614,6.3198,6.3957,4.2071,6.853,6.53252,5.24579,6.1465,2.35919,2.35919,3.14333,3.14333,1.93245,4.86957,2.69963,1.10157,0.931385
2019-03-06,0.194032,11.3508,10.0953,12.3753,6.83938,4.89889,7.42175,8.49572,5.87211,9.33632,6.16137,3.89776,7.42823,7.86833,5.17581,8.43093,7.19154,5.85274,6.7899,2.43808,2.43808,3.15471,3.15471,2.31183,4.86957,2.85273,1.29478,1.14584
2019-03-07,0.192995,11.3508,10.0953,12.3753,6.41649,4.5928,6.96381,7.97314,5.50744,8.76297,5.83658,3.69229,7.03666,5.19843,3.41954,5.57013,7.14331,5.73034,6.71942,2.13302,2.13302,2.77858,2.77858,2.09886,4.86957,2.66979,1.22652,0.757031
2019-03-08,-0.265024,11.3508,10.0953,12.3753,6.0239,4.30864,6.53868,7.48799,5.16889,8.23066,4.65506,2.94485,5.61221,4.24874,2.79483,4.55254,6.59544,5.26411,6.19604,2.03868,2.03868,2.86483,2.86483,1.89684,4.86957,2.49995,0.978235,0.618731
2019-03-09,1.58138,11.3508,10.0953,12.3753,5.6754,4.05638,6.16129,7.05734,4.86837,7.75841,4.09702,2.59182,4.93942,3.58088,2.35551,3.83692,4.81184,3.73455,4.48865,2.02362,2.02362,2.68272,2.68272,1.08948,4.86957,2.3492,0.860965,0.521472
2019-03-10,-0.295996,11.3508,10.0953,12.3753,5.49282,3.92423,5.96357,6.83171,4.73239,7.52778,4.34297,2.74741,5.23594,5.98693,3.93821,6.415,5.55065,4.42376,5.21258,2.0464,2.0464,2.46362,2.46362,1.56112,4.86957,2.27021,0.912649,0.871857
2019-03-11,-1.18045,11.3508,10.0953,12.3753,5.1872,3.70301,5.63262,6.45404,4.46768,7.1135,5.31087,3.35972,6.40285,5.45841,3.59056,5.8487,5.42466,4.31627,5.09215,1.95586,1.95586,2.56481,2.56481,1.48992,4.86957,2.138,1.11605,0.794891
2019-03-12,0.100555,11.3508,10.0953,12.3753,5.04788,3.60218,5.48176,6.28189,4.34702,6.92142,5.20818,3.29476,6.27905,6.57123,4.32257,7.04108,6.80764,5.51753,6.42061,2.07698,2.07698,2.83865,2.83865,2.16254,4.86957,2.07774,1.09447,0.956947
2019-03-13,-0.0624125,11.3508,10.0953,12.3753,4.75674,3.39144,5.16649,5.92211,4.09486,6.52071,4.51417,2.85572,5.44234,4.32224,2.84318,4.63128,6.62061,5.30145,6.22486,1.93016,1.93016,2.41385,2.41385,1.94069,4.86957,1.95179,0.948627,0.629433
2019-03-14,0.450818,11.3508,10.0953,12.3753,4.49308,3.2006,4.88098,5.5963,3.86651,6.199,4.31175,2.72766,5.1983,3.58987,2.36142,3.84655,5.94632,4.77308,5.59435,1.76632,1.76632,2.32982,2.32982,1.77242,4.86957,1.83773,0.906089,0.522781
2019-03-15,0.926849,11.3508,10.0953,12.3753,4.25095,3.02535,4.61878,5.29709,3.6568,5.86197,3.7175,2.35174,4.48186,3.76155,2.47435,4.03051,5.0301,3.98334,4.71607,1.79275,1.79275,2.16838,2.16838,1.33243,4.86957,1.73299,0.781211,0.547782
2019-03-16,2.19281,11.3508,10.0953,12.3753,4.07894,2.90084,4.4325,5.08452,3.50781,5.61765,3.34928,2.1188,4.03794,4.14999,2.72987,4.44672,5.06244,3.98684,4.73976,1.7038,1.7038,1.96157,1.96157,1.28575,4.86957,1.65858,0.703832,0.604349
2019-03-17,-0.582044,11.3508,10.0953,12.3753,4.28699,3.05143,4.65779,5.34162,3.688,5.89063,4.62147,2.9236,5.5717,5.90152,3.88203,6.32349,5.49058,4.39015,5.16045,1.4925,1.4925,1.88055,1.88055,1.55241,4.86957,1.74858,0.971175,0.85942
2019-03-18,0.180656,11.3508,10.0953,12.3753,4.11617,2.92779,4.47282,5.13053,3.54006,5.65688,4.76148,3.01217,5.74051,4.66638,3.06955,5.00003,5.24911,4.21883,4.94002,1.73561,1.73561,2.21012,2.21012,1.53597,4.86957,1.67468,1.0006,0.679549
2019-03-19,0.954703,11.3508,10.0953,12.3753,3.89681,2.76901,4.23528,4.85946,3.35007,5.37942,3.98177,2.49779,4.78335,4.52175,2.93953,4.78965,5.4535,4.36899,5.12815,1.62653,1.62653,2.03817,2.03817,1.56854,4.8171,1.57182,0.84403,0.658488
2019-03-20,0.399235,11.3508,9.26709,12.3317,3.76293,2.6721,4.0903,4.73405,3.21918,5.17539,3.8798,2.40306,4.62603,5.23357,3.36001,5.53366,5.87319,4.76719,5.54139,1.52542,1.52542,1.94502,1.94502,1.87727,4.75323,1.51417,0.822414,0.762148
2019-03-21,-1.43284,11.3508,9.26709,12.3317,3.57777,2.53809,3.8898,4.5059,3.05952,4.92416,4.06597,2.51837,4.84801,4.30735,2.76536,4.55433,5.32192,4.2851,5.01087,1.37464,1.37464,1.63363,1.63363,1.62497,4.75323,1.43443,0.861878,0.627265
2019-03-22,-0.133082,11.3508,9.26709,12.3317,3.67487,2.6095,3.99463,4.66698,3.14967,5.09123,3.90292,2.41738,4.6536,4.78337,3.07098,5.05765,5.54528,4.47074,5.22292,1.67964,1.67964,2.25673,2.25673,1.68,4.75323,1.48525,0.827316,0.696587
2019-03-23,0.294256,11.3508,9.26709,12.3317,3.49816,2.4816,3.80327,4.42448,2.99702,4.8485,3.58064,2.21777,4.26934,3.36253,2.15878,3.55534,4.68527,3.71414,4.39393,1.5406,1.5406,2.02235,2.02235,1.24546,4.75323,1.40884,0.759001,0.489674
2019-03-24,-0.338995,11.3508,9.26709,12.3317,3.32527,2.35646,3.61605,4.2302,2.84767,4.61341,3.6193,2.24171,4.31543,3.15252,2.02396,3.33329,5.30871,4.25124,4.99147,1.48194,1.48194,2.09066,2.09066,1.54335,4.69829,1.32997,0.767197,0.459092
2019-03-25,-1.4802,11.3508,9.26709,12.3317,3.2005,2.26615,3.48093,4.07103,2.73988,4.44269,3.53716,2.19083,4.21749,3.50165,2.2481,3.70244,5.1378,4.06486,4.81592,1.44209,1.44209,2.1249,2.1249,1.37167,4.69829,1.27617,0.749784,0.509934
2019-03-26,0.553845,11.3508,9.26709,12.3317,3.40708,2.41567,3.70464,4.30505,2.91834,4.72369,3.80725,2.35812,4.53953,5.55772,3.56811,5.8764,5.00634,4.00435,4.70574,1.47529,1.47529,2.38421,2.38421,1.43517,4.69829,1.36947,0.807037,0.809352
2019-03-27,2.52698,11.3508,9.26709,12.3317,3.25772,2.30756,3.54289,4.09012,2.78931,4.51794,3.65116,2.26144,4.35341,4.07457,2.61592,4.30821,4.9811,3.98655,4.68274,1.5175,1.5175,2.05132,2.05132,1.43067,4.69829,1.30489,0.773949,0.593367
2019-03-28,-0.440381,11.3508,9.26709,12.3317,3.77109,2.67915,4.09883,4.74728,3.23279,5.2205,4.80145,2.97391,5.72496,4.81997,3.09447,5.09635,5.91234,4.80966,5.58154,1.6113,1.6113,2.00502,2.00502,1.91588,4.69829,1.52685,1.01778,0.701916
2019-03-29,0.716684,11.3508,9.26709,12.3317,3.62,2.56979,3.93521,4.54006,3.10227,5.01149,3.60194,2.23096,4.29473,3.35715,2.15533,3.54966,5.22136,4.161,4.90325,1.70491,1.70491,2.06555,2.06555,1.4709,4.69829,1.46152,0.763516,0.488892
2019-03-30,0.201963,11.3508,9.26709,12.3317,3.47028,2.46142,3.77307,4.35411,2.97293,4.80665,3.56806,2.20997,4.25434,3.32733,2.13618,3.51813,4.08434,3.22867,3.82764,1.56273,1.56273,2.06612,2.06612,1.04741,4.69829,1.39679,0.756335,0.484549
2019-03-31,-0.030584,11.3508,9.26709,12.3317,3.29813,2.33681,3.58665,4.21187,2.82422,4.57718,3.52885,2.18569,4.20758,3.28742,2.11056,3.47592,4.74716,3.77988,4.45698,1.55131,1.55131,1.89978,1.89978,1.30937,4.68556,1.31827,0.748023,0.478737
2019-04-01,1.2774,11.3508,9.26709,12.3317,3.14605,2.22674,3.42197,4.00601,2.69285,4.36845,4.40239,2.72674,5.24914,3.3978,2.18142,3.59263,4.9388,3.94376,4.64029,1.46541,1.46541,1.70352,1.70352,1.38623,4.68556,1.2527,0.93319,0.49481
2019-04-02,16.0042,11.3508,9.26709,12.3317,3.16229,2.23849,3.43955,3.97642,2.70688,4.38785,4.1257,2.55536,4.91923,3.88546,2.49451,4.10825,4.71682,3.76059,4.42995,1.2942,1.2942,1.60738,1.60738,1.30164,4.68556,1.2597,0.87454,0.565827
2019-04-03,1.89075,11.3508,9.26709,12.3317,14.9992,10.8062,16.2577,18.6726,12.9321,20.5411,11.5539,7.15621,13.7762,12.9715,8.32784,13.7153,9.63737,7.55423,9.01243,2.05129,2.05129,2.46731,2.46731,2.33421,4.68556,6.36346,2.44912,1.889
2019-04-04,-1.01504,11.3508,9.26709,12.3317,14.1279,10.1755,15.3141,17.6445,12.1794,19.3732,5.97649,3.7017,7.126,7.61559,4.88929,8.05227,7.36941,5.70071,6.8688,1.78478,1.78478,1.87629,1.87629,1.67349,4.59403,5.93343,1.26686,1.10903
2019-04-05,2.28701,11.3508,9.26709,12.3317,13.2705,9.55491,14.3857,16.5256,11.4388,18.1987,4.86537,3.0135,5.80117,5.94866,3.81911,6.28976,7.64815,6.02232,7.1604,1.70766,1.70766,1.9538,1.9538,2.01372,4.59403,5.56701,1.03133,0.866285
2019-04-06,0.4583,11.3508,9.26709,12.3317,12.576,9.0522,13.6336,15.6631,10.8388,17.2349,5.85465,3.62623,6.98072,7.86386,5.04868,8.31478,7.45778,5.8038,6.96158,1.61177,1.61177,1.7263,1.7263,1.84411,4.59403,5.27019,1.24103,1.14519
2019-04-07,2.71161,11.3508,9.26709,12.3317,11.7762,8.47333,12.7675,14.6698,10.148,16.1187,5.10086,3.15935,6.08195,4.97805,3.19596,5.26349,6.03624,4.72053,5.64153,1.49102,1.49102,1.6265,1.6265,1.42534,4.59403,4.92839,1.08125,0.724937
2019-04-08,1.73285,11.3508,9.26709,12.3317,11.2746,8.11026,12.2244,14.0468,9.71466,15.41,7.19245,4.45483,8.57583,8.31334,5.33725,8.79003,7.037,5.55065,6.5911,1.46517,1.46517,1.53923,1.53923,1.80888,4.59403,4.71401,1.52461,1.21064
2019-04-09,-1.61633,11.3508,9.26709,12.3317,10.6558,7.66238,11.5543,13.2783,9.18012,14.5513,7.61315,4.71541,9.07745,8.87089,5.69521,9.37955,7.82926,6.15976,7.32841,1.46826,1.46826,1.36694,1.36694,2.04149,4.59403,4.44956,1.61379,1.29184
2019-04-10,2.27168,11.3508,9.26709,12.3317,10.1191,7.27389,10.9731,12.6117,8.71648,13.8004,7.33576,4.5436,8.74671,8.31231,5.33659,8.78894,8.53527,6.69602,7.9835,1.93056,1.93056,2.12809,2.12809,2.2475,4.59403,4.22018,1.55499,1.21049
2019-04-11,-5.00756,11.3508,9.26709,12.3317,9.66776,6.89252,10.5426,12.1015,8.20559,12.9708,8.42114,5.21586,10.0408,8.47137,5.43871,8.95712,6.96461,5.4223,6.50191,1.86296,1.86296,1.98495,1.98495,1.68422,4.59403,3.94618,1.78506,1.23366
2019-04-12,0.493426,11.3508,9.26709,12.3317,10.2084,7.28094,11.1312,12.7757,8.66602,13.6654,9.78503,6.06061,11.6671,10.5269,6.75841,11.1306,8.672,6.8772,8.13356,2.80677,2.80677,2.9867,2.9867,2.36416,4.68556,4.22827,2.07417,1.533
2019-04-13,0.138377,11.3508,9.26709,12.3317,9.62874,6.86449,10.5001,12.0529,8.17236,12.8668,6.83724,4.23483,8.15231,7.04177,4.5209,7.44555,7.82766,6.25435,7.35567,2.78494,2.78494,2.50072,2.50072,2.26545,4.68556,3.96277,1.44931,1.02547
2019-04-14,1.3861,11.3508,9.26709,12.3317,9.0804,6.47054,9.90309,11.3691,7.70536,12.1222,6.11388,3.78679,7.28981,6.02657,3.86913,6.37214,7.50188,5.91152,7.02477,2.58861,2.58861,2.44741,2.44741,1.97738,4.68556,3.71879,1.29598,0.877631
2019-04-15,-1.96617,11.3508,9.26709,12.3317,8.63013,6.14705,9.41286,10.8077,7.20597,11.5057,8.1846,5.06935,9.75882,8.08028,5.18763,8.5436,7.34482,5.85981,6.89931,2.65075,2.65075,2.22056,2.22056,2.12251,4.68556,3.51087,1.73492,1.1767
2019-04-16,3.27034,11.3508,9.26709,12.3317,8.3614,5.95398,9.12027,10.4726,6.98063,11.1372,8.00294,4.95684,9.54222,8.59411,5.51751,9.0869,7.74371,6.16385,7.26975,2.5552,2.5552,2.80799,2.80799,2.18142,4.68556,3.39813,1.69641,1.25153
2019-04-17,0.312349,11.3508,9.26709,12.3317,8.34518,5.94233,9.10262,10.4524,6.96704,11.1043,8.14495,5.04479,9.71154,9.86097,6.33085,10.4264,7.87755,6.30919,7.40704,2.5686,2.5686,2.44452,2.44452,2.31624,4.68556,3.38722,1.72651,1.43602
2019-04-18,0.8805,11.3508,9.26709,12.3317,7.87552,5.6049,8.59127,9.86675,6.57321,10.4704,7.48208,4.63422,8.92116,7.28478,4.67691,7.70249,7.10346,5.66901,6.67313,2.44912,2.44912,2.3245,2.3245,2.02325,4.68556,3.1624,1.586,1.06086
2019-04-19,0.102373,11.3508,9.26709,12.3317,7.45887,5.30556,8.13764,9.34722,6.22385,9.91157,6.9184,4.28509,8.24907,6.00086,3.85262,6.34495,6.80274,5.41669,6.38693,2.41627,2.41627,2.01786,2.01786,1.90815,4.68556,2.98926,1.46652,0.873886
2019-04-20,0.64038,11.3508,9.26709,12.3317,7.0434,5.00708,7.6853,8.82127,5.87547,9.35092,5.32796,3.30001,6.35273,5.06268,3.25029,5.35297,7.05095,5.58038,6.60978,2.13636,2.13636,2.12965,2.12965,1.92441,4.68556,2.8166,1.12939,0.737261
2019-04-21,-0.438487,11.3508,9.26709,12.3317,6.66519,4.73536,7.27352,8.19909,5.55834,8.84061,5.6362,3.49093,6.72026,5.95185,3.82115,6.29314,6.70321,5.34119,6.2946,2.05745,2.05745,1.83395,1.83395,1.90338,4.68556,2.65943,1.19473,0.866749
2019-04-22,1.58366,11.3508,9.26709,12.3317,6.32292,4.48945,6.90087,7.78022,5.27134,8.37945,7.23434,4.48078,8.62578,6.6614,4.27669,7.04337,6.15612,4.84318,5.76224,1.93804,1.93804,1.98667,1.98667,1.62924,4.68556,2.5172,1.53349,0.970079
2019-04-23,3.15376,11.3508,9.26709,12.3317,6.10249,4.33109,6.66087,7.51045,5.08651,8.07845,7.57984,4.69477,9.03773,8.23152,5.28473,8.70352,5.63535,4.49133,5.29214,1.96492,1.96492,1.85928,1.85928,1.57105,4.68556,2.42559,1.60672,1.19873
2019-04-24,-1.94793,11.3508,9.26709,12.3317,6.33257,4.49639,6.91138,7.79203,5.27943,8.36919,7.09463,4.39425,8.4592,8.97491,5.76199,9.48953,6.56653,5.20878,6.15921,2.01546,2.01546,1.76153,1.76153,1.79648,4.68556,2.52121,1.50387,1.30699
2019-04-25,-4.76609,11.3508,9.26709,12.3317,6.27485,4.45492,6.84853,7.72139,5.23103,8.28199,7.61517,4.71666,9.07986,7.7801,4.99491,8.22622,6.95238,5.51235,6.52037,2.06263,2.06263,2.21347,2.21347,1.9165,4.68556,2.49722,1.61421,1.13299
2019-04-26,1.31238,11.3508,9.26709,12.3317,7.36304,5.23672,8.0333,9.05311,6.14349,9.69468,7.61459,4.76595,9.07917,8.08918,5.19334,8.55302,8.44038,6.72753,7.92653,2.54229,2.54229,3.16597,3.16597,2.44784,4.69829,2.9793,1.61409,1.178
2019-04-27,-0.209661,11.3508,9.26709,12.3317,7.02313,4.99252,7.66323,8.63714,5.85848,9.23749,6.70769,4.19833,7.99784,6.4741,4.15644,6.84533,7.48106,5.98309,7.03167,2.3792,2.3792,2.37732,2.37732,2.17516,4.69829,2.8345,1.42185,0.942802
2019-04-28,0.319289,11.3508,9.26709,12.3317,6.6436,4.71984,7.25001,8.17266,5.54024,8.7477,5.32644,3.55814,6.7643,4.28309,3.21917,5.33529,7.22016,5.75737,6.78132,2.35765,2.35765,2.35972,2.35972,2.04812,4.68556,2.65046,1.21778,0.747945
2019-04-29,-0.717525,11.3508,9.26709,12.3317,6.27962,4.45835,6.85372,7.72723,5.23503,8.26631,7.45236,4.97828,9.4641,5.4451,4.09253,6.78275,7.36702,5.9289,6.93558,2.51525,2.51525,2.00864,2.00864,2.25362,4.68556,2.4992,1.70383,0.950862
2019-04-30,1.95087,11.3508,9.19453,12.2934,5.99073,4.2508,6.5392,7.37369,4.91905,7.86164,6.77123,4.75398,8.88849,4.87737,4.07935,6.58701,8.07997,6.49195,7.60356,2.37725,2.37725,2.06618,2.06618,2.44171,4.59403,2.37915,1.6336,0.950029
2019-05-01,0.966591,11.3508,9.19453,12.2934,5.99995,4.27405,6.52927,7.55199,4.90061,7.83443,6.62954,4.6545,8.70249,5.83329,4.87887,7.87801,7.35412,5.97227,6.93957,2.2251,2.2251,1.91232,1.91232,2.37998,4.59403,2.3432,1.59941,1.13623
2019-05-02,1.881,11.3508,9.19453,12.2934,5.74104,4.08726,6.24825,7.22823,4.68764,7.49888,6.54043,4.59194,8.58552,4.94281,4.13408,6.67539,6.79703,5.44856,6.39249,2.04254,2.04254,1.87549,1.87549,2.01079,4.59403,2.22575,1.57791,0.962775
2019-05-03,4.66673,11.3508,9.19453,12.2934,5.63827,4.01311,6.1367,7.09972,4.6031,7.36567,5.29286,3.71604,6.94785,4.79614,4.01141,6.47731,5.63231,4.47874,5.28624,1.85525,1.85525,1.77261,1.77261,1.57236,4.59403,2.18377,1.27693,0.934206
2019-05-04,1.08417,11.3508,9.19453,12.2934,6.53194,4.65786,7.10671,8.21723,5.33821,8.52392,5.36429,3.76619,7.04162,5.81182,4.86091,7.84901,7.54586,6.06355,7.10116,2.09486,2.09486,1.62108,1.62108,2.24162,4.59403,2.54759,1.29416,1.13204
2019-05-05,-0.609952,11.3508,9.19453,12.2934,6.25107,4.45522,6.80185,7.86601,5.10717,8.15989,5.02513,3.52807,6.59641,5.1943,4.34443,7.01504,6.5374,5.23304,6.14609,2.11411,2.11411,1.82509,1.82509,1.88432,4.59403,2.42941,1.21234,1.01176
2019-05-06,-0.847332,11.3508,9.19453,12.2934,5.97986,4.25955,6.50747,7.52687,4.88408,7.80837,7.94522,5.57822,10.4296,5.90144,4.93586,7.97004,6.8724,5.51683,6.46573,1.97194,1.97194,1.78569,1.78569,2.01544,4.59403,2.31895,1.91683,1.1495
2019-05-07,1.42871,11.3508,9.19453,12.2934,5.75221,4.09531,6.26037,7.2422,4.69682,7.51332,7.7149,5.41652,10.1272,6.41933,5.36902,8.66946,7.17596,5.79101,6.76048,2.10729,2.10729,1.91536,1.91536,2.21805,4.59403,2.22623,1.86126,1.25038
2019-05-08,2.58999,11.3508,9.19453,12.2934,5.56685,3.96159,6.05918,7.01041,4.54435,7.27308,6.97111,4.89431,9.15087,6.32962,5.29399,8.54831,7.17483,5.7659,6.75215,1.8881,1.8881,1.93807,1.93807,2.16482,4.59403,2.15073,1.68182,1.2329
2019-05-09,3.16011,11.3508,9.19453,12.2934,5.65929,4.02828,6.15952,7.12601,4.62039,7.39288,8.27592,5.8104,10.8637,7.07431,5.91683,9.55402,6.59776,5.31036,6.21154,1.95419,1.95419,1.75606,1.75606,2.00585,4.59403,2.18836,1.99661,1.37795
2019-05-10,3.25551,11.3508,9.19453,12.2934,5.92304,4.21856,6.44579,7.45582,4.83734,7.7347,6.64113,4.66264,8.71771,6.59908,5.51936,8.91222,6.31804,5.05673,5.93965,1.80878,1.80878,1.75733,1.75733,1.82455,4.59403,2.29576,1.60221,1.28539
2019-05-11,12.1756,11.3508,9.19453,12.2934,6.18305,4.40615,6.72802,7.78096,5.05122,8.07168,6.6147,4.64408,8.68302,5.99049,5.01034,8.09031,7.18214,5.76366,6.75659,1.48346,1.48346,1.44711,1.44711,2.11294,4.59403,2.40163,1.59583,1.16685
2019-05-12,-3.27881,11.3508,9.19453,12.2934,11.6338,8.33861,12.6444,14.597,9.53486,15.1361,9.53281,6.69285,12.5136,10.0139,8.37549,13.5241,9.3801,7.44775,8.8004,1.9153,1.9153,1.90866,1.90866,2.55593,4.59403,4.62134,2.29984,1.95055
2019-05-13,11.4079,11.3508,9.19453,12.2934,11.4109,8.17785,12.4025,14.3183,9.35157,14.8473,11.9468,8.38769,15.6824,11.438,9.56657,15.4473,11.2535,9.00469,10.5788,2.31913,2.31913,2.501,2.501,3.23091,4.59403,4.53056,2.88224,2.22793
2019-05-14,2.27092,11.3508,9.19453,12.2934,14.3514,10.2992,15.5941,17.9953,11.7703,18.6581,17.7684,12.4749,23.3243,18.525,15.494,25.0185,15.2802,12.1712,14.3475,2.70738,2.70738,2.73794,2.73794,4.24097,4.59403,5.72794,4.28673,3.60836
2019-05-15,2.60208,11.3508,9.19453,12.2934,13.7156,9.84057,14.904,17.2003,11.2473,17.8341,15.0341,10.5553,19.7351,13.0239,10.8929,17.589,11.2106,9.04369,10.5605,2.48333,2.48333,2.19152,2.19152,3.44864,4.59403,5.46899,3.62707,2.53683
2019-05-16,-3.98134,11.3508,9.19453,12.2934,13.1586,9.43871,14.2994,16.5037,10.7891,17.1122,14.2814,10.0268,18.747,11.8316,9.89575,15.9789,10.6044,8.46953,9.96392,2.21509,2.21509,2.05682,2.05682,3.03581,4.59403,5.2421,3.44548,2.3046
2019-05-17,-7.10813,11.3508,9.19453,12.2934,12.9599,9.29538,14.0838,16.2553,10.6257,16.8547,13.3478,9.37129,17.5214,12.1119,10.1302,16.3574,9.90438,7.9656,9.32275,3.05268,3.05268,2.82763,2.82763,2.97765,4.59403,5.16113,3.22023,2.35919
2019-05-18,-0.994703,11.3508,9.19453,12.2934,13.737,9.85603,14.9273,17.2271,11.265,17.8618,15.199,10.671,19.9515,13.4604,11.2581,18.1787,14.2897,11.597,13.4819,4.30232,4.30232,4.40782,4.40782,4.50738,4.68556,5.48212,3.66685,2.62186
2019-05-19,11.993,11.3508,9.19453,12.2934,13.0608,9.36817,14.1933,16.3815,10.7087,16.9853,11.7426,8.24434,15.4144,9.43044,7.88745,12.736,15.1574,12.4212,14.3365,3.53897,3.53897,3.77486,3.77486,5.10522,4.68556,5.20578,2.83298,1.83689
2019-05-20,-2.71259,11.3508,9.19453,12.2934,15.8709,11.3955,17.2434,19.8954,13.0202,20.6271,20.8893,14.6661,27.4211,17.9349,15.0005,24.2216,17.2433,14.1841,16.3255,4.36286,4.36286,3.27941,3.27941,5.95749,4.68556,6.35038,5.03967,3.49342
2019-05-21,-0.187952,11.3508,9.19453,12.2934,15.4221,11.0723,16.7508,19.1939,12.6089,19.8895,19.3885,13.6124,25.451,14.5612,12.1787,19.6652,13.8065,11.2277,13.0329,3.78554,3.78554,3.40778,3.40778,4.41977,4.68556,6.2322,4.67759,2.83627
2019-05-22,-3.62188,11.3508,9.19453,12.2934,14.5781,10.463,15.8351,18.1464,11.9168,18.8044,14.8177,10.4033,19.4509,9.06574,7.58243,12.2435,14.3314,11.7519,13.5575,3.57947,3.57947,3.53877,3.53877,4.78268,4.68556,5.88412,3.57484,1.76585
2019-05-23,2.5934,11.3508,9.19453,12.2934,14.1718,10.1697,15.3943,17.6422,11.5836,18.282,15.8652,11.1387,20.826,12.3562,10.3345,16.6873,15.7394,12.9459,14.9014,3.86515,3.86515,4.07157,4.07157,5.41595,4.68556,5.71653,3.82757,2.40677
2019-05-24,1.32995,11.3508,9.19453,12.2934,13.5503,9.72105,14.72,16.8708,11.0738,17.4829,13.8306,9.71029,18.1553,9.91497,8.29271,13.3904,13.3557,10.9376,12.6303,3.386,3.386,2.88163,2.88163,4.51062,4.68556,5.46019,3.33672,1.93127
2019-05-25,0.812631,11.3508,9.19453,12.2934,12.8436,9.21086,13.9533,15.9936,10.4942,16.5743,11.1902,7.85645,14.6892,9.29081,7.77067,12.5475,9.80407,7.96974,9.25377,3.30484,3.30484,2.71938,2.71938,3.09835,4.68556,5.16869,2.69969,1.80969
2019-05-26,7.42516,11.3508,9.19453,12.2934,12.1518,8.71145,13.2027,15.135,9.92683,15.6848,10.7559,7.55156,14.1191,7.44896,6.23018,10.06,11.0641,9.01898,10.4506,3.01224,3.01224,2.30246,2.30246,3.58523,4.68556,4.88336,2.59492,1.45093
2019-05-27,1.51685,11.3508,9.19453,12.2934,13.0651,9.3708,14.1936,16.2686,10.6759,16.8589,15.8635,11.1375,20.8238,13.1996,11.0399,17.8264,14.1843,11.6686,13.4296,3.786,3.786,2.43148,2.43148,4.88682,4.68556,5.26008,3.82715,2.57106
2019-05-28,-0.979329,11.3508,9.19453,12.2934,12.4007,8.89115,13.4728,15.4439,10.131,16.0047,14.6034,10.2528,19.1697,9.74416,8.14985,13.1597,12.6931,10.3307,11.9844,3.13955,3.13955,2.10429,2.10429,4.09292,4.68556,4.98603,3.52315,1.898
2019-05-29,-0.695928,11.3508,9.19453,12.2934,11.7688,8.43496,12.7871,14.6596,9.6127,15.1921,13.958,9.7997,18.3224,8.27507,6.92112,11.1757,11.9896,9.74373,11.3158,3.28911,3.28911,2.35713,2.35713,3.84897,4.68556,4.72538,3.36744,1.61184
2019-05-30,-4.00568,11.3508,9.19453,12.2934,11.1552,7.99202,12.1214,13.8981,9.10948,14.4032,11.9537,8.3925,15.6914,7.73756,6.47156,10.4498,11.3343,9.20388,10.6952,2.85127,2.85127,2.32858,2.32858,3.61084,4.68556,4.41999,2.88389,1.50714
2019-05-31,3.01941,11.3508,9.19453,12.2934,11.1602,7.99563,12.1269,13.9043,9.11359,14.4096,11.7459,8.24663,15.4187,7.98287,6.67673,10.7811,12.3908,10.2242,11.7408,3.30686,3.30686,2.73698,2.73698,4.38256,4.68556,4.42038,2.83377,1.55493
2019-06-01,-0.122358,11.3508,9.19453,12.2934,10.8262,7.75447,11.7644,13.4897,8.83961,13.9801,9.72633,6.82871,12.7676,7.70544,6.4447,10.4064,8.86546,7.21213,8.36946,2.96102,2.96102,2.49471,2.49471,2.83378,4.68556,4.28068,2.34653,1.50089
2019-06-02,2.06793,11.3508,9.19453,12.2934,10.2427,7.33327,11.1314,12.7655,8.36108,13.2299,9.51414,6.67974,12.4891,6.56397,5.48999,8.8648,9.57133,7.84142,9.05236,3.08319,3.08319,2.661,2.661,3.17757,4.68556,4.01556,2.29534,1.27855
2019-06-03,-6.30181,11.3508,9.19453,12.2934,9.81852,7.02707,10.6712,12.2391,8.01321,12.6844,13.3186,9.35078,17.4831,8.73023,7.30182,11.7904,12.0713,9.84027,11.402,3.06741,3.06741,2.33894,2.33894,3.91174,4.68556,3.84387,3.21318,1.7005
2019-06-04,-6.30015,11.3508,9.19453,12.2934,10.8563,7.77627,11.7972,13.5271,8.86437,14.0184,14.6882,10.3124,19.281,10.9505,9.1588,14.7889,13.6219,11.1126,12.8691,3.5319,3.5319,3.32791,3.32791,4.45656,4.70024,4.2981,3.54361,2.13297
2019-06-05,1.49965,11.3508,9.19453,12.2934,11.7059,8.38959,12.7189,14.5816,9.56116,15.1103,13.7856,9.67869,18.0962,11.4581,9.58338,15.4745,13.5775,11.2684,12.8848,3.94847,3.94847,4.04999,4.04999,4.93537,4.77079,4.69946,3.32586,2.23185
2019-06-06,-0.028226,11.3508,9.19453,12.2934,11.123,7.96875,12.0865,13.8581,9.08305,14.3607,14.7958,10.3879,19.4223,10.3652,8.66923,13.9984,11.976,9.91347,11.3573,3.48612,3.48612,3.32092,3.32092,4.25463,4.77079,4.45902,3.56958,2.01895
2019-06-07,2.79772,11.3508,9.19453,12.2934,10.5205,7.53379,11.4328,13.1103,8.58889,13.5859,11.2563,7.9029,14.776,6.67182,5.58019,9.01045,11.6929,9.6686,11.0856,3.28831,3.28831,2.7668,2.7668,4.14176,4.77079,4.2105,2.71565,1.29956
2019-06-08,-1.12294,11.3508,9.19453,12.2934,10.1954,7.29915,11.0801,12.7068,8.32232,13.1678,9.54115,6.6987,12.5245,6.41295,5.36368,8.66085,11.3055,9.33996,10.7158,3.50153,3.50153,2.45166,2.45166,3.99876,4.77079,4.0761,2.30185,1.24913
2019-06-09,-3.40203,11.3508,9.19453,12.2934,9.71296,6.95086,10.5567,12.108,7.92663,12.5475,9.45299,6.63681,12.4088,7.42445,6.11855,9.99077,11.2725,9.29225,10.6784,3.19744,3.19744,3.06719,3.06719,3.92816,4.77079,3.86375,2.28059,1.44616
2019-06-10,3.98121,11.3508,9.19453,12.2934,9.76351,6.98816,10.6108,12.1404,7.93061,12.503,14.3931,10.1052,18.8937,11.6001,9.5597,15.6097,12.3918,10.2747,11.7567,3.38856,3.38856,3.55806,3.55806,4.43062,4.77079,3.84897,3.47242,2.25949
2019-06-11,-0.9118,11.3508,9.19453,12.2934,9.79084,7.00789,10.6404,12.1743,7.95291,12.5374,14.2255,9.98752,18.6736,10.8615,8.95107,14.6159,11.1924,9.30762,10.627,3.30752,3.30752,3.16649,3.16649,4.08171,4.77079,3.8601,3.43198,2.11564
2019-06-12,2.71447,11.3508,9.19453,12.2934,9.32709,6.67308,10.1373,11.6001,7.57432,11.946,13.0922,9.19182,17.1859,7.68761,6.33542,10.3449,11.1722,9.23098,10.5898,2.86151,2.86151,3.21379,3.21379,3.96875,4.77079,3.67114,3.15856,1.49741
2019-06-13,1.03887,11.3508,9.19453,12.2934,9.09157,6.50305,9.88182,11.3085,7.38205,11.6454,13.2053,9.27126,17.3344,9.55531,7.87461,12.8582,10.3515,8.55232,9.81174,2.72512,2.72512,2.81663,2.81663,3.6767,4.77079,3.57517,3.18586,1.86121
2019-06-14,5.47156,11.3508,9.19453,12.2934,8.64603,6.18138,9.39846,10.7569,7.01832,11.0771,10.9901,7.716,14.4266,7.19803,5.93195,9.68609,9.78873,8.057,9.26921,2.6797,2.6797,2.81464,2.81464,3.39499,4.77079,3.39363,2.65143,1.40205
2019-06-15,1.64892,11.3508,9.19453,12.2934,9.337,6.68023,10.1481,11.6124,7.58241,11.957,9.7736,6.8619,12.8297,8.08866,6.66592,10.8846,10.7057,8.85298,10.1499,2.85483,2.85483,2.75054,2.75054,3.79316,4.77079,3.67517,2.35794,1.57553
2019-06-16,1.75089,11.3508,9.19453,12.2934,8.93259,6.38827,9.70935,11.1117,7.25226,11.441,10.3282,7.25131,13.5577,8.45812,6.9704,11.3817,10.5051,8.68067,9.95779,2.69924,2.69924,2.79264,2.79264,3.71817,4.77079,3.51039,2.49175,1.6475
2019-06-17,3.55885,11.3508,9.19453,12.2934,8.56764,6.12479,9.31341,10.6598,6.95432,10.9753,13.7177,9.63099,18.007,10.1432,8.35907,13.6492,10.4281,8.55664,9.86664,2.49074,2.49074,2.57565,2.57565,3.47704,4.77079,3.36168,3.30947,1.97572
2019-06-18,-2.59321,11.3508,9.19453,12.2934,8.60613,6.15257,9.35517,10.7075,6.98574,11.0236,13.3769,9.39171,17.5596,10.6594,8.78452,14.3439,9.74158,8.12685,9.25716,2.55083,2.55083,2.29954,2.29954,3.59018,4.77079,3.37737,3.22725,2.07627
2019-06-19,2.08949,11.3508,9.19453,12.2934,8.50311,6.0782,9.24341,10.5799,6.90164,10.8917,12.6716,8.89657,16.6339,9.52146,7.81121,12.7577,11.4409,9.49542,10.8572,2.70095,2.70095,2.92442,2.92442,4.11983,4.77079,3.33539,3.0571,1.85462
2019-06-20,2.69835,11.3508,9.19453,12.2934,8.21841,5.87266,8.93455,10.2274,6.66922,10.5281,13.6014,9.54935,17.8544,10.1532,8.32944,13.6042,10.781,8.85323,10.2027,2.56512,2.56512,2.7538,2.7538,3.66854,4.77079,3.21938,3.28142,1.97766
2019-06-21,6.27906,11.3508,9.19453,12.2934,8.07458,5.76882,8.7785,10.0493,6.5518,10.3439,12.0849,8.4846,15.8636,9.25174,7.58994,12.3964,10.2378,8.47598,9.70923,2.3918,2.3918,2.40056,2.40056,3.63463,4.77079,3.16078,2.91554,1.80208
2019-06-22,5.34645,11.3508,9.19453,12.2934,9.23194,6.60439,10.0341,11.4823,7.49664,11.8166,10.6205,7.4565,13.9414,10.163,8.33752,13.6174,10.5572,8.72004,10.006,2.43192,2.43192,2.46759,2.46759,3.67474,4.77079,3.63237,2.56226,1.97958
2019-06-23,1.42582,11.3508,9.19453,12.2934,9.77888,6.99926,10.6275,12.1595,7.94315,12.5117,12.4048,8.70922,16.2836,12.2786,10.0732,16.4521,10.5616,8.72952,10.012,2.50693,2.50693,2.34269,2.34269,3.7266,4.77079,3.85523,2.99272,2.39167
2019-06-24,1.42441,11.3508,9.19453,12.2934,9.32291,6.67006,10.1328,11.5949,7.5709,11.9295,15.6458,10.9847,20.538,11.865,9.73377,15.8978,11.242,9.30997,10.6624,2.51575,2.51575,2.309,2.309,4.00872,4.77079,3.66943,3.77463,2.31109
2019-06-25,6.84254,11.3508,9.19453,12.2934,8.89536,6.36139,9.66896,11.0656,7.22187,11.3835,14.5803,10.2366,19.1393,11.3985,9.35112,15.2728,10.4846,8.66854,9.9398,2.46422,2.46422,2.20624,2.20624,3.70845,4.77079,3.49522,3.51758,2.22024
2019-06-26,9.88677,11.3508,9.19453,12.2934,10.1449,7.26352,11.0246,12.6127,8.24197,12.9721,15.9356,11.1882,20.9185,12.965,10.6362,17.3717,11.2119,9.26698,10.6284,2.42839,2.42839,2.12033,2.12033,3.90748,4.77079,4.00438,3.84456,2.52536
2019-06-27,-15.182,11.3508,9.19453,12.2934,12.6648,9.08279,13.7584,15.7326,10.2992,16.1763,17.8039,12.4998,23.3709,15.7309,12.9053,21.0777,11.419,9.42589,10.8211,2.66733,2.66733,2.21176,2.21176,4.01738,4.77079,5.03116,4.29528,3.06411
2019-06-28,10.391,11.6268,9.26709,12.5309,17.8096,12.7971,19.3399,22.1025,14.676,22.9849,22.6517,15.9673,29.8687,22.5339,18.5703,30.3204,23.0332,18.3998,21.6432,4.13139,4.13139,6.48908,6.48908,6.5228,4.8171,7.16149,5.46485,4.38921
2019-06-29,-3.67724,11.6268,9.26709,12.5309,18.9689,13.6341,20.5976,23.5379,15.6338,24.4714,19.4341,13.6991,25.6259,27.6979,22.8261,37.2688,18.2598,14.8035,17.2229,3.57262,3.57262,3.36865,3.36865,5.71458,4.8171,7.63606,4.68857,5.39508
2019-06-30,-10.0382,11.6268,9.26709,12.5309,19.2411,13.8023,20.9073,22.6455,15.8795,23.8332,17.639,12.4338,23.2589,18.7822,15.4786,25.2724,16.1686,13.2163,15.2829,3.22474,3.22474,3.29474,3.29474,5.31292,4.8171,7.67146,4.2555,3.65846
2019-07-01,-2.18717,11.6268,10.0395,12.5309,20.4394,14.6669,22.2077,24.0525,16.8716,25.3096,29.5316,20.817,38.9406,30.5551,25.1807,41.1134,19.907,16.6231,18.9219,4.29202,4.29202,5.54734,5.54734,7.4273,4.86895,8.21875,7.12467,5.95162
2019-07-02,2.04398,11.6268,10.0395,12.5309,19.261,13.8167,20.9289,22.6689,15.896,23.851,22.5576,15.901,29.7446,20.4354,16.841,27.4968,16.3656,13.7919,15.5935,3.75639,3.75639,5.00054,5.00054,6.4803,4.86895,7.73497,5.44215,3.98046
2019-07-03,10.1972,11.6268,10.0395,12.5309,18.0952,12.9755,19.6637,21.2999,14.9309,22.4077,18.556,13.0802,24.4681,17.5092,14.4294,23.5594,15.5171,12.7759,14.6948,4.24286,4.24286,3.51422,3.51422,5.24873,4.86895,7.25633,4.47675,3.41049
2019-07-04,-6.43827,11.6268,10.0395,12.5309,19.3066,13.8496,20.9783,22.7223,15.9337,23.8984,23.5776,16.6199,31.0895,23.5966,19.4462,31.7504,19.3287,15.8442,18.2833,4.67108,4.67108,3.65442,3.65442,6.49852,4.86895,7.75367,5.68822,4.59622
2019-07-05,-2.1356,11.6268,10.0395,12.5309,19.1321,13.7237,20.789,22.5166,15.7893,23.6778,21.3198,15.0284,28.1124,20.5916,16.9697,27.707,17.7653,14.6825,16.8405,4.61378,4.61378,4.52006,4.52006,6.32178,5.00818,7.68203,5.14353,4.01089
2019-07-06,2.07418,11.6268,10.0395,12.5309,18.0445,12.9388,19.6086,21.2381,14.8888,22.3301,16.4521,11.5971,21.6938,16.2455,13.388,21.859,16.5382,13.8547,15.7332,4.88627,4.88627,3.75253,3.75253,6.36573,5.00818,7.23549,3.96916,3.16434
2019-07-07,2.13867,11.6268,10.0395,12.5309,16.968,12.1621,18.4403,19.8917,13.9976,20.9964,16.9077,11.9183,22.2946,14.3851,11.8549,19.3559,15.2466,12.7812,14.507,4.13964,4.13964,3.40405,3.40405,5.84728,5.00818,6.79351,4.07908,2.80198
2019-07-08,7.03933,11.6268,10.0395,12.5309,15.9755,11.4459,17.3631,18.6902,13.1759,19.7661,20.1159,14.1798,26.5249,14.9482,12.3189,20.1135,15.2713,12.8514,14.5453,3.64477,3.64477,3.07913,3.07913,5.98284,5.00818,6.38602,4.85307,2.91166
2019-07-09,2.31593,11.6268,10.0395,12.5309,16.2327,11.6315,17.6423,18.9903,13.3888,20.0804,21.7839,15.3556,28.7244,18.3237,15.1007,24.6553,14.8567,12.5219,14.1563,4.3914,4.3914,2.92103,2.92103,5.93392,5.00818,6.49163,5.25549,3.56914
2019-07-10,-3.37513,11.6268,10.0395,12.5309,15.3136,10.9683,16.6448,17.9179,12.6279,18.9404,19.844,13.9881,26.1664,16.1523,13.3113,21.7337,15.3478,12.9261,14.6213,3.8152,3.8152,2.80741,2.80741,6.06228,5.00818,6.11428,4.78748,3.1462
2019-07-11,-6.78844,11.6268,10.0395,12.5309,14.7439,10.5572,16.0264,17.253,12.1562,18.2303,20.7041,14.5944,27.3005,16.5941,13.6753,22.3281,14.9198,12.6559,14.2406,4.14031,4.14031,3.38639,3.38639,6.20684,5.00818,5.88036,4.99497,3.23224
2019-07-12,3.94728,11.6268,10.0395,12.5309,15.313,10.9679,16.6442,17.9172,12.6274,18.9222,19.328,13.6244,25.486,18.2,14.9988,24.489,14.3431,12.0601,13.6582,4.46108,4.46108,4.26096,4.26096,5.64277,5.01931,6.16164,4.66299,3.54506
2019-07-13,-3.65088,11.6268,10.0395,12.5309,14.7401,10.5545,16.0224,17.2487,12.1531,18.2073,16.0985,11.3479,21.2275,14.3771,11.8483,19.345,14.8526,12.548,14.1612,3.97319,3.97319,3.28064,3.28064,5.9225,5.01931,5.92467,3.88385,2.80041
2019-07-14,-10.5076,11.6268,10.0395,12.5309,14.2886,10.2287,15.5324,16.7218,11.7793,17.6414,18.4109,12.9779,24.2767,16.0695,13.243,21.6223,16.2687,13.732,15.5077,4.00913,4.00913,4.19059,4.19059,6.52552,5.01931,5.73792,4.44174,3.13007
2019-07-15,6.04436,11.6268,10.0962,12.5475,16.7666,12.0168,18.2217,19.6133,13.8308,20.6758,25.5023,17.9767,33.6275,23.2117,19.1289,31.2324,19.7696,16.6345,18.8291,5.21083,5.21083,5.35061,5.35061,7.98277,5.0693,6.79604,6.15257,4.52124
2019-07-16,-13.9377,11.6268,10.0962,12.5475,16.5907,11.8898,18.0308,19.4081,13.6852,20.4455,24.0884,16.98,31.7631,23.1984,19.118,31.2146,18.1154,15.545,17.3443,4.62638,4.62638,4.12173,4.12173,7.95703,5.0693,6.72294,5.81147,4.51866
2019-07-17,2.25512,12.2066,10.2391,12.6955,20.4635,14.6844,22.234,23.9271,17.0586,25.1905,28.8178,20.3138,37.9993,29.3442,24.1828,39.484,22.0209,18.5412,20.977,5.7768,5.7768,5.93502,5.93502,8.78605,5.0737,8.35964,6.95245,5.71575
2019-07-18,9.56196,12.2066,10.2391,12.6955,19.2309,13.795,20.8962,22.4888,16.0282,23.6583,24.6632,17.3852,32.521,22.4017,18.4614,30.1425,19.3273,16.6177,18.5144,4.95748,4.95748,5.43835,5.43835,8.57407,5.0737,7.84579,5.95013,4.36347
2019-07-19,-1.28085,12.2066,10.2391,12.6955,19.978,14.334,21.707,23.3606,16.6527,24.5532,22.6461,15.9633,29.8612,24.9806,20.5867,33.6125,19.9859,16.7637,19.0192,5.62854,5.62854,4.66144,4.66144,7.72703,5.0737,8.15724,5.46349,4.86579
2019-07-20,2.2201,12.2066,10.2391,12.6955,18.8196,13.5641,20.3754,21.8438,15.7432,23.0287,17.4931,12.3309,23.0665,14.8278,12.2197,19.9516,19.182,16.1245,18.2647,5.13667,5.13667,4.90127,4.90127,7.49158,5.0737,7.67344,4.2203,2.88821
2019-07-21,-1.57293,12.2066,10.2391,12.6955,17.6504,12.7162,19.1112,20.4898,14.762,21.5809,18.8206,13.2667,24.817,16.6426,13.7153,22.3933,19.5591,16.5153,18.646,4.93585,4.93585,4.86317,4.86317,7.80371,5.0737,7.18547,4.54058,3.24168
2019-07-22,-2.44494,12.2066,10.2391,12.6955,16.567,11.9304,17.9397,19.2351,13.8529,20.2401,22.8087,16.0779,30.0757,16.2322,13.3771,21.8411,18.909,16.0085,18.0389,4.8072,4.8072,4.64344,4.64344,7.73329,5.0737,6.73332,5.50273,3.16175
2019-07-23,-4.37079,12.2066,10.2391,12.6955,15.6847,11.2905,16.9856,18.2133,13.1125,19.145,19.7404,13.9151,26.0298,15.1207,12.4611,20.3456,17.8983,15.113,17.0627,4.29295,4.29295,4.954,4.954,7.25157,5.0737,6.36508,4.76248,2.94525
2019-07-24,-0.901373,12.2066,10.2391,12.6955,15.31,11.0187,16.5804,17.7793,12.798,18.6771,20.0975,14.1668,26.5006,17.1148,14.1045,23.0288,17.9961,15.2618,17.1758,4.28018,4.28018,5.01206,5.01206,7.47056,5.0737,6.20869,4.84862,3.33368
2019-07-25,1.01316,12.2066,10.2391,12.6955,14.3413,10.3161,15.533,16.6574,11.9199,17.4885,18.5095,13.0474,24.4067,13.4211,11.0604,18.0587,16.2888,13.7263,15.52,4.40969,4.40969,4.85165,4.85165,6.62264,5.0737,5.8044,4.46552,2.6142
2019-07-26,-0.419962,12.2066,10.2391,12.6955,13.4119,9.64208,14.528,15.581,11.1441,16.3595,14.0563,9.90834,18.5347,8.47237,6.98215,11.4,16.0962,13.6092,15.3501,4.0358,4.0358,4.8411,4.8411,6.5871,5.0737,5.41651,3.39116,1.65027
2019-07-27,-4.05913,12.2066,10.2391,12.6955,12.5521,9.01845,13.5982,14.5853,10.4263,15.315,8.27953,5.83627,10.9174,6.23026,5.13441,8.38311,15.9325,13.405,15.1742,4.05406,4.05406,4.31646,4.31646,6.33008,5.0737,5.05765,1.99748,1.21355
2019-07-28,0.790132,12.2066,10.2391,12.6955,12.452,8.94588,13.49,14.4693,10.3428,15.1934,13.1681,9.28227,17.3636,10.4993,8.65256,14.1273,16.0429,13.5002,15.2801,4.31493,4.31493,4.59458,4.59458,6.32726,5.0737,5.01588,3.17689,2.04509
2019-07-29,-0.35355,12.2066,10.2391,12.6955,11.6515,8.36526,12.6244,13.5422,9.67458,14.2209,14.5719,10.2718,19.2145,10.3935,8.56533,13.9849,15.3001,12.7868,14.5461,3.57724,3.57724,4.39316,4.39316,5.78771,5.0737,4.68177,3.51554,2.02447
2019-07-30,0.923097,12.2066,10.2391,12.6955,10.919,7.83397,11.8323,12.6939,9.06312,13.331,12.0092,8.46533,15.8354,7.7247,6.36599,10.3939,15.0825,12.4791,14.3015,3.53144,3.53144,3.97829,3.97829,5.34637,5.0737,4.37604,2.89729,1.50464
2019-07-31,4.85753,12.2066,10.2391,12.6955,10.2388,7.34069,11.0968,11.9061,8.49539,12.5048,9.42707,6.64518,12.4306,7.48528,6.16868,10.0718,14.1839,11.3195,13.3246,3.217,3.217,3.74704,3.74704,4.04145,5.0737,4.09219,2.27433,1.458
2019-08-01,3.06626,12.2066,10.2391,12.6955,10.5212,7.5455,11.4022,12.2334,8.73111,12.8479,12.7772,8.97067,16.7571,10.482,8.65197,13.974,14.9943,12.2754,14.1787,3.36609,3.36609,3.65738,3.65738,5.05506,5.0693,4.1933,3.08257,2.05424
2019-08-02,1.13307,12.2066,10.2391,12.6955,10.1962,7.30974,11.0507,11.8569,8.45977,12.453,12.1737,8.54694,15.9656,9.70712,8.01234,12.9409,14.6659,12.164,13.9154,3.10292,3.10292,3.03202,3.03202,5.30609,5.0693,4.05813,2.93696,1.90237
2019-08-03,2.84511,12.2066,10.2391,12.6955,9.58536,6.86673,10.3902,11.1494,7.9499,11.711,8.71276,6.1171,11.4267,7.21281,5.95351,9.61565,13.9687,11.6832,13.283,2.69258,2.69258,3.11756,3.11756,5.28818,5.0693,3.80415,2.102,1.41354
2019-08-04,1.36252,12.2066,10.2391,12.6955,9.30501,6.66339,10.0871,10.8246,7.71588,11.3704,11.1883,7.85515,14.6734,9.05563,7.4746,12.0724,14.9861,12.2913,14.1777,2.75879,2.75879,2.66756,2.66756,5.02113,5.0693,3.68758,2.69924,1.77469
2019-08-05,7.33975,12.2066,10.2391,12.6955,8.78668,6.28745,9.52657,10.2242,7.28321,10.7407,12.5313,8.79802,16.4346,9.41104,7.76795,12.5462,13.345,10.862,12.6001,2.69699,2.69699,2.34004,2.34004,4.23517,5.0693,3.47205,3.02324,1.84435
2019-08-06,-2.81316,12.2066,10.2391,12.6955,10.6123,7.61155,11.5007,12.338,8.80713,12.9585,14.8464,10.4235,19.4709,14.0297,11.5803,18.7035,16.8332,13.98,15.9773,2.91047,2.91047,2.7667,2.7667,6.05053,5.0693,4.23117,3.58178,2.7495
2019-08-07,3.9612,12.2066,10.2391,12.6955,10.3726,7.43767,11.2414,12.0602,8.60701,12.6672,13.4738,9.45976,17.6708,11.9862,9.89349,15.9792,16.2447,13.4423,15.404,3.25807,3.25807,3.43095,3.43095,5.79696,5.0693,4.11717,3.25063,2.34901
2019-08-08,0.204439,12.2066,10.2391,12.6955,10.3173,7.39761,11.1817,11.9959,8.5609,12.6001,15.1792,10.6571,19.9074,13.5932,11.2199,18.1216,14.7013,12.1363,13.9318,3.04427,3.04427,3.36147,3.36147,5.18871,5.0693,4.08617,3.66207,2.66395
2019-08-09,-0.868436,12.2066,10.2391,12.6955,9.66282,6.92352,10.474,11.2155,8.01613,11.8068,11.4576,8.04418,15.0265,8.02588,6.62463,10.6996,14.3227,11.7668,13.5559,2.84162,2.84162,3.12945,3.12945,4.92605,5.0693,3.8167,2.7642,1.57289
2019-08-10,-4.38467,12.2066,10.2391,12.6955,9.12678,6.53475,9.89434,10.5957,7.56862,11.1554,8.25051,5.79256,10.8205,6.26481,5.17103,8.35184,12.6985,10.3618,11.9975,3.08148,3.08148,3.16726,3.16726,4.1717,5.0693,3.59496,1.99048,1.22776
2019-08-11,1.48231,12.2066,10.2391,12.6955,9.65608,6.91863,10.4667,11.207,8.0105,11.7985,10.7813,7.56939,14.1396,10.2601,8.46875,13.6781,14.1597,11.8187,13.4574,3.30859,3.30859,4.00012,4.00012,5.35289,5.0693,3.83574,2.60105,2.01074
2019-08-12,-1.2308,12.2066,10.2391,12.6955,9.12043,6.53015,9.88747,10.5875,7.56332,11.1477,12.7428,8.94654,16.7121,10.339,8.53386,13.7832,13.4474,11.1448,12.7566,3.26066,3.26066,3.57752,3.57752,4.90629,5.0693,3.61299,3.07428,2.0262
2019-08-13,-4.37071,12.2066,10.2391,12.6955,8.68115,6.21155,9.41245,10.0793,7.19658,10.6139,11.9708,8.40456,15.6996,9.24438,7.63039,12.324,13.632,11.2247,12.9098,3.07385,3.07385,3.32831,3.32831,4.69271,5.0693,3.42254,2.88803,1.81169
2019-08-14,-8.0638,12.2066,10.2391,12.6955,9.28555,6.6499,10.066,10.7778,7.70117,11.3483,12.994,9.1229,17.0415,11.2357,9.27406,14.9787,14.1332,11.6495,13.3881,3.20321,3.20321,4.15609,4.15609,4.9149,5.0693,3.68166,3.13488,2.20194
2019-08-15,2.5522,12.2066,10.2391,12.6955,11.8099,8.48073,12.7958,13.6939,9.86928,14.4313,15.122,10.6169,19.8323,14.0848,11.6257,18.7769,16.1642,13.3971,15.334,4.5499,4.5499,5.81694,5.81694,5.88007,5.0737,4.75026,3.64826,2.7603
2019-08-16,0.60712,12.2066,10.2391,12.6955,11.2499,8.07458,12.1902,13.0458,9.39896,13.7501,12.7018,8.91775,16.6583,10.3172,8.5159,13.7542,14.9154,12.2104,14.1039,4.29971,4.29971,4.63402,4.63402,5.0726,5.0737,4.51652,3.06438,2.02193
2019-08-17,-1.38404,12.2066,10.2391,12.6955,10.5296,7.55218,11.4113,12.2125,8.79401,12.8739,9.66251,6.78391,12.6723,6.89991,5.69525,9.19852,15.2145,12.5921,14.4277,4.10382,4.10382,4.02296,4.02296,5.4045,5.0737,4.21586,2.33113,1.35222
2019-08-18,1.10866,12.2066,10.2391,12.6955,9.98998,7.1608,10.8278,11.5885,8.3408,12.2175,10.8456,7.6145,14.2238,7.80572,6.44291,10.4061,13.9271,11.5319,13.2085,4.09059,4.09059,4.14089,4.14089,4.96429,5.0737,3.99061,2.61655,1.52974
2019-08-19,5.36529,12.2066,10.2391,12.6955,9.39126,6.72657,10.1803,10.8955,7.83796,11.4892,12.7845,8.97583,16.7668,9.76949,8.06382,13.0241,13.6425,11.3585,12.9573,3.72791,3.72791,4.10239,4.10239,5.04834,5.0737,3.74071,3.08434,1.9146
2019-08-20,-1.40986,12.2066,10.2391,12.6955,10.0363,7.19439,10.8779,11.6391,8.3797,12.2737,14.3427,10.0698,18.8103,12.3158,10.1656,16.4187,15.1691,12.5968,14.3974,4.206,4.206,3.89129,3.89129,5.41359,5.0737,4.00995,3.46025,2.41362
2019-08-21,-5.98403,12.2066,10.2391,12.6955,9.54408,6.8374,10.3456,11.069,7.96631,11.6749,12.7077,8.92189,16.666,9.54929,7.88207,12.7305,14.1904,11.6975,13.4425,4.06179,4.06179,3.92069,3.92069,4.89395,5.0737,3.80449,3.0658,1.87144
2019-08-22,-0.0690041,12.2066,10.2391,12.6955,10.7687,7.72554,11.6698,12.4808,8.99477,13.1643,14.3254,10.0577,18.7876,12.0804,9.97125,16.1048,15.7465,13.0278,14.9309,4.21758,4.21758,4.64864,4.64864,5.59674,5.08966,4.33318,3.45609,2.36748
2019-08-23,2.69658,12.2066,10.2391,12.6955,10.0867,7.23097,10.9324,11.691,8.42206,12.3347,10.6306,7.46356,13.9419,6.57995,5.43115,8.77197,14.4604,11.971,13.7136,3.87548,3.87548,4.20159,4.20159,5.175,5.08966,4.04747,2.56468,1.28952
2019-08-24,-2.41169,12.2066,10.2391,12.6955,9.71943,6.96457,10.5352,11.2644,8.11357,11.8879,8.79489,6.17476,11.5344,6.60305,5.45021,8.80275,13.3134,10.9916,12.6169,3.90859,3.90859,3.64149,3.64149,4.73446,5.08966,3.89357,2.12182,1.29404
2019-08-25,-0.211276,12.2066,10.2391,12.6955,9.47046,6.78401,10.266,10.974,7.90448,11.5849,10.192,7.15568,13.3668,7.71166,6.36527,10.2807,13.7325,11.3735,13.0248,3.12456,3.12456,3.65886,3.65886,4.94693,5.08966,3.78926,2.45889,1.51131
2019-08-26,2.26543,12.2066,10.2391,12.6955,8.89402,6.36594,9.64264,10.3055,7.42035,10.8836,11.9503,8.39015,15.6727,8.79492,7.25941,11.7248,12.3096,10.2273,11.6849,3.26866,3.26866,4.09593,4.09593,4.55432,5.08966,3.54773,2.88308,1.7236
2019-08-27,-1.8031,12.2066,10.2391,12.6955,8.55289,6.11854,9.27376,9.9083,7.13386,10.4686,12.2954,8.63242,16.1253,9.25171,7.63644,12.3338,13.5673,11.2458,12.8709,2.86086,2.86086,3.92612,3.92612,4.88316,5.08966,3.40481,2.96634,1.81312
2019-08-28,-4.32443,12.2066,10.2391,12.6955,8.27982,5.92049,8.97847,9.5895,6.90452,10.1362,11.7567,8.25419,15.4188,8.94428,7.38268,11.9239,13.0265,10.722,12.3352,3.4397,3.4397,4.0179,4.0179,4.51213,5.08966,3.29039,2.83636,1.75287
2019-08-29,-2.53559,12.2066,10.2391,12.6955,9.0621,6.47882,9.83464,10.1916,7.4527,10.8172,12.0889,8.48742,15.8544,9.54777,7.88081,12.7285,14.5482,11.9604,13.7718,3.7846,3.7846,4.40852,4.40852,5.01959,5.08966,3.56102,2.91651,1.87114
2019-08-30,0.920787,12.2066,10.2391,12.6955,8.93595,6.38746,9.69809,10.0474,7.34823,10.6673,10.4895,7.36452,13.7569,7.77702,6.41922,10.3678,11.7533,9.71154,11.1408,3.31181,3.31181,4.70513,4.70513,4.19242,5.08966,3.50896,2.53065,1.52412
2019-08-31,0.337932,12.2066,10.2391,12.6955,8.40028,5.99953,9.11824,9.44302,6.9046,10.0311,8.16176,5.73025,10.7041,5.72322,4.724,7.62983,11.116,9.17371,10.5333,3.25752,3.25752,4.29935,4.29935,3.93891,5.08966,3.2879,1.96907,1.12162
2019-09-01,1.31323,12.2066,10.2391,12.6955,7.8888,5.62911,8.56457,8.86513,6.481,9.4235,8.2768,5.81102,10.8549,5.57945,4.60532,7.43816,10.582,8.64032,9.99948,3.49,3.49,3.90382,3.90382,3.50236,5.08966,3.07682,1.99682,1.09344
2019-09-02,5.85891,12.2066,10.2391,12.6955,7.48652,5.33779,8.12911,8.41096,6.14784,8.94566,11.24,7.89141,14.7411,8.47817,6.99796,11.3025,10.9009,8.97503,10.3232,3.48437,3.48437,3.72701,3.72701,3.76812,5.08966,2.9108,2.7117,1.66153
2019-09-03,2.63988,12.2066,10.2391,12.6955,8.89595,6.35849,9.65478,9.97984,7.31509,10.6187,12.8852,9.04651,16.8988,11.721,9.67464,15.6257,12.1265,10.0335,11.4986,3.71963,3.71963,3.59838,3.59838,4.3063,5.08966,3.49245,3.10863,2.29705
2019-09-04,-0.273793,12.2066,10.2391,12.6955,8.64831,6.17915,9.38672,9.69425,7.11001,10.3242,12.7329,8.93958,16.6991,10.2241,8.43906,13.6301,11.4112,9.45313,10.8238,3.35235,3.35235,3.64846,3.64846,4.08162,5.08966,3.39025,3.07188,2.00369
2019-09-05,-0.179122,12.2066,10.2391,12.6955,8.13508,5.80747,8.83116,9.11147,6.68497,9.71443,10.8674,7.62982,14.2524,7.79298,6.43239,10.3891,11.1673,9.144,10.5603,3.28371,3.28371,3.44684,3.44684,3.7206,5.08966,3.17845,2.62181,1.52724
2019-09-06,-2.12376,12.2066,10.2391,12.6955,7.66099,5.46413,8.31797,8.57203,6.29233,9.15108,7.59186,5.33014,9.95665,5.65905,4.67103,7.54428,9.46608,7.71995,8.94224,3.33747,3.33747,3.64458,3.64458,3.08126,5.08966,2.9828,1.83158,1.10904
2019-09-07,1.57117,12.2066,10.2391,12.6955,7.59191,5.41411,8.24319,8.48298,6.23512,9.06846,7.25536,5.09388,9.51533,5.1018,4.21107,6.80139,10.1209,8.25952,9.5625,3.37055,3.37055,3.60949,3.60949,3.28416,5.08966,2.9543,1.7504,0.999836
2019-09-08,-0.725043,12.2066,10.2391,12.6955,7.25665,5.17131,7.88028,8.09721,5.95747,8.66987,7.72285,5.4221,10.1284,5.9633,4.92216,7.94989,10.9473,8.95901,10.3508,3.21359,3.21359,3.23688,3.23688,3.65004,5.08966,2.81594,1.86318,1.16867
2019-09-09,-1.02331,12.2066,10.2391,12.6955,6.9187,4.92657,7.51445,7.70783,5.67759,8.26805,10.2893,7.22394,13.4943,8.04643,6.6416,10.727,8.98066,7.25869,8.46407,3.10476,3.10476,3.31717,3.31717,2.7748,5.08966,2.67647,2.48234,1.57692
2019-09-10,-2.14178,12.2066,10.2391,12.6955,6.66482,4.74271,7.23963,7.41562,5.46733,7.9659,9.74111,6.83909,12.7754,7.75296,6.39936,10.3357,9.39178,7.63072,8.86346,3.02756,3.02756,3.49043,3.49043,3.00267,5.08966,2.5717,2.3501,1.5194
2019-09-11,0.614913,12.2066,10.2391,12.6955,6.74125,4.79806,7.32236,7.50028,5.53063,8.05562,9.29664,6.52703,12.1924,7.94243,6.55575,10.5883,9.84897,7.98928,9.29106,3.00795,3.00795,3.74834,3.74834,3.14693,5.08966,2.60324,2.24287,1.55653
2019-09-12,2.2514,12.2066,10.2391,12.6955,6.38482,4.53993,6.93654,7.10545,5.23544,7.63166,9.2857,6.51936,12.1781,6.61048,5.45635,8.81267,10.1856,8.26586,9.60965,3.2147,3.2147,3.01816,3.01816,3.25561,5.08966,2.45615,2.24023,1.2955
2019-09-13,-0.4774,12.2066,10.2391,12.6955,6.34278,4.50949,6.89103,7.05889,5.20063,7.58058,7.73369,5.42971,10.1427,6.36395,5.25286,8.48401,9.35798,7.58584,8.82634,2.85233,2.85233,2.92392,2.92392,2.95369,5.08966,2.4388,1.8658,1.24719
2019-09-14,-0.0241147,12.2066,10.2391,12.6955,6.06434,4.30785,6.58963,6.75045,4.97003,7.24895,5.75811,4.04268,7.55169,4.49234,3.70801,5.98889,6.95957,5.5834,6.54672,2.86838,2.86838,2.85142,2.85142,1.99787,5.08966,2.3239,1.38918,0.880394
2019-09-15,-0.0998394,12.2066,10.2391,12.6955,5.77394,4.09754,6.27528,6.42876,4.72953,6.90305,5.55667,3.90126,7.28751,3.47665,2.86966,4.63484,8.79872,7.04588,8.27287,2.64652,2.64652,2.76378,2.76378,2.48297,5.08966,2.20405,1.34058,0.681343
2019-09-16,-0.687722,12.2066,10.2391,12.6955,5.51726,3.91165,5.99743,6.14443,4.51696,6.59705,8.35108,5.86317,10.9524,5.39243,4.45096,7.18884,8.40873,6.74199,7.90871,2.56205,2.56205,2.71057,2.71057,2.36093,5.08966,2.09812,2.01474,1.05679
2019-09-17,-0.346246,12.2066,10.2391,12.6955,5.35911,3.79712,5.82623,5.96925,4.38598,6.40778,7.45433,5.23358,9.77628,5.29649,4.37176,7.06093,6.82491,5.46391,6.41661,2.37376,2.37376,2.73494,2.73494,1.94213,5.08966,2.03286,1.7984,1.03799
2019-09-18,-0.420986,12.2066,10.2391,12.6955,5.12152,3.64252,5.55652,5.90088,4.18081,6.2372,6.01781,4.22502,7.89229,4.2695,3.52408,5.69183,5.51704,4.36972,5.17285,2.22108,2.22108,2.60828,2.60828,1.45741,5.08966,1.96065,1.45183,0.836724
2019-09-19,0.66619,12.2066,10.2391,12.6955,4.94794,3.5165,5.36895,5.70224,4.03749,6.02662,6.32317,4.4394,8.29277,3.98447,3.28882,5.31184,4.81465,3.82439,4.51757,2.31708,2.31708,2.42768,2.42768,1.32113,5.08966,1.88872,1.5255,0.780864
2019-09-20,-0.829166,12.2066,10.2391,12.6955,4.76208,3.38157,5.16811,5.48954,3.88402,5.80602,4.57434,3.21158,5.9992,3.28364,2.71035,4.37754,5.31669,4.24867,4.99629,2.09361,2.09361,2.16228,2.16228,1.53426,5.08966,1.81171,1.10358,0.643518
2019-09-21,-1.60314,12.2066,10.2391,12.6955,4.6885,3.32816,5.0886,5.40534,3.82327,5.71521,3.44416,2.4181,4.51698,2.8709,2.36966,3.8273,4.10035,3.20777,3.83258,2.24629,2.24629,2.45914,2.45914,0.960659,5.08966,1.78122,0.830924,0.56263
2019-09-22,0.50448,12.2066,10.2391,12.6955,4.82516,3.42737,5.23627,5.56173,3.93611,5.87607,4.65364,3.26725,6.10321,3.75777,3.10169,5.00961,6.1486,4.8374,5.75524,2.27068,2.27068,2.48023,2.48023,1.54738,5.08966,1.83785,1.12272,0.736436
2019-09-23,-3.44553,12.2066,10.2391,12.6955,4.64172,3.29419,5.03805,5.3518,3.78463,5.6507,6.80996,4.78117,8.9312,4.14013,3.4173,5.51936,6.10861,4.78721,5.71219,2.28637,2.28637,2.37227,2.37227,1.53578,5.08966,1.76183,1.64294,0.81137
2019-09-24,-12.0994,12.2066,10.2391,12.6955,5.60981,3.99701,6.08416,6.45968,4.584,6.81364,8.51041,5.97503,11.1613,5.67987,4.70821,7.57281,8.18638,6.47732,7.67366,2.65038,2.65038,3.19118,3.19118,2.12751,5.08966,2.21091,2.05318,1.11312
2019-09-25,-1.5616,12.2066,10.2782,12.7683,12.5948,9.06803,13.6321,14.6559,10.5444,15.8759,11.9015,7.95038,15.1153,9.68102,8.00993,13.3283,17.7498,14.1357,16.6656,4.44591,4.44591,5.61105,5.61105,4.76106,5.10016,5.16401,2.72104,1.8857
2019-09-26,-4.43318,12.2066,10.2782,12.7683,11.9489,8.59908,12.9341,13.9066,10.0013,15.0504,10.2189,6.82635,12.9783,6.96461,5.76242,9.58854,12.3062,9.88148,11.5788,3.61137,3.61137,4.23748,4.23748,3.4545,5.10016,4.89094,2.33634,1.35659
2019-09-27,1.62339,12.2066,10.2782,12.7683,12.0402,8.66535,13.0327,14.0125,10.0781,15.1504,9.44912,6.31215,12.0007,7.40622,6.1278,10.1965,13.0973,10.5277,12.3264,3.86119,3.86119,4.54734,4.54734,3.92181,5.10016,4.92948,2.16035,1.44261
2019-09-28,-0.0718934,12.2066,10.2782,12.7683,11.379,8.1854,12.3184,13.2455,9.52227,14.3055,7.28349,4.86547,9.25028,5.67504,4.69545,7.81312,12.0563,9.69242,11.3471,3.93432,3.93432,3.79039,3.79039,3.35022,5.10016,4.65,1.66522,1.1054
2019-09-29,-1.73373,12.2066,10.2782,12.7683,10.7,7.69239,11.5845,12.4576,8.95137,13.4488,5.3062,3.54461,6.73905,3.43655,2.84335,4.73127,10.9726,8.76524,10.3104,3.91536,3.91536,3.36235,3.36235,2.7881,5.10016,4.36284,1.21316,0.669381
2019-09-30,2.31357,12.2066,10.2782,12.7683,10.2327,7.35316,11.0796,11.9155,8.55854,12.8506,10.2164,6.8247,12.9752,7.67668,6.35157,10.5689,11.2243,8.99476,10.5555,3.75596,3.75596,3.60841,3.60841,3.14648,5.10016,4.16487,2.33578,1.49529
2019-10-01,0.593961,12.2066,10.2782,12.7683,9.81034,7.04654,10.6232,11.4256,8.20347,12.308,10.0146,6.68987,12.7188,7.90877,6.5436,10.8884,11.7963,9.46249,11.0961,3.47136,3.47136,3.28131,3.28131,3.18659,5.10016,3.98584,2.28963,1.54049
2019-10-02,0.594696,12.2066,10.2782,12.7683,9.24078,6.63305,10.0078,10.7648,7.72466,11.7063,8.52558,5.69521,10.8278,5.63614,4.66326,7.75956,11.2256,8.97007,10.5489,3.35665,3.35665,3.06096,3.06096,2.97006,5.10016,3.74649,1.9492,1.09782
2019-10-03,-1.59794,12.1004,10.2391,12.6571,8.71212,6.24925,9.43649,10.3942,7.28022,11.0884,8.52777,5.67389,10.7662,5.08414,4.18871,6.98888,8.068,6.43591,7.57837,3.21012,3.21012,2.75764,2.75764,2.07249,5.08966,3.52174,1.9497,0.990304
2019-10-04,-0.656543,12.1004,10.0962,12.6018,8.39563,6.01948,9.09449,10.0184,6.8843,10.777,6.85875,4.56342,8.65908,5.0721,4.17879,6.97233,9.06814,7.17072,8.49891,3.0488,3.0488,3.14265,3.14265,2.11314,5.0737,3.3174,1.56812,0.987959
2019-10-05,-0.665617,12.1004,10.0962,12.6018,7.96951,5.71013,8.63404,9.51259,6.53245,10.202,4.5791,3.04667,5.78105,3.93313,3.24042,5.40665,7.12599,5.64166,6.68069,3.11146,3.11146,2.80862,2.80862,1.74481,5.0737,3.14083,1.04692,0.766106
2019-10-06,-2.02421,12.1004,10.0962,12.6018,7.5781,5.42597,8.21108,9.04793,6.20925,9.67494,5.08945,3.38623,6.42536,3.7301,3.07315,5.12756,8.76886,6.93612,8.21904,3.05464,3.05464,2.73283,2.73283,2.10837,5.0737,2.97863,1.1636,0.72656
2019-10-07,3.17226,12.1004,10.0962,12.6018,7.47112,5.3483,8.09548,8.92093,6.12091,9.51331,9.45868,6.29327,11.9415,5.98056,4.92725,8.22113,7.94757,6.31473,7.45772,3.33889,3.33889,2.9056,2.9056,1.91368,5.0737,2.9343,2.16254,1.16491
2019-10-08,-0.204436,12.1004,10.0962,12.6018,7.62046,5.45274,8.26821,9.12179,6.14916,9.60107,9.44936,6.28707,11.9297,7.16772,5.90533,9.85306,8.72175,7.00196,8.20581,3.55242,3.55242,2.86271,2.86271,2.47091,5.0737,2.96023,2.16041,1.39615
2019-10-09,4.36286,11.3555,10.0395,12.3876,7.23887,5.17636,7.85519,8.35668,5.78944,8.98495,7.11637,4.96024,9.10976,5.04,4.16006,6.51426,9.34618,7.52163,8.79882,3.35199,3.35199,2.79281,2.79281,2.48177,5.0693,2.79775,1.71686,0.987724
2019-10-10,-0.10786,11.3555,10.0395,12.3876,7.80894,5.58925,8.47222,9.01192,6.24897,9.68713,9.76127,6.80379,12.4955,7.37049,6.08367,9.52643,10.6882,8.54747,10.046,3.53558,3.53558,2.6705,2.6705,2.6422,5.0693,3.02937,2.35496,1.44445
2019-10-11,-3.13147,11.3555,10.0395,12.3876,7.40942,5.29989,8.03979,8.55271,5.92673,9.19261,5.54913,3.86784,7.10351,4.25724,3.51396,5.50252,10.267,8.20563,9.64857,3.83068,3.83068,2.62198,2.62198,2.46585,5.0693,2.86704,1.33876,0.83432
2019-10-12,0.177672,11.3555,10.0395,12.3876,7.65812,5.48002,8.30898,8.83857,6.12703,9.4966,5.56966,3.88216,7.1298,4.66613,3.85147,6.03103,11.4228,9.05492,10.7124,4.1193,4.1193,3.18437,3.18437,3.13608,5.0693,2.97556,1.34371,0.914455
2019-10-13,-0.186696,11.3555,10.0395,12.3876,7.26295,5.1938,7.88125,8.38435,5.80821,9.00653,5.18305,3.61269,6.6349,3.18083,2.62549,4.11126,11.2487,8.91109,10.5474,3.84907,3.84907,2.98402,2.98402,3.07864,5.0693,2.81463,1.25044,0.623369
2019-10-14,0.643051,11.3555,10.0395,12.3876,6.90682,4.93586,7.49578,7.97501,5.52088,8.56474,7.7304,5.38824,9.89579,4.99135,4.11991,6.45137,11.2308,8.83992,10.5135,3.90934,3.90934,2.77106,2.77106,2.9809,5.0693,2.66959,1.865,0.97819
2019-10-15,-2.04249,11.3555,10.0395,12.3876,6.57599,4.69625,7.13769,7.59474,5.25508,8.16848,5.90266,4.11426,7.55607,5.03529,4.15617,6.50816,10.3502,8.18312,9.70005,3.92642,3.92642,2.75937,2.75937,2.82781,5.0693,2.53486,1.42405,0.9868
2019-10-16,-1.94239,11.3555,10.0395,12.3876,6.58682,4.70409,7.14942,7.60719,5.26362,8.17937,7.03112,4.90082,9.00063,5.88898,4.86082,7.61157,13.7329,10.9038,12.8842,3.82833,3.82833,2.982,2.982,3.83288,5.0693,2.53927,1.6963,1.1541
2019-10-17,0.698201,11.3555,10.0395,12.3876,6.56899,4.69118,7.13012,7.5867,5.24893,8.15323,7.5807,5.28389,9.70415,5.91092,4.87893,7.63993,13.1219,10.401,12.3056,3.50235,3.50235,3.07373,3.07373,3.61452,5.0693,2.53201,1.82889,1.1584
2019-10-18,-1.626,11.3555,10.0395,12.3876,6.2669,4.47237,6.80313,7.23946,5.00501,7.77632,5.71957,3.98665,7.3217,4.13955,3.41682,5.35041,11.4449,9.04569,10.7251,3.73469,3.73469,2.95166,2.95166,2.97583,5.0693,2.40898,1.37988,0.811257
2019-10-19,0.192372,11.3555,10.0395,12.3876,6.20441,4.42712,6.7355,7.16764,4.9544,7.69645,4.70103,3.2767,6.01785,3.43408,2.83452,4.43859,10.7522,8.45098,10.0618,3.71749,3.71749,3.15195,3.15195,2.82489,5.0693,2.38353,1.13415,0.673001
2019-10-20,2.88124,11.3555,10.0395,12.3876,5.91685,4.21884,6.42424,6.8371,4.72213,7.33709,4.71494,3.2864,6.03566,3.2992,2.72319,4.26426,12.1552,9.60693,11.3907,3.69696,3.69696,3.10719,3.10719,3.1561,5.0693,2.26642,1.13751,0.646568
2019-10-21,0.262883,11.3555,10.0395,12.3876,6.12599,4.37032,6.65061,7.07749,4.89017,7.58879,9.05821,6.31374,11.5955,7.77993,6.42162,10.0556,15.5459,12.4603,14.6202,3.74964,3.74964,3.206,3.206,4.53266,5.0693,2.35159,2.18534,1.52469
2019-10-22,-2.02823,11.3555,10.0395,12.3876,5.84434,4.16632,6.34576,6.75376,4.66298,7.2404,6.90092,4.81007,8.83396,5.45684,4.50412,7.05302,11.5876,9.19951,10.8712,3.69959,3.69959,3.01103,3.01103,3.18081,5.0693,2.23689,1.66489,1.06941
2019-10-23,-7.23121,11.3555,10.0395,12.3876,5.94288,4.23769,6.45242,6.86703,4.74174,7.35514,7.06943,4.92752,9.04967,5.88647,4.85875,7.60833,11.5885,9.25441,10.8883,3.34466,3.34466,3.24335,3.24335,3.32602,5.0693,2.27702,1.70554,1.15361
2019-10-24,-0.28229,11.3555,10.0395,12.3876,8.7941,6.30279,9.53855,10.5193,7.10317,10.9915,10.1133,6.9395,12.7797,8.27151,6.81472,10.7573,19.3313,15.8368,18.2829,4.59835,4.59835,4.45419,4.45419,6.54034,5.0737,3.45407,2.3846,1.61115
2019-10-25,14.4761,11.3555,10.0395,12.3876,8.33215,5.9682,9.03854,9.96914,6.72767,10.4071,7.19422,4.93651,9.09099,4.31683,3.55654,5.61413,16.1242,13.1188,15.2226,4.20899,4.20899,3.7516,3.7516,5.14024,5.0737,3.26353,1.69632,0.840845
2019-10-26,6.52842,11.3555,10.0395,12.3876,15.098,10.8686,16.3618,18.0268,12.2274,18.7897,10.2412,7.02726,12.9413,7.26676,5.98692,9.45058,22.5281,18.7075,21.3819,4.96411,4.96411,3.66129,3.66129,8.25573,5.0737,6.00551,2.41476,1.41544
2019-10-27,3.26409,11.3555,10.0395,12.3876,15.3079,11.0206,16.589,18.2768,12.398,19.0302,15.881,10.8972,20.0681,10.6678,8.78895,13.8737,21.4951,17.662,20.3452,4.5828,4.5828,2.95114,2.95114,7.37295,5.0737,6.09099,3.74457,2.0779
2019-10-28,-3.14327,11.3555,10.0395,12.3876,14.5779,10.5309,15.7602,17.4042,11.6979,18.0015,15.6035,10.7068,19.7174,12.5236,10.3179,16.2872,20.2758,16.7104,19.2062,5.39678,5.39678,2.75928,2.75928,7.03094,5.0737,5.78432,3.67914,2.43938
2019-10-29,1.83628,11.3555,10.0395,12.3876,14.0731,10.164,15.2151,16.8031,11.2931,17.3894,14.6111,10.0258,18.4634,12.3795,10.1992,16.0998,19.2332,15.9088,18.2358,4.85232,4.85232,3.41271,3.41271,6.798,5.0737,5.57929,3.44514,2.41132
2019-10-30,-2.38251,11.3555,10.0395,12.3876,13.35,9.63856,14.4343,15.942,10.702,16.481,12.8457,8.8144,16.2324,10.8421,8.93259,14.1004,19.9141,16.3602,18.8479,5.21892,5.21892,3.08297,3.08297,6.81539,5.0737,5.28559,3.02887,2.11186
2019-10-31,-0.0667386,11.3555,10.0395,12.3876,12.8095,9.24578,13.8506,15.2983,10.2523,15.8093,13.8644,9.51346,17.5198,11.4023,9.39407,14.8289,17.6577,14.5492,16.7251,4.60332,4.60332,3.14744,3.14744,6.19542,5.0737,5.06605,3.26908,2.22096
2019-11-01,0.666495,11.3555,10.0395,12.3876,12.0914,8.72392,13.0752,14.4431,9.67493,14.9246,9.35814,6.42134,11.8254,7.78104,6.41063,10.1194,16.2779,13.2162,15.3594,4.49761,4.49761,2.96215,2.96215,5.17678,5.0737,4.77437,2.20655,1.51561
2019-11-02,0.68454,11.3555,10.0395,12.3876,11.4226,8.23788,12.353,13.6467,9.13541,14.1003,6.55144,4.49545,8.27874,4.54747,3.74656,5.91408,16.9016,13.7207,15.9473,3.96225,3.96225,2.59818,2.59818,5.29271,5.0737,4.50271,1.54476,0.885769
2019-11-03,-0.962966,11.3555,10.0395,12.3876,10.7975,7.78364,11.678,12.9023,8.62854,13.3302,6.71383,4.60687,8.48394,5.53456,4.55981,7.19782,16.9885,13.4865,15.9379,3.90077,3.90077,2.45476,2.45476,4.74306,5.0737,4.24883,1.58305,1.07804
2019-11-04,1.90114,11.3555,10.0395,12.3876,10.2605,7.3934,11.0981,12.2628,8.19155,12.6682,9.90792,6.79859,12.5202,7.2507,5.97369,9.42969,15.629,12.3945,14.6586,3.38316,3.38316,2.56963,2.56963,4.25249,5.0737,4.03071,2.33618,1.41231
2019-11-05,-0.747369,11.3555,10.0395,12.3876,9.81671,7.07089,10.6189,11.7343,7.83039,12.1211,9.5508,6.55354,12.0689,8.21632,6.76925,10.6855,15.4555,12.2292,14.4876,3.11051,3.11051,2.49229,2.49229,4.26232,5.0737,3.85045,2.25197,1.6004
2019-11-06,0.19625,11.3555,10.0395,12.3876,9.32921,6.71662,10.0925,11.1538,7.43251,11.5197,8.40657,5.76839,10.623,6.67325,5.49794,8.6787,13.5098,10.74,12.6789,3.34426,3.34426,2.45517,2.45517,3.74,5.0737,3.65244,1.98218,1.29983
2019-11-07,-1.0019,11.3555,10.0395,12.3876,8.83331,6.35624,9.55696,10.5632,7.04768,10.914,7.10945,4.95691,9.09511,5.12172,4.22751,6.5875,11.0865,8.83353,10.4106,3.17572,3.17572,2.53955,2.53955,2.93853,5.0693,3.43412,1.71571,1.00374
2019-11-08,-5.12141,11.3555,10.0395,12.3876,8.44209,6.07194,9.1345,10.0973,6.726,10.4307,5.84655,4.07637,7.47948,5.77646,4.76794,7.42962,9.98921,7.9972,9.39161,3.0163,3.0163,2.73217,2.73217,2.65436,5.0693,3.27594,1.41093,1.13205
2019-11-09,0.0987801,11.3555,10.0395,12.3876,9.31564,6.70675,10.0778,11.1376,7.41789,11.5019,7.8186,5.49097,10.0567,6.31762,5.23686,8.14026,15.0451,12.1123,14.1653,4.15744,4.15744,3.36395,3.36395,4.59964,5.0737,3.64693,1.88684,1.23811
2019-11-10,2.70812,11.3555,10.0395,12.3876,8.82137,6.34757,9.54407,10.549,7.01186,10.8915,6.58478,4.62447,8.46967,4.57495,3.79231,5.89483,14.9353,11.971,14.046,3.49344,3.49344,2.98328,2.98328,4.38758,5.0737,3.44617,1.58909,0.896586
2019-11-11,-3.34318,11.3555,10.0395,12.3876,8.64527,6.21959,9.3539,10.3393,6.86028,10.672,11.1694,7.84423,14.3666,9.71861,8.05603,12.5224,16.0997,13.2,15.2298,3.46955,3.46955,2.98832,2.98832,5.39951,5.0737,3.37464,2.69549,1.90462
2019-11-12,0.658655,11.3555,10.0395,12.3876,8.79048,6.32512,9.51071,10.5122,6.96416,10.8469,10.9902,7.71836,14.1361,10.9736,9.09634,14.1395,17.7599,14.3783,16.7454,3.47564,3.47564,3.59378,3.59378,5.5323,5.0737,3.43362,2.65224,2.15058
2019-11-13,-0.0839763,11.3555,10.0395,12.3876,8.33936,5.99729,9.02357,9.97499,6.59042,10.289,9.29492,6.52778,11.9556,7.35047,6.09302,9.47109,15.9043,12.9096,15.0059,3.89496,3.89496,3.34518,3.34518,4.99622,5.0737,3.25039,2.24312,1.44052
2019-11-14,-1.14371,11.3555,10.0395,12.3876,7.91512,5.68899,8.56546,9.46978,6.24043,9.76493,7.99384,5.61404,10.2821,6.15024,5.09811,7.92459,14.1864,11.4136,13.3545,3.71455,3.71455,3.25981,3.25981,4.13856,5.0737,3.07807,1.92914,1.20531
2019-11-15,-2.51295,11.3555,10.0395,12.3876,7.61365,5.4699,8.23992,9.11077,5.98714,9.39132,7.26579,5.10273,9.3456,6.32263,5.24101,8.14671,15.8391,12.6846,14.8928,3.7431,3.7431,3.56661,3.56661,4.49719,5.0737,2.95562,1.75344,1.23909
2019-11-16,0.689663,11.3555,10.0395,12.3876,7.63392,5.48464,8.26181,9.13492,5.98709,9.41158,6.84528,4.80741,8.80473,5.78067,4.79176,7.4484,17.3874,13.9232,16.3481,3.59376,3.59376,3.70255,3.70255,5.15157,5.0737,2.96386,1.65196,1.13288
2019-11-17,0.317773,11.3555,10.0395,12.3876,7.2792,5.2375,7.87671,8.86153,5.76181,9.12456,7.26886,5.10489,9.34956,5.46032,4.52621,7.03563,14.1461,11.312,13.2958,3.2601,3.2601,3.1902,3.1902,4.09301,5.0737,2.85274,1.75418,1.0701
2019-11-18,-3.18243,11.3555,10.0395,12.3876,6.93686,4.98878,7.50697,8.44663,5.48904,8.69451,9.5304,6.69316,12.2585,7.38537,6.12195,9.51606,15.3754,12.1037,14.3939,2.84122,2.84122,3.19675,3.19675,3.80929,5.0737,2.71338,2.29995,1.44736
2019-11-19,-1.24903,11.3555,10.0395,12.3876,7.2126,5.18912,7.80478,8.78081,5.70874,9.03518,9.46811,6.64941,12.1783,9.3876,7.78165,12.0959,14.6593,11.7161,13.7763,2.9506,2.9506,3.75024,3.75024,4.08035,5.0737,2.84242,2.28492,1.83975
2019-11-20,-2.20391,11.3555,10.0395,12.3876,6.98179,5.02142,7.55549,8.50108,5.4753,8.74528,9.10117,6.39171,11.7064,6.6676,5.52696,8.59121,13.2628,10.6315,12.4734,2.70046,2.70046,3.80235,3.80235,3.71977,5.0737,2.74794,2.19637,1.3067
2019-11-21,-4.90868,11.3555,10.0395,12.3876,6.96251,5.00742,7.53467,8.47771,5.46008,8.72121,9.63495,6.76658,12.3929,7.90959,6.55649,10.1915,13.492,10.7904,12.6815,2.40341,2.40341,3.55811,3.55811,3.69644,5.0737,2.74004,2.32518,1.5501
2019-11-22,-4.63521,11.3555,10.0395,12.3876,7.93729,5.71561,8.58746,9.65909,6.22999,9.93416,9.83752,6.90885,12.6535,8.89095,7.36997,11.456,13.8936,11.1925,13.0833,3.00089,3.00089,4.04609,4.04609,4.27157,5.0737,3.23771,2.37407,1.74242
2019-11-23,1.37768,11.3555,10.0395,12.3876,8.60451,6.20036,9.30808,10.4677,6.75699,10.7643,9.35596,6.57065,12.0341,8.73373,7.23964,11.2534,18.4903,15.0419,17.4557,3.21042,3.21042,4.42986,4.42986,6.21016,5.0737,3.52485,2.25785,1.71161
2019-11-24,-4.84501,11.3555,10.0395,12.3876,8.24302,5.93773,8.91766,10.0296,6.47147,10.3122,9.28581,6.52138,11.9439,7.46129,6.18487,9.61388,16.2929,13.3344,15.4053,3.23771,3.23771,3.5886,3.5886,5.4611,5.0737,3.37224,2.24092,1.46224
2019-11-25,1.38394,11.3555,10.0395,12.3876,8.94327,6.44648,9.67396,10.8783,7.02456,11.182,14.8039,10.3967,19.0415,13.9526,11.5657,17.9779,17.9715,14.736,17.0009,3.545,3.545,4.63187,4.63187,6.19321,5.0737,3.69971,3.57259,2.73439
2019-11-26,1.00579,11.3555,10.0395,12.3876,8.55975,6.16784,9.25974,10.4135,6.72164,10.7019,11.4329,8.0293,14.7056,9.86785,8.17975,12.7147,17.1385,13.9358,16.1777,3.12145,3.12145,3.77488,3.77488,5.4996,5.0737,3.53645,2.75909,1.93387
2019-11-27,4.24866,11.3555,10.0395,12.3876,8.16789,5.88315,8.83652,9.93857,6.41213,10.2131,10.8221,7.60033,13.9199,7.96707,6.60413,10.2656,15.0198,12.2859,14.1996,2.95768,2.95768,3.4404,3.4404,5.0046,5.0737,3.36965,2.61168,1.56136
2019-11-28,-0.914425,11.3555,10.0395,12.3876,8.51045,6.13203,9.2065,10.3537,6.6827,10.6371,12.7606,8.96173,16.4133,11.4099,9.45802,14.7017,16.9243,13.7861,15.9829,2.83553,2.83553,3.21996,3.21996,5.50823,5.0737,3.51546,3.0795,2.23608
2019-11-29,3.91709,11.3555,10.0395,12.3876,8.14603,5.86727,8.81291,9.91207,6.39486,10.1809,10.4991,7.37346,13.5044,8.16021,6.76423,10.5144,14.7812,12.064,13.9661,2.83207,2.83207,3.28299,3.28299,4.84913,5.0737,3.33129,2.53372,1.59921
2019-11-30,-2.49984,11.3555,10.0395,12.3876,8.37967,6.03701,9.06525,10.1952,6.5794,10.4685,9.46342,6.64612,12.1723,7.13936,5.91802,9.19907,14.5973,11.8772,13.7813,3.02842,3.02842,3.06194,3.06194,4.68019,5.0737,3.42992,2.28379,1.39915
2019-12-01,-1.93868,11.3555,10.0395,12.3876,8.29289,5.97397,8.97153,10.0901,6.51086,10.3567,10.5107,7.38161,13.5193,9.40864,7.79909,12.123,15.865,12.7696,14.9364,2.83894,2.83894,3.63957,3.63957,4.78192,5.0737,3.39329,2.53652,1.84388
2019-12-02,-1.38755,11.3555,10.0395,12.3876,8.09355,5.82914,8.75623,9.84847,6.35341,10.1047,13.6999,9.62139,17.6215,11.4716,9.50914,14.7812,16.652,13.3572,15.6635,2.96606,2.96606,3.53275,3.53275,4.86655,5.0737,3.30913,3.30617,2.24817
2019-12-03,-0.0251691,11.3555,10.0395,12.3876,7.81648,5.62784,8.45699,9.51268,6.13457,9.76017,12.0344,8.45171,15.4792,9.23939,7.6588,11.905,14.2299,11.458,13.3983,2.97552,2.97552,3.58298,3.58298,4.29697,5.0737,3.19216,2.90424,1.81071
2019-12-04,-0.934814,11.3555,10.0395,12.3876,7.44206,5.35582,8.0526,9.0589,5.83884,9.30106,10.0622,7.06663,12.9425,6.79226,5.60033,8.73637,13.5418,10.8723,12.7409,2.67009,2.67009,3.30884,3.30884,4.02692,5.0693,3.02897,2.42829,1.33113
2019-12-05,2.67048,11.3555,10.0395,12.3876,7.15294,5.14577,7.74034,8.7085,5.61048,8.93906,10.1462,7.12566,13.0506,7.37812,6.08338,9.48991,12.0628,9.65605,11.3407,2.72618,2.72618,3.37403,3.37403,3.40633,5.0693,2.90711,2.44857,1.44594
2019-12-06,1.31629,11.3555,10.0395,12.3876,7.1395,5.136,7.72582,8.69221,5.59987,8.93033,10.1976,7.16173,13.1166,8.12398,6.69836,10.4493,11.6524,9.32923,10.9554,2.72391,2.72391,2.94914,2.94914,3.38351,5.01931,2.8125,2.46097,1.59211
2019-12-07,0.122376,11.3555,10.0395,12.3876,6.87933,4.95906,7.43954,8.39212,5.41693,8.70135,8.47551,5.95232,10.9016,7.09097,5.84662,9.12057,11.9562,9.48312,11.2143,2.71863,2.71863,3.36615,3.36615,3.07359,5.01931,2.76677,2.04538,1.38967
2019-12-08,0.107236,11.3555,10.0395,12.3876,6.58403,4.74441,7.1207,8.03327,5.18305,8.32759,8.35534,5.86792,10.747,5.58189,4.60236,7.17955,10.6969,8.57045,10.059,2.54563,2.54563,3.0278,3.0278,3.13849,5.01931,2.64421,2.01638,1.09392
2019-12-09,-2.18443,11.3555,10.0395,12.3876,6.30482,4.54147,6.81924,7.69397,4.96192,7.96889,9.59934,6.74158,12.3471,6.30771,5.20081,8.11313,9.4376,7.57555,8.87899,2.46747,2.46747,2.83299,2.83299,2.70188,5.01931,2.52833,2.31659,1.23617
2019-12-10,-1.6729,11.3555,10.0395,12.3876,6.32621,4.55701,6.84234,7.71997,4.97886,7.98831,9.80294,6.88456,12.609,6.25536,5.15764,8.04578,11.3954,9.16903,10.7275,2.64966,2.64966,3.25268,3.25268,3.33034,5.01931,2.53721,2.36572,1.22591
2019-12-11,-0.837402,11.3555,10.0395,12.3876,6.23606,4.49149,6.745,7.61042,4.90746,7.86763,9.53143,6.69388,12.2598,6.95967,5.73836,8.95169,10.4304,8.39567,9.81997,2.60021,2.60021,3.17097,3.17097,3.11995,5.01931,2.4998,2.3002,1.36393
2019-12-12,0.35555,11.3555,10.0395,12.3876,6.02848,4.34061,6.52089,7.35818,4.74307,7.61112,9.89556,6.94961,12.7281,6.79621,5.60358,8.74144,10.5036,8.34166,9.85504,2.57457,2.57457,3.25396,3.25396,2.7875,5.00818,2.39632,2.38807,1.3319
2019-12-13,0.365887,11.3555,10.0395,12.3876,5.78216,4.16157,6.25494,7.05885,4.54798,7.32547,8.1982,5.75756,10.5449,5.55379,4.48364,7.13962,9.9883,7.92619,9.36967,2.42045,2.42045,2.86051,2.86051,2.65167,4.91857,2.25422,1.97845,1.08841
2019-12-14,-2.01489,11.1347,9.26573,12.3009,5.55001,3.99283,6.00428,6.77674,4.36412,6.98433,5.59856,3.90347,7.1664,4.29964,3.42155,5.49888,10.5061,8.3374,9.85552,2.40388,2.40388,2.8016,2.8016,2.67002,4.85906,2.15377,1.35109,0.84263
2019-12-15,0.387027,11.1347,9.26573,12.3009,5.60511,4.03288,6.06378,6.84371,4.40777,7.05951,7.38773,5.15093,9.45661,5.50595,4.38151,7.04165,9.71117,7.75277,9.12365,2.43026,2.43026,3.24624,3.24624,2.70459,4.85906,2.17605,1.78286,1.07904
2019-12-16,-3.12166,11.1347,9.26573,12.3009,5.38365,3.87191,5.82467,6.57459,4.23237,6.77687,9.02596,6.29315,11.5536,6.43112,5.11774,8.22487,9.92455,7.87921,9.31095,2.28323,2.28323,3.0567,3.0567,2.6209,4.85906,2.08652,2.17822,1.26035
2019-12-17,-4.30281,11.1347,9.26573,12.3009,5.80124,4.17544,6.27554,7.08204,4.5631,7.30673,9.59776,6.69183,12.2856,7.16669,5.70309,9.1656,11.8126,9.42967,11.0977,2.56052,2.56052,3.49193,3.49193,3.31406,4.85906,2.26196,2.31621,1.40451
2019-12-18,9.1502,11.1347,9.26573,12.3009,6.61849,4.76946,7.15791,8.07515,5.21034,8.34687,10.3102,7.18859,13.1976,8.62304,6.86202,11.0282,13.1074,10.3961,12.294,2.65103,2.65103,3.94098,3.94098,3.47381,4.84587,2.59325,2.48815,1.68992
2019-12-19,-1.02156,11.1347,9.26573,12.3009,9.63606,6.9628,10.4159,11.742,7.60021,12.1183,13.6143,9.49228,17.4269,13.2403,10.5364,16.9333,16.1076,12.9046,15.1467,2.93933,2.93933,3.74109,3.74109,4.44873,4.84587,3.81651,3.28552,2.5948
2019-12-20,0.221501,11.1347,9.19453,12.2612,9.24497,6.67853,9.99368,11.2668,7.19828,11.5881,9.83761,6.66615,12.5926,9.1125,7.00965,11.6293,12.5575,10.0607,11.8085,2.53297,2.53297,3.39242,3.39242,3.41631,4.81624,3.64752,2.37409,1.78584
2019-12-21,-0.383872,11.1347,9.19453,12.2612,8.8255,6.37363,9.54078,10.7571,6.87017,11.0639,7.38039,5.00109,9.44721,5.38185,4.1399,6.86825,12.1443,9.66234,11.3997,2.39667,2.39667,3.10705,3.10705,3.18487,4.81624,3.47794,1.78109,1.05472
2019-12-22,4.35948,11.1347,9.19453,12.2612,8.43852,6.09236,9.12297,10.2868,6.56747,10.5802,7.2912,4.94065,9.33305,5.66409,4.35701,7.22844,11.7285,9.31747,11.0052,2.12781,2.12781,3.10503,3.10503,2.88764,4.81624,3.3215,1.75957,1.11003
2019-12-23,-2.09813,11.1347,9.19453,12.2612,8.74686,6.31648,9.45587,10.6615,6.8087,10.9662,11.6378,7.886,14.8969,10.6645,8.20353,13.61,14.004,11.1848,13.1582,2.14596,2.14596,2.90084,2.90084,3.77485,4.81624,3.45175,2.80853,2.09
2019-12-24,-0.450954,11.1347,9.19453,12.2612,8.54783,6.17181,9.24099,10.4196,6.653,10.7171,10.7731,7.30007,13.7901,8.40436,6.46492,10.7255,10.8114,8.70924,10.1808,2.22291,2.22291,3.47811,3.47811,3.22544,4.81624,3.36569,2.59986,1.64706
2019-12-25,-0.649101,11.1347,9.19453,12.2612,8.17864,5.90346,8.84238,9.97101,6.3642,10.2555,9.13091,6.18728,11.688,6.56945,5.05345,8.38386,10.3351,8.33998,9.73656,2.40685,2.40685,3.05656,3.05656,3.13692,4.81624,3.21644,2.20354,1.28746
2019-12-26,-0.49867,11.1347,9.19453,12.2612,7.84086,5.65795,8.47769,9.56055,6.09998,9.83314,8.85702,6.00169,11.3374,6.76455,5.20353,8.63284,11.0761,8.81602,10.3981,2.54759,2.54759,3.10859,3.10859,2.96371,4.81624,3.07989,2.13745,1.3257
2019-12-27,0.703717,11.1347,9.19453,12.2612,7.58928,5.47175,8.21148,9.14344,5.84618,9.34692,7.50402,5.08486,9.60547,5.31869,4.09132,6.78765,9.05653,7.19469,8.49798,2.29643,2.29643,2.92517,2.92517,2.47806,4.81624,2.98432,1.81093,1.04234
2019-12-28,0.382002,11.1347,9.19453,12.2612,7.2966,5.25924,7.89525,8.79192,5.61949,8.98715,5.69996,3.8624,7.2962,4.28016,3.29245,5.46229,8.72434,6.86606,8.16685,2.42714,2.42714,2.47089,2.47089,2.18486,4.81624,2.86598,1.37556,0.838813
2019-12-29,1.42008,11.1347,9.19453,12.2612,7.00797,5.04966,7.58339,8.44526,5.39594,8.63243,6.16819,4.17968,7.89555,4.37855,3.36813,5.58785,8.98649,7.0339,8.40072,2.36822,2.36822,2.40009,2.40009,2.22875,4.81624,2.74928,1.48856,0.858094
2019-12-30,-1.76222,11.1347,9.19453,12.2612,6.80477,4.90212,7.36383,8.20121,5.23856,8.38289,9.39116,6.36363,12.0211,5.8891,4.5301,7.5156,8.45559,6.6738,7.92106,2.22726,2.22726,2.26877,2.26877,2.18275,4.81624,2.66712,2.26635,1.15413
2019-12-31,-1.37227,11.1347,9.19453,12.2612,6.70466,4.82943,7.25566,8.08098,5.16102,8.2594,8.48888,5.75223,10.8661,5.99539,4.61186,7.65125,8.06765,6.39213,7.56499,2.44803,2.44803,2.90915,2.90915,2.15099,4.81624,2.62664,2.0486,1.17496
2020-01-01,0.0913647,11.1347,9.19453,12.2612,6.55062,4.71759,7.08923,7.89597,5.04172,8.0697,8.3569,5.6628,10.6972,5.85388,4.503,7.47065,8.79782,6.90891,8.23114,2.34531,2.34531,2.72409,2.72409,2.25264,4.81624,2.56436,2.01675,1.14722
2020-01-02,-3.0273,11.1347,9.19453,12.2612,6.29774,4.53397,6.81599,7.59225,4.84585,7.75968,7.28711,4.93788,9.32782,4.54853,3.49889,5.80478,8.88795,7.00068,8.32177,2.30246,2.30246,2.5948,2.5948,2.32372,4.81624,2.46211,1.75858,0.891407
2020-01-03,5.01718,11.1347,9.19453,12.2612,6.54086,4.7105,7.07868,7.88424,5.03415,8.05716,7.51204,5.0903,9.61574,5.94685,4.57452,7.5893,9.89754,7.75642,9.25521,2.42926,2.42926,2.92058,2.92058,2.51592,4.81624,2.56411,1.81287,1.16545
2020-01-04,0.8915,11.1347,9.19453,12.2612,7.34665,5.29557,7.94932,8.85203,5.65826,9.04473,7.57494,5.13292,9.69625,6.30581,4.85065,8.0474,9.7046,7.65514,9.08976,2.61133,2.61133,2.93567,2.93567,2.39675,4.81624,2.89036,1.82804,1.23579
2020-01-05,0.00891596,11.1347,9.19453,12.2612,7.07717,5.0999,7.65815,8.52837,5.44954,8.71309,7.893,5.34844,10.1034,5.90042,4.53881,7.53005,9.12994,7.22673,8.55898,2.34595,2.34595,2.9079,2.9079,2.30291,4.81624,2.78125,1.9048,1.15635
2020-01-06,4.71614,11.1347,9.19453,12.2612,6.79793,4.89715,7.35644,8.19299,5.23326,8.36944,8.73379,5.91818,11.1796,5.90518,4.54247,7.53612,8.59961,6.8424,8.07245,2.01662,2.01662,2.71168,2.71168,2.39836,4.81624,2.66819,2.10771,1.15728
2020-01-07,4.95269,11.1347,9.19453,12.2612,7.44167,5.36457,8.05199,8.96615,5.73185,9.15775,9.35819,6.34129,11.9789,7.28782,5.60604,9.30063,9.74097,7.82199,9.16527,2.28097,2.28097,2.63415,2.63415,2.91185,4.81624,2.92883,2.25839,1.42824
2020-01-08,-1.03217,11.1347,9.19453,12.2612,8.06882,5.81994,8.72962,9.71939,6.2176,9.92526,10.4615,7.08888,13.3911,8.82119,6.78557,11.2575,12.5839,9.93529,11.7893,2.2965,2.2965,2.80829,2.80829,3.32486,4.81624,3.18276,2.52464,1.72875
2020-01-09,-2.51648,11.1347,9.19453,12.2612,7.79306,5.61971,8.43167,9.38819,6.00402,9.58622,10.1969,6.90959,13.0524,7.45901,5.73773,9.5191,9.36419,7.52314,8.81187,2.28067,2.28067,2.79149,2.79149,2.78608,4.81624,3.07111,2.46079,1.46179
2020-01-10,3.5837,11.1347,9.19453,12.2612,7.75908,5.59504,8.39495,9.34738,5.9777,9.54279,8.75129,5.93004,11.202,7.49157,5.76277,9.56065,10.1197,8.14769,9.52809,2.37379,2.37379,3.10736,3.10736,3.14085,4.81624,3.05735,2.11193,1.46817
2020-01-11,-1.59243,11.1347,9.19453,12.2612,7.9141,5.70759,8.56244,9.53355,6.09776,9.73085,7.66486,5.19385,9.81135,7.11659,5.47433,9.08211,10.0247,8.01216,9.4209,2.71898,2.71898,2.85761,2.85761,2.88938,4.81624,3.12011,1.84974,1.39469
2020-01-12,1.90956,11.1347,9.19453,12.2612,7.71155,5.56052,8.34359,9.29029,5.94088,9.48065,8.92495,6.04771,11.4243,6.94088,5.33917,8.85787,8.54137,6.87385,8.04111,2.47534,2.47534,3.00626,3.00626,2.60178,4.81624,3.0381,2.15384,1.36025
2020-01-13,-0.591303,11.1347,9.19453,12.2612,7.52693,5.42648,8.14412,9.06856,5.79789,9.25238,12.0137,8.14069,15.378,8.745,6.72695,11.1603,8.60544,6.8825,8.08856,2.40242,2.40242,2.50344,2.50344,2.50277,4.81624,2.96335,2.89924,1.71382
2020-01-14,8.05965,11.1347,9.19453,12.2612,7.24675,5.22304,7.84139,8.73205,5.58088,8.90718,9.0206,6.11253,11.5468,6.75394,5.19536,8.6193,9.20487,7.39851,8.66296,2.22197,2.22197,2.44001,2.44001,2.78264,4.81624,2.84991,2.17692,1.32362
2020-01-15,-0.235378,11.1347,9.19453,12.2612,9.30581,6.7181,10.0662,11.2051,7.17567,11.4259,10.8636,7.3614,13.9059,9.7479,7.49842,12.4402,10.6722,8.49769,10.0199,2.56023,2.56023,2.42816,2.42816,3.02455,4.81624,3.6836,2.6217,1.91036
2020-01-16,-0.949474,11.1347,9.19453,12.2612,8.68316,6.2899,9.37414,10.5455,6.71439,10.8107,9.33066,6.32263,11.9436,7.23277,5.56369,9.23037,9.01937,7.24138,8.48597,2.12103,2.12103,2.84606,2.84606,2.70599,4.81624,3.44379,2.25175,1.41746
2020-01-17,2.32553,11.1347,9.19453,12.2612,8.38901,6.07577,9.05689,10.189,6.48608,10.442,8.57839,5.81288,10.9807,5.78327,4.44869,7.38054,10.1895,8.04794,9.54705,2.12509,2.12509,2.61647,2.61647,2.73447,4.81624,3.32476,2.07021,1.13339
2020-01-18,0.154111,11.1347,9.19453,12.2612,8.23367,5.96269,8.88935,10.0008,6.36365,10.2456,7.02237,4.75849,8.98894,5.1768,3.98217,6.60657,10.4766,8.30215,9.82424,2.03387,2.03387,2.48012,2.48012,2.87656,4.81624,3.26186,1.69469,1.01453
2020-01-19,-2.68091,11.1347,9.19453,12.2612,7.92175,5.73562,8.55293,9.62284,6.06013,9.85825,6.95775,4.7147,8.90622,4.87754,3.75197,6.22466,9.70971,7.70365,9.10789,2.05527,2.05527,2.56846,2.56846,2.7536,4.81624,3.13565,1.6791,0.955886
2020-01-20,-0.559809,11.1347,9.19453,12.2612,7.8967,5.71739,8.52592,9.59249,6.00851,9.82708,10.4836,7.1039,13.4195,7.88725,6.06714,10.0656,10.1962,8.16181,9.58591,2.2758,2.2758,2.76511,2.76511,2.91464,4.81624,3.12549,2.52999,1.54572
2020-01-21,1.01419,11.1347,9.19453,12.2612,7.61523,5.51249,8.22234,9.25143,5.76571,9.47752,8.9291,6.05053,11.4296,6.44493,4.95766,8.22494,9.77945,7.79704,9.18473,2.23092,2.23092,2.60458,2.60458,2.79464,4.81624,3.01068,2.15484,1.26306
2020-01-22,-0.746197,11.1347,9.19453,12.2612,7.35948,5.32631,7.94649,8.94153,5.57115,9.15987,8.2922,5.61895,10.6144,6.37695,4.90537,8.13819,10.5503,8.41845,9.91071,2.2071,2.2071,2.50803,2.50803,3.05194,4.81624,2.90728,2.00114,1.24974
2020-01-23,-3.21153,11.1347,9.19453,12.2612,7.11301,5.1469,7.68067,8.64288,5.38366,8.85385,8.24165,5.5847,10.5497,5.83635,4.48952,7.44828,10.3088,8.2186,9.68176,2.21339,2.21339,2.6754,2.6754,3.07316,4.81624,2.80764,1.98894,1.14379
2020-01-24,0.461885,11.1347,9.19453,12.2612,7.27406,5.26413,7.85437,8.83801,5.50617,9.05335,8.43825,5.71792,10.8013,6.21091,4.77765,7.92629,11.011,8.77273,10.3395,2.50875,2.50875,3.02055,3.02055,2.97598,4.81624,2.87336,2.03638,1.2172
2020-01-25,-0.922926,11.1347,9.19453,12.2612,7.00763,5.07019,7.56701,8.51518,5.3035,8.72241,6.15884,4.17334,7.88357,3.94219,3.03247,5.03097,8.84806,7.08934,8.32044,2.28762,2.28762,2.77267,2.77267,2.62371,4.81624,2.76504,1.4863,0.772578
2020-01-26,2.69968,11.1347,9.19453,12.2612,6.7911,4.91256,7.33348,8.2528,5.13878,8.45344,7.32865,4.96603,9.38098,5.22381,4.01834,6.66657,9.19721,7.39591,8.65682,2.42556,2.42556,2.91291,2.91291,2.84232,4.81624,2.6775,1.76861,1.02375
2020-01-27,3.57604,11.1347,9.19453,12.2612,6.81241,4.92807,7.35646,8.27863,5.15499,8.48008,10.0143,6.78589,12.8187,7.42431,5.71103,9.47481,9.5397,7.68402,8.98299,2.42416,2.42416,2.86232,2.86232,2.91463,4.81624,2.68611,2.41673,1.45499
2020-01-28,4.91407,11.1347,9.19453,12.2612,7.03939,5.0933,7.60126,8.55364,5.32765,8.76136,9.96946,6.75549,12.7613,7.37804,5.67544,9.41577,8.42808,6.81065,7.94285,2.4214,2.4214,2.78589,2.78589,2.58411,4.81624,2.77787,2.40591,1.44593
2020-01-29,-0.449375,11.1347,9.19453,12.2612,7.64593,5.53484,8.25544,9.28856,5.78906,9.51353,10.5132,7.12394,13.4573,8.68661,6.68204,11.0858,8.97442,7.18864,8.43868,2.44854,2.44854,2.69572,2.69572,2.60207,4.81624,3.02309,2.53713,1.70238
2020-01-30,2.04371,11.1347,9.19453,12.2612,7.37061,5.33442,7.95851,8.95496,5.57962,9.17169,9.4198,6.38304,12.0578,6.65661,5.12049,8.49509,8.41558,6.72012,7.90694,2.29656,2.29656,2.84077,2.84077,2.4248,4.81624,2.91178,2.27326,1.30454
2020-01-31,-1.68051,11.1347,9.19453,12.2612,7.23645,5.23676,7.8138,8.79238,5.47756,9.00469,8.83401,5.98609,11.3079,6.14205,4.72468,7.83841,8.87112,7.11882,8.34543,2.42082,2.42082,2.32833,2.32833,2.67519,4.81624,2.85754,2.13189,1.2037
2020-02-01,0.45185,11.1347,9.19453,12.2612,7.09134,5.13113,7.6573,8.61654,5.36718,8.82412,7.1303,4.83163,9.12709,4.78462,3.68049,6.10607,8.09493,6.54288,7.62932,2.4687,2.4687,2.77483,2.77483,2.61353,4.81624,2.79888,1.72074,0.937674
2020-02-02,-0.517794,11.1347,9.19453,12.2612,6.83263,4.94279,7.37826,8.30304,5.17037,8.50257,8.0463,5.45233,10.2996,6.12233,4.70951,7.81324,8.90986,7.11623,8.37177,2.41851,2.41851,2.48473,2.48473,2.64719,4.81624,2.69428,1.9418,1.19984
2020-02-03,-0.545602,11.1347,9.19453,12.2612,6.597,4.77126,7.12413,8.01759,4.99112,8.21177,10.1935,6.90733,13.0482,6.88701,5.29773,8.78912,9.97262,8.00278,9.38167,2.37942,2.37942,2.51893,2.51893,3.06769,4.81624,2.59902,2.45998,1.3497
2020-02-04,-1.21854,11.1347,9.19453,12.2612,6.37372,4.60872,6.88331,7.74702,4.82127,7.93417,8.76269,5.93776,11.2166,5.55968,4.2767,7.09519,8.94974,7.16422,8.41408,2.17691,2.17691,2.40905,2.40905,2.68705,4.81624,2.50876,2.11468,1.08957
2020-02-05,4.60284,11.1347,9.19453,12.2612,6.13497,4.44548,6.62261,7.55757,4.6999,7.8114,7.99345,5.41651,10.232,5.40845,4.16037,6.9022,8.93761,7.11567,8.39103,2.18368,2.18368,2.43323,2.43323,2.49258,4.81624,2.42397,1.92904,1.05993
2020-02-06,1.20331,11.1347,9.19453,12.2612,6.67304,4.83719,7.20293,8.21885,5.11365,8.49419,9.93789,6.7341,12.7209,6.88244,5.29421,8.78329,10.5886,8.44725,9.9462,2.41074,2.41074,2.24177,2.24177,3.03616,4.81624,2.64056,2.39829,1.3488
2020-02-07,0.677483,11.1347,9.19453,12.2612,6.49412,4.70694,7.00997,7.99906,4.97607,8.26918,8.50531,5.76336,10.8872,5.94303,4.51992,7.5701,8.27354,6.6133,7.77547,2.11719,2.11719,2.10434,2.10434,2.44877,4.77079,2.56246,2.05257,1.1647
2020-02-08,0.703685,11.1347,9.19453,12.2612,6.28944,4.55793,6.78921,7.7475,4.81868,8.00933,6.2444,4.23132,7.9931,4.18866,3.18565,5.33542,6.01435,4.72512,5.62758,1.91517,1.91517,2.06939,2.06939,1.54217,4.77079,2.48026,1.50695,0.82088
2020-02-09,2.51797,11.1347,9.19453,12.2612,6.09323,4.4151,6.57761,7.50629,4.66781,7.75873,7.94557,5.38407,10.1707,4.81287,3.66039,6.13052,7.57502,5.97562,7.0952,1.75193,1.75193,1.9541,1.9541,1.99914,4.77079,2.40147,1.91749,0.943211
2020-02-10,-2.60425,11.1347,9.19453,12.2612,6.11591,4.4316,6.60206,7.53415,4.68524,7.78737,11.1477,7.5539,14.2695,6.88159,5.23373,8.7656,7.67651,6.12934,7.21236,1.8778,1.8778,1.82463,1.82463,2.23135,4.77079,2.41057,2.69025,1.34863
2020-02-11,3.50524,11.1347,9.19453,12.2612,6.18237,4.47998,6.67374,7.61576,4.73635,7.87019,10.3335,7.0022,13.2274,7.53526,5.73088,9.59823,8.38508,6.69292,7.87743,2.17168,2.17168,2.53855,2.53855,2.41973,4.77079,2.44305,2.49377,1.47674
2020-02-12,1.14754,11.1347,9.19453,12.2612,6.40926,4.64516,6.91845,7.89468,4.91082,8.1597,10.1926,6.90667,13.0469,7.45076,5.66662,9.49061,8.66431,6.93308,8.14494,2.19922,2.19922,2.1244,2.1244,2.51239,4.77079,2.53438,2.45975,1.46018
2020-02-13,-1.08738,11.1347,9.19453,12.2612,6.23649,4.51939,6.73211,7.68229,4.77797,7.93914,9.94131,6.73642,12.7253,6.20362,4.71811,7.90202,7.82199,6.26674,7.35542,1.98267,1.98267,2.16378,2.16378,2.2995,4.77079,2.46484,2.39912,1.21577
2020-02-14,0.952304,11.1347,9.19453,12.2612,6.0784,4.4043,6.5616,7.48802,4.6564,7.73914,8.81918,5.97604,11.2889,5.08034,3.86381,6.47122,8.22453,6.58655,7.73313,2.10497,2.10497,2.33655,2.33655,2.39278,4.77079,2.4012,2.12831,0.995629
2020-02-15,-4.18536,11.1347,9.19453,12.2612,5.90425,4.27752,6.37379,7.27401,4.5225,7.51841,6.21164,4.20912,7.95116,4.21954,3.20914,5.37475,7.42244,5.94383,6.97886,1.99436,1.99436,2.18447,2.18447,2.19818,4.77079,2.33111,1.49904,0.826933
2020-02-16,0.454088,11.1347,9.19453,12.2612,6.39251,4.63296,6.90038,7.87401,4.89794,8.13673,9.71478,6.58292,12.4353,6.54207,5.03238,8.39158,10.567,8.4856,9.94255,2.43341,2.43341,2.70032,2.70032,3.04971,4.77079,2.54921,2.34445,1.28209
2020-02-17,-2.48977,11.1347,9.19453,12.2612,6.18334,4.48069,6.67479,7.61707,4.7371,7.87379,11.0478,7.48622,14.1417,6.56224,5.0479,8.41746,8.47754,6.8707,7.99549,2.59012,2.59012,2.40242,2.40242,2.74641,4.77079,2.46438,2.66615,1.28605
2020-02-18,4.55757,11.1347,9.19453,12.2612,6.22271,4.50935,6.71724,7.6656,4.76737,7.92717,10.6871,7.24181,13.68,7.68709,5.91317,9.8603,9.51252,7.66683,8.95882,2.57255,2.57255,2.72982,2.72982,2.93701,4.77079,2.5066,2.5791,1.50649
2020-02-19,-5.145,11.1347,9.19453,12.2612,6.73476,4.88212,7.2695,8.29501,5.16111,8.57905,10.2986,6.97855,13.1827,7.56446,5.81884,9.70301,11.1947,9.03924,10.548,2.69424,2.69424,2.41509,2.41509,3.36559,4.77079,2.71656,2.48535,1.48246
2020-02-20,-0.258925,11.1347,9.19453,12.2612,7.40611,5.37086,7.99356,9.1203,5.67735,9.43554,11.9078,8.06898,15.2426,8.51856,6.55277,10.9268,15.0191,12.0244,14.1207,3.11202,3.11202,2.92844,2.92844,4.21128,4.77079,2.99183,2.87369,1.66944
2020-02-21,0.808148,11.1347,9.19453,12.2612,7.16135,5.19267,7.72958,8.81949,5.48914,9.12508,9.36107,6.34324,11.9826,5.34981,4.11526,6.86226,11.471,9.24895,10.8044,2.99868,2.99868,2.68801,2.68801,3.35923,4.77079,2.89147,2.25909,1.04844
2020-02-22,-0.240412,11.1347,9.19453,12.2612,6.93888,5.03072,7.48965,8.54648,5.31807,8.85206,7.61262,5.15845,9.74448,4.15685,3.19759,5.33203,10.8041,8.64546,10.1565,3.03037,3.03037,2.73565,2.73565,3.01043,4.70024,2.78209,1.83714,0.814646
2020-02-23,2.6685,11.1347,9.19453,12.2612,6.70957,4.86378,7.24233,8.26474,5.14174,8.56325,7.81799,5.29762,10.0074,5.46959,4.20739,7.01589,10.1488,8.12742,9.54237,2.56313,2.56313,2.57912,2.57912,2.99256,4.70024,2.69761,1.8867,1.07191
2020-02-24,-2.8032,11.1347,9.19453,12.2612,6.71753,4.86957,7.25091,8.27453,5.14786,8.57383,11.2845,7.64661,14.4447,7.49428,5.76486,9.61298,10.9922,8.85234,10.3502,2.74634,2.74634,2.52693,2.52693,3.36059,4.70024,2.70217,2.72327,1.46871
2020-02-25,-3.24872,11.1347,9.19453,12.2612,6.89334,4.97266,7.4661,8.39686,5.23962,8.6107,10.6425,7.21157,13.6229,8.08101,6.21619,10.3656,10.8013,8.72645,10.1789,3.02114,3.02114,2.82545,2.82545,3.24901,4.70024,2.7574,2.56834,1.58369
2020-02-26,-5.74077,11.1347,9.19453,12.2612,7.04057,5.07933,7.62542,8.57584,5.35193,8.79612,10.6532,7.2188,13.6365,7.82022,6.01558,10.0311,10.4483,8.43928,9.84557,3.04491,3.04491,3.07902,3.07902,3.27338,4.70024,2.84557,2.57091,1.53258
2020-02-27,-0.409297,11.1347,9.19453,12.2612,7.87429,5.68336,8.52763,9.58936,6.00666,9.85509,11.8336,8.01869,15.1476,8.94448,6.8804,11.4732,13.8657,11.1503,13.0511,3.60379,3.60379,3.74897,3.74897,4.17249,4.77079,3.23408,2.85579,1.75291
2020-02-28,-1.28362,11.1347,9.19453,12.2612,7.62246,5.50091,8.25511,9.28322,5.81396,9.5375,8.49487,5.75628,10.8738,6.21566,4.7813,7.97289,11.7238,9.47298,11.0486,3.45992,3.45992,3.32575,3.32575,3.67643,4.77079,3.12919,2.05005,1.21813
2020-02-29,-0.844689,11.1347,9.19453,12.2612,7.42995,5.36144,8.04679,9.0492,5.66665,9.29024,7.4375,5.03979,9.52033,5.26876,4.05291,6.7583,10.9487,8.89766,10.3334,3.2684,3.2684,3.17661,3.17661,3.53657,4.77079,3.04248,1.79488,1.03256
2020-03-01,-0.431823,11.1347,9.19453,12.2612,7.21358,5.20467,7.81264,8.78615,5.50108,9.0131,8.49254,5.75471,10.8708,6.43417,4.94938,8.25317,11.3071,9.15597,10.6618,3.18032,3.18032,2.97126,2.97126,3.51004,4.77079,2.93537,2.04949,1.26095
2020-03-02,3.52508,11.1347,9.19453,12.2612,6.98601,5.0398,7.56637,8.50951,5.32697,8.74064,10.6286,7.20215,13.6051,7.94843,6.1142,10.1955,11.1283,9.06885,10.5105,2.92503,2.92503,2.71889,2.71889,3.63222,4.77079,2.86409,2.56498,1.55771
2020-03-03,-0.927477,11.1347,9.19453,12.2612,7.15154,5.15972,7.7455,8.71074,5.45364,8.9582,11.3809,7.71191,14.568,9.15073,7.03905,11.7377,11.2042,9.06618,10.5628,2.89032,2.89032,2.58467,2.58467,3.41734,4.77079,2.9371,2.74653,1.79333
2020-03-04,-0.37098,11.1347,9.19453,12.2612,6.95116,5.01455,7.52867,8.46716,5.30033,8.71051,9.35447,6.33877,11.9741,6.94762,5.34435,8.91178,9.2633,7.5705,8.75546,2.97329,2.97329,2.91467,2.91467,3.15799,4.77079,2.84958,2.2575,1.36157
2020-03-05,3.62849,11.1347,9.19453,12.2612,6.73104,4.85507,7.29046,8.19956,5.13189,8.42899,7.98659,5.41186,10.2232,5.91583,4.55066,7.58829,8.75745,7.12109,8.26655,2.80857,2.80857,2.60889,2.60889,2.90686,4.77079,2.75789,1.92739,1.15937
2020-03-06,0.481096,11.1347,9.19453,12.2612,6.94337,5.00891,7.52024,8.45769,5.29435,8.68395,8.48981,5.75286,10.8673,6.20135,4.77029,7.95453,10.0702,8.15526,9.49574,2.83738,2.83738,2.54448,2.54448,3.23775,4.77079,2.8422,2.04883,1.21532
2020-03-07,-2.35798,11.1347,9.19453,12.2612,6.72216,4.84864,7.28085,8.18877,5.12508,8.40793,6.21501,4.21141,7.95548,4.43889,3.41455,5.69381,10.1347,8.18746,9.55051,2.8168,2.8168,2.59456,2.59456,3.1984,4.77079,2.75026,1.49986,0.86992
2020-03-08,-9.43035,11.1347,9.19453,12.2612,6.71011,4.83991,7.26781,8.17398,5.11585,8.38228,8.34337,5.65363,10.6799,5.63638,4.33569,7.22984,9.57607,7.73604,9.02406,3.15724,3.15724,2.83091,2.83091,3.02023,4.77079,2.71964,2.01349,1.1046
2020-03-09,-2.30143,11.1347,9.19453,12.213,9.15861,6.61386,9.91746,11.2585,6.98945,11.6177,13.7929,9.12491,17.3397,11.0473,8.44617,14.4487,16.5452,13.2385,15.5532,4.49346,4.49346,4.13857,4.13857,4.74828,4.77079,3.77423,3.24976,2.15182
2020-03-10,-0.175772,11.1347,9.19453,12.213,9.002,6.50039,9.74799,11.0657,6.8696,11.4171,11.6734,7.72271,14.6752,9.89397,7.56441,12.9403,14.6401,11.8361,13.7989,3.7885,3.7885,3.57698,3.57698,4.64418,4.77079,3.70891,2.75038,1.92718
2020-03-11,0.0214995,11.1347,9.19453,12.213,8.70588,6.28585,9.42754,10.7037,6.67784,11.0529,9.71447,6.42678,12.2126,7.34406,5.61488,9.60528,12.4326,10.0793,11.7266,3.5621,3.5621,3.45291,3.45291,4.04533,4.70024,3.58046,2.28884,1.4305
2020-03-12,-46.473,11.1347,9.19453,12.213,8.41829,6.0775,9.11632,10.3507,6.42875,10.6839,7.98341,5.28157,10.0364,6.29532,4.81308,8.23365,11.7121,9.45359,11.0345,3.85282,3.85282,3.22419,3.22419,3.611,4.70024,3.46068,1.88098,1.22622
2020-03-13,11.2686,11.3555,9.25054,13.7021,32.7544,23.7091,35.4517,40.9354,25.1595,47.6601,33.8904,21.0277,44.854,26.441,18.7685,37.2926,121.539,92.4017,112.798,8.2525,8.2525,10.9733,10.9733,24.0738,4.77079,13.6157,7.22568,4.62214
2020-03-14,-6.75355,11.3555,9.25054,13.7021,32.5617,23.5695,35.2432,40.8039,25.013,47.3845,23.3799,14.5063,30.9434,20.0419,14.2262,28.2672,71.1985,54.9068,66.311,5.3423,5.3423,3.51854,3.51854,15.9597,4.77079,13.5354,4.98477,3.50351
2020-03-15,3.62457,11.3555,9.25054,13.7021,31.8116,23.0261,34.4315,39.8091,24.4356,46.2914,23.2116,14.4019,30.7206,19.0699,13.5363,26.8964,32.001,25.4772,30.0439,4.89555,4.89555,5.38177,5.38177,8.74408,4.81624,13.2225,4.94889,3.3336
2020-03-16,-7.2645,11.3555,9.25054,13.7021,31.3395,22.5227,34.1014,38.5034,23.91,44.339,20.0183,12.4206,26.4943,16.9369,12.0222,23.8879,24.7317,19.7969,23.2512,4.86808,4.86808,4.12571,4.12571,7.01697,4.81624,12.7115,4.26806,2.96072
2020-03-17,4.12455,11.3555,9.25054,13.7021,30.6719,22.0425,33.3749,37.7641,23.4013,43.3981,24.5663,15.2424,32.5135,20.8132,14.7737,29.3551,24.8235,20.0122,23.3801,4.95418,4.95418,4.909,4.909,7.3046,4.84587,12.44,5.23772,3.63834
2020-03-18,0.244826,11.3555,9.25054,13.7021,29.7374,21.3706,32.3583,36.2352,22.6832,42.061,22.5618,13.9987,29.8606,18.5534,13.1697,26.1679,21.2994,17.0717,20.0311,4.66308,4.66308,4.32249,4.32249,6.14788,4.84587,12.0492,4.81034,3.24332
2020-03-19,16.7104,11.3555,9.25054,13.7021,28.7009,20.6251,31.2306,34.5705,21.887,40.5791,15.2678,9.47311,20.207,12.2837,8.71924,17.325,18.4136,14.9354,17.3702,4.33289,4.33289,4.13879,4.13879,5.78941,4.84587,11.5192,3.25522,2.1473
2020-03-20,0.122442,11.3555,9.25054,13.7021,30.0275,21.5792,32.6739,35.9377,22.8927,42.4336,29.5912,18.3602,39.1641,19.194,13.6244,27.0714,29.0413,23.201,27.2892,4.98554,4.98554,5.1039,5.1039,8.33218,4.84587,12.0531,6.30907,3.3553
2020-03-21,-0.221445,11.3555,9.25054,13.7021,28.9805,20.8262,31.5348,34.685,22.0961,40.9611,15.2544,9.46476,20.1892,9.19505,6.52687,12.9688,20.444,16.5237,19.2679,4.72109,4.72109,4.19906,4.19906,6.2306,4.81624,11.5204,3.25235,1.60738
2020-03-22,-5.90771,11.3555,9.25054,13.7021,27.9709,20.1002,30.4364,33.477,21.3197,39.5162,13.7018,8.50145,18.1344,8.87235,6.29781,12.5136,19.6677,15.8551,18.5239,4.77625,4.77625,3.88653,3.88653,6.00468,4.81624,11.1179,2.92133,1.55097
2020-03-23,9.57832,11.3555,9.25054,13.7021,27.3128,19.6269,29.7204,32.6896,20.8175,38.5863,20.5228,12.7336,27.162,15.172,10.7694,21.3986,20.554,16.7644,19.4171,4.50818,4.50818,4.31533,4.31533,6.6749,4.84587,10.8556,4.37561,2.6522
2020-03-24,4.84447,11.3555,9.25054,13.7021,27.1816,19.5326,29.5776,32.5326,20.7163,38.3875,26.0349,16.1537,34.4573,19.2002,13.6287,27.08,24.1915,19.4116,22.7575,4.49942,4.49942,4.40135,4.40135,7.17269,4.84587,10.8033,5.55084,3.35637
2020-03-25,-0.801155,11.3555,9.25054,13.7021,26.4457,19.0033,28.7769,31.6521,20.1551,37.3281,22.9748,14.255,30.4072,19.0901,13.5506,26.9248,20.5779,16.6958,19.4132,4.87087,4.87087,3.38072,3.38072,6.44397,4.84587,10.51,4.8984,3.33712
2020-03-26,0.528121,11.3555,9.25054,13.7021,25.5315,18.346,27.7824,30.5584,19.458,36.0199,19.2314,11.9323,25.4527,16.4378,11.6679,23.1839,19.4685,15.834,18.3782,4.76349,4.76349,3.67775,3.67775,6.35689,4.84587,10.1456,4.10027,2.87348
2020-03-27,-3.74134,11.3555,9.25054,13.7021,24.6449,17.7084,26.8178,29.4976,18.7818,34.755,12.9984,8.065,17.2034,9.9532,7.06503,14.0381,16.807,13.4183,15.7904,4.42807,4.42807,2.92011,2.92011,4.84474,4.84587,9.79217,2.77135,1.73991
2020-03-28,-3.58132,11.3555,9.25054,13.7021,23.9333,17.1966,26.0435,28.6461,18.2391,33.735,13.6645,8.47828,18.085,9.699,6.88459,13.6795,16.2581,12.9887,15.2773,4.69309,4.69309,4.34248,4.34248,4.7221,4.84587,9.50851,2.91337,1.69548
2020-03-29,-5.26502,11.3555,9.25054,13.7021,23.2387,16.6971,25.2878,27.815,17.7094,32.7441,17.0544,10.5816,22.5716,14.0678,9.98565,19.8413,19.9117,16.1408,18.7804,4.43295,4.43295,4.39844,4.39844,6.34994,4.84587,9.23163,3.63613,2.45918
2020-03-30,8.22684,11.3555,9.25054,13.7021,22.7336,16.3339,24.7383,27.2107,17.3242,32.0166,22.1103,13.7186,29.263,17.7743,12.6166,25.069,22.6233,18.2693,21.3171,5.35373,5.35373,5.03203,5.03203,7.03729,4.85906,9.0303,4.71408,3.10711
2020-03-31,0.136812,11.3555,9.25054,13.7021,22.6682,16.2868,24.6671,27.1324,17.2743,31.9043,22.8832,14.1981,30.2859,20.3311,14.4315,28.6752,22.5195,18.4291,21.2924,4.79029,4.79029,4.10277,4.10277,7.52041,4.85906,9.00422,4.87886,3.55407
2020-04-01,2.57778,11.3555,9.25054,13.7021,21.8804,15.7203,23.81,26.1898,16.6736,30.7755,18.1653,11.2709,24.0419,13.2845,9.42968,18.7366,20.039,16.4341,18.9575,4.84331,4.84331,3.88553,3.88553,6.84906,4.85906,8.6902,3.87298,2.32226
2020-04-02,2.78888,11.3555,9.25054,13.7021,21.1933,15.2261,23.0624,25.3677,16.1496,29.7893,17.8846,11.0967,23.6703,13.7504,9.76034,19.3936,19.997,16.5013,18.9483,4.55648,4.55648,3.57382,3.57382,7.00276,4.85906,8.41631,3.81313,2.40369
2020-04-03,-0.890627,11.3555,9.25054,13.7021,20.5458,14.7606,22.3581,24.5931,15.6558,28.8724,16.0126,9.93519,21.1927,13.3335,9.46443,18.8056,20.4469,16.8324,19.3625,4.46506,4.46506,2.88147,2.88147,7.05767,4.85906,8.15824,3.414,2.33082
2020-04-04,1.97258,11.3555,9.25054,13.7021,19.8438,14.2557,21.5942,23.7531,15.1205,27.8706,12.0819,7.49638,15.9905,7.90806,5.61333,11.1536,19.324,16.0153,18.3314,4.4758,4.4758,3.24374,3.24374,6.95638,4.85906,7.8784,2.57596,1.3824
2020-04-05,-1.11868,11.3555,9.25054,13.7021,19.3461,13.8355,21.1215,23.2301,14.7286,27.2941,14.5543,9.03038,19.2626,11.9237,8.46373,16.8173,19.8233,16.3493,18.7811,5.20371,5.20371,3.54518,3.54518,6.96229,4.85906,7.78358,3.10308,2.08437
2020-04-06,6.8384,11.3555,9.25054,13.7021,18.7255,13.3912,20.4442,22.4853,14.256,26.4357,16.7009,10.3622,22.1036,12.6299,8.96501,17.8133,17.4045,14.3461,16.487,5.3246,5.3246,3.77826,3.77826,6.13222,4.84587,7.37953,3.56075,2.20782
2020-04-07,-1.32014,11.3555,9.25054,13.7021,18.6813,13.3596,20.3959,22.4323,14.2221,26.3537,17.9057,11.1098,23.6983,14.8276,10.525,20.913,18.8882,15.6504,17.9169,5.99201,5.99201,3.55475,3.55475,6.86101,4.84587,7.36202,3.81764,2.59201
2020-04-08,2.17346,11.3555,9.25054,13.7021,18.0902,12.9363,19.7507,21.7228,13.7714,25.5062,15.7278,9.75847,20.8157,11.6306,8.25566,16.4038,17.8058,14.775,16.8966,5.63701,5.63701,3.50712,3.50712,6.4728,4.84587,7.12797,3.35328,2.03313
2020-04-09,-0.437395,11.3555,9.25054,13.7021,17.5534,12.552,19.1648,21.0786,13.3559,24.7332,16.9885,10.5407,22.4844,11.8342,8.40018,16.691,18.9289,15.5996,17.9302,5.82059,5.82059,3.4309,3.4309,6.57306,4.84587,6.91543,3.62208,2.06872
2020-04-10,-6.16526,11.3555,9.25054,13.7021,16.9794,12.141,18.5383,20.3897,12.9246,23.9352,13.7463,8.52905,18.1933,8.75749,6.21628,12.3516,15.924,13.118,15.0822,5.87269,5.87269,3.52439,3.52439,5.51434,4.81624,6.65664,2.93081,1.53089
2020-04-11,-0.093415,11.3555,9.19453,13.6282,16.9526,12.1218,18.509,20.3575,12.8221,23.7975,16.3006,9.7585,21.5723,10.672,7.51454,14.9802,18.4554,15.2885,17.5053,5.25921,5.25921,4.23731,4.23731,6.63801,4.81624,6.64051,3.4754,1.86556
2020-04-12,1.61981,11.3555,9.19453,13.6282,16.3958,11.7231,17.9013,19.6893,12.3936,23.0161,14.6501,8.77045,19.3881,10.0754,7.09444,14.1428,17.4347,14.3831,16.5192,6.32964,6.32964,3.90171,3.90171,6.11315,4.81624,6.42094,3.12352,1.76127
2020-04-13,-1.82479,11.3555,9.19453,13.6282,15.8926,11.3629,17.3521,19.0854,12.0984,22.3279,17.6132,10.5443,23.3095,12.0146,8.45996,16.8649,16.5073,13.5813,15.6295,5.75284,5.75284,3.40648,3.40648,5.68014,4.81624,6.23326,3.75527,2.10027
2020-04-14,-0.0381347,11.3555,9.19453,13.6282,15.4238,11.0272,16.8404,18.5227,11.7411,21.6695,16.1034,9.64047,21.3114,12.0331,8.47298,16.8909,16.2689,13.3374,15.3894,5.82224,5.82224,3.64872,3.64872,5.48096,4.81624,6.04815,3.43337,2.1035
2020-04-15,-2.9713,11.3555,9.19453,13.6282,14.9183,10.6653,16.2886,17.916,11.3559,20.9581,12.5983,7.5421,16.6727,9.64635,6.79236,13.5406,15.7553,12.9229,14.9056,5.20133,5.20133,3.57667,3.57667,5.31149,4.81624,5.84799,2.68605,1.68627
2020-04-16,6.90291,11.3555,9.19453,13.6282,14.5744,10.419,15.9133,17.5033,11.0938,20.5347,13.5555,8.11513,17.9394,10.4124,7.33174,14.6158,16.8916,13.8226,15.9709,4.90523,4.90523,3.96664,3.96664,5.59759,4.81624,5.85547,2.89013,1.82018
2020-04-17,-0.290151,11.3555,9.19453,13.6282,14.8385,10.6081,16.2015,17.8202,11.295,20.908,15.2239,9.11397,20.1475,11.4913,8.09146,16.1303,17.8069,14.7058,16.8765,5.39507,5.39507,3.65735,3.65735,6.26853,4.77079,5.85401,3.24586,2.00879
2020-04-18,2.25009,11.3555,9.19453,13.6282,14.3545,10.2616,15.6732,17.2394,10.9262,20.2279,9.81111,5.87352,12.9841,7.98833,5.62489,11.2132,16.6647,13.7165,15.7803,4.71682,4.71682,3.67249,3.67249,5.70718,4.77079,5.66237,2.0918,1.39644
2020-04-19,-0.944696,11.3555,9.19453,13.6282,13.9639,9.98191,15.2469,16.7706,10.6285,19.6763,12.7172,7.61329,16.83,10.6944,7.53035,15.0117,17.9878,14.7358,17.0122,4.07353,4.07353,3.14992,3.14992,5.98816,4.77079,5.50667,2.7114,1.86948
2020-04-20,-4.37079,11.3555,9.19453,13.6282,13.5246,9.66732,14.7673,16.2433,10.2936,19.0547,16.8007,10.0579,22.2342,11.4635,8.0719,16.0913,14.9713,12.3417,14.1824,3.83442,3.83442,3.27514,3.27514,5.24856,4.77079,5.3311,3.58204,2.00393
2020-04-21,-0.0237638,11.3555,9.19453,13.6282,13.4215,9.59352,14.6548,16.1196,10.2151,18.9145,15.6198,9.35093,20.6713,10.4412,7.35205,14.6563,15.7898,13.0603,14.971,4.56167,4.56167,3.40496,3.40496,5.63882,4.70024,5.269,3.33025,1.82522
2020-04-22,3.38498,11.3555,9.19453,13.6282,12.9836,9.27998,14.1769,15.594,9.88136,18.2951,12.4222,7.43668,16.4396,9.57645,6.74314,13.4425,14.7377,12.1854,13.972,4.61344,4.61344,3.66935,3.66935,5.2571,4.70024,5.09583,2.64851,1.67405
2020-04-23,4.29734,11.3555,9.19453,13.6282,12.7604,9.12018,13.9333,15.3262,9.71127,17.983,13.7895,8.25525,18.2492,11.0513,7.78167,15.5128,13.7967,11.3722,13.0693,4.63233,4.63233,3.68671,3.68671,4.86126,4.70024,5.00773,2.94003,1.93188
2020-04-24,1.61781,11.3555,9.19453,13.6282,12.6734,9.0579,13.8383,15.2218,9.64497,17.8617,13.0208,7.79505,17.2319,10.3119,7.26097,14.4748,14.0967,11.6922,13.3753,4.73276,4.73276,3.39434,3.39434,5.14586,4.70024,4.97339,2.77614,1.80261
2020-04-25,0.251772,11.3555,9.19453,13.6282,11.6508,8.31081,12.7362,13.9298,8.91708,16.2537,10.2341,6.12672,13.5438,8.08897,5.69576,11.3545,15.2408,12.5133,14.4226,4.50915,4.50915,3.16602,3.16602,5.19115,4.70024,4.57546,2.18198,1.41403
2020-04-26,1.44176,11.3555,9.19453,13.6282,11.2303,8.01014,12.2768,13.4275,8.59466,15.665,12.3265,7.37937,16.3129,9.39877,6.61803,13.193,13.461,11.082,12.7473,4.45783,4.45783,3.07871,3.07871,4.66383,4.70024,4.4088,2.6281,1.64299
2020-04-27,1.49573,11.3555,9.19453,13.6282,10.8702,7.75265,11.8833,12.9974,8.31854,15.1633,15.4575,9.2538,20.4566,11.9246,8.39658,16.7386,12.9539,10.5644,12.237,4.00533,4.00533,2.95598,2.95598,4.24343,4.70024,4.26608,3.29566,2.08453
2020-04-28,0.146868,11.3555,9.19453,13.6282,10.5294,7.50896,11.5109,12.5903,8.05722,14.6912,13.6435,8.1678,18.0558,10.0633,7.08594,14.1258,13.9602,11.3196,13.168,4.20088,4.20088,2.76174,2.76174,4.35204,4.64098,4.05808,2.90889,1.75916
2020-04-29,11.9841,11.3555,9.19453,13.6282,10.1524,7.23937,11.099,12.14,7.76814,14.1625,11.5119,6.89172,15.2349,8.95588,6.30618,12.5714,12.2703,9.94125,11.5716,4.17891,4.17891,3.15384,3.15384,3.83422,4.64098,3.91124,2.45443,1.56557
2020-04-30,-1.63219,11.3555,9.19453,13.6282,12.998,9.27409,14.2081,15.5389,9.95005,18.1219,18.2572,10.9299,24.1617,13.9725,9.83856,19.6132,19.0647,15.4245,17.9726,4.74386,4.74386,3.42813,3.42813,5.90938,4.64098,5.01949,3.89257,2.44252
2020-05-01,2.35369,11.3555,9.19453,13.6282,12.5837,8.97786,13.7555,15.0441,9.63239,17.5426,13.803,8.26329,18.2669,9.51697,6.70127,13.359,15.4203,12.6132,14.5782,4.44239,4.44239,3.30081,3.30081,5.11395,4.64098,4.85814,2.9429,1.66366
2020-05-02,1.38721,11.3555,9.19453,13.6282,12.2363,8.72949,13.376,14.6292,9.36605,17.093,10.9459,6.5529,14.4859,7.54482,5.3126,10.5907,14.6663,11.946,13.8502,3.94586,3.94586,3.29133,3.29133,4.71571,4.64098,4.72288,2.33376,1.31891
2020-05-03,-1.01899,11.3555,9.19453,13.6282,11.83,8.43898,12.9321,14.1439,9.05453,16.5208,13.9542,8.35383,18.4671,9.91559,6.98195,13.9185,16.3534,13.3402,15.4494,4.08886,4.08886,3.38376,3.38376,5.26604,4.64098,4.56464,2.97514,1.73334
2020-05-04,0.170533,11.3555,9.19453,13.6282,11.4285,8.15189,12.4934,13.6643,8.74666,15.9628,17.2439,10.3232,22.8207,11.753,8.27574,16.4977,15.6247,12.7097,14.7502,3.8436,3.8436,3.07555,3.07555,4.95677,4.64098,4.40827,3.67652,2.05453
2020-05-05,1.00935,11.3555,9.19453,13.6282,11.0162,7.85707,12.0429,13.1718,8.43052,15.3819,13.0184,7.79361,17.2287,9.91203,6.97944,13.9135,14.7947,12.0129,13.9602,3.36277,3.36277,3.1739,3.1739,4.63556,4.64098,4.24769,2.77562,1.73272
2020-05-06,2.90842,11.3555,9.19453,13.6282,10.6412,7.58894,11.6332,12.7239,8.14299,14.8545,12.8389,7.68615,16.9911,9.76738,6.87759,13.7105,14.4064,11.6368,13.5755,3.23824,3.23824,3.04461,3.04461,4.38496,4.64098,4.10164,2.73735,1.70743
2020-05-07,7.10753,11.3555,9.19453,13.6282,10.4598,7.4592,11.4349,12.5072,8.00386,14.5951,13.7546,8.23434,18.2029,10.1938,7.17782,14.309,14.3982,11.6591,13.5764,3.33377,3.33377,2.83452,2.83452,4.45168,4.64098,4.03097,2.93259,1.78196
2020-05-08,-1.09985,11.3555,9.19453,13.6282,11.2787,8.04479,12.3297,13.4854,8.63181,15.7522,15.3668,9.19949,20.3365,9.97089,7.02088,13.9961,15.9131,12.8386,14.9908,3.53465,3.53465,2.98058,2.98058,4.75813,4.64098,4.34994,3.27632,1.743
2020-05-09,-2.55995,11.3555,9.19453,13.6282,10.9044,7.77714,11.9207,13.0383,8.3448,15.2391,10.5991,6.34524,14.0269,7.47021,5.26006,10.4859,13.8564,11.2284,13.068,3.48103,3.48103,2.70737,2.70737,4.29026,4.64098,4.20416,2.2598,1.30586
2020-05-10,-9.13387,11.3555,9.19453,13.6282,10.6805,7.61699,11.676,12.7708,8.17307,14.9281,13.3144,7.97082,17.6204,10.6325,7.48672,14.9248,13.5204,11.0032,12.7652,3.30681,3.30681,3.23659,3.23659,4.36844,4.64098,4.11693,2.83874,1.85865
2020-05-11,-1.78174,11.3555,9.19453,13.6282,12.2334,8.7274,13.3728,14.6257,9.46669,17.1441,19.9796,12.3999,26.4936,13.4033,9.51396,18.8943,19.6107,15.8482,18.4819,3.95639,3.95639,4.53688,4.53688,5.94419,4.70024,4.80638,4.2598,2.34301
2020-05-12,2.32894,11.3555,9.19453,13.6282,11.8641,8.46331,12.9692,14.1845,9.1804,16.6227,16.2622,10.0928,21.5642,11.3887,8.08401,16.0545,15.0815,12.2953,14.2457,3.36993,3.36993,4.19536,4.19536,4.84073,4.70024,4.65999,3.46723,1.99086
2020-05-13,5.15216,11.3555,9.19453,13.6282,11.5488,8.23791,12.6248,13.808,8.93605,16.1825,15.4738,9.60349,20.5187,12.4014,8.80284,17.482,14.8498,12.0047,13.9963,3.39181,3.39181,3.04677,3.04677,4.57134,4.70024,4.53505,3.29912,2.16789
2020-05-14,4.88142,11.3555,9.19453,13.6282,11.7138,8.35588,12.8051,14.0051,9.06395,16.3999,16.7723,10.4094,22.2405,13.553,9.62025,19.1054,16.7339,13.3533,15.7197,3.45538,3.45538,3.0365,3.0365,4.75869,4.70024,4.60044,3.57597,2.36919
2020-05-15,-4.25545,11.3555,9.19453,13.6282,11.8241,8.39602,12.9706,14.0597,9.1404,16.3977,16.9011,10.4893,22.4114,12.2622,8.70404,17.2858,13.6906,11.0261,12.8913,3.23574,3.23574,2.75443,2.75443,4.14643,4.70024,4.62138,3.60344,2.14355
2020-05-16,0.521961,11.3555,9.19453,13.6282,11.8134,8.38835,12.9587,14.0469,9.13205,16.3675,14.413,8.94512,19.112,11.5125,8.17189,16.229,13.5781,10.9655,12.7944,3.6662,3.6662,3.60125,3.60125,4.19901,4.70024,4.61713,3.07295,2.0125
2020-05-17,3.08434,11.3555,9.19453,13.6282,11.3895,8.08669,12.4941,13.5434,8.80386,15.7713,15.8188,9.81762,20.9762,12.5363,8.89855,17.6721,11.41,9.3011,10.7773,3.48252,3.48252,3.62397,3.62397,3.73719,4.70024,4.44996,3.37269,2.19146
2020-05-18,0.575704,11.3555,9.19453,13.6282,11.1904,7.94495,12.2758,13.3069,8.64966,15.4838,18.7372,11.6288,24.8461,14.3742,10.2032,20.263,12.797,10.4224,12.0846,3.49331,3.49331,3.26371,3.26371,4.15721,4.70024,4.37141,3.9949,2.51275
2020-05-19,0.0253202,11.3555,9.19453,13.6282,10.793,7.66204,11.84,12.8347,8.34136,14.9232,14.9968,9.30744,19.8862,11.5829,8.2218,16.3281,12.1256,9.84836,11.4424,3.62337,3.62337,2.73444,2.73444,3.87787,4.70024,4.21464,3.19742,2.02479
2020-05-20,-2.14071,11.3555,9.19453,13.6282,10.4054,7.38615,11.415,12.3743,7.96736,14.3758,13.6887,8.49563,18.1517,10.8853,7.72667,15.3448,12.0718,9.83991,11.4022,3.69454,3.69454,2.63306,2.63306,3.93671,4.70024,4.06175,2.91854,1.90286
2020-05-21,-4.74397,11.3555,9.19453,13.6282,10.1588,7.21062,11.1447,12.0813,7.77269,14.0352,14.7462,9.15195,19.554,11.7592,8.34699,16.5767,12.7055,10.3567,12.0008,3.6787,3.6787,3.09196,3.09196,4.13591,4.70024,3.96447,3.14401,2.05562
2020-05-22,1.10397,11.3555,9.19453,13.6282,10.3915,7.37628,11.3998,12.3578,7.83981,14.3488,14.8688,9.22802,19.7165,10.1661,7.21615,14.3309,12.5834,10.3251,11.9059,3.93952,3.93952,3.95517,3.95517,4.28686,4.74618,4.07843,3.17014,1.77713
2020-05-23,0.290454,11.3555,9.19453,13.6282,10.0476,7.13149,11.0228,11.9493,7.52578,13.8681,10.5978,6.57728,14.053,7.86122,5.58009,11.0818,12.0151,9.85688,11.3676,3.97501,3.97501,3.20779,3.20779,4.09609,4.74618,3.94204,2.25952,1.37422
2020-05-24,-4.65559,11.3555,9.19453,13.6282,9.69129,6.87789,10.6322,11.526,7.25829,13.3705,13.5795,8.42787,18.0069,10.0769,7.15281,14.2051,12.1895,9.98302,11.5276,3.70275,3.70275,3.4637,3.4637,4.04795,4.74618,3.80075,2.89526,1.76153
2020-05-25,1.31736,11.3555,9.19453,13.6282,9.94767,7.06037,10.9132,11.8306,7.45077,13.7159,17.4252,10.8146,23.1063,12.0808,8.57523,17.03,12.7972,10.4638,12.0972,3.90444,3.90444,3.80318,3.80318,4.22797,4.74618,3.92256,3.71518,2.11183
2020-05-26,-0.810305,11.3555,9.19453,13.6282,9.63602,6.83854,10.5716,11.4603,7.2168,13.287,14.1846,8.80338,18.8092,11.0115,7.81622,15.5227,12.213,10.0367,11.5601,3.63869,3.63869,3.39885,3.39885,4.1855,4.74618,3.79834,3.02426,1.92491
2020-05-27,3.8411,11.3555,9.19453,13.6282,9.31674,6.61128,10.2215,11.0811,6.97709,12.8398,13.776,8.54981,18.2674,11.5928,8.22886,16.3421,11.6347,9.5257,11.002,3.59478,3.59478,3.25318,3.25318,3.88271,4.74618,3.67108,2.93715,2.02653
2020-05-28,3.68607,11.3555,9.19453,13.6282,9.38945,6.66303,10.3012,11.1674,7.03168,12.9351,15.0565,9.34448,19.9653,14.2425,10.1097,20.0773,12.3149,10.1239,11.6576,3.48468,3.48468,3.26004,3.26004,4.24704,4.74618,3.70006,3.21015,2.48972
2020-05-29,-0.913555,11.3555,9.19453,13.6282,9.42484,6.68823,10.34,11.2095,7.05825,12.9818,14.0013,8.6896,18.5661,10.2691,7.28924,14.4761,12.1485,9.9429,11.4868,3.19191,3.19191,3.28048,3.28048,4.04864,4.74618,3.71417,2.98518,1.79513
2020-05-30,2.73054,11.3555,9.19453,13.6282,9.12012,6.47133,10.0059,10.8475,6.82948,12.5762,9.52393,5.7016,12.6211,7.86242,5.58094,11.0835,9.56684,7.77704,9.0299,3.30402,3.30402,3.22075,3.22075,3.03858,4.69802,3.57425,2.03057,1.37442
2020-05-31,-2.49843,11.3555,9.19453,13.6282,9.00606,6.39014,9.88087,10.712,6.74384,12.4089,14.5185,8.69164,19.2399,12.386,8.79186,17.4602,11.8591,9.67636,11.2043,3.33577,3.33577,3.48788,3.48788,3.87052,4.69802,3.52901,3.09545,2.16518
2020-06-01,7.19892,11.3555,9.19453,13.6282,8.8853,6.30418,9.74847,10.5685,6.65318,12.2696,16.4175,9.77418,21.6896,11.7684,8.28657,16.5402,11.0446,9.00335,10.4322,3.50887,3.50887,3.65898,3.65898,3.60865,4.65932,3.46216,3.50034,2.05722
2020-06-02,-6.47494,11.3555,9.19453,13.6282,9.99223,7.09209,10.9621,11.8835,7.48422,13.7877,17.2043,10.2426,22.7289,14.5929,10.2754,20.5099,12.7695,10.4806,12.0828,3.57777,3.57777,3.11346,3.11346,4.36152,4.65932,3.89879,3.66807,2.55097
2020-06-03,1.32296,11.3555,9.19453,13.6282,10.7269,7.61502,11.7676,12.7563,8.03579,14.8032,18.1521,10.8069,23.9811,16.4475,11.5813,23.1165,13.2176,10.7716,12.4838,3.6425,3.6425,4.03362,4.03362,4.32373,4.69802,4.21144,3.87016,2.87518
2020-06-04,1.47935,11.3555,9.19453,13.6282,10.3605,7.36198,11.3595,12.3624,7.73329,14.3632,17.3022,10.3008,22.8583,13.655,9.61503,19.1918,12.16,9.90714,11.4841,3.57797,3.57797,3.33803,3.33803,4.0013,4.69802,4.09243,3.68895,2.38703
2020-06-05,-1.38811,11.3555,9.19453,13.6282,10.0498,7.14073,11.0191,11.9921,7.50097,13.9861,14.6188,8.70333,19.3133,10.7583,7.30333,15.1137,11.1947,9.15213,10.5819,3.15348,3.15348,3.02233,3.02233,3.73828,4.65932,3.9447,3.11685,1.88065
2020-06-06,-0.122712,11.3555,9.19453,13.6282,9.75474,6.93055,10.6957,11.6403,7.28028,13.5551,11.4707,6.82909,15.1542,9.37398,6.36359,13.169,10.2073,8.31265,9.63888,3.12009,3.12009,2.71453,2.71453,3.31167,4.65932,3.82783,2.44564,1.63866
2020-06-07,1.08357,11.3555,9.19453,13.6282,9.41795,6.69068,10.3266,11.2388,7.02841,13.0744,13.1202,7.81109,17.3333,11.4685,7.78549,16.1115,10.1754,8.36853,9.63336,3.03498,3.03498,3.09581,3.09581,3.50332,4.65932,3.69444,2.79732,2.00481
2020-06-08,0.12941,11.3555,9.19453,13.6282,9.12239,6.48017,10.0027,10.8864,6.80736,12.6458,16.2437,9.67072,21.46,12.7128,8.63019,17.8596,9.39003,7.70244,8.88375,2.93114,2.93114,2.56649,2.56649,3.19857,4.65932,3.57738,3.46329,2.22232
2020-06-09,0.247462,11.3555,9.19453,13.6282,8.80962,6.25741,9.65993,10.5135,6.57346,12.1948,12.2332,7.28305,16.1616,9.86404,6.69627,13.8575,10.4083,8.50004,9.83583,2.96406,2.96406,2.81322,2.81322,3.44343,4.65932,3.45351,2.60821,1.72433
2020-06-10,0.756589,11.3555,9.19453,13.6282,8.51008,6.04408,9.33168,10.1565,6.34945,11.8023,11.0386,6.57181,14.5833,9.886,6.71118,13.8883,9.45295,7.64343,8.9101,2.79708,2.79708,2.6296,2.6296,2.90436,4.63725,3.29752,2.3535,1.72817
2020-06-11,-5.71557,11.1347,9.13536,13.1659,8.23621,5.84902,9.03155,9.59092,6.11041,11.0864,10.3815,6.69179,14.8821,8.40914,6.24193,12.8273,9.3666,7.5955,8.83527,3.10001,3.10001,2.60842,2.60842,2.96999,4.58907,3.1913,2.446,1.63796
2020-06-12,1.69196,11.1347,9.13536,13.1659,8.94826,6.35616,9.81187,10.4193,6.67351,12.0437,12.1428,7.82709,17.4069,8.79849,6.53094,13.4212,10.5566,8.66944,9.99047,3.7583,3.7583,3.45538,3.45538,3.58267,4.63725,3.50842,2.86098,1.7138
2020-06-13,-0.0587299,11.1347,9.13536,13.1659,8.71932,6.1931,9.56098,10.1529,6.50226,11.7359,9.09699,5.86381,13.0407,7.05841,5.23932,10.7669,10.3922,8.51915,9.83028,3.66068,3.66068,3.092,3.092,3.47785,4.63725,3.41775,2.14336,1.37486
2020-06-14,-0.938286,11.1347,9.13536,13.1659,8.42272,5.98186,9.23594,9.80789,6.28045,11.3372,10.0472,6.47628,14.4028,7.8465,5.8243,11.969,11.1244,9.07321,10.5091,3.62016,3.62016,3.05688,3.05688,3.6221,4.63725,3.30028,2.36723,1.52836
2020-06-15,0.678587,11.1347,9.13536,13.1659,8.16807,5.80049,8.95688,9.51166,6.11069,10.9967,11.9341,7.6926,17.1078,9.63965,7.15532,14.7043,10.5106,8.45559,9.89412,3.42652,3.42652,3.39503,3.39503,3.16327,4.63725,3.19943,2.81182,1.87764
2020-06-16,0.919735,11.1347,9.13536,13.1659,7.90517,5.61325,8.66877,9.20582,5.9066,10.6434,9.57216,6.1701,13.7219,8.71776,6.47102,13.298,10.7482,8.77071,10.1549,3.35746,3.35746,3.13987,3.13987,3.51997,4.63725,3.0953,2.25531,1.69807
2020-06-17,-0.607512,11.1347,9.13536,13.1659,7.66489,5.44212,8.40546,8.9263,5.71485,10.3202,10.347,6.66952,14.8326,8.66346,6.43071,13.2152,10.265,8.24714,9.65964,3.13575,3.13575,2.97824,2.97824,3.03587,4.63725,3.00014,2.43786,1.68749
2020-06-18,-0.724273,11.1347,9.13536,13.1659,7.42503,5.27128,8.14259,8.64726,5.57524,9.99843,10.7069,6.90153,15.3485,8.19052,6.07966,12.4938,12.0392,9.73052,11.3466,3.02614,3.02614,3.09884,3.09884,3.70715,4.58907,2.87431,2.52267,1.59537
2020-06-19,-1.32433,11.1347,9.13536,13.1659,7.20125,5.1119,7.89735,8.38693,5.37973,9.69743,8.22751,5.30335,11.7943,6.04597,4.4878,9.2225,9.97044,8.02481,9.38675,2.82869,2.82869,2.87189,2.87189,2.997,4.58907,2.78653,1.9385,1.17765
2020-06-20,0.476061,11.1347,9.13536,13.1659,7.03371,4.99258,7.71375,8.19203,5.25498,9.47229,7.66505,4.94079,10.988,5.72045,4.24617,8.72595,9.09203,7.35107,8.56974,2.9745,2.9745,2.90548,2.90548,2.83343,4.58907,2.72087,1.80597,1.11425
2020-06-21,-0.308125,11.1347,9.13536,13.1659,6.81094,4.83392,7.46962,7.93288,5.07655,9.17279,7.96099,5.13156,11.4122,6.77392,5.02815,10.3329,8.0608,6.41369,7.56667,2.81675,2.81675,2.91902,2.91902,2.18748,4.58907,2.63352,1.8757,1.31944
2020-06-22,3.64204,11.1347,9.13536,13.1659,6.59607,4.68088,7.23415,7.68292,4.951,8.88442,9.65349,6.22252,13.8385,7.1404,5.30018,10.8919,6.46998,5.18483,6.08443,2.81811,2.81811,2.92493,2.92493,1.83941,4.58907,2.54941,2.27447,1.39083
2020-06-23,-0.197727,11.1347,9.13536,13.1659,6.87021,4.87613,7.53457,8.00183,5.1241,9.2525,11.154,7.18976,15.9895,8.38384,6.22316,12.7887,8.52427,6.88928,8.03377,2.89227,2.89227,2.68203,2.68203,2.59535,4.58907,2.65677,2.62802,1.63303
2020-06-24,-3.33709,11.1347,9.13536,13.1659,6.52116,4.62312,7.15479,7.64922,4.91997,8.77766,9.6869,6.24406,13.8864,7.50047,5.56744,11.4412,7.81476,6.30263,7.36112,2.97266,2.97266,2.96932,2.96932,2.33865,4.58907,2.48857,2.28234,1.46096
2020-06-25,-0.525313,11.1347,9.13536,13.1659,6.78304,4.80958,7.44185,7.95593,5.11738,9.1277,11.7547,7.57694,16.8506,8.71486,6.46887,13.2936,10.8967,8.75946,10.2555,3.2129,3.2129,3.40347,3.40347,3.23781,4.58907,2.60266,2.76955,1.69751
2020-06-26,-1.1059,11.1347,9.13536,13.1659,6.56386,4.65352,7.20159,7.69923,4.93984,8.83239,8.59049,5.53732,12.3146,6.51708,4.8375,9.94113,11.2778,9.00579,10.5962,3.01161,3.01161,3.22541,3.22541,3.27856,4.58907,2.5172,2.02402,1.26942
2020-06-27,-1.29093,11.1347,9.13536,13.1659,6.3992,4.53628,7.0211,7.50638,4.81263,8.61141,6.12951,3.951,8.78677,5.48015,4.06781,8.3594,9.05934,7.27144,8.52297,2.79678,2.79678,3.26117,3.26117,2.69884,4.58907,2.453,1.44418,1.06744
2020-06-28,1.07969,11.1347,9.13536,13.1659,6.26412,4.44011,6.87304,7.34818,4.68306,8.43014,8.57481,5.52722,12.2922,7.20298,5.34663,10.9874,7.48514,6.00934,7.0424,2.52298,2.52298,3.31728,3.31728,2.20762,4.58907,2.40033,2.02032,1.40302
2020-06-29,0.515668,11.1347,9.13536,13.1659,6.10018,4.32338,6.69333,7.15618,4.55064,8.21012,9.50288,6.12544,13.6226,7.99236,5.93257,12.1915,7.27098,5.84842,6.84421,2.30033,2.30033,2.8032,2.8032,2.17519,4.58907,2.3364,2.23899,1.55678
2020-06-30,-0.576809,11.1347,9.13536,13.1659,5.90739,4.18612,6.48201,6.93039,4.39907,7.9514,7.18499,4.63136,10.2998,7.5971,5.63918,11.5886,8.19562,6.59031,7.71402,2.29138,2.29138,2.71138,2.71138,2.44897,4.58907,2.26123,1.69287,1.47979
2020-07-01,0.98368,11.1347,9.13536,13.1659,5.73443,4.06297,6.29241,6.72782,4.2621,7.71928,7.98915,5.14971,11.4526,7.64714,5.67632,11.6649,9.13336,7.3516,8.59883,2.21151,2.21151,2.79488,2.79488,2.77778,4.58907,2.19379,1.88233,1.48953
2020-07-02,-1.1434,11.1347,9.13536,13.1659,5.59082,3.96072,6.135,6.55963,4.14716,7.52656,7.96697,5.13541,11.4208,7.02501,5.21453,10.7159,6.55837,5.24317,6.16381,2.27929,2.27929,2.55815,2.55815,1.87517,4.58907,2.1378,1.87711,1.36835
2020-07-03,-0.396539,11.1347,9.13536,13.1659,5.48671,3.8866,6.02088,6.4377,4.05867,7.38684,6.82397,4.39865,9.7823,6.36706,4.72614,9.71228,6.28612,5.00268,5.90109,2.26835,2.26835,3.06261,3.06261,1.74884,4.58907,2.09721,1.60781,1.24019
2020-07-04,0.49599,11.1347,9.13536,13.1659,5.32538,3.77174,5.84404,6.24876,3.92781,7.17034,4.17595,2.69177,5.98631,5.38079,3.99405,8.20784,5.7323,4.58894,5.38929,2.44702,2.44702,2.82689,2.82689,1.6641,4.58907,2.0343,0.983903,1.04809
2020-07-05,-0.643128,11.1347,9.13536,13.1659,5.17053,3.66148,5.6743,6.0674,3.81181,6.96252,6.06322,3.90828,8.69175,5.62798,4.17753,8.58489,6.83847,5.47934,6.43073,2.41876,2.41876,2.69338,2.69338,1.99527,4.58907,1.97392,1.42856,1.09623
2020-07-06,3.26903,11.1347,9.13536,13.1659,5.04123,3.56942,5.53257,5.91597,3.71131,6.78901,7.19104,4.63525,10.3085,5.98148,4.43993,9.12413,6.55524,5.27993,6.17265,2.53173,2.53173,2.5982,2.5982,1.99447,4.58907,1.92351,1.69429,1.16509
2020-07-07,-1.32275,11.1347,9.13536,13.1659,5.43057,3.84663,5.95934,6.37195,3.98387,7.3115,8.55605,5.51512,12.2653,7.25544,5.38557,11.0674,8.45818,6.85359,7.9768,2.88317,2.88317,2.54203,2.54203,2.65148,4.58907,2.07532,2.0159,1.41324
2020-07-08,1.88496,11.1347,9.13536,13.1659,5.36015,3.79649,5.88215,6.28947,3.91636,7.21699,8.85256,5.70625,12.6903,6.86652,5.09688,10.4742,8.42132,6.81781,7.94027,2.75859,2.75859,2.75621,2.75621,2.64713,4.58907,2.04786,2.08577,1.33748
2020-07-09,-1.60768,11.1347,9.13536,13.1659,5.36388,3.79914,5.88624,6.29384,4.05257,7.22919,9.17101,5.91152,13.1468,6.60294,4.90123,10.0721,7.60128,6.12876,7.15952,2.62428,2.62428,2.50083,2.50083,2.31843,4.58907,2.04931,2.16079,1.28614
2020-07-10,0.00905287,11.1347,9.13536,13.1659,5.34263,3.78401,5.86294,6.26895,4.03046,7.19934,8.27798,5.33589,11.8667,6.04146,4.48446,9.21562,7.93769,6.40982,7.47933,2.79061,2.79061,3.04841,3.04841,2.44791,4.58907,2.04102,1.95039,1.17677
2020-07-11,-0.415371,11.1347,9.13536,13.1659,5.17751,3.66645,5.68195,6.07558,3.90278,6.97557,5.30857,3.42184,7.60994,5.14908,3.82206,7.85438,7.31606,5.88537,6.88685,2.71855,2.71855,2.80483,2.80483,2.18667,4.58907,1.97664,1.25076,1.00295
2020-07-12,0.390494,11.1347,9.13536,13.1659,5.03313,3.56365,5.52369,5.90648,3.79288,6.77906,6.77136,4.36474,9.70688,5.86486,4.35337,8.94623,7.18679,5.74444,6.75409,2.40766,2.40766,2.78892,2.78892,2.08245,4.58907,1.92035,1.59541,1.14237
2020-07-13,-0.355139,11.1347,9.13536,13.1659,4.88909,3.4611,5.3658,5.73779,3.64134,6.58483,8.06906,5.20122,11.5672,6.54229,4.85621,9.97958,7.19855,5.79544,6.77762,2.26907,2.26907,2.76924,2.76924,2.20239,4.58907,1.86419,1.90116,1.27433
2020-07-14,-0.00433215,11.1347,9.13536,13.1659,4.56011,3.24167,4.99597,5.51703,3.39573,6.28066,6.6605,4.29328,9.54796,6.24909,4.63858,9.53234,6.80449,5.49837,6.41266,2.03195,2.03195,2.67478,2.67478,2.12084,4.58907,1.76551,1.56929,1.21722
2020-07-15,-0.546496,11.1347,9.13536,13.1659,4.41797,3.1403,4.84034,5.34529,3.26417,6.08529,5.46732,3.52417,7.83751,5.08795,3.77668,7.76114,5.20397,4.14034,4.88488,2.01501,2.01501,2.54419,2.54419,1.44435,4.58907,1.7098,1.28816,0.991045
2020-07-16,-0.661495,11.1347,9.13536,13.1659,4.3035,3.05868,4.71502,5.20699,3.15915,5.92797,5.41595,3.49105,7.76386,4.95912,3.68105,7.56462,4.72057,3.71838,4.41992,1.9685,1.9685,2.48002,2.48002,1.23997,4.58907,1.66495,1.27606,0.965951
2020-07-17,0.209634,11.1347,9.13536,13.1659,4.2044,2.98801,4.60652,5.08725,3.09937,5.79176,4.36975,2.81669,6.26413,4.22977,3.13967,6.45208,4.74938,3.72532,4.44216,2.08191,2.08191,2.51474,2.51474,1.21981,4.58907,1.62611,1.02956,0.823887
2020-07-18,0.0835334,11.1347,9.13536,13.1659,4.08114,2.90011,4.47157,4.93833,2.97939,5.62236,3.51681,2.26689,5.04141,2.94348,2.18489,4.48998,5.14148,4.0502,4.81409,2.14964,2.14964,2.28819,2.28819,1.3596,4.58907,1.57781,0.8286,0.57334
2020-07-19,0.29193,11.1347,9.13536,13.1659,3.96207,2.8152,4.34121,4.79447,2.88804,5.45871,4.26687,2.75037,6.11664,3.12231,2.31763,4.76276,5.077,3.95933,4.7417,2.13486,2.13486,2.09857,2.09857,1.25534,4.58907,1.53115,1.00532,0.608173
2020-07-20,-0.235264,11.1347,9.13536,13.1659,3.85328,2.73762,4.2221,4.66302,2.80848,5.30918,4.74787,3.06042,6.80616,3.50312,2.60029,5.34364,5.76249,4.51644,5.38867,2.18796,2.18796,2.06106,2.06106,1.48172,4.58907,1.48851,1.11865,0.682348
2020-07-21,2.27266,11.1347,9.13536,13.1659,3.75058,2.66439,4.10966,4.53893,2.74185,5.16804,3.46813,2.15307,4.94716,3.16984,2.31828,4.81577,4.95675,3.83584,4.62048,1.83401,1.83401,2.12193,2.12193,1.20219,4.44825,1.43697,0.817132,0.61743
2020-07-22,1.59235,11.1347,9.13536,13.1659,3.99681,2.83998,4.37924,4.83644,2.91739,5.50645,4.8718,3.02449,6.94943,4.60404,3.36719,6.99469,4.98594,3.95328,4.67614,1.87046,1.87046,2.32966,2.32966,1.37617,4.44825,1.53273,1.14785,0.896789
2020-07-23,0.583141,11.1347,9.13536,13.1659,4.04478,2.87419,4.43177,4.8944,2.94853,5.57238,4.81897,2.99169,6.87408,5.00289,3.65889,7.60063,5.52952,4.38272,5.18548,1.90712,1.90712,2.25428,2.25428,1.50718,4.44825,1.55139,1.1354,0.974477
2020-07-24,-0.462177,11.1347,9.13536,13.1659,3.94766,2.80492,4.32543,4.77705,2.8775,5.43889,4.07932,2.5325,5.81899,3.76012,2.74998,5.71256,4.21231,3.29346,3.93666,1.6509,1.6509,1.90159,1.90159,1.0307,4.44825,1.51361,0.961134,0.732408
2020-07-25,1.45959,11.1347,9.13536,13.1659,3.85219,2.73685,4.22091,4.66171,2.80769,5.30768,2.57634,1.59943,3.67505,3.13788,2.2949,4.76722,4.34916,3.42683,4.07246,1.50983,1.50983,1.92843,1.92843,1.13867,4.44825,1.47649,0.607015,0.611205
2020-07-26,2.32929,11.1347,9.13536,13.1659,3.88601,2.76096,4.25793,4.70256,2.83241,5.35416,4.40961,2.73755,6.29014,3.98873,2.91718,6.05987,5.47708,4.20942,5.09678,1.49084,1.49084,1.80875,1.80875,1.21703,4.44825,1.48964,1.03896,0.776937
2020-07-27,10.4009,11.1347,9.13536,13.1659,4.1312,2.93581,4.52638,4.99881,3.01173,5.69115,6.39703,3.97138,9.12512,5.26401,3.84986,7.99734,5.84511,4.54132,5.45397,1.67491,1.67491,1.76357,1.76357,1.39775,4.44825,1.58499,1.50721,1.02534
2020-07-28,-0.712671,11.1347,9.13536,13.1659,8.57588,6.10532,9.39261,10.369,6.26223,11.7999,10.7322,6.66273,15.3091,9.84747,7.20199,14.9608,10.2566,8.05086,9.59488,1.94122,1.94122,2.25673,2.25673,2.62574,4.44825,3.31354,2.52864,1.91812
2020-07-29,1.70488,11.1347,9.13536,13.1659,8.27749,5.89254,9.06593,10.0085,6.04401,11.3898,7.81125,4.84934,11.1424,5.78031,4.22746,8.78173,7.51414,5.92716,7.03804,1.87147,1.87147,2.43381,2.43381,2.00725,4.44825,3.1975,1.84042,1.12591
2020-07-30,0.0967614,11.1347,9.13536,13.1659,8.06642,5.74202,8.83483,9.75345,5.88965,11.0997,7.99264,4.96195,11.4012,6.43719,4.70787,9.7797,8.05779,6.35357,7.54652,1.84054,1.84054,2.27283,2.27283,2.18613,4.44825,3.11541,1.88316,1.25386
2020-07-31,1.89224,11.1347,9.13536,13.1659,7.7712,5.5315,8.51161,9.39676,5.67375,10.6939,4.80934,2.98571,6.86034,4.59014,3.35702,6.97357,6.0884,4.79822,5.70135,1.96275,1.96275,2.14825,2.14825,1.60045,4.44825,3.0006,1.13314,0.894082
2020-08-01,3.77921,11.1347,9.13536,13.1659,7.61044,5.41687,8.33561,9.20253,5.55618,10.473,4.15973,2.58242,5.93369,4.67477,3.41891,7.10214,8.28754,6.41792,7.72665,1.93832,1.93832,2.08096,2.08096,1.93349,4.44825,2.93808,0.98008,0.910565
2020-08-02,-6.19119,11.1347,9.13536,13.1659,7.82906,5.57276,8.57496,9.46667,5.71606,10.7734,7.50097,4.65672,10.6998,6.69422,4.89585,10.1702,7.06368,5.5488,6.60922,2.06451,2.06451,2.11032,2.11032,1.85326,4.44825,3.01542,1.76732,1.30392
2020-08-03,1.72861,11.1347,9.13536,13.1659,8.83976,6.25248,9.72785,10.4733,6.67561,12.0305,12.0338,7.75683,17.2529,10.2361,7.59808,15.6261,13.8972,11.07,13.049,2.96309,2.96309,3.57521,3.57521,3.62826,4.44825,3.39522,2.8353,1.99383
2020-08-04,-0.360373,11.1347,9.13536,13.1659,8.60646,6.08712,9.47123,10.1971,6.49913,11.7134,9.55394,6.15835,13.6975,8.60978,6.39086,13.1434,11.5196,9.10229,10.7944,2.37216,2.37216,2.81091,2.81091,3.0416,4.44825,3.2989,2.25102,1.67704
2020-08-05,4.716,11.1347,9.13536,13.1659,8.3004,5.87018,9.13457,9.83474,6.26762,11.2975,7.95016,5.12458,11.3982,7.10392,5.2731,10.8446,9.59632,7.56116,8.98577,2.29875,2.29875,2.87388,2.87388,2.54029,4.44825,3.1806,1.87315,1.38372
2020-08-06,0.27841,11.1347,9.13536,13.1659,8.69492,6.14982,9.56852,10.3018,6.56604,11.8336,10.1467,6.54046,14.5474,8.60884,6.39017,13.142,10.6936,8.45544,10.0222,2.27972,2.27972,2.71694,2.71694,2.87154,4.44825,3.33309,2.39069,1.67686
2020-08-07,-1.52519,11.1347,9.13536,13.1659,8.38162,5.92775,9.22391,9.93089,6.32907,11.4079,7.0131,4.52056,10.0547,6.07945,4.51265,9.28067,9.29575,7.49287,8.75488,2.40593,2.40593,2.66336,2.66336,2.84235,4.38952,3.19984,1.65237,1.18417
2020-08-08,1.30655,11.1347,9.13536,13.1659,8.16026,5.77085,8.98042,9.66883,6.16163,11.1071,5.43862,3.50567,7.79738,5.66097,4.20202,8.64184,9.27737,7.45495,8.73065,2.41235,2.41235,2.65574,2.65574,2.7702,4.38952,3.1146,1.2814,1.10266
2020-08-09,-0.668438,11.1347,9.13536,13.1659,7.92114,5.60136,8.71741,9.38575,5.98077,10.7821,7.66073,4.93801,10.9832,6.86417,5.09514,10.4786,7.36601,5.94138,6.93862,2.17254,2.17254,2.34633,2.34633,2.27075,4.37218,3.02068,1.80496,1.33702
2020-08-10,1.71842,11.1347,9.13536,13.1659,7.65636,5.41369,8.42616,9.0723,5.78053,10.4224,9.13427,5.88784,13.0959,6.67067,4.95151,10.1832,6.60332,5.28354,6.20739,2.24327,2.24327,2.32244,2.32244,1.89841,4.37218,2.92056,2.15214,1.29933
2020-08-11,-4.01611,11.1347,9.13536,13.1659,7.485,5.29223,8.23767,8.86943,5.65089,10.1895,9.08285,5.85469,13.0221,6.84471,5.08069,10.4489,6.51997,5.24487,6.13744,2.277,2.277,2.24039,2.24039,1.94089,4.37218,2.85454,2.14002,1.33323
2020-08-12,1.51693,11.1347,9.13536,13.1659,7.80304,5.51766,8.5875,9.24595,5.89153,10.622,10.1566,6.54685,14.5616,8.06165,5.984,12.3066,8.02879,6.45988,7.55812,2.54857,2.54857,3.02125,3.02125,2.42727,4.37218,2.98836,2.39302,1.57027
2020-08-13,1.70488,11.1347,9.13536,13.1659,7.60154,5.37483,8.36586,9.00739,5.73912,10.3482,9.19387,5.92625,13.1813,7.56571,5.61588,11.5496,9.01032,7.25171,8.48273,2.46056,2.46056,2.42677,2.42677,2.74541,4.37218,2.91048,2.16618,1.47367
2020-08-14,-0.129638,11.1347,9.13536,13.1659,7.43161,5.25438,8.17894,8.80622,5.61057,10.1172,7.9775,5.1422,11.4374,6.91066,5.12965,10.5496,7.52338,6.07065,7.08756,2.20912,2.20912,2.42936,2.42936,2.3309,4.37218,2.8448,1.87959,1.34608
2020-08-15,0.81938,11.1347,9.13536,13.1659,7.1712,5.0698,7.8925,8.49793,5.41357,9.7632,4.92397,3.17393,7.05952,5.18355,3.84765,7.91303,6.29807,5.00185,5.90921,1.92452,1.92452,2.21226,2.21226,1.73245,4.37218,2.74414,1.16014,1.00967
2020-08-16,0.228175,11.1347,9.13536,13.1659,6.94377,4.9086,7.64234,8.22869,5.24153,9.45406,7.30845,4.71093,10.4782,5.77418,4.28606,8.81467,6.1183,4.92143,5.75924,1.86569,1.86569,2.05514,2.05514,1.8283,4.37218,2.65624,1.72195,1.12471
2020-08-17,2.99517,11.1347,9.13536,13.1659,6.70462,4.73909,7.37929,7.94557,5.06062,9.12896,8.8042,5.67508,12.6226,6.60683,4.90412,10.0858,5.82676,4.606,5.46053,1.84216,1.84216,1.93424,1.93424,1.54605,4.37218,2.5638,2.07437,1.2869
2020-08-18,-2.17094,11.1347,9.13536,13.1659,6.82123,4.82175,7.50756,8.08363,5.14882,9.2874,8.81723,5.68348,12.6413,7.34155,5.44948,11.2074,8.0811,6.50756,7.60904,1.81646,1.81646,2.00421,2.00421,2.47627,4.37218,2.60887,2.07744,1.43001
2020-08-19,-1.96178,11.1347,9.13536,13.1659,6.78069,4.79301,7.46296,8.03563,5.11813,9.23223,9.21565,5.9403,13.2125,7.20848,5.35071,11.0042,7.3468,5.9049,6.91423,2.06022,2.06022,2.31807,2.31807,2.20537,4.37218,2.59309,2.17131,1.40409
2020-08-20,1.01613,11.1347,9.13536,13.1659,6.70824,4.74166,7.38327,7.94986,5.06332,9.13372,8.66639,5.58625,12.4251,6.82323,5.06475,10.4161,7.70032,6.22546,7.25786,2.01515,2.01515,2.37846,2.37846,2.42852,4.37218,2.5617,2.0419,1.32905
2020-08-21,-2.43618,11.1347,9.13536,13.1659,6.51646,4.60573,7.17233,7.72283,4.91824,8.87302,6.31522,4.07071,9.05417,5.66758,4.20693,8.65194,7.88194,6.37713,7.4305,2.08353,2.08353,2.31787,2.31787,2.50451,4.37218,2.48358,1.48794,1.10395
2020-08-22,0.767687,11.1347,9.13536,13.1659,6.54853,4.62845,7.20759,7.76078,4.94252,8.91671,5.5848,3.59989,8.00697,5.31812,3.94753,8.11845,8.55935,6.93705,8.07266,2.19493,2.19493,2.65996,2.65996,2.75748,4.37218,2.50346,1.31584,1.03588
2020-08-23,-0.145439,11.1347,9.13536,13.1659,6.36984,4.4809,7.03704,7.49795,4.79238,8.65363,7.57887,4.88525,10.8659,6.20484,4.60573,9.4721,7.88601,6.47736,7.46342,2.13534,2.13534,2.42971,2.42971,2.75661,4.37218,2.42518,1.78567,1.2086
2020-08-24,0.936444,11.1347,9.13536,13.1659,6.16429,4.33588,6.81011,7.25624,4.6374,8.37493,9.00152,5.80227,12.9055,6.86222,5.09368,10.4756,7.51513,6.10575,7.09231,2.20802,2.20802,2.28529,2.28529,2.42875,4.37218,2.34634,2.12086,1.33664
2020-08-25,-3.5306,11.1347,9.13536,13.1659,5.99999,4.21997,6.62871,7.06304,4.51349,8.15205,7.89319,5.08785,11.3165,6.62324,4.9163,10.1108,6.96932,5.7058,6.59027,2.06626,2.06626,2.32495,2.32495,2.37035,4.37218,2.28266,1.85973,1.29009
2020-08-26,1.06963,11.1347,9.13536,13.1659,6.34371,4.46246,7.0082,7.46723,4.77264,8.61806,9.244,5.95857,13.2532,7.73545,5.74187,11.8087,7.2355,5.88696,6.83094,2.20385,2.20385,2.93987,2.93987,2.38485,4.37218,2.42094,2.17799,1.50673
2020-08-27,-1.44635,11.1347,9.13536,13.1659,6.18127,4.34786,6.82885,7.27621,4.65014,8.39772,8.51274,5.48721,12.2048,6.54038,4.85479,9.98432,7.08467,5.7916,6.69675,2.1767,2.1767,2.61207,2.61207,2.40275,4.37218,2.35568,2.0057,1.27395
2020-08-28,1.91647,11.1347,9.13536,13.1659,6.07602,4.27361,6.71265,7.15244,4.57085,8.25527,6.63667,4.27792,9.51504,6.00455,4.45706,9.16633,6.69301,5.44931,6.3199,2.16166,2.16166,2.69103,2.69103,2.21696,4.37218,2.33043,1.56368,1.16958
2020-08-29,-0.309201,11.1347,9.13536,13.1659,6.0314,4.24213,6.66339,7.09998,4.53717,8.19461,5.4604,3.51971,7.82862,5.66088,4.20196,8.64171,7.2741,5.91305,6.86579,2.09912,2.09912,2.38023,2.38023,2.38173,4.37218,2.30443,1.28653,1.10264
2020-08-30,1.76279,11.1347,9.13536,13.1659,5.84441,4.11022,6.45695,6.8801,4.39614,7.94092,6.97936,4.49881,10.0064,6.13695,4.55534,9.36846,6.90516,5.65969,6.53152,1.97543,1.97543,2.35733,2.35733,2.37807,4.37218,2.22577,1.64442,1.19537
2020-08-31,-0.262357,11.1347,9.13536,13.1659,5.79139,4.07281,6.39841,6.81775,4.35613,7.86893,9.54202,6.15067,13.6805,7.32238,5.43525,11.1781,6.5938,5.39259,6.23344,1.84618,1.84618,2.08306,2.08306,2.22623,4.37218,2.20457,2.24821,1.42627
2020-09-01,2.44953,11.1347,9.13536,13.1659,5.61373,3.94747,6.20227,6.60884,4.22213,7.62787,7.97833,5.14273,11.4386,6.72243,4.98992,10.2622,6.20119,5.09979,5.87077,1.91457,1.91457,2.45757,2.45757,2.16515,4.37218,2.13502,1.87979,1.30941
2020-09-02,-4.75999,11.1347,9.13536,13.1659,5.70371,4.01096,6.30162,6.71465,4.37156,7.7553,8.44222,5.44175,12.1037,7.23128,5.36763,11.039,6.17791,5.05127,5.83992,1.85087,1.85087,2.20647,2.20647,2.1034,4.37218,2.24682,1.98908,1.40853
2020-09-03,-10.8025,11.1347,9.13536,13.1659,6.50157,4.57383,7.18247,7.65285,5.04809,8.8989,9.24372,5.95839,13.2528,7.70586,5.7199,11.7635,7.75963,6.34083,7.33399,2.36851,2.36851,2.92514,2.92514,2.66369,4.38952,2.61878,2.17793,1.50097
2020-09-04,2.5681,11.1347,9.19453,13.2302,9.97498,7.02424,11.0172,11.9811,7.90809,14.0051,12.1792,7.25695,16.0396,9.98516,6.77849,13.9116,9.81868,7.97479,9.26552,3.71904,3.71904,4.61061,4.61061,3.20756,4.38952,4.03171,2.59886,1.7455
2020-09-05,-3.31001,11.1347,9.19453,13.2302,9.78755,6.89201,10.8103,11.7561,7.69722,13.7527,7.43899,4.43251,9.7969,7.49038,5.08489,10.4358,9.84089,8.06365,9.30772,2.79518,2.79518,2.85655,2.85655,3.39376,4.37218,3.94909,1.58737,1.30939
2020-09-06,1.08348,11.1347,9.19453,13.2302,9.73921,6.85791,10.7569,11.6981,7.65916,13.6815,11.7198,6.98322,15.4346,9.45245,6.41685,13.1694,9.90721,8.08847,9.36159,2.84487,2.84487,3.52707,3.52707,3.34369,4.37218,3.92946,2.50084,1.65238
2020-09-07,0.864048,11.1347,9.19453,13.2302,9.42301,6.63484,10.4078,11.3186,7.41019,13.2563,11.5998,6.91174,15.2766,9.31096,6.3208,12.9722,9.26451,7.56411,8.75439,2.59889,2.59889,2.85022,2.85022,3.15442,4.37218,3.80104,2.47524,1.62764
2020-09-08,-2.32239,11.1347,9.19453,13.2302,9.109,6.41331,10.0612,10.9417,7.16294,12.8125,10.2925,6.13276,13.5549,8.79958,5.97365,12.2598,8.28367,6.82628,7.84645,2.37611,2.37611,2.54319,2.54319,2.96513,4.37218,3.67351,2.19627,1.53825
2020-09-09,1.08798,11.1347,9.19453,13.2302,8.94965,6.30089,9.88523,10.7505,7.03748,12.5951,10.392,6.19208,13.686,9.30396,6.31605,12.9625,7.99914,6.53876,7.56102,2.36006,2.36006,3.07055,3.07055,2.71488,4.37079,3.55106,2.21751,1.62642
2020-09-10,1.17243,11.1347,9.19453,13.2302,8.66793,6.10215,9.57421,10.4123,6.81566,12.1939,9.86039,5.8753,12.9858,8.86425,6.01755,12.3499,7.4613,6.14765,7.0672,2.11948,2.11948,2.60409,2.60409,2.67369,4.37079,3.43835,2.10407,1.54955
2020-09-11,0.363857,11.1347,9.19453,13.2302,8.4042,5.91609,9.28303,10.0958,6.608,11.8335,7.84179,4.67251,10.3274,7.29473,4.95207,10.1632,7.12921,5.79466,6.72884,2.03709,2.03709,2.39971,2.39971,2.34684,4.37079,3.33312,1.67332,1.27519
2020-09-12,0.395872,11.1347,9.19453,13.2302,8.19243,5.75641,9.06295,9.77111,6.36555,11.4257,5.88743,3.50801,7.75354,6.39976,4.34452,8.9163,7.33967,5.99415,6.93602,1.9274,1.9274,2.43882,2.43882,2.4725,4.37079,3.26529,1.25629,1.11874
2020-09-13,-1.14048,11.1347,9.19453,13.2302,7.91527,5.56126,8.75649,9.44081,6.14989,11.0334,7.29368,4.34592,9.60553,5.87602,3.98898,8.18661,7.33255,5.97473,6.92521,2.02632,2.02632,2.09071,2.09071,2.41867,4.37079,3.154,1.55637,1.02718
2020-09-14,3.40036,11.1347,9.19453,13.2302,7.69268,5.40453,8.51036,9.17553,5.97669,10.7155,9.6855,5.77109,12.7555,6.93034,4.70471,9.65552,7.9796,6.48181,7.53027,2.02612,2.02612,2.37036,2.37036,2.59697,4.37079,3.06462,2.06675,1.21149
2020-09-15,1.08125,11.1347,9.19453,13.2302,7.81482,5.49053,8.64542,9.3211,6.07173,10.9073,10.3787,6.1841,13.6683,8.17484,5.54954,11.3894,7.63231,6.2551,7.21915,2.1958,2.1958,2.56106,2.56106,2.63831,4.37072,3.0967,2.21466,1.42904
2020-09-16,1.63475,11.1347,9.19453,13.2302,7.58651,5.32977,8.39296,9.15804,5.89408,10.6105,9.70894,5.78505,12.7863,7.69557,5.22418,10.7216,7.38148,6.0331,6.97697,2.27542,2.27542,2.56353,2.56353,2.48473,4.32906,2.96882,2.07175,1.34526
2020-09-17,-0.236409,11.1347,9.19453,13.2302,7.41994,5.21249,8.20878,9.13486,5.77564,10.3867,9.5234,5.6745,12.542,7.18734,4.87917,10.0136,6.91907,5.66341,6.54237,2.35607,2.35607,2.37995,2.37995,2.35466,4.30497,2.89489,2.03216,1.25641
2020-09-18,-0.040232,11.0589,9.13536,13.0651,7.17437,5.03958,7.93725,8.55784,5.5734,9.94833,6.92946,4.0453,9.11604,5.81738,3.94917,8.10491,7.19104,5.81306,6.77765,2.25019,2.25019,2.44297,2.44297,2.28431,4.26019,2.79827,1.47865,1.01693
2020-09-19,1.35907,11.0589,9.13536,13.0651,6.93691,4.87238,7.67468,8.27485,5.38863,9.62519,5.18706,3.02811,6.82382,4.8178,3.27059,6.71227,5.94541,4.7747,5.5942,2.12752,2.12752,2.23116,2.23116,1.79925,4.26019,2.70483,1.10684,0.842196
2020-09-20,-1.41679,11.0589,9.13536,13.0651,6.77608,4.75914,7.49684,8.08317,5.26348,9.40652,7.92503,4.62649,10.4258,5.57583,3.78518,7.76837,6.62569,5.35214,6.24363,2.20602,2.20602,2.15808,2.15808,2.07777,4.24638,2.57461,1.69109,0.974707
2020-09-21,-4.44933,11.0589,9.13536,13.0651,6.63882,4.66249,7.34506,7.91959,5.15668,9.21163,10.1463,5.92322,13.3479,6.93932,4.7108,9.66802,6.88627,5.61125,6.50377,2.08461,2.08461,2.27393,2.27393,2.28894,4.24638,2.52196,2.16507,1.21306
2020-09-22,0.725699,11.0589,9.13536,13.0651,7.18854,5.04955,7.95291,8.82322,5.62211,10.0542,10.7221,6.25939,14.1055,8.10138,5.49967,11.287,8.71317,7.1314,8.23864,2.33156,2.33156,3.03501,3.03501,2.98426,4.26019,2.81222,2.28795,1.4162
2020-09-23,-2.81259,11.0589,9.13536,13.0651,6.96762,4.89401,7.70864,8.52449,5.41253,9.73765,9.33912,5.45201,12.2861,7.13118,4.84105,9.93533,8.23235,6.75027,7.78773,2.22498,2.22498,2.46244,2.46244,2.83967,4.26019,2.72335,1.99283,1.2466
2020-09-24,4.89361,11.0589,9.13536,13.0651,7.04364,4.94753,7.7927,8.67206,5.47168,9.8833,9.47545,5.5316,12.4654,7.45709,5.06229,10.3894,8.05747,6.62932,7.62902,2.35523,2.35523,3.04348,3.04348,2.85576,4.24638,2.75511,2.02193,1.30357
2020-09-25,-0.627884,11.0589,9.13536,13.0651,7.652,5.37588,8.46538,9.42026,5.94504,10.72,8.917,5.20559,11.7307,7.86414,5.33862,10.9565,8.20571,6.72909,7.76272,2.44102,2.44102,2.68268,2.68268,2.83203,4.24638,2.99515,1.90276,1.37473
2020-09-26,0.541019,10.8479,9.01072,12.936,7.40928,5.20498,8.19699,9.12174,5.75606,10.2889,6.25364,3.51805,8.22697,5.11376,3.47151,7.1246,7.75693,6.40265,7.35065,2.29755,2.29755,2.65857,2.65857,2.79509,4.21133,2.89069,1.33444,0.893932
2020-09-27,0.228057,10.8479,9.01072,12.936,7.17043,5.0368,7.93288,8.82799,5.57033,9.97769,8.02397,4.51396,10.5559,6.74337,4.57778,9.39501,7.99894,6.54416,7.56251,2.32079,2.32079,2.62303,2.62303,2.70124,4.21133,2.79671,1.7122,1.1788
2020-09-28,-0.610823,10.8479,9.01072,12.936,6.9342,4.87047,7.67168,8.53747,5.38652,9.64885,10.046,5.65145,13.2159,7.30106,4.95637,10.172,7.88755,6.46369,7.46039,2.26469,2.26469,2.63805,2.63805,2.70249,4.21133,2.70377,2.14366,1.27629
2020-09-29,1.25256,10.8479,9.01072,12.936,6.72327,4.72196,7.43845,8.27805,5.2224,9.38287,8.43862,4.74723,11.1014,6.53173,4.43411,9.10016,8.22048,6.71246,7.76808,2.29002,2.29002,2.71193,2.71193,2.77219,4.21133,2.62078,1.80068,1.14181
2020-09-30,-0.55619,10.8479,9.01072,12.936,6.56331,4.60932,7.26157,8.08131,5.09793,9.15441,8.97207,5.04733,11.8032,7.09193,4.8144,9.88064,8.68636,7.07854,8.20402,2.2436,2.2436,2.34312,2.34312,2.9176,4.21133,2.55784,1.91451,1.23974
2020-10-01,-1.54217,10.8479,9.01072,12.936,6.36688,4.47102,7.04437,7.83974,4.94509,8.87718,7.98482,4.49194,10.5044,6.87168,4.66489,9.57379,7.35263,6.00495,6.94833,1.93471,1.93471,2.40178,2.40178,2.50049,4.21133,2.48055,1.70385,1.20123
2020-10-02,-0.410248,10.8479,9.01072,12.936,6.30341,4.40404,7.00174,7.73183,4.89283,8.80928,6.73379,3.78816,8.85863,6.11565,4.15164,8.52046,6.83227,5.54906,6.44731,1.77813,1.77813,2.58091,2.58091,2.23438,4.21133,2.44778,1.4369,1.06907
2020-10-03,-0.252268,10.8479,9.01072,12.936,6.11678,4.27326,6.79458,7.50321,4.74768,8.53971,4.95832,2.78935,6.52291,4.53787,3.08056,6.32226,6.31951,5.18753,5.97992,1.72057,1.72057,2.43817,2.43817,2.20379,4.21133,2.37452,1.05803,0.793262
2020-10-04,1.13347,10.8479,9.01072,12.936,5.93389,4.1451,6.59156,7.27915,4.63418,8.30364,6.19963,3.48767,8.15592,5.81737,3.94916,8.1049,6.197,5.03165,5.8474,1.65209,1.65209,2.35641,2.35641,2.00124,4.18758,2.25527,1.32291,1.01693
2020-10-05,1.15323,10.8479,9.01072,12.936,5.80833,4.05711,6.45219,7.12533,4.50778,8.17234,9.07852,5.10721,11.9432,7.14376,4.84959,9.95286,6.32192,5.14759,5.96962,1.59695,1.59695,2.18872,2.18872,2.08696,4.1826,2.19596,1.93723,1.2488
2020-10-06,-1.76597,10.8479,9.01072,12.936,5.69171,3.97539,6.32274,6.98247,4.41708,8.00924,7.5258,4.23371,9.90055,6.60576,4.48436,9.2033,6.52477,5.29753,6.1566,1.67988,1.67988,1.93556,1.93556,2.11645,4.1826,2.15133,1.6059,1.15475
2020-10-07,0.606987,10.8479,9.01072,12.936,5.67473,3.96349,6.30389,6.96166,4.40387,7.97641,9.0278,5.07868,11.8765,7.68659,5.21809,10.7091,6.36946,5.21535,6.02322,1.78881,1.78881,2.35494,2.35494,2.20431,4.1826,2.14483,1.9264,1.34369
2020-10-08,2.28614,10.8029,8.4371,12.854,5.52348,3.85751,6.136,6.77638,4.28624,7.77315,8.00373,4.50258,10.5293,7.00317,4.75415,9.75698,6.58597,5.39317,6.22813,1.9068,1.9068,2.2946,2.2946,2.2828,4.07145,2.08695,1.70788,1.22422
2020-10-09,1.35371,10.8029,8.4371,12.854,5.59963,3.91086,6.22052,6.86966,4.34546,7.88268,6.4511,3.62913,8.48674,6.38706,4.3359,8.8986,6.97317,5.71577,6.59595,1.91311,1.91311,2.26027,2.26027,2.43851,4.07145,2.11609,1.37657,1.11652
2020-10-10,2.07427,10.8029,8.4371,12.854,5.51746,3.85329,6.12932,6.76901,4.28156,7.75963,5.32015,2.9929,6.99892,5.4223,3.68096,7.55447,6.67975,5.49052,6.32298,1.8684,1.8684,2.06933,2.06933,2.36629,4.07145,2.08465,1.13524,0.947869
2020-10-11,0.774417,10.8029,8.4371,12.854,5.55253,3.87786,6.16825,6.81197,4.30883,7.81247,7.12466,4.00805,9.37284,6.71648,4.55952,9.35755,6.68731,5.47535,6.32372,1.90652,1.90652,2.04815,2.04815,2.27782,4.02041,2.09589,1.5203,1.1741
2020-10-12,1.49248,10.8029,8.4371,12.854,5.41768,3.78337,6.01856,6.64677,4.20395,7.60726,9.63235,5.41878,12.6718,7.86153,5.33685,10.9529,6.5253,5.38037,6.18182,1.74929,1.74929,2.05849,2.05849,2.33131,4.02041,2.04433,2.05541,1.37427
2020-10-13,-1.1267,10.617,8.35811,12.4526,5.36514,3.74655,5.96024,6.39276,4.1891,7.39891,9.28936,5.19792,12.131,7.83634,5.22029,10.8508,6.75129,5.49346,6.37394,1.63842,1.63842,1.99005,1.99005,2.19432,4.00672,2.02432,1.98222,1.36987
2020-10-14,0.0315679,10.617,8.35811,12.4526,5.28086,3.68749,5.86669,6.29247,4.12315,7.27912,9.06157,5.07047,11.8336,8.00269,5.33111,11.0811,6.75111,5.51241,6.3795,1.83282,1.83282,2.39705,2.39705,2.27146,4.00672,1.9921,1.93361,1.39895
2020-10-15,0.574424,10.617,8.35811,12.4526,5.13387,3.58448,5.70352,6.11754,4.00811,7.07239,7.53274,4.21499,9.83704,6.68985,4.45654,9.26325,6.26198,5.1041,5.91462,1.79604,1.79604,2.25716,2.25716,2.08415,4.00672,1.93589,1.60738,1.16945
2020-10-16,-1.5184,10.617,8.35811,12.4526,5.0085,3.49663,5.56436,5.96836,3.91001,6.89251,6.14627,3.43919,8.02645,6.00032,3.9972,8.30849,6.94105,5.61965,6.54463,1.69433,1.69433,2.08967,2.08967,2.22156,4.00672,1.88796,1.31153,1.04891
2020-10-17,0.317271,10.617,8.35811,12.4526,5.0014,3.49166,5.55648,5.95993,3.90445,6.95554,5.63273,3.15183,7.35581,5.6494,3.76343,7.82257,6.39892,5.20888,6.04191,1.72736,1.72736,2.40866,2.40866,2.12289,4.00672,1.88714,1.20194,0.987568
2020-10-18,1.09677,10.6052,8.07112,12.3622,4.87215,3.40109,5.41301,5.80614,3.77966,6.77576,6.62825,3.70888,8.65586,6.08102,4.05096,8.42023,6.66614,5.4031,6.28723,1.72861,1.72861,2.24209,2.24209,2.12157,3.98378,1.83758,1.41437,1.06302
2020-10-19,2.22763,10.6052,8.07112,12.3622,4.80488,3.35395,5.33834,5.76525,3.73876,6.69666,9.2215,5.15995,12.0424,7.01381,4.67235,9.71184,7.12127,5.78747,6.72113,1.76777,1.76777,2.00066,2.00066,2.32181,3.97786,1.81017,1.96773,1.22608
2020-10-20,1.47348,10.6052,8.07112,12.3622,4.93536,3.44538,5.48317,5.88136,3.82882,6.86814,9.26867,5.18635,12.104,7.39006,4.923,10.2328,7.39389,6.07364,6.99781,1.75098,1.75098,2.02631,2.02631,2.59578,3.97786,1.86006,1.9778,1.29185
2020-10-21,7.3384,10.6052,8.07112,12.3622,4.91312,3.42979,5.45849,5.85489,3.81152,6.84134,10.3664,5.80059,13.5375,7.15925,4.76924,9.91322,6.84472,5.59717,6.47046,1.75457,1.75457,2.00533,2.00533,2.31976,3.97786,1.85156,2.21204,1.2515
2020-10-22,1.1028,10.6052,8.07112,12.3622,7.15301,4.97316,7.96989,8.47912,5.54667,9.83888,11.6986,6.54606,15.2773,8.57316,5.71113,11.871,8.45735,6.87884,7.9838,2.13188,2.13188,2.41321,2.41321,2.76003,3.97786,2.6961,2.49632,1.49867
2020-10-23,-0.265295,10.6052,8.07112,12.3622,6.96066,4.83881,7.75581,8.25148,5.39706,9.55969,8.34029,4.66687,10.8916,6.97836,4.64874,9.66275,7.07062,5.77814,6.68287,1.85469,1.85469,2.01497,2.01497,2.3903,3.97786,2.62194,1.7797,1.21988
2020-10-24,1.35583,10.6052,8.07112,12.3622,6.74225,4.68626,7.51272,7.99301,5.22718,9.25075,5.72534,3.20365,7.47675,5.13964,3.42384,7.11672,7.38733,6.01714,6.97627,1.85104,1.85104,2.08889,2.08889,2.44069,3.97786,2.53793,1.22171,0.898457
2020-10-25,-0.5883,10.6052,8.07112,12.3622,6.59463,4.58315,7.34842,7.81831,5.11236,9.04246,8.03664,4.49696,10.4951,6.32039,4.21042,8.75168,7.05436,5.75341,6.66407,1.58547,1.58547,1.78824,1.78824,2.35414,3.97786,2.48115,1.7149,1.10486
2020-10-26,0.337644,10.6052,8.07112,12.3622,6.40705,4.45213,7.13964,7.59632,4.96646,8.79247,9.25456,5.17845,12.0856,7.30216,4.86444,10.1111,6.49187,5.2973,6.1335,1.56731,1.56731,1.94445,1.94445,2.17131,3.96065,2.37146,1.97479,1.27649
2020-10-27,4.33276,10.5086,8.04233,12.2395,6.21335,4.31684,6.92406,7.5778,4.8158,8.55279,7.70943,4.29383,10.0671,7.20697,4.80103,9.97931,5.99502,4.88579,5.66225,1.58172,1.58172,1.92288,1.92288,1.95661,3.92021,2.29731,1.64508,1.25985
2020-10-28,-2.84458,10.5086,8.04233,12.2395,6.76399,4.70144,7.53691,8.24788,5.24409,9.28956,10.0176,5.5794,13.0812,8.10569,5.39973,11.2237,6.53264,5.3492,6.17761,1.42112,1.42112,1.58333,1.58333,2.23681,3.92021,2.50452,2.13762,1.41695
2020-10-29,1.24751,10.4436,7.85939,12.1273,6.88141,4.78346,7.6676,8.39077,5.33352,9.46459,9.28735,5.17267,12.1276,8.38128,5.58331,11.6053,6.65289,5.39252,6.27478,1.67252,1.67252,2.28289,2.28289,2.14085,3.8109,2.57612,1.98179,1.46513
2020-10-30,0.805203,10.4436,7.85939,12.1273,6.71564,4.66768,7.48311,8.18905,5.20508,9.23906,7.0055,3.90177,9.1479,6.82141,4.54418,9.44543,6.35497,5.15923,5.99625,1.65361,1.65361,1.95303,1.95303,2.07496,3.8109,2.49545,1.49487,1.19245
2020-10-31,1.71606,10.4436,7.85939,12.1273,6.52554,4.53489,7.27152,7.95771,5.05747,8.97918,5.7129,3.18185,7.46,5.57204,3.71189,7.71545,5.96684,4.8288,5.62543,1.6541,1.6541,1.94253,1.94253,1.88167,3.8109,2.4236,1.21905,0.974044
2020-11-01,-0.318953,10.4436,7.27926,12.0295,6.43305,4.47029,7.16859,7.84516,4.93856,8.87204,7.30233,4.06709,9.53551,6.77881,4.5158,9.38644,6.93383,5.58836,6.53019,1.5268,1.5268,1.89685,1.89685,2.12898,3.75192,2.38022,1.55821,1.185
2020-11-02,-1.36783,10.4295,7.23204,11.6242,6.24177,4.33668,6.95569,7.40097,4.77983,8.37255,9.10229,4.99797,11.8626,7.76115,5.09411,10.7428,6.38694,5.18483,6.02631,1.73777,1.73777,1.99032,1.99032,2.07123,3.74187,2.32154,1.9423,1.35672
2020-11-03,2.90784,10.4295,7.23204,11.6242,6.14227,4.26719,6.84495,7.28328,4.7034,8.24246,8.75964,4.80982,11.4161,7.98306,5.23976,11.05,6.81675,5.56894,6.44241,1.84591,1.84591,2.12062,2.12062,2.28561,3.74187,2.29832,1.86918,1.39551
2020-11-04,1.30614,10.4295,7.23204,11.6242,6.29911,4.37673,7.01951,7.46888,4.82394,8.45195,10.0887,5.53958,13.1481,8.23772,5.40691,11.4025,7.13035,5.798,6.73064,2.01107,2.01107,1.91285,1.91285,2.33321,3.74187,2.35668,2.15278,1.44003
2020-11-05,9.74158,10.4295,7.23204,11.6242,6.1719,4.28788,6.87792,7.31836,4.7262,8.28356,9.1427,5.02016,11.9153,7.64591,5.01847,10.5833,7.14058,5.81193,6.74198,2.06658,2.06658,1.8595,1.8595,2.38364,3.74187,2.31683,1.95092,1.33658
2020-11-06,-0.0896937,10.4295,7.23204,11.6242,9.19725,6.40102,10.2451,10.8988,7.05157,12.3322,10.1978,5.59949,13.2903,8.899,5.84094,12.3178,8.58456,6.8976,8.07847,2.38776,2.38776,2.27327,2.27327,2.61859,3.74187,3.47948,2.17606,1.55563
2020-11-07,-4.81761,10.4295,7.23204,11.6242,8.87414,6.17533,9.8855,10.5164,6.80321,11.8993,6.33071,3.47612,8.25054,6.11453,4.01333,8.46361,6.68354,5.33682,6.27953,2.27182,2.27182,2.14272,2.14272,1.94125,3.74187,3.35293,1.35088,1.06888
2020-11-08,4.26156,10.4295,7.23204,11.6242,9.26641,6.44933,10.3221,10.9807,7.10475,12.4256,9.92415,5.52734,13.0147,8.75363,5.837,12.1593,8.92025,7.18038,8.39829,2.4764,2.4764,3.15586,3.15586,2.74051,3.74187,3.50647,2.11767,1.53022
2020-11-09,-0.955817,10.4295,7.23204,11.6242,9.43769,6.56896,10.5127,11.1835,7.23648,12.6602,13.3212,7.41936,17.4697,10.2371,6.82619,14.22,9.88135,7.93666,9.29794,2.33786,2.33786,2.61754,2.61754,2.98666,3.74187,3.59972,2.84255,1.78954
2020-11-10,-0.270468,10.4295,7.23204,11.6242,9.13381,6.35671,10.1745,10.8239,7.00291,12.2535,11.0974,6.18081,14.5534,9.41289,6.2766,13.0751,8.91772,7.23205,8.41202,2.18049,2.18049,2.44738,2.44738,2.84344,3.6934,3.47617,2.36803,1.64546
2020-11-11,2.6488,10.4295,7.23204,11.6242,8.98255,6.22359,10.0393,10.5607,6.7594,11.8705,10.7892,6.00912,14.1491,8.7885,5.86025,12.2078,8.15976,6.65168,7.70733,2.07365,2.07365,2.4386,2.4386,2.71641,3.6934,3.41453,2.30226,1.53631
2020-11-12,3.59667,10.4295,7.23204,11.6242,8.86422,6.14125,9.90722,10.4218,6.67007,11.7173,10.6842,5.95067,14.0115,8.88265,5.92303,12.3385,7.87342,6.39676,7.43042,1.98243,1.98243,2.07025,2.07025,2.53984,3.6934,3.36883,2.27986,1.55277
2020-11-13,0.254428,10.4295,7.23204,11.6242,8.93363,6.18955,9.98472,10.5033,6.72247,11.8077,8.95063,4.98513,11.738,8.93052,5.95495,12.405,7.57035,6.15322,7.14521,1.75957,1.75957,1.97531,1.97531,2.47567,3.6934,3.39564,1.90994,1.56114
2020-11-14,-1.54187,10.4295,7.23204,11.6242,8.61215,5.96585,9.62578,10.1259,6.47978,11.389,6.69613,3.72947,8.78144,6.12455,4.08391,8.50738,6.33817,5.08701,5.96282,1.82723,1.82723,2.04656,2.04656,1.87576,3.6934,3.27149,1.42886,1.07063
2020-11-15,-0.702927,10.4295,7.23204,11.6242,8.3931,5.81342,9.38121,9.86875,6.31442,11.1017,8.29307,4.61889,10.8757,7.99754,5.33284,11.1091,7.73392,6.26111,7.29208,2.02476,2.02476,2.50326,2.50326,2.43663,3.67833,3.16495,1.76962,1.39805
2020-11-16,4.65639,10.4295,7.23204,11.6242,8.11829,5.6222,9.07438,9.54615,6.10696,10.7419,10.6269,5.91874,13.9363,8.01257,5.34286,11.13,8.07459,6.50495,7.6037,1.97507,1.97507,2.49615,2.49615,2.47055,3.67833,3.0596,2.26763,1.40067
2020-11-17,5.41024,10.4295,7.23204,11.6242,8.5382,5.91439,9.54322,10.0391,6.42395,11.2948,11.5126,6.41204,15.0979,9.48797,6.32667,13.1794,9.56695,7.73246,9.0166,2.04953,2.04953,2.23652,2.23652,3.00678,3.67833,3.22064,2.45663,1.65859
2020-11-18,0.894801,10.4295,7.23204,11.6242,9.13438,6.32924,10.2089,10.7391,6.87402,12.086,12.6852,7.0651,16.6356,10.7495,7.16788,14.9317,8.32533,6.73671,7.84875,2.02135,2.02135,2.11063,2.11063,2.655,3.66673,3.44155,2.70683,1.87912
2020-11-19,0.0734655,10.4295,7.23204,11.6242,8.82272,6.11237,9.86089,10.3732,6.63874,11.68,11.7455,6.54175,15.4033,9.25374,6.17048,12.854,8.04994,6.49169,7.58247,1.64885,1.64885,1.95778,1.95778,2.47723,3.65235,3.24933,2.50632,1.61764
2020-11-20,4.41487,10.4295,7.23204,11.6242,8.50572,5.89179,9.50696,10.0011,6.39944,11.2606,8.05378,4.48562,10.5619,6.2348,4.15742,8.66052,8.06454,6.48234,7.58988,1.6198,1.6198,2.01847,2.01847,2.43889,3.65235,3.1306,1.71856,1.0899
2020-11-21,0.112273,10.4295,7.23204,11.6242,8.81078,6.10406,9.84756,10.3592,6.6688,11.6659,7.28655,4.0583,9.55572,6.71111,4.47503,9.32215,7.97823,6.38445,7.50009,1.65279,1.65279,1.93929,1.93929,2.35571,3.62478,3.21974,1.55484,1.17317
2020-11-22,-1.47105,10.4295,7.23204,11.6242,8.49437,5.88389,9.49428,9.98774,6.39087,11.246,8.74465,4.87041,11.4679,7.28801,4.85972,10.1235,8.79141,7.0378,8.26533,1.72546,1.72546,2.115,2.115,2.60734,3.62478,3.10212,1.86598,1.27401
2020-11-23,-0.0320189,10.4295,7.23204,11.6242,8.27472,5.73105,9.24904,9.72993,6.36751,10.9782,11.3177,6.3035,14.8423,8.63107,5.75528,11.9891,7.99012,6.42413,7.52032,1.98057,1.98057,2.09717,2.09717,2.42903,3.62478,3.02047,2.41504,1.50879
2020-11-24,3.96802,10.4295,7.23204,11.6242,7.98493,5.5294,8.9255,9.38972,6.14346,10.5935,9.90605,5.51726,12.991,7.58295,5.05638,10.5332,8.15032,6.60548,7.68687,1.86604,1.86604,1.98233,1.98233,2.63007,3.62478,2.91275,2.11381,1.32557
2020-11-25,-1.98393,10.4295,7.23204,11.6242,8.2294,5.69951,9.19844,9.67672,6.33141,10.9144,11.311,6.29973,14.8334,9.20719,6.13944,12.7893,8.27857,6.69409,7.80322,1.92859,1.92859,1.97547,1.97547,2.62311,3.62478,3.00363,2.4136,1.6095
2020-11-26,-8.82052,10.4295,7.23204,11.6242,8.08897,5.6018,9.04166,9.5119,6.22556,10.7481,11.1199,6.19335,14.5829,8.42103,5.61522,11.6973,8.60216,6.96776,8.11184,2.18166,2.18166,2.29228,2.29228,2.73721,3.62478,2.95143,2.37284,1.47208
2020-11-27,-0.246486,10.4295,7.27926,11.6864,10.235,7.09508,11.4377,12.0313,7.91391,13.6991,10.2505,5.74449,13.5386,8.82862,5.93228,11.8184,11.5077,9.25131,10.8308,3.3363,3.3363,3.54695,3.54695,3.4818,3.65235,3.7783,2.18732,1.47275
2020-11-28,3.49784,10.4295,7.27926,11.6864,9.85403,6.83,11.0123,11.5841,7.61909,13.1903,7.31378,4.09871,9.65982,5.17184,3.47515,6.92327,11.5993,9.37979,10.9335,2.78246,2.78246,2.90478,2.90478,3.61937,3.65235,3.63561,1.56066,0.862741
2020-11-29,2.56356,10.4295,7.27926,11.6864,9.82023,6.80649,10.9746,11.5443,7.4951,13.1309,9.57324,5.36492,12.644,8.48882,5.70396,11.3635,10.8142,8.75319,10.1959,2.64948,2.64948,2.41777,2.41777,3.4136,3.65235,3.62295,2.04279,1.41606
2020-11-30,7.66632,10.4295,7.27926,11.6864,9.63281,6.67607,10.7654,11.3242,7.30382,12.8752,13.1783,7.38524,17.4055,10.6019,7.1238,14.1922,9.67314,7.75587,9.09796,2.59555,2.59555,2.57229,2.57229,2.82017,3.65235,3.55276,2.81206,1.76855
2020-12-01,-4.28305,10.4295,7.27926,11.6864,10.9483,7.55221,12.2854,12.773,8.41999,14.471,13.977,7.83286,18.4604,13.1709,8.85001,17.6312,11.9651,9.6,11.2556,2.93358,2.93358,2.9932,2.9932,3.58775,3.62478,4.00699,2.9825,2.1971
2020-12-02,2.09508,10.4295,7.23204,11.6628,11.0274,7.60704,12.3742,12.8654,8.23808,14.5912,13.6157,7.63038,17.9832,13.6615,9.17964,18.2879,12.5928,10.0035,11.816,3.1565,3.1565,3.23134,3.23134,3.52787,3.62478,4.03641,2.9054,2.27894
2020-12-03,1.26434,10.4295,7.23204,11.6628,10.7065,7.3848,12.0144,12.4916,7.99779,14.1888,13.8748,7.77554,18.3254,11.7388,7.88774,15.7141,10.7738,8.63186,10.1312,2.91361,2.91361,2.66872,2.66872,3.20003,3.59807,3.91588,2.96068,1.95821
2020-12-04,-3.90995,10.4295,7.23204,11.6628,10.3327,7.12591,11.5953,12.0559,7.71762,13.6837,9.98118,5.59354,13.1828,8.75283,5.88135,11.717,8.38593,6.74294,7.89303,2.68273,2.68273,2.50933,2.50933,2.54838,3.59807,3.77701,2.12984,1.4601
2020-12-05,2.40126,10.4295,7.23204,11.6628,10.3852,7.16225,11.6541,12.1171,7.75701,13.77,8.34895,4.67882,11.027,8.07838,5.42817,10.8141,10.2877,8.22233,9.66811,2.77407,2.77407,2.70602,2.70602,2.96321,3.59807,3.79775,1.78155,1.3476
2020-12-06,0.99166,10.4295,7.23204,11.6628,10.1386,6.99153,11.3777,11.8301,7.5723,13.5068,11.5322,6.46276,15.2314,9.32622,6.26664,12.4845,10.4193,8.36625,9.80338,2.76451,2.76451,2.35958,2.35958,3.11596,3.59807,3.70837,2.46081,1.55576
2020-12-07,-0.796593,10.4295,7.23204,11.6628,9.77847,6.74213,10.974,11.4105,7.30246,13.0364,13.992,7.84124,18.4802,11.2529,7.56127,15.0637,11.1117,8.93226,10.4578,2.72628,2.72628,2.32485,2.32485,3.29859,3.58273,3.57142,2.98569,1.87716
2020-12-08,-4.64185,10.4295,7.23204,11.6628,9.43684,6.50554,10.591,11.0123,7.04649,12.5621,12.8612,7.20752,16.9867,11.3496,7.62621,15.1931,12.2407,9.80894,11.5112,2.87687,2.87687,2.74598,2.74598,3.61522,3.58273,3.44449,2.74439,1.89328
2020-12-09,1.2625,10.2792,7.1112,11.5279,9.75975,6.72916,10.953,11.4623,7.28742,12.9006,13.7722,7.71808,18.19,11.8137,7.93807,15.8144,14.0496,11.19,13.1917,3.94817,3.94817,3.21911,3.21911,3.97334,3.58273,3.57152,2.9388,1.9707
2020-12-10,-1.56946,10.2792,7.1112,11.5279,9.43596,6.50494,10.59,11.0119,7.04395,12.4663,12.3282,6.90882,16.2827,10.5457,7.08606,14.117,12.7606,10.2097,11.9953,3.0765,3.0765,2.53956,2.53956,3.66436,3.58273,3.45054,2.63066,1.75919
2020-12-11,-1.13474,10.2792,7.1112,11.5279,9.17323,6.32299,10.2955,10.7056,6.8462,12.1125,9.69782,5.43474,12.8086,8.7678,5.89141,11.737,11.6889,9.30941,10.9751,2.83049,2.83049,2.91869,2.91869,3.25393,3.58273,3.35225,2.06938,1.4626
2020-12-12,4.04125,10.2792,7.1112,11.5279,8.8863,6.1243,9.9738,10.386,6.63275,11.7461,8.33388,4.67038,11.0071,7.12555,4.78792,9.5386,12.1139,9.66377,11.3789,2.44413,2.44413,2.56188,2.56188,3.43938,3.53567,3.24044,1.77833,1.18865
2020-12-13,1.78535,10.2792,7.1112,11.5279,9.06319,6.24679,10.1721,10.6238,6.76546,11.9809,11.1733,6.26159,14.7573,9.19261,6.17686,12.3057,13.2902,10.6031,12.484,2.36355,2.36355,2.09295,2.09295,3.84971,3.53567,3.30615,2.38421,1.53347
2020-12-14,0.543187,10.2792,7.1112,11.5279,8.82528,6.08204,9.90538,10.4197,6.58828,11.6768,13.7985,7.73281,18.2247,11.2842,7.58227,15.1055,12.9634,10.2513,12.1498,2.28631,2.28631,2.07136,2.07136,3.48793,3.53567,3.21785,2.94441,1.88237
2020-12-15,0.881616,10.2792,7.1112,11.5279,8.51456,5.86686,9.55705,10.0531,6.35539,11.2651,13.1383,7.3628,17.3526,11.3591,7.63262,15.2059,13.6711,10.893,12.8377,2.10797,2.10797,1.95141,1.95141,3.87528,3.53567,3.10243,2.80352,1.89487
2020-12-16,9.30516,10.2792,7.1112,11.5279,8.23436,5.67282,9.24292,9.6116,6.14409,10.8843,13.2476,7.42406,17.497,10.5399,7.08214,14.1092,11.5933,9.23652,10.8862,1.90982,1.90982,1.82155,1.82155,3.14655,3.53567,2.99826,2.82685,1.75821
2020-12-17,6.77824,10.2792,7.1112,11.5279,10.5337,7.26515,11.8207,12.2911,7.86539,13.9062,14.3603,8.04764,18.9666,12.3563,8.30264,16.5407,15.1295,12.023,14.1975,2.32793,2.32793,2.51017,2.51017,4.2453,3.53567,3.85227,3.06428,2.06121
2020-12-18,1.44877,10.2792,7.1112,11.5279,11.3065,7.80031,12.687,13.1914,8.44242,14.9105,12.2234,6.8501,16.1443,10.274,6.9035,13.7533,14.9655,11.8936,14.0439,2.38799,2.38799,1.99757,1.99757,4.15822,3.53567,4.1392,2.6083,1.71386
2020-12-19,3.11408,10.2792,7.1112,11.5279,10.9137,7.52827,12.2466,12.7336,8.14723,14.3856,11.0476,6.19114,14.5913,8.15743,5.48128,10.9199,13.8928,11.0619,13.0435,2.32313,2.32313,1.89825,1.89825,3.86463,3.53567,3.99322,2.35739,1.36078
2020-12-20,-1.65816,10.2792,7.1112,11.5279,10.7346,7.40424,12.0459,12.5247,7.98671,14.14,12.259,6.87007,16.1914,9.90144,6.65315,13.2545,15.1792,12.0964,14.2544,2.6065,2.6065,1.76801,1.76801,4.30281,3.53567,3.91102,2.6159,1.65171
2020-12-21,-2.91381,10.2792,7.1112,11.5279,10.4248,7.16119,11.734,12.1291,7.71691,13.6416,15.0073,8.4102,19.8211,11.916,8.00681,15.9513,15.7202,12.5363,14.765,2.61413,2.61413,2.35249,2.35249,4.45896,3.53567,3.79157,3.20233,1.98777
2020-12-22,4.20766,10.2792,7.1112,11.5279,10.2797,7.06106,11.5709,11.9607,7.61185,13.4734,15.2516,8.54715,20.1439,12.8749,8.65114,17.235,15.6622,12.5204,14.7197,2.72674,2.72674,2.9924,2.9924,4.50855,3.48587,3.7242,3.25448,2.14773
2020-12-23,-2.30394,10.2792,7.1112,11.5279,10.36,7.11648,11.6612,12.0538,7.66905,13.5591,16.4468,9.2169,21.7224,13.9746,9.39007,18.7071,16.0633,13.0358,15.1551,2.88454,2.88454,2.50897,2.50897,5.05325,3.48587,3.75383,3.5095,2.33118
2020-12-24,2.1058,10.0944,6.89897,11.3946,10.126,6.95495,11.3981,11.784,7.45306,13.1703,14.8075,8.29823,19.5572,12.3734,8.31417,16.5637,15.294,12.3736,14.4179,3.01042,3.01042,3.00128,3.00128,4.79951,3.44906,3.66746,3.1597,2.06408
2020-12-25,3.8386,10.0944,6.89897,11.3946,9.85391,6.76715,11.0922,11.4679,7.25471,12.8215,12.434,6.96813,16.4225,9.46441,6.35949,12.6695,16.2169,12.8854,15.2174,3.02102,3.02102,2.53226,2.53226,4.52511,3.40638,3.55647,2.65324,1.57881
2020-12-26,6.93892,10.0944,6.89897,11.3946,9.89169,6.79322,11.1347,11.5116,7.27719,12.861,11.5985,6.49991,15.319,8.95615,6.01797,11.9891,14.1128,11.2942,13.2672,2.56052,2.56052,2.28844,2.28844,4.11173,3.40638,3.57037,2.47496,1.49402
2020-12-27,-0.625102,10.0944,6.89897,11.3946,10.8335,7.44326,12.1935,12.6057,7.97281,14.0741,14.2894,8.00789,18.873,12.5773,8.45117,16.8366,15.0497,12.1297,14.1737,2.52053,2.52053,2.62561,2.62561,4.54202,3.40638,3.91695,3.04915,2.09809
2020-12-28,3.0458,10.0944,6.89897,11.3946,10.4233,7.16013,11.7323,12.129,7.66983,13.5422,15.5947,8.73939,20.597,12.7246,8.55011,17.0337,14.608,11.843,13.7785,2.43739,2.43739,2.62022,2.62022,4.56544,3.40638,3.766,3.32768,2.12265
2020-12-29,1.01982,10.0944,6.89897,11.3946,10.2635,7.04984,11.5527,11.9438,7.55676,13.352,16.1309,9.03988,21.3052,14.0374,9.43225,18.7911,14.1256,11.4424,13.3207,2.40097,2.40097,2.09625,2.09625,4.38616,3.40638,3.70719,3.4421,2.34165
2020-12-30,5.26252,10.0944,6.85448,11.3334,9.89149,6.79308,11.1344,11.5137,7.27705,12.8176,15.343,8.59833,20.2645,12.5879,8.45828,16.8507,13.046,10.5198,12.2882,2.27919,2.27919,2.28164,2.28164,3.92124,3.37782,3.5703,3.27397,2.09985
2020-12-31,0.555876,10.0944,6.85448,11.3334,10.2858,7.06527,11.5778,11.9716,7.56832,13.3253,15.626,8.75696,20.6384,14.5251,9.75999,19.444,13.5618,10.9104,12.7664,2.08978,2.08978,2.00439,2.00439,4.05927,3.37782,3.71542,3.33437,2.42301
2021-01-01,1.276,10.0944,6.85448,11.3334,9.8944,6.79509,11.1377,11.5165,7.2792,12.8187,12.6232,7.07415,16.6723,9.92761,6.67073,13.2896,13.2563,10.4936,12.4275,2.24526,2.24526,2.30208,2.30208,3.57038,3.37782,3.57137,2.69361,1.65608
2021-01-02,8.959,10.0944,6.85448,11.3334,9.55833,6.56313,10.7599,11.1261,7.03098,12.3853,10.4453,5.85366,13.7959,8.41093,5.65162,11.2593,11.3846,9.02934,10.678,2.1885,2.1885,2.17686,2.17686,3.09062,3.37782,3.4477,2.22889,1.40307
2021-01-03,2.01752,10.0944,6.85448,11.3334,11.3877,7.82582,12.8166,13.2516,8.38202,14.7469,14.1349,7.9213,18.6689,13.0065,8.73953,17.4111,15.266,12.1532,14.3321,2.26902,2.26902,2.07391,2.07391,4.23313,3.37782,4.12092,3.01618,2.16968
2021-01-04,-2.50225,10.0944,6.85448,11.3334,11.03,7.57891,12.4144,12.8361,8.11792,14.2855,16.1919,9.07407,21.3857,13.3348,8.96017,17.8506,13.9552,11.1129,13.1025,2.04962,2.04962,2.08431,2.08431,3.85171,3.34637,3.95686,3.45511,2.22445
2021-01-05,6.128,10.0944,6.85448,11.3334,10.7788,7.40552,12.132,12.5434,7.93191,13.9577,15.9014,8.9113,21.0021,14.0359,9.43124,18.7891,13.3742,10.6201,12.548,2.19648,2.19648,2.54175,2.54175,3.7101,3.34637,3.86515,3.39314,2.3414
2021-01-06,8.00219,10.0944,6.85448,11.3334,11.3184,7.77799,12.7387,13.1699,8.33007,14.652,17.0093,9.53216,22.4654,16.3129,10.9612,21.8372,13.9896,11.0985,13.1223,1.93689,1.93689,2.01257,2.01257,3.81916,3.34637,4.06217,3.62954,2.72123
2021-01-07,6.68709,10.0944,6.85448,11.3334,12.4105,8.53172,13.9664,14.4514,9.13757,16.1271,17.953,10.061,23.7118,17.1538,11.5263,22.9629,13.1445,10.3585,12.3087,1.66433,1.66433,1.82686,1.82686,3.46488,3.34637,4.49728,3.83092,2.86152
2021-01-08,3.55929,10.0944,6.85448,11.3334,12.9114,8.87746,14.5296,15.0327,9.50755,16.7697,15.5635,8.72193,20.5558,15.3939,10.3438,20.607,13.3725,10.6649,12.5602,1.6076,1.6076,2.02139,2.02139,3.73056,3.34637,4.64373,3.32103,2.56794
2021-01-09,-1.34006,10.0944,6.85448,11.3334,12.6567,8.7017,14.2433,14.7355,9.31947,16.4331,13.189,7.39124,17.4196,14.4001,9.67596,19.2766,11.6329,9.24775,10.9173,1.66532,1.66532,1.47506,1.47506,3.24907,3.34637,4.55076,2.81435,2.40215
2021-01-10,-4.83005,10.0944,6.85448,11.3334,12.304,8.47885,13.8147,14.296,8.97051,15.9071,14.7438,8.26255,19.4732,13.2174,8.88127,17.6935,13.7048,10.8273,12.8415,2.26424,2.26424,2.28656,2.28656,3.68192,3.34637,4.40358,3.14612,2.20486
2021-01-11,-7.55139,10.0944,6.85448,11.3334,12.4007,8.54576,13.9232,14.4082,9.04125,16.032,18.1553,10.1744,23.979,17.5314,11.78,23.4684,15.4835,12.3219,14.535,2.8244,2.8244,3.59437,3.59437,4.38745,3.37782,4.46936,3.87409,2.92451
2021-01-12,-4.73165,10.0944,6.89897,11.3597,13.3116,9.17621,14.9448,15.4643,9.70773,17.2008,18.6847,10.471,24.6781,22.6234,15.2015,30.2847,15.7221,12.5639,14.7747,4.04144,4.04144,6.06521,6.06521,4.54595,3.40638,4.80821,3.98704,3.77392
2021-01-13,9.53397,10.0944,6.89897,11.3597,13.2884,9.16015,14.9188,15.4372,9.69076,17.1693,18.5383,10.389,24.4848,21.7401,14.608,29.1023,17.6504,14.2144,16.6196,3.46115,3.46115,6.7372,6.7372,5.30572,3.44906,4.7997,3.9558,3.62657
2021-01-14,4.89216,10.0944,6.89897,11.3597,14.7075,10.1423,16.5104,17.0822,10.7291,18.9883,20.4703,11.4717,27.0365,25.0264,16.8162,33.5015,16.9024,13.6577,15.929,3.73046,3.73046,2.6573,2.6573,5.19087,3.44906,5.32043,4.36806,4.17478
2021-01-15,-6.21665,10.0944,6.89897,11.3597,14.545,10.0299,16.3282,16.8982,10.6102,18.8135,16.6609,9.33689,22.0051,18.6106,12.5052,24.913,16.667,13.4699,15.7079,3.58056,3.58056,2.21485,2.21485,5.05236,3.44906,5.26082,3.55519,3.10453
2021-01-16,-1.77319,10.0944,6.89897,11.3597,14.7657,10.1826,16.5757,17.1522,10.7717,19.082,15.3768,8.61731,20.3092,19.2322,12.9228,25.7451,16.8728,13.7413,15.9334,3.73428,3.73428,5.02462,5.02462,5.46407,3.48587,5.3539,3.2812,3.20821
2021-01-17,-1.07508,10.0944,6.89897,11.3597,14.1857,9.7812,15.9252,16.4774,10.3473,18.3196,15.9053,8.91345,21.0072,17.9966,12.0926,24.0911,16.9944,13.7707,16.0273,3.16866,3.16866,4.81538,4.81538,5.27828,3.48587,5.1406,3.39396,3.0021
2021-01-18,2.31654,10.0944,6.89897,11.3597,13.5897,9.36869,15.2567,15.784,9.91122,17.5377,18.1875,10.1924,24.0214,20.1953,13.57,27.0344,14.8504,12.0981,14.0247,3.34677,3.34677,4.01661,4.01661,4.83681,3.48587,4.92142,3.88094,3.36888
2021-01-19,-1.54135,10.0944,6.89897,11.3597,13.1063,9.03412,14.7145,15.2347,9.55752,17.0116,18.1004,10.1436,23.9064,19.5543,13.1393,26.1764,14.9719,12.1569,14.1274,3.12407,3.12407,3.20944,3.20944,4.72919,3.48587,4.74365,3.86236,3.26196
2021-01-20,-1.45792,10.0944,6.85448,11.2677,12.6018,8.68493,14.1487,14.6659,9.18837,16.2813,17.0907,9.57779,22.5729,18.1542,12.1985,24.302,13.6617,11.0839,12.8883,3.03388,3.03388,3.73443,3.73443,4.34153,3.44906,4.55811,3.64692,3.02839
2021-01-21,-14.2528,10.0944,6.85448,11.2677,12.1195,8.35113,13.6078,14.108,8.83549,15.6672,16.2391,9.10051,21.448,15.7994,10.6162,21.1499,14.0221,11.4208,13.2417,3.00153,3.00153,3.43857,3.43857,4.6004,3.44906,4.38074,3.46518,2.63559
2021-01-22,6.83335,10.2792,6.89897,11.5621,16.2005,11.1757,18.185,18.8738,11.8295,21.2175,16.5105,9.83775,21.9927,17.8394,12.0904,24.0413,19.6511,15.8195,18.5016,4.85067,4.85067,6.45976,6.45976,5.905,3.48587,5.92803,3.5231,2.97589
2021-01-23,-2.88347,10.2792,6.89897,11.5621,16.3466,11.2769,18.3489,19.0438,11.9368,21.4117,15.1379,9.01989,20.1644,15.9625,10.8183,21.5118,20.146,16.3402,19.0043,4.05338,4.05338,3.43931,3.43931,6.34268,3.48587,5.98218,3.23021,2.66278
2021-01-24,0.689081,10.2792,6.89897,11.5621,15.7857,10.8886,17.7197,18.3909,11.5246,20.6643,17.0697,10.1709,22.7376,16.0068,10.8484,21.5715,15.9492,13.008,15.0669,3.77933,3.77933,4.0284,4.0284,5.18033,3.48587,5.77427,3.64243,2.67018
2021-01-25,0.238231,10.2792,6.89897,11.5621,15.0816,10.4013,16.93,17.5716,11.0081,19.7351,19.115,11.3896,25.462,17.0255,11.5388,22.9443,16.8576,13.8135,15.9444,3.84728,3.84728,4.33589,4.33589,5.68374,3.48587,5.51335,4.07886,2.84011
2021-01-26,0.626637,10.2792,6.89897,11.5621,14.4072,9.93454,16.1736,16.7867,10.5131,18.8421,17.7247,10.5612,23.6101,13.8143,9.36247,18.6168,14.7073,11.9781,13.8885,3.67446,3.67446,3.76831,3.76831,4.75444,3.48587,5.26341,3.7822,2.30444
2021-01-27,-6.78743,10.2792,6.89897,11.5621,13.7729,9.49553,15.4622,16.0486,10.0453,18.0021,17.1293,10.2065,22.8171,13.3953,9.07849,18.0521,14.7175,11.9885,13.8988,3.77619,3.77619,3.23735,3.23735,4.79441,3.48587,4.99393,3.65516,2.23454
2021-01-28,9.50202,10.2792,6.89897,11.5621,14.2436,9.8213,15.9901,16.5963,10.3944,18.6382,18.8565,11.2356,25.1177,19.9952,13.5515,26.9465,16.3411,13.2289,15.4074,4.52281,4.52281,4.68548,4.68548,5.1785,3.53567,5.27081,4.0237,3.33551
2021-01-29,2.50901,10.2792,6.89897,11.5621,15.4855,10.6808,17.383,18.0416,11.2984,20.2387,17.4703,10.4096,23.2712,16.9894,11.5144,22.8958,17.5989,14.3355,16.6199,3.93834,3.93834,3.16179,3.16179,5.7626,3.53567,5.66302,3.7279,2.8341
2021-01-30,-0.136664,10.2792,6.89897,11.5621,14.9991,10.3718,16.8041,17.4207,10.8291,19.5509,14.8957,8.87555,19.8417,11.9503,8.09915,16.1048,14.3415,11.7171,13.5542,3.62827,3.62827,3.20884,3.20884,4.76893,3.53567,5.48055,3.17852,1.99349
2021-01-31,-3.42894,10.2792,6.89897,11.5621,14.3028,9.88878,16.0245,16.6084,10.2943,18.6345,15.3004,9.11669,20.3808,11.0987,7.52196,14.9571,14.6996,11.9801,13.8837,3.59101,3.59101,3.2069,3.2069,4.77384,3.53567,5.22304,3.26488,1.85142
2021-02-01,1.26876,10.2792,6.89897,11.5621,13.9364,9.63462,15.6143,16.1817,10.0298,18.1544,18.0364,10.747,24.0254,16.5131,11.1915,22.2538,13.7949,11.2416,13.0289,3.81451,3.81451,3.54587,3.54587,4.55169,3.53567,5.08753,3.84872,2.75463
2021-02-02,5.71679,10.2792,6.89897,11.5621,13.3288,9.21319,14.9342,15.4704,9.59126,17.3499,17.7129,10.5542,23.5944,15.5238,10.521,20.9205,12.5309,10.127,11.8097,3.13167,3.13167,3.09369,3.09369,3.89386,3.53567,4.86284,3.77968,2.5896
2021-02-03,5.37739,10.2792,6.89897,11.5621,13.5001,9.33197,15.1259,15.6598,9.71292,17.5541,18.9926,11.3167,25.299,20.0596,13.5951,27.0332,13.4984,10.9493,12.7336,3.12049,3.12049,3.11738,3.11738,4.31111,3.53567,4.92049,4.05275,3.34624
2021-02-04,-1.46787,10.2792,6.89897,11.5621,13.5648,9.37686,15.1983,15.7331,9.6986,17.6374,18.9214,11.2743,25.2041,23.4664,15.904,31.6244,14.5466,11.8196,13.7285,2.97929,2.97929,2.73913,2.73913,4.6609,3.53567,4.93523,4.03755,3.91455
2021-02-05,3.24589,10.2792,6.85984,11.5621,13.0062,8.98941,14.573,15.1223,9.35841,16.9363,14.9709,8.92039,19.9419,13.6229,9.23275,18.3589,13.5349,10.9282,12.7529,3.15796,3.15796,3.33582,3.33582,4.1556,3.48587,4.68744,3.19458,2.27251
2021-02-06,2.89828,10.2792,6.85984,11.5621,12.6711,8.75695,14.1978,14.7212,9.11599,16.4891,14.3314,8.53936,19.0901,11.6512,7.89644,15.7017,14.5166,11.8361,13.7125,3.2961,3.2961,2.59758,2.59758,4.76199,3.48587,4.56493,3.05812,1.9436
2021-02-07,-0.927656,10.2792,6.85984,11.5621,12.3066,8.50412,13.7898,14.2917,8.8152,16.011,15.3294,9.13399,20.4194,12.776,8.65876,17.2175,12.8684,10.4571,12.145,3.12519,3.12519,2.52017,2.52017,4.10203,3.48587,4.43169,3.27107,2.13123
2021-02-08,17.1821,10.2792,6.85984,11.5621,11.7844,8.14188,13.2052,13.6721,8.42172,15.3273,17.5332,10.4471,23.355,15.1722,10.2828,20.4468,13.4419,10.9385,12.6909,3.29751,3.29751,2.67219,2.67219,4.31864,3.48587,4.2408,3.74134,2.53095
2021-02-09,0.614262,10.2792,6.85984,11.5621,17.7794,12.3003,19.9165,20.6025,12.7212,23.1021,22.1625,13.2055,29.5215,26.2856,17.8147,35.4237,18.5516,14.9647,17.4755,3.93378,3.93378,2.46422,2.46422,5.60747,3.48587,6.40827,4.72916,4.38483
2021-02-10,-3.42032,10.2792,6.85984,11.5621,16.9396,11.7178,18.9764,19.612,12.119,22.0053,20.6289,12.2917,27.4786,17.6889,11.9884,23.8384,15.5474,12.6549,14.6797,4.01968,4.01968,2.57702,2.57702,5.03814,3.48587,6.10244,4.4019,2.95077
2021-02-11,6.44676,10.2792,6.85984,11.5621,16.3873,11.3347,18.3581,18.9728,11.7229,21.2887,19.1705,11.4227,25.536,20.0372,13.5799,27.003,15.3856,12.4195,14.4957,3.93325,3.93325,3.19753,3.19753,4.69191,3.48587,5.90128,4.09071,3.3425
2021-02-12,-0.847846,10.2792,6.85984,11.5621,16.4309,11.3649,18.4069,19.0219,11.7541,21.3366,17.2423,10.2738,22.9675,15.4613,10.4787,20.8364,16.4411,13.2616,15.4873,3.89868,3.89868,3.23634,3.23634,5.05827,3.48587,5.91716,3.67925,2.57919
2021-02-13,-0.84417,10.2792,6.85984,11.5621,15.676,10.8413,17.5618,18.1487,11.2127,20.3459,13.9847,8.33277,18.6283,10.7605,7.29276,14.5013,15.0004,12.137,14.1414,3.67135,3.67135,3.6478,3.6478,4.6681,3.48587,5.59725,2.98414,1.79501
2021-02-14,3.36439,10.2792,6.85984,11.5621,14.9619,10.3459,16.7624,17.3226,10.7006,19.4179,15.7609,9.39108,20.9942,11.1981,7.58939,15.0911,14.6298,11.8816,13.8053,3.49105,3.49105,3.35454,3.35454,4.68687,3.48587,5.3392,3.36314,1.86802
2021-02-15,-1.59783,10.2792,6.85984,11.5621,14.5058,10.0296,16.2518,16.7951,10.3735,18.8155,18.8856,11.253,25.1565,16.9233,11.4696,22.8067,12.964,10.554,12.241,3.35618,3.35618,2.9886,2.9886,4.20627,3.48587,5.1744,4.02992,2.82307
2021-02-16,2.58353,10.2792,6.85984,11.5621,13.9025,9.61109,15.5764,16.0973,9.94078,18.0458,18.6371,11.1049,24.8255,15.8736,10.7581,21.392,13.5494,10.9695,12.7754,3.41432,3.41432,3.20589,3.20589,4.19788,3.44906,4.94659,3.97689,2.64795
2021-02-17,5.82141,10.2792,6.85984,11.5621,13.4131,9.27163,15.0285,15.5776,9.5898,17.4487,19.0065,11.325,25.3176,17.9833,12.1879,24.2351,12.4002,10.0574,11.6974,3.10735,3.10735,2.84174,2.84174,3.92396,3.4306,4.77009,4.05572,2.99988
2021-02-18,-0.903822,10.2792,6.85984,11.5621,13.6035,9.40371,15.2417,15.7523,9.72636,17.6775,18.7472,11.1705,24.9721,20.6429,13.9905,27.8194,12.3748,10.0513,11.6777,3.03687,3.03687,2.62324,2.62324,3.94825,3.4306,4.83876,4.00038,3.44355
2021-02-19,7.82852,10.2792,6.85984,11.5621,12.9532,8.91265,14.5611,15.0428,9.2932,16.8011,14.9057,8.88152,19.855,11.2552,7.62807,15.1681,11.623,9.43982,10.9681,3.22049,3.22049,3.05453,3.05453,3.704,3.4306,4.62448,3.18066,1.87754
2021-02-20,0.377519,10.2792,6.85984,11.5621,13.8069,9.50268,15.5196,16.0328,9.90805,17.8902,14.5241,8.65415,19.3467,11.0319,7.47671,14.8671,13.6704,11.1624,12.918,3.98006,3.98006,3.09911,3.09911,4.50529,3.4306,4.92291,3.09923,1.84028
2021-02-21,2.53521,10.2792,6.85984,11.5621,13.1849,9.07279,14.8212,15.3115,9.46007,17.0657,15.1459,9.02466,20.175,10.3371,7.00585,13.9308,12.4523,10.1045,11.748,3.84442,3.84442,3.01077,3.01077,3.95934,3.4306,4.69736,3.23192,1.72439
2021-02-22,-5.96634,10.2792,6.85984,11.5621,12.7391,8.76461,14.3206,14.7944,9.13893,16.4886,18.3938,10.9599,24.5013,16.4782,11.1679,22.2068,11.7159,9.55727,11.0683,3.34764,3.34764,2.41306,2.41306,3.88493,3.4306,4.53567,3.92497,2.74882
2021-02-23,-10.4585,10.2792,6.85984,11.5621,13.1036,9.01654,14.7298,15.2171,9.40146,16.9756,18.7059,11.1459,24.917,17.56,11.901,23.6647,11.8932,9.67777,11.2286,3.4375,3.4375,3.42466,3.42466,3.85798,3.44906,4.67911,3.99156,2.92927
2021-02-24,1.78815,10.4296,7.1112,11.6961,15.0892,10.389,16.9595,17.5199,10.949,19.555,21.8164,12.9993,29.0604,22.6435,15.3464,30.5155,19.0495,15.3077,17.927,4.30257,4.30257,5.06019,5.06019,5.66675,3.48587,5.4116,4.65531,3.77728
2021-02-25,-5.39698,10.4296,7.1112,11.6961,14.4579,9.95266,16.2506,16.7877,10.4893,18.7106,19.9939,11.9133,26.6327,18.8199,12.7549,25.3626,15.0599,12.3109,14.2352,3.70181,3.70181,3.83294,3.83294,5.01762,3.48587,5.18166,4.2664,3.13944
2021-02-26,-1.61421,10.4296,7.1112,11.6961,14.484,9.97071,16.2799,16.818,10.5084,18.7129,17.8737,10.65,23.8086,14.5669,9.87253,19.6311,14.6282,12.0314,13.8492,3.84969,3.84969,4.82074,4.82074,5.10367,3.53567,5.23877,3.81399,2.42998
2021-02-27,-0.327055,10.4296,7.1112,11.6961,13.8941,9.563,15.6176,16.134,10.079,17.9254,13.7228,8.17669,18.2794,10.5691,7.16304,14.2434,13.7559,11.272,13.0107,3.55795,3.55795,4.53353,4.53353,4.68881,3.53567,5.02202,2.92824,1.76308
2021-02-28,-2.30104,10.4296,7.1112,11.6961,13.2711,9.13235,14.918,15.4114,9.62539,17.0951,15.4479,9.20458,20.5772,9.93126,6.73078,13.3838,16.5531,13.2917,15.5747,3.28306,3.28306,4.29129,4.29129,5.00391,3.53567,4.79308,3.29635,1.65668
2021-03-01,9.49011,10.4296,7.1112,11.6961,12.8233,8.82281,14.4151,14.8921,9.29937,16.49,18.8571,11.236,25.1185,16.9053,11.4574,22.7824,15.2529,12.3339,14.3772,3.64315,3.64315,4.10116,4.10116,4.7948,3.53567,4.62852,4.02383,2.82006
2021-03-02,-2.55549,10.4296,7.1112,11.6961,14.3365,9.86878,16.1143,16.647,10.401,18.4018,20.7385,12.357,27.6246,21.26,14.4087,28.651,17.129,13.9187,16.1659,4.13796,4.13796,3.82935,3.82935,5.49715,3.53567,5.18458,4.42529,3.5465
2021-03-03,4.36648,10.4296,7.1112,11.6961,13.8509,9.5331,15.569,16.0838,10.0475,17.7467,21.2229,12.6456,28.2698,19.1314,12.966,25.7824,15.2084,12.4459,14.3797,3.82338,3.82338,4.11077,4.11077,5.11364,3.53567,5.00613,4.52866,3.19141
2021-03-04,-3.99062,10.4296,7.1112,11.6961,13.6473,9.39239,15.3404,15.6476,9.89927,17.4535,20.5477,12.2433,27.3704,21.0859,14.2907,28.4164,15.6867,12.8558,14.8374,4.01774,4.01774,3.39635,3.39635,5.28707,3.53567,4.93132,4.38458,3.51745
2021-03-05,0.751145,10.4296,7.1112,11.6961,13.4387,9.24817,15.1061,14.8322,9.74737,17.1564,16.338,9.73495,21.7629,14.1592,9.59622,19.0816,14.5156,11.8822,13.7256,3.9846,3.9846,4.26904,4.26904,4.88878,3.58273,4.85465,3.48629,2.36197
2021-03-06,-0.0305046,10.4296,7.1112,11.6961,12.8444,8.83744,14.4389,14.1409,9.31478,16.373,12.018,7.16093,16.0086,10.4542,7.08522,14.0886,15.0547,12.2357,14.209,3.90537,3.90537,3.70406,3.70406,4.83621,3.58273,4.6363,2.56448,1.74393
2021-03-07,4.58397,10.2795,6.85984,11.5633,12.2735,8.44281,13.7978,14.2545,8.80359,15.5621,12.4655,7.71338,17.7275,10.7042,7.54089,14.895,12.8144,10.473,12.112,3.75737,3.75737,3.54699,3.54699,4.2579,3.53567,4.42651,2.93701,1.8721
2021-03-08,2.01031,10.2795,6.85984,11.5633,12.2551,8.4301,13.7772,14.2332,8.79034,15.5287,17.1163,10.5912,24.3415,19.576,13.7909,27.2402,13.2106,10.8293,12.4962,3.72133,3.72133,3.21491,3.21491,4.47249,3.53567,4.37942,4.03279,3.42373
2021-03-09,4.81569,10.2795,6.85984,11.5633,11.8103,8.12265,13.2777,13.7174,8.46995,14.9806,16.3188,10.0977,23.2073,16.858,11.8761,23.458,11.7051,9.53048,11.0527,3.52136,3.52136,3.13118,3.13118,3.76479,3.48587,4.21742,3.84489,2.94836
2021-03-10,2.13741,10.2795,6.85984,11.5633,11.8928,8.17967,13.3703,13.8131,8.52938,15.0872,18.4937,11.4435,26.3003,20.3972,14.3694,28.3829,12.7334,10.3431,12.0163,3.30354,3.30354,3.11076,3.11076,4.02742,3.44906,4.23901,4.35732,3.56735
2021-03-11,3.15731,10.2795,6.85984,11.5633,11.5562,7.97946,12.945,13.5945,8.26239,14.8233,17.2566,10.678,24.541,17.5478,12.362,24.4179,12.6509,10.3229,11.9525,3.18163,3.18163,2.76715,2.76715,4.15681,3.44906,4.17206,4.06585,3.069
2021-03-12,-0.821692,10.2795,6.85984,11.5633,11.3206,7.81593,12.6814,13.3178,8.09316,14.5215,13.1695,8.14903,18.7287,14.1514,9.96937,19.6918,10.9309,9.00534,10.3532,3.20466,3.20466,2.09703,2.09703,3.78862,3.44906,4.08522,3.10289,2.475
2021-03-13,6.59905,10.2795,6.85984,11.5633,10.8777,7.50844,12.1859,12.7977,7.77495,13.9374,9.62792,5.95756,13.6921,9.98939,7.03731,13.9003,11.2509,9.18244,10.6304,3.33073,3.33073,2.6982,2.6982,3.6704,3.44906,3.92192,2.26845,1.74708
2021-03-14,-3.22026,10.2795,6.85984,11.5633,11.5754,7.99283,12.9665,13.4088,8.27622,14.8078,14.3209,8.86147,20.3661,13.4708,9.48991,18.7448,11.4306,9.37862,10.815,3.51606,3.51606,2.6848,2.6848,3.87425,3.44906,4.17916,3.37416,2.35597
2021-03-15,-5.89552,10.2795,6.85984,11.5633,11.3965,7.86863,12.7664,13.1741,8.14769,14.5782,16.6141,10.2804,23.6273,19.0689,13.4336,26.5345,12.1461,9.9566,11.4892,3.54689,3.54689,2.99592,2.99592,4.11224,3.44906,4.1132,3.91446,3.33503
2021-03-16,1.59294,10.2795,6.85984,11.5633,11.8875,8.20947,13.3156,13.2134,8.5004,15.1796,16.9197,10.4695,24.0619,18.8425,13.2741,26.2195,14.1991,11.5393,13.4011,3.66281,3.66281,4.06169,4.06169,4.57339,3.48587,4.29764,3.98647,3.29544
2021-03-17,3.57242,10.2795,6.85984,11.5633,11.4454,7.90258,12.8211,12.7047,8.18283,14.5929,17.0894,10.5746,24.3032,18.4231,12.9787,25.6359,13.5515,11.0389,12.7977,3.36554,3.36554,3.74758,3.74758,4.43141,3.48587,4.13454,4.02646,3.22209
2021-03-18,-1.73392,10.2795,6.85984,11.5633,11.2896,7.79442,12.6468,12.532,8.07089,14.3728,16.4547,10.1818,23.4006,18.6114,13.1113,25.8978,12.7363,10.3338,12.0156,3.19649,3.19649,3.08643,3.08643,4.07902,3.48587,4.07705,3.87691,3.25501
2021-03-19,0.839435,10.2795,6.79007,11.4337,10.92,7.53783,12.2333,12.1222,7.7056,13.8027,11.6938,7.3943,16.6734,12.1452,8.55754,17.6979,11.044,9.02025,10.4369,2.89752,2.89752,3.45548,3.45548,3.67676,3.44906,3.93752,2.82203,2.24343
2021-03-20,-0.0565923,10.2795,6.79007,11.4337,10.4863,7.23677,11.7481,11.6413,7.39795,13.2509,9.61502,6.07985,13.7094,9.6317,6.78653,14.0353,11.0662,9.02804,10.4548,2.7482,2.7482,3.20773,3.20773,3.62614,3.44906,3.77764,2.32037,1.77914
2021-03-21,-1.36439,10.2795,6.79007,11.4337,10.0625,6.94253,11.2739,11.1714,7.09729,12.7111,9.60033,6.07056,13.6885,10.7438,7.57011,15.6558,9.46348,7.66167,8.92294,2.70269,2.70269,3.27375,3.27375,2.96212,3.44906,3.62138,2.31683,1.98456
2021-03-22,-5.34568,10.2795,6.79007,11.4337,9.7302,6.71187,10.9022,10.803,6.86159,12.2872,11.2661,7.12386,16.0636,13.9016,9.79514,20.2574,10.0953,8.16088,9.51497,2.43097,2.43097,3.21982,3.21982,3.13492,3.44906,3.49888,2.71882,2.56787
2021-03-23,0.384009,10.2795,6.79007,11.4337,10.2693,7.08611,11.5053,11.4007,7.244,12.963,13.6828,8.65202,19.5094,15.6378,11.0184,22.7873,11.7423,9.57843,11.0931,2.89492,2.89492,4.12283,4.12283,3.83711,3.48587,3.70059,3.30204,2.88857
2021-03-24,-3.65518,10.2795,6.79007,11.4337,9.85757,6.8003,11.0447,10.9443,6.95195,12.4385,12.2455,7.74317,17.46,13.5752,9.5651,19.7817,10.9377,8.95919,10.3442,2.75532,2.75532,3.54206,3.54206,3.69233,3.48587,3.54869,2.95518,2.50757
2021-03-25,-2.04854,10.2795,6.79007,11.4337,9.91345,6.83909,11.1072,11.0062,6.99158,12.5127,13.429,8.49151,19.1474,15.3844,10.8399,22.4181,12.2585,9.96794,11.5714,2.80898,2.80898,3.88222,3.88222,3.97689,3.48587,3.5693,3.24078,2.84177
2021-03-26,6.42884,10.2795,6.79007,11.4337,9.66912,6.66947,10.8338,10.7353,6.81827,12.2142,9.89969,6.25986,14.1153,10.3844,7.31686,15.1321,11.6379,9.47095,10.9878,2.87059,2.87059,3.8531,3.8531,3.84513,3.48587,3.47916,2.38907,1.91817
2021-03-27,1.50519,10.2795,6.79007,11.4337,10.4919,7.24063,11.7543,11.6475,7.4019,13.2465,9.10612,5.75805,12.9838,8.78356,6.18893,12.7994,10.6272,8.72802,10.0574,2.92378,2.92378,3.58341,3.58341,3.67315,3.48587,3.78272,2.19756,1.62248
2021-03-28,-0.0406794,10.2795,6.79007,11.4337,10.1222,6.98399,11.3407,11.2376,7.13966,12.771,11.6088,7.34059,16.5523,11.2848,7.95129,16.4441,9.60228,7.92963,9.10048,2.98811,2.98811,3.42707,3.42707,3.42297,3.48587,3.64632,2.80153,2.08449
2021-03-29,3.1655,10.2795,6.79007,11.4337,9.71748,6.70304,10.8879,10.7889,6.85257,12.2611,12.5866,7.95886,17.9464,13.2109,9.30844,19.2509,11.0323,9.05646,10.4396,3.01077,3.01077,3.1855,3.1855,3.79504,3.48587,3.497,3.0375,2.44028
2021-03-30,2.00146,10.2795,6.79007,11.4337,9.62402,6.63817,10.7834,10.6853,6.78627,12.1345,12.4885,7.89682,17.8065,13.7153,9.66383,19.9858,10.0451,8.19393,9.48977,2.86478,2.86478,3.05849,3.05849,3.33523,3.48587,3.46252,3.01382,2.53345
2021-03-31,0.00193432,10.2795,6.79007,11.4337,9.36051,6.47261,10.4659,10.4414,6.60264,11.8377,12.6191,7.97942,17.9928,13.8586,9.76479,20.1946,9.52404,7.73901,8.98853,2.79879,2.79879,3.04156,3.04156,3.07814,3.48587,3.36634,3.04535,2.55992
2021-04-01,0.299921,10.2795,6.79007,11.4337,8.99665,6.21939,10.0597,10.0361,6.34443,11.3689,10.2607,6.48811,14.63,12.1081,8.53141,17.6439,9.13686,7.41035,8.61891,2.47545,2.47545,2.84358,2.84358,2.96517,3.48587,3.23212,2.47619,2.23658
2021-04-02,0.487012,10.2795,6.79007,11.4337,8.65261,5.97996,9.67558,9.65294,6.07502,10.9268,5.30842,3.35667,7.56893,8.21938,5.7914,11.9773,8.40528,6.78735,7.9199,2.36046,2.36046,2.64394,2.64394,2.60153,3.48587,3.10521,1.28107,1.51826
2021-04-03,-3.044,10.2795,6.79007,11.4337,8.33073,5.75595,9.31623,9.29442,5.74728,10.5213,3.98295,2.51853,5.67902,5.41211,3.81339,7.88651,6.58673,5.24817,6.18516,2.27416,2.27416,2.4095,2.4095,1.84625,3.48587,2.98647,0.961196,0.999711
2021-04-04,1.98467,10.2795,6.79007,11.4337,8.39077,5.79774,9.38326,9.36129,5.69068,10.5961,6.82551,4.32596,9.76794,8.76816,6.17807,12.7769,8.19338,6.64627,7.72925,2.53444,2.53444,2.88952,2.88952,2.63903,3.48587,3.02195,1.64719,1.61963
2021-04-05,0.508118,10.2795,6.79007,11.4337,8.20418,5.66788,9.17495,9.15347,5.56317,10.3603,10.3857,6.58235,14.8628,11.7805,8.3006,17.1665,9.08782,7.37908,8.5752,2.65852,2.65852,2.63132,2.63132,2.90586,3.48587,2.95251,2.50635,2.17607
2021-04-06,-1.47639,10.2795,6.79007,11.4337,7.90778,5.46161,8.84406,8.82334,5.36062,9.98967,8.76107,5.5527,12.5379,10.0012,7.04688,14.5737,9.26845,7.49905,8.73763,2.5463,2.5463,2.63482,2.63482,2.93201,3.44906,2.83046,2.11429,1.8474
2021-04-07,-3.75289,10.2795,6.79007,11.4337,7.72405,5.33375,8.63895,8.6187,5.23506,9.75739,9.23982,5.85613,13.223,11.1687,7.86952,16.275,9.64895,7.82177,9.1008,2.57047,2.57047,2.86438,2.86438,3.07385,3.44906,2.76269,2.22983,2.06306
2021-04-08,3.97877,10.2795,6.79007,11.4337,8.0332,5.54889,8.98407,8.96303,5.44633,10.146,10.1513,6.4338,14.5274,11.7604,8.28643,17.1372,9.47978,7.69998,8.94584,2.65086,2.65086,2.96065,2.96065,3.09772,3.48587,2.88948,2.44979,2.17235
2021-04-09,-0.135457,10.2795,6.79007,11.4337,8.29132,5.72852,9.27223,9.25052,5.62272,10.4695,6.71416,4.25538,9.60858,9.43472,6.64773,13.7482,8.59198,7.01348,8.11843,2.88167,2.88167,3.12812,3.12812,2.89069,3.48587,2.98352,1.62031,1.74276
2021-04-10,2.62342,10.2795,6.79007,11.4337,7.98767,5.5172,8.93324,8.91231,5.41521,10.086,5.234,3.31727,7.49034,7.48327,5.27274,10.9046,7.59595,6.12523,7.15473,2.65604,2.65604,2.89041,2.89041,2.34382,3.48587,2.86657,1.26311,1.38229
2021-04-11,0.686229,10.2795,6.79007,11.4337,7.93439,5.48013,8.87377,8.85298,5.37881,10.0175,8.3857,5.3148,12.0007,9.42817,6.64312,13.7387,8.18977,6.66783,7.73319,2.44896,2.44896,2.84491,2.84491,2.73034,3.48587,2.84242,2.0237,1.74155
2021-04-12,-0.518764,10.2795,6.79007,11.4337,7.65962,5.28891,8.56702,8.54694,5.19103,9.67455,10.0789,6.38796,14.4239,10.396,7.32506,15.149,6.93363,5.65062,6.54873,2.2908,2.2908,2.88958,2.88958,2.27518,3.48587,2.74963,2.43233,1.92032
2021-04-13,5.85272,10.2795,6.79007,11.4337,7.40597,5.11238,8.28385,8.26442,5.01769,9.36329,8.40359,5.32613,12.0263,10.084,7.10525,14.6944,5.52094,4.5108,5.2179,2.13374,2.13374,2.73337,2.73337,1.82865,3.48587,2.65752,2.02802,1.8627
2021-04-14,-0.621994,10.2795,6.79007,11.4337,8.4042,5.80709,9.39826,9.37626,5.69987,10.6182,11.1501,7.06684,15.9568,12.7197,8.96236,18.5351,8.52852,7.00976,8.07289,2.25583,2.25583,3.0797,3.0797,2.96255,3.48587,3.02735,2.69083,2.34955
2021-04-15,0.323223,10.2795,6.79007,11.4337,8.1128,5.60429,9.07294,9.05169,5.50072,10.2491,10.5463,6.68417,15.0928,11.3193,7.97559,16.4944,7.67279,6.25582,7.2477,2.24387,2.24387,2.79997,2.79997,2.59063,3.48587,2.91939,2.54512,2.09086
2021-04-16,-2.78866,10.2795,6.79007,11.4337,7.81761,5.39885,8.74339,8.7229,5.29899,9.87549,5.70269,3.61432,8.16108,8.14614,5.7398,11.8705,6.69177,5.39278,6.30208,2.3678,2.3678,2.72629,2.72629,2.0654,3.48587,2.8099,1.37622,1.50473
2021-04-17,-1.45429,10.2795,6.79007,11.4337,7.86949,5.43496,8.80131,8.78069,5.33445,9.93815,5.53016,3.50498,7.91418,8.11485,5.71775,11.8249,6.41711,5.16363,6.04107,2.42932,2.42932,3.05031,3.05031,1.95598,3.48587,2.82572,1.33458,1.49895
2021-04-18,-7.64724,10.2795,6.79007,11.4337,7.68564,5.30701,8.59606,8.57591,5.20881,9.7039,6.94251,4.40011,9.93537,8.13325,5.73072,11.8517,8.2846,6.73176,7.81875,2.37675,2.37675,3.04667,3.04667,2.71359,3.48587,2.74852,1.67542,1.50235
2021-04-19,-0.878898,10.2795,6.85984,11.4654,9.55018,6.60461,10.6776,10.6527,6.73724,12.1605,11.5867,7.62517,16.387,11.7699,8.75735,17.2435,9.9329,8.03524,9.3636,3.21276,3.21276,3.99461,3.99461,3.15384,3.53567,3.45193,2.73073,2.1741
2021-04-20,1.33475,10.2795,6.85984,11.4654,9.21983,6.39445,10.2874,10.3176,6.50655,11.7699,10.6307,6.99604,15.035,10.9545,8.15069,16.0489,8.80982,7.16473,8.31629,3.02203,3.02203,3.21206,3.21206,2.88378,3.53567,3.33205,2.50543,2.02349
2021-04-21,-4.65198,10.2795,6.85984,11.4654,8.90893,6.17761,9.94095,9.97019,6.28598,11.3728,11.132,7.32588,15.7439,11.1574,8.30164,16.3461,8.84598,7.17801,8.34559,2.96467,2.96467,3.09003,3.09003,2.82125,3.53567,3.21715,2.62355,2.06096
2021-04-22,-4.05819,10.2795,6.85984,11.4654,9.338,6.47688,10.4191,10.4497,6.5904,11.9171,11.5547,7.60409,16.3417,12.0522,8.96742,17.6571,10.7876,8.76873,10.182,3.14477,3.14477,3.41323,3.41323,3.55297,3.58538,3.4243,2.72318,2.22625
2021-04-23,-1.30013,10.2795,6.85984,11.4654,9.54397,6.62054,10.6486,10.6799,6.73653,12.176,7.95584,5.2357,11.2519,8.9581,6.66526,13.1241,9.35856,7.59758,8.83026,3.05354,3.05354,4.03929,4.03929,3.04449,3.62478,3.5019,1.87501,1.65472
2021-04-24,-2.06204,10.2795,6.85984,11.4654,9.23186,6.40284,10.3008,10.3311,6.51509,11.7722,6.88356,4.53004,9.73539,7.97089,5.93073,11.6778,7.69802,6.2296,7.25749,2.84968,2.84968,3.56683,3.56683,2.44193,3.62478,3.38493,1.6223,1.47236
2021-04-25,-2.11328,10.2795,6.85984,11.4654,9.03155,6.26313,10.0776,10.1072,6.37297,11.5107,8.09078,5.3245,11.4427,8.92318,6.63927,13.0729,8.7614,7.14373,8.2761,2.80801,2.80801,3.92551,3.92551,2.94171,3.62478,3.30986,1.90682,1.64827
2021-04-26,9.74797,10.2795,6.85984,11.4654,8.85326,6.13878,9.87892,9.90797,6.24648,11.2772,11.4726,7.55005,16.2256,10.7331,7.98591,15.7245,9.27668,7.49216,8.74133,2.76252,2.76252,3.79243,3.79243,2.93829,3.62478,3.24305,2.70383,1.98258
2021-04-27,1.85483,10.2795,6.85984,11.4654,11.3537,7.88284,12.6652,12.7024,8.02055,14.4636,13.9654,9.19059,19.7512,14.1659,10.5401,20.7538,10.7479,8.7755,10.1562,3.41126,3.41126,3.63188,3.63188,3.62105,3.58538,4.12524,3.29134,2.61669
2021-04-28,-0.379424,10.2795,6.85984,11.4654,10.9643,7.61122,12.2313,12.2672,7.74426,13.9618,13.4903,8.87788,19.0792,12.649,9.41143,18.5314,9.87104,8.06398,9.32892,2.97758,2.97758,3.21196,3.21196,3.31191,3.58538,3.97681,3.17935,2.33648
2021-04-29,-2.34297,10.2795,6.85984,11.4654,10.5182,7.30004,11.7341,11.7686,7.42772,13.385,11.7219,7.71415,16.5783,11.1344,8.28451,16.3124,8.20648,6.72333,7.76153,2.90684,2.90684,3.00027,3.00027,2.79359,3.58538,3.81192,2.7626,2.05671
2021-04-30,7.54152,10.2795,6.85984,11.4654,10.2695,7.12659,11.457,11.4907,7.25129,13.0615,8.84036,5.8178,12.5029,8.54594,6.35859,12.5202,8.3949,6.82936,7.92524,3.03912,3.03912,3.21332,3.21332,2.75926,3.58538,3.72,2.08348,1.57858
2021-05-01,0.134754,10.2795,6.85984,11.4654,11.4298,7.93591,12.75,12.7874,8.07454,14.5548,8.9093,5.86316,12.6004,8.33357,6.20058,12.2091,9.34809,7.61602,8.82847,3.26545,3.26545,3.16483,3.16483,3.10546,3.53567,4.1399,2.09972,1.53936
2021-05-02,-2.09161,10.2795,6.85984,11.4654,10.9525,7.60298,12.2181,12.254,7.73587,13.9337,9.35392,6.15577,13.2292,9.00091,6.69711,13.1868,9.00598,7.36077,8.51242,3.29526,3.29526,3.17598,3.17598,3.0265,3.53567,3.96385,2.20451,1.66262
2021-05-03,1.00011,10.2795,6.85984,11.4654,10.6407,7.38553,11.8707,11.9056,7.46955,13.5288,12.0855,7.95343,17.0925,11.7785,8.76378,17.2561,10.3448,8.43505,9.77186,3.00862,3.00862,3.10779,3.10779,3.40929,3.53567,3.84886,2.84829,2.1757
2021-05-04,-6.99936,10.2795,6.85984,11.4654,10.2273,7.09713,11.41,11.4435,7.10314,13.0035,12.0116,7.9048,16.988,10.8638,8.08322,15.9161,11.1509,9.08178,10.5301,2.96433,2.96433,3.0681,3.0681,3.67394,3.53567,3.69636,2.83087,2.00674
2021-05-05,7.38971,10.2795,7.00208,11.4654,11.277,7.82931,12.5797,12.6166,7.7277,14.3468,13.5492,8.91669,19.1626,13.4289,9.99176,19.674,12.9605,10.423,12.1992,3.18657,3.18657,4.02855,4.02855,3.94263,3.53567,4.09238,3.19325,2.48055
2021-05-06,-1.80551,10.2795,7.00208,11.4654,12.2083,8.47889,13.6175,13.6574,8.36897,15.5301,15.0537,9.90678,21.2904,14.4469,10.7492,21.1654,12.2414,9.95476,11.5554,3.36936,3.36936,3.35733,3.35733,4.00649,3.53567,4.43659,3.54783,2.66859
2021-05-07,1.68771,10.2795,7.00208,11.4654,11.7876,8.18546,13.1487,13.1872,8.0793,15.0073,10.7273,7.0596,15.1716,10.0238,7.45817,14.6853,11.1977,9.06525,10.558,3.15112,3.15112,3.66942,3.66942,3.50478,3.48587,4.27186,2.52819,1.85156
2021-05-08,2.49216,10.2795,7.00208,11.4654,11.3582,7.88593,12.6702,12.7073,7.78359,14.4571,8.53343,5.61581,12.0688,8.54262,6.35613,12.5154,10.7919,8.73534,10.1749,2.86572,2.86572,3.33485,3.33485,3.37144,3.48587,4.11347,2.01114,1.57797
2021-05-09,-0.976561,10.2795,7.00208,11.4654,11.041,7.66471,12.3167,12.3529,7.5652,14.048,10.2695,6.75834,14.5242,10.8861,8.09976,15.9486,10.947,8.93304,10.3428,2.60516,2.60516,3.32083,3.32083,3.59614,3.48587,3.99649,2.4203,2.01085
2021-05-10,-4.15955,10.2795,7.00208,11.4654,10.6455,7.38486,11.8768,11.8371,7.26884,13.4575,12.4865,8.21731,17.6596,12.7286,9.4707,18.648,10.2848,8.39641,9.7183,2.79577,2.79577,3.19845,3.19845,3.3797,3.48587,3.82249,2.94279,2.35119
2021-05-11,1.50099,10.2795,7.00208,11.4654,10.7496,7.45748,11.9928,11.9527,7.34033,13.5835,13.8073,9.08653,19.5276,13.1631,9.794,19.2846,10.7041,8.75483,10.1193,3.14492,3.14492,3.76639,3.76639,3.5901,3.53567,3.86071,3.25407,2.43146
2021-05-12,-14.2967,10.2795,7.00208,11.4654,10.3578,7.18419,11.5563,11.5177,7.07126,13.0843,14.5694,9.58806,20.6054,13.3272,9.91606,19.525,12.8265,10.3552,12.0851,2.90465,2.90465,3.44512,3.44512,3.97111,3.53567,3.71687,3.43368,2.46176
2021-05-13,1.1443,10.459,7.1112,11.753,15.1041,10.495,16.8446,17.6987,10.6809,19.4571,17.1614,11.361,24.4911,17.7269,12.3974,24.4153,17.0681,13.8673,16.1078,4.61045,4.61045,5.50044,5.50044,5.45518,3.58538,5.48409,4.04456,3.05143
2021-05-14,0.330015,10.459,7.1112,11.753,14.4536,10.0412,16.1198,16.9374,10.2192,18.6216,11.7922,7.80647,16.8286,11.1473,7.79589,15.3531,10.5894,8.62243,9.9993,3.58257,3.58257,4.1357,4.1357,3.42743,3.58538,5.24422,2.77915,1.91885
2021-05-15,-6.45987,10.459,7.1112,11.753,13.8149,9.59568,15.4082,16.19,9.7659,17.7948,9.49824,6.28789,13.5549,8.39205,5.86901,11.5584,11.8291,9.70355,11.1914,3.43815,3.43815,3.71809,3.71809,3.96398,3.58538,5.00869,2.23852,1.44457
2021-05-16,-0.652524,10.459,7.1112,11.753,14.1957,9.86129,15.8324,16.6356,10.0361,18.2723,13.0034,8.84892,18.5572,11.1448,8.072,15.37,12.5057,10.1592,11.8018,3.95384,3.95384,4.6627,4.6627,4.0144,3.62478,5.25392,3.06462,1.91841
2021-05-17,-6.4884,10.459,7.1112,11.753,13.5834,9.43419,15.1502,15.9152,9.60159,17.4836,14.1804,9.64985,20.2369,13.4436,9.73699,18.5404,11.1704,9.15408,10.5655,3.55428,3.55428,4.46477,4.46477,3.75273,3.62478,5.02367,3.342,2.31412
2021-05-18,-1.4532,10.459,7.1112,11.753,13.9997,9.72461,15.6141,16.2435,9.89708,18.0115,15.8071,10.7568,22.5584,15.8515,11.4811,21.8613,11.57,9.58638,10.9749,4.05758,4.05758,4.63079,4.63079,4.13749,3.65131,5.18546,3.72539,2.72862
2021-05-19,-14.8107,10.459,7.1112,11.753,13.4417,9.33537,14.9924,15.346,9.50104,17.2844,15.546,10.5792,22.1858,13.6934,9.91796,18.885,13.2492,10.8319,12.524,3.37596,3.37596,4.73692,4.73692,4.38902,3.65131,4.97541,3.66385,2.35713
2021-05-20,9.7275,10.5106,7.23204,12.0562,17.4463,12.1288,19.4543,19.5517,12.4447,22.6781,18.2781,12.737,26.2724,17.9495,12.7314,24.2335,17.6714,14.4489,16.7046,5.15927,5.15927,7.06168,7.06168,5.82447,3.65739,6.50649,4.30773,2.99426
2021-05-21,-8.91398,10.5106,7.23204,12.0562,18.2984,12.7232,20.4037,20.3359,13.0544,23.7719,14.7362,10.2689,21.1815,15.551,11.0301,20.9952,20.4647,16.7435,19.3484,4.66312,4.66312,4.76454,4.76454,6.66597,3.65739,6.82841,3.473,2.59413
2021-05-22,0.619821,10.5106,7.27168,12.1222,18.8727,13.1238,21.0436,20.9737,13.4654,24.4911,16.374,11.4102,23.5356,15.1315,10.7326,20.4288,18.1272,15.0187,17.1947,4.71585,4.71585,6.03691,6.03691,6.44782,3.67833,7.07555,3.85899,2.52416
2021-05-23,-7.65456,10.5106,7.27168,12.1222,18.0169,12.5268,20.0901,20.0232,12.853,23.3601,16.2971,11.3565,23.425,12.7063,9.01248,17.1547,18.0547,14.8313,17.0877,4.39303,4.39303,5.19836,5.19836,6.06641,3.67833,6.75087,3.84085,2.11961
2021-05-24,10.7222,10.5106,7.55378,12.1263,18.2665,12.7009,20.3682,20.3004,13.0316,23.6686,20.4763,14.2688,29.4321,22.4729,15.9398,30.3404,17.4276,14.6337,16.5894,4.93158,4.93158,5.7502,5.7502,6.63258,3.6934,6.87383,4.82581,3.74882
2021-05-25,-0.78787,10.5106,7.55378,12.1263,19.338,13.4483,21.562,21.4903,13.7983,25.042,25.1183,17.5036,36.1044,26.1497,18.5477,35.3044,21.2119,17.552,20.1139,4.81191,4.81191,5.13359,5.13359,7.37158,3.6934,7.28195,5.91983,4.36216
2021-05-26,2.29615,10.5106,7.55378,12.1263,18.4696,12.8426,20.5945,20.526,13.1769,23.8928,23.1642,16.1419,33.2956,19.3225,13.7053,26.0871,17.7263,14.8769,16.8715,4.43022,4.43022,5.13283,5.13283,6.71096,3.6934,6.95118,5.45928,3.22329
2021-05-27,-2.20571,10.5106,7.55378,12.1263,17.7119,12.3141,19.7503,19.6846,12.6348,22.8898,19.1576,13.3499,27.5367,17.9621,12.7403,24.2504,15.9334,13.2845,15.1387,4.3353,4.3353,4.65809,4.65809,5.83554,3.6934,6.66259,4.51503,2.99635
2021-05-28,-7.39361,10.5106,7.55378,12.1263,17.0101,11.8245,18.9683,18.9052,12.1326,21.9593,12.4723,8.69126,17.9273,12.5676,8.91404,16.9673,17.0481,14.1364,16.1745,4.22876,4.22876,4.63733,4.63733,6.08766,3.6934,6.36767,2.93944,2.09646
2021-05-29,-3.07657,10.5106,7.55378,12.1263,17.2962,12.0241,19.287,19.2229,12.3373,22.3085,13.7782,9.60126,19.8044,11.9899,8.50429,16.1874,16.6878,14.0195,15.8873,4.38345,4.38345,5.6656,5.6656,6.50313,3.7425,6.47746,3.2472,2.00009
2021-05-30,3.02199,10.5106,7.55378,12.1263,16.7084,11.6146,18.639,18.6133,11.9124,21.5191,15.4826,10.789,22.2543,14.4449,10.2457,19.502,14.6847,12.4004,13.9994,4.49452,4.49452,5.53417,5.53417,5.7834,3.7425,6.24448,3.6489,2.40964
2021-05-31,4.53359,10.5106,7.55378,12.1263,16.1117,11.1986,17.9737,17.949,11.4859,20.7264,18.4866,12.8823,26.5721,18.4537,13.0891,24.9142,14.3013,12.0541,13.6271,4.13215,4.13215,4.87308,4.87308,5.57921,3.7425,6.01903,4.35688,3.07836
2021-06-01,-1.75078,10.5106,7.55378,12.1263,15.7756,10.9643,17.5991,17.5748,11.2456,20.2727,19.1235,13.3261,27.4876,17.9993,12.7667,24.3007,16.192,13.4576,15.3717,4.34929,4.34929,4.29756,4.29756,5.82991,3.7425,5.89206,4.50697,3.00256
2021-06-02,2.39778,10.5106,7.39755,12.1067,15.1311,10.515,16.8806,16.8574,10.7066,19.413,18.3451,12.484,26.163,17.4767,12.2669,23.5212,13.7501,11.4804,13.0692,4.23952,4.23952,4.69851,4.69851,5.10818,3.6934,5.65669,4.32354,2.91538
2021-06-03,4.25566,10.5106,7.39755,12.1067,14.5612,10.1178,16.2453,16.223,10.3022,18.684,17.4915,11.903,24.9455,16.2933,11.4363,21.9285,13.6408,11.3541,12.9548,4.31513,4.31513,4.4155,4.4155,4.96038,3.67833,5.43327,4.12235,2.71797
2021-06-04,-6.08404,10.5106,7.39755,12.1067,14.2923,9.9303,15.9455,15.9236,10.1113,18.3356,13.0834,8.9033,18.6589,14.134,9.92062,19.0223,14.2828,11.8002,13.538,4.06749,4.06749,4.55633,4.55633,4.97556,3.67833,5.33167,3.08345,2.35776
2021-06-05,-3.70647,10.5106,7.39755,12.1067,14.5135,10.0845,16.1921,16.1698,10.2683,18.6195,13.5591,9.22705,19.3374,12.5952,8.84054,16.9513,15.2817,12.6952,14.5058,4.24198,4.24198,4.94991,4.94991,5.52585,3.67833,5.41523,3.19558,2.10107
2021-06-06,0.869352,10.5106,7.39755,12.1067,14.1896,9.85872,15.831,15.8092,10.0384,18.2001,16.0342,10.9113,22.8672,14.0167,9.83829,18.8644,15.4883,12.861,14.7001,4.63521,4.63521,5.33897,5.33897,5.55683,3.68991,5.29287,3.7789,2.33819
2021-06-07,-6.63328,10.5106,7.39755,12.1067,13.5673,9.42489,15.1373,15.1164,9.59678,17.3982,17.2203,11.7185,24.5588,16.4049,11.5146,22.0786,14.0822,11.739,13.3792,4.18855,4.18855,4.6844,4.6844,5.22651,3.68991,5.05776,4.05844,2.73659
2021-06-08,-0.262783,10.5106,7.39755,12.1067,14.0297,9.74723,15.6528,15.6312,9.92493,17.9842,17.7347,12.0685,25.2924,18.2561,12.8139,24.57,16.1212,13.5043,15.3361,5.00083,5.00083,5.51495,5.51495,6.12007,3.70995,5.23999,4.17967,3.04539
2021-06-09,10.9474,10.5106,7.39755,12.1067,13.4054,9.31204,14.9568,14.9362,9.4819,17.1794,17.4025,11.8425,24.8186,15.1128,10.6076,20.3396,14.915,12.515,14.195,4.46864,4.46864,5.23848,5.23848,5.79742,3.70995,5.00381,4.10137,2.52104
2021-06-10,-1.73547,10.5106,7.39755,12.1067,15.4426,10.7322,17.2279,17.2041,10.9277,19.7808,19.9635,13.5853,28.471,19.9034,13.9701,26.787,15.7446,13.1789,14.9749,4.72044,4.72044,5.66649,5.66649,5.98458,3.70995,5.77455,4.70494,3.32018
2021-06-11,1.70676,10.5106,7.39755,12.1067,14.8154,10.295,16.5287,16.5059,10.4826,18.9711,14.364,9.77479,20.4853,14.5599,10.2196,19.5955,13.8021,11.5883,13.138,4.6215,4.6215,5.45711,5.45711,5.31514,3.70995,5.53726,3.38528,2.42881
2021-06-12,-4.89042,10.5106,7.39755,12.1067,14.2044,9.86902,15.8475,15.8257,10.0489,18.1821,11.9682,8.14445,17.0685,9.80547,6.88245,13.1967,13.7069,11.4982,13.0443,4.22202,4.22202,5.1677,5.1677,5.2564,3.70995,5.30609,2.82064,1.6357
2021-06-13,9.50568,10.5106,7.39755,12.1067,14.139,9.82342,15.7746,15.7529,10.0025,18.0902,14.1356,9.61933,20.1595,13.393,9.40055,18.0251,15.6423,13.1398,14.8915,4.54655,4.54655,5.73613,5.73613,6.11527,3.7425,5.27374,3.33144,2.23416
2021-06-14,2.82588,10.5106,7.39755,12.1067,15.4375,10.7287,17.2222,17.1985,10.9241,19.7489,20.7744,14.1371,29.6274,18.8886,13.2579,25.4214,15.6451,13.2974,14.9408,4.86643,4.86643,5.23953,5.23953,6.56835,3.7425,5.76434,4.89605,3.15091
2021-06-15,0.465841,10.5106,7.39755,12.1067,14.8954,10.3507,16.6179,16.595,10.5393,19.0474,18.2746,12.436,26.0624,16.8213,11.8068,22.639,15.1117,12.8666,14.4382,4.40954,4.40954,5.09585,5.09585,6.16194,3.7425,5.55953,4.30692,2.80604
2021-06-16,-5.2307,10.5106,7.39755,12.1067,14.2261,9.88418,15.8718,15.8499,10.0644,18.1825,18.3078,12.4586,26.1097,16.2101,11.3779,21.8165,14.5381,12.3318,13.8762,4.49031,4.49031,4.68656,4.68656,5.84301,3.7425,5.30667,4.31474,2.70409
2021-06-17,-0.768477,10.5106,7.39755,12.1067,14.2372,9.89191,15.8841,15.8622,10.0722,18.1878,18.5049,12.5927,26.3908,17.1567,12.0423,23.0905,15.3541,13.0028,14.6487,4.82112,4.82112,5.03735,5.03735,6.24403,3.76859,5.31086,4.36119,2.862
2021-06-18,-6.14016,10.5106,7.39755,12.1067,13.6169,9.45947,15.1926,15.1716,9.63198,17.3935,12.9518,8.81376,18.4712,13.141,9.22366,17.6859,13.3407,11.3081,12.7309,4.79632,4.79632,4.96772,4.96772,5.44164,3.76859,5.0765,3.05245,2.19212
2021-06-19,-0.480023,10.5106,7.39755,12.1067,14.0152,9.77878,15.5842,15.5367,9.76474,17.9286,13.5203,9.20064,19.282,13.1449,9.22636,17.6911,13.4046,11.4283,12.8117,5.00226,5.00226,5.17333,5.17333,5.67072,3.91709,5.20588,3.18643,2.19276
2021-06-20,0.231166,10.5106,7.39755,12.1067,13.4433,9.37851,14.9487,14.9031,9.36503,17.1846,13.48,9.17323,19.2246,13.642,9.57528,18.3601,15.5827,13.0096,14.8108,4.68058,4.68058,5.32307,5.32307,5.83305,3.91709,4.99088,3.17694,2.27569
2021-06-21,-11.9522,10.5106,7.39755,12.1067,12.8915,8.99234,14.3357,14.2919,8.97941,16.4702,14.2471,9.6952,20.3185,13.9222,9.772,18.7373,14.951,12.5057,14.2174,4.40895,4.40895,4.82745,4.82745,5.70312,3.91709,4.78346,3.35771,2.32244
2021-06-22,2.5833,10.8079,7.55378,12.2827,15.4389,10.7752,17.1662,17.1139,10.9496,19.8424,16.6979,11.6359,23.9094,18.1665,12.8853,24.5586,18.0579,15.1015,17.171,5.76104,5.76104,6.19824,6.19824,6.70305,3.98227,5.79245,3.93533,3.03045
2021-06-23,3.67667,10.8079,7.55378,12.2827,14.9147,10.4083,16.5837,16.5332,10.5768,19.1529,18.3181,12.7649,26.2293,17.1317,12.1513,23.1596,15.569,13.1072,14.8305,5.04399,5.04399,4.89073,4.89073,6.16522,3.98227,5.59367,4.31717,2.85782
2021-06-24,2.74756,10.8079,7.55378,12.2827,14.5539,10.1558,16.1828,16.1334,10.3202,18.6814,16.678,11.622,23.8809,17.1684,12.1774,23.2093,15.2313,12.8082,14.5044,5.02618,5.02618,4.74216,4.74216,5.93411,3.98227,5.45681,3.93063,2.86395
2021-06-25,-9.13046,10.8079,7.55378,12.2827,14.0961,9.83538,15.6741,15.6263,9.99467,18.0773,12.7327,8.87274,18.2317,14.0344,9.95449,18.9726,13.6172,11.3936,12.9501,4.8261,4.8261,4.42638,4.42638,5.20527,3.98227,5.28321,3.00082,2.34116
2021-06-26,1.71882,10.8079,7.64742,12.342,15.2557,10.647,16.9626,16.9109,10.815,19.5419,13.633,9.78229,19.5208,12.9166,9.16164,17.4615,14.4414,12.1432,13.7519,5.2837,5.2837,5.65718,5.65718,5.65821,3.99212,5.75654,3.21299,2.15469
2021-06-27,7.37473,10.8079,7.64742,12.342,14.6706,10.2375,16.3125,16.2627,10.3184,18.7772,14.1611,10.1612,20.2769,14.1607,10.044,19.1433,13.883,11.6947,13.2265,5.35647,5.35647,4.95304,4.95304,5.42131,3.99212,5.53338,3.33745,2.36222
2021-06-28,-0.623328,10.8079,7.64742,12.342,15.1271,10.5569,16.8196,16.7684,10.5418,19.3539,20.1949,14.4908,28.9166,18.6157,13.2039,25.1658,14.1571,11.9948,13.5084,5.55579,5.55579,5.02369,5.02369,5.77221,3.99212,5.70748,4.75948,3.10538
2021-06-29,4.07852,10.8079,7.64742,12.342,14.506,10.1223,16.1296,16.0804,10.1078,18.5538,18.6672,13.3946,26.7292,16.3335,11.5852,22.0806,15.3333,12.8663,14.5932,5.41948,5.41948,4.73225,4.73225,5.9424,3.99212,5.4706,4.39945,2.72467
2021-06-30,-2.33252,10.8079,7.64742,12.342,14.2344,9.93215,15.8277,15.7795,9.91789,18.1999,20.092,14.4169,28.7693,17.5154,12.4235,23.6784,14.0769,12.0122,13.4575,5.38614,5.38614,4.80819,4.80819,6.05568,3.99212,5.36698,4.73524,2.92184
2021-07-01,-4.28183,10.8079,7.64742,12.342,13.7717,9.60835,15.3137,15.2669,9.59455,17.6021,17.8394,12.8006,25.5439,16.5654,11.7497,22.3942,14.9264,12.5914,14.2259,5.13544,5.13544,4.6249,4.6249,5.91802,3.99212,5.19052,4.20435,2.76337
2021-07-02,0.963206,10.8079,7.64742,12.342,13.6249,9.50562,15.1506,15.1043,9.49196,17.4067,14.3923,10.3272,20.6081,14.7295,10.4475,19.9123,14.1154,11.9658,13.4705,5.44146,5.44146,5.00415,5.00415,5.75088,4.00672,5.13453,3.39195,2.45711
2021-07-03,2.25049,10.8079,7.64742,12.342,13.0809,9.12484,14.546,14.5016,9.11173,16.7045,12.2617,8.79836,17.5573,12.257,8.69375,16.5697,13.8699,11.7351,13.2295,5.47728,5.47728,4.29586,4.29586,5.66855,4.00672,4.92701,2.88982,2.04465
2021-07-04,1.77038,10.8079,7.64742,12.342,12.6538,8.82594,14.0715,14.0285,8.81325,16.1512,12.9785,9.31263,18.5835,12.923,9.16619,17.4702,12.7225,10.7264,12.1237,5.54542,5.54542,4.61159,4.61159,5.07388,4.00672,4.76412,3.05873,2.15576
2021-07-05,-4.46748,10.8079,7.64742,12.342,12.2067,8.51301,13.5747,13.5332,8.50076,15.5725,15.5184,11.1352,22.2204,15.1987,10.7803,20.5465,12.7479,10.7427,12.1464,5.1598,5.1598,4.38317,4.38317,5.05276,4.00672,4.59357,3.65734,2.53537
2021-07-06,1.43922,10.8079,7.64742,12.342,12.2259,8.52648,13.596,13.5545,8.51422,15.587,16.372,11.7476,23.4426,15.056,10.6791,20.3536,15.7741,13.1793,14.9956,5.10828,5.10828,4.39484,4.39484,5.90424,4.02032,4.60092,3.85851,2.51157
2021-07-07,-1.11578,10.8079,7.64742,12.342,11.7769,8.21221,13.0971,13.0571,8.20039,15.006,16.5531,11.8776,23.702,15.4087,10.9293,20.8304,14.2546,11.852,13.5338,4.89339,4.89339,3.95709,3.95709,5.26611,4.02032,4.42964,3.90119,2.57041
2021-07-08,-2.93117,10.8079,7.64742,12.342,11.3432,7.90868,12.6152,12.5767,7.89729,14.4646,13.6707,9.69993,19.6413,13.4536,9.44307,18.168,14.5663,11.9674,13.7867,4.66282,4.66282,4.36654,4.36654,5.07409,4.00672,4.23922,3.28274,2.24427
2021-07-09,2.76173,10.8079,7.64742,12.342,11.0268,7.64081,12.3174,12.0181,7.63264,13.6852,10.9174,7.74632,15.6855,11.9115,8.36068,16.0855,12.2695,10.2355,11.6593,4.75533,4.75533,4.23845,4.23845,4.60933,4.00672,4.06568,2.62158,1.98702
2021-07-10,-0.824414,10.8079,7.64742,12.342,10.7736,7.46447,12.0349,11.7424,7.45648,13.364,9.90108,7.02521,14.2253,10.231,7.18113,13.8161,10.7067,8.85941,10.1525,4.68647,4.68647,4.34363,4.34363,3.77644,4.00672,3.9704,2.37754,1.70669
2021-07-11,2.12422,10.8079,7.64742,12.342,10.3546,7.17262,11.5674,11.2861,7.16493,12.8374,10.2362,7.263,14.7068,10.2572,7.19955,13.8516,11.7309,9.73033,11.1307,4.5982,4.5982,4.12941,4.12941,4.25866,4.00672,3.79677,2.45801,1.71106
2021-07-12,-3.21809,10.8079,7.64742,12.342,10.059,6.96676,11.2376,10.9642,6.95929,12.4769,12.2299,8.67759,17.5712,12.6789,8.8993,17.1218,11.6966,9.76384,11.1168,4.30863,4.30863,4.05601,4.05601,4.37885,4.00672,3.70171,2.93675,2.11503
2021-07-13,-1.37821,10.8079,7.64742,12.342,10.0169,6.93747,11.1907,10.9184,6.93004,12.4155,13.0029,9.22609,18.6818,12.6521,8.88046,17.0856,11.7459,9.77828,11.1556,4.51037,4.51037,3.81631,3.81631,4.35715,4.00672,3.67036,3.12238,2.11055
2021-07-14,0.367262,10.8079,7.64742,12.342,9.68835,6.70863,10.8241,10.5606,6.70144,12.0001,13.5642,9.62437,19.4883,12.734,8.938,17.1963,11.0139,9.20942,10.4725,4.26297,4.26297,4.07341,4.07341,4.22012,4.00672,3.54735,3.25717,2.12423
2021-07-15,-3.22495,10.8079,7.64742,12.342,9.30574,6.44217,10.3972,10.144,6.43525,11.5184,12.7497,9.04639,18.318,11.3325,7.95426,15.3036,10.997,9.12853,10.4365,4.10318,4.10318,4.00552,4.00552,4.08635,4.00672,3.4041,3.06156,1.89043
2021-07-16,-1.13666,10.8079,7.64742,12.342,9.33672,6.46374,10.4317,10.1778,6.45681,11.5458,9.08789,6.44822,13.057,10.6162,7.45149,14.3363,10.5049,8.82622,10.0013,3.8889,3.8889,3.91642,3.91642,4.19985,4.00672,3.4157,2.18227,1.77094
2021-07-17,0.354316,10.8079,7.64742,12.342,9.0296,6.24985,10.0891,9.84335,6.24314,11.1558,7.56248,5.36588,10.8653,8.66261,6.08028,11.6981,9.12682,7.5714,8.66019,3.97471,3.97471,4.29208,4.29208,3.32955,4.00672,3.30072,1.81597,1.44506
2021-07-18,0.832922,10.8079,7.64742,12.342,8.68594,6.01051,9.70567,9.46915,6.00405,10.7209,7.67023,5.44233,11.0201,8.74294,6.13666,11.8066,9.08459,7.5319,8.61879,3.73093,3.73093,3.96855,3.96855,3.31185,4.00672,3.17206,1.84184,1.45845
2021-07-19,-3.12725,10.8079,7.64742,12.342,8.38012,5.79753,9.36447,9.13615,5.79129,10.3326,9.13719,6.4832,13.1278,10.3119,7.23793,13.9254,8.9332,7.31911,8.44898,3.8497,3.8497,4.08246,4.08246,3.06174,4.00672,3.05756,2.1941,1.72019
2021-07-20,-3.33385,10.8079,7.64742,12.342,8.48249,5.86882,9.47868,9.24762,5.86251,10.4457,9.54206,6.77047,13.7095,11.6226,8.15786,15.6953,9.73422,8.04756,9.22822,4.1501,4.1501,3.96247,3.96247,3.54513,4.00672,3.10793,2.29133,1.93882
2021-07-21,7.44342,10.8079,7.64742,12.342,8.62558,5.96847,9.63833,9.40343,5.96206,10.6075,12.0817,8.57244,17.3583,11.8224,8.29814,15.9652,10.3688,8.63739,9.84936,4.26672,4.26672,4.16333,4.16333,3.94187,4.00672,3.17735,2.90116,1.97216
2021-07-22,0.628382,10.8079,7.64742,12.342,10.1577,7.03553,11.3478,11.0717,7.028,12.4691,14.6208,10.3741,21.0064,14.3867,10.098,19.428,14.2525,11.7629,13.5056,4.39912,4.39912,4.36944,4.36944,5.06642,4.00672,3.75314,3.51088,2.39992
2021-07-23,3.85039,10.8079,7.64742,12.342,9.75409,6.75442,10.8974,10.6322,6.74717,11.9574,8.81804,6.25675,12.6693,10.8408,7.60917,14.6397,12.0085,9.89575,11.3747,4.16525,4.16525,3.86085,3.86085,4.25249,4.00672,3.59804,2.11747,1.80842
2021-07-24,2.09483,10.8079,7.64742,12.342,9.82752,6.80556,10.9793,10.7122,6.79826,12.0287,8.09594,5.7444,11.6318,9.99955,7.01867,13.5036,7.83441,6.33157,7.38356,4.29943,4.29943,3.96137,3.96137,2.36507,4.00672,3.62257,1.94407,1.66808
2021-07-25,3.03786,10.8079,7.64742,12.342,9.56507,6.62277,10.6865,10.4264,6.61567,11.6894,10.6109,7.52887,15.2452,11.625,8.15957,15.6986,8.89092,7.31946,8.41948,4.05245,4.05245,3.81655,3.81655,3.07459,4.00672,3.52034,2.54799,1.93922
2021-07-26,5.46954,10.8079,7.64742,12.342,9.47784,6.56202,10.5892,10.3314,6.55498,11.5726,14.0246,9.84408,19.7965,13.8128,9.36142,18.5681,10.5054,8.63448,9.94413,3.87298,3.87298,3.43087,3.43087,3.56161,4.00672,3.48588,3.40927,2.30418
2021-07-27,5.39429,10.8079,7.64742,12.342,10.0581,6.96611,11.2365,10.9632,6.95865,12.2569,13.4482,9.43953,18.983,14.5043,9.83011,19.4977,10.9118,9.03461,10.3486,3.87188,3.87188,3.19123,3.19123,3.92338,4.00672,3.70416,3.26917,2.41954
2021-07-28,1.48351,10.8079,7.64742,12.342,10.5315,7.29586,11.7648,11.4788,7.28805,12.8084,15.7285,11.0401,22.2017,16.0687,10.8904,21.6007,11.9547,9.92687,11.3463,3.79628,3.79628,3.20069,3.20069,4.38308,4.00672,3.88228,3.82348,2.68051
2021-07-29,0.0312843,10.8079,7.64742,12.342,10.3785,7.15241,11.6359,11.1431,6.94094,12.2063,14.771,10.368,20.8502,15.2471,10.3335,20.4963,9.76712,8.07149,9.25843,3.74124,3.74124,3.07981,3.07981,3.51642,4.00672,3.75199,3.59073,2.54345
2021-07-30,5.41723,10.8079,7.64742,12.342,9.9752,6.87264,11.1845,10.7106,6.66927,11.7128,9.66384,6.78321,13.6411,11.1963,7.58817,15.0509,9.43378,7.77445,8.93598,3.40378,3.40378,2.89154,2.89154,3.31197,4.00672,3.59816,2.34921,1.86772
2021-07-31,-1.45326,10.8079,7.64742,12.342,10.4869,7.22759,11.7572,11.2594,7.01395,12.2901,10.3028,7.23167,14.5429,11.0431,7.48433,14.8449,10.7007,8.84823,10.1449,3.66218,3.66218,3.21384,3.21384,3.86232,4.00672,3.78773,2.50453,1.84216
2021-08-01,-4.0478,10.8079,7.64742,12.342,10.159,7.00015,11.3902,10.9077,6.79309,11.8842,11.4756,8.0549,16.1985,11.6472,7.89374,15.657,9.4085,7.80584,8.9277,3.73106,3.73106,3.24541,3.24541,3.47335,4.00672,3.66626,2.78963,1.94293
2021-08-02,-1.95253,10.8079,7.64742,12.342,10.3362,7.12309,11.5886,11.0978,6.91247,12.0676,15.9597,11.2024,22.5281,14.7309,9.98369,19.8023,10.786,9.03222,10.2598,3.92486,3.92486,3.52899,3.52899,4.16955,4.01928,3.74503,3.8797,2.45734
2021-08-03,-2.71224,10.8079,7.64742,12.342,10.0784,6.94422,11.3,10.8212,6.73877,11.7437,13.7984,9.68531,19.4772,13.5293,9.16933,18.1871,10.5794,8.88049,10.0697,3.83287,3.83287,3.75548,3.75548,4.1709,4.01928,3.64918,3.35429,2.2569
2021-08-04,4.09432,10.8079,7.64742,12.342,9.96318,6.86431,11.171,10.6977,6.66118,11.5868,15.2249,10.6866,21.4908,14.1977,9.62231,19.0856,12.1312,10.0484,11.5064,3.98861,3.98861,3.81754,3.81754,4.46112,4.01928,3.60636,3.70106,2.36839
2021-08-05,2.78383,10.8079,7.64742,12.342,10.0942,6.95522,11.3177,10.8382,6.74946,11.7165,15.2607,10.7117,21.5413,14.6707,9.9429,19.7214,10.555,8.84426,10.0417,4.24773,4.24773,3.90562,3.90562,4.18089,4.01928,3.65507,3.70976,2.4473
2021-08-06,4.65381,10.8079,7.64742,12.342,9.93514,6.84485,11.1396,10.6676,6.64229,11.5091,11.8257,8.30067,16.6927,12.2233,8.28421,16.4315,10.5751,8.81726,10.0478,4.1253,4.1253,3.67838,3.67838,4.05189,4.01928,3.59593,2.87475,2.03904
2021-08-07,3.98188,10.8079,7.64742,12.342,10.2195,7.04215,11.458,10.9726,6.83388,11.8099,10.0408,7.0478,14.1732,10.5858,7.17441,14.2302,10.7966,9.03932,10.2694,4.33859,4.33859,3.61932,3.61932,4.24175,4.01928,3.70166,2.44084,1.76588
2021-08-08,-1.71515,10.8079,7.64742,12.342,10.2956,7.09494,11.5432,10.9919,6.88513,11.8691,13.3627,9.37947,18.8622,12.5683,8.51802,16.8952,10.8544,9.07386,10.3203,4.04132,4.04132,3.35727,3.35727,4.2504,4.01928,3.72995,3.24837,2.09659
2021-08-09,5.69627,10.8079,7.64742,12.342,10.0104,6.89707,11.2239,10.305,6.693,11.5142,15.7801,11.0763,22.2746,15.7757,10.6918,21.2068,10.6666,8.80251,10.1074,3.95719,3.95719,3.37611,3.37611,3.84857,4.01928,3.62392,3.83604,2.63162
2021-08-10,-1.69741,10.8079,7.64742,12.342,10.6093,7.31257,11.8943,10.7713,7.09647,12.1711,14.9073,10.4637,21.0425,15.2513,10.3363,20.5018,10.1332,8.54867,9.65783,4.11666,4.11666,3.57184,3.57184,4.14928,4.01928,3.84657,3.62385,2.54414
2021-08-11,0.0188754,10.8079,7.55378,12.2368,10.2996,7.09771,11.5476,10.4569,6.74581,11.8221,16.4224,11.4027,20.8551,16.112,11.1716,20.5528,11.7398,9.89173,11.1854,4.08271,4.08271,3.36584,3.36584,4.72006,4.00672,3.73143,4.06184,2.77346
2021-08-12,-2.58917,10.8079,7.55378,12.2368,9.90132,6.82139,11.1018,10.0526,6.4829,11.3473,14.7764,10.2598,18.7648,12.3352,8.55283,15.735,10.4272,8.80141,9.93945,3.77126,3.77126,3.6761,3.6761,4.25466,4.00672,3.58232,3.65473,2.12333
2021-08-13,7.30095,10.8079,7.55378,12.2368,9.7789,6.73647,10.9648,9.92833,6.40209,11.1865,12.4819,8.66664,15.8509,11.3548,7.87305,14.4844,9.9842,8.33738,9.49015,3.77164,3.77164,3.71723,3.71723,3.82718,4.00672,3.52543,3.08721,1.95456
2021-08-14,-1.46778,10.8079,7.55378,12.2368,11.0263,7.60186,12.3611,11.1945,7.2255,12.5822,12.1826,8.45888,15.471,10.1995,7.07204,13.0107,11.1448,9.43284,10.6312,4.35626,4.35626,3.79022,3.79022,4.61823,4.00672,3.98761,3.0132,1.75571
2021-08-15,-0.106095,10.8079,7.55378,12.2368,10.6633,7.35,11.9547,10.826,6.98586,12.1438,12.9348,8.98114,16.4262,11.1197,7.71007,14.1845,11.6119,9.76053,11.0565,4.32187,4.32187,3.77432,3.77432,4.62224,4.00672,3.8531,3.19924,1.9141
2021-08-16,-2.24083,10.5106,7.39755,11.9646,10.2443,7.0593,11.4857,10.3592,6.70926,11.5435,16.0166,11.1097,18.9007,12.0366,8.68109,15.5581,11.8847,9.97952,11.3131,4.00305,4.00305,3.30169,3.30169,4.7265,3.99212,3.71998,3.97861,2.22412
2021-08-17,-2.88692,10.5106,7.26773,11.9001,10.0352,6.91425,11.2516,10.1885,6.40604,11.2785,15.1463,10.506,17.8737,11.228,8.09795,14.513,10.8408,9.22659,10.3565,3.92064,3.92064,3.80925,3.80925,4.71854,3.98227,3.63312,3.76242,2.07472
2021-08-18,0.236503,10.5106,7.26773,11.9001,9.81524,6.85371,10.8832,10.2519,6.37015,11.2451,14.9814,10.3917,17.6791,12.8321,9.25484,16.5864,12.1445,10.3076,11.5935,3.92146,3.92146,3.53022,3.53022,5.11617,3.98227,3.56754,3.72147,2.37112
2021-08-19,4.18858,10.5106,7.26773,11.9001,9.46004,6.60399,10.49,9.8814,6.13765,10.857,13.392,9.28921,15.8036,11.381,8.20827,14.7107,11.3475,9.65608,10.8401,3.86053,3.86053,3.50392,3.50392,4.8933,3.91709,3.40317,3.32666,2.10298
2021-08-20,5.45979,10.5106,7.26773,11.9001,9.63765,6.72886,10.6866,10.0668,6.25391,11.0442,12.9862,9.00769,15.3246,11.0853,7.99501,14.3285,12.7299,10.7199,12.1269,3.98485,3.98485,3.55783,3.55783,5.19284,3.91709,3.46893,3.22584,2.04834
2021-08-21,-0.882874,10.459,7.23204,11.7367,10.1502,7.08923,11.2541,10.5557,6.46654,11.4536,10.2577,7.23571,12.9615,8.59105,6.35913,11.3559,11.7387,9.96627,11.207,4.14829,4.14829,3.57241,3.57241,5.02186,3.76859,3.63902,2.75704,1.66849
2021-08-22,0.847354,10.459,7.23204,11.7367,9.8098,6.84989,10.8772,10.2018,6.24776,11.0701,10.6791,7.53298,13.494,10.0606,7.44688,13.2984,11.293,9.60902,10.7878,3.86384,3.86384,3.26419,3.26419,4.8566,3.76859,3.51363,2.8703,1.95389
2021-08-23,0.45413,10.459,7.23204,11.7367,9.46961,6.61072,10.5006,9.84827,6.02915,10.6874,13.0177,9.18266,16.4491,12.0084,8.88866,15.8731,11.6932,9.82859,11.1338,3.78396,3.78396,3.0339,3.0339,4.67132,3.7425,3.38547,3.49888,2.33218
2021-08-24,-3.78449,10.459,7.23204,11.7367,9.13571,6.37597,10.1309,9.50123,5.81457,10.311,12.0239,8.48159,15.1933,10.3136,7.63415,13.6328,12.3072,10.3096,11.7079,3.40649,3.40649,2.90612,2.90612,4.81057,3.7425,3.26258,3.23175,2.00302
2021-08-25,2.59601,10.459,7.23204,11.7367,9.32514,6.50915,10.3406,9.69811,5.93631,10.5268,13.4001,9.45241,16.9323,12.6409,9.35684,16.7091,12.8961,10.8289,12.2759,3.70946,3.70946,3.47938,3.47938,5.08687,3.75605,3.33512,3.60167,2.45502
2021-08-26,-4.21023,10.459,7.23204,11.7367,9.19011,6.41422,10.1911,9.55778,5.84953,10.3743,13.1262,9.25918,16.5862,12.1242,8.97438,16.0261,11.3016,9.60158,10.7916,3.59407,3.59407,3.19887,3.19887,4.77035,3.75605,3.28538,3.52804,2.35467
2021-08-27,4.40995,10.459,7.23204,11.7367,9.48513,6.62163,10.5178,9.8644,6.03913,10.7075,10.9653,7.73485,13.8556,10.9852,8.13129,14.5206,11.5745,9.71616,11.017,3.78647,3.78647,3.54876,3.54876,4.56339,3.75605,3.39405,2.94722,2.13346
2021-08-28,-0.31904,10.459,7.23204,11.7367,9.71632,6.78417,10.7737,10.1047,6.1877,10.9683,11.0383,7.78639,13.9479,8.94534,6.62138,11.8242,12.2366,10.4044,11.687,3.75026,3.75026,3.58078,3.58078,5.15243,3.75605,3.4792,2.96686,1.7373
2021-08-29,-0.148507,10.459,7.23204,11.7367,9.37343,6.5431,10.3941,9.74831,5.96734,10.5816,11.2729,7.95187,14.2444,9.58056,7.09157,12.6639,11.6923,9.7722,11.1163,3.66154,3.66154,3.46745,3.46745,4.38445,3.75605,3.35291,3.02992,1.86066
2021-08-30,-3.70246,10.459,7.23204,11.7367,9.04498,6.31219,10.0305,9.40694,5.75627,10.2125,12.5148,8.8279,15.8136,11.8838,8.79647,15.7084,12.337,10.4037,11.757,3.42763,3.42763,3.40608,3.40608,4.9264,3.7425,3.22919,3.36371,2.30799
2021-08-31,0.237107,10.459,7.23204,11.7367,9.22348,6.43768,10.2281,9.59246,5.87098,10.4132,12.7838,9.01761,16.1534,11.4516,8.47649,15.137,12.6199,10.7253,12.0515,3.66421,3.66421,3.60908,3.60908,5.31809,3.7425,3.29767,3.436,2.22403
2021-09-01,3.50057,10.459,7.23204,11.7367,8.90035,6.21051,9.87036,9.25662,5.66333,10.0498,13.0878,9.23208,16.5376,11.3383,8.39265,14.9873,12.5897,10.5783,11.9863,3.4409,3.4409,3.6025,3.6025,5.0125,3.70995,3.17597,3.51771,2.20204
2021-09-02,0.97927,10.459,7.23204,11.7367,8.97185,6.26077,9.94951,9.33093,5.70927,10.1319,12.7456,8.9907,16.1052,12.3551,9.14526,16.3313,10.6246,9.06179,10.1558,3.34441,3.34441,3.4456,3.4456,4.64399,3.70286,3.20102,3.42574,2.3995
2021-09-03,1.40441,10.459,7.23204,11.7367,8.68542,6.0594,9.6324,9.03323,5.5252,9.80886,9.69546,6.83914,12.2511,10.1581,7.51905,13.4273,10.3688,8.74063,9.88036,3.22663,3.22663,3.04304,3.04304,4.18405,3.70286,3.09564,2.60593,1.97282
2021-09-04,-0.161544,10.459,7.23204,11.7367,8.44654,5.89146,9.36794,8.78496,5.37169,9.53904,6.83211,4.81935,8.633,7.10286,5.25756,9.38878,10.1309,8.55971,9.65958,3.1523,3.1523,3.00231,3.00231,4.15766,3.70286,3.00776,1.83632,1.37946
2021-09-05,3.55754,10.459,7.23204,11.7367,8.17013,5.69713,9.06194,8.49768,5.19406,9.22761,6.77783,4.78105,8.5644,7.5869,5.61585,10.0286,10.6129,8.81891,10.0747,3.18012,3.18012,2.98122,2.98122,3.88587,3.70286,2.90608,1.82173,1.47347
2021-09-06,1.68631,10.459,7.23204,11.7367,8.32722,5.80757,9.23584,8.66094,5.29501,9.4045,11.0164,7.7709,13.9202,11.6441,8.619,15.3915,10.673,8.98019,10.1651,3.12414,3.12414,3.01285,3.01285,4.26457,3.70286,2.96386,2.96096,2.26143
2021-09-07,-11.7233,10.459,7.23204,11.7367,8.16663,5.66832,9.08493,8.44215,5.18928,9.18814,10.7727,7.59904,13.6123,11.0096,8.14935,14.5528,10.2626,8.61554,9.7685,3.0303,3.0303,2.84896,2.84896,4.00429,3.70286,2.89095,2.89547,2.1382
2021-09-08,-1.54948,10.5106,7.26773,11.9151,12.0892,8.4172,13.4389,12.5471,7.8254,13.9692,14.7079,10.1596,17.2877,14.1253,10.1937,17.9405,14.0115,11.7632,13.337,4.35855,4.35855,4.37673,4.37673,5.4127,3.70995,4.35041,3.63836,2.61165
2021-09-09,0.648844,10.5106,7.26773,11.9151,11.6952,8.14109,13.0016,12.1384,7.56829,13.5167,14.0391,9.69764,16.5017,12.3292,8.89753,15.6593,13.1502,11.0694,12.526,3.94586,3.94586,4.01539,4.01539,5.24634,3.70286,4.18999,3.47293,2.27957
2021-09-10,-3.30352,10.5106,7.26773,11.9151,11.251,7.8298,12.5085,11.6776,7.27842,13.0034,10.2248,7.06285,12.0183,9.28001,6.69702,11.7865,11.6881,9.66581,11.0814,3.86996,3.86996,3.73535,3.73535,4.17042,3.70286,4.02645,2.52936,1.71579
2021-09-11,0.704998,10.5106,7.26773,11.9151,11.1508,7.7596,12.3973,11.5737,7.21305,12.8862,9.38564,6.4832,11.0319,7.7423,5.58731,9.83348,11.9994,10.166,11.4494,3.80255,3.80255,3.61192,3.61192,4.89599,3.70286,3.98958,2.32177,1.43148
2021-09-12,1.88865,10.5106,7.26773,11.9151,10.7366,7.46933,11.9376,11.144,6.94275,12.4068,9.4909,6.55591,11.1556,8.47383,6.11523,10.7626,11.451,9.54289,10.8786,3.79799,3.79799,3.75859,3.75859,4.18828,3.70286,3.83708,2.34781,1.56674
2021-09-13,-2.41743,10.5106,7.26773,11.9151,10.4194,7.24699,11.5854,10.8149,6.73572,12.05,12.6492,8.73756,14.868,12.193,8.79922,15.4863,12.3877,10.3993,11.7912,3.53686,3.53686,3.60833,3.60833,4.76399,3.70286,3.72028,3.1291,2.25438
2021-09-14,4.62721,10.5106,7.26773,11.9151,10.233,7.11636,11.3785,10.6216,6.61408,11.8354,12.8514,8.87721,15.1056,11.5755,8.35355,14.702,12.6934,10.6184,12.0709,3.51474,3.51474,3.69298,3.69298,4.77551,3.70286,3.65166,3.17911,2.1402
2021-09-15,2.27545,10.5106,7.26773,11.9151,10.4339,7.25718,11.6016,10.83,6.7452,12.0651,13.5499,9.35968,15.9266,12.7352,9.19052,16.175,12.284,10.3206,11.695,3.72911,3.72911,3.22505,3.22505,4.7946,3.70286,3.72564,3.3519,2.35464
2021-09-16,-0.819075,10.5106,7.26773,11.9151,10.1776,7.07759,11.3171,10.5642,6.75532,11.7868,12.1712,8.40737,14.3061,11.8363,8.54176,15.0332,10.7984,9.02353,10.2659,3.67415,3.67415,3.36546,3.36546,4.11175,3.70286,3.63129,3.01085,2.18842
2021-09-17,-1.0854,10.5106,7.26773,11.9151,9.83746,6.8392,10.9395,10.2113,6.54052,11.4154,10.9451,7.56041,12.8649,9.4584,6.82575,12.0131,11.724,9.71893,11.1225,3.55816,3.55816,3.27613,3.27613,4.23493,3.67977,3.5025,2.70754,1.74878
2021-09-18,2.11601,10.5106,7.26773,11.9151,9.53531,6.62747,10.6041,9.8979,6.33779,11.0609,7.21442,4.98341,8.47985,7.30334,5.27053,9.27595,10.8263,9.06328,10.2974,3.39967,3.39967,3.14835,3.14835,4.14717,3.67977,3.39138,1.78466,1.35032
2021-09-19,-2.13146,10.5106,7.26773,11.9151,9.31865,6.47563,10.3636,9.67315,6.19241,10.7978,9.07041,6.26545,10.6614,8.53264,6.15767,10.8373,9.97118,8.27141,9.46125,3.30423,3.30423,3.10189,3.10189,3.57287,3.67977,3.31169,2.24379,1.57761
2021-09-20,-9.81079,10.5106,7.26773,11.9151,9.16866,6.37052,10.1972,9.51756,5.98126,10.6194,11.4925,7.93853,13.5083,11.6299,8.39284,14.7711,10.5419,8.80407,10.0206,3.59367,3.59367,3.26037,3.26037,3.96939,3.67977,3.25652,2.84295,2.15027
2021-09-21,-5.14883,10.5106,7.39755,12.0118,11.7182,8.15722,13.0271,12.5372,7.80248,13.7681,14.2986,9.92965,16.898,15.5017,11.5449,19.75,14.2472,11.9576,13.5603,4.48602,4.48602,4.26852,4.26852,5.49988,3.67977,4.19424,3.53711,2.86612
2021-09-22,6.83996,10.5106,7.39755,12.0118,11.9899,8.34758,13.3287,12.8275,7.98475,14.0806,15.0687,10.4645,17.8081,14.9067,11.1018,18.992,12.6162,10.7429,12.0542,4.67004,4.67004,4.59621,4.59621,5.34284,3.70286,4.29846,3.72762,2.75612
2021-09-23,2.98562,10.5106,7.39755,12.0118,12.6111,8.78295,14.0182,13.4916,8.4016,14.8188,17.044,11.8362,20.1424,15.2804,11.3801,19.4681,12.7716,10.8318,12.1897,4.62542,4.62542,3.67316,3.67316,5.35003,3.67977,4.52263,4.21625,2.82521
2021-09-24,-4.68621,10.5106,7.39755,12.0118,12.3049,8.56832,13.6783,13.1691,8.19609,14.4832,13.3521,9.27238,15.7795,12.9705,9.65974,16.5251,12.9609,10.9017,12.3432,4.44755,4.44755,3.84361,3.84361,5.16572,3.67977,4.40999,3.30298,2.39813
2021-09-25,-0.287901,10.5106,7.39755,12.0118,12.4028,8.63692,13.7869,13.2688,8.26178,14.5945,12.193,8.46744,14.4096,10.5059,7.82427,13.3851,13.5681,11.4763,12.9405,4.35219,4.35219,4.19212,4.19212,5.57811,3.70286,4.45046,3.01625,1.94245
2021-09-26,1.14507,10.5106,7.39755,12.0118,11.9222,8.30015,13.2535,12.7552,7.93933,14.0211,10.4607,7.26443,12.3624,10.1273,7.54229,12.9027,12.6457,10.6256,12.0397,4.13123,4.13123,4.16264,4.16264,4.92285,3.70286,4.27354,2.58772,1.87245
2021-09-27,-2.27716,10.5106,7.39755,12.0118,11.395,7.92317,12.6799,12.0657,7.4408,13.3598,14.6491,10.173,17.3122,13.3882,9.97086,17.0573,12.4716,10.6125,11.9139,3.96237,3.96237,3.94304,3.94304,5.27225,3.70286,4.07154,3.62382,2.47537
2021-09-28,-2.88523,10.5106,7.39755,12.0118,11.1562,7.75608,12.4147,11.8131,7.28366,13.0754,13.4024,9.3073,15.8389,13.0341,9.70712,16.6062,13.7415,11.6256,13.1067,4.05517,4.05517,4.06037,4.06037,5.57185,3.70286,3.98391,3.31542,2.40989
2021-09-29,1.28289,10.5106,7.39755,12.0118,11.01,7.65374,12.2522,11.6585,7.18741,12.8987,13.922,9.66811,16.4529,13.6043,10.1318,17.3326,12.9078,10.9407,12.3177,4.09121,4.09121,4.19748,4.19748,5.33779,3.70286,3.93024,3.44395,2.51531
2021-09-30,5.21828,10.5106,7.39755,12.0118,10.6784,7.42157,11.8837,11.3076,6.96908,12.5076,12.8571,8.92858,15.1944,11.5515,8.60293,14.7172,13.7811,11.5242,13.1041,3.94727,3.94727,3.97408,3.97408,5.24265,3.70286,3.80848,3.18051,2.13576
2021-10-01,9.42084,10.5106,7.39755,12.0118,10.9481,7.61039,12.1834,11.5929,7.14665,12.8114,12.4262,8.62937,14.6852,11.6795,8.69829,14.8803,12.8927,10.9364,12.3058,4.12722,4.12722,3.88756,3.88756,5.3933,3.70286,3.9075,3.07393,2.15944
2021-10-02,-0.846215,10.5106,7.39755,12.0118,12.5001,8.69674,13.9078,13.2349,8.1683,14.6097,11.3416,7.87613,13.4034,10.3161,7.68288,13.1432,12.5915,10.6033,11.9951,4.82763,4.82763,4.31398,4.31398,5.1143,3.70286,4.47725,2.80561,1.90735
2021-10-03,1.01858,10.5106,7.39755,12.0118,12.0944,8.41274,13.457,12.8057,7.90122,14.1577,11.2135,7.78722,13.2521,9.58841,7.14096,12.2162,13.425,11.2414,12.7699,4.54018,4.54018,4.25059,4.25059,5.19466,3.70286,4.3283,2.77394,1.77281
2021-10-04,1.87637,10.5106,7.39755,12.0118,11.7,8.13666,13.0188,12.3884,7.64157,13.6845,15.2908,10.6187,18.0705,14.35,10.6871,18.2827,11.8676,10.0923,11.335,4.27106,4.27106,4.17285,4.17285,5.0598,3.70286,4.18351,3.78255,2.65319
2021-10-05,4.77477,10.5106,7.39755,12.0118,11.3732,7.90797,12.6558,12.0427,7.4265,13.2888,14.4392,10.0273,17.0641,13.3548,9.94599,17.0148,11.8844,9.98092,11.3134,4.01951,4.01951,4.12348,4.12348,4.65559,3.70286,4.06357,3.57188,2.46919
2021-10-06,7.20141,10.5106,7.39755,12.0118,11.4809,7.98332,12.7754,12.1566,7.49737,13.3995,14.9931,10.4119,17.7187,14.464,10.7721,18.428,12.3115,10.3612,11.7264,4.01852,4.01852,3.85294,3.85294,4.93162,3.70286,4.10309,3.70891,2.67427
2021-10-07,-2.84988,10.5106,7.26773,11.9377,12.1922,8.48119,13.5656,12.9091,7.93164,14.1126,16.505,11.401,19.4093,16.0446,11.5788,20.3685,14.3185,11.9516,13.6084,4.22814,4.22814,3.36753,3.36753,5.50875,3.67977,4.30005,4.08293,2.96651
2021-10-08,0.300373,10.5106,7.26773,11.9377,11.9768,8.33042,13.3263,12.6813,7.79044,13.8627,14.5205,10.0301,17.0755,13.821,9.97406,17.5457,12.3217,10.4176,11.7504,4.67927,4.67927,3.77636,3.77636,5.09813,3.67977,4.2221,3.59199,2.55538
2021-10-09,1.83668,10.5106,7.26773,11.9377,11.5723,8.04728,12.8769,12.2533,7.52527,13.3944,10.9186,7.54207,12.8398,7.89886,5.7003,10.0276,10.9073,9.15786,10.3825,4.21586,4.21586,3.68446,3.68446,4.31587,3.67977,4.0757,2.70097,1.46043
2021-10-10,-0.358385,10.5106,7.26773,11.9377,11.2489,7.82096,12.5177,11.9112,7.31332,13.0207,10.6247,7.33911,12.4943,9.74617,7.03343,12.3727,12.2415,10.1983,11.6286,3.95028,3.95028,3.57328,3.57328,4.62079,3.67977,3.95868,2.62829,1.80198
2021-10-11,4.8349,10.5106,7.26773,11.9377,10.8836,7.56521,12.1117,11.5247,7.0738,12.599,13.5741,9.37639,15.9626,13.5453,9.7751,17.1957,12.4954,10.3648,11.8562,3.89779,3.89779,3.58594,3.58594,4.56334,3.67977,3.82645,3.35788,2.50441
2021-10-12,-2.54358,10.5106,7.26773,11.9377,11.0467,7.67943,12.293,11.6973,7.18077,12.7867,15.0833,10.4189,17.7374,15.7965,11.3997,20.0535,13.8175,11.6049,13.1537,3.86841,3.86841,3.72333,3.72333,5.35924,3.67977,3.8855,3.73124,2.92063
2021-10-13,2.39788,10.5106,7.26773,11.9377,10.8608,7.54929,12.0864,11.5006,7.05889,12.5706,16.0224,11.0676,18.8418,14.9333,10.7768,18.9578,13.3319,11.2225,12.6991,3.73217,3.73217,3.61836,3.61836,5.2718,3.67977,3.81822,3.96355,2.76104
2021-10-14,-0.138721,10.5106,7.26773,11.9377,10.6267,7.38544,11.8264,11.2529,6.90545,12.2988,13.5503,9.35998,15.9346,14.0202,10.1178,17.7985,14.4292,12.0309,13.7097,3.80349,3.80349,3.55019,3.55019,5.46789,3.67977,3.7335,3.352,2.59221
2021-10-15,7.18874,10.5106,7.26773,11.9377,10.2855,7.14659,11.4472,10.8919,6.68176,11.9033,10.5714,7.30228,12.4316,11.0166,7.95021,13.9854,11.1692,9.27883,10.6021,3.65027,3.65027,3.36388,3.36388,4.13015,3.67977,3.59864,2.6151,2.03686
2021-10-16,-1.14589,10.5106,7.26773,11.9377,11.158,7.75729,12.4166,11.815,7.25369,12.9093,9.65782,6.67121,11.3572,8.53138,6.15676,10.8305,11.1627,9.23715,10.585,3.9914,3.9914,3.59104,3.59104,4.01092,3.67977,3.91345,2.3891,1.57738
2021-10-17,1.08039,10.5106,7.26773,11.9377,10.8756,7.56252,12.0971,11.4111,6.95244,12.5143,9.20129,6.35586,10.8204,9.81756,7.08494,12.4633,12.0151,10.0695,11.4314,3.64991,3.64991,4.11569,4.11569,4.64744,3.67977,3.77052,2.27617,1.81518
2021-10-18,0.764628,10.5106,7.26773,11.9377,10.5681,7.3471,11.7556,11.0881,6.75399,12.1592,13.9534,9.63839,16.4086,14.1766,10.2307,17.9971,11.893,9.92206,11.3017,3.57511,3.57511,3.45552,3.45552,4.50073,3.67977,3.66055,3.45171,2.62112
2021-10-19,3.54134,10.5106,7.26773,11.9377,10.2633,7.13364,11.4171,10.7681,6.55734,11.8072,14.0298,9.69118,16.4985,13.096,9.45086,16.6253,12.7634,10.5416,12.0968,3.47392,3.47392,3.54401,3.54401,4.50268,3.67977,3.55159,3.47061,2.42134
2021-10-20,2.65779,10.5106,7.26773,11.9377,10.2295,7.10992,11.3795,10.732,6.53549,11.7661,14.1413,9.76822,16.6296,14.278,10.3039,18.1259,10.9683,9.1287,10.4165,3.41323,3.41323,3.24702,3.24702,4.11236,3.67977,3.53948,3.49821,2.63989
2021-10-21,-5.90277,10.5106,7.26773,11.9377,10.0769,7.0031,11.2102,10.5716,6.43708,11.5886,13.049,9.01367,15.3451,13.6945,9.88279,17.3851,11.2275,9.31774,10.6546,3.24717,3.24717,3.19395,3.19395,4.09941,3.67977,3.47828,3.22799,2.532
2021-10-22,-2.47023,10.5106,7.26773,11.9377,10.6484,7.40333,11.8447,11.1698,6.80579,12.2414,12.4159,8.57634,14.6006,13.5881,9.80597,17.25,11.4457,9.54904,10.8767,4.10216,4.10216,3.54852,3.54852,4.33156,3.70286,3.68926,3.07137,2.51231
2021-10-23,1.14896,10.5106,7.26773,11.9377,10.4934,7.29477,11.6726,11.0066,6.70578,12.0608,9.44809,6.52634,11.1106,8.24906,5.95302,10.4721,8.22681,6.79141,7.79619,4.11557,4.11557,4.09662,4.09662,2.85415,3.70286,3.63384,2.33722,1.52518
2021-10-24,-0.756648,10.5106,7.26773,11.9377,10.2057,7.09329,11.3532,10.7045,6.52017,11.7281,9.11678,6.29748,10.721,8.94477,6.45509,11.3553,11.3135,9.47271,10.7613,4.30047,4.30047,3.89126,3.89126,4.32341,3.70286,3.53099,2.25526,1.65381
2021-10-25,3.40273,10.5106,7.26773,11.9377,9.92991,6.90011,11.0469,10.4154,6.3422,11.4116,14.321,9.2975,16.7943,14.5395,10.4926,18.4578,11.1951,9.35966,10.6445,4.06447,4.06447,3.78086,3.78086,4.18967,3.70286,3.43237,3.54264,2.68822
2021-10-26,-4.33772,10.5106,7.26773,11.9377,9.89701,6.87707,11.0104,10.3801,6.32098,11.3709,14.8203,9.62167,17.3799,14.9636,10.7986,18.9961,13.0795,10.9907,12.4528,4.00198,4.00198,3.47649,3.47649,5.14852,3.70286,3.42061,3.66616,2.76663
2021-10-27,-3.16638,10.5106,7.26773,11.9377,10.1065,7.0238,11.243,10.5187,6.45615,11.6077,15.7823,10.2462,18.5081,15.5813,11.2444,19.7804,13.3205,11.0873,12.6505,4.26191,4.26191,3.57473,3.57473,4.89779,3.70995,3.50662,3.90414,2.88085
2021-10-28,3.59345,10.5106,7.26773,11.9377,10.0821,7.00673,11.2159,10.41,6.44043,11.5764,14.5307,9.43365,17.0402,14.4532,10.4303,18.3483,14.4231,12.2281,13.7646,4.12223,4.12223,4.16283,4.16283,5.97753,3.70995,3.49788,3.59452,2.67228
2021-10-29,2.61444,10.5106,7.26773,11.9377,10.0689,6.99749,11.2013,10.3796,6.43191,11.5576,13.0453,8.46933,15.2984,13.4379,9.69759,17.0593,11.4746,9.64631,10.9261,4.02624,4.02624,3.84831,3.84831,4.48128,3.70995,3.49315,3.22708,2.48455
2021-10-30,-0.546476,10.5106,7.26773,11.9377,9.92049,6.89352,11.0364,10.2266,6.33613,11.3838,9.22571,5.98955,10.8191,8.29701,5.98762,10.533,7.97444,6.61088,7.56538,3.94006,3.94006,3.69101,3.69101,2.83465,3.70995,3.43992,2.28221,1.53405
2021-10-31,-0.925067,10.5106,7.26773,11.9377,9.64901,6.70336,10.735,9.94692,6.16095,11.0701,7.85288,5.09827,9.20915,8.89081,6.41614,11.2868,10.2378,8.55527,9.73304,3.62636,3.62636,3.52733,3.52733,3.81295,3.70995,3.34255,1.9426,1.64383
2021-11-01,-0.514293,10.5106,7.26773,11.9377,9.40739,6.53413,10.4667,9.69798,6.00504,10.7895,12.8439,8.33856,15.0622,14.8575,10.722,18.8615,11.2685,9.40568,10.7096,3.51249,3.51249,3.39822,3.39822,4.18488,3.70995,3.2559,3.17726,2.74702
2021-11-02,3.57758,10.5106,7.26773,11.9377,9.15801,6.35945,10.1897,9.44104,5.84412,10.5,13.258,8.60741,15.5478,14.102,10.1768,17.9024,11.345,9.4821,10.7861,3.27659,3.27659,3.47422,3.47422,4.30949,3.70995,3.16646,3.27969,2.60733
2021-11-03,-0.406278,10.5106,7.26773,11.9377,9.20902,6.39518,10.2464,9.4936,5.87704,10.555,14.0333,9.11074,16.457,14.5867,10.5266,18.5177,10.2778,8.59071,9.77169,3.5962,3.5962,3.27775,3.27775,3.92025,3.70995,3.18476,3.47148,2.69695
2021-11-04,-2.4399,10.5106,7.26773,11.9377,8.96507,6.22431,9.9755,9.24226,5.71963,10.2718,12.0715,7.83709,14.1563,12.6569,9.13395,16.0678,9.98039,8.24726,9.46045,3.56038,3.56038,3.42705,3.42705,3.5497,3.70995,3.09727,2.98618,2.34014
2021-11-05,-0.532816,10.5106,7.26773,11.9377,8.90818,6.18447,9.91233,9.18365,5.68292,10.2231,10.7899,7.00506,12.6534,11.8569,8.55663,15.0522,9.58886,7.97954,9.10606,3.65679,3.65679,3.60075,3.60075,3.60816,3.70995,3.07687,2.66915,2.19223
2021-11-06,0.655195,10.5106,7.26773,11.9377,8.64404,6.00309,9.6075,8.85638,5.53173,9.85859,7.3934,4.79997,8.67031,6.05661,4.37081,7.68883,8.11406,6.72374,7.69697,3.28113,3.28113,3.39539,3.39539,2.88034,3.70995,2.98656,1.82894,1.11981
2021-11-07,2.88277,10.5106,7.26773,11.9377,8.41046,5.83919,9.3485,8.6172,5.38028,9.58763,7.03761,4.56898,8.25308,6.52355,4.70779,8.28161,9.06187,7.5277,8.60162,3.25511,3.25511,3.36093,3.36093,3.34308,3.70995,2.90226,1.74093,1.20615
2021-11-08,6.48056,10.5106,7.26773,11.9377,8.40281,5.83383,9.34002,8.60937,5.37532,9.57414,12.5284,8.13372,14.6922,13.4635,9.71609,17.0919,10.6132,8.83645,10.0802,3.29987,3.29987,3.21188,3.21188,3.95089,3.70995,2.89949,3.0992,2.48929
2021-11-09,-0.884513,10.5106,7.26773,11.9377,9.32463,6.48064,10.3622,9.55329,5.97305,10.6147,14.3185,9.2959,16.7914,14.9579,10.7945,18.989,11.0275,9.22604,10.4871,3.94715,3.94715,3.39574,3.39574,4.21944,3.70995,3.2322,3.54203,2.76558
2021-11-10,-2.99582,10.5106,7.26773,11.9377,9.08501,6.31251,10.0965,9.30793,5.81767,10.3366,13.1685,8.5493,15.4428,13.5323,9.76573,17.1792,10.4323,8.66792,9.90302,3.73323,3.73323,3.20194,3.20194,3.82124,3.70995,3.14572,3.25755,2.50201
2021-11-11,-0.0696716,10.5106,7.26773,11.9377,9.11621,6.3344,10.1311,9.33988,5.83791,10.3656,12.2156,7.93062,14.3253,12.9974,9.37973,16.5002,10.5011,8.73957,9.97262,3.83109,3.83109,3.29131,3.29131,3.93412,3.70995,3.15698,3.02182,2.40311
2021-11-12,-1.23004,10.5106,7.26773,11.9377,8.85533,6.15135,9.84179,9.07274,5.66874,10.0632,10.1551,6.59291,11.909,10.5537,7.61617,13.3978,8.7461,7.22547,8.28991,3.52179,3.52179,3.32929,3.32929,3.13169,3.70995,3.06282,2.51211,1.95128
2021-11-13,0.487598,10.5106,7.26773,11.9377,8.66636,6.01875,9.63225,8.87924,5.54621,9.84257,6.41233,4.16303,7.5198,6.74374,4.86669,8.56113,6.60603,5.42341,6.25124,3.32668,3.32668,3.64158,3.64158,2.20604,3.70995,2.99462,1.58625,1.24686
2021-11-14,1.53511,10.5106,7.26773,11.9377,8.42796,5.85147,9.36791,8.63512,5.39162,9.56664,6.42852,4.17355,7.53879,6.40682,4.62354,8.13341,8.31667,6.88102,7.88597,3.24837,3.24837,3.47285,3.47285,2.94182,3.70995,2.90857,1.59025,1.18456
2021-11-15,-2.95929,10.5106,7.26773,11.9377,8.25386,5.72931,9.17485,8.45684,5.27873,9.38422,10.7485,6.97816,12.6048,11.9749,8.64178,15.202,8.9317,7.37621,8.46505,3.13412,3.13412,3.57926,3.57926,3.13189,3.70995,2.84573,2.6589,2.21405
2021-11-16,-5.49224,10.5106,7.26773,11.9377,8.34676,5.7945,9.27787,8.55197,5.33897,9.48159,11.5501,7.49861,13.5449,12.7311,9.18753,16.1621,10.4383,8.72165,9.92331,3.2616,3.2616,3.67951,3.67951,4.00798,3.70995,2.91779,2.85721,2.35387
2021-11-17,0.343095,10.5106,7.26773,11.9377,9.08728,6.3141,10.099,9.31025,5.84707,10.3178,12.1961,7.91797,14.3024,14.4542,10.431,18.3496,10.5588,8.83185,10.0407,3.74764,3.74764,3.99819,3.99819,4.00829,3.7425,3.20094,3.017,2.67246
2021-11-18,-5.84238,10.5106,7.26773,11.9377,8.82611,6.13084,9.80938,9.04282,5.67693,10.0147,11.2973,7.33447,13.2484,12.373,8.92908,15.7074,9.81058,8.17806,9.32083,3.47481,3.47481,3.67577,3.67577,3.69244,3.7425,3.10515,2.79466,2.28765
2021-11-19,2.04669,10.5106,7.26773,11.9377,9.60761,6.6792,10.6759,9.84306,6.33313,10.8915,10.6488,6.91344,12.4879,11.1811,8.06898,14.1944,8.76618,7.31405,8.33054,3.89779,3.89779,4.39267,4.39267,3.37068,3.75605,3.3998,2.63424,2.06729
2021-11-20,2.67825,10.5106,7.26773,11.9377,9.41293,6.5426,10.4601,9.64371,6.20338,10.6694,7.56532,4.91158,8.87193,6.99709,5.04952,8.88277,9.52234,7.88285,9.03049,3.82218,3.82218,4.13369,4.13369,3.43645,3.75605,3.32824,1.87147,1.2937
2021-11-21,-1.63263,10.5106,7.23204,11.894,9.30462,6.4666,10.34,9.5328,5.98865,10.4905,6.45935,4.46791,7.90705,7.83561,5.79995,10.2364,9.26907,7.71847,8.80389,3.58184,3.58184,4.03988,4.03988,3.46248,3.7425,3.28065,1.73613,1.52177
2021-11-22,-4.24545,10.5106,7.23204,11.894,9.12779,6.34252,10.1439,9.35173,5.87346,10.2916,11.8143,8.1719,14.4622,13.8518,10.2532,18.0959,9.86014,8.20592,9.36388,3.47609,3.47609,3.93181,3.93181,3.61851,3.7425,3.2158,3.17542,2.69019
2021-11-23,2.24813,10.5106,7.23204,11.894,9.41937,6.54712,10.4672,9.65031,6.06341,10.6195,12.0715,8.34978,14.777,13.8591,10.2585,18.1054,9.91755,8.31346,9.43632,3.62167,3.62167,4.0308,4.0308,3.85164,3.75605,3.33061,3.24455,2.6916
2021-11-24,-2.26387,10.5106,7.23204,11.894,9.25717,6.4333,10.2874,9.48421,5.95774,10.4371,12.0824,8.35737,14.7904,14.2089,10.5175,18.5624,10.4814,8.8232,9.98393,3.60925,3.60925,3.96832,3.96832,4.13799,3.75605,3.27098,3.2475,2.75954
2021-11-25,1.75118,10.5106,7.23204,11.894,9.1595,6.36477,10.1791,9.3842,5.89411,10.3273,10.98,7.59479,13.4408,12.6577,9.36928,16.5359,10.6503,8.90694,10.1273,3.59176,3.59176,4.51306,4.51306,4.09296,3.75605,3.23508,2.95117,2.45828
2021-11-26,-6.68738,10.5106,7.23204,11.894,8.96822,6.2726,9.91633,9.18245,5.75438,10.1023,9.53084,6.59245,11.6669,11.1195,8.23067,14.5264,9.04348,7.538,8.59184,3.49406,3.49406,4.13681,4.13681,3.42297,3.75605,3.1494,2.56168,2.15954
2021-11-27,2.29805,10.5106,7.23204,11.894,9.99189,6.99528,11.0459,10.23,6.57,11.2881,7.00687,4.91687,8.57728,7.81028,5.7812,10.2033,9.05939,7.54151,8.60402,4.18079,4.18079,4.47447,4.47447,3.35028,3.79703,3.54663,1.88329,1.51685
2021-11-28,4.34354,10.5106,7.23204,11.894,9.80649,6.8644,10.8413,10.0403,6.44685,11.0792,8.58945,6.0274,10.5146,8.76356,6.48682,11.4486,9.75282,8.12448,9.26432,3.86456,3.86456,4.03831,4.03831,3.61898,3.79703,3.47848,2.30866,1.70199
2021-11-29,0.970166,10.5106,7.23204,11.894,9.95971,6.97256,11.0104,10.1971,6.54862,11.2519,13.0327,9.14536,15.9537,15.7485,11.6571,20.5737,9.80178,8.15965,9.30914,3.94792,3.94792,4.25157,4.25157,3.60835,3.79703,3.5348,3.50292,3.05856
2021-11-30,-1.39559,10.5106,7.23204,11.894,9.67759,6.7734,10.6991,9.9084,6.36123,10.9339,12.4711,8.75127,15.2662,14.4615,10.7045,18.8924,10.1719,8.49636,9.66922,3.74199,3.74199,4.03481,4.03481,3.82581,3.79703,3.4311,3.35197,2.8086
2021-12-01,0.392882,10.5106,7.23204,11.894,9.46095,6.62045,10.46,9.6867,6.21733,10.6897,11.7472,8.24328,14.3801,13.4706,9.971,17.5979,9.48544,7.89459,9.00818,3.57058,3.57058,4.00969,4.00969,3.48967,3.79703,3.35146,3.1574,2.61616
2021-12-02,-1.32273,10.5106,7.23204,11.894,9.18755,6.42744,10.1583,9.40691,6.03573,10.3815,10.5623,7.41178,12.9296,12.5471,9.28741,16.3914,9.69439,8.07689,9.20914,3.3096,3.3096,3.73052,3.73052,3.64829,3.79703,3.25097,2.83891,2.4368
2021-12-03,-5.23316,10.5106,7.23204,11.894,8.991,6.28868,9.94146,9.20576,5.90517,10.1599,9.15524,6.42443,11.2072,10.6539,7.88605,13.9181,8.68423,7.14417,8.22221,3.23329,3.23329,3.76253,3.76253,3.04317,3.79703,3.17872,2.46073,2.06912
2021-12-04,-8.56084,10.5106,7.23204,11.894,9.54991,6.68326,10.5582,9.77774,6.27642,10.7899,7.15084,5.0179,8.75352,7.43245,5.50153,9.70969,8.10303,6.71176,7.68565,3.71101,3.71101,4.29687,4.29687,2.93007,3.91709,3.4005,1.92199,1.44347
2021-12-05,0.341165,10.5106,7.26773,11.9458,11.1632,7.82216,12.3383,11.4287,7.39816,12.7128,9.17617,5.95739,10.5048,9.2648,6.68604,11.6617,10.4047,8.64931,9.87809,4.5655,4.5655,5.28058,5.28058,3.85003,3.98227,4.01107,2.26995,1.71298
2021-12-06,2.42885,10.5106,7.26773,11.9458,10.8118,7.5741,11.9505,11.0691,7.16321,12.3135,12.7107,8.25211,14.5512,13.6461,9.84783,17.1765,10.8722,9.05358,10.3266,4.17216,4.17216,4.89411,4.89411,4.1082,3.98227,3.88085,3.14432,2.52304
2021-12-07,0.231943,10.5106,7.26773,11.9458,10.5945,7.42067,11.7107,10.8467,7.0179,12.0666,12.969,8.41975,14.8468,13.8238,9.97612,17.4002,9.53015,7.99891,9.07078,4.00222,4.00222,4.60095,4.60095,3.74223,3.98227,3.80031,3.20819,2.55591
2021-12-08,-0.385928,10.5106,7.26773,11.9458,10.268,7.19024,11.3506,10.5127,6.79964,11.6957,12.7268,8.26252,14.5695,13.4821,9.72952,16.9701,9.92328,8.26701,9.4264,3.90773,3.90773,4.443,4.443,3.65979,3.98227,3.67935,3.14828,2.49273
2021-12-09,-5.77215,10.5106,7.26773,11.9458,9.96505,6.97633,11.0163,10.2026,6.59704,11.3513,11.039,7.16675,12.6373,11.9059,8.59204,14.9861,9.41237,7.83835,8.94017,3.59243,3.59243,4.21633,4.21633,3.47191,3.98227,3.56706,2.73076,2.2013
2021-12-10,-0.903583,10.5106,7.26773,11.9458,10.5554,7.39308,11.6676,10.8067,6.99176,12.0222,12.4478,8.08141,14.2501,12.8178,9.25011,16.1339,9.21907,7.63569,8.74405,4.30057,4.30057,4.77937,4.77937,3.37413,3.99212,3.79896,3.07927,2.3699
2021-12-11,4.38802,10.5106,7.26773,11.9458,10.2606,7.18499,11.3424,10.505,6.79468,11.6872,8.53063,5.53829,9.7658,7.92482,5.71903,9.97505,8.41743,7.05729,8.00939,4.20499,4.20499,4.37549,4.37549,3.25957,3.99212,3.68938,2.11026,1.46523
2021-12-12,1.47966,10.5106,7.26773,11.9458,10.3838,7.27198,11.4783,10.6311,6.87707,11.8272,9.1802,5.96,10.5094,9.1518,6.60449,11.5195,9.73149,8.17478,9.26448,4.48021,4.48021,4.2566,4.2566,3.76178,3.99212,3.73519,2.27095,1.69209
2021-12-13,-6.94413,10.5106,7.26773,11.9458,10.1078,7.07712,11.1738,10.3487,6.6925,11.5135,12.1808,7.90809,13.9445,13.3325,9.62152,16.7817,10.8785,9.06371,10.3341,4.20502,4.20502,4.25766,4.25766,4.00691,3.99212,3.63257,3.01323,2.46506
2021-12-14,-0.267485,10.5106,7.26773,11.9458,11.0374,7.73337,12.1995,11.3,7.32167,12.5808,14.4041,9.35145,16.4896,14.5646,10.5107,18.3326,11.7168,9.87085,11.163,4.47214,4.47214,4.82922,4.82922,4.65573,4.00672,3.9868,3.5632,2.69286
2021-12-15,4.78387,10.5106,7.26773,11.9458,10.6963,7.49256,11.8231,10.9509,7.09335,12.1929,13.7955,8.95635,15.793,14.5007,10.4646,18.2522,10.7786,9.09296,10.2729,4.16114,4.16114,4.28149,4.28149,4.25755,4.00672,3.85972,3.41265,2.68105
2021-12-16,-2.5504,10.5106,7.26773,11.9458,11.325,7.8574,12.6165,10.9784,7.21555,12.3375,13.7405,8.92069,15.7301,14.1464,10.2089,17.8062,10.331,8.72904,9.85041,4.14488,4.14488,4.17624,4.17624,4.15625,4.00672,3.96261,3.39907,2.61554
2021-12-17,-3.11801,10.5106,7.26773,11.9458,11.1498,7.73487,12.4217,10.8084,7.10277,12.1468,12.9691,8.41981,14.8469,13.2912,9.59171,16.7297,9.70567,8.10037,9.22408,3.97296,3.97296,4.52996,4.52996,3.74874,4.00672,3.89928,3.20822,2.45742
2021-12-18,1.38987,10.5106,7.26773,11.9458,11.0737,7.68167,12.337,10.7346,7.05381,12.0641,9.80197,6.36367,11.2212,9.90486,7.14795,12.4674,8.64079,7.26472,8.22797,3.89108,3.89108,4.77157,4.77157,3.39812,4.00672,3.87178,2.42476,1.83132
2021-12-19,-0.303053,10.5106,7.26773,11.9458,10.7572,7.46036,11.9851,10.4276,6.85013,11.7198,8.70834,5.65366,9.96924,11.3257,8.17328,14.2557,8.63937,7.22594,8.21534,3.75226,3.75226,4.46564,4.46564,3.24287,4.00672,3.75741,2.15422,2.09402
2021-12-20,0.370273,10.5106,7.26773,11.9458,10.428,7.2302,11.619,10.1084,6.63829,11.3617,12.6549,8.21588,14.4873,14.4808,10.4502,18.2271,10.5523,8.87222,10.0483,3.77939,3.77939,4.31565,4.31565,4.1457,4.00672,3.63845,3.13051,2.67737
2021-12-21,4.29288,10.5106,7.26773,11.9458,10.1106,7.00826,11.2661,9.80049,6.43402,11.0164,12.1955,7.9176,13.9613,13.8646,10.0055,17.4515,10.0397,8.48749,9.57406,3.64177,3.64177,4.35372,4.35372,4.09906,4.00672,3.52374,3.01686,2.56344
2021-12-22,-0.631589,10.5106,7.26773,11.9458,10.2728,7.12164,11.4464,9.95777,6.53838,11.1928,12.0383,7.81555,13.7814,14.1404,10.2046,17.7987,11.0337,9.26392,10.5028,3.81724,3.81724,4.35168,4.35168,4.28671,4.00672,3.58234,2.97797,2.61445
2021-12-23,4.3382,10.5106,7.26773,11.9458,9.98254,6.9187,11.1236,9.67626,6.3516,10.877,11.724,7.61148,13.4215,12.6453,9.1256,15.9168,9.44351,7.96189,8.99902,3.69368,3.69368,4.12234,4.12234,3.80597,4.00672,3.47746,2.90022,2.338
2021-12-24,0.0741257,10.5106,7.26773,11.9458,10.1674,7.04796,11.3292,9.85556,6.47057,11.0781,11.8138,7.66982,13.5244,12.5548,9.06033,15.8029,9.7242,8.1849,9.26241,3.82753,3.82753,3.87352,3.87352,3.876,4.00672,3.54426,2.92244,2.32128
2021-12-25,-0.774978,10.5106,7.26773,11.9458,9.864,6.83582,10.9918,9.56129,6.27531,10.7481,8.44998,5.48593,9.67347,8.41848,6.07529,10.5964,8.80656,7.38153,8.37905,3.60797,3.60797,3.82099,3.82099,3.42871,4.00672,3.43462,2.09031,1.5565
2021-12-26,0.750022,10.5106,7.26773,11.9458,9.60471,6.65452,10.7035,9.30979,6.10845,10.466,6.53825,4.24479,7.48494,8.35682,6.03079,10.5188,7.97616,6.59608,7.56213,3.57495,3.57495,3.94884,3.94884,2.79118,4.00672,3.34092,1.6174,1.5451
2021-12-27,-0.333359,10.5106,7.26773,11.9458,9.34118,6.47026,10.4104,9.05418,5.93886,10.1793,11.3591,7.37457,13.0038,12.1414,8.76198,15.2825,9.78347,8.18809,9.30485,3.66123,3.66123,3.98079,3.98079,3.76712,4.00672,3.24569,2.80994,2.24484
2021-12-28,-6.21515,10.5106,7.26773,11.9458,9.09261,6.29645,10.134,8.81308,5.77889,9.90906,10.2672,6.66569,11.7538,10.8664,7.84181,13.6776,9.40496,7.85733,8.94067,3.43067,3.43067,3.78838,3.78838,3.60366,4.00672,3.15586,2.53984,2.00909
2021-12-29,-2.4336,10.5106,7.26773,11.9458,10.0593,6.9724,11.209,9.75075,6.48906,10.9765,11.4107,7.40809,13.0629,12.8168,9.2494,16.1327,9.72803,8.18231,9.26432,4.14429,4.14429,4.34595,4.34595,3.82781,4.01928,3.53507,2.82272,2.36972
2021-12-30,1.56678,10.5106,7.26773,11.9458,9.95743,6.90115,11.0957,9.6519,6.42261,10.8655,11.3883,7.39357,13.0373,12.5693,9.07075,15.8211,9.54225,8.03383,9.08972,3.63041,3.63041,4.29871,4.29871,3.8239,4.01928,3.49794,2.81718,2.32395
2021-12-31,-1.86492,10.5106,7.26773,11.9458,9.71846,6.73405,10.83,9.42012,6.26677,10.6051,10.1843,6.61191,11.6589,11.2737,8.13582,14.1904,8.55469,7.1573,8.13547,3.57496,3.57496,4.17909,4.17909,3.28249,4.01928,3.41089,2.51935,2.08442
2022-01-01,2.93737,10.5106,7.26773,11.9458,9.56463,6.6265,10.6589,9.27092,6.16646,10.4376,7.15725,4.64665,8.19356,8.18433,5.90631,10.3017,8.62413,7.23318,8.20685,3.64916,3.64916,4.11354,4.11354,3.37317,4.01928,3.35485,1.77052,1.51321
2022-01-02,-0.7189,10.5106,7.26773,11.9458,9.51508,6.59185,10.6038,9.22285,6.13414,10.3836,7.15882,4.64767,8.19535,8.46472,6.10865,10.6546,6.97,5.78908,6.61572,3.60273,3.60273,4.33225,4.33225,2.47643,4.01928,3.3368,1.77091,1.56505
2022-01-03,-1.89147,10.5106,7.26773,11.9458,9.27326,6.42276,10.3349,8.9883,5.97644,10.1201,10.0598,6.53107,11.5164,12.1022,8.73365,15.2331,9.63107,8.07207,9.16337,3.57017,3.57017,4.25306,4.25306,3.70664,4.01928,3.24871,2.48854,2.23759
2022-01-04,-1.21389,10.5106,7.26773,11.9458,9.15377,6.33921,10.202,8.87241,5.89852,9.98997,10.6889,6.9395,12.2366,12.7015,9.16614,15.9875,9.63439,8.05798,9.16147,3.54809,3.54809,4.17357,4.17357,3.73038,4.01928,3.20518,2.64417,2.34839
2022-01-05,-5.20663,10.5106,7.26773,11.9458,8.68286,6.11172,9.55739,8.63111,5.79968,9.71889,10.5129,6.82523,12.0351,12.2431,8.83538,15.4106,8.46517,7.12278,8.06246,3.54874,3.54874,4.05207,4.05207,3.35598,4.01928,3.11534,2.60063,2.26365
2022-01-06,-0.941031,10.5106,7.26773,11.9458,9.35619,6.58969,10.2972,9.30051,6.25393,10.471,10.6252,6.86217,12.1441,12.2385,8.6242,15.3903,9.41876,7.92074,8.96936,3.96763,3.96763,4.5787,4.5787,3.78468,4.01928,3.36563,2.6284,2.26279
2022-01-07,-3.7848,10.5106,7.26773,11.9458,9.11255,6.41674,10.0295,9.05829,6.08957,10.1988,10.2184,6.59949,11.6793,10.9569,7.72108,13.7787,9.98501,8.37803,9.50292,3.84594,3.84594,4.43991,4.43991,3.97811,4.01928,3.27506,2.52778,2.02583
2022-01-08,0.422712,10.5106,7.26773,11.9458,9.33038,6.57137,10.2688,9.27485,6.23652,10.4421,6.64192,4.28963,7.59145,8.30977,5.85572,10.4498,9.35791,7.93932,8.93233,4.13794,4.13794,4.73357,4.73357,4.00141,4.01928,3.3681,1.64304,1.5364
2022-01-09,0.424789,10.5106,7.26773,11.9458,9.05134,6.37329,9.96225,8.99744,6.04827,10.1304,5.83837,3.77066,6.67302,7.636,5.38093,9.60253,9.52891,8.01841,9.07576,3.94657,3.94657,4.46676,4.46676,3.82155,4.01928,3.26402,1.44426,1.41183
2022-01-10,-0.215778,10.5106,7.26773,11.9458,8.78873,6.18688,9.67372,8.73636,5.8711,9.83711,10.2395,6.61311,11.7034,11.0095,7.75816,13.8448,9.07567,7.62431,8.64026,3.70314,3.70314,4.47461,4.47461,3.61738,4.01928,3.16608,2.533,2.03556
2022-01-11,2.16333,10.5106,7.26773,11.9458,8.5449,6.01379,9.40582,8.49396,5.70661,9.56477,10.1727,6.56992,11.6269,11.1352,7.84674,14.0029,9.89377,8.29916,9.41539,3.55542,3.55542,4.2731,4.2731,3.95989,4.01928,3.07513,2.51646,2.0588
2022-01-12,2.79939,10.5106,7.26773,11.9458,8.44267,5.94122,9.2935,8.39232,5.63764,9.45056,9.66501,6.24206,11.0467,10.8788,7.66605,13.6804,8.75446,7.3252,8.32568,3.48584,3.48584,4.11929,4.11929,3.34388,4.01928,3.037,2.39088,2.01139
2022-01-13,-3.13758,10.5106,7.26773,11.9458,8.44608,5.94365,9.29725,8.39571,5.63994,9.45435,10.3008,6.65269,11.7734,10.9772,7.73537,13.8041,9.29268,7.75329,8.83086,3.34808,3.34808,4.01551,4.01551,3.52284,4.01928,3.03827,2.54816,2.02958
2022-01-14,1.18596,10.5106,7.26773,11.9458,8.58528,6.04246,9.45019,8.5341,5.73385,9.6098,8.94917,5.77975,10.2285,10.2417,7.2171,12.8793,9.97137,8.34061,9.48214,3.75653,3.75653,4.14429,4.14429,3.88675,4.01928,3.10396,2.2138,1.8936
2022-01-15,0.18011,10.5106,7.26773,11.9458,8.38264,5.89862,9.22755,8.33265,5.59714,9.38345,6.47165,4.17966,7.39684,7.5484,5.31919,9.49236,8.21488,6.87593,7.81319,3.45435,3.45435,4.10839,4.10839,3.14805,4.01928,3.02807,1.60092,1.39563
2022-01-16,-0.147215,10.5106,7.26773,11.9458,8.15832,5.73938,8.98109,8.10963,5.4458,9.13288,4.71194,3.04317,5.38556,6.38298,4.49795,8.02681,7.47127,6.17287,7.08175,3.36912,3.36912,4.13293,4.13293,2.58233,4.01928,2.94404,1.16561,1.18016
2022-01-17,-2.02276,10.5106,7.26773,11.9458,7.9516,5.59264,8.75397,7.90412,5.30634,8.90197,8.73838,5.64361,9.98762,9.48695,6.68525,11.9302,8.21947,6.82685,7.80168,3.48382,3.48382,3.9633,3.9633,3.00615,4.01928,2.86662,2.16165,1.75405
2022-01-18,0.295614,10.5106,7.26773,11.9458,7.92734,5.57542,8.72732,7.88,5.28998,8.87487,9.15199,5.91074,10.4604,11.2467,7.9253,14.1431,8.93756,7.49443,8.50462,3.37694,3.37694,4.23835,4.23835,3.52061,4.01928,2.85753,2.26397,2.07941
2022-01-19,-1.50099,10.5106,7.26773,11.9458,7.73189,5.43668,8.51257,7.68569,5.15812,8.65655,9.11826,5.88895,10.4218,10.5921,7.46404,13.32,8.62115,7.19306,8.19272,3.28275,3.28275,4.27469,4.27469,3.22079,4.01928,2.78432,2.25563,1.95839
2022-01-20,-2.58167,10.5106,7.26773,11.9458,7.65236,5.38023,8.4252,7.60663,5.10447,8.56776,8.73378,5.55953,9.9528,10.1817,7.0683,12.7739,9.40098,7.80396,8.92187,3.3953,3.3953,4.21709,4.21709,3.48426,4.00672,2.74223,2.16052,1.88251
2022-01-21,-10.9605,10.5106,7.26773,11.9458,7.75428,5.45258,8.53718,7.70796,5.17323,8.68156,8.65744,5.51094,9.86581,9.49664,6.5927,11.9144,9.06503,7.52483,8.60297,3.40017,3.40017,4.11878,4.11878,3.40991,4.00672,2.78025,2.14163,1.75585
2022-01-22,-3.99302,10.8041,7.39755,12.0885,11.2744,7.95132,12.4047,11.6386,7.5534,12.9471,5.76668,3.71791,6.70301,7.45332,5.17807,9.35115,10.3009,8.49199,9.75825,4.72773,4.72773,5.32245,5.32245,3.67718,4.01928,4.11118,1.42406,1.35861
2022-01-23,3.49665,10.8041,7.39755,12.0885,11.3271,7.98876,12.4626,11.693,7.58901,13.0075,5.46833,3.54402,6.36615,8.23603,5.72184,10.3332,10.9599,9.17145,10.4234,4.43387,4.43387,5.27512,5.27512,4.33403,4.01928,4.13093,1.35038,1.50128
2022-01-24,1.0353,10.8041,7.39755,12.0885,11.2154,7.90946,12.3399,11.5777,7.51359,12.8794,10.4863,6.79617,12.208,12.2663,8.52179,15.3896,9.48467,8.03067,9.04847,4.47198,4.47198,4.69079,4.69079,3.93818,4.01928,4.08909,2.58956,2.23592
2022-01-25,0.814241,10.8041,7.39755,12.0885,10.7016,7.56404,11.7598,11.0494,7.23692,12.3364,10.3349,6.69803,12.0317,12.0151,8.34728,15.0745,9.49233,7.98307,9.03955,4.39358,4.39358,4.73279,4.73279,3.75638,4.01928,3.90927,2.55216,2.19013
2022-01-26,-0.276073,10.8041,7.39755,12.0885,10.3725,7.33014,11.3987,10.7097,7.01294,11.9576,10.1331,6.56728,11.7969,12.051,8.37221,15.1195,9.1492,7.68606,8.71026,4.23455,4.23455,4.651,4.651,3.59822,4.01928,3.78621,2.50234,2.19667
2022-01-27,0.77338,10.8041,7.39755,12.0885,10.0536,7.10347,11.0487,10.3806,6.79589,11.5906,9.70385,6.28906,11.2971,10.7262,7.45185,13.4574,10.4706,8.81543,9.97402,4.01091,4.01091,4.69342,4.69342,4.17066,4.01928,3.66697,2.39633,1.95519
2022-01-28,1.72475,10.8041,7.39755,12.0885,9.75713,6.89273,10.7233,10.0747,6.59408,11.2495,8.81198,5.71104,10.2588,9.60674,6.67412,12.0529,10.031,8.45397,9.55788,3.98943,3.98943,4.52718,4.52718,4.17217,4.01928,3.5561,2.17609,1.75113
2022-01-29,0.932129,10.8041,7.39755,12.0885,9.53504,6.73486,10.4795,9.84544,6.44291,10.9939,6.39408,4.144,7.44389,8.02147,5.57278,10.064,8.40306,7.0175,7.98739,3.97775,3.97775,4.34925,4.34925,3.22052,4.01928,3.47304,1.57899,1.46217
2022-01-30,-0.580039,10.8041,7.39755,12.0885,9.27282,6.54847,10.1917,9.57482,6.26443,10.692,4.70661,3.05035,5.47936,7.42504,5.15842,9.31566,6.86827,5.6627,6.5066,3.78115,3.78115,4.35417,4.35417,2.35634,4.01928,3.37499,1.16228,1.35345
2022-01-31,1.48044,10.8041,7.39755,12.0885,9.02262,6.37063,9.91711,9.3166,6.09413,10.404,8.1732,5.29704,9.51511,9.41508,6.54097,11.8124,8.1212,6.70819,7.6973,3.36778,3.36778,4.04667,4.04667,2.85614,4.01928,3.28142,2.01834,1.7162
2022-02-01,0.673726,10.8041,7.39755,12.0885,8.82394,6.2294,9.69905,9.11155,5.95889,10.1752,8.17395,5.29753,9.51598,9.95628,6.91696,12.4914,7.908,6.5021,7.48623,3.30476,3.30476,3.9615,3.9615,2.65517,4.01928,3.20712,2.01853,1.81485
2022-02-02,-4.73107,10.8041,7.39755,12.0885,8.59115,6.06393,9.44355,8.8713,5.80044,9.90729,8.34818,5.41045,9.71882,9.58094,6.6562,12.0205,8.14401,6.65544,7.69744,3.20675,3.20675,3.70095,3.70095,2.66852,4.01928,3.12007,2.06155,1.74643
2022-02-03,0.544117,10.8041,7.39755,12.0885,9.08656,6.41607,9.98728,9.38258,6.13765,10.4772,8.63567,5.59677,10.0535,10.5704,7.3436,13.2619,9.29607,7.70486,8.81871,3.45962,3.45962,4.2361,4.2361,3.40991,4.04884,3.32831,2.13255,1.92679
2022-02-04,11.0627,10.8041,7.39755,12.0885,8.83555,6.23766,9.7118,9.12353,5.9668,10.1884,9.00002,5.83291,10.4777,9.47746,6.58431,11.8907,8.67,7.21054,8.23216,3.20458,3.20458,3.87468,3.87468,3.28838,4.04884,3.23383,2.22252,1.72757
2022-02-05,-0.143981,10.8041,7.39755,12.0885,11.7134,8.28329,12.8704,12.0937,7.92566,13.5027,5.08867,3.29797,5.92416,8.98465,6.24193,11.2724,8.7169,7.21002,8.26483,3.82255,3.82255,3.95213,3.95213,3.07473,4.04884,4.31718,1.25663,1.63774
2022-02-06,2.31669,10.8041,7.39755,12.0885,11.3244,8.00675,12.4434,11.6921,7.66085,13.0549,4.93115,3.19587,5.74077,7.39814,5.13973,9.28191,7.83139,6.44857,7.41654,3.70378,3.70378,4.09929,4.09929,2.6481,4.04884,4.17073,1.21773,1.34855
2022-02-07,3.31116,10.8041,7.39755,12.0885,11.0663,7.82332,12.1602,11.4258,7.51252,12.7678,8.13542,5.27256,9.47113,9.61542,6.68015,12.0638,9.13494,7.55765,8.66175,3.5703,3.5703,4.11792,4.11792,3.21037,4.04884,4.14548,2.00901,1.75272
2022-02-08,0.63248,10.8041,7.39755,12.0885,10.9533,7.743,12.0361,11.3092,7.43202,12.6321,9.89263,6.4114,11.5168,11.5844,8.04809,14.5342,10.3936,8.61726,9.86066,3.32564,3.32564,3.83145,3.83145,3.75224,4.04884,4.10222,2.44295,2.11163
2022-02-09,0.498211,10.8041,7.39755,12.0885,10.606,7.49613,11.655,10.9508,7.17189,12.2306,9.67187,6.26833,11.2598,10.4913,7.28866,13.1627,7.88827,6.51263,7.47558,3.37373,3.37373,3.66658,3.66658,2.68229,4.04884,3.96925,2.38843,1.91237
2022-02-10,-1.76034,10.8041,7.39755,12.0885,10.2736,7.25984,11.2901,10.6077,6.96723,11.8485,9.42921,6.11107,10.9773,10.0408,6.97569,12.5975,9.16779,7.55186,8.68301,3.44224,3.44224,3.55524,3.55524,3.18121,4.04884,3.77517,2.32851,1.83026
2022-02-11,-2.69211,10.8041,7.39755,12.0885,10.0518,7.10221,11.0467,10.3788,6.79468,11.5942,8.96808,5.81221,10.4405,8.94383,6.21357,11.2212,8.48048,7.02942,8.04516,3.36129,3.36129,3.77586,3.77586,3.07077,4.01928,3.66631,2.21464,1.6303
2022-02-12,-0.38621,10.8041,7.39755,12.0885,9.96236,7.0386,10.9485,10.2865,6.73377,11.4908,5.70912,3.70007,6.64647,6.78676,4.71498,8.51485,5.28546,4.2838,4.98496,3.34917,3.34917,3.98582,3.98582,1.65255,4.01928,3.63285,1.40985,1.2371
2022-02-13,-0.111212,10.8041,7.39755,12.0885,9.66782,6.82924,10.6252,9.98248,6.53329,11.1567,4.73775,3.07053,5.51561,6.66908,4.63323,8.36721,5.13353,4.15223,4.83914,3.47022,3.47022,4.04047,4.04047,1.50959,4.01928,3.54713,1.16997,1.21565
2022-02-14,0.918582,10.8041,7.39755,12.0885,9.37732,6.60997,10.3232,9.69297,6.32393,10.8324,8.68517,5.62885,10.1111,9.22175,6.40665,11.5699,8.73092,7.19923,8.27142,3.47278,3.47278,3.94063,3.94063,3.05674,4.01928,3.43079,2.14477,1.68096
2022-02-15,4.56306,10.8041,7.39755,12.0885,9.12912,6.43392,10.0503,9.43653,6.15534,10.5458,8.87386,5.75114,10.3308,9.53539,6.62455,11.9634,9.30475,7.73228,8.83301,3.42899,3.42899,3.74504,3.74504,3.48389,4.01928,3.33764,2.19137,1.73813
2022-02-16,-1.38553,10.8041,7.39755,12.0885,9.43091,6.64798,10.3821,9.74834,6.36033,10.8937,9.68215,6.275,11.2718,10.7202,7.44767,13.4498,9.23577,7.68503,8.77055,3.02078,3.02078,3.77487,3.77487,3.39127,4.01928,3.45091,2.39097,1.9541
2022-02-17,-8.10823,10.8041,7.39755,12.0885,9.22844,6.50437,10.1595,9.53915,6.2228,10.66,8.72467,5.65445,10.1571,9.90587,6.88193,12.4282,8.7531,7.26872,8.30778,2.98357,2.98357,3.8449,3.8449,3.16683,4.01928,3.37492,2.15453,1.80566
2022-02-18,-1.25866,10.8041,7.55378,12.1108,10.7617,7.59189,11.8451,11.1232,7.32409,12.5122,9.98671,6.88637,11.7222,10.6403,7.57032,13.3954,10.5853,8.68489,10.0152,3.88581,3.88581,4.52422,4.52422,3.59761,4.04884,4.02103,2.46618,1.93954
2022-02-19,0.227513,10.8041,7.55378,12.1108,10.4721,7.38651,11.5268,10.8241,7.12582,12.1754,6.08967,4.19916,7.14793,6.54057,4.65345,8.23414,4.23297,3.39314,3.98102,3.64726,3.64726,4.0781,4.0781,1.22135,4.04884,3.91047,1.50382,1.19223
2022-02-20,-4.30544,10.8041,7.55378,12.1108,10.1489,7.15725,11.1715,10.4901,6.90699,11.8032,4.93433,3.40249,5.79182,6.19601,4.4083,7.80036,3.9956,3.17393,3.7491,3.5059,3.5059,4.17456,4.17456,1.02064,4.04884,3.78707,1.21852,1.12942
2022-02-21,-3.59238,10.8041,7.55378,12.1108,10.351,7.30057,11.3936,10.6989,7.04286,12.0369,8.40805,5.82623,9.92977,10.4518,7.43617,13.1581,9.48658,7.88113,9.00494,3.81853,3.81853,4.68228,4.68228,3.46946,4.05828,3.86945,2.07634,1.90517
2022-02-22,3.21346,10.8041,7.55378,12.1108,10.3885,7.32717,11.4348,10.7377,7.06854,12.0794,10.175,7.05058,12.0165,11.5399,8.21035,14.5279,10.1828,8.53253,9.68772,4.00291,4.00291,4.63875,4.63875,3.99997,4.05828,3.88379,2.51267,2.10351
2022-02-23,-2.61836,10.8041,7.55378,12.1108,10.3098,7.27138,11.3484,10.6564,7.01468,11.987,10.1791,7.05347,12.0214,11.5486,8.21657,14.539,9.58332,8.09295,9.13621,3.88558,3.88558,4.31585,4.31585,3.82507,4.05828,3.85372,2.5137,2.10511
2022-02-24,2.73995,10.8041,7.55378,12.1108,10.1908,7.187,11.2176,10.5335,6.93322,11.8494,10.6962,7.41174,12.632,11.4451,8.14291,14.4086,10.5931,8.85995,10.0732,3.91987,3.91987,4.28175,4.28175,4.03579,4.05828,3.80308,2.64138,2.08623
2022-02-25,2.27385,10.8041,7.55378,12.1108,10.0578,7.09265,11.0713,10.396,6.84214,11.6946,11.2901,7.82327,13.3334,11.673,8.30506,14.6955,8.93649,7.53102,8.51485,3.68362,3.68362,4.14142,4.14142,3.51373,4.05828,3.75229,2.78804,2.12778
2022-02-26,-0.278534,10.8041,7.55378,12.1108,9.87624,6.96385,10.8717,10.2084,6.71779,11.4824,6.6648,4.61827,7.87102,8.34988,5.94073,10.5119,9.62714,8.04609,9.15283,3.62688,3.62688,4.19221,4.19221,3.6356,4.05828,3.68296,1.64585,1.52203
2022-02-27,-3.63345,10.8041,7.55378,12.1108,9.58887,6.76002,10.5558,9.91153,6.52103,11.1479,5.59543,3.87726,6.60811,7.41138,5.27301,9.33043,9.20409,7.69153,8.75032,3.47296,3.47296,4.02148,4.02148,3.46605,4.05828,3.57324,1.38177,1.35096
2022-02-28,13.5764,10.8041,7.55378,12.1108,9.70102,6.83956,10.6791,10.0274,6.59781,11.2819,11.0898,7.68452,13.0969,11.5908,8.24654,14.592,9.90705,8.29738,9.42415,3.42427,3.42427,4.26465,4.26465,3.84829,4.04884,3.61606,2.73859,2.11278
2022-03-01,2.65334,10.8041,7.55378,12.1108,13.512,9.54266,14.8687,13.9648,9.20731,15.7105,13.786,9.55278,16.281,14.0274,9.98015,17.6596,11.575,9.63357,10.9926,3.89883,3.89883,4.43772,4.43772,4.27673,4.01928,4.98261,3.4044,2.55694
2022-03-02,-0.975375,10.8041,7.55378,12.1108,13.1635,9.29549,14.4856,13.6047,8.9687,15.3035,13.7055,9.497,16.186,12.9572,9.21872,16.3122,11.395,9.49905,10.8262,3.87199,3.87199,4.03331,4.03331,4.26073,4.01928,4.85182,3.38452,2.36186
2022-03-03,-3.40944,10.8041,7.55378,12.1108,12.7319,8.98933,14.0111,13.1588,8.67314,14.7995,11.8863,8.2364,14.0375,12.2304,8.7016,15.3972,11.5957,9.62852,11.0056,3.71992,3.71992,3.99513,3.99513,4.21704,4.01928,4.68982,2.93527,2.22937
2022-03-04,-8.12853,10.8041,7.55378,12.1108,12.5597,8.86719,13.8218,12.9809,8.55523,14.5983,12.5988,8.73017,14.879,12.0047,8.54108,15.1132,11.1636,9.30546,10.6062,3.44949,3.44949,4.19772,4.19772,4.21199,4.01928,4.62519,3.11124,2.18825
2022-03-05,0.669691,10.8041,7.64742,12.13,13.5203,9.54857,14.8779,13.9734,9.21302,15.7097,8.9037,6.16968,10.5151,9.80087,6.97308,12.3386,11.508,9.69413,10.9638,4.51327,4.51327,4.88169,4.88169,4.60166,4.04884,5.07427,2.19874,1.78652
2022-03-06,-2.52029,10.8041,7.64742,12.13,12.9172,9.12942,14.208,13.3456,8.84348,15.0505,8.66385,6.00348,10.2319,8.72718,6.20917,10.9869,12.0624,10.0635,11.4627,4.01692,4.01692,4.41701,4.41701,4.5361,4.04884,4.8179,2.13951,1.59081
2022-03-07,-0.936026,10.8041,7.64742,12.13,12.6343,8.92865,13.8971,13.0534,8.64891,14.7219,13.1527,9.11395,15.5331,13.5615,9.64865,17.073,11.8391,9.88001,11.2514,4.13518,4.13518,4.81975,4.81975,4.46343,4.04884,4.71063,3.24801,2.47201
2022-03-08,1.75847,10.8041,7.64742,12.13,12.2501,8.65599,13.4748,12.6565,8.38467,14.2707,13.2627,9.19018,15.663,12.9128,9.18715,16.2564,12.5234,10.4315,11.8958,3.96932,3.96932,4.75809,4.75809,4.69584,4.04884,4.56496,3.27518,2.35377
2022-03-09,8.04609,10.8041,7.64742,12.13,11.9154,8.41846,13.107,12.3108,8.15435,13.8791,12.5987,8.73006,14.8788,11.3434,8.07058,14.2806,10.9114,9.08487,10.3634,4.01472,4.01472,4.62871,4.62871,4.04482,4.04884,4.43805,3.1112,2.0677
2022-03-10,-6.25469,10.8041,7.64742,12.13,12.8023,9.04782,14.0816,13.2268,8.76396,14.9051,13.6958,9.49027,16.1745,13.3548,9.50158,16.8127,12.7023,10.6458,12.0853,4.05986,4.05986,4.45549,4.45549,4.90022,4.04884,4.7743,3.38212,2.43433
2022-03-11,-1.64254,10.8041,7.64742,12.13,13.1687,9.30788,14.4843,13.6053,9.01637,15.3383,14.7187,10.1991,17.3825,13.0785,9.305,16.4649,12.2528,10.4023,11.6976,4.40231,4.40231,5.14431,5.14431,5.06201,4.05828,4.93889,3.63472,2.38397
2022-03-12,0.280674,10.8041,7.64742,12.13,12.798,9.04481,14.0769,13.2224,8.76113,14.9018,10.6696,7.39336,12.6007,8.6322,6.1416,10.8674,12.7765,10.701,12.1539,4.17413,4.17413,4.80968,4.80968,5.01563,4.05828,4.79763,2.63483,1.57349
2022-03-13,-2.74753,10.8041,7.64742,12.13,12.3842,8.75117,13.6222,12.7951,8.47628,14.4155,7.30997,5.06533,8.63295,8.11425,5.77309,10.2153,11.1478,9.43222,10.6332,4.03996,4.03996,4.74641,4.74641,4.62161,4.05828,4.63995,1.80517,1.47908
2022-03-14,4.68914,10.8041,7.64742,12.13,12.1563,8.58945,13.3718,12.5597,8.31953,14.1499,12.9911,9.00195,15.3422,12.9489,9.21279,16.3017,11.7478,9.88503,11.189,4.02901,4.02901,4.89913,4.89913,4.67432,4.05828,4.55311,3.20809,2.36034
2022-03-15,-0.830251,10.8041,7.64742,12.13,12.1961,8.61766,13.4155,12.6008,8.34668,14.1928,12.0353,8.33965,14.2135,13.3612,9.50616,16.8209,11.1214,9.41201,10.6086,4.02306,4.02306,4.40559,4.40559,4.56902,4.05828,4.56826,2.97207,2.4355
2022-03-16,4.48654,10.8041,7.64742,12.13,11.8281,8.35653,13.0111,12.2207,8.09332,13.7598,12.5341,8.68531,14.8026,12.8137,9.11666,16.1316,11.1003,9.42814,10.5987,4.1047,4.1047,4.8249,4.8249,4.63106,4.05828,4.42803,3.09525,2.33571
2022-03-17,-0.469085,10.8041,7.64742,12.13,11.8567,8.37684,13.0425,12.2503,8.11276,13.7889,13.1048,9.08075,15.4765,13.4064,9.53831,16.8777,13.0236,11.0289,12.4252,4.28435,4.28435,4.65828,4.65828,5.30226,4.05828,4.43894,3.23618,2.44374
2022-03-18,2.05385,10.8041,7.64742,12.13,11.4929,8.11863,12.6427,11.8745,7.86355,13.3834,13.5637,9.39877,16.0185,11.3957,8.10776,14.3464,11.9508,10.0742,11.3878,4.20349,4.20349,4.30741,4.30741,4.80544,4.05828,4.30029,3.34951,2.07723
2022-03-19,0.927476,10.8041,7.64742,12.13,11.2194,7.92455,12.3421,11.592,7.67582,13.0763,8.04749,5.57638,9.50396,7.38351,5.25319,9.29535,11.092,9.35663,10.5714,4.09164,4.09164,4.37782,4.37782,4.40721,4.05828,4.19607,1.9873,1.34588
2022-03-20,-2.26004,10.8041,7.64742,12.13,10.8919,7.69213,11.9822,11.2537,7.45033,12.6862,8.67095,6.0084,10.2403,7.79229,5.54402,9.80998,11.512,9.68921,10.9651,3.75293,3.75293,4.17281,4.17281,4.54304,4.05828,4.07126,2.14126,1.42039
2022-03-21,-0.41257,10.8041,7.64742,12.13,10.6965,7.55352,11.7675,11.052,7.31548,12.4499,11.3213,7.84493,13.3703,11.7585,8.36587,14.8031,11.3968,9.57245,10.8495,3.55787,3.55787,4.52738,4.52738,4.3904,4.05828,3.99683,2.79576,2.14336
2022-03-22,3.07037,10.8041,7.64742,12.13,10.3862,7.33332,11.4265,10.7315,7.10285,12.1183,12.2409,8.48218,14.4564,11.5142,8.19206,14.4956,11.3697,9.52146,10.8152,3.46518,3.46518,4.4995,4.4995,4.32509,4.05828,3.87859,3.02286,2.09883
2022-03-23,1.25313,10.8041,7.64742,12.13,10.2915,7.26613,11.3225,10.6337,7.03774,12.1109,11.7119,8.11561,13.8316,11.5903,8.24624,14.5915,11.0078,9.26937,10.4863,3.57004,3.57004,4.40908,4.40908,4.28786,4.05828,3.87703,2.89222,2.11271
2022-03-24,2.45937,10.5106,7.55378,11.8286,10.0247,7.07676,11.0292,10.0076,6.85422,11.592,12.8523,8.86237,15.0857,12.1355,8.43752,15.1845,13.0539,11.0749,12.4602,3.32794,3.32794,4.36436,4.36436,5.45356,4.04884,3.74082,3.17384,2.21209
2022-03-25,0.878274,10.5106,7.55378,11.8286,9.87528,6.97072,10.865,9.85838,6.75146,11.5033,12.188,8.40429,14.3059,10.1918,7.08611,12.7524,11.2691,9.43867,10.72,3.14389,3.14389,4.36786,4.36786,4.44136,4.04884,3.68388,3.00979,1.85779
2022-03-26,0.342371,10.5106,7.55378,11.8286,9.51774,6.74123,10.4473,9.61189,6.63926,11.2487,6.97315,4.80836,8.18485,6.77011,4.70708,8.47105,8.93906,7.48303,8.50225,3.21597,3.21597,4.23403,4.23403,3.382,4.04884,3.60632,1.72199,1.23407
2022-03-27,5.08132,10.5106,7.39755,11.7292,9.27638,6.56946,10.1827,9.44281,6.38528,10.8939,6.69657,4.61764,7.86022,6.90742,4.80255,8.64285,8.62588,7.25725,8.21529,3.01162,3.01162,4.30187,4.30187,3.3528,4.01928,3.50496,1.65369,1.2591
2022-03-28,0.654641,10.5106,7.39755,11.7292,9.6212,6.81486,10.5608,9.76163,6.62391,11.295,11.5668,7.97591,13.5767,11.6584,8.10581,14.5875,10.4809,8.83988,9.98861,2.91516,2.91516,4.33208,4.33208,4.21869,4.01928,3.6378,2.85637,2.12512
2022-03-29,0.714056,10.5106,7.39755,11.7292,9.3804,6.64348,10.2967,9.47899,6.45726,11.0089,10.4988,7.23948,12.3231,10.4422,7.26022,13.0658,8.92558,7.51228,8.50159,3.10732,3.10732,4.11571,4.11571,3.48185,4.01928,3.54503,2.59264,1.90343
2022-03-30,-0.852798,10.5106,7.39755,11.7292,9.15313,6.48175,10.0475,9.58546,6.29999,10.7843,11.1128,7.66288,13.0439,10.7148,7.44975,13.4069,9.35511,7.84405,8.90179,3.05104,3.05104,3.89334,3.89334,3.58438,4.01928,3.45748,2.74427,1.95312
2022-03-31,-3.2918,10.5106,7.39755,11.7292,8.95109,6.33796,9.82597,9.3756,6.16017,10.5633,10.7094,7.38467,12.5703,10.6925,7.43424,13.379,9.48193,7.95906,9.02507,2.98758,2.98758,3.9891,3.9891,3.69106,3.99533,3.35636,2.64464,1.94906
2022-04-01,1.61834,10.5106,7.39755,11.7292,9.02013,6.3871,9.90168,9.4474,6.20795,10.6397,11.4462,7.8928,13.4352,9.74632,6.77636,12.195,10.0052,8.41803,9.52903,3.26441,3.26441,4.39768,4.39768,4.00007,3.99533,3.38278,2.82661,1.77658
2022-04-02,-0.895703,10.5106,7.39755,11.7292,8.858,6.27171,9.72389,9.27712,6.09574,10.443,5.41397,3.73322,6.35474,6.64219,4.61814,8.31099,5.45409,4.4902,5.16492,3.48896,3.48896,4.17271,4.17271,1.86633,3.99533,3.32074,1.33696,1.21075
2022-04-03,1.26649,10.5106,7.39755,11.7292,8.67359,6.14048,9.52168,9.08353,5.96812,10.2203,7.06877,4.87429,8.29709,7.12399,4.95312,8.91383,9.20078,7.72145,8.75699,3.35281,3.35281,4.28843,4.28843,3.55539,3.99533,3.25017,1.74561,1.29857
2022-04-04,0.363374,10.5106,7.39755,11.7292,8.50722,6.02208,9.33926,8.91187,5.85299,10.0502,10.7484,7.41158,12.6161,10.8694,7.55718,13.6002,9.89305,8.25003,9.40014,3.25402,3.25402,4.0531,4.0531,3.66752,3.99533,3.18651,2.65427,1.98129
2022-04-05,-2.31448,10.5106,7.39755,11.7292,8.31693,5.88666,9.13059,8.71203,5.7213,9.81946,10.2407,7.06149,12.0202,10.2408,7.12018,12.8137,9.81963,8.21599,9.33853,3.09943,3.09943,3.98754,3.98754,3.75734,3.99533,3.11369,2.5289,1.86672
2022-04-06,-5.29457,10.5106,7.39755,11.7292,8.29049,5.86784,9.10161,8.6843,5.70301,9.78771,9.75421,6.72605,11.4492,11.1195,7.73113,13.9132,9.2992,7.72737,8.82765,3.09923,3.09923,4.37624,4.37624,3.41989,3.99533,3.10357,2.40877,2.02689
2022-04-07,0.685297,10.5106,7.39755,11.7292,8.85823,6.27188,9.72415,9.28203,6.0959,10.4924,11.199,7.72233,13.1451,11.3895,7.91882,14.251,10.2642,8.54659,9.74891,3.49406,3.49406,4.45415,4.45415,3.80884,3.99533,3.32083,2.76556,2.0761
2022-04-08,-2.8354,10.5106,7.39755,11.7292,8.65662,6.1284,9.50308,9.07111,5.95638,10.2564,11.7369,8.09319,13.7763,10.3234,7.17757,12.917,8.80294,7.37461,8.37444,3.41887,3.41887,4.2142,4.2142,3.44443,3.99533,3.24368,2.89838,1.88176
2022-04-09,1.16252,10.5106,7.39755,11.7292,8.67725,6.14309,9.5257,9.09287,5.97066,10.2824,5.97225,4.11818,7.01003,7.64238,5.31355,9.56247,7.25724,6.03494,6.89055,3.50814,3.50814,4.18469,4.18469,2.69422,3.99533,3.25157,1.47482,1.39307
2022-04-10,-1.35186,10.462,7.26773,11.6046,8.50483,6.02038,9.33664,8.91406,5.72501,10.0344,6.88444,4.74719,8.08073,8.28446,5.75997,10.3659,7.39609,6.15243,7.02299,3.43961,3.43961,4.13029,4.13029,2.70542,3.99086,3.16778,1.70009,1.51011
2022-04-11,-6.5747,10.462,7.26773,11.6046,8.36878,5.92355,9.18744,8.77154,5.63285,9.89635,10.1702,7.01289,11.9374,10.5856,7.35987,13.2451,9.24013,7.77111,8.79942,3.55895,3.55895,4.40027,4.40027,3.64522,3.99086,3.116,2.51149,1.92956
2022-04-12,1.5199,9.81726,7.23204,11.3377,9.29574,6.58323,10.2039,9.38771,6.26075,10.7933,10.1064,6.96893,11.8626,11.8524,8.24068,14.8302,9.37086,7.9272,8.93776,3.98995,3.98995,4.87253,4.87253,3.79332,3.99086,3.51242,2.49575,2.16048
2022-04-13,2.55765,9.81726,7.23204,11.3377,9.11147,6.4521,10.0018,9.20164,6.13593,10.5788,11.121,7.66852,13.0535,11.7717,8.18455,14.7292,9.73771,8.21062,9.27959,3.72638,3.72638,4.42012,4.42012,3.86753,3.99086,3.44143,2.74629,2.14576
2022-04-14,-3.03644,9.81726,7.23204,11.3377,9.03404,6.397,9.91693,9.12345,6.08348,10.4986,11.0006,7.58548,12.9121,11.0891,7.70994,13.8751,8.95168,7.51712,8.52131,3.6781,3.6781,4.55382,4.55382,3.48698,3.99086,3.4116,2.71655,2.02133
2022-04-15,1.53551,9.81726,7.23204,11.3377,9.17828,6.48705,10.0921,9.12874,6.15477,10.5221,12.5812,8.67541,14.7674,11.168,7.76483,13.9739,9.9544,8.36786,9.47844,3.53589,3.53589,4.68233,4.68233,3.98672,3.99086,3.45045,3.10688,2.03573
2022-04-16,-0.318556,9.81726,7.23204,11.3377,9.01453,6.37078,9.91221,8.96586,6.04436,10.3336,6.4393,4.44024,7.55824,7.45368,5.18235,9.32636,8.52996,7.20071,8.13118,3.22252,3.22252,4.39904,4.39904,3.43834,3.99086,3.38776,1.59016,1.35867
2022-04-17,-1.76575,9.81726,7.23204,11.3377,8.81477,6.22894,9.69279,8.76717,5.90967,10.1036,7.20737,4.96986,8.45977,7.65619,5.32315,9.57974,7.74426,6.46845,7.36152,3.17848,3.17848,4.39578,4.39578,2.86253,3.99086,3.31127,1.77983,1.39558
2022-04-18,2.75462,9.81726,7.23204,11.3377,8.70671,6.15221,9.57409,8.65969,5.83681,9.97907,10.8926,7.51101,12.7853,11.7214,8.14957,14.6663,10.0892,8.57147,9.63391,3.33198,3.33198,4.43103,4.43103,4.30832,3.99086,3.2699,2.68988,2.1366
2022-04-19,1.64353,9.81726,7.23204,11.3377,8.6922,6.14191,9.55814,8.64525,5.82703,9.9638,10.3472,7.13497,12.1452,10.9903,7.64129,13.7516,9.0858,7.68271,8.66487,3.27855,3.27855,4.23888,4.23888,3.7344,3.91801,3.21631,2.55521,2.00334
2022-04-20,-0.309789,9.81726,7.23204,11.3377,8.56377,6.05072,9.41708,8.51751,5.74044,9.81485,10.3524,7.13857,12.1514,11.202,7.78843,14.0164,9.11104,7.6187,8.66334,3.11934,3.11934,4.12775,4.12775,3.44958,3.91801,3.16784,2.5565,2.04191
2022-04-21,-2.06844,9.81726,7.23204,11.3377,8.38723,5.92536,9.22315,8.34191,5.6214,9.61075,10.7174,7.39021,12.5797,10.6283,7.38956,13.2985,9.4081,7.88021,8.94973,3.08064,3.08064,4.28373,4.28373,3.64309,3.91801,3.1012,2.64662,1.93734
2022-04-22,-1.96111,9.81726,7.23204,11.3377,8.33681,5.88956,9.16777,8.29176,5.58741,9.55077,11.1041,7.6569,13.0337,10.0969,7.02014,12.6337,8.86343,7.40493,8.42588,3.23289,3.23289,4.18642,4.18642,3.36248,3.91801,3.08218,2.74213,1.84049
2022-04-23,-0.640165,9.81726,7.23204,11.3377,8.27808,5.84786,9.10325,8.23334,5.54781,9.4847,6.29276,4.33919,7.38623,7,4.86692,8.75869,8.94521,7.41827,8.48713,3.4167,3.4167,4.32421,4.32421,3.2491,3.79731,3.04431,1.55397,1.27597
2022-04-24,-0.0441642,9.81726,7.23204,11.3377,8.12672,5.74039,8.937,8.08279,5.44576,9.30904,5.96627,4.11406,7.00301,7.01367,4.87642,8.7758,7.54487,6.251,7.15671,3.53009,3.53009,4.01494,4.01494,2.71649,3.79731,2.98746,1.47335,1.27847
2022-04-25,2.4749,9.81726,7.23204,11.3377,7.96957,5.62881,8.76437,7.92648,5.3398,9.12665,10.2476,7.06624,12.0283,10.7131,7.44855,13.4047,9.03119,7.58889,8.5985,3.50917,3.50917,4.17876,4.17876,3.63813,3.79731,2.92845,2.5306,1.95281
2022-04-26,-5.95995,9.81726,7.23204,11.3377,7.97172,5.63033,8.76673,7.92862,5.34124,9.12639,8.76431,6.04346,10.2873,10.651,7.40539,13.327,8.42513,7.0247,8.005,3.49247,3.49247,4.07819,4.07819,3.19319,3.79731,2.92925,2.16432,1.94149
2022-04-27,2.90527,9.81726,7.23204,11.3377,8.76506,6.19364,9.63818,8.71772,5.93599,10.0609,10.4187,7.18427,12.2292,10.9234,7.59475,13.6678,9.63105,8.10852,9.17429,3.99875,3.99875,4.75543,4.75543,3.85914,3.91801,3.24381,2.57287,1.99113
2022-04-28,1.34839,9.81726,7.23204,11.3377,8.76641,6.1946,9.63966,8.71906,5.93691,10.0615,10.1889,7.02582,11.9594,10.7308,7.46085,13.4268,8.82478,7.42338,8.40436,3.80468,3.80468,4.42704,4.42704,3.4964,3.91801,3.24432,2.51612,1.95603
2022-04-29,-2.97024,9.81726,7.23204,11.3377,8.6134,6.08596,9.47159,8.56687,5.83271,9.88263,11.8772,8.18998,13.9411,10.1539,7.05971,12.7049,8.91602,7.50226,8.49189,3.58421,3.58421,4.26972,4.26972,3.57676,3.91801,3.18657,2.93304,1.85086
2022-04-30,-2.34521,9.81726,7.23204,11.3377,8.66507,6.12264,9.52835,8.61827,5.8679,9.94026,4.65852,3.2123,5.46802,7.25785,5.0462,9.08133,8.81571,7.40843,8.39352,3.55733,3.55733,4.38812,4.38812,3.51318,3.91801,3.20607,1.15041,1.32297
2022-05-01,1.98006,9.81726,7.23204,11.3377,8.62805,6.09636,9.48768,8.58144,5.84269,9.89412,6.48396,4.47104,7.61066,7.68525,5.34336,9.61611,8.6114,7.24814,8.20242,3.402,3.402,4.48357,4.48357,3.44874,3.91801,3.1921,1.60119,1.40088
2022-05-02,0.156455,9.81726,7.23204,11.3377,8.53209,6.02822,9.38227,8.48599,5.77734,9.80036,10.2327,7.05596,12.0108,11.2997,7.85641,14.1387,8.07829,6.8114,7.69822,3.23777,3.23777,4.17006,4.17006,3.27483,3.91801,3.15588,2.52692,2.05973
2022-05-03,-2.04222,9.81726,7.23204,11.3377,8.35293,5.90101,9.18548,8.3078,5.65534,9.59338,10.2638,7.07746,12.0473,11.0003,7.6482,13.764,8.7301,7.42698,8.33916,3.33674,3.33674,4.28201,4.28201,3.76652,3.91801,3.08826,2.53462,2.00515
2022-05-04,5.03126,9.81726,7.23204,11.3377,8.3019,5.86478,9.12942,8.25703,5.62058,9.53625,9.61529,6.63025,11.2861,11.041,7.67653,13.815,8.21433,6.87835,7.81354,3.44008,3.44008,4.54482,4.54482,3.11485,3.91801,3.069,2.37446,2.01258
2022-05-05,-8.19413,9.81726,7.23204,11.3377,8.70401,6.15296,9.5709,8.68761,5.93318,10.0174,10.8747,7.4987,12.7644,11.716,8.14584,14.6596,9.39532,7.90359,8.9478,3.49476,3.49476,4.43145,4.43145,3.7519,3.91801,3.23478,2.68547,2.13562
2022-05-06,-1.47138,9.81726,7.26773,11.3749,10.0516,7.10969,11.0513,10.0327,6.96679,11.6584,11.7391,8.13441,13.8076,11.8942,8.32218,14.8825,9.83759,8.24761,9.3606,3.82095,3.82095,4.68823,4.68823,3.86083,3.99086,3.78791,2.89892,2.1681
2022-05-07,-1.50673,9.81726,7.26773,11.3749,9.85318,6.96883,10.8333,9.83465,6.82872,11.4338,6.37958,4.42063,7.50373,8.27675,5.7911,10.3562,9.30919,7.80482,8.85788,3.49931,3.49931,4.52373,4.52373,3.64728,3.91801,3.66936,1.57541,1.5087
2022-05-08,-4.14857,9.81726,7.26773,11.3749,9.66729,6.83685,10.6291,9.6491,6.69936,11.2113,5.66872,3.92805,6.66761,8.34507,5.83891,10.4417,8.97067,7.48914,8.52621,3.36802,3.36802,4.94917,4.94917,3.42927,3.91801,3.59906,1.39987,1.52116
2022-05-09,-11.7055,9.81726,7.26773,11.3749,9.82248,6.94703,10.7996,9.804,6.80735,11.3835,11.4085,8.13553,13.4276,12.3414,8.63504,15.442,9.87863,8.22955,9.38391,3.54635,3.54635,5.10595,5.10595,3.72516,3.99086,3.70028,2.81729,2.24961
2022-05-10,2.36787,10.462,7.39755,11.5473,12.2335,8.65872,13.4482,12.6692,8.52308,14.4216,11.4133,8.22794,13.356,15.3477,10.9195,19.3496,9.99687,8.36588,9.50757,4.55766,4.55766,5.81195,5.81195,3.86432,3.99086,4.62239,2.77454,2.79761
2022-05-11,-6.96271,10.462,7.26773,11.5205,11.978,8.47736,13.1676,12.4047,8.30731,14.0851,13.071,9.42304,15.296,14.3193,10.1878,18.053,11.1728,9.3824,10.6357,3.62377,3.62377,4.92847,4.92847,4.4175,3.91801,4.47292,3.17754,2.61014
2022-05-12,0.38423,10.462,7.26773,11.5205,12.5002,8.84807,13.7412,12.9454,8.67068,14.697,12.6652,9.13045,14.821,15.7896,11.2339,19.9067,11.3766,9.51048,10.8168,4.16328,4.16328,5.74886,5.74886,4.41048,3.99086,4.7244,3.07887,2.87816
2022-05-13,0.806963,10.462,7.26773,11.5205,12.1446,8.59566,13.3506,12.5773,8.42327,14.2768,13.8796,10.006,16.2422,12.4234,8.83894,15.6627,10.8393,9.06301,10.3064,3.89609,3.89609,5.20155,5.20155,4.19657,3.99086,4.58842,3.37411,2.26456
2022-05-14,2.75566,10.462,7.26773,11.5205,11.8117,8.35928,12.9849,12.2325,8.19158,13.8836,5.62782,4.05715,6.58579,9.51031,6.76635,11.9901,9.77377,8.26019,9.31969,3.67775,3.67775,5.06846,5.06846,4.02925,3.99086,4.46108,1.36811,1.73356
2022-05-15,3.92142,10.462,7.26773,11.5205,11.6117,8.21728,12.7651,12.0255,8.0524,13.6461,8.5507,6.16429,10.0062,9.87645,7.02685,12.4517,10.1091,8.50813,9.62877,3.46485,3.46485,4.88234,4.88234,4.03722,3.99086,4.38458,2.07866,1.8003
2022-05-16,-4.71639,10.462,7.26773,11.5205,11.5593,8.18011,12.7076,11.9713,8.01597,13.5885,12.4961,9.00861,14.6233,14.6266,10.4064,18.4404,9.23299,7.83712,8.81423,3.48401,3.48401,4.89517,4.89517,3.81178,3.99086,4.36456,3.03779,2.66616
2022-05-17,1.86753,10.462,7.26773,11.5205,11.6619,8.25294,12.8203,12.0775,8.08736,13.7061,11.9291,8.59979,13.9596,15.0064,10.6767,18.9193,9.85284,8.3399,9.39896,3.86206,3.86206,5.30248,5.30248,4.02863,3.99533,4.412,2.89993,2.7354
2022-05-18,-5.76896,10.462,7.26773,11.5205,11.3982,8.06575,12.5307,11.8045,7.90388,13.4038,11.9004,8.57909,13.926,14.0868,10.0224,17.7598,9.58128,8.12617,9.14474,3.78618,3.78618,4.71104,4.71104,3.97324,3.99086,4.30295,2.89295,2.56776
2022-05-19,5.40175,10.462,7.26773,11.5205,11.7143,8.29017,12.8779,12.1318,8.12384,13.771,13.3741,9.64153,15.6507,14.0618,10.0046,17.7283,10.9731,9.31493,10.4757,4.1436,4.1436,4.82758,4.82758,4.62545,3.99533,4.43209,3.25122,2.56321
2022-05-20,-3.74266,10.462,7.26773,11.5205,11.8942,8.41787,13.0755,12.318,8.24901,13.9801,13.4131,9.66962,15.6962,13.8588,9.86018,17.4724,11.4452,9.75076,10.9368,4.49526,4.49526,4.78363,4.78363,4.99375,3.99533,4.50101,3.26069,2.5262
2022-05-21,0.789614,10.462,7.26773,11.5205,11.8242,8.36818,12.9986,12.2455,8.20031,13.8956,7.5532,5.44518,8.83891,9.21945,6.55941,11.6234,10.0159,8.47757,9.55437,4.45605,4.45605,4.94939,4.94939,4.14614,3.99533,4.47419,1.83617,1.68054
2022-05-22,2.98401,10.462,7.26773,11.5205,11.5047,8.14136,12.6477,11.9147,7.97799,13.5159,8.76968,6.32215,10.2625,10.8014,7.68491,13.6178,9.47953,7.98434,9.03097,4.21168,4.21168,4.75379,4.75379,3.74159,3.99533,4.35178,2.13189,1.96889
2022-05-23,-4.12296,10.462,7.26773,11.5205,11.3445,8.0276,12.4716,11.7489,7.86649,13.3248,14.0394,10.1212,16.4292,14.9619,10.645,18.8631,10.5356,8.92784,10.0533,3.78978,3.78978,4.55636,4.55636,4.41641,3.99533,4.29038,3.41295,2.72728
2022-05-24,1.89498,10.462,7.26773,11.5205,11.3664,8.04314,12.4957,11.7715,7.88172,13.3467,11.9249,8.59682,13.9548,15.8652,11.2877,20.002,10.2829,8.62931,9.78679,3.81928,3.81928,4.89547,4.89547,4.04251,4.01928,4.29877,2.89893,2.89194
2022-05-25,-0.314854,10.462,7.26773,11.5205,11.3936,8.01768,12.5776,11.5331,7.71884,13.0945,12.8417,9.25769,15.0276,14.8883,10.5927,18.7704,10.5757,8.88697,10.0691,3.87306,3.87306,4.8084,4.8084,4.17488,3.99533,4.17526,3.12178,2.71387
2022-05-26,-1.00337,10.462,7.26773,11.5205,11.0911,7.80405,12.2439,11.2269,7.51307,12.7451,11.715,8.44547,13.7091,13.8096,9.82521,17.4104,11.1978,9.55137,10.7039,3.73438,3.73438,4.89376,4.89376,4.9482,3.99533,4.06274,2.84789,2.51725
2022-05-27,-2.20979,10.462,7.26773,11.5205,10.823,7.6147,11.9483,10.9556,7.3307,12.4319,13.2472,9.55003,15.5021,11.7391,8.35208,14.8,10.7835,9.14809,10.2929,3.61718,3.61718,4.49531,4.49531,4.73526,3.99533,3.96301,3.22036,2.13982
2022-05-28,1.3735,10.462,7.26773,11.5205,10.6521,7.49401,11.7598,10.7827,7.21445,12.2299,5.87363,4.23436,6.87344,8.36228,5.94955,10.5427,7.45881,6.24253,7.09392,3.47026,3.47026,4.7475,4.7475,2.89863,3.99533,3.89944,1.42787,1.52429
2022-05-29,1.44512,10.462,7.26773,11.5205,10.4128,7.32496,11.4958,10.5404,7.05162,11.95,8.9025,6.41791,10.4179,8.823,6.27734,11.1236,8.22209,6.92495,7.83295,3.41096,3.41096,4.71391,4.71391,3.26755,3.99533,3.8104,2.16418,1.60827
2022-05-30,7.45922,10.462,7.26773,11.5205,10.1889,7.16682,11.2488,10.3138,6.8993,11.706,11.5036,8.29308,13.4618,12.6453,8.9968,15.9425,8.34057,7.10815,7.97084,3.56917,3.56917,4.52062,4.52062,3.53395,3.99533,3.72711,2.79651,2.30501
2022-05-31,0.207559,10.462,7.26773,11.5205,11.0629,7.78416,12.2129,11.1984,7.49392,12.7049,11.5027,8.29244,13.4607,14.5734,10.3686,18.3734,10.314,8.72736,9.838,3.68454,3.68454,4.22639,4.22639,4.22923,3.99533,4.05227,2.79629,2.65647
2022-06-01,-6.47469,10.462,7.26773,11.5205,10.7717,7.57844,11.8916,10.9036,7.29577,12.3629,11.8977,8.57717,13.9229,12.586,8.95466,15.8678,9.8131,8.35757,9.37644,3.51515,3.51515,4.57499,4.57499,4.19052,3.99533,3.94391,2.8923,2.29421
2022-06-02,2.21826,10.462,7.26773,11.5205,11.3579,7.99251,12.5383,11.497,7.6946,13.0258,12.6613,9.12763,14.8165,14.1235,10.0485,17.8061,10.7763,9.1397,10.2853,3.62133,3.62133,4.60089,4.60089,4.50809,4.01928,4.18418,3.07793,2.57446
2022-06-03,-2.53652,10.462,7.26773,11.5205,11.1419,7.83993,12.3,11.2784,7.54764,12.7731,12.9295,9.32102,15.1304,12.2109,8.68776,15.3948,10.0578,8.56627,9.61035,3.42012,3.42012,4.37491,4.37491,4.29556,4.01928,4.1034,3.14314,2.22583
2022-06-04,0.43174,10.462,7.26773,11.5205,10.9862,7.72997,12.1283,11.1208,7.44173,12.5872,6.33082,4.56395,7.40845,7.3244,5.21113,9.23421,7.88507,6.6559,7.51632,3.33619,3.33619,4.8281,4.8281,3.20366,4.01928,4.04518,1.53901,1.33511
2022-06-05,0.246897,10.462,7.26773,11.5205,10.7003,7.52804,11.8129,10.8314,7.24723,12.2511,7.45636,5.37537,8.72559,9.46394,6.73336,11.9316,6.23935,5.23082,5.93679,3.28261,3.28261,4.67264,4.67264,2.3675,4.01928,3.93827,1.81263,1.7251
2022-06-06,4.77922,10.462,7.26773,11.5205,10.4252,7.33375,11.5095,10.553,7.06009,11.9281,12.4377,8.96645,14.5548,13.1824,9.37897,16.6197,9.53405,8.10911,9.10657,3.06474,3.06474,4.60929,4.60929,4.07108,4.01928,3.8354,3.02357,2.40292
2022-06-07,-0.688333,10.462,7.26773,11.5205,10.6221,7.47277,11.7266,10.7522,7.194,12.147,10.0162,7.22081,11.7212,13.7933,9.81358,17.3898,10.0424,8.53347,9.5897,3.02729,3.02729,4.57759,4.57759,4.28027,4.01928,3.90901,2.43493,2.51426
2022-06-08,-3.06729,10.462,7.26773,11.5205,10.3632,7.2899,11.441,10.4902,7.01785,11.8412,12.6558,9.12369,14.8101,13.0365,9.27515,16.4357,11.006,9.41256,10.528,2.95698,2.95698,4.29074,4.29074,4.85792,4.01928,3.81219,3.0766,2.37632
2022-06-09,-0.339349,10.462,7.26773,11.5205,10.3174,7.25758,11.3905,10.4438,6.98672,11.7825,11.103,8.00424,12.9929,13.0796,9.30583,16.4901,11.1478,9.3478,10.6078,3.18306,3.18306,4.47861,4.47861,4.35451,4.01928,3.79507,2.69911,2.38418
2022-06-10,-3.47422,10.462,7.26773,11.5205,10.0632,7.07803,11.1101,10.1865,6.81378,11.4822,14.3235,10.326,16.7616,11.1174,7.90978,14.0163,11.2493,9.39679,10.6935,3.24274,3.24274,4.64584,4.64584,4.39568,4.01928,3.70001,3.48201,2.02651
2022-06-11,-2.51732,10.462,7.26773,11.5205,10.0966,7.10162,11.147,10.2203,6.8365,11.509,4.80161,3.46153,5.61894,8.54165,6.07717,10.7688,4.0919,3.3205,3.86048,3.54373,3.54373,4.58765,4.58765,1.29299,4.01928,3.7125,1.16726,1.55699
2022-06-12,-5.80011,10.462,7.26773,11.5205,9.99897,7.03268,11.0393,10.1216,6.7701,11.3867,8.24403,5.94321,9.64734,9.7307,6.92315,12.2679,7.79757,6.48049,7.40245,3.53674,3.53674,4.36823,4.36823,2.84776,4.01928,3.676,2.00411,1.77373
2022-06-13,-17.4053,10.462,7.26773,11.5205,10.5057,7.39058,11.5983,10.6344,7.11483,11.9512,12.3468,8.90094,14.4485,15.235,10.8393,19.2074,10.4965,8.83923,9.99929,3.89853,3.89853,5.10364,5.10364,4.19744,4.04884,3.90052,3.00148,2.77706
2022-06-14,-1.25564,10.8041,7.39755,11.921,15.6253,10.9642,17.3,17.15,10.4463,18.0091,14.386,10.5355,17.0487,19.3305,13.4202,23.315,15.6596,13.1895,14.9185,5.25463,5.25463,7.36005,7.36005,6.30456,4.06466,5.75945,3.46235,3.32783
2022-06-15,1.63492,10.8041,7.39755,11.921,15.1663,10.6413,16.7921,16.6464,10.1385,17.4642,13.3648,9.78767,15.8386,15.0314,10.4356,18.1298,11.2392,9.54963,10.7323,4.23875,4.23875,5.44891,5.44891,4.67089,4.06466,5.58067,3.21659,2.58772
2022-06-16,-10.2112,10.8041,7.39755,11.921,14.7356,10.3384,16.3155,16.174,9.84973,16.9526,13.3269,9.75994,15.7937,13.8582,9.62105,16.7147,12.4522,10.482,11.8612,3.91781,3.91781,5.52805,5.52805,4.9854,4.06466,5.40043,3.20747,2.38575
2022-06-17,0.439774,10.8041,7.55378,12.0274,15.8555,11.1262,17.5548,17.4026,10.7652,18.2298,14.8082,10.885,17.568,15.4944,11.3296,18.6918,12.2854,10.4438,11.7329,4.54934,4.54934,6.30325,6.30325,5.24523,4.12552,5.83739,3.56399,2.66743
2022-06-18,-7.36657,10.8041,7.55378,12.0274,15.3619,10.7789,17.0086,16.8611,10.4291,17.6492,7.31191,5.37473,8.67462,8.19363,5.99123,9.88444,11.2695,9.5819,10.7632,4.21775,4.21775,5.33985,5.33985,4.73874,4.12552,5.65382,1.7598,1.41057
2022-06-19,7.7653,10.8041,7.55378,12.0274,15.6973,11.0149,17.3797,17.229,10.6574,18.0143,9.71965,7.39336,11.6015,12.1183,8.93921,14.6976,12.0281,10.2331,11.4896,4.36661,4.36661,6.16942,6.16942,5.02911,4.14967,5.78621,2.33427,2.08621
2022-06-20,0.224851,10.8041,7.55378,12.0274,16.0469,11.2608,17.7666,17.6125,10.8955,18.4156,17.7334,13.4891,21.1669,21.6489,15.9696,26.2568,13.9729,11.9043,13.3523,4.48656,4.48656,5.25616,5.25616,5.91487,4.14967,5.9164,4.25886,3.72695
2022-06-21,0.537686,10.462,7.39755,11.8455,15.5439,10.907,17.2099,15.4623,10.3917,17.5667,13.146,9.66319,15.38,13.241,9.7354,16.3679,12.2608,10.606,11.7643,4.26416,4.26416,5.39362,5.39362,5.65362,4.12552,5.72926,3.16393,2.4136
2022-06-22,-3.5562,10.462,7.39755,11.8455,15.0644,10.5697,16.6794,14.9854,10.0702,17.023,14.0513,10.3286,16.4391,12.9062,9.48922,15.954,11.6525,9.95374,11.1429,4.18861,4.18861,5.17759,5.17759,4.93332,4.12552,5.55071,3.38181,2.35257
2022-06-23,5.352,10.462,7.39755,11.8455,14.8038,10.3863,16.391,14.7261,9.89543,16.7312,13.1583,9.67219,15.3943,14.3242,10.5318,17.7069,12.782,10.8435,12.2005,4.16433,4.16433,5.43209,5.43209,5.27278,4.06466,5.44627,3.16688,2.61105
2022-06-24,0.688978,10.462,7.39755,11.8455,14.775,10.3661,16.3591,14.6974,9.87612,16.6958,14.931,10.9752,17.4683,13.4283,9.87308,16.5994,12.2164,10.3606,11.6597,4.13878,4.13878,4.98795,4.98795,5.03505,4.06466,5.43556,3.59352,2.44773
2022-06-25,1.26684,10.462,7.39755,11.8455,14.3304,10.0533,15.8672,14.2552,9.57803,16.1904,6.3693,4.68185,7.45167,8.46719,6.22546,10.4667,12.1555,10.2365,11.5798,3.95147,3.95147,5.05028,5.05028,4.78899,4.06466,5.27024,1.53294,1.54342
2022-06-26,-2.23403,10.462,7.39755,11.8455,13.9213,9.76548,15.4144,13.8482,9.30368,15.7259,9.94342,7.30906,11.6332,10.4999,7.72,12.9794,12.0448,10.1138,11.4655,3.82151,3.82151,4.71341,4.71341,4.66825,4.06466,5.11808,2.39314,1.91394
2022-06-27,-1.39752,10.462,7.39755,11.8455,13.5966,9.53707,15.0551,13.5252,9.08597,15.3573,12.8408,9.43882,15.0229,14.5922,10.7288,18.0381,11.4542,9.63752,10.9092,3.66728,3.66728,4.59547,4.59547,4.54316,4.06466,4.99734,3.09047,2.65989
2022-06-28,-2.21796,10.462,7.39755,11.8455,13.2344,9.2823,14.6544,13.1649,8.84313,14.9448,11.878,8.73108,13.8965,12.5608,9.23525,15.527,11.6289,9.92705,11.1183,3.27329,3.27329,4.7749,4.7749,5.1451,4.06466,4.86266,2.85874,2.2896
2022-06-29,-0.874657,10.462,7.39755,11.8455,12.9428,9.07712,14.3317,12.8748,8.64756,14.6118,11.6707,8.57874,13.654,12.2669,9.01919,15.1637,10.3398,8.73715,9.85904,3.3265,3.3265,4.95579,4.95579,4.20898,4.06466,4.75419,2.80886,2.23604
2022-06-30,-1.60097,10.462,7.39755,11.8455,12.5883,8.82779,13.9395,12.5222,8.40991,14.2089,11.9582,8.79002,13.9903,11.422,8.39796,14.1193,11.0114,9.2942,10.4963,3.27158,3.27158,4.50565,4.50565,4.52498,4.06466,4.6224,2.87804,2.08202
2022-07-01,-2.63936,10.462,7.39755,11.8455,12.2851,8.61449,13.604,12.2206,8.2066,13.863,11.4151,8.39084,13.3549,10.2526,7.53816,12.6737,9.37838,7.88699,8.93096,3.19262,3.19262,4.78571,4.78571,3.75173,4.06466,4.50964,2.74734,1.86886
2022-07-02,-0.140794,10.462,7.39755,11.8455,12.0816,8.47132,13.3788,12.0181,8.07014,13.6295,6.00035,4.41065,7.02003,7.03901,5.1754,8.70126,9.52151,7.98735,9.06126,3.26232,3.26232,4.90094,4.90094,3.74223,4.06466,4.43396,1.44414,1.28308
2022-07-03,0.284491,10.462,7.39755,11.8455,11.7501,8.23812,13.0119,11.6883,7.84786,13.2532,6.92459,5.09003,8.10133,8.00514,5.88574,9.89555,8.95266,7.58045,8.54099,3.24989,3.24989,4.57844,4.57844,3.71276,4.06466,4.31068,1.66658,1.45919
2022-07-04,4.72754,10.462,7.39755,11.8455,11.1522,7.85512,12.3014,11.2453,7.55414,12.71,12.3771,9.09796,14.4804,11.6227,8.54554,14.3674,9.57149,8.07382,9.12219,3.51972,3.51972,4.64976,4.64976,3.8827,4.06466,4.14336,2.97886,2.11861
2022-07-05,-0.20359,10.462,7.39755,11.8455,11.2808,7.94606,12.4432,11.375,7.64165,12.8516,10.3337,7.59592,12.0897,11.5683,8.50555,14.3002,10.3034,8.76774,9.84271,3.53558,3.53558,4.59194,4.59194,4.34388,4.06466,4.19186,2.48706,2.1087
2022-07-06,1.75825,10.462,7.39755,11.8455,10.9726,7.72815,12.1035,11.0642,7.43198,12.5035,11.5896,8.51911,13.5591,10.6508,7.83095,13.166,10.4504,8.85071,9.97046,3.4582,3.4582,4.89868,4.89868,4.3042,4.06466,4.07561,2.78934,1.94145
2022-07-07,5.16564,10.462,7.39755,11.8455,10.7353,7.56037,11.842,10.825,7.27055,12.2283,11.4947,8.44937,13.4481,10.8348,7.9662,13.3934,12.2345,10.5037,11.7153,3.7019,3.7019,4.75885,4.75885,5.61886,4.06466,3.98608,2.7665,1.97498
2022-07-08,0.43132,10.462,7.39755,11.8455,10.9874,7.73857,12.1197,11.0791,7.44201,12.5142,13.1537,9.66882,15.389,10.846,7.97444,13.4072,10.6897,9.1619,10.2314,3.7736,3.7736,4.61217,4.61217,4.8844,4.06466,4.08115,3.16578,1.97702
2022-07-09,-0.641276,10.462,7.39755,11.8455,10.6943,7.53137,11.7967,10.7836,7.24264,12.1751,4.74671,3.48914,5.55335,6.78632,4.98961,8.3889,5.6633,4.67324,5.36628,3.57898,3.57898,4.58712,4.58712,1.98673,4.06466,3.97058,1.14242,1.23702
2022-07-10,-3.44774,10.462,7.39755,11.8455,10.4257,7.34149,11.5008,10.5128,7.05994,11.864,8.40462,6.17795,9.83287,7.87636,5.79105,9.73635,9.22227,7.74432,8.77889,3.33197,3.33197,4.39916,4.39916,3.6004,4.06466,3.86925,2.02279,1.43572
2022-07-11,-4.3596,10.462,7.39755,11.8455,10.4325,7.34627,11.5082,10.5196,7.06454,11.8659,11.8578,8.71623,13.8728,12.3296,9.06526,15.2412,9.85231,8.28279,9.38146,3.47073,3.47073,4.82366,4.82366,3.88063,4.06466,3.87177,2.85388,2.24746
2022-07-12,-3.29156,10.462,7.39755,11.8455,10.5939,7.4604,11.6861,10.6824,7.17435,12.0453,11.3119,8.31501,13.2342,11.1781,8.21864,13.8178,10.7651,9.042,10.2481,3.71371,3.71371,4.86381,4.86381,4.24891,4.12552,3.93566,2.72251,2.03756
2022-07-13,4.49367,10.462,7.39755,11.8455,10.565,7.43995,11.6542,10.6532,7.15468,12.0082,10.8417,7.96935,12.6841,12.1719,8.94935,15.0463,10.5497,8.93787,10.0661,3.84638,3.84638,4.86245,4.86245,4.32477,4.12552,3.92453,2.60933,2.21872
2022-07-14,1.75497,10.462,7.39755,11.8455,10.7018,7.5367,11.805,10.7912,7.24776,12.1568,12.3359,9.06769,14.4322,12.8937,9.48005,15.9386,12.0965,10.3641,11.5768,3.9004,3.9004,4.83419,4.83419,5.42634,4.12552,3.97582,2.96895,2.35029
2022-07-15,1.28682,10.462,7.39755,11.8455,10.4795,7.37949,11.56,10.567,7.09651,11.8994,11.6275,8.54696,13.6034,11.6801,8.58772,14.4383,10.2492,8.62556,9.76208,3.795,3.795,4.79957,4.79957,4.1502,4.12552,3.89162,2.79845,2.12907
2022-07-16,1.68462,10.462,7.39755,11.8455,10.2408,7.21077,11.297,10.3264,6.93417,11.6219,5.80735,4.26878,6.79423,7.57562,5.56993,9.36459,6.49622,5.4482,6.18182,3.60962,3.60962,4.15266,4.15266,2.54774,4.12552,3.80137,1.39769,1.3809
2022-07-17,-1.95848,10.462,7.39755,11.8455,10.0398,7.06866,11.0755,10.1237,6.79744,11.3917,7.29671,5.36356,8.53668,10.1446,7.45878,12.5402,8.39173,7.10027,8.00429,3.62291,3.62291,4.15008,4.15008,3.38573,4.12552,3.72552,1.75614,1.84918
2022-07-18,7.89196,10.462,7.39755,11.8455,9.88981,6.96259,10.9101,9.97247,6.69537,11.2146,13.1995,9.70251,15.4426,13.8874,10.2107,17.1669,10.9276,9.21207,10.413,3.51695,3.51695,4.32725,4.32725,4.38402,4.12552,3.6689,3.17681,2.53142
2022-07-19,3.94053,10.462,7.39755,11.8455,10.9665,7.7238,12.0967,11.058,7.42779,12.4285,11.4222,8.39603,13.3632,13.5204,9.94079,16.7132,10.4625,8.87485,9.98621,3.5855,3.5855,4.08152,4.08152,4.3746,4.12552,4.0752,2.74904,2.46452
2022-07-20,-0.676523,10.462,7.39755,11.8455,10.9765,7.73087,12.1077,11.0681,7.38699,12.4314,12.7275,9.41471,14.8931,13.8174,9.97145,17.0958,10.4038,8.80583,9.92439,3.47576,3.47576,3.9887,3.9887,4.28128,4.06466,4.07689,3.09402,2.55471
2022-07-21,-0.289261,10.462,7.39755,11.8455,10.6943,7.5314,11.7968,10.7836,7.19628,12.1122,12.0175,8.88955,14.0623,12.5329,9.04447,15.5065,9.83036,8.33339,9.38127,3.42135,3.42135,4.30939,4.30939,4.08999,4.06466,3.97041,2.92143,2.31722
2022-07-22,-1.96019,10.462,7.39755,11.8455,10.4172,7.33547,11.4914,10.5042,7.00895,11.7987,13.2536,9.8039,15.5087,10.7063,7.72631,13.2466,9.75907,8.23958,9.30322,3.25399,3.25399,3.48077,3.48077,4.00305,4.06466,3.8789,3.22192,1.9795
2022-07-23,-1.10448,10.462,7.39755,11.8455,10.2442,7.21316,11.3007,10.3298,6.89201,11.603,4.73487,3.50246,5.54052,8.1898,5.91025,10.133,4.40022,3.63792,4.17153,3.16665,3.16665,4.09322,4.09322,1.58622,4.06466,3.82195,1.15104,1.51422
2022-07-24,0.637554,10.462,7.39755,11.8455,9.78637,6.98932,10.6778,10.1125,6.75423,11.3683,8.61317,6.37131,10.0787,9.02367,6.51202,11.1647,6.15151,5.16404,5.85527,3.2739,3.2739,3.94981,3.94981,2.39053,4.06466,3.74226,2.09384,1.6684
2022-07-25,-5.67557,10.462,7.39755,11.8455,9.55657,6.82451,10.4273,9.87516,6.59488,11.1017,12.7316,9.41776,14.8979,12.8315,9.25996,15.876,9.78193,8.21562,9.31204,3.19915,3.19915,4.07479,4.07479,3.87379,4.06466,3.64551,3.09502,2.37243
2022-07-26,-0.572499,10.462,7.39755,11.8455,10.0518,7.17968,10.9672,10.3867,6.93828,11.6761,11.3907,8.42591,13.3289,12.2344,8.82908,15.1373,11.0439,9.3074,10.523,3.67766,3.67766,4.46067,4.46067,4.5065,4.12552,3.84837,2.76906,2.26203
2022-07-27,7.65954,10.462,7.39755,11.8455,9.81183,7.00758,10.7056,10.1388,6.77189,11.3978,10.3717,7.67214,12.1365,10.7358,7.74763,13.2831,9.83745,8.29194,9.37379,3.75527,3.75527,4.37398,4.37398,3.94199,4.12552,3.75497,2.52135,1.98496
2022-07-28,3.90578,10.462,7.39755,11.8455,10.747,7.6783,11.725,11.1048,7.42037,12.4825,12.1702,9.00251,14.241,12.3108,8.88419,15.2317,11.6184,9.74088,11.0551,4.11779,4.11779,4.30795,4.30795,4.54946,4.12552,4.11895,2.95855,2.27615
2022-07-29,-0.164761,10.462,7.39755,11.8455,10.7467,7.67809,11.7247,11.1045,7.42017,12.4822,12.7816,9.45473,14.9564,10.4584,7.54741,12.9399,10.0842,8.50616,9.61077,4.39106,4.39106,4.20066,4.20066,4.09037,4.12552,4.09998,3.10717,1.93367
2022-07-30,-0.62547,10.462,7.39755,11.8455,10.4634,7.47487,11.4158,10.8119,7.22369,12.1535,6.50632,4.81284,7.61339,6.13362,4.42639,7.58894,6.82936,5.70954,6.49341,4.20318,4.20318,4.19312,4.19312,2.62998,4.12552,3.98875,1.58167,1.13405
2022-07-31,-1.35899,10.462,7.39755,11.8455,10.2037,7.28861,11.1327,10.5436,7.0436,11.8523,8.00025,5.91792,9.36151,8.28648,5.98002,10.2526,9.65289,8.09949,9.18687,4.05495,4.05495,4.10232,4.10232,3.75869,4.12552,3.88674,1.94484,1.5321
2022-08-01,-0.0973018,10.462,7.39755,11.8455,9.99103,7.13611,10.9009,10.3239,6.89615,11.6056,13.8289,10.2294,16.1819,13.0085,9.38774,16.0951,11.4176,9.70462,10.9037,3.8043,3.8043,4.28253,4.28253,4.85143,4.12552,3.80317,3.36177,2.40516
2022-08-02,-1.45203,10.462,7.39755,11.8455,9.74532,6.95988,10.6331,10.0701,6.72576,11.3206,10.014,7.40749,11.7179,10.5027,7.57937,12.9947,9.69396,8.18184,9.24033,3.78004,3.78004,4.40047,4.40047,3.88144,4.12552,3.7073,2.43437,1.94185
2022-08-03,-0.574407,10.462,7.39755,11.8455,9.56445,6.83016,10.4359,9.8833,6.60034,11.1108,11.5653,8.55503,13.5331,11.0569,7.97933,13.6804,10.722,9.0269,10.2135,3.63908,3.63908,4.4462,4.4462,4.28045,4.12552,3.6373,2.8115,2.04433
2022-08-04,-0.947951,10.462,7.39755,11.8455,9.35036,6.67661,10.2025,9.66215,6.45188,10.8625,11.1606,8.25569,13.0596,10.379,7.49012,12.8416,8.88825,7.51789,8.47714,3.77861,3.77861,4.26533,4.26533,3.63943,4.12552,3.55445,2.71312,1.91899
2022-08-05,2.86759,10.462,7.39755,11.8455,9.16256,6.54192,9.9978,9.46815,6.32165,10.6447,10.9355,7.88354,12.7338,8.88895,6.30848,10.957,9.59032,8.05934,9.13103,3.6138,3.6138,3.88366,3.88366,3.79381,4.06466,3.47761,2.65841,1.64349
2022-08-06,-1.41854,10.462,7.39755,11.8455,9.13546,6.52248,9.96826,9.44017,6.30286,10.6132,5.71966,4.12336,6.66022,5.97753,4.24225,7.36823,9.06177,7.6838,8.64838,3.6538,3.6538,3.70442,3.70442,3.75426,4.06466,3.46492,1.39044,1.10519
2022-08-07,0.930328,10.462,7.39755,11.8455,8.98792,6.41666,9.80742,9.28776,6.20055,10.4421,7.73617,5.57708,9.00833,7.37645,5.23506,9.09262,9.83981,8.29295,9.37575,3.76437,3.76437,3.95145,3.95145,3.95676,4.06466,3.40681,1.88065,1.36384
2022-08-08,2.69716,10.462,7.39755,11.8455,8.81054,6.28945,9.61405,9.10453,6.07755,10.2363,11.7232,8.45141,13.6511,12.095,8.58385,14.909,11.4806,9.83062,10.9856,3.93956,3.93956,3.49433,3.49433,5.21675,4.06466,3.33812,2.8499,2.23627
2022-08-09,-2.7471,10.462,7.39755,11.8455,8.78759,6.27298,9.58904,9.08082,6.06163,10.2097,10.138,7.3086,11.8051,11.097,7.8755,13.6787,10.321,8.87843,9.88825,3.95742,3.95742,3.61082,3.61082,4.81329,4.06466,3.32664,2.46453,2.05173
2022-08-10,3.32568,10.462,7.39755,11.8455,8.7998,6.28174,9.60235,9.09344,6.0701,10.2239,10.815,7.79662,12.5934,11.4383,8.11776,14.0995,9.22267,7.73739,8.77708,3.89563,3.89563,3.7562,3.7562,3.55377,4.06466,3.32845,2.62909,2.11484
2022-08-11,0.0412764,10.462,7.39755,11.8455,8.86396,6.32776,9.67228,9.15971,6.11459,10.2983,11.4562,8.25893,13.3401,11.589,8.22468,14.2852,10.5824,8.87783,10.071,3.8939,3.8939,3.5759,3.5759,4.1329,4.06466,3.3504,2.78499,2.1427
2022-08-12,1.8416,10.462,7.39755,11.8455,8.67732,6.1939,9.46883,8.96692,5.98517,10.0818,12.419,8.95302,14.4613,9.86184,6.99894,12.1562,9.92987,8.32163,9.4474,3.54029,3.54029,3.66096,3.66096,3.86547,4.06466,3.27696,3.01904,1.82337
2022-08-13,0.0870395,10.462,7.39755,11.8455,8.4635,6.04342,9.22709,8.83545,5.88511,9.92846,5.75419,4.14826,6.70043,6.03379,4.28217,7.43758,9.51018,7.96001,9.04513,3.55621,3.55621,3.37255,3.37255,3.64982,4.06466,3.23268,1.39883,1.11559
2022-08-14,-0.429736,10.462,7.39755,11.8455,8.29153,5.91989,9.03984,8.65604,5.76475,9.72716,6.90311,4.97652,8.03828,6.89591,4.89402,8.50028,8.17748,6.83857,7.77581,3.31455,3.31455,3.36625,3.36625,3.08013,4.06466,3.16158,1.67813,1.27499
2022-08-15,-0.752688,10.462,7.39755,11.8455,8.13718,5.80901,8.87177,8.495,5.65672,9.54649,11.5398,8.31918,13.4375,11.9257,8.46363,14.7002,10.5199,8.93328,10.0439,3.22498,3.22498,3.28615,3.28615,4.49898,4.06466,3.1006,2.80531,2.20495
2022-08-16,-1.05657,10.462,7.39755,11.8455,8.00386,5.71325,8.7266,8.35591,5.56341,9.39043,9.42374,6.79367,10.9734,10.3514,7.34639,12.7597,9.29182,7.79369,8.84238,3.07751,3.07751,3.67477,3.67477,3.63614,4.06466,3.04483,2.29089,1.91388
2022-08-17,-2.31819,10.462,7.39755,11.8455,7.89511,5.63512,8.60818,8.24245,5.48729,9.26313,9.63102,6.9431,11.2148,10.2557,7.2785,12.6418,7.84147,6.56876,7.45965,2.87954,2.87954,3.36336,3.36336,3.01876,4.06466,2.9997,2.34128,1.8962
2022-08-18,-0.529593,10.462,7.39755,11.8455,7.91444,5.64901,8.62924,8.26262,5.50082,9.28577,10.0435,7.24049,11.6951,10.3147,7.32037,12.7145,9.00482,7.54761,8.56765,2.91749,2.91749,3.69858,3.69858,3.50057,4.04884,3.00514,2.44156,1.90711
2022-08-19,-10.6027,10.462,7.39755,11.8455,7.7854,5.55631,8.48872,8.12799,5.4105,9.13473,10.6025,7.64348,12.3461,9.20985,6.53622,11.3526,8.65562,7.21786,8.2243,2.94187,2.94187,3.50729,3.50729,3.28143,4.01928,2.92437,2.57746,1.70282
2022-08-20,1.37244,10.6047,7.55378,11.9675,10.3215,7.3781,11.2502,11.8204,7.24065,12.3753,4.8537,3.58996,5.70177,7.18834,5.11432,8.85763,9.88538,8.2807,9.40397,4.00315,4.00315,4.72115,4.72115,3.80492,4.04884,3.94225,1.17979,1.3103
2022-08-21,1.72397,10.6047,7.55378,11.9675,10.0833,7.20697,10.9908,11.5482,7.07266,12.0903,6.86377,5.07667,8.06304,7.78624,5.53971,9.59437,11.1782,9.33552,10.6254,3.64791,3.64791,4.1419,4.1419,4.2677,4.01928,3.81081,1.66838,1.41929
2022-08-22,-0.62988,10.6047,7.55378,11.9675,9.87894,7.06018,10.7683,11.3144,6.92856,11.8458,11.6755,8.63562,13.7155,11.0322,7.84911,13.5941,9.90603,8.34039,9.43634,3.69533,3.69533,4.21186,4.21186,3.92885,4.01928,3.73183,2.83798,2.01096
2022-08-23,0.601856,10.6047,7.55378,11.9675,9.6436,6.89113,10.5121,11.0451,6.7626,11.5642,10.4512,7.73004,12.2773,9.97959,7.10023,12.2971,10.1872,8.5506,9.69622,3.62074,3.62074,4.08694,4.08694,4.00921,4.01928,3.64057,2.54037,1.8191
2022-08-24,-0.620028,10.6047,7.55378,11.9675,9.41295,6.72544,10.2609,10.7814,6.59995,11.2882,10.6721,7.89348,12.5368,10.1104,7.19329,12.4582,9.04209,7.5576,8.59674,3.73379,3.73379,4.13914,4.13914,3.42074,4.01928,3.55191,2.59409,1.84294
2022-08-25,0.957703,10.6047,7.55378,11.9675,9.20211,6.57399,10.0313,10.5402,6.45127,11.0359,10.639,7.86894,12.4979,9.94098,7.07276,12.2495,10.095,8.57211,9.63814,3.62103,3.62103,4.09781,4.09781,4.37601,4.01928,3.46958,2.58602,1.81206
2022-08-26,-6.40858,10.6047,7.55378,11.9675,9.00568,6.43288,9.81745,10.3156,6.31275,10.8008,10.7377,7.94194,12.6138,8.93448,6.35666,11.0093,8.90834,7.40388,8.457,3.43102,3.43102,3.93031,3.93031,3.45631,4.01928,3.39394,2.61001,1.62859
2022-08-27,-1.08324,10.6047,7.55378,11.9675,9.76315,6.977,10.6422,11.1816,6.89423,11.7095,5.042,3.72924,5.92297,7.593,5.44955,9.35626,6.6753,5.58325,6.34769,3.75509,3.75509,4.69288,4.69288,2.58407,4.04884,3.70728,1.22556,1.38407
2022-08-28,-2.14299,10.6047,7.55378,11.9675,9.55343,6.82635,10.4139,10.9416,6.74534,11.4585,6.29238,4.65406,7.39183,7.00476,5.02737,8.63142,9.66783,8.10298,9.19837,3.51967,3.51967,4.41945,4.41945,3.74439,4.04884,3.61711,1.52949,1.27684
2022-08-29,3.4135,10.6047,7.55378,11.9675,9.43718,6.74284,10.2873,10.8085,6.6628,11.3193,11.2272,8.30403,13.1889,10.3243,7.40981,12.7218,10.3903,8.7125,9.88695,3.61628,3.61628,4.48941,4.48941,4.06578,4.04884,3.56064,2.72901,1.88193
2022-08-30,-2.50013,10.6047,7.55378,11.9675,9.45334,6.75445,10.3049,10.8267,6.67428,11.3386,10.3589,7.66177,12.1688,10.6949,7.6758,13.1785,9.75734,8.2145,9.29449,3.68779,3.68779,4.15289,4.15289,3.89815,4.04884,3.56503,2.51794,1.94949
2022-08-31,1.26966,10.6047,7.55378,11.9675,9.38243,6.70352,10.2277,10.7454,6.62394,11.2537,10.9586,8.10533,12.8733,10.4425,7.49466,12.8675,9.22181,7.87218,8.81692,3.69266,3.69266,4.14935,4.14935,4.03173,4.04884,3.51208,2.66371,1.90348
2022-09-01,0.385182,10.6047,7.55378,11.9675,9.19008,6.56535,10.0182,10.5253,6.48737,11.0235,10.3509,7.6559,12.1595,10.1019,7.25017,12.4477,10.11,8.48377,9.62216,3.49234,3.49234,4.09717,4.09717,3.98533,4.04884,3.43845,2.51601,1.84139
2022-09-02,-0.784948,10.6047,7.55378,11.9675,9.28799,6.53212,10.2475,10.2821,6.36166,10.7799,11.589,8.57159,13.6139,9.63944,6.91829,11.8779,10.0631,8.5715,9.61559,3.58418,3.58418,4.07037,4.07037,4.54023,4.04884,3.36767,2.81694,1.7571
2022-09-03,-0.691847,10.6047,7.55378,11.9675,9.10768,6.40461,10.0488,10.0824,6.23742,10.5709,4.62741,3.42259,5.43594,5.90749,4.23984,7.27933,7.20681,6.03892,6.85644,3.50388,3.50388,3.98955,3.98955,2.80753,4.04884,3.30045,1.12479,1.07683
2022-09-04,0.776653,10.6047,7.55378,11.9675,8.93342,6.28138,9.8568,9.88936,6.11735,10.369,7.10573,5.25564,8.34729,6.68905,4.80078,8.2424,8.97692,7.52356,8.54091,3.34919,3.34919,3.90401,3.90401,3.48898,4.04884,3.23545,1.7272,1.21929
2022-09-05,-0.876118,10.6047,7.55378,11.9675,8.76303,6.16089,9.66903,9.70075,5.99994,10.1716,10.5596,7.81022,12.4046,10.2816,7.37917,12.6692,9.04586,7.57725,8.60528,3.20917,3.20917,3.91616,3.91616,3.53008,4.04884,3.17206,2.56672,1.87415
2022-09-06,-5.04481,10.6047,7.55378,11.9675,8.61619,6.05705,9.50722,9.5381,5.89877,10.0014,9.31987,6.89329,10.9483,9.2003,6.60312,11.3368,9.51704,7.93407,9.04215,3.08801,3.08801,3.78252,3.78252,3.61864,4.04884,3.11731,2.26539,1.67705
2022-09-07,2.37451,10.6047,7.55378,11.9675,9.10333,6.40153,10.044,10.0762,6.23442,10.5657,9.82487,7.26681,11.5415,10.5499,7.57173,12.9998,9.17929,7.71325,8.73948,3.51994,3.51994,4.31489,4.31489,3.61972,4.06466,3.31665,2.38814,1.92305
2022-09-08,0.204614,10.6047,7.55378,11.9675,9.03433,6.35274,9.96799,9.99935,6.18688,10.4857,10.5144,7.77678,12.3515,9.87783,7.08938,12.1717,10.7315,9.02489,10.2195,3.18477,3.18477,4.07438,4.07438,4.3456,4.06466,3.28641,2.55574,1.80055
2022-09-09,10.086,10.6047,7.55378,11.9675,8.84824,6.22114,9.76293,9.79309,6.05866,10.27,10.4917,7.76002,12.3249,9.44177,6.77642,11.6344,9.4618,8.04896,9.03795,2.94822,2.94822,4.2231,4.2231,4.28244,4.06466,3.21241,2.55023,1.72106
2022-09-10,1.39052,10.6047,7.55378,11.9675,10.8506,7.6371,11.9694,12.0058,7.43834,12.5896,5.46346,4.04096,6.41806,6.90171,4.9534,8.50443,5.16712,4.25234,4.89269,3.29406,3.29406,4.06539,4.06539,1.83545,4.06466,3.95215,1.32801,1.25806
2022-09-11,0.408366,10.6047,7.55378,11.9675,10.6047,7.46325,11.6985,11.7333,7.26895,12.3047,7.36394,5.44662,8.65061,8.129,5.83423,10.0167,6.51435,5.37499,6.17254,3.28717,3.28717,4.28063,4.28063,2.25022,4.06466,3.85674,1.78996,1.48177
2022-09-12,2.72421,10.6047,7.55378,11.9675,10.34,7.27605,11.4068,11.4406,7.08654,11.998,11.268,8.3342,13.2368,11.2355,8.06382,13.8447,10.8063,9.22306,10.3313,3.42357,3.42357,4.07339,4.07339,4.83132,4.06466,3.75854,2.73892,2.04804
2022-09-13,-9.72821,10.6047,7.55378,11.9675,10.2295,7.19788,11.285,11.319,7.01037,11.87,10.2066,7.54912,11.9899,10.454,7.50293,12.8817,9.59786,8.02734,9.12671,3.33421,3.33421,4.01317,4.01317,3.65661,4.04884,3.713,2.48092,1.90558
2022-09-14,-0.274401,10.6047,7.64742,12.0508,11.8854,8.36889,13.1098,13.1556,8.19369,13.9139,10.9216,8.10798,12.9223,11.4039,8.38465,14.1417,10.6339,8.85725,10.1009,4.01354,4.01354,4.85077,4.85077,3.96901,4.06466,4.38173,2.65472,2.07872
2022-09-15,-2.70346,10.6047,7.64742,12.0508,11.5608,8.1393,12.752,12.7955,7.96884,13.5342,10.2547,7.61289,12.1332,9.87186,7.25823,12.2419,9.91924,8.29327,9.43144,4.14921,4.14921,4.37364,4.37364,3.78926,4.06466,4.2568,2.49262,1.79946
2022-09-16,0.361629,10.6047,7.64742,12.0508,11.3997,8.02544,12.5746,12.6162,7.85732,13.3458,12.3955,9.2022,14.6662,10.7276,7.88744,13.3031,11.319,9.58331,10.7983,3.95764,3.95764,4.37745,4.37745,5.01992,4.06466,4.18569,3.01299,1.95545
2022-09-17,1.77945,10.6047,7.64742,12.0508,11.0961,7.81072,12.24,12.2793,7.64703,12.9907,4.90443,3.64095,5.80285,6.56431,4.82637,8.14027,7.61467,6.30397,7.22146,3.87114,3.87114,4.3997,4.3997,2.79268,4.06466,4.06131,1.19212,1.19655
2022-09-18,-3.58128,10.6047,7.64742,12.0508,10.8602,7.6439,11.98,12.0192,7.48366,12.7151,7.41902,5.50773,8.77806,8.05603,5.92315,9.99013,6.70416,5.54876,6.35754,3.80552,3.80552,3.97291,3.97291,2.35562,4.06466,3.97923,1.80335,1.46847
2022-09-19,0.639691,10.6047,7.64742,12.0508,10.8558,7.6408,11.9752,12.0134,7.48062,12.7099,11.4419,8.49421,13.5378,12.3206,9.05862,15.2785,9.97613,8.4149,9.50776,3.89615,3.89615,4.67982,4.67982,4.01983,4.06466,3.97001,2.78118,2.24581
2022-09-20,-3.40005,10.6047,7.64742,12.0508,10.5826,7.44758,11.6741,11.7099,7.29139,12.3903,10.8046,8.02114,12.7839,10.9107,8.02207,13.5302,10.6065,8.98233,10.1192,3.61889,3.61889,4.376,4.376,4.43439,4.06466,3.8554,2.62629,1.98883
2022-09-21,-1.83448,10.6047,7.64742,12.0508,10.572,7.44008,11.6624,11.6965,7.28404,12.3776,10.5865,7.85921,12.5258,11.5703,8.50697,14.3481,9.82293,8.24868,9.35065,3.67185,3.67185,4.37548,4.37548,3.86491,4.06466,3.84458,2.57327,2.10905
2022-09-22,4.56418,10.6047,7.64742,12.0508,10.3651,7.30102,11.4204,11.4504,7.14843,12.1575,10.3831,7.7082,12.2851,11.6236,8.54622,14.4143,10.5106,8.75874,9.98507,3.47465,3.47465,4.69385,4.69385,3.94212,4.06466,3.79421,2.52383,2.11878
2022-09-23,-0.598866,10.6047,7.64742,12.0508,10.5147,7.40704,11.5852,11.6139,7.25229,12.3325,11.9944,8.90442,14.1916,11.2283,8.25558,13.9241,9.53802,8.01132,9.08001,3.51881,3.51881,4.11189,4.11189,3.72618,4.06466,3.85029,2.91549,2.04672
2022-09-24,-1.88644,10.6047,7.64742,12.0508,10.261,7.22728,11.3059,11.3322,7.0762,12.0352,4.89675,3.63525,5.79376,7.41454,5.4515,9.19463,4.92867,4.02796,4.65846,3.58728,3.58728,4.17527,4.17527,1.67288,4.06466,3.75521,1.19026,1.35154
2022-09-25,-0.714981,10.6047,7.64742,12.0508,10.0967,7.1109,11.1251,11.1494,6.96222,11.8427,6.55989,4.86993,7.76156,8.42883,6.19726,10.4524,5.83207,4.8269,5.53052,3.48967,3.48967,3.98874,3.98874,2.03805,4.06466,3.69366,1.59452,1.53642
2022-09-26,2.2122,10.6047,7.64742,12.0508,9.86902,6.94961,10.8746,10.8969,6.80423,11.576,11.7573,8.72835,13.911,11.1203,8.17617,13.7901,11.6034,9.85561,11.0791,3.59097,3.59097,4.05425,4.05425,5.04808,4.06466,3.60835,2.85785,2.02703
2022-09-27,-0.585007,10.6047,7.64742,12.0508,9.73217,6.85266,10.724,10.7443,6.70927,11.4156,9.36071,6.94921,11.0755,11.419,8.39576,14.1605,10.7867,9.17271,10.3025,3.51418,3.51418,3.9934,3.9934,4.76043,4.06466,3.55708,2.27532,2.08148
2022-09-28,1.64091,10.6047,7.64742,12.0508,9.5196,6.70208,10.4901,10.5077,6.56177,11.1665,10.3949,7.71699,12.2991,11.1696,8.21241,13.8512,9.42694,7.92618,8.97671,3.32072,3.32072,4.05869,4.05869,3.82857,4.06466,3.47743,2.5267,2.03602
2022-09-29,0.750413,10.6047,7.64742,12.0508,9.35805,6.58764,10.3123,10.3293,6.44968,10.9773,9.69862,7.20006,11.4753,10.0393,7.38137,12.4496,10.2976,8.58165,9.78285,3.30264,3.30264,4.07582,4.07582,3.85325,4.06466,3.41691,2.35745,1.82999
2022-09-30,-0.724328,10.6047,7.64742,12.0508,9.1623,6.44897,10.0969,10.1159,6.31385,10.7486,11.8635,8.80724,14.0367,9.06287,6.66343,11.2387,11.6312,9.71547,11.0565,3.15749,3.15749,3.96851,3.96851,4.59709,4.06466,3.34357,2.88368,1.652
2022-10-01,-0.617879,10.6047,7.64742,12.0508,8.98657,6.32447,9.90348,9.91969,6.19191,10.5425,4.53483,3.36657,5.36554,7.26172,5.33914,9.00512,6.25269,5.17287,5.92874,3.05462,3.05462,3.78847,3.78847,2.24962,4.06466,3.27772,1.10228,1.32368
2022-10-02,-1.39738,10.6047,7.64742,12.0508,8.81668,6.20413,9.71653,9.72965,6.07403,10.3433,6.56715,4.87532,7.77015,7.30941,5.3742,9.06426,6.10599,5.03905,5.78591,2.97106,2.97106,3.61905,3.61905,2.1401,4.06466,3.21407,1.59628,1.33237
2022-10-03,2.99742,10.6047,7.64742,12.0508,8.70084,6.12207,9.58906,9.60422,5.99365,10.208,10.1777,7.55571,12.0421,10.4101,7.65398,12.9094,9.51427,7.88287,9.02485,3.00337,3.00337,4.16227,4.16227,3.51125,4.06466,3.17067,2.4739,1.89758
2022-10-04,3.57022,10.6047,7.64742,12.0508,8.73516,6.14638,9.62683,9.64502,6.01747,10.2486,9.55202,7.09123,11.3018,10.3727,7.62649,12.863,9.93723,8.40327,9.47704,2.9872,2.9872,4.00638,4.00638,4.21419,4.06466,3.18353,2.32182,1.89076
2022-10-05,-0.86982,10.6047,7.64742,12.0508,8.85434,6.2308,9.75797,9.77324,6.10016,10.3877,10.0813,7.48413,11.928,10.0173,7.36518,12.4223,8.34342,6.94738,7.9246,3.00412,3.00412,3.99105,3.99105,3.09905,4.06466,3.22818,2.45046,1.82597
2022-10-06,-1.0234,10.6047,7.64742,12.0508,8.70305,6.12363,9.5915,9.60497,5.99518,10.2104,10.2974,7.64461,12.1838,9.66696,7.10758,11.9878,9.50085,7.92512,9.02813,3.10337,3.10337,3.94899,3.94899,3.62156,4.06466,3.1715,2.503,1.76211
2022-10-07,-2.06878,10.6047,7.64742,12.0508,8.5691,6.02874,9.44409,9.45732,5.90223,10.0536,10.5632,7.84188,12.4982,9.14109,6.72094,11.3357,8.67044,7.23208,8.23893,3.06959,3.06959,4.1387,4.1387,3.26867,4.06466,3.12131,2.5676,1.66626
2022-10-08,-0.668742,10.6047,7.64742,12.0508,8.53239,6.00274,9.4037,9.41364,5.87677,10.0102,4.63373,3.43999,5.48255,6.49004,4.77177,8.04818,9.75374,8.10654,9.25958,3.1784,3.1784,4.1746,4.1746,3.64993,4.06466,3.10756,1.12632,1.18302
2022-10-09,0.15366,10.6047,7.64742,12.0508,8.39095,5.90254,9.24805,9.25448,5.77862,9.84421,5.88766,4.37088,6.96618,7.60794,5.5937,9.43446,8.55684,7.13301,8.12969,3.36585,3.36585,4.03842,4.03842,3.22059,4.06466,3.05456,1.43112,1.38679
2022-10-10,-1.58054,10.6047,7.64742,12.0508,8.24087,5.79622,9.08289,9.08461,5.67448,9.66794,11.0659,8.21513,13.093,10.5044,7.7233,13.0263,9.55184,8.0052,9.08784,3.32074,3.32074,3.83008,3.83008,3.80187,4.06466,2.99833,2.68981,1.91476
2022-10-11,-0.471634,10.6047,7.64742,12.0508,8.17766,5.75144,9.01334,9.03706,5.63062,9.59696,8.59348,6.37963,10.1677,10.354,7.6127,12.8398,9.76391,8.27496,9.31722,3.32478,3.32478,3.89098,3.89098,4.288,4.06466,2.97465,2.08882,1.88734
2022-10-12,0.554993,10.6047,7.64742,12.0508,7.87854,5.52922,8.70186,8.73722,5.44137,9.2788,9.20929,6.83679,10.8963,9.71352,7.14181,12.0455,7.30007,5.97352,6.9021,3.19245,3.19245,3.89436,3.89436,2.46115,4.06466,2.83837,2.23851,1.7706
2022-10-13,1.17,10.6047,7.64742,12.0508,7.74238,5.43304,8.55169,8.5864,5.34668,9.11807,8.95573,6.64855,10.5963,8.9824,6.60426,11.1389,9.1618,7.64793,8.70764,3.07102,3.07102,4.12181,4.12181,3.56237,4.06466,2.78797,2.17688,1.63733
2022-10-14,-1.02285,10.6047,7.64742,12.0508,7.64172,5.36193,8.44067,8.4749,5.27668,8.99929,10.6485,7.90523,12.5991,9.1205,6.7058,11.3102,9.35511,7.8943,8.91687,3.1524,3.1524,3.77632,3.77632,4.03408,4.06466,2.75072,2.58834,1.6625
2022-10-15,-0.617055,10.6047,7.64742,12.0508,7.55406,5.30001,8.34399,8.37776,5.21572,8.89537,4.09088,3.03699,4.84027,6.00238,4.41322,7.44343,8.53453,7.10573,8.10589,3.03336,3.03336,4.01575,4.01575,3.19375,4.06466,2.71828,0.994373,1.09412
2022-10-16,1.04581,10.6047,7.64742,12.0508,7.44853,5.22546,8.22761,8.26088,5.14234,8.77107,5.90445,4.38334,6.98605,6.71276,4.93552,8.32436,7.53059,6.19836,7.13092,2.96284,2.96284,3.38332,3.38332,2.58749,4.06466,2.67922,1.4352,1.22361
2022-10-17,1.45635,10.6047,7.64742,12.0508,7.35909,5.16229,8.12896,8.16177,5.08014,8.66498,9.53026,7.07507,11.2761,8.84867,6.50594,10.9731,9.01205,7.48046,8.55257,3.09234,3.09234,3.1784,3.1784,3.28164,4.06466,2.64612,2.31653,1.61295
2022-10-18,-1.11273,10.6047,7.64742,12.0508,7.30458,5.12378,8.06885,8.10133,5.04223,8.5999,8.85339,6.57258,10.4752,8.76775,6.44644,10.8727,9.01697,7.56753,8.58214,2.98544,2.98544,3.21713,3.21713,3.6717,4.06466,2.62594,2.152,1.5982
2022-10-19,-1.01306,10.6047,7.64742,12.0508,7.24589,5.08232,8.00411,8.03625,5.00141,8.52982,8.39922,6.23541,9.93783,8.17621,6.01152,10.1392,8.27386,6.83336,7.84171,2.9297,2.9297,3.3552,3.3552,2.93544,4.06466,2.60422,2.04161,1.49038
2022-10-20,-0.449264,10.6047,7.64742,12.0508,7.18363,5.03834,7.93545,7.96732,4.95812,8.45664,8.78761,6.52374,10.3974,7.82422,5.75272,9.70267,9.395,7.86907,8.93722,2.92424,2.92424,3.02279,3.02279,3.73166,4.06466,2.58118,2.13601,1.42621
2022-10-21,0.621193,10.6047,7.64742,12.0508,7.0945,4.97538,7.83715,7.86852,4.89614,8.3506,8.96651,6.65656,10.609,7.67766,5.64496,9.52091,8.56021,7.15195,8.13773,2.79757,2.79757,3.31285,3.31285,3.40682,4.06466,2.54819,2.1795,1.3995
2022-10-22,0.186141,10.6047,7.64742,12.0508,7.00848,4.91461,7.74227,7.77317,4.83632,8.24826,3.34139,2.48058,3.95348,6.17388,4.53931,7.6561,6.3918,5.25048,6.04941,2.70785,2.70785,2.98234,2.98234,2.2212,4.06466,2.51635,0.812194,1.12539
2022-10-23,1.85081,10.6047,7.64742,12.0508,6.9199,4.85204,7.64458,7.67504,4.77472,8.1436,3.37282,2.50391,3.99067,5.05992,3.72028,6.27471,6.80064,5.59019,6.43751,2.33779,2.33779,3.20701,3.20701,2.37284,4.06466,2.48357,0.819834,0.922332
2022-10-24,-1.13813,10.6047,7.64742,12.0508,6.93627,4.8636,7.66263,7.69316,4.7861,8.16282,9.11803,6.76904,10.7883,8.10492,5.9591,10.0508,8.02227,6.59582,7.59433,2.30207,2.30207,3.22328,3.22328,2.81816,4.06466,2.48963,2.21633,1.47738
2022-10-25,3.80501,10.6047,7.64742,12.0508,6.9052,4.84166,7.62836,7.65889,4.76449,8.12809,7.02886,5.21809,8.31644,7.41547,5.45219,9.19579,7.17072,5.90481,6.79095,2.49224,2.49224,3.14429,3.14429,2.522,4.06466,2.47813,1.70851,1.35171
2022-10-26,3.30172,10.6047,7.64742,12.0508,7.26465,5.09557,8.02481,8.05674,5.01446,8.54802,8.48461,6.2988,10.0389,8.10799,5.96136,10.0546,8.21503,6.82848,7.79907,2.4594,2.4594,3.07226,3.07226,3.03858,4.06466,2.61116,2.06236,1.47794
2022-10-27,-2.36079,10.6047,7.64742,12.0508,7.47684,5.24546,8.25883,8.29115,5.16202,8.79545,9.44212,7.00964,11.1718,8.42029,6.19097,10.4418,9.57255,8.07956,9.12465,2.29344,2.29344,3.34562,3.34562,3.98685,4.06466,2.6897,2.2951,1.53487
2022-10-28,1.51425,10.6047,7.64742,12.0508,7.54914,5.29653,8.33857,8.35738,5.2123,8.87845,9.92251,7.36627,11.7402,8.36551,6.1507,10.3739,9.06237,7.60314,8.6246,2.56049,2.56049,3.5944,3.5944,3.83752,4.06466,2.71645,2.41187,1.52488
2022-10-29,1.07755,10.6047,7.64742,12.0508,7.48661,5.25236,8.2696,8.26826,5.16881,8.8024,3.88304,2.88269,4.59436,6.26786,4.60841,7.77265,4.82565,3.90233,4.54865,2.42542,2.42542,3.3464,3.3464,1.5066,4.06466,2.69331,0.943854,1.14252
2022-10-30,-0.882295,10.6047,7.64742,12.0508,7.39658,5.18877,8.17031,8.14835,5.10621,8.69404,6.03005,4.47659,7.13466,6.56362,4.82586,8.13941,5.37843,4.40934,5.0877,2.59351,2.59351,3.70239,3.70239,1.7751,4.06466,2.65907,1.46573,1.19643
2022-10-31,-0.679919,10.6047,7.64742,12.0508,7.31548,5.13148,8.08087,8.03731,5.04981,8.59601,9.0988,6.75477,10.7656,8.69563,6.39342,10.7833,8.5416,7.06113,8.09746,2.68653,2.68653,3.66352,3.66352,3.05676,4.06466,2.62455,2.21165,1.58506
2022-11-01,-0.051248,10.6047,7.64742,12.0508,6.80242,4.75015,7.53737,7.38149,4.75852,8.06305,8.5632,6.35715,10.1318,7.84281,5.76639,9.72572,8.66243,7.18601,8.2195,2.45119,2.45119,3.53209,3.53209,3.23476,4.06466,2.44597,2.08146,1.4296
2022-11-02,-1.60305,10.6047,7.64742,12.0508,6.6829,4.66602,7.40517,7.25198,4.67425,7.92442,7.91591,5.87662,9.36599,7.08542,5.20952,8.78649,7.66145,6.34573,7.26673,2.66661,2.66661,3.32851,3.32851,2.74962,4.06466,2.40236,1.92413,1.29154
2022-11-03,0.250112,10.6047,7.64742,12.0508,6.68373,4.66661,7.40609,7.25288,4.67484,7.92177,8.06956,5.99068,9.54778,7.58148,5.57425,9.40165,9.25948,7.71786,8.797,2.82617,2.82617,3.68444,3.68444,3.58886,4.06466,2.4013,1.96148,1.38197
2022-11-04,4.5332,10.6047,7.64742,12.0508,6.57054,4.58694,7.2809,7.1301,4.59503,7.78388,8.23419,6.1129,9.74257,6.25012,4.59537,7.75066,8.62104,7.09988,8.16469,2.78027,2.78027,3.35599,3.35599,3.13743,4.06466,2.35631,2.00149,1.13928
2022-11-05,0.638521,10.6047,7.64742,12.0508,7.18465,5.01919,7.96013,7.79512,5.02802,8.5043,4.10127,3.0447,4.85255,5.26812,3.87336,6.5329,5.35286,4.374,5.0592,2.87947,2.87947,3.43431,3.43431,1.78473,4.06466,2.58405,0.996898,0.960283
2022-11-06,-1.68785,10.6047,7.64742,12.0508,7.05138,4.92539,7.81273,7.65053,4.93406,8.3443,5.60272,4.15935,6.62905,5.01042,3.68389,6.21333,5.37412,4.41181,5.08543,2.62327,2.62327,3.27934,3.27934,1.78015,4.06466,2.53463,1.36186,0.913309
2022-11-07,-1.55878,10.6047,7.64742,12.0508,7.03613,4.91465,7.79586,7.63384,4.9233,8.32424,8.96519,6.65558,10.6075,8.50738,6.25501,10.5498,8.65959,7.16107,8.21003,2.77702,2.77702,3.40174,3.40174,3.12718,4.06466,2.52897,2.17918,1.55074
2022-11-08,-10.5429,10.6047,7.64742,12.0508,7.00564,4.89319,7.76214,7.6008,4.90181,8.28809,8.48232,6.29711,10.0362,8.09346,5.95068,10.0365,7.99576,6.60471,7.57844,2.50068,2.50068,3.5406,3.5406,2.87978,4.06466,2.51767,2.06181,1.47529
2022-11-09,-15.489,10.6047,7.6659,12.1663,10.2566,7.1814,11.3578,11.2672,7.22159,12.4414,9.50395,7.24481,11.3122,8.81595,6.5032,10.4991,10.2042,8.35985,9.6509,3.71175,3.71175,4.56743,4.56743,3.47919,4.12552,3.72974,2.28737,1.5177
2022-11-10,10.2037,10.8041,8.10874,12.4615,14.9618,10.4932,16.562,16.7301,10.9484,18.5847,11.372,8.697,13.8987,18.0951,13.6439,21.8041,24.3402,19.0972,22.7673,5.41093,5.41093,8.35276,8.35276,6.40787,4.14967,5.52595,2.7311,3.05077
2022-11-11,-3.19184,10.8041,8.10874,12.4615,16.1525,11.3314,17.8791,18.0605,11.8225,20.0432,32.992,25.2313,40.3222,25.3297,19.0988,30.5215,20.1951,16.0187,18.9422,3.74797,3.74797,4.03886,4.03886,5.557,4.14967,5.97121,7.92335,4.27048
2022-11-12,-1.38982,10.8041,8.10874,12.4615,15.7736,11.0646,17.4599,17.6371,11.5443,19.5831,6.16347,4.71365,7.53288,11.0387,7.97451,13.2574,5.93644,4.80236,5.59622,3.29753,3.29753,4.05104,4.05104,1.8609,4.12552,5.779,1.48022,1.86108
2022-11-13,-2.68966,10.8041,8.10874,12.4615,15.2692,10.7096,16.9021,17.0736,11.1741,18.939,7.81926,5.97995,9.55656,9.65411,6.97429,11.5946,7.73994,6.28705,7.30407,3.31462,3.31462,3.99504,3.99504,2.41433,4.12552,5.59154,1.87787,1.62765
2022-11-14,1.60647,10.8041,8.10874,12.4615,14.8846,10.4389,16.4767,16.6439,10.8918,18.454,12.6842,9.70053,15.5024,16.5708,11.9711,19.9015,11.521,9.55516,10.9312,3.1162,3.1162,3.94067,3.94067,4.23193,4.12552,5.44863,3.04624,2.79378
2022-11-15,1.59044,10.8041,8.10874,12.4615,14.418,10.1105,15.9606,16.1227,10.5493,17.8891,11.0103,8.4204,13.4566,13.0976,9.46191,15.7302,10.9013,9.15413,10.3772,3.07604,3.07604,3.44064,3.44064,4.41501,4.12552,5.27539,2.64424,2.2082
2022-11-16,-1.28257,10.8041,8.10874,12.4615,13.9717,9.79636,15.467,15.6241,10.2217,17.3648,10.3399,7.90763,12.6372,11.6097,8.38701,13.9432,10.7901,8.89578,10.2218,2.99539,2.99539,3.54608,3.54608,3.77874,4.06466,5.101,2.48322,1.95735
2022-11-17,0.10839,10.8041,8.10874,12.4615,13.543,9.49459,14.9928,15.1451,9.90702,16.8099,9.98167,7.6337,12.1994,10.1931,7.36364,12.2418,11.1546,9.19908,10.568,3.02315,3.02315,3.58324,3.58324,3.94831,4.06466,4.942,2.3972,1.71851
2022-11-18,0.0614625,10.8041,8.10874,12.4615,13.0952,9.1794,14.4975,14.6448,9.57832,16.2323,9.85446,7.53641,12.0439,9.24626,6.67966,11.1047,10.043,8.27839,9.51363,2.91247,2.91247,3.05465,3.05465,3.60036,4.06466,4.77594,2.36665,1.55889
2022-11-19,0.0824328,10.8041,8.10874,12.4615,12.667,8.87801,14.0239,14.1665,9.26402,15.6787,4.57348,3.49767,5.58962,6.26586,4.52656,7.52528,5.11147,4.13816,4.81948,2.9368,2.9368,2.90256,2.90256,1.61966,4.06466,4.61715,1.09837,1.0564
2022-11-20,-2.54361,10.8041,8.10874,12.4615,12.2576,8.58986,13.5711,13.7091,8.96351,15.1613,5.33554,4.08047,6.521,6.14703,4.44072,7.38257,7.3689,6.02681,6.96627,2.78095,2.78095,2.96003,2.96003,2.44518,4.06466,4.46533,1.28138,1.03637
2022-11-21,-3.14591,10.8041,8.10874,12.4615,12.2798,8.4866,13.7547,13.5188,8.63068,14.6562,10.0912,7.71744,12.3332,10.8293,7.8233,13.006,10.2215,8.55532,9.72164,2.94148,2.94148,3.20881,3.20881,4.03479,4.06466,4.30505,2.42349,1.82579
2022-11-22,2.51747,10.8041,8.10874,12.4615,12.1164,8.37318,13.5719,13.339,8.51536,14.4626,9.55762,7.3094,11.6811,10.8675,7.85083,13.0518,10.1944,8.56088,9.70437,3.04226,3.04226,3.95037,3.95037,4.14671,4.06466,4.24675,2.29536,1.83221
2022-11-23,2.56679,10.8041,8.10874,12.4615,11.8477,8.18665,13.2711,13.0434,8.32571,14.1966,9.29188,7.10617,11.3564,10.0418,7.25438,12.0602,9.26874,7.63244,8.77785,3.0651,3.0651,3.5372,3.5372,3.23593,4.04884,4.11724,2.23154,1.69301
2022-11-24,-0.0375816,10.8041,8.10874,12.4615,11.6024,8.01646,12.9967,12.7736,8.15266,13.877,9.64007,7.37246,11.7819,9.89808,7.15054,11.8876,9.41302,7.75121,8.91448,2.67494,2.67494,3.55203,3.55203,3.291,4.04884,4.03044,2.31516,1.66878
2022-11-25,-0.498843,10.8041,8.10874,12.4615,11.2226,7.75284,12.5717,12.3558,7.88463,13.401,10.1118,7.7332,12.3584,7.77686,5.61813,9.33998,9.48151,7.7628,8.96589,2.63428,2.63428,3.68774,3.68774,3.21824,4.04884,3.89601,2.42844,1.31115
2022-11-26,-0.348995,10.8041,8.10874,12.4615,10.8732,7.51032,12.1807,11.9715,7.63805,12.9588,4.45615,3.40794,5.44623,5.26566,3.804,6.32404,7.80352,6.4443,7.39575,2.98188,2.98188,3.25815,3.25815,2.75458,4.04884,3.77233,1.07019,0.88777
2022-11-27,-0.119446,10.8041,8.10874,12.4615,10.5392,7.27857,11.8071,11.6042,7.40242,12.5336,5.5645,4.25558,6.80084,5.33669,3.85532,6.40935,8.60378,7.08506,8.14817,2.71001,2.71001,3.23145,3.23145,2.97024,4.04884,3.65415,1.33637,0.899746
2022-11-28,-1.39188,10.8041,8.10874,12.4615,10.22,7.05701,11.4498,11.2531,7.17715,12.1573,8.83472,6.75655,10.7976,8.37176,6.0479,10.0545,10.5084,8.87029,10.0169,2.56983,2.56983,3.14533,3.14533,4.42269,4.04884,3.54116,2.12175,1.41145
2022-11-29,1.39405,10.8041,8.10874,12.4615,9.98291,6.89246,11.1845,10.9923,7.00985,11.8476,7.5068,5.74099,9.17467,8.35038,6.03245,10.0288,10.1039,8.49394,9.62093,2.79979,2.79979,3.21917,3.21917,4.23033,4.04884,3.45725,1.80283,1.40784
2022-11-30,4.30597,10.8041,8.10874,12.4615,9.74218,6.72539,10.9152,10.7275,6.83998,11.5311,7.8311,5.98901,9.57103,8.24386,5.9555,9.90085,8.12858,6.71636,7.70492,2.68281,2.68281,3.07042,3.07042,2.85483,4.04884,3.37205,1.88072,1.38988
2022-12-01,-1.1802,10.8041,8.10874,12.4615,9.98223,6.89199,11.1838,10.9915,7.00937,11.8196,9.2653,7.08584,11.3239,9.67221,6.98737,11.6163,9.58763,7.94446,9.09468,2.65942,2.65942,3.49327,3.49327,3.51245,4.04884,3.45701,2.22515,1.6307
2022-12-02,0.713695,10.8041,8.10874,12.4615,9.74315,6.72606,10.9163,10.7286,6.84066,11.5008,9.26507,7.08566,11.3236,8.40678,6.0732,10.0965,10.0278,8.24071,9.49168,2.67531,2.67531,3.77874,3.77874,3.48298,4.04884,3.3724,2.2251,1.41735
2022-12-03,-1.06142,10.8041,8.10874,12.4615,9.47949,6.54307,10.6212,10.4386,6.65461,11.1743,4.26294,3.26018,5.21009,4.96349,3.58571,5.96114,7.5827,6.18364,7.16298,2.58633,2.58633,3.5102,3.5102,2.48612,4.04884,3.27908,1.02379,0.836826
2022-12-04,1.30588,10.8041,7.6659,12.4086,9.26379,6.39337,10.3799,10.2013,6.25814,11.1136,6.44755,4.91493,7.80389,5.70325,3.9603,6.82694,8.23708,6.77702,7.79907,2.57626,2.57626,3.51576,3.51576,2.82175,4.01928,3.19671,1.55177,0.981838
2022-12-05,-0.912828,10.8041,7.6659,12.4086,9.06283,6.2539,10.155,9.98026,6.12156,10.8513,9.48723,7.23206,11.483,9.33192,6.48004,11.1706,9.60966,8.01923,9.13253,2.47954,2.47954,3.29463,3.29463,3.75412,4.01928,3.12571,2.28335,1.60653
2022-12-06,0.673305,10.8041,7.6659,12.4086,8.86391,6.11584,9.93242,9.76146,5.98637,10.5653,8.10472,6.17818,9.80968,8.73513,6.06562,10.4562,9.37317,7.78985,8.89817,2.46317,2.46317,3.31377,3.31377,3.56942,4.01928,3.05544,1.95061,1.50379
2022-12-07,-1.42249,10.8041,7.6659,12.4086,8.65336,5.96971,9.69681,9.52986,5.84328,10.2672,7.72432,5.88821,9.34926,8.06679,5.60153,9.65616,8.34413,6.87753,7.90415,2.33569,2.33569,3.23033,3.23033,2.95894,4.01928,2.98105,1.85906,1.38873
2022-12-08,2.26141,10.6047,7.64742,10.8559,8.52548,5.88096,9.55372,9.01722,5.7486,8.80011,7.03444,5.22223,7.12576,7.59804,5.45316,7.75361,8.55105,7.08017,8.10979,2.11128,2.11128,3.26713,3.26713,3.11591,3.99533,3.01467,1.70987,1.38498
2022-12-09,-0.583836,10.6047,7.64742,10.8559,8.48184,5.85067,9.50489,8.9711,5.82552,8.76913,7.36832,5.4701,7.46398,7.41702,5.32325,7.56889,8.4346,6.90681,7.97626,2.09297,2.09297,2.98963,2.98963,2.88045,3.99533,3.00646,1.79102,1.35199
2022-12-10,-0.0258497,10.6047,7.64742,10.8559,8.30224,5.72603,9.30393,8.78128,5.60465,8.59894,3.52509,2.61696,3.57085,4.23987,3.04299,4.32669,8.39178,6.85231,7.92994,1.87718,1.87718,3.05819,3.05819,2.80065,3.99086,2.93376,0.856846,0.772852
2022-12-11,-0.143318,10.6047,7.64742,10.8559,7.75282,5.47769,8.5168,8.57968,5.7088,8.58456,4.89199,3.63172,4.9555,4.85685,3.48579,4.95629,8.87228,7.20351,8.37165,1.84941,1.84941,3.00905,3.00905,2.85183,3.99086,2.89984,1.1891,0.885315
2022-12-12,0.596001,10.6047,7.64742,10.8559,7.56799,5.34622,8.31406,8.37546,5.47774,8.3748,8.0046,5.94245,8.10851,7.46459,5.35739,7.61743,7.93836,6.50357,7.50793,2.26691,2.26691,2.87063,2.87063,2.70052,3.91801,2.79328,1.94568,1.36066
2022-12-13,3.28648,10.6047,7.64742,10.8559,7.39637,5.22414,8.1258,8.18583,5.35273,8.18526,7.61563,5.65369,7.7145,7.3206,5.25404,7.47049,7.52166,6.15731,7.11235,1.88197,1.88197,2.53332,2.53332,2.55547,3.91801,2.72813,1.85114,1.33441
2022-12-14,-0.729374,10.6047,7.64742,10.8559,7.54447,5.32949,8.28826,8.34947,5.46061,8.34873,8.83874,6.56171,8.95349,9.14021,6.55999,9.32736,7.62903,6.22034,7.20642,1.91416,1.91416,2.64991,2.64991,2.51772,3.91801,2.78435,2.14844,1.66609
2022-12-15,-1.64058,10.6047,7.64742,10.8559,7.39049,5.21996,8.11935,8.17933,5.34846,8.18265,7.23971,5.37461,7.33369,7.0126,5.03299,7.15619,8.57313,7.03935,8.113,2.15005,2.15005,2.85571,2.85571,3.05684,3.91801,2.7259,1.75976,1.27827
2022-12-16,-4.21898,10.6047,7.64742,10.8559,7.3217,5.17103,8.0439,8.10333,5.29835,8.10644,6.90919,5.12924,6.99888,7.00582,5.02812,7.14926,7.93165,6.45831,7.48965,2.20118,2.20118,3.0671,3.0671,2.74905,3.91801,2.69979,1.67942,1.27703
2022-12-17,0.882758,10.6047,7.64742,10.8559,7.75304,5.47785,8.51705,8.57992,5.61254,8.58302,3.58732,2.66315,3.63389,5.33615,3.82979,5.44541,5.02835,4.06186,4.7384,2.55167,2.55167,3.42678,3.42678,1.57709,3.99086,2.90646,0.871972,0.972684
2022-12-18,-0.221223,10.6047,7.64742,10.8559,7.58364,5.35735,8.33123,8.39275,5.48915,8.3963,5.08615,3.77585,5.15217,5.48589,3.93726,5.59822,8.91979,7.31153,8.43731,2.46042,2.46042,3.24071,3.24071,3.03054,3.91801,2.79922,1.23629,0.999979
2022-12-19,-1.91765,10.6047,7.64742,10.8559,7.40821,5.23256,8.13879,8.19891,5.36137,8.20404,7.78355,5.77835,7.8846,7.37747,5.29486,7.52853,8.71923,7.15869,8.25107,2.51618,2.51618,3.3779,3.3779,3.01296,3.91801,2.79414,1.89195,1.34478
2022-12-20,2.79887,10.6047,7.64742,10.8559,7.37227,5.207,8.09937,8.1592,5.33519,8.16459,8.01409,5.9495,8.11813,8.11194,5.82199,8.27803,9.07887,7.50152,8.60566,2.72588,2.72588,3.35674,3.35674,3.24762,3.91801,2.78021,1.94799,1.47866
2022-12-21,-0.526459,10.6047,7.64742,10.8559,7.43275,5.25002,8.16571,8.22603,5.37924,8.23122,8.41878,6.24993,8.52807,8.39604,6.0259,8.56796,8.5674,7.11882,8.13283,2.97156,2.97156,3.3681,3.3681,3.17088,3.91801,2.80366,2.04636,1.53045
2022-12-22,0.0761239,10.6047,7.64742,10.8559,7.27437,5.13736,7.99198,8.05104,5.26388,8.05586,7.72423,5.73432,7.82451,7.08712,5.08647,7.23223,9.42416,7.74527,8.9205,3.02152,3.02152,3.33747,3.33747,3.30824,3.91801,2.72214,1.87754,1.29185
2022-12-23,-0.198584,10.6047,7.64742,10.8559,7.10962,5.02017,7.81126,7.869,5.14387,7.87385,7.09165,5.2647,7.18371,6.28192,4.50857,6.41054,8.91962,7.35355,8.4498,2.92733,2.92733,3.52764,3.52764,3.3301,3.91801,2.65871,1.72377,1.14508
2022-12-24,0.301998,10.6047,7.64742,10.8559,6.95625,4.91107,7.64302,7.69954,5.03216,7.70439,3.36922,2.50124,3.41296,3.37537,2.42252,3.44448,4.35214,3.48076,4.09073,2.82601,2.82601,3.35788,3.35788,1.27939,3.91801,2.56106,0.81896,0.615268
2022-12-25,-0.0342431,10.6047,7.64742,10.8559,6.80769,4.8054,7.48005,7.53538,4.92394,7.54071,4.41003,3.27392,4.46728,4.228,3.03447,4.31457,5.9664,4.79356,5.61455,2.96383,2.96383,3.17501,3.17501,1.7715,3.79731,2.48238,1.07195,0.770688
2022-12-26,0.460984,10.6047,7.64742,10.8559,6.66625,4.70479,7.32491,7.37911,4.82092,7.3861,7.30891,5.42599,7.4038,5.98291,4.29397,6.10541,7.83039,6.34862,7.38586,2.7624,2.7624,2.77958,2.77958,2.49311,3.79731,2.42914,1.77658,1.09058
2022-12-27,-1.20483,10.6047,7.64742,10.8559,6.53484,4.61132,7.18076,7.23392,4.7252,7.24043,7.33062,5.4421,7.42578,5.93387,4.25878,6.05536,8.51089,6.87191,8.0192,2.46665,2.46665,2.81448,2.81448,2.62934,3.79731,2.37968,1.78186,1.08164
2022-12-28,-0.989509,10.6047,7.64742,10.8559,6.47098,4.56589,7.11071,7.16336,4.67868,7.16966,6.98433,5.18503,7.07501,5.73562,4.11649,5.85306,8.46335,6.88666,7.99034,2.79699,2.79699,3.18374,3.18374,2.75172,3.79731,2.35564,1.69769,1.0455
2022-12-29,0.540873,10.6047,7.64742,10.8559,6.39153,4.50938,7.02356,7.07557,4.62081,7.08169,5.96722,4.42994,6.04468,5.6646,4.06552,5.78058,7.86153,6.30213,7.39371,2.13863,2.13863,3.02974,3.02974,2.34961,3.79731,2.32574,1.45046,1.03255
2022-12-30,-0.23918,10.6047,7.64742,10.8559,6.27631,4.42742,6.89717,6.94826,4.53688,6.95392,5.35585,3.97608,5.42538,5.21881,3.74557,5.32566,9.23396,7.4936,8.71185,1.97889,1.97889,2.78325,2.78325,3.1369,3.79731,2.28237,1.30185,0.951294
2022-12-31,-0.332366,10.6047,7.64742,10.8559,5.90754,4.18551,6.47366,6.5587,4.34031,6.645,2.10804,1.56496,2.1354,2.51999,1.80862,2.57159,3.77547,2.90886,3.51549,2.00767,2.00767,2.81113,2.81113,0.840757,3.79731,2.17778,0.512402,0.459349
2023-01-01,0.467768,10.6047,7.64742,10.8559,5.80106,4.10952,6.35716,6.4407,4.26157,6.5251,2.758,2.04748,2.7938,3.01234,2.16198,3.07402,4.98594,3.9307,4.66937,1.7683,1.7683,2.58617,2.58617,1.28773,3.79731,2.13732,0.670389,0.549095
2023-01-02,0.380571,10.6047,7.64742,10.8559,5.6976,4.03567,6.24396,6.32604,4.18507,6.41051,5.10393,3.78906,5.17019,5.03768,3.61558,5.14083,7.75576,6.25926,7.30681,1.78885,1.78885,2.46932,2.46932,2.3877,3.79731,2.09801,1.24062,0.918278
2023-01-03,-0.0516315,10.6047,7.64742,10.8559,5.59737,3.96414,6.1343,6.21496,4.11095,6.29758,4.76061,3.53418,4.82241,4.35966,3.12896,4.44892,7.16243,5.78508,6.74922,1.87122,1.87122,2.35708,2.35708,2.20588,3.79731,2.05993,1.15716,0.794686
2023-01-04,1.09342,10.6047,7.64742,10.8559,5.50045,3.89496,6.02826,6.10754,4.03928,6.18846,3.20866,2.38204,3.25031,3.90025,2.79923,3.9801,6.62407,5.38355,6.25192,1.80269,1.80269,2.3121,2.3121,2.17549,3.79731,2.0231,0.779931,0.710944
2023-01-05,-0.15728,10.6047,7.64742,10.8559,5.45121,3.85981,5.97438,6.05297,4.00287,6.13265,4.01561,2.98111,4.06774,4.61708,3.31371,4.71162,6.78308,5.47814,6.3916,1.82089,1.82089,2.19848,2.19848,2.13132,3.79731,2.00439,0.976078,0.84161
2023-01-06,0.682082,10.6047,7.64742,10.8559,5.36436,3.79783,5.87936,5.95673,3.93865,6.03679,2.86997,2.13061,2.90722,3.66025,2.60264,3.73274,6.31566,5.1014,5.95138,1.83279,1.83279,2.20992,2.20992,2.04982,3.78452,1.95222,0.697605,0.667198
2023-01-07,0.018332,10.6047,7.64742,10.8559,5.29432,3.74784,5.80273,5.8791,3.88686,5.95752,1.86002,1.38084,1.88417,2.16633,1.54038,2.20923,4.23949,3.33677,3.96867,1.76625,1.76625,2.09937,2.09937,1.09191,3.78452,1.92585,0.452117,0.394883
2023-01-08,0.799312,10.6047,7.64742,10.8559,5.21343,3.6901,5.71422,5.78945,3.82704,5.86619,2.12983,1.58114,2.15748,1.90166,1.35218,1.93932,4.13902,3.2981,3.88674,1.67878,1.67878,2.35954,2.35954,1.1553,3.78452,1.8954,0.5177,0.346638
2023-01-09,0.614856,10.6047,7.64742,10.8559,5.15931,3.65147,5.65501,5.72947,3.78702,5.80499,4.22807,3.13884,4.28296,4.67862,3.32676,4.77127,5.41392,4.36609,5.09957,1.5236,1.5236,2.29455,2.29455,1.67068,3.78452,1.87502,1.02772,0.852828
2023-01-10,1.44181,10.6047,7.64742,10.8559,5.09798,3.60771,5.58791,5.66151,3.74167,5.73543,4.32402,3.21007,4.38016,4.73013,3.36338,4.8238,5.12823,4.10271,4.82057,1.48221,1.48221,2.0068,2.0068,1.515,3.78452,1.85194,1.05104,0.862216
2023-01-11,2.81229,10.6047,7.64742,10.8559,5.11316,3.61854,5.60452,5.67833,3.75289,5.75241,4.60263,3.4169,4.66239,4.94604,3.51691,5.04399,5.37068,4.21234,5.02318,1.20716,1.20716,2.17631,2.17631,1.36427,3.78452,1.85765,1.11877,0.901574
2023-01-12,5.03014,10.6047,7.64742,10.8559,5.38318,3.81126,5.89995,5.97758,3.95257,6.05861,5.20109,3.86118,5.26861,5.61136,3.98999,5.72249,7.64207,6.09539,7.17807,1.04908,1.04908,2.56476,2.56476,2.16371,3.78452,1.9593,1.26423,1.02285
2023-01-13,5.36492,10.6047,7.64742,10.8559,6.31322,4.47506,6.91752,7.0083,4.6403,7.10188,5.98955,4.44652,6.0673,6.77252,4.81563,6.90663,11.1431,8.88718,10.4663,1.37859,1.37859,2.3559,2.3559,3.05952,3.78452,2.30943,1.45588,1.23451
2023-01-14,5.21925,10.6047,7.64742,10.8559,7.18715,5.09881,7.87369,7.97683,5.28654,8.08233,6.23976,4.63227,6.32076,5.08905,3.6186,5.18983,12.1671,9.2492,11.2917,0.939373,0.939373,1.83935,1.83935,2.62615,3.78452,2.63844,1.5167,0.927642
2023-01-15,-0.456318,10.6047,7.64742,10.8559,7.86762,5.58449,8.61821,8.73096,5.78972,8.84481,17.9252,13.3073,18.1579,13.1692,9.36403,13.43,3.62372,2.03821,3.14807,0.838113,0.838113,0.265554,0.265554,-2.21893,3.78452,2.89461,4.3571,2.40051
2023-01-16,1.37377,10.6047,7.64742,10.8559,7.66799,5.442,8.39979,8.50971,5.6421,8.62232,6.89634,5.1197,6.98587,8.49722,6.04199,8.66549,9.15025,7.37531,8.61777,1.48067,1.48067,2.56477,2.56477,2.82749,3.75605,2.79651,1.6763,1.54889
2023-01-17,-0.0383338,10.6047,7.64742,10.8559,7.51961,5.3361,8.23745,8.34528,5.53238,8.45395,7.0734,5.25115,7.16523,8.64604,6.14781,8.81726,9.29703,7.54929,8.77271,1.28999,1.28999,2.13743,2.13743,2.98957,3.75605,2.73212,1.71934,1.57602
2023-01-18,-2.25928,10.6047,7.64742,10.8559,7.32652,5.19828,8.02618,8.13128,5.38959,8.23728,4.5014,3.34175,4.55984,6.1612,4.38095,6.28321,7.30661,5.92443,6.89195,1.3612,1.3612,2.17593,2.17593,2.31045,3.75605,2.66062,1.09416,1.12308
2023-01-19,1.90554,10.6047,7.64742,10.8559,7.33096,5.20146,8.03104,8.13621,5.39288,8.24367,6.30882,4.68354,6.39072,7.37066,5.24095,7.51662,8.26558,6.68116,7.79025,1.73487,1.73487,2.83501,2.83501,2.58183,3.75605,2.66934,1.53349,1.34354
2023-01-20,7.26845,10.6047,7.64742,10.8559,7.35191,5.19541,8.0723,8.04257,5.39239,8.26095,6.31289,4.68656,6.39484,6.92196,4.9219,7.05904,7.57207,6.10248,7.13119,1.50708,1.50708,2.46228,2.46228,2.36029,3.75605,2.68432,1.53448,1.26175
2023-01-21,0.44473,10.6047,7.64742,10.8559,8.89326,6.29272,9.76199,9.72613,6.53026,9.9867,7.17222,5.32451,7.26533,6.24371,4.43962,6.36735,10.3588,8.33911,9.75286,1.37827,1.37827,2.23245,2.23245,3.16851,3.75605,3.26458,1.74336,1.13811
2023-01-22,-0.251484,10.6047,7.64742,10.8559,8.61127,6.09197,9.45286,9.41813,6.32209,9.6683,4.72484,3.50763,4.78618,4.89602,3.48134,4.99298,6.5403,5.27543,6.16084,1.46724,1.46724,2.27155,2.27155,2.01901,3.75605,3.15842,1.14847,0.892456
2023-01-23,0.937545,10.6047,7.64742,10.8559,8.34521,5.90256,9.1612,9.12752,6.12567,9.3678,6.16224,4.57472,6.24224,7.33703,5.21703,7.48232,8.14891,6.51779,7.65958,1.44387,1.44387,2.12907,2.12907,2.39249,3.75605,3.05826,1.49786,1.33741
2023-01-24,-1.3077,10.6047,7.64742,10.8559,8.10971,5.7349,8.90303,8.87029,5.95182,9.10102,6.82827,5.06917,6.91692,7.23327,5.14325,7.37651,8.07364,6.55427,7.61783,1.30377,1.30377,1.97308,1.97308,2.64263,3.75605,2.9696,1.65975,1.31849
2023-01-25,2.10432,10.6047,7.64742,10.8559,7.93667,5.61172,8.71334,8.68129,5.82408,8.95617,6.78417,5.03643,6.87224,6.99216,4.97181,7.13063,7.73047,6.23023,7.2804,1.39861,1.39861,2.21222,2.21222,2.38415,3.75605,2.90731,1.64903,1.27454
2023-01-26,-0.368715,10.6047,7.64742,10.8559,7.83774,5.54129,8.60489,8.57323,5.75105,8.8412,6.87535,5.10412,6.96461,7.80934,5.55287,7.96399,7.55702,6.01092,7.09319,1.39406,1.39406,1.77721,1.77721,2.13597,3.75605,2.87003,1.6712,1.4235
2023-01-27,0.199301,10.6047,7.64742,10.8559,7.61561,5.38314,8.36138,8.3306,5.58706,8.58844,6.12872,4.54984,6.20828,5.644,4.01319,5.75576,7.36305,5.868,6.91454,1.43278,1.43278,2.0353,2.0353,2.10655,3.75605,2.78633,1.48971,1.0288
2023-01-28,-0.206629,10.6047,7.64742,10.8559,7.39621,5.22695,8.12086,8.09096,5.42509,8.337,2.53071,1.87875,2.56356,2.53258,1.8008,2.58273,7.70114,6.08623,7.21666,1.31464,1.31464,2.0177,2.0177,2.12747,3.75605,2.70366,0.615142,0.461643
2023-01-29,3.17713,10.6047,7.64742,10.8559,7.19277,5.08212,7.89785,7.86875,5.27491,8.10349,3.31575,2.46155,3.35879,2.69792,1.91837,2.75135,5.90808,4.70218,5.54631,1.5941,1.5941,1.86948,1.86948,1.69877,3.75605,2.627,0.805962,0.491782
2023-01-30,-4.00969,10.6047,7.64742,10.8559,7.35059,5.19447,8.07085,8.04113,5.39141,8.27521,6.93207,5.14623,7.02207,6.86959,4.88466,7.00563,7.25323,5.8634,6.83628,1.26756,1.26756,1.8245,1.8245,2.28639,3.75605,2.68647,1.68498,1.2522
2023-01-31,1.30123,10.6047,7.64742,10.8559,7.77762,5.49849,8.53898,8.50756,5.70666,8.74922,7.7137,5.7265,7.81384,7.99231,5.68297,8.15058,7.87849,6.41899,7.44064,2.03325,2.03325,2.69518,2.69518,2.659,3.78452,2.84738,1.87498,1.45685
2023-02-01,2.49457,10.6047,7.64742,10.8559,7.599,5.37132,8.34317,8.31246,5.5748,8.54718,7.63019,5.6645,7.72925,7.29052,5.18396,7.43489,8.43098,6.84818,7.95614,1.98876,1.98876,2.41328,2.41328,2.74611,3.78452,2.78007,1.85468,1.32893
2023-02-02,-1.06748,10.6047,7.64742,10.8559,7.58507,5.36141,8.3279,8.29725,5.56452,8.5616,7.84463,5.82369,7.94646,7.67048,5.45413,7.82238,8.51278,6.902,8.02955,1.83463,1.83463,2.0667,2.0667,2.769,3.78452,2.79234,1.9068,1.39819
2023-02-03,-0.0961136,10.6047,7.64742,10.8559,7.42076,5.24443,8.14778,8.11778,5.44322,8.36861,6.9721,5.17595,7.06261,6.9462,4.93913,7.08376,7.09092,5.712,6.67724,1.87529,1.87529,2.53334,2.53334,2.2452,3.78452,2.73005,1.69471,1.26617
2023-02-04,-0.502231,10.6047,7.64742,10.8559,7.2136,5.09695,7.92068,7.8915,5.29028,8.13289,3.36756,2.50001,3.41127,2.69347,1.9152,2.7468,7.1119,5.74531,6.70192,1.88476,1.88476,2.46169,2.46169,2.2355,3.78452,2.65152,0.818555,0.49097
2023-02-05,-1.62545,10.6047,7.55378,10.7964,7.03141,4.96725,7.72096,7.69251,5.1229,7.8579,4.19503,3.10279,4.24271,4.08228,2.8563,4.13293,6.18134,4.963,5.81584,1.83108,1.83108,2.51415,2.51415,1.84793,3.75605,2.5662,1.01969,0.744125
2023-02-06,-0.855538,10.6047,7.55378,10.7964,6.9664,4.92096,7.64969,7.62149,5.07519,7.78538,7.05878,5.22091,7.139,7.67067,5.36704,7.76585,7.57538,6.15339,7.14878,1.88026,1.88026,2.62011,2.62011,2.46842,3.75605,2.5417,1.71578,1.39822
2023-02-07,2.19102,10.6047,7.55378,10.7964,6.82143,4.81776,7.49077,7.46315,4.96882,7.62369,6.66412,4.92901,6.73985,6.69148,4.68191,6.7745,6.8793,5.60357,6.49658,1.88491,1.88491,2.63652,2.63652,2.30683,3.75605,2.48708,1.61985,1.21973
2023-02-08,-1.40637,10.6047,7.55378,10.7964,6.81755,4.815,7.48652,7.45891,4.96602,7.61936,7.14035,5.28125,7.22151,7.65621,5.35692,7.7512,7.68517,6.23247,7.24936,1.80716,1.80716,2.54,2.54,2.47902,3.75605,2.48561,1.73561,1.39559
2023-02-09,-5.00729,10.6047,7.55378,10.7964,6.64797,4.71761,7.27595,7.37365,4.89835,7.4985,6.49626,4.80485,6.57009,6.78064,4.7443,6.86477,7.12394,5.78599,6.72255,1.87746,1.87746,2.84305,2.84305,2.35422,3.75605,2.46132,1.57905,1.23599
2023-02-10,-0.772285,10.6047,7.55378,10.7964,7.43648,5.28132,8.13759,8.24666,5.51717,8.38961,7.72521,5.73504,7.822,7.57742,5.38796,7.6798,8.13872,6.50952,7.64996,2.56575,2.56575,3.17317,3.17317,2.4311,3.75605,2.7623,1.87777,1.38123
2023-02-11,1.00957,10.6047,7.55378,10.7964,7.26271,5.15709,7.9477,8.05427,5.3875,8.1939,3.62776,2.69317,3.67321,3.53007,2.51008,3.57777,7.6432,6.12951,7.18909,2.64657,2.64657,3.25503,3.25503,2.28726,3.75605,2.69597,0.881802,0.643468
2023-02-12,-0.378708,10.6047,7.55378,10.7964,7.09726,5.03881,7.76691,7.87109,5.26406,8.00759,4.94261,3.66929,5.00454,5.27141,3.74826,5.34263,7.75769,6.24727,7.30456,2.28542,2.28542,2.77304,2.77304,2.38184,3.75605,2.63281,1.2014,0.960882
2023-02-13,0.091282,10.6047,7.55378,10.7964,6.92104,4.91283,7.57435,7.67599,5.13256,7.80912,7.69212,5.71048,7.7885,7.46092,5.30512,7.56172,7.95489,6.40137,7.48883,2.07957,2.07957,2.80707,2.80707,2.45355,3.75605,2.56554,1.86973,1.35999
2023-02-14,1.87474,10.6047,7.55378,10.7964,6.74427,4.78645,7.38118,7.48027,5.00065,7.61003,6.71897,4.98803,6.80315,6.30009,4.47971,6.38521,6.76784,5.46729,6.37767,2.04016,2.04016,2.67258,2.67258,2.13672,3.75605,2.49806,1.63318,1.14839
2023-02-15,8.977,10.6047,7.55378,10.7964,6.69244,4.7494,7.32454,7.42288,4.96197,7.55165,7.66255,5.68852,7.75856,7.70363,5.4777,7.80771,6.3515,5.1779,5.99942,1.68238,1.68238,2.55304,2.55304,2.11242,3.75605,2.47827,1.86254,1.40423
2023-02-16,-2.85581,10.6047,7.55378,10.7964,9.06271,6.44394,9.91463,10.0472,6.73048,10.2208,8.92453,6.62539,9.03635,10.0551,7.1497,10.1909,8.18625,6.69536,7.73898,2.12309,2.12309,2.38884,2.38884,2.75725,3.74369,3.36489,2.16929,1.83285
2023-02-17,3.91063,10.6047,7.55378,10.7964,9.03844,6.4266,9.88812,10.0203,6.71235,10.1934,8.26829,6.13821,8.37189,7.96938,5.66667,8.07705,9.08341,7.38519,8.57394,2.31278,2.31278,2.89347,2.89347,3.08367,3.74369,3.35567,2.00978,1.45267
2023-02-18,0.307579,10.6047,7.55378,10.7964,9.16789,6.51914,10.0296,10.1636,6.8089,10.3391,4.63568,3.44144,4.69377,4.88512,3.47359,4.95113,6.74747,5.41423,6.3475,1.97955,1.97955,2.3956,2.3956,1.99276,3.74369,3.40483,1.1268,0.890469
2023-02-19,-1.28097,10.6047,7.55378,10.7964,8.88837,6.31931,9.72413,9.85416,6.60039,10.0244,5.56359,4.1303,5.6333,4.7898,3.40581,4.85451,6.6332,5.3382,6.2447,1.84919,1.84919,2.29111,2.29111,2.01095,3.71009,3.28649,1.35235,0.873093
2023-02-20,2.0405,10.6047,7.55378,10.7964,8.67782,6.16878,9.49405,9.62104,6.44326,9.78728,8.45735,6.27856,8.56331,8.68739,6.17722,8.80477,7.80129,6.27763,7.34419,1.88597,1.88597,2.60048,2.60048,2.38976,3.71009,3.20683,2.05573,1.58355
2023-02-21,-1.59463,10.6047,7.55378,10.7964,8.52859,6.06209,9.33098,9.45581,6.33189,9.61917,8.85306,6.57234,8.96399,9.39762,6.68222,9.52458,8.2461,6.68642,7.7782,1.89759,1.89759,2.47867,2.47867,2.64094,3.71009,3.15036,2.15192,1.71301
2023-02-22,-1.01805,10.6047,7.55378,10.7964,8.36607,5.9459,9.15338,9.27587,6.21064,9.43618,8.61969,6.39909,8.72769,9.41045,6.69135,9.53759,7.89903,6.41721,7.45448,2.13022,2.13022,2.48969,2.48969,2.56882,3.71009,3.08886,2.0952,1.71535
2023-02-23,-1.00279,10.6047,7.55378,10.7964,8.16174,5.79982,8.9301,9.04964,6.0582,9.20612,8.00012,5.93913,8.10036,8.30859,5.90786,8.42084,7.56936,6.17382,7.1507,2.07764,2.07764,2.45805,2.45805,2.5433,3.71009,3.01155,1.9446,1.5145
2023-02-24,-3.17921,10.6047,7.55378,10.7964,7.96659,5.66031,8.71686,8.83358,5.91256,8.98629,6.80146,5.04927,6.88668,7.04264,5.0077,7.13779,6.94825,5.60612,6.54561,2.02335,2.02335,2.31865,2.31865,2.19001,3.71009,2.93771,1.65324,1.28374
2023-02-25,-0.0981244,10.6047,7.55378,10.7964,8.08774,5.74692,8.84925,8.96772,6.00293,9.12268,4.53551,3.36707,4.59234,5.02992,3.57655,5.09788,6.0732,4.89598,5.72003,2.23788,2.23788,2.76362,2.76362,1.88441,3.71009,2.99466,1.10245,0.916864
2023-02-26,1.65115,10.6047,7.55378,10.7964,7.8573,5.58218,8.59744,8.71259,5.83099,8.86317,5.17887,3.84469,5.24376,4.61075,3.2785,4.67305,6.19099,5.00795,5.83608,2.09641,2.09641,2.65549,2.65549,1.94326,3.71009,2.90715,1.25883,0.840456
2023-02-27,-0.162862,10.6047,7.55378,10.7964,7.7126,5.47873,8.43932,8.55238,5.72324,8.70065,8.48468,6.29885,8.59099,8.10389,5.76231,8.21338,8.62103,6.94763,8.11901,1.96082,1.96082,2.71547,2.71547,2.64396,3.71009,2.85222,2.06238,1.47719
2023-02-28,-1.60928,10.6047,7.55378,10.7964,7.50071,5.32724,8.20777,8.31778,5.61575,8.46742,7.6909,5.70957,7.78727,7.06921,5.0266,7.16472,7.60584,6.1591,7.17182,1.82203,1.82203,2.64697,2.64697,2.39448,3.70286,2.76143,1.86943,1.28859
2023-03-01,2.13368,10.6047,7.55378,10.7964,7.45287,5.2849,8.16765,8.54682,5.45938,8.35453,8.59969,6.38424,8.70744,8.0832,5.7476,8.19241,7.74898,6.26067,7.30249,1.88118,1.88118,2.66343,2.66343,2.42563,3.70286,2.7227,2.09033,1.47342
2023-03-02,-0.726132,10.6047,7.55378,10.7964,7.40446,5.25037,8.11467,8.49142,5.42373,8.30004,7.85645,5.83247,7.95489,8.52695,6.06313,8.64215,7.93778,6.4512,7.49181,2.02623,2.02623,2.51501,2.51501,2.59936,3.70286,2.70456,1.90967,1.55431
2023-03-03,-4.85624,10.6047,7.55378,10.7964,7.27024,5.15462,7.96777,8.33778,5.32488,8.14952,7.05528,5.2377,7.14368,6.25922,4.45065,6.34379,6.29157,5.08243,5.92883,1.8737,1.8737,2.76799,2.76799,1.99839,3.70286,2.65427,1.71493,1.14094
2023-03-04,-0.0417267,10.6047,7.55378,10.7964,7.75462,5.50018,8.49792,8.89221,5.68162,8.69113,3.27577,2.43187,3.31682,4.91323,3.52679,4.99112,4.13632,3.27096,3.87671,2.63232,2.63232,3.38906,3.38906,1.10428,3.71009,2.84451,0.796245,0.895592
2023-03-05,0.366896,10.6047,7.55378,10.7964,7.59026,5.38292,8.31803,8.70408,5.56057,8.50679,5.45043,4.04629,5.51872,4.18534,3.0043,4.25169,5.76989,4.64215,5.43157,2.34514,2.34514,3.26752,3.26752,1.73949,3.71009,2.78273,1.32484,0.762911
2023-03-06,-0.025662,10.6047,7.55378,10.7964,7.43273,5.27054,8.14561,8.52377,5.44455,8.33004,7.93692,5.89221,8.03637,7.10314,5.09875,7.21575,8.18107,6.61207,7.71037,2.0585,2.0585,2.95103,2.95103,2.55687,3.71009,2.7235,1.92923,1.29477
2023-03-07,-0.940615,10.6047,7.55378,10.7964,7.27959,5.16128,7.97799,8.34848,5.33176,8.15819,7.45382,5.53356,7.54721,6.38228,4.5813,6.48346,8.39755,6.80948,7.92113,2.12898,2.12898,3.10264,3.10264,2.70497,3.71009,2.66593,1.81181,1.16337
2023-03-08,-2.28373,10.6047,7.55378,10.7964,7.16091,5.07662,7.8481,8.21264,5.24436,8.02492,7.88853,5.85629,7.98737,7.54487,5.41583,7.66448,7.39401,5.99268,6.97361,2.11628,2.11628,2.96582,2.96582,2.36372,3.71009,2.6213,1.91747,1.37529
2023-03-09,-6.44245,10.6047,7.55378,10.7964,7.171,5.08382,7.85915,8.22419,5.25179,8.03746,8.29964,6.16148,8.40363,7.83207,5.62199,7.95623,9.01369,7.33675,8.51061,2.22805,2.22805,2.95,2.95,3.00982,3.70286,2.61708,2.0174,1.42764
2023-03-10,-0.866966,10.6047,7.55378,10.7964,8.10861,5.75271,8.88535,9.29739,6.02696,9.13661,8.78168,6.76018,8.89398,8.17291,6.04308,8.32998,9.36005,7.57664,8.82503,2.90679,2.90679,3.35587,3.35587,3.02748,3.71009,2.97749,2.13457,1.48977
2023-03-11,2.18122,10.6047,7.55378,10.7964,7.95443,5.64272,8.7166,9.12091,5.91182,8.96247,3.57918,2.75527,3.62495,3.22733,2.3863,3.28935,5.4006,4.35862,5.08801,2.45705,2.45705,2.92227,2.92227,1.69698,3.71009,2.91951,0.869995,0.588283
2023-03-12,7.1604,10.6047,7.55378,10.7964,7.88679,5.59447,8.64257,9.04349,5.86131,8.88575,5.52863,4.25596,5.59933,5.62293,4.15761,5.73098,7.15692,5.78187,6.74441,2.36002,2.36002,2.92088,2.92088,2.23098,3.71009,2.89407,1.34385,1.02496
2023-03-13,8.77836,10.6047,7.55378,10.7964,8.8611,6.28954,9.70895,10.1587,6.58889,9.98087,10.1327,7.80021,10.2623,10.4884,7.75513,10.6899,10.8604,8.87974,10.2662,2.63256,2.63256,2.85765,2.85765,3.62537,3.71009,3.26016,2.46297,1.91184
2023-03-14,2.24162,10.6047,7.55378,10.7964,10.1825,7.23226,11.1552,11.6712,7.5757,11.4661,11.8493,9.12164,12.0008,13.2518,9.79845,13.5065,12.1257,9.96869,11.4786,2.71537,2.71537,2.52291,2.52291,4.16071,3.71009,3.75669,2.88022,2.41557
2023-03-15,-1.50694,10.6047,7.55378,10.7964,10.0238,7.11905,10.9816,11.4896,7.45719,11.2867,10.3486,7.96643,10.481,11.6263,8.5965,11.8497,11.6203,9.47624,10.9771,2.55089,2.55089,2.59251,2.59251,3.77826,3.71009,3.697,2.51545,2.11926
2023-03-16,2.73877,10.6047,7.55378,10.7964,9.83438,6.98389,10.7742,11.2727,7.31571,11.0726,9.2598,7.12823,9.37822,10.504,7.76673,10.7059,10.3793,8.43436,9.79579,2.41933,2.41933,2.86297,2.86297,3.33475,3.71009,3.62576,2.25079,1.9147
2023-03-17,9.04308,10.6047,7.55378,10.7964,9.73642,6.91401,10.667,11.1606,7.24256,10.9615,9.23208,7.10689,9.35014,8.86934,6.55802,9.03978,10.4687,8.52023,9.88419,2.30357,2.30357,2.65348,2.65348,3.43567,3.71009,3.5889,2.24405,1.61672
2023-03-18,-1.68437,10.6047,7.55378,10.7964,10.9942,7.81128,12.0436,12.6002,8.1818,12.3742,5.02459,3.86795,5.08885,6.6624,4.9262,6.79044,12.4308,10.0379,11.7129,2.7574,2.7574,2.45522,2.45522,3.83659,3.71009,4.06144,1.22133,1.21443
2023-03-19,3.90125,10.6047,7.55378,10.7964,10.7802,7.65867,11.8094,12.3554,8.02205,12.1323,8.41142,6.47515,8.51899,7.9824,5.90222,8.13581,10.7694,8.77139,10.17,2.78528,2.78528,2.83829,2.83829,3.50229,3.71009,3.96945,2.04457,1.45505
2023-03-20,-0.972803,10.6047,7.55378,10.7964,10.7738,7.65411,11.8024,12.3481,8.01727,12.1254,10.8023,8.31563,10.9404,12.0578,8.91559,12.2895,11.1294,9.11421,10.5249,2.86923,2.86923,2.40716,2.40716,3.72824,3.71009,3.96705,2.62571,2.19792
2023-03-21,1.46073,10.6047,7.55378,10.7964,11.0081,7.80757,12.0755,12.2356,7.95015,12.1347,9.5024,7.31499,9.62392,9.72826,7.19311,9.91522,10.7635,8.83139,10.1839,2.59504,2.59504,2.67732,2.67732,3.66438,3.71009,3.96472,2.30976,1.77329
2023-03-22,-3.1305,10.6047,7.55378,10.7964,10.7372,7.61466,11.7786,11.9348,7.75387,11.8366,9.65677,7.43382,9.78026,10.096,7.46505,10.2901,11.0934,9.04965,10.4803,2.56291,2.56291,2.83307,2.83307,3.62509,3.71009,3.86552,2.34728,1.84033
2023-03-23,3.69025,10.6047,7.55378,10.7964,10.6631,7.56191,11.6974,11.8525,7.69968,11.754,10.4688,8.05895,10.6027,11.5983,8.57581,11.8212,11.0989,9.10313,10.5001,2.99549,2.99549,3.14059,3.14059,3.8138,3.71009,3.83807,2.54467,2.11416
2023-03-24,-3.01197,10.6047,7.55378,10.7964,10.6432,7.54778,11.6757,11.8305,7.68483,11.7312,10.2829,7.91581,10.4144,10.699,7.91088,10.9046,11.257,9.19755,10.6392,2.67046,2.67046,2.77827,2.77827,3.75617,3.71009,3.8305,2.49947,1.95023
2023-03-25,0.00517107,10.6047,7.55378,10.7964,10.5585,7.48748,11.5828,11.7364,7.623,11.637,5.86991,4.51868,5.94497,5.73187,4.23817,5.84202,9.97568,8.15879,9.43061,2.82524,2.82524,3.26281,3.26281,3.35841,3.71009,3.79919,1.4268,1.04482
2023-03-26,1.80085,10.6047,7.55378,10.7964,10.2666,7.27961,11.2629,11.4123,7.40818,11.3146,7.53184,5.79804,7.62815,6.83323,5.05251,6.96455,9.7956,8.00878,9.25956,2.69856,2.69856,3.21485,3.21485,3.25847,3.71009,3.69192,1.83077,1.24557
2023-03-27,-3.09974,10.6047,7.55378,10.7964,10.0506,7.12574,11.0261,11.1724,7.22859,11.0764,10.2897,7.92107,10.4213,11.0275,8.15374,11.2394,10.7157,8.83889,10.1526,2.86468,2.86468,3.22783,3.22783,3.79373,3.71009,3.61239,2.50113,2.01011
2023-03-28,0.471413,10.6047,7.55378,10.7964,10.0135,7.09935,10.9855,11.1312,7.20004,11.0353,10.243,7.88507,10.3739,10.333,7.64022,10.5315,11.6979,9.59928,11.0683,2.99103,2.99103,3.50626,3.50626,3.99695,3.71009,3.59841,2.48976,1.88351
2023-03-29,3.88534,10.6047,7.55378,10.7964,9.74577,6.9087,10.692,10.8339,7.00674,10.7402,9.87365,7.60078,9.99991,9.24104,6.83286,9.41863,12.1822,10.0481,11.542,2.95901,2.95901,3.30872,3.30872,4.30346,3.71009,3.49996,2.4,1.68447
2023-03-30,-1.11696,10.6047,7.55378,10.7964,9.81972,6.96136,10.7731,10.916,7.06013,10.8213,10.1868,7.84181,10.317,12.0054,8.87682,12.2361,11.4075,9.46985,10.8262,2.99799,2.99799,3.39534,3.39534,4.15582,3.71009,3.52664,2.4761,2.18836
2023-03-31,1.57464,10.6047,7.55378,10.7964,9.59207,6.79925,10.5236,10.6632,6.89575,10.5704,10.2546,7.89402,10.3857,8.57225,6.33835,8.73699,11.5799,9.58573,10.9816,3.26897,3.26897,3.59945,3.59945,4.12837,3.71009,3.44281,2.49259,1.56257
2023-04-01,-0.237128,10.6047,7.55378,10.7964,9.38994,6.65531,10.302,10.4388,6.7498,10.3475,4.21893,3.24775,4.27288,4.5803,3.38669,4.66833,10.1082,8.32627,9.57364,3.0113,3.0113,3.08315,3.08315,3.53157,3.71009,3.36831,1.0255,0.834906
2023-04-02,-0.748015,10.6047,7.55378,10.7964,9.147,6.48232,10.0357,10.169,6.57439,10.0797,7.41164,5.70551,7.50642,6.17001,4.56213,6.28859,10.436,8.5555,9.87188,2.64722,2.64722,3.10656,3.10656,3.54465,3.71009,3.27888,1.80155,1.12468
2023-04-03,-1.46133,10.6047,7.55378,10.7964,8.92953,6.32746,9.7974,9.92755,6.41737,9.84031,9.71684,7.48006,9.8411,9.3386,6.90499,9.51807,9.6177,7.90166,9.10289,2.64671,2.64671,2.78582,2.78582,3.31029,3.71009,3.1993,2.36188,1.70226
2023-04-04,1.35056,10.6047,7.55378,10.7964,8.7661,6.21108,9.61827,9.74607,6.29937,9.66006,9.37456,7.21658,9.49444,8.7069,6.43791,8.87422,9.60853,7.94825,9.11045,2.59934,2.59934,2.72177,2.72177,3.45326,3.71009,3.13902,2.27868,1.58711
2023-04-05,0.0351178,10.6047,7.55378,10.7964,8.58637,6.0831,9.42129,9.54649,6.16959,9.46192,10.0018,7.69946,10.1297,9.23139,6.82572,9.4088,9.80098,8.13587,9.30145,2.3826,2.3826,2.53422,2.53422,3.58113,3.71009,3.07284,2.43116,1.68272
2023-04-06,-0.476126,10.6047,7.55378,10.7964,8.37359,5.93158,9.18807,9.31021,6.01596,9.22738,9.05623,6.97152,9.17204,7.62623,5.63886,7.77279,9.69489,7.94689,9.17049,2.19073,2.19073,2.53623,2.53623,3.38008,3.71009,2.99454,2.2013,1.39012
2023-04-07,-0.422657,10.6047,7.55378,10.7964,8.17902,5.79303,8.97482,9.09416,5.87547,9.01274,8.17562,6.29363,8.28017,7.01621,5.18781,7.15104,8.04739,6.55271,7.59899,1.91736,1.91736,2.36602,2.36602,2.68082,3.71009,2.9227,1.98726,1.27893
2023-04-08,0.0785169,10.6047,7.55378,10.7964,7.99124,5.65931,8.769,8.88564,5.73988,8.80557,3.43827,2.6468,3.48224,3.01565,2.22978,3.0736,6.46959,5.22123,6.09508,1.91791,1.91791,2.70997,2.70997,2.05111,3.71009,2.85334,0.835744,0.549698
2023-04-09,1.36907,10.6047,7.55378,10.7964,7.80355,5.52566,8.5633,8.67723,5.60437,8.59848,4.89136,3.76539,4.95391,4.23679,3.1327,4.31821,6.79028,5.50485,6.40465,1.86137,1.86137,2.46288,2.46288,2.18192,3.71009,2.78399,1.18895,0.77229
2023-04-10,4.55337,10.6047,7.55378,10.7964,7.65821,5.36243,8.46954,8.28509,5.36176,8.26127,8.43159,6.49067,8.53941,7.62878,5.64074,7.77538,7.51122,6.10485,7.08931,1.72737,1.72737,2.12125,2.12125,2.45598,3.71009,2.66841,2.04947,1.39059
2023-04-11,1.94395,10.6047,7.55378,10.7964,8.13813,5.70098,8.99943,8.80362,5.70027,8.77801,8.93001,6.87436,9.0442,9.26059,6.84731,9.43856,8.64265,7.102,8.18046,2.02673,2.02673,2.1557,2.1557,3.01323,3.71009,2.84106,2.17062,1.68804
2023-04-12,-0.318037,10.6047,7.55378,10.7964,8.0405,5.6321,8.89163,8.69813,5.63141,8.6725,9.33722,7.18783,9.45663,8.65299,6.39805,8.81928,9.16804,7.54616,8.68147,2.07272,2.07272,2.1306,2.1306,3.22695,3.71009,2.80593,2.26961,1.57728
2023-04-13,0.859013,10.6047,7.55378,10.7964,7.84693,5.49556,8.67791,8.48899,5.49487,8.46363,8.3212,6.4057,8.42761,7.2664,5.3728,7.40604,8.32449,6.77849,7.86069,2.0697,2.0697,2.33441,2.33441,2.76091,3.71009,2.7363,2.02264,1.32453
2023-04-14,0.284583,10.6047,7.55378,10.7964,7.67503,5.37429,8.48811,8.30326,5.37363,8.27806,8.32102,6.40555,8.42742,6.85232,5.06663,6.98401,8.22809,6.71093,7.77295,2.09953,2.09953,2.17039,2.17039,2.78315,3.71009,2.67446,2.0226,1.24905
2023-04-15,-0.549974,10.6047,7.55378,10.7964,7.49537,5.24756,8.28974,8.10915,5.24691,8.08413,3.32007,2.55581,3.36253,2.90079,2.14485,2.95653,6.81873,5.5539,6.43928,1.82635,1.82635,2.18003,2.18003,2.22502,3.71009,2.60983,0.807013,0.528761
2023-04-16,-0.0103622,10.6047,7.55378,10.7964,7.34182,5.13924,8.12021,7.94325,5.1386,7.9183,5.66019,4.35724,5.73257,4.87911,3.60763,4.97287,7.56656,6.13271,7.13641,1.81029,1.81029,2.39065,2.39065,2.4034,3.71009,2.5546,1.37583,0.889373
2023-04-17,-2.91287,10.6047,7.55378,10.7964,7.18087,5.02571,7.94251,7.76935,5.02508,7.7445,7.61607,5.86288,7.71347,7.20249,5.32555,7.34091,6.71165,5.41287,6.32202,1.62167,1.62167,2.2827,2.2827,2.07784,3.71009,2.4967,1.85124,1.31288
2023-04-18,3.18365,10.6047,7.55378,10.7964,7.36829,5.15792,8.14944,7.97185,5.15728,7.94611,8.43867,6.49612,8.54658,7.77177,5.74647,7.92112,9.27612,7.51617,8.74814,2.19839,2.19839,2.89059,2.89059,2.95487,3.71009,2.57751,2.05119,1.41665
2023-04-19,-5.31995,10.6047,7.55378,10.7964,7.5373,5.27714,8.33605,8.15446,5.27649,8.12771,8.8918,6.84494,9.0055,9.11713,6.74124,9.29234,9.24113,7.5205,8.72494,2.3783,2.3783,2.42569,2.42569,3.00106,3.71009,2.63861,2.16134,1.66189
2023-04-20,-2.02112,10.6047,7.55378,10.7964,8.3628,5.85946,9.24749,9.04636,5.90626,9.01608,9.39372,7.23132,9.51385,10.5283,7.78465,10.7306,10.4325,8.52724,9.86089,3.06822,3.06822,3.49847,3.49847,3.53491,3.74369,2.98972,2.28334,1.91911
2023-04-21,-3.49109,10.6047,7.55378,10.7964,8.29437,5.81119,9.17193,8.97243,5.85761,8.9417,9.22559,7.1019,9.34357,8.06433,5.9628,8.21931,9.36931,7.65806,8.85594,2.82368,2.82368,3.37396,3.37396,3.22972,3.74369,2.96456,2.24247,1.46998
2023-04-22,1.96248,10.6047,7.55378,10.7964,8.49907,5.95559,9.39794,9.19359,6.00313,9.16147,4.37723,3.36961,4.4332,4.38487,3.24219,4.46914,7.31693,5.93691,6.90292,2.85094,2.85094,3.85353,3.85353,2.35833,3.74369,3.04649,1.06398,0.799282
2023-04-23,-0.816178,10.6047,7.55378,10.7964,8.38002,5.8716,9.26649,9.06496,5.9185,9.03288,7.23935,5.57288,7.33193,6.80882,5.03446,6.93967,9.0176,7.33555,8.51298,2.7909,2.7909,3.51655,3.51655,2.96129,3.74369,3.00262,1.75967,1.24112
2023-04-24,-0.239656,10.6047,7.55378,10.7964,8.19057,5.73797,9.05733,8.86028,5.78599,8.84104,9.81489,7.55554,9.9404,10.1513,7.50591,10.3464,9.18396,7.54635,8.69268,3.01106,3.01106,3.51505,3.51505,3.20542,3.74369,2.93283,2.38571,1.8504
2023-04-25,2.80232,10.6047,7.55378,10.7964,7.98665,5.59412,8.83218,8.63995,5.63885,8.61783,8.89576,6.84799,9.00952,7.84178,5.79824,7.99248,8.86363,7.24765,8.37884,2.70455,2.70455,3.47023,3.47023,2.98258,3.74369,2.85769,2.1623,1.42941
2023-04-26,0.40579,10.6047,7.55378,10.7964,8.02645,5.62219,8.87612,8.68295,5.66714,8.65993,9.91273,7.63086,10.0395,10.2843,7.60423,10.4819,10.2789,8.48217,9.7399,2.42371,2.42371,2.9537,2.9537,3.64274,3.74369,2.87235,2.4095,1.87464
2023-04-27,3.63131,10.6047,7.55378,10.7964,7.82921,5.48305,8.65834,8.46984,5.52691,8.44626,8.69843,6.69609,8.80967,8.07162,5.96819,8.22674,8.83834,7.2859,8.37261,2.23682,2.23682,2.84093,2.84093,3.13778,3.74369,2.79967,2.11433,1.47131
2023-04-28,-0.454054,10.6047,7.55378,10.7964,8.05124,5.63968,8.90349,8.70974,5.68476,8.68466,9.17137,7.06016,9.28865,8.62514,6.37746,8.79089,9.57494,7.88764,9.06875,2.36693,2.36693,2.47628,2.47628,3.41101,3.74369,2.88148,2.22929,1.57221
2023-04-29,-0.313283,10.6047,7.55378,10.7964,7.86184,5.50607,8.69437,8.5051,5.55011,8.48121,4.82525,3.7145,4.88695,3.22443,2.38415,3.28639,7.74584,6.30217,7.31274,2.21441,2.21441,2.60373,2.60373,2.53009,3.74369,2.81169,1.17288,0.587755
2023-04-30,0.069445,10.6047,7.55378,10.7964,7.57525,5.35003,8.32462,8.23185,5.39746,8.25206,6.22637,4.62233,6.28563,4.36723,3.13487,4.42897,9.15077,7.44617,8.63939,2.09644,2.09644,2.70728,2.70728,2.98424,3.71009,2.70745,1.51345,0.796067
2023-05-01,-4.10529,10.6047,7.55378,10.7964,7.3936,5.22088,8.12529,8.03471,5.26719,8.05322,7.98593,5.92859,8.06194,7.63135,5.47791,7.73923,8.59306,7.04523,8.12871,1.99712,1.99712,2.27832,2.27832,2.88885,3.71009,2.64064,1.94115,1.39106
2023-05-02,2.07492,10.6047,7.55378,10.7964,7.83928,5.53776,8.61435,8.5184,5.58681,8.53609,9.09214,6.74982,9.17868,9.0252,6.47844,9.15279,10.2832,8.40412,9.71948,2.55524,2.55524,3.24939,3.24939,3.40435,3.74369,2.82633,2.21003,1.64513
2023-05-03,1.12946,10.6047,7.55378,10.7964,7.77203,5.48995,8.54055,8.44541,5.53859,8.46552,9.57359,7.10724,9.66472,9.23561,6.62947,9.36617,9.42123,7.70215,8.90551,2.38997,2.38997,2.57233,2.57233,3.18054,3.74369,2.80142,2.32706,1.68348
2023-05-04,-0.548264,10.6047,7.55378,10.7964,7.61448,5.37793,8.36767,8.27442,5.4256,8.29195,8.51866,6.32408,8.59974,8.1436,5.84561,8.25872,11.0786,8.95421,10.4412,2.49725,2.49725,2.66885,2.66885,3.47298,3.74369,2.74304,2.07064,1.48443
2023-05-05,2.35245,10.6047,7.55378,10.7964,7.44645,5.25846,8.18329,8.09206,5.30509,8.10759,7.97364,5.91947,8.04953,6.62624,4.75642,6.71991,9.44952,7.6687,8.91527,2.74959,2.74959,2.71064,2.71064,3.08312,3.74369,2.68078,1.93816,1.20784
2023-05-06,-2.15536,10.6047,7.55378,10.7964,7.44693,5.2588,8.18381,8.09258,5.30543,8.10602,3.95981,2.93968,3.9975,3.7517,2.69303,3.80474,9.21195,7.517,8.70347,2.7657,2.7657,2.28012,2.28012,3.05559,3.74369,2.68095,0.962513,0.683867
2023-05-07,-1.56785,10.6047,7.55378,10.7964,7.45546,5.26487,8.19317,8.10184,5.31156,8.11286,7.52261,5.58464,7.59422,5.90264,4.23701,5.98608,8.23477,6.70306,7.77525,2.72446,2.72446,2.72926,2.72926,2.69967,3.74369,2.68411,1.82853,1.07594
2023-05-08,-2.70975,10.6047,7.55378,10.7964,7.38162,5.21237,8.11214,8.0217,5.2586,8.03061,10.0006,7.42421,10.0957,9.86373,7.08035,10.0032,10.8147,8.84026,10.2224,2.66102,2.66102,2.92214,2.92214,3.63042,3.74369,2.65674,2.43084,1.79798
2023-05-09,-0.128261,10.6047,7.55378,10.7964,7.49418,5.29239,8.23566,8.14386,5.33932,8.15535,10.1904,7.56515,10.2874,10.1741,7.30312,10.3179,10.3605,8.50424,9.80362,2.91592,2.91592,3.19558,3.19558,3.53692,3.71009,2.69845,2.47699,1.85455
2023-05-10,-0.133929,10.6047,7.55378,10.7964,7.31901,5.16785,8.04344,7.95376,5.2137,7.96247,9.49367,7.04791,9.58404,8.31525,5.96882,8.4328,10.0267,8.28113,9.50301,3.05039,3.05039,3.14511,3.14511,3.57936,3.71009,2.63354,2.30763,1.51572
2023-05-11,-2.27377,10.6047,7.55378,10.7964,7.15342,5.05012,7.86174,7.77405,5.09495,7.78015,8.61081,6.39249,8.69277,6.90495,4.95648,7.00256,9.92885,8.15224,9.39586,2.81936,2.81936,3.24121,3.24121,3.41753,3.71009,2.57219,2.09304,1.25865
2023-05-12,-0.727797,10.6047,7.55378,10.7964,7.20485,5.08668,7.91817,7.82986,5.13183,7.83249,8.69239,6.45306,8.77513,7.82466,5.61667,7.93528,10.7657,8.83941,10.1878,2.79794,2.79794,3.20531,3.20531,3.76969,3.71009,2.59123,2.11287,1.42629
2023-05-13,-0.0780462,10.6047,7.55378,10.7964,7.06977,4.99064,7.76995,7.68326,5.03496,7.6824,4.48458,3.32926,4.52727,3.44647,2.47393,3.49519,7.92271,6.49228,7.49358,2.5941,2.5941,3.13901,3.13901,2.70324,3.71009,2.54118,1.09007,0.628228
2023-05-14,0.545696,10.6047,7.55378,10.7964,6.91693,4.88197,7.60222,7.51738,4.92534,7.5128,6.3766,4.73386,6.4373,4.84084,3.47483,4.90927,8.48378,6.97776,8.03198,2.66434,2.66434,2.95166,2.95166,2.94474,3.71009,2.48454,1.54997,0.882397
2023-05-15,0.968371,10.6047,7.55378,10.7964,6.77784,4.78308,7.4496,7.36644,4.8256,7.36148,8.92959,6.62915,9.01459,8.55031,6.13755,8.67118,10.2784,8.38044,9.70903,2.67752,2.67752,2.94154,2.94154,3.37112,3.71009,2.433,2.17052,1.55857
2023-05-16,-0.575493,10.6047,7.55378,10.7964,6.66757,4.70468,7.32859,7.24676,4.74651,7.24007,8.37066,6.21421,8.45034,8.05717,5.78357,8.17107,9.93337,8.14045,9.3955,2.45819,2.45819,2.76161,2.76161,3.3947,3.71009,2.39214,2.03466,1.46868
2023-05-17,1.33059,10.6047,7.55378,10.7964,6.55519,4.62477,7.20528,7.12479,4.66592,7.11592,8.10142,6.01433,8.17853,7.32954,5.26126,7.43315,8.69615,7.12806,8.22572,2.46246,2.46246,2.82919,2.82919,2.93366,3.71009,2.35049,1.96922,1.33604
2023-05-18,-2.08963,10.6047,7.55378,10.7964,6.48829,4.57721,7.13186,7.05219,4.61794,7.0393,7.83364,5.81554,7.9082,7.53838,5.41117,7.64494,8.5489,6.98827,8.08071,2.43786,2.43786,2.58238,2.58238,2.85912,3.71009,2.3257,1.90413,1.37411
2023-05-19,0.215623,10.6047,7.55378,10.7964,6.56345,4.63065,7.21435,7.13376,4.67185,7.11927,7.61933,5.65644,7.69186,6.93642,4.97908,7.03448,8.23873,6.7175,7.78236,2.5011,2.5011,2.85707,2.85707,2.75051,3.71009,2.35354,1.85204,1.26438
2023-05-20,0.886564,10.6047,7.55378,10.7964,6.28214,4.44491,6.89603,6.84604,4.52166,6.8775,3.28147,2.4361,3.31271,2.67297,1.9187,2.71076,6.53677,5.29311,6.16367,2.40171,2.40171,2.63743,2.63743,2.08892,3.71009,2.26287,0.797631,0.487234
2023-05-21,-1.39474,10.6047,7.55378,10.7964,6.1869,4.37711,6.79162,6.74237,4.45271,6.76821,5.71378,4.2418,5.76817,4.57394,3.28325,4.6386,6.65291,5.37108,6.26836,2.21509,2.21509,2.31298,2.31298,2.08234,3.71009,2.22764,1.38885,0.833747
2023-05-22,0.363593,10.6047,7.55378,10.7964,6.16661,4.36267,6.76939,6.7203,4.43803,6.74109,8.40354,6.23862,8.48353,8.14021,5.84318,8.25529,7.73897,6.33727,7.31846,2.20329,2.20329,2.3781,2.3781,2.66139,3.71009,2.22013,2.04266,1.48381
2023-05-23,1.3849,10.6047,7.55378,10.7964,6.05441,4.28279,6.64637,6.59817,4.3568,6.62062,7.74066,5.74651,7.81434,6.50336,4.66822,6.5953,7.9779,6.55394,7.55071,1.98591,1.98591,2.36006,2.36006,2.77668,3.71009,2.16169,1.88153,1.18544
2023-05-24,-3.32704,10.6047,7.55378,10.7964,6.01965,4.25805,6.60827,6.56034,4.33164,6.57731,8.18558,6.07681,8.2635,7.05527,5.06439,7.15501,8.33199,6.8275,7.88064,1.97348,1.97348,2.23816,2.23816,2.87181,3.71009,2.14893,1.98968,1.28605
2023-05-25,0.535455,10.6047,7.55378,10.7964,6.41762,4.54136,7.04456,6.9935,4.61974,7.00658,8.57529,6.36612,8.65691,8.16826,5.86331,8.28373,8.75084,7.1485,8.27014,2.11573,2.11573,2.62624,2.62624,3.00265,3.71009,2.31291,2.0844,1.48892
2023-05-26,0.913931,10.6047,7.55378,10.7964,6.29567,4.45454,6.91087,6.86077,4.53146,6.86925,7.68225,5.70315,7.75537,6.11735,4.39113,6.20383,7.52877,6.18004,7.12415,2.07087,2.07087,2.41766,2.41766,2.63945,3.71009,2.26781,1.86733,1.11508
2023-05-27,0.556334,10.6047,7.55378,10.7964,6.20147,4.38748,6.8076,6.75824,4.46326,6.76001,3.60434,2.67579,3.63865,3.65369,2.62268,3.70534,7.72598,6.28952,7.29504,1.97559,1.97559,2.31626,2.31626,2.54989,3.71009,2.23296,0.87611,0.666001
2023-05-28,4.43095,10.6047,7.55378,10.7964,6.09331,4.31049,6.68903,6.64051,4.38497,6.63747,5.69695,4.2293,5.75117,4.65951,3.34467,4.72538,7.28478,5.92119,6.8757,1.81706,1.81706,2.15543,2.15543,2.35293,3.71009,2.19296,1.38476,0.849344
2023-05-29,-1.21712,10.6047,7.55378,10.7964,6.76645,4.78968,7.42697,7.37293,4.87227,7.36213,9.15304,6.79503,9.24016,8.91508,6.39939,9.04111,8.73412,7.12037,8.25,2.04592,2.04592,2.16082,2.16082,2.90123,3.71009,2.44178,2.22484,1.62506
2023-05-30,-0.157032,10.6047,7.55378,10.7964,6.68515,4.7318,7.33784,7.28361,4.81341,7.27046,8.54223,6.34158,8.62354,7.59674,5.45306,7.70413,8.07376,6.63745,7.64287,2.30513,2.30513,2.37641,2.37641,2.83391,3.71009,2.41171,2.07637,1.38475
2023-05-31,-1.75777,10.6047,7.55378,10.7964,6.5422,4.63004,7.18113,7.12909,4.70993,7.12751,8.38513,6.22495,8.46495,6.72618,4.82816,6.82126,8.03248,6.55486,7.58919,2.32057,2.32057,2.52809,2.52809,2.70373,3.70286,2.34067,2.03818,1.22606
2023-06-01,-1.47926,10.5435,7.39755,10.6664,6.54573,4.63256,7.185,6.84177,4.68859,7.0169,8.21968,6.08084,8.1471,7.35338,5.30351,7.38669,8.25617,6.76133,7.80772,2.37023,2.37023,2.70842,2.70842,2.88005,3.65991,2.34201,1.99839,1.35958
2023-06-02,1.58916,10.5435,7.39755,10.6664,6.51013,4.60721,7.14597,6.80457,4.66294,6.97877,7.1628,5.29897,7.09956,5.88231,4.24252,5.90895,7.69591,6.26311,7.26607,2.20524,2.20524,2.74565,2.74565,2.55647,3.65991,2.32894,1.74144,1.08759
2023-06-03,-0.642286,10.5435,7.39755,10.6664,6.46709,4.57657,7.09879,6.75962,4.63195,6.93268,4.05585,3.00048,4.02004,4.1491,2.99247,4.16789,6.97132,5.67724,6.5831,2.2488,2.2488,2.49502,2.49502,2.27797,3.65991,2.31315,0.986067,0.767133
2023-06-04,0.162149,10.5435,7.39755,10.6664,6.35681,4.49806,6.97789,6.64442,4.5525,6.81456,5.90743,4.37027,5.85527,5.37321,3.87534,5.39755,7.00318,5.70496,6.61371,2.14844,2.14844,2.7046,2.7046,2.31699,3.65991,2.27268,1.43623,0.99346
2023-06-05,-5.14104,10.5435,7.39755,10.6664,6.23038,4.40807,6.83929,6.51236,4.46144,6.67915,7.90455,5.84771,7.83476,7.07184,5.10045,7.10388,8.46734,6.88175,7.99167,2.14749,2.14749,2.45551,2.45551,2.76342,3.65991,2.22628,1.92177,1.30752
2023-06-06,5.58152,10.5435,7.39755,10.6664,7.20619,5.10273,7.90904,7.53167,5.1906,7.75456,8.08123,5.97842,8.00988,7.94019,5.77242,7.97616,9.11058,7.40238,8.59812,3.04499,3.04499,3.32536,3.32536,2.943,3.70286,2.60468,1.96473,1.46807
2023-06-07,-3.33254,10.5435,7.39755,10.6664,8.09245,5.73365,8.88062,8.45744,5.83219,8.70736,9.51115,7.03626,9.42717,10.0463,7.30354,10.0918,8.93888,7.34391,8.46039,2.76725,2.76725,2.89789,2.89789,3.09838,3.70286,2.92993,2.31237,1.85747
2023-06-08,0.61383,10.5435,7.39755,10.6664,8.25954,5.85259,9.0638,8.63198,5.95315,8.88698,9.26548,6.85451,9.18367,10.208,7.42108,10.2542,8.76556,7.1954,8.29451,2.70437,2.70437,3.24127,3.24127,3.04533,3.70286,2.994,2.25264,1.88737
2023-06-09,-0.105082,10.5435,7.39755,10.6664,8.08766,5.74216,8.86133,8.40566,5.79406,8.64991,8.08708,5.98275,8.01567,6.67403,4.85194,6.70426,8.37022,6.83692,7.91023,2.541,2.541,3.01418,3.01418,2.84205,3.70286,2.91956,1.96615,1.23397
2023-06-10,-2.40453,10.5435,7.39755,10.6664,7.87312,5.58911,8.62651,8.18278,5.63966,8.4206,3.54059,2.61929,3.50933,3.48609,2.53435,3.50189,6.63805,5.39169,6.26415,2.3382,2.3382,3.01778,3.01778,2.13761,3.70286,2.84044,0.860796,0.644548
2023-06-11,0.343405,10.5435,7.39755,10.6664,7.88174,5.59527,8.63595,8.19174,5.64587,8.42979,6.54089,4.83889,6.48314,7.31629,5.31886,7.34943,8.21102,6.75893,7.77539,2.68849,2.68849,3.26333,3.26333,2.90191,3.70286,2.84354,1.59024,1.35272
2023-06-12,-0.145317,10.5435,7.39755,10.6664,7.67867,5.4504,8.41367,7.98077,5.49972,8.21277,8.91161,6.59273,8.83293,8.5525,6.21756,8.59124,8.7333,7.18084,8.26756,2.37075,2.37075,3.18525,3.18525,3.05305,3.70286,2.76875,2.16661,1.58128
2023-06-13,0.0626328,10.5435,7.39755,10.6664,7.48617,5.31308,8.20297,7.78079,5.36118,8.00701,7.64233,5.65373,7.57486,6.76308,4.91668,6.79372,8.47275,6.97152,8.02238,2.26915,2.26915,2.5835,2.5835,2.99375,3.70286,2.69774,1.85802,1.25044
2023-06-14,-3.11153,10.5435,7.39755,10.6664,7.30191,5.18164,8.00129,7.58937,5.22856,7.81006,7.3578,5.44323,7.29283,6.29827,4.57877,6.3268,8.21269,6.73703,7.76999,2.12402,2.12402,2.55926,2.55926,2.82803,3.70286,2.62979,1.78884,1.1645
2023-06-15,1.78193,10.5435,7.39755,10.6664,7.50056,5.32335,8.21872,7.79574,5.37153,8.02232,7.68052,5.68198,7.61271,7.3973,5.37775,7.43081,7.87552,6.48433,7.45816,2.3905,2.3905,2.65683,2.65683,2.82019,3.70286,2.73293,1.86731,1.3677
2023-06-16,2.89428,10.5435,7.39755,10.6664,7.41802,5.26446,8.12837,7.70999,5.31212,7.93406,6.83855,5.0591,6.77817,6.30209,4.58154,6.33063,7.78268,6.35005,7.35289,2.24178,2.24178,2.57206,2.57206,2.62626,3.70286,2.7022,1.6626,1.1652
2023-06-17,0.693494,10.5435,7.39755,10.6664,7.51925,5.33668,8.23917,7.81515,5.38498,8.0422,4.16768,3.08321,4.13088,4.26726,3.10224,4.28659,5.76448,4.70391,5.44631,2.15234,2.15234,2.63991,2.63991,1.92474,3.70286,2.73989,1.01326,0.788979
2023-06-18,-0.660262,10.5435,7.39755,10.6664,7.34613,5.21318,8.04969,7.63531,5.26039,7.85715,5.79257,4.28529,5.74143,5.45625,3.96663,5.48097,7.01527,5.72401,6.62789,2.01733,2.01733,2.38224,2.38224,2.31608,3.70286,2.67544,1.4083,1.00881
2023-06-19,1.93592,10.5435,7.39755,10.6664,7.19044,5.10212,7.87928,7.47357,5.14833,7.69083,8.35747,6.18278,8.28367,8.20007,5.96135,8.23722,8.08635,6.63532,7.65104,1.9788,1.9788,2.40133,2.40133,2.79378,3.65991,2.58845,2.03189,1.51612
2023-06-20,5.35285,10.5435,7.39755,10.6664,7.14902,5.07258,7.83395,7.43054,5.11853,7.64652,7.6323,5.6463,7.56491,8.438,6.13433,8.47623,7.55567,6.19244,7.1467,1.95179,1.95179,2.25741,2.25741,2.58168,3.65991,2.57304,1.85558,1.56011
2023-06-21,5.82742,10.5435,7.39755,10.6664,7.96485,5.65455,8.72691,8.27808,5.70568,8.51837,9.14285,6.7638,9.06213,9.36797,6.8104,9.4104,9.92707,8.13519,9.3895,2.07704,2.07704,2.12757,2.12757,3.40597,3.65991,2.87348,2.22283,1.73206
2023-06-22,-0.383769,10.5435,7.39755,10.6664,8.80975,6.25727,9.6517,9.15582,6.31375,9.42141,9.10621,6.73669,9.02581,10.8745,7.90563,10.9238,10.2379,8.32816,9.66494,2.25577,2.25577,2.27303,2.27303,3.37847,3.65991,3.18499,2.21392,2.0106
2023-06-23,2.58459,10.5435,7.39755,10.6664,8.56449,6.0823,9.38324,8.90102,6.13724,9.15921,7.84128,5.8009,7.77204,6.96373,5.06255,6.99528,8.23265,6.74936,7.78766,2.29024,2.29024,2.1778,2.1778,2.85301,3.65991,3.09441,1.90639,1.28753
2023-06-24,-0.479311,10.5435,7.39755,10.6664,8.51998,6.05055,9.33453,8.85478,6.1052,9.11155,4.12495,3.0516,4.08853,4.22801,3.07371,4.24716,6.88304,5.61075,6.50135,2.14687,2.14687,2.04499,2.04499,2.2969,3.65991,3.07774,1.00287,0.781722
2023-06-25,-0.224265,10.5435,7.39755,10.6664,8.29265,5.88839,9.0857,8.61861,5.94159,8.86851,6.30741,4.66616,6.25172,5.4502,3.96223,5.47488,7.30237,5.92418,6.88891,2.22151,2.22151,2.18958,2.18958,2.37238,3.65991,2.99373,1.53347,1.00769
2023-06-26,-0.688483,10.5435,7.39755,10.6664,8.06961,5.72928,8.84158,8.38691,5.78108,8.63006,8.3716,6.19323,8.29768,7.95991,5.78675,7.99596,7.72817,6.29402,7.29792,2.20729,2.20729,2.18029,2.18029,2.5723,3.65991,2.91131,2.03532,1.47172
2023-06-27,1.36826,10.5435,7.39755,10.6664,7.87538,5.59073,8.62898,8.18513,5.64129,8.4224,7.7072,5.70172,7.63915,7.66336,5.57117,7.69807,7.63242,6.26622,7.22256,2.15313,2.15313,2.33168,2.33168,2.65305,3.65991,2.83898,1.87379,1.41689
2023-06-28,-1.98089,10.5435,7.39755,10.6664,7.72643,5.48447,8.46595,8.03039,5.53409,8.26311,8.38356,6.20208,8.30954,8.05883,5.85867,8.09534,8.08483,6.59742,7.63861,2.0544,2.0544,2.38375,2.38375,2.70514,3.65991,2.7825,2.03823,1.49001
2023-06-29,1.18652,10.5435,7.39755,10.6664,7.76545,5.4962,8.52484,8.02039,5.51565,8.23712,7.8689,5.82134,7.79942,7.40242,5.38147,7.43596,8.61093,7.00499,8.12915,2.13313,2.13313,2.5793,2.5793,2.8689,3.65991,2.77543,1.91311,1.36864
2023-06-30,0.104723,10.5435,7.39755,10.6664,7.61264,5.38744,8.3573,7.86264,5.40652,8.07504,6.83718,5.05808,6.77681,6.16169,4.47947,6.1896,6.89369,5.59439,6.5039,2.05647,2.05647,2.29831,2.29831,2.26834,3.65991,2.71532,1.66227,1.13924
2023-07-01,0.36952,10.5435,7.39755,10.6664,7.42694,5.25528,8.15368,7.67092,5.27389,7.87808,3.30068,2.44182,3.27154,3.24399,2.35834,3.25868,5.74384,4.64405,5.41391,2.04587,2.04587,2.33602,2.33602,1.8199,3.65991,2.6474,0.80247,0.599785
2023-07-02,0.10028,10.5435,7.39755,10.6664,7.25406,5.13223,7.96412,7.49244,5.15042,7.69472,5.12836,3.79391,5.08308,4.75852,3.45938,4.78007,6.97891,5.63707,6.57636,2.01908,2.01908,2.23092,2.23092,2.19415,3.65991,2.58417,1.24682,0.879808
2023-07-03,1.73424,10.5435,7.39755,10.6664,7.08829,5.01425,7.78236,7.3213,5.03203,7.51889,7.30237,5.40223,7.2379,6.48559,4.71494,6.51497,7.8461,6.40386,7.41343,1.93027,1.93027,2.07689,2.07689,2.65561,3.65991,2.52354,1.77537,1.19913
2023-07-04,-1.22344,10.5435,7.39755,10.6664,7.03361,4.97534,7.7224,7.26485,4.99298,7.46084,7.41024,5.48202,7.34481,7.491,5.44587,7.52494,7.00389,5.74287,6.62558,1.94988,1.94988,2.07599,2.07599,2.3902,3.65991,2.50352,1.80159,1.38502
2023-07-05,-0.85955,10.5435,7.39755,10.6664,6.94883,4.915,7.62945,7.17733,4.93243,7.37083,7.87772,5.82787,7.80817,7.25378,5.27341,7.28664,7.34607,6.00688,6.94431,2.093,2.093,2.18071,2.18071,2.47722,3.65991,2.47248,1.91525,1.34116
2023-07-06,-2.00203,10.5435,7.39755,10.6664,6.83709,4.83547,7.50692,7.06197,4.85263,7.25231,6.70961,4.96371,6.65037,6.1146,4.44524,6.1423,6.5889,5.3363,6.21312,2.04919,2.04919,2.14922,2.14922,2.14091,3.65991,2.43161,1.63126,1.13054
2023-07-07,1.43709,10.5435,7.39755,10.6664,6.87064,4.85935,7.54371,7.0966,4.87659,7.28771,6.44012,4.76434,6.38326,5.89391,4.2848,5.92061,6.67477,5.36931,6.28313,2.2666,2.2666,2.30027,2.30027,2.10051,3.65991,2.44382,1.56574,1.08973
2023-07-08,-0.16401,10.5435,7.39755,10.6664,6.79696,4.80691,7.46292,7.02054,4.82397,7.2095,3.19981,2.36719,3.17156,3.09044,2.24671,3.10444,5.72091,4.61517,5.38919,2.11279,2.11279,1.98435,1.98435,1.79162,3.65991,2.41685,0.777946,0.571395
2023-07-09,-0.401258,10.5435,7.39755,10.6664,6.66037,4.7097,7.31315,6.87952,4.72642,7.06453,4.7403,3.50683,4.69844,4.23562,3.07924,4.25481,6.61418,5.38063,6.24412,1.93863,1.93863,1.80088,1.80088,2.16697,3.65991,2.36686,1.15247,0.783129
2023-07-10,0.802959,10.5435,7.39755,10.6664,6.53944,4.62363,7.18056,6.75467,4.64005,6.93619,7.13531,5.27863,7.0723,6.7831,4.93123,6.81383,7.08061,5.78969,6.69333,1.80038,1.80038,1.86658,1.86658,2.41664,3.65991,2.3226,1.73475,1.25414
2023-07-11,0.676591,10.5435,7.39755,10.6664,6.4354,4.54958,7.06648,6.64727,4.56575,6.82572,6.66778,4.93276,6.6089,6.89885,5.01538,6.9301,7.26392,5.94229,6.86743,1.78864,1.78864,1.88807,1.88807,2.47873,3.65991,2.28428,1.62109,1.27554
2023-07-12,-0.751667,10.5435,7.39755,10.6664,6.33119,4.47541,6.95221,6.53968,4.49132,6.71502,6.79984,5.03046,6.7398,6.38457,4.6415,6.41349,7.3568,6.02584,6.95751,1.56991,1.56991,1.75477,1.75477,2.52835,3.65991,2.24541,1.65319,1.18045
2023-07-13,3.50591,10.5435,7.39755,10.6664,6.25111,4.41842,6.86441,6.45701,4.43413,6.62989,5.95217,4.40336,5.89962,5.91112,4.29731,5.9379,5.9877,4.89482,5.65984,1.66179,1.66179,1.69223,1.69223,2.05064,3.65991,2.21534,1.44711,1.09291
2023-07-14,-3.69554,10.5435,7.39755,10.6664,6.62854,4.68704,7.27825,6.84666,4.70368,7.02957,6.43049,4.75721,6.37371,6.48267,4.71282,6.51204,6.69977,5.49913,6.33957,1.57801,1.57801,1.4748,1.4748,2.31837,3.65991,2.35246,1.56339,1.19859
2023-07-15,-0.126213,10.5435,7.39755,10.6664,7.06933,5.00076,7.76156,7.30172,5.01849,7.49622,3.9456,2.91892,3.91076,4.70319,3.41916,4.7245,6.03991,4.9169,5.70301,1.8998,1.8998,2.1308,2.1308,1.98194,3.69624,2.51898,0.959263,0.869579
2023-07-16,-0.154182,10.5435,7.39755,10.6664,6.91613,4.89173,7.59359,7.14357,4.90908,7.33355,4.46127,3.30041,4.42188,4.49242,3.26594,4.51277,6.98203,5.68837,6.59394,1.88885,1.88885,2.09185,2.09185,2.30613,3.69624,2.46293,1.08463,0.83061
2023-07-17,-0.341893,10.5435,7.39755,10.6664,6.77234,4.78939,7.43593,6.99512,4.80639,7.18099,6.90302,5.10679,6.84207,6.91733,5.02882,6.94867,6.95537,5.68785,6.57512,2.02431,2.02431,2.22259,2.22259,2.37741,3.69624,2.41033,1.67828,1.27895
2023-07-18,-0.964389,10.5435,7.39755,10.6664,6.64235,4.69688,7.2934,6.86092,4.71355,7.04292,6.73929,4.98566,6.67978,6.07027,4.41301,6.09776,6.70405,5.45911,6.33057,2.17866,2.17866,2.14221,2.14221,2.23019,3.69624,2.36277,1.63847,1.12234
2023-07-19,0.191934,10.5435,7.39755,10.6664,6.32478,4.49775,6.92417,6.62788,4.57385,6.82881,6.97154,5.15748,6.90998,6.7436,4.90251,6.77415,7.0887,5.82497,6.70958,2.04364,2.04364,2.19884,2.19884,2.51091,3.69624,2.2788,1.69494,1.24683
2023-07-20,-0.408358,10.5435,7.39755,10.6664,6.1951,4.40516,6.78232,6.49204,4.47971,6.6884,5.58112,4.12886,5.53184,5.70652,4.14857,5.73237,6.28363,5.14109,5.94087,1.95105,1.95105,2.30834,2.30834,2.13527,3.69624,2.22984,1.3569,1.05509
2023-07-21,0.391042,10.5435,7.39755,10.6664,6.08206,4.32446,6.65867,6.37365,4.39766,6.56587,4.92429,3.64294,4.88081,4.74948,3.45281,4.771,5.50959,4.45804,5.19413,1.95915,1.95915,2.38997,2.38997,1.75989,3.69624,2.18675,1.1972,0.878138
2023-07-22,-0.458914,10.5435,7.39755,10.6664,5.97075,4.24498,6.53691,6.25705,4.31686,6.44527,2.55528,1.89037,2.53271,2.79606,2.0327,2.80872,4.92404,3.96128,4.63521,1.87214,1.87214,2.25744,2.25744,1.51792,3.69624,2.14451,0.621244,0.516967
2023-07-23,1.04497,10.5435,7.39755,10.6664,5.87369,4.17569,6.43074,6.15538,4.2464,6.33994,3.76251,2.78347,3.72929,3.37801,2.45577,3.39331,4.77095,3.81507,4.48419,1.91766,1.91766,2.26741,2.26741,1.39362,3.69624,2.10778,0.91475,0.624565
2023-07-24,-3.06336,10.5435,7.39755,10.6664,5.81475,4.1336,6.36627,6.09365,4.20362,6.27568,6.35324,4.70007,6.29715,5.93329,4.31343,5.96017,5.7498,4.65179,5.4204,1.99215,1.99215,2.11463,2.11463,1.80667,3.69624,2.08623,1.54462,1.09701
2023-07-25,0.172848,10.5435,7.39755,10.6664,6.15662,4.37769,6.74023,6.45174,4.45178,6.64506,6.99044,5.17146,6.92871,7.04468,5.1214,7.0766,6.74265,5.5318,6.3794,2.26357,2.26357,2.51301,2.51301,2.32179,3.69624,2.2561,1.69953,1.3025
2023-07-26,0.435566,10.5435,7.39755,10.6664,6.03658,4.29199,6.60893,6.32601,4.36465,6.51548,6.89518,5.10099,6.8343,5.67011,4.1221,5.69579,6.85644,5.62856,6.48808,2.00087,2.00087,2.4239,2.4239,2.41293,3.69624,2.21134,1.67637,1.04835
2023-07-27,-0.492725,10.5435,7.39755,10.6664,5.92943,4.21548,6.49172,6.21377,4.28687,6.39914,5.71711,4.22947,5.66663,5.24771,3.81502,5.27149,6.01264,4.90329,5.67983,1.98888,1.98888,2.40082,2.40082,2.02901,3.69624,2.17139,1.38996,0.970257
2023-07-28,0.370943,10.5435,7.39755,10.6664,5.83661,4.14922,6.39019,6.11655,4.21949,6.29814,4.74652,3.51143,4.70461,4.45542,3.23904,4.4756,5.47768,4.43206,5.16399,1.8423,1.8423,2.32302,2.32302,1.7724,3.69624,2.13678,1.15398,0.823768
2023-07-29,0.12841,10.5435,7.39755,10.6664,5.73968,4.08001,6.28416,6.01502,4.14913,6.1929,2.49601,1.84652,2.47397,2.42026,1.7595,2.43122,4.51528,3.6383,4.25218,1.81983,1.81983,2.1682,2.1682,1.41072,3.69624,2.10064,0.606835,0.447485
2023-07-30,-0.278382,10.5435,7.39755,10.6664,5.64446,4.01203,6.18001,5.91528,4.08001,6.0892,3.17257,2.34704,3.14456,2.69132,1.95655,2.70351,5.22437,4.20881,4.9197,1.72656,1.72656,2.38441,2.38441,1.62085,3.69624,2.06514,0.771323,0.497601
2023-07-31,-0.154506,10.5435,7.39755,10.6664,5.56057,3.95213,6.08825,5.82741,4.01912,5.99788,5.14775,3.80826,5.1023,4.47718,3.25486,4.49746,5.09238,4.12135,4.80107,1.6282,1.6282,2.07714,2.07714,1.63812,3.69624,2.03363,1.25153,0.827792
2023-08-01,1.51303,10.5435,7.39755,10.6664,5.47865,3.89364,5.99864,5.7416,3.95965,5.90939,4.18519,3.09616,4.14824,4.31324,3.13567,4.33278,5.23526,4.22659,4.93266,1.50194,1.50194,1.94689,1.94689,1.64869,3.69624,2.00301,1.01751,0.797481
2023-08-02,-1.78075,10.5435,7.39755,10.6664,5.50309,3.91109,6.02537,5.7672,3.97739,5.93465,5.40901,4.00153,5.36125,4.84475,3.52208,4.8667,5.64667,4.60764,5.33496,1.46589,1.46589,2.04002,2.04002,1.89463,3.69624,2.01168,1.31505,0.895753
2023-08-03,0.0916125,10.5435,7.39755,10.6664,5.58805,3.97175,6.11831,5.8562,4.03907,6.03943,5.32918,3.94247,5.28212,5.31746,3.86573,5.34155,5.64975,4.58851,5.33138,1.68205,1.68205,2.10183,2.10183,1.85417,3.69624,2.04411,1.29564,0.983153
2023-08-04,-0.35908,10.5435,7.39755,10.6664,5.50213,3.9104,6.02432,5.76619,3.9767,5.9449,3.94567,2.91897,3.91084,3.70481,2.69335,3.7216,4.86971,3.93305,4.58871,1.64867,1.64867,2.12505,2.12505,1.55221,3.69624,2.01207,0.959281,0.684988
2023-08-05,-0.110006,10.5435,7.39755,10.6664,5.43039,3.85919,5.94585,5.69105,3.92463,5.87024,2.40805,1.73616,2.37453,2.33481,1.68391,2.33545,4.07193,3.24262,3.82314,1.59442,1.59442,2.07048,2.07048,1.1681,3.65922,1.96869,0.58545,0.431686
2023-08-06,-0.000929616,10.5435,7.39755,10.6664,5.35595,3.80604,5.86442,5.61307,3.87059,5.79157,2.72881,1.96742,2.69082,2.74453,1.97941,2.74528,4.50801,3.60947,4.23845,1.5285,1.5285,1.81782,1.81782,1.33063,3.65922,1.94581,0.663434,0.507439
2023-08-07,0.476528,10.5435,7.39755,10.6664,5.28502,3.7554,5.78684,5.53878,3.8191,5.71298,3.96432,2.85821,3.90913,4.04046,2.91406,4.04157,5.17101,4.18483,4.87516,1.46214,1.46214,1.98551,1.98551,1.64638,3.65922,1.91427,0.963814,0.747046
2023-08-08,1.98464,10.5435,7.39755,10.6664,4.31076,3.10622,4.6748,4.72535,3.30878,4.94777,4.58763,3.30761,4.52377,4.44611,3.20662,4.44733,6.14156,4.95969,5.787,1.44123,1.44123,1.90106,1.90106,1.91584,3.65922,1.65052,1.11536,0.822047
2023-08-09,-0.687711,10.5435,7.39755,10.6664,4.44354,3.20223,4.81869,4.87078,3.41096,5.09897,5.8157,4.19302,5.73473,4.87823,3.51828,4.87957,7.33102,5.95504,6.91823,1.41549,1.41549,1.80918,1.80918,2.39118,3.65922,1.70209,1.41393,0.901942
2023-08-10,-0.447194,10.5435,7.39755,10.6664,4.39006,3.16356,4.76073,4.8122,3.3698,5.0381,4.47685,3.22773,4.41452,4.43398,3.19787,4.4352,6.1774,5.01147,5.82762,1.45005,1.45005,1.91197,1.91197,2.02201,3.65922,1.68132,1.08842,0.819804
2023-08-11,-0.108375,10.5435,7.39755,10.6664,4.32357,3.11548,4.68868,4.73938,3.31859,4.95899,3.60133,2.5965,3.5512,3.7224,2.68467,3.72343,5.30734,4.27125,4.99651,1.38998,1.38998,2.08158,2.08158,1.65862,3.65922,1.65549,0.875565,0.68824
2023-08-12,0.0620571,10.5435,7.39755,10.6664,4.24866,3.06132,4.6075,4.65733,3.26091,4.8709,1.82586,1.31641,1.80044,2.0631,1.48795,2.06366,4.06436,3.22454,3.81241,1.46861,1.46861,2.05386,2.05386,1.1491,3.65922,1.6264,0.443907,0.381449
2023-08-13,-0.453332,10.5435,7.39755,10.6664,4.17646,3.00911,4.52926,4.57824,3.2053,4.7854,2.17416,1.56753,2.14389,2.2343,1.61142,2.23491,3.56657,2.82703,3.34471,1.44741,1.44741,1.9609,1.9609,0.979096,3.65922,1.59817,0.528586,0.413102
2023-08-14,0.427758,10.5435,7.39755,10.6664,4.12204,2.96977,4.47029,4.51864,3.16347,4.72611,4.21742,3.04069,4.15871,4.15437,2.99621,4.15551,4.0742,3.29031,3.83903,1.36335,1.36335,2.07416,2.07416,1.26955,3.65922,1.57723,1.02535,0.768107
2023-08-15,-0.812911,10.5435,7.39755,10.6664,4.06537,2.92879,4.40887,4.45657,3.11993,4.66711,4.10185,2.95737,4.04475,3.79958,2.74033,3.80063,4.37101,3.54751,4.12396,1.45748,1.45748,2.13145,2.13145,1.3974,3.65922,1.55522,0.997253,0.702509
2023-08-16,-1.61936,10.5435,7.39755,10.6664,4.04581,2.91465,4.38768,4.43515,3.10483,4.64104,4.65591,3.35683,4.59109,4.0418,2.91502,4.04291,4.77525,3.96275,4.5315,1.47066,1.47066,2.00002,2.00002,1.81113,3.65922,1.54762,1.13195,0.747293
2023-08-17,-7.36242,10.5435,7.39755,10.6664,4.14562,2.98682,4.49584,4.54447,3.18159,4.75136,4.19444,3.02412,4.13604,4.23299,3.05291,4.23415,5.14798,4.18389,4.85876,1.55154,1.55154,2.07049,2.07049,1.73104,3.65922,1.60108,1.01976,0.782642
2023-08-18,-2.33342,10.5435,7.39755,10.6664,6.54383,4.72086,7.09477,7.41758,5.13416,7.76021,6.80555,5.03362,6.98578,6.25916,4.48611,6.4224,11.3625,9.13622,10.6946,2.40869,2.40869,3.29315,3.29315,3.52623,3.69624,2.55912,1.65423,1.14093
2023-08-19,0.178913,10.5435,7.39755,10.6664,6.57377,4.74251,7.12722,7.45148,5.15769,7.78846,3.30222,2.44244,3.38967,3.4924,2.5031,3.58348,7.50714,5.98922,7.05177,2.02993,2.02993,2.8658,2.8658,2.15704,3.69624,2.55389,0.802674,0.636602
2023-08-20,0.357192,10.5435,7.39755,10.6664,6.39503,4.61327,6.93352,7.24899,5.01723,7.57137,3.30027,2.44099,3.38766,2.57599,1.84629,2.64317,5.48433,4.38905,5.15574,1.68936,1.68936,2.17569,2.17569,1.59467,3.69624,2.48381,0.802198,0.469557
2023-08-21,-0.250196,10.5435,7.39755,10.6664,6.22703,4.49179,6.75145,7.05867,4.8852,7.36587,4.92907,3.6457,5.0596,5.17863,3.71166,5.31368,5.86744,4.71389,5.52138,1.69562,1.69562,2.15775,2.15775,1.73067,3.69624,2.41794,1.19811,0.943969
2023-08-22,-0.354648,10.5435,7.39755,10.6664,6.0656,4.37507,6.57651,6.87582,4.75834,7.17796,4.58217,3.38913,4.70352,4.46231,3.19826,4.57869,5.68088,4.60707,5.35874,1.66493,1.66493,2.20786,2.20786,1.82331,3.69624,2.35465,1.11379,0.813399
2023-08-23,1.52484,10.5435,7.39755,10.6664,5.91412,4.26554,6.41235,6.70422,4.6393,6.99439,4.54888,3.3645,4.66934,4.69354,3.36399,4.81594,5.93369,4.81568,5.59828,1.45745,1.45745,2.15571,2.15571,1.94014,3.69624,2.29526,1.1057,0.855546
2023-08-24,-1.02396,10.5435,7.36725,10.6093,5.85393,4.22202,6.34713,6.6362,4.49686,6.886,4.9636,3.57791,5.06249,4.801,3.46258,4.92359,5.74465,4.65877,5.41888,1.42926,1.42926,1.9683,1.9683,1.90198,3.65922,2.2875,1.20651,0.887663
2023-08-25,-0.439394,10.5435,7.36725,10.6093,5.75258,4.14874,6.2373,6.52137,4.41872,6.7668,4.26913,3.07731,4.35418,3.97917,2.86986,4.08077,5.23621,4.21649,4.93029,1.5351,1.5351,2.07978,2.07978,1.67842,3.65922,2.24674,1.0377,0.735714
2023-08-26,-0.15063,10.5435,7.36725,10.6093,5.61832,4.05166,6.09179,6.36928,4.3154,6.60903,1.90004,1.36961,1.9379,1.8699,1.34861,1.91765,3.74844,2.9754,3.51653,1.49937,1.49937,2.0193,2.0193,1.0619,3.65922,2.19418,0.461845,0.345729
2023-08-27,0.311838,10.5435,7.36725,10.6093,5.48187,3.953,5.94392,6.21471,4.21031,6.44864,2.2938,1.65344,2.3395,2.37431,1.7124,2.43493,3.73755,2.94357,3.49936,1.47022,1.47022,1.97616,1.97616,1.00562,3.65922,2.13139,0.557557,0.438989
2023-08-28,0.063057,10.5435,7.36725,10.6093,4.93288,3.56665,5.34651,5.84945,3.80454,5.89648,4.09029,2.9484,4.17178,3.88523,2.8021,3.98443,4.92657,3.96169,4.63711,1.42866,1.42866,1.72687,1.72687,1.51364,3.65922,1.98532,0.99423,0.718344
2023-08-29,6.02499,10.5435,7.36725,10.6093,4.83215,3.49384,5.23733,5.73376,3.72686,5.77622,3.92528,2.82946,4.00349,3.65173,2.6337,3.74497,4.46997,3.62451,4.21633,1.35059,1.35059,1.71456,1.71456,1.44244,3.63563,1.91837,0.954121,0.675174
2023-08-30,-1.56343,10.5435,7.36725,10.6093,5.94144,4.29571,6.43969,7.0448,4.58226,7.10215,6.38074,4.59943,6.50787,6.30143,4.54471,6.46232,6.02788,4.89163,5.68701,1.57608,1.57608,1.75186,1.75186,1.95905,3.63563,2.35834,1.55097,1.16508
2023-08-31,-5.13291,10.5435,7.36725,10.6093,5.88464,4.25465,6.37813,6.97028,4.53846,7.03395,5.1277,3.6962,5.22986,5.30555,3.82647,5.44102,5.87952,4.74047,5.5378,1.58751,1.58751,1.83109,1.83109,1.8726,3.63563,2.33581,1.24639,0.98095
2023-09-01,-0.505483,10.5435,7.36725,10.6093,6.51611,4.71112,7.06258,7.72117,5.04036,7.81485,6.57025,4.85421,6.76238,6.17451,4.48879,6.39156,6.20184,4.93869,5.8229,2.03949,2.03949,2.83463,2.83463,1.83423,3.63563,2.58627,1.59527,1.14161
2023-09-02,0.263497,10.5435,7.36725,10.6093,6.37612,4.60992,6.91084,7.55036,4.93208,7.64674,2.32468,1.71751,2.39266,2.42616,1.76379,2.51145,4.73325,3.70195,4.42386,1.68715,1.68715,2.29977,2.29977,1.20147,3.63563,2.53074,0.564438,0.448576
2023-09-03,0.388783,10.5435,7.36725,10.6093,6.23508,4.50797,6.75797,7.37401,4.82301,7.4772,2.77315,2.04885,2.85424,2.67708,1.9462,2.77119,4.9459,3.90633,4.63403,1.77004,1.77004,2.15888,2.15888,1.30469,3.63563,2.4748,0.673327,0.494969
2023-09-04,-0.606978,10.5435,7.36725,10.6093,6.1005,4.41069,6.6121,7.20492,4.71892,7.31538,5.0765,3.75061,5.22495,5.28109,3.83929,5.46673,5.93524,4.7013,5.56506,1.69838,1.69838,1.98753,1.98753,1.65879,3.63563,2.42142,1.23259,0.976427
2023-09-05,-0.12573,10.5435,7.36725,10.6093,5.97613,4.32078,6.47729,7.06766,4.62273,7.16663,5.4552,4.03039,5.61472,5.32483,3.87109,5.51201,6.00837,4.84545,5.65949,1.65321,1.65321,2.10544,2.10544,1.89579,3.59649,2.36077,1.32454,0.984515
2023-09-06,-0.103799,10.5435,7.36725,10.6093,5.84495,4.22596,6.33511,6.90296,4.52127,7.00891,4.98144,3.68038,5.12711,4.56195,3.31648,4.72231,6.32249,5.11636,5.96065,1.5598,1.5598,1.83271,1.83271,2.04355,3.59649,2.30899,1.20951,0.843465
2023-09-07,1.87321,10.5435,7.36725,10.6093,5.71742,4.13377,6.19688,6.74339,4.42263,6.8556,3.54749,2.62095,3.65123,3.84038,2.79191,3.97538,5.2356,4.20726,4.9271,1.62865,1.62865,1.89544,1.89544,1.64206,3.59649,2.25865,0.861339,0.710054
2023-09-08,-1.28312,10.5435,7.36725,10.6093,5.70377,4.1239,6.18209,6.71666,4.41208,6.83879,4.27574,3.15899,4.40077,4.19863,3.05235,4.34622,4.31846,3.41601,4.04773,1.66707,1.66707,1.92518,1.92518,1.22833,3.59649,2.25326,1.03816,0.776289
2023-09-09,-0.0385146,10.5435,7.36725,10.6093,5.63185,4.07191,6.10413,6.63736,4.35645,6.75277,2.32743,1.71955,2.39549,2.63464,1.91535,2.72726,3.29047,2.5391,3.06506,1.68749,1.68749,2.13357,2.13357,0.738734,3.59649,2.22487,0.565105,0.487122
2023-09-10,-0.24533,10.5435,7.36725,10.6093,5.51023,3.984,5.9723,6.48487,4.26239,6.60655,2.46986,1.82478,2.54209,2.06068,1.49809,2.13312,3.41789,2.64348,3.18557,1.78811,1.78811,1.92479,1.92479,0.738052,3.59649,2.17686,0.599688,0.381001
2023-09-11,-2.62618,10.5435,7.36725,10.6093,5.39406,3.90002,5.84639,6.33545,4.17254,6.46673,3.86974,2.85903,3.98291,4.54895,3.30703,4.70886,4.13647,3.34731,3.89972,1.56365,1.56365,1.96993,1.96993,1.31945,3.59649,2.13101,0.939583,0.841062
2023-09-12,2.63051,10.5435,7.36725,10.6093,5.50565,3.98069,5.96734,6.45339,4.25885,6.59998,5.68747,4.202,5.85379,5.96054,4.33324,6.17007,5.77233,4.61686,5.42569,1.71903,1.71903,2.41427,2.41427,1.74504,3.59649,2.18548,1.38093,1.10205
2023-09-13,1.51739,10.5435,7.36725,10.6093,5.61131,4.05706,6.08186,6.6761,4.34057,6.73084,6.46665,4.77767,6.65575,6.08548,4.42407,6.2994,6.12482,5.02472,5.79479,1.56848,1.56848,1.98807,1.98807,2.18091,3.59649,2.22741,1.57012,1.12515
2023-09-14,1.18009,10.5435,7.36725,10.6093,5.56441,4.02316,6.03103,6.62091,4.30429,6.67666,5.46622,4.03854,5.62607,5.95852,4.33177,6.16798,5.80419,4.73946,5.48477,1.48509,1.48509,1.96255,1.96255,2.04144,3.59649,2.20881,1.32721,1.10168
2023-09-15,0.259722,10.5435,7.36725,10.6093,5.49011,3.96946,5.9505,6.53234,4.24683,6.58693,4.52692,3.34457,4.6593,4.67777,3.40068,4.8422,4.55811,3.68638,4.29659,1.50091,1.50091,1.88333,1.88333,1.48657,3.59649,2.17934,1.09915,0.864878
2023-09-16,-0.151991,10.5435,7.36725,10.6093,5.37488,3.88616,5.8256,6.39519,4.15771,6.44857,1.76747,1.30583,1.81915,2.04426,1.48615,2.11612,3.1792,2.49129,2.97283,1.43029,1.43029,1.81209,1.81209,0.789565,3.59649,2.13364,0.429145,0.377966
2023-09-17,-0.128407,10.5435,7.36725,10.6093,4.91723,3.54547,5.342,6.26597,3.82228,5.85009,2.18014,1.61073,2.2439,2.26691,1.64802,2.3466,3.11626,2.4799,2.92535,1.32833,1.32833,1.56442,1.56442,0.857294,3.59649,1.94147,0.529344,0.419133
2023-09-18,0.82605,10.5435,7.36725,10.6093,4.84908,3.49637,5.26795,6.17217,3.76934,5.7686,3.705,2.73732,3.81334,4.76086,3.46109,4.92822,4.36233,3.47653,4.09659,1.22434,1.22434,1.60814,1.60814,1.28045,3.59649,1.9146,0.899582,0.880241
2023-09-19,1.69311,10.5435,7.36725,10.6093,4.79594,3.45809,5.21021,6.11399,3.72806,5.70609,4.5319,3.34825,4.66443,5.12209,3.72369,5.30214,3.55754,2.87429,3.35257,1.24701,1.24701,1.44841,1.44841,1.10484,3.59649,1.8938,1.10036,0.947029
2023-09-20,-0.291152,10.5435,7.36725,10.6093,4.789,3.45309,5.20266,6.0944,3.72267,5.69703,5.75285,4.2503,5.92108,5.85273,4.25486,6.05847,5.13626,4.15877,4.84301,1.26476,1.26476,1.49988,1.49988,1.63558,3.59649,1.89095,1.39681,1.08212
2023-09-21,-2.10204,10.5435,7.36725,10.6093,4.72399,3.40625,5.13203,5.99553,3.67217,5.61878,4.07109,3.00779,4.19014,4.13953,3.00939,4.28504,4.73268,3.83566,4.46358,1.38361,1.38361,1.63189,1.63189,1.54355,3.59649,1.86524,0.988471,0.765363
2023-09-22,0.0449158,10.5435,7.36725,10.6093,4.74935,3.42453,5.15959,6.0347,3.69187,5.64934,4.06325,3.002,4.18208,4.45762,3.24064,4.61432,4.94918,3.93872,4.64604,1.49207,1.49207,1.96647,1.96647,1.45037,3.59649,1.90009,0.986568,0.824176
2023-09-23,-0.000673063,10.5435,7.36725,10.6093,4.68333,3.37697,5.08785,5.97294,3.64058,5.57562,1.5751,1.16371,1.62116,1.82472,1.32655,1.88887,2.93224,2.27705,2.73569,1.36527,1.36527,1.81436,1.81436,0.672934,3.59649,1.88012,0.382437,0.337376
2023-09-24,-1.22101,10.5435,7.36725,10.6093,4.61817,3.33002,5.01705,5.88883,3.58997,5.4965,2.01763,1.49066,2.07663,2.19611,1.59655,2.27331,3.2293,2.51088,3.01377,1.28881,1.28881,1.81049,1.81049,0.738442,3.59649,1.85208,0.489886,0.406042
2023-09-25,0.158514,10.5435,7.36725,10.6093,4.58532,3.30636,4.98136,5.84667,3.56445,5.45706,4.442,3.28183,4.5719,5.13135,3.73043,5.31173,4.92216,3.99288,4.64337,1.36723,1.36723,1.96274,1.96274,1.61865,3.59649,1.83854,1.07853,0.948742
2023-09-26,-0.309356,10.5435,7.36725,10.6093,4.52215,3.26085,4.91271,5.76492,3.51537,5.3804,4.34568,3.21066,4.47276,4.13148,3.00354,4.27671,4.54417,3.67821,4.28438,1.30752,1.30752,1.78864,1.78864,1.46719,3.59649,1.81138,1.05514,0.763875
2023-09-27,0.515384,10.5435,7.36725,10.6093,4.46119,3.21693,4.84648,5.68893,3.46802,5.31013,4.45729,3.29312,4.58763,3.68022,2.67548,3.80959,3.84226,3.15906,3.6373,1.25632,1.25632,1.84793,1.84793,1.36438,3.59649,1.79005,1.08224,0.680441
2023-09-28,2.50632,10.5435,7.36725,10.6093,4.40529,3.17666,4.78574,5.61638,3.42459,5.24195,3.93907,2.91025,4.05426,3.85655,2.80367,3.99212,4.01799,3.26631,3.79249,1.22265,1.22265,1.91318,1.91318,1.33492,3.59649,1.76559,0.956416,0.713043
2023-09-29,-0.407264,10.5435,7.36725,10.6093,4.48469,3.23386,4.87201,5.70835,3.48627,5.33496,3.67237,2.71321,3.77976,3.6119,2.62581,3.73887,4.12396,3.3408,3.88901,1.25188,1.25188,1.74256,1.74256,1.33836,3.59649,1.79531,0.89166,0.667809
2023-09-30,0.208594,10.5435,7.36725,10.6093,4.42577,3.19142,4.80799,5.64821,3.44051,5.2756,1.51796,1.1215,1.56235,1.23547,0.898175,1.2789,2.8817,2.2631,2.69612,1.42134,1.42134,1.96683,1.96683,0.73464,3.59649,1.77826,0.368565,0.228428
2023-10-01,3.69761,10.5435,7.36725,10.6093,4.36529,3.14784,4.74227,5.57028,3.39352,5.20226,2.15506,1.5922,2.21808,1.98154,1.44055,2.05119,2.72731,2.14807,2.55354,1.40611,1.40611,1.72913,1.72913,0.693419,3.59649,1.75388,0.523254,0.366369
2023-10-02,-1.63192,10.5435,7.36725,10.6093,4.60705,3.32201,5.00496,5.87836,3.58132,5.48947,5.53607,4.09015,5.69796,5.29854,3.85198,5.4848,4.65374,3.7536,4.3837,1.59493,1.59493,1.98241,1.98241,1.43486,3.59649,1.85051,1.34417,0.979655
2023-10-03,-0.366829,10.5435,7.36725,10.6093,4.59928,3.31641,4.99652,5.87117,3.57529,5.48502,5.51621,4.07547,5.67752,5.43042,3.94785,5.62131,4.64038,3.79661,4.38725,1.72581,1.72581,2.04459,2.04459,1.59274,3.59649,1.84807,1.33935,1.00404
2023-10-04,1.33777,10.5435,7.36725,10.6093,4.53803,3.27228,4.92996,5.79854,3.61456,5.42236,4.94793,3.65561,5.09262,4.1109,2.98858,4.25541,4.95257,4.0163,4.67169,1.63923,1.63923,2.05385,2.05385,1.63248,3.59649,1.82417,1.20137,0.760071
2023-10-05,-1.38907,10.5435,7.36725,10.6093,4.51455,3.25537,4.90446,5.77216,3.6064,5.40637,4.96757,3.67012,5.11283,4.96778,3.61151,5.14241,4.41318,3.57779,4.16256,1.51129,1.51129,2.05777,2.05777,1.42635,3.59649,1.81477,1.20614,0.918499
2023-10-06,1.91719,10.5435,7.36725,10.6093,4.49336,3.2401,4.88143,5.7452,3.58948,5.38151,3.9756,2.93724,4.09186,3.86875,2.81253,4.00474,4.48792,3.60153,4.222,1.50181,1.50181,2.16614,2.16614,1.37562,3.59649,1.80628,0.965285,0.715298
2023-10-07,0.0795562,10.5435,7.36725,10.6093,4.59098,3.28672,5.01622,5.70696,3.61498,5.4279,2.51655,1.85927,2.59014,2.76867,2.01279,2.866,3.66011,2.89742,3.4313,1.39017,1.39017,1.99343,1.99343,0.990716,3.59649,1.82091,0.611025,0.511903
2023-10-08,-0.12074,10.5435,7.36725,10.6093,4.53666,3.2479,4.95685,5.6396,3.57236,5.36832,2.85369,2.10835,2.93714,2.43516,1.77033,2.52076,3.61545,2.83372,3.38093,1.38583,1.38583,1.9731,1.9731,0.896221,3.58239,1.76019,0.692882,0.450239
2023-10-09,-1.26593,10.5435,7.36252,10.6019,4.483,3.20955,4.8982,5.57365,3.43739,5.30863,4.34293,3.20863,4.46993,4.12241,2.99694,4.26732,3.74321,2.95395,3.50643,1.25588,1.25588,1.96811,1.96811,0.987347,3.55871,1.72892,1.05447,0.762197
2023-10-10,-0.700904,10.5435,7.36252,10.6019,4.45903,3.19242,4.872,5.54402,3.41904,5.2832,4.95008,3.6572,5.09483,4.80878,3.49593,4.97782,4.51127,3.63259,4.24767,1.29359,1.29359,2.05624,2.05624,1.37391,3.4976,1.71331,1.20189,0.889102
2023-10-11,-1.90812,10.5435,7.36252,10.6019,4.41491,3.16089,4.82378,5.4906,3.38526,5.25505,5.00598,3.69851,5.15237,4.74561,3.45,4.91243,5.64319,4.57658,5.32321,1.32231,1.32231,1.99832,1.99832,1.82346,3.4976,1.6965,1.21546,0.877421
2023-10-12,-0.434542,10.5435,7.36252,10.6019,4.43039,3.17195,4.8407,5.51011,3.39711,5.2779,5.40888,3.99617,5.56705,5.07616,3.69031,5.2546,5.91786,4.8299,5.59147,1.50541,1.50541,2.19459,2.19459,2.06406,3.4976,1.70899,1.31329,0.938538
2023-10-13,0.393803,10.5435,7.36252,10.6019,4.3811,3.13672,4.78682,5.44928,3.35937,5.22908,3.82963,2.8294,3.94162,3.63481,2.64246,3.76258,3.60457,2.89523,3.39177,1.38546,1.38546,1.95703,1.95703,1.14803,3.47591,1.68362,0.929844,0.672044
2023-10-14,-0.00249141,10.5435,7.36252,10.6019,4.33241,3.10193,4.7336,5.38851,3.32209,5.16792,1.77412,1.31075,1.82601,2.06068,1.49809,2.13312,3.17754,2.46689,2.96435,1.3796,1.3796,2.0261,2.0261,0.788001,3.47591,1.66504,0.430762,0.381002
2023-10-15,1.10308,10.5435,7.36252,10.6019,4.28101,3.06519,4.67741,5.32432,3.28272,5.10285,2.44586,1.80704,2.51738,2.31336,1.68179,2.39469,3.24361,2.50428,3.02181,1.35355,1.35355,1.93347,1.93347,0.746181,3.47591,1.64543,0.59386,0.427721
2023-10-16,4.88544,10.5435,7.36252,10.6019,4.25509,3.04667,4.64909,5.29195,3.26288,5.06985,4.94949,3.65677,5.09422,4.64648,3.37793,4.80982,4.33656,3.46071,4.07381,1.29866,1.29866,1.73607,1.73607,1.2611,3.47591,1.63554,1.20175,0.859094
2023-10-17,-0.364339,10.5435,7.36252,10.6019,4.65906,3.33537,5.09064,5.7946,3.57221,5.54756,7.03072,5.19441,7.23631,6.79902,4.9428,7.03802,5.45038,4.4206,5.14145,1.47287,1.47287,1.80374,1.80374,1.73554,3.47591,1.78964,1.70707,1.25708
2023-10-18,-0.308075,10.5435,7.36252,10.6019,4.60591,3.29739,5.03254,5.72823,3.53151,5.4806,5.5251,4.08204,5.68667,4.93124,3.58495,5.10459,7.44524,6.0594,7.02949,1.50142,1.50142,1.84932,1.84932,2.47241,3.47591,1.76936,1.34151,0.911744
2023-10-19,1.37242,10.4594,7.00844,10.3263,4.55276,3.25941,4.97445,4.93074,3.47032,5.28724,4.91449,3.5386,5.00711,4.21407,3.13999,4.45925,6.62031,5.36537,6.24382,1.31151,1.31151,1.74999,1.74999,2.19161,3.45039,1.74662,1.19325,0.804966
2023-10-20,3.29858,10.4594,7.00844,10.3263,4.53465,3.24646,4.95465,4.91112,3.47696,5.27437,4.0159,2.89158,4.09158,3.94382,2.93862,4.17327,4.95257,3.9496,4.65168,1.26554,1.26554,1.75836,1.75836,1.47904,3.45039,1.73973,0.975069,0.753343
2023-10-21,0.790128,10.4594,7.00844,10.3263,4.68199,3.35176,5.1157,5.07075,3.58979,5.44503,2.17939,1.56923,2.22046,2.78751,2.07703,2.94968,3.70362,2.88932,3.45933,1.3547,1.3547,1.91127,1.91127,0.912854,3.45039,1.79585,0.52916,0.532465
2023-10-22,0.251985,10.4594,7.00844,10.3263,4.63827,3.32051,5.06791,5.02338,3.55538,5.39135,3.4814,2.50672,3.54701,3.14083,2.3403,3.32356,3.81472,3.00425,3.57158,1.43691,1.43691,1.86258,1.86258,0.995419,3.45039,1.7792,0.845292,0.599957
2023-10-23,9.81234,10.4594,7.00844,10.3263,4.58456,3.28213,5.00921,4.96519,3.51322,5.32601,5.1585,3.71429,5.25571,4.63342,3.45246,4.90299,5.56113,4.48522,5.23836,1.46037,1.46037,1.80848,1.80848,1.72015,3.45039,1.75874,1.2525,0.885069
2023-10-24,2.43428,10.4594,7.00844,10.3263,6.05753,4.33481,6.61921,6.56098,4.61287,7.03513,9.73231,7.0076,9.91573,10.5672,7.87384,11.182,7.24961,5.87332,6.83672,1.73275,1.73275,2.0559,2.0559,2.28636,3.45039,2.31983,2.36303,2.01853
2023-10-25,1.7581,10.4594,7.00844,10.3263,6.06909,4.34308,6.63185,6.57352,4.62179,7.05392,7.07221,5.09223,7.20549,6.8913,5.13485,7.29224,7.30361,5.90937,6.88534,1.65924,1.65924,1.90469,1.90469,2.30084,3.43082,2.32236,1.71715,1.31637
2023-10-26,-1.00838,10.4594,7.00844,10.3263,6.04089,4.32292,6.60102,6.54299,4.60063,7.03419,6.47435,4.66175,6.59636,6.48889,4.83501,6.86642,6.67519,5.40764,6.29492,1.61877,1.61877,1.83824,1.83824,2.18375,3.43082,2.31693,1.57199,1.2395
2023-10-27,-0.725325,10.4594,7.00844,10.3263,5.96261,4.26067,6.51905,6.47303,4.55276,6.96036,5.71254,4.11322,5.8202,4.65894,3.47147,4.92999,4.97517,3.98011,4.67665,1.61656,1.61656,1.87641,1.87641,1.51733,3.43082,2.29019,1.38702,0.889943
2023-10-28,0.528761,10.4594,7.00844,10.3263,5.89855,4.2149,6.44901,6.40347,4.50381,6.88371,2.50121,1.80096,2.54835,2.18127,1.62531,2.30818,3.66217,2.8874,3.42974,1.65191,1.65191,1.8254,1.8254,0.967411,3.43082,2.2656,0.6073,0.416663
2023-10-29,1.30825,10.4594,7.00844,10.3263,5.83194,4.16732,6.37618,6.33116,4.45297,6.80614,3.85243,2.77388,3.92504,3.48159,2.5942,3.68415,4.52004,3.59973,4.24395,1.4217,1.4217,1.94294,1.94294,1.27711,3.42306,2.23407,0.93538,0.665048
2023-10-30,-0.104626,10.4594,7.00844,10.3263,5.78707,4.13527,6.32712,6.28244,4.41868,6.75215,6.65198,4.78965,6.77734,7.36817,5.49018,7.79686,5.97135,4.82511,5.62748,1.229,1.229,1.68822,1.68822,1.86896,3.42306,2.21691,1.61512,1.40746
2023-10-31,0.478284,10.4594,7.00844,10.3263,5.71787,4.08583,6.25145,6.20732,4.36594,6.67532,5.67662,4.08736,5.78361,4.77636,3.55896,5.05425,5.90561,4.78368,5.56903,1.20068,1.20068,1.67019,1.67019,1.88842,3.42306,2.19043,1.3783,0.912373
2023-11-01,2.19529,10.4594,7.00844,10.3263,5.6528,4.03935,6.18031,6.13668,4.31634,6.60271,5.75635,4.14477,5.86484,4.52426,3.37112,4.78748,6.78596,5.55905,6.41789,1.14879,1.14879,1.53983,1.53983,2.39014,3.42306,2.16553,1.39766,0.864217
2023-11-02,-1.41816,10.4594,7.00844,10.3263,5.65724,4.04252,6.18516,6.1415,4.31969,6.60623,6.22373,4.4813,6.34103,5.83785,4.3499,6.1775,6.308,5.17966,5.96949,1.25532,1.25532,1.55064,1.55064,2.28241,3.42306,2.16723,1.51114,1.11514
2023-11-03,-0.591117,10.4594,7.00844,10.3263,5.61935,4.01546,6.14374,6.10037,4.29077,6.56194,5.21674,3.75623,5.31505,4.44859,3.31473,4.7074,4.15928,3.31093,3.90478,1.45338,1.45338,1.68931,1.68931,1.22345,3.42306,2.15274,1.26664,0.849762
2023-11-04,1.0023,10.4594,7.00844,10.3263,5.55721,3.97106,6.07579,6.0329,4.24332,6.48892,2.06717,1.48843,2.10613,2.31988,1.72859,2.45485,3.17096,2.46629,2.95956,1.34224,1.34224,1.50192,1.50192,0.738459,3.42306,2.12896,0.501914,0.443139
2023-11-05,-0.0936563,10.4594,7.00844,10.3263,5.50607,3.93453,6.01987,5.97737,4.20424,6.42726,3.62206,2.60801,3.69032,3.14609,2.34422,3.32913,4.28745,3.41543,4.02584,1.22577,1.22577,1.41053,1.41053,1.22284,3.42306,2.10939,0.879445,0.600962
2023-11-06,-0.0342047,10.4594,7.00844,10.3263,5.44021,3.88748,5.94786,6.1355,4.15516,6.41699,5.50024,3.96036,5.6039,4.68188,3.48857,4.95427,5.24156,4.22689,4.93716,1.17896,1.17896,1.50595,1.50595,1.61302,3.42306,2.08997,1.33547,0.894326
2023-11-07,1.15264,10.4594,7.00844,10.3263,5.37503,3.84092,5.8766,6.01797,4.10535,6.33727,5.4837,3.94845,5.58704,4.40491,3.28219,4.66118,4.63245,3.74989,4.36768,1.24598,1.24598,1.48583,1.48583,1.45674,3.42306,2.06496,1.33145,0.841419
2023-11-08,0.595552,10.4594,7.00844,10.3263,5.33171,3.80998,5.82924,5.97475,4.07228,6.28653,6.0647,4.36679,6.17899,4.98296,3.71291,5.27287,5.46172,4.4763,5.16609,1.37542,1.37542,1.40577,1.40577,1.8788,3.41327,2.0427,1.47252,0.951837
2023-11-09,2.86922,10.4594,7.00844,10.3263,5.27355,3.76843,5.76564,6.05472,4.028,6.22719,5.22482,3.76205,5.32329,4.5411,3.38367,4.8053,5.77407,4.72139,5.45827,1.28124,1.28124,1.29589,1.29589,2.0222,3.41327,2.02604,1.2686,0.867434
2023-11-10,1.67784,10.4594,7.00844,10.3263,5.34161,3.81705,5.84006,6.08347,4.07993,6.30444,5.35376,3.85489,5.45465,4.52783,3.37378,4.79126,4.49776,3.62375,4.23556,1.30599,1.30599,1.28605,1.28605,1.41124,3.41327,2.05154,1.2999,0.8649
2023-11-11,-0.472571,10.4594,7.00844,10.3263,5.32237,3.80331,5.81902,6.01337,4.06519,6.27867,2.64502,1.90451,2.69487,2.18236,1.62612,2.30933,3.05718,2.39841,2.85955,1.3435,1.3435,1.23605,1.23605,0.748072,3.41327,2.03913,0.642218,0.416871
2023-11-12,-0.225172,10.4594,7.00844,10.3263,5.26209,3.76024,5.75311,5.95007,4.01916,6.20785,3.44798,2.48266,3.51296,2.90155,2.162,3.07036,4.28586,3.43173,4.02962,1.36782,1.36782,1.41985,1.41985,1.27099,3.41327,2.01619,0.837177,0.55425
2023-11-13,-1.50135,10.4594,7.00844,10.3263,5.19982,3.71576,5.68502,5.8409,3.97158,6.1319,5.3873,3.87904,5.48883,4.79305,3.5714,5.07192,5.17112,4.22766,4.88808,1.25597,1.25597,1.40546,1.40546,1.80826,3.41327,1.99224,1.30805,0.915562
2023-11-14,-2.67844,10.4594,7.00844,10.3263,5.17396,3.69729,5.65675,5.79324,3.95181,6.1002,6.3321,4.55933,6.45144,5.48682,4.08834,5.80604,4.97966,4.08383,4.71091,1.46203,1.46203,1.718,1.718,1.74652,3.41327,1.98234,1.53745,1.04808
2023-11-15,6.38462,10.4594,7.00844,10.3263,5.22796,3.73586,5.71579,5.97702,3.99316,6.17175,7.31396,5.2663,7.4518,5.89118,4.38964,6.23393,5.8385,4.80162,5.52744,1.72066,1.72066,2.32405,2.32405,2.07125,3.41327,2.01689,1.77585,1.12532
2023-11-16,-4.66298,10.4594,7.00844,10.3263,5.786,4.13528,6.32412,6.54843,4.42154,6.82973,8.39978,6.04813,8.55808,8.02461,5.9793,8.49148,6.69868,5.47342,6.3311,2.00895,2.00895,1.72713,1.72713,2.29909,3.41327,2.22308,2.03949,1.53285
2023-11-17,1.21487,10.4594,7.00844,10.3263,6.02747,4.30786,6.58805,7.16809,4.63256,7.1455,7.71701,5.55651,7.86244,7.15565,5.33182,7.57197,6.8032,5.44476,6.39567,2.2409,2.2409,2.6064,2.6064,2.05045,3.45039,2.35884,1.87371,1.36686
2023-11-18,-0.0300045,10.4594,7.00844,10.3263,5.97583,4.27095,6.53161,7.03034,4.59287,7.0796,2.91395,2.09814,2.96887,2.59402,1.93286,2.74494,3.94913,3.13357,3.70446,2.14945,2.14945,2.03567,2.03567,1.0758,3.45039,2.33641,0.707514,0.495507
2023-11-19,2.16534,10.4594,7.00844,10.3263,5.90403,4.21963,6.45313,6.91718,4.53768,6.99276,3.65496,2.63169,3.72384,2.92505,2.17952,3.09523,5.27235,4.22215,4.95729,2.12495,2.12495,2.16641,2.16641,1.52681,3.45039,2.30749,0.887432,0.55874
2023-11-20,0.241528,10.4594,7.00844,10.3263,5.90023,4.21693,6.44898,7.10879,4.53477,7.00025,7.07604,5.09499,7.2094,7.70706,5.74269,8.15545,6.70688,5.45385,6.33097,2.09774,2.09774,1.9755,1.9755,2.24048,3.41327,2.28118,1.71808,1.47219
2023-11-21,-4.53926,10.2146,6.96362,10.1879,5.83017,4.16685,6.3724,6.33189,4.47753,6.8323,6.45031,4.64444,6.57187,5.66209,4.21894,5.99151,6.0711,4.93206,5.72939,1.93171,1.93171,1.81007,1.81007,1.98083,3.40099,2.25483,1.56615,1.08156
2023-11-22,4.42014,10.2146,6.96362,10.1879,6.0531,4.32617,6.61606,6.574,4.65032,7.09463,8.56066,6.16397,8.72199,8.20901,6.16563,8.70324,7.90015,6.46286,7.46896,2.24085,2.24085,2.50266,2.50266,2.69227,3.41327,2.377,2.07855,1.56807
2023-11-23,-0.381997,10.2146,6.96362,10.1879,6.24882,4.46605,6.82999,6.78657,4.81152,7.32764,8.61118,6.20034,8.77347,9.07001,6.8123,9.61607,8.18348,6.72712,7.74657,2.21684,2.21684,1.91426,1.91426,2.8977,3.40099,2.41681,2.09081,1.73254
2023-11-24,1.14829,10.2146,6.96362,10.1879,6.1757,4.4138,6.75007,6.70716,4.74768,7.24036,5.26787,3.79305,5.36715,4.70746,3.53568,4.99088,5.77295,4.6865,5.44702,2.04993,2.04993,1.84509,1.84509,1.89922,3.40099,2.38847,1.27905,0.899213
2023-11-25,0.202633,10.2146,6.96362,10.1879,6.11962,4.37372,6.68878,6.64625,4.70143,7.17254,2.99678,2.15778,3.05325,2.50427,1.88091,2.65504,3.356,2.68177,3.15373,1.88459,1.88459,1.84159,1.84159,0.958629,3.40099,2.3667,0.727624,0.478363
2023-11-26,-0.84402,10.2146,6.96362,10.1879,6.04665,4.32157,6.60901,6.567,4.64536,7.08601,3.8314,2.75873,3.9036,2.77195,2.08196,2.93884,4.5404,3.67158,4.27975,1.82138,1.82138,1.83185,1.83185,1.40327,3.40099,2.33844,0.930272,0.529494
2023-11-27,-0.602018,10.2146,6.96362,10.1879,5.98398,4.27678,6.54052,6.49894,4.65928,7.03012,6.43375,4.63252,6.555,5.89901,4.43063,6.25416,6.76093,5.52729,6.39083,1.70747,1.70747,1.784,1.784,2.28747,3.40099,2.31492,1.56213,1.12682
2023-11-28,1.53673,10.2146,6.96362,10.1879,5.9172,4.22905,6.46753,6.42641,4.60718,6.9507,6.87468,4.95,7.00424,6.21407,4.66726,6.58819,5.72148,4.70496,5.41652,1.60373,1.60373,1.83967,1.83967,1.98565,3.40099,2.28905,1.66919,1.187
2023-11-29,0.07242,10.2146,6.96362,10.1879,5.87994,4.20242,6.42681,6.38595,4.57843,6.90937,7.26799,5.2332,7.40496,6.57901,4.94136,6.9751,6.80707,5.60033,6.44505,1.64791,1.64791,1.44172,1.44172,2.40552,3.40099,2.27473,1.76468,1.25671
2023-11-30,-0.385719,10.2146,6.96362,10.1879,5.80936,4.15198,6.34965,6.30928,4.52363,6.82806,5.90758,4.25366,6.01891,4.78212,3.59175,5.07003,6.50709,5.39948,6.17481,1.69792,1.69792,1.53241,1.53241,2.49461,3.34047,2.23231,1.43437,0.913474
2023-12-01,2.55506,10.2146,6.96362,10.1879,5.74171,4.10363,6.27572,6.23582,4.47068,6.74586,4.23363,3.04835,4.31341,3.42931,2.57569,3.63577,4.38774,3.5338,4.13156,1.7433,1.7433,1.50308,1.50308,1.3875,3.34047,2.20631,1.02793,0.655062
2023-12-02,2.01525,10.2146,6.96362,10.1879,5.76861,4.12285,6.30511,6.26503,4.49064,6.77451,3.02365,2.17713,3.08063,2.20937,1.65941,2.34238,3.63778,2.89344,3.41447,1.70182,1.70182,1.35894,1.35894,1.01434,3.34047,2.21663,0.734148,0.42203
2023-12-03,1.26378,10.2146,6.96362,10.1879,5.75885,4.11588,6.29445,6.25444,4.48405,6.76621,5.04599,3.63328,5.14108,3.04142,2.28435,3.22453,4.52281,3.6056,4.24765,1.60132,1.60132,1.35488,1.35488,1.27381,3.34047,2.2129,1.22518,0.580968
2023-12-04,4.88566,10.2146,6.96362,10.1879,5.71319,4.08325,6.24454,6.20484,4.44831,6.71073,6.81407,4.90636,6.94249,5.58506,4.19483,5.92131,5.64064,4.58871,5.32506,1.66156,1.66156,1.30036,1.30036,1.87633,3.34047,2.19534,1.65447,1.06685
2023-12-05,4.88252,10.2146,6.96362,10.1879,5.98931,4.28058,6.54634,6.50472,4.6637,7.03901,8.48194,6.10729,8.64179,8.86013,6.65467,9.39355,5.53927,4.47927,5.22127,1.83015,1.83015,1.4265,1.4265,1.69917,3.34047,2.30145,2.05944,1.69245
2023-12-06,-0.76105,10.2146,6.96362,10.1879,6.91596,4.92746,7.57379,7.43448,5.21848,8.06688,9.44275,6.7991,9.62071,9.04065,6.79025,9.58495,7.11197,5.83511,6.72891,1.59711,1.59711,1.52512,1.52512,2.50733,3.34047,2.70018,2.29272,1.72693
2023-12-07,-1.04272,10.2146,6.96362,10.1879,6.8099,4.85184,7.45766,7.32048,5.1384,7.94327,6.90752,4.97365,7.0377,6.01792,4.51994,6.38023,6.4183,5.23199,6.06241,1.676,1.676,1.89002,1.89002,2.2306,3.34047,2.65865,1.67716,1.14953
2023-12-08,1.99857,10.2146,6.96362,10.1879,6.71629,4.78509,7.35517,7.21982,5.06772,7.83205,6.22302,4.48078,6.3403,5.2105,3.9135,5.5242,5.01793,4.03736,4.72376,1.70032,1.70032,1.9137,1.9137,1.55713,3.34047,2.62199,1.51096,0.995302
2023-12-09,-1.00263,10.2146,6.96362,10.1879,6.68065,4.75968,7.31614,7.18173,5.04081,7.79875,3.61457,2.60261,3.68269,3.02696,2.27349,3.2092,4.04415,3.23059,3.80009,1.74824,1.74824,1.91438,1.91438,1.16963,3.34047,2.60804,0.877627,0.578206
2023-12-10,0.122761,10.2146,6.96362,10.1879,6.58851,4.69398,7.21525,7.0827,4.97125,7.69146,4.92249,3.54436,5.01526,3.54904,2.66561,3.76271,5.54723,4.48389,5.22823,1.85992,1.85992,2.1844,2.1844,1.74682,3.34047,2.57196,1.19519,0.677933
2023-12-11,-5.96686,10.2146,6.96362,10.1879,6.47799,4.61518,7.09424,6.96408,4.8878,7.56925,6.54818,4.71491,6.67159,5.57199,4.18501,5.90746,6.29904,5.14932,5.95412,1.7812,1.7812,1.94113,1.94113,2.16142,3.33267,2.50047,1.58991,1.06435
2023-12-12,0.499164,10.2146,6.96362,10.1879,7.06733,5.03539,7.73953,7.59749,5.52398,8.29469,9.15505,6.76391,9.39074,10.5466,7.57328,10.8026,7.27667,5.90202,6.86427,2.49656,2.49656,3.1107,3.1107,2.29617,3.34047,2.75945,2.22287,1.92316
2023-12-13,3.41627,10.2146,6.96362,10.1879,6.95103,4.95247,7.61219,7.47251,5.43303,8.15922,7.20321,5.32185,7.38865,6.41931,4.60958,6.57514,8.22722,6.67189,7.76062,2.22629,2.22629,2.38295,2.38295,2.6582,3.34047,2.71391,1.74896,1.17055
2023-12-14,0.310148,10.2146,6.96362,10.1879,7.0514,5.02403,7.72209,7.58034,5.51152,8.2748,7.67887,5.67328,7.87656,7.91794,5.68571,8.11014,8.8323,7.22356,8.34968,2.23718,2.23718,2.03089,2.03089,3.14063,3.34047,2.75322,1.86445,1.44383
2023-12-15,-2.57616,10.2146,6.96362,10.1879,6.93264,4.93936,7.59206,7.45262,5.41864,8.13257,5.95151,4.39708,6.10473,5.3038,3.80855,5.43255,5.70436,4.56915,5.3638,2.28385,2.28385,2.01514,2.01514,1.74279,3.34047,2.70671,1.44504,0.967142
2023-12-16,0.737466,10.2146,6.96362,10.1879,6.94247,4.94636,7.60282,7.46309,5.42632,8.14083,3.97836,2.93928,4.08078,2.74228,1.96918,2.80885,4.35992,3.48892,4.09862,2.17526,2.17526,2.38472,2.38472,1.26257,3.34047,2.71056,0.965955,0.500052
2023-12-17,-2.09434,10.2146,6.96362,10.1879,6.83438,4.86929,7.48446,7.34684,5.34178,8.01151,4.74091,3.50266,4.86296,3.45799,2.48311,3.54193,4.78584,3.84469,4.50349,1.83386,1.83386,1.94175,1.94175,1.41994,3.34047,2.66823,1.1511,0.630561
2023-12-18,2.99796,10.2146,6.96362,10.1879,6.80458,4.84805,7.45184,7.31499,5.3185,7.9834,7.56598,5.58987,7.76076,8.33026,5.98179,8.53247,7.62818,6.22053,7.20589,1.81659,1.81659,2.13618,2.13618,2.53209,3.33267,2.58432,1.83704,1.51901
2023-12-19,-0.831658,10.2146,6.96362,10.1879,6.86167,4.88875,7.51434,7.37626,5.36313,8.04676,8.46186,6.25177,8.6797,9.00339,6.46515,9.22194,6.98602,5.71844,6.60575,1.8088,1.8088,1.91024,1.91024,2.33301,3.33267,2.60588,2.05456,1.64176
2023-12-20,3.21647,10.2146,6.96362,10.1879,6.75904,4.81558,7.40198,7.26599,5.28288,7.92796,7.25305,5.35868,7.43978,6.91978,4.96895,7.08775,7.26253,5.95804,6.87118,1.75424,1.75424,1.98637,1.98637,2.47044,3.32759,2.53678,1.76106,1.26181
2023-12-21,0.495656,10.2146,6.96362,10.1879,6.84416,4.87626,7.49517,7.35742,5.34944,8.02555,6.94776,5.13313,7.12663,7.69691,5.527,7.88375,8.4152,6.94583,7.97439,1.8014,1.8014,1.66557,1.66557,3.09634,3.32759,2.55253,1.68693,1.40352
2023-12-22,0.293058,10.2146,6.96362,10.1879,6.73258,4.7967,7.373,7.23784,5.2622,7.90816,4.89336,3.6153,5.01934,5.54029,3.97837,5.67478,6.51182,5.21511,6.12281,1.6726,1.6726,1.66997,1.66997,1.97785,3.32759,2.55735,1.18812,1.01027
2023-12-23,-0.588939,10.2146,6.96362,10.1879,6.62034,4.71668,7.25011,7.11711,5.17443,7.77317,2.48219,1.83388,2.54609,1.8591,1.33498,1.90423,4.34508,3.45743,4.07879,1.49403,1.49403,1.57609,1.57609,1.20767,3.32759,2.51197,0.60268,0.339004
2023-12-24,-1.66777,10.2146,6.96362,10.1879,6.5162,4.64242,7.13608,7.00507,5.09298,7.64673,3.39481,2.50814,3.48221,2.80423,2.01366,2.8723,5.08191,4.09993,4.78732,1.59862,1.59862,1.64872,1.64872,1.55123,3.32759,2.46793,0.824267,0.511347
2023-12-25,1.37837,10.2146,6.96362,10.1879,6.4645,4.60556,7.07947,6.9495,5.05255,7.58628,6.42344,4.74575,6.58881,7.224,5.18741,7.39936,7.35118,6.01554,6.95049,1.70642,1.70642,1.7286,1.7286,2.46111,3.32759,2.4485,1.55963,1.31729
2023-12-26,-2.53745,10.2146,6.96362,10.1879,6.44699,4.57743,7.07933,6.90715,5.03293,7.53314,6.85794,5.06676,7.03449,6.92645,4.97374,7.09458,7.24025,5.94679,6.85221,1.77791,1.77791,1.56549,1.56549,2.48405,3.32759,2.43434,1.66512,1.26303
2023-12-27,2.14624,10.2146,6.96362,10.1879,6.47479,4.59718,7.10986,6.93681,5.05464,7.56113,7.66256,5.66123,7.85983,7.49628,5.38292,7.67824,8.09619,6.6461,7.66116,1.93957,1.93957,1.81442,1.81442,2.80791,3.32759,2.46006,1.86049,1.36694
2023-12-28,-1.89385,10.2146,6.96362,10.1879,6.4613,4.58759,7.09504,6.92224,5.04409,7.54089,6.43839,4.75679,6.60414,6.76707,4.85929,6.93133,9.03211,7.46059,8.56066,1.83959,1.83959,1.68673,1.68673,3.33537,3.32759,2.4547,1.56326,1.23397
2023-12-29,-1.24743,10.2146,6.96362,10.1879,6.42883,4.56452,7.05939,6.88734,5.01873,7.49855,5.72689,4.23112,5.87432,5.88016,4.22242,6.02289,5.80486,4.70319,5.47436,1.78207,1.78207,1.9489,1.9489,1.88728,3.32759,2.44211,1.3905,1.07224
2023-12-30,0.136484,10.2146,6.96362,10.1879,6.35433,4.5116,6.9776,6.80754,4.96054,7.41166,2.98245,2.14746,3.05563,2.15618,1.54831,2.20852,3.99216,3.1975,3.75376,1.65809,1.65809,2.16606,2.16606,1.18619,3.32759,2.41373,0.724146,0.393176
2023-12-31,0.256531,10.2146,6.96362,10.1879,6.24824,4.43622,6.86112,6.69381,4.87768,7.28523,2.87946,2.07331,2.95011,2.97529,2.1365,3.04752,4.08705,3.28919,3.84769,1.67109,1.67109,2.13918,2.13918,1.24296,3.32759,2.37318,0.699139,0.542541
2024-01-01,4.40217,10.2146,6.96362,10.1879,6.14548,4.3632,6.7483,6.58361,4.79741,7.1609,4.96779,3.57698,5.08969,7.0179,5.03941,7.18825,6.72893,5.50327,6.36123,1.61174,1.61174,2.15749,2.15749,2.30158,3.32759,2.33381,1.20619,1.27971
2024-01-02,1.77427,10.2146,6.96362,10.1879,6.45847,4.58558,7.09194,6.91877,5.04186,7.52145,8.80573,6.34043,9.02181,9.36343,6.72369,9.59072,7.17572,5.89741,6.79223,1.76765,1.76765,2.31798,2.31798,2.47784,3.32759,2.45279,2.13805,1.70741
2024-01-03,-4.8065,10.2146,6.96362,10.1879,6.41525,4.55488,7.04448,6.87254,5.0081,7.47373,8.77559,6.31872,8.99093,8.15272,5.85431,8.35063,7.98112,6.64461,7.58017,1.81047,1.81047,2.32497,2.32497,2.99653,3.30587,2.38965,2.13073,1.48664
2024-01-04,3.06074,10.2146,6.96362,10.1879,6.78417,4.817,7.44953,7.26782,5.29625,7.90702,9.06052,6.52388,9.28284,8.57921,6.16055,8.78746,9.27252,7.64622,8.78463,2.30576,2.30576,2.9853,2.9853,3.36986,3.32759,2.57716,2.19991,1.56441
2024-01-05,-0.0390074,10.2146,6.96362,10.1879,6.85331,4.86612,7.52544,7.34171,5.35024,7.98146,7.87957,5.67356,8.07292,7.80913,5.60758,7.9987,6.26383,5.09639,5.9136,2.24805,2.24805,2.39055,2.39055,2.06839,3.32759,2.60317,1.91318,1.42399
2024-01-06,-0.393634,10.2146,6.96362,10.1879,6.73598,4.78275,7.39662,7.21598,5.25859,7.84322,3.18181,2.29101,3.25989,1.19429,0.857592,1.22328,4.19598,3.36271,3.946,2.27238,2.27238,2.42037,2.42037,1.19662,3.32759,2.5584,0.772551,0.217777
2024-01-07,-0.104846,10.2146,6.96362,10.1879,6.62447,4.70353,7.27419,7.09637,5.17149,7.70768,4.27046,3.07488,4.37525,3.81524,2.73964,3.90785,4.61656,3.72466,4.34899,2.20207,2.20207,2.25213,2.25213,1.37765,3.32759,2.51562,1.03688,0.695704
2024-01-08,6.66242,10.2146,6.96362,10.1879,6.51236,4.62387,7.1511,6.97612,5.08392,7.57146,6.82379,4.91336,6.99123,7.96167,5.71711,8.15493,8.25944,6.71894,7.79729,2.05368,2.05368,2.10524,2.10524,2.7082,3.32759,2.47261,1.65683,1.4518
2024-01-09,-1.78454,10.2146,6.96362,10.1879,7.27259,5.16402,7.98578,7.79093,5.67772,8.47322,10.1189,7.28594,10.3672,11.714,8.41159,11.9984,8.56541,7.0758,8.11853,2.32246,2.32246,2.45163,2.45163,3.0323,3.32759,2.76303,2.45689,2.13604
2024-01-10,1.05221,10.2146,6.96362,10.1879,7.20654,5.11709,7.91326,7.71997,5.62611,8.38899,9.0496,6.51602,9.27166,9.01557,6.4739,9.23442,8.99553,7.39778,8.51621,2.09093,2.09093,2.21921,2.21921,3.11303,3.32759,2.73748,2.19726,1.64398
2024-01-11,-0.557429,10.2146,6.96362,10.1879,7.10207,5.04286,7.79856,7.60785,5.54451,8.25999,7.87876,5.67298,8.07209,7.92584,5.69139,8.11823,8.25908,6.76867,7.81196,1.88294,1.88294,2.01414,2.01414,2.85403,3.32759,2.69729,1.91298,1.44527
2024-01-12,-7.88426,10.2146,6.96362,10.1879,6.98551,4.96004,7.67059,7.48296,5.45347,8.12323,6.03914,4.34838,6.18732,6.37223,4.57577,6.52691,5.47605,4.4115,5.15668,1.79631,1.79631,2.01826,2.01826,1.72213,3.32759,2.65285,1.46632,1.16197
2024-01-13,-0.0251693,10.2146,7.00844,10.2233,7.99362,5.6763,8.77741,9.03046,6.25122,9.39794,4.99876,3.66082,5.18889,3.86699,2.79599,3.94861,5.80131,4.69297,5.46881,2.30167,2.30167,2.86962,2.86962,1.79409,3.33267,3.08321,1.20308,0.689537
2024-01-14,-2.47208,10.2146,6.96362,10.1974,7.85181,5.57555,8.62172,8.87173,6.13015,9.21514,5.12087,3.6872,5.28694,4.24481,2.98066,4.30296,6.92564,5.62845,6.53648,1.98062,1.98062,2.39453,2.39453,2.17663,3.32759,2.98491,1.24336,0.756908
2024-01-15,1.69785,10.2146,6.96362,10.1974,7.38093,5.23719,8.10934,8.65706,5.62357,8.61755,9.16013,6.59561,9.45719,11.9292,8.37653,12.0926,9.35597,7.7446,8.87256,2.00389,2.00389,2.51131,2.51131,3.42031,3.32759,2.78763,2.2241,2.12713
2024-01-16,1.50114,10.2146,6.96362,10.1974,7.32297,5.19603,8.04566,8.58909,5.57927,8.54638,9.60915,6.91892,9.92077,9.71639,6.82275,9.84949,8.68115,7.18917,8.23355,2.11665,2.11665,2.28252,2.28252,3.15569,3.32759,2.76517,2.33313,1.73257
2024-01-17,-0.959968,10.2146,6.96362,10.1974,7.25785,5.1498,7.97412,8.51272,5.53004,8.47595,9.07113,6.53152,9.3653,9.01827,6.33253,9.14181,8.84882,7.36049,8.40232,1.98676,1.98676,2.02959,2.02959,3.29216,3.30587,2.733,2.20249,1.60808
2024-01-18,-3.52539,10.2146,6.96362,10.1974,7.17676,5.09223,7.88504,8.41763,5.49615,8.3848,7.93901,5.71636,8.19647,8.39364,5.89393,8.50862,7.98664,6.53013,7.54968,1.94943,1.94943,1.99142,1.99142,2.71988,3.29297,2.69978,1.92761,1.4967
2024-01-19,0.859916,10.2146,6.96362,10.1974,7.25265,5.14611,7.96841,8.50663,5.52584,8.46923,7.95777,5.72986,8.21583,7.56476,5.31189,7.66838,6.2525,5.1066,5.90873,2.13492,2.13492,2.53523,2.53523,2.12265,3.30587,2.73092,1.93217,1.3489
2024-01-20,0.113293,10.2146,6.96362,10.1974,7.16868,5.08649,7.87616,8.40816,5.46174,8.36862,4.14367,2.98358,4.27804,2.14151,1.50375,2.17085,4.60196,3.73453,4.34173,1.89662,1.89662,1.99891,1.99891,1.47017,3.30587,2.69876,1.00609,0.381861
2024-01-21,-0.287945,10.2146,6.96362,10.1974,7.07638,5.02096,7.77477,8.29993,5.39131,8.25844,5.50769,3.96572,5.6863,3.96748,2.78592,4.02183,5.96255,4.86801,5.63419,1.84049,1.84049,2.3251,2.3251,1.94453,3.30587,2.66348,1.33728,0.707455
2024-01-22,-5.03088,10.2146,6.96362,10.1974,6.98655,4.95719,7.67609,8.19459,5.35205,8.21609,8.2925,5.97088,8.56143,8.94838,6.28346,9.07096,7.68827,6.3225,7.27854,1.88488,1.88488,2.14312,2.14312,2.69183,3.30587,2.63745,2.01344,1.59562
2024-01-23,0.852355,10.2146,6.96362,10.1974,7.24402,5.13998,7.95893,8.49651,5.54937,8.51267,9.66857,6.9617,9.98212,10.2234,7.17877,10.3635,8.52975,7.15779,8.11816,2.26339,2.26339,2.89067,2.89067,3.32206,3.32759,2.74133,2.34755,1.82297
2024-01-24,0.579367,10.2146,6.96362,10.1974,7.16002,5.08034,7.86665,8.398,5.48499,8.40569,8.82211,6.35222,9.10821,7.95297,5.58449,8.06191,9.55475,7.84227,9.04101,1.88489,1.88489,2.5072,2.5072,3.29897,3.32759,2.70871,2.14203,1.41812
2024-01-25,-0.358115,10.2146,6.96362,10.1974,7.07212,5.01794,7.7701,8.29494,5.41763,8.29907,8.10504,5.8359,8.36788,7.75055,5.44235,7.85672,8.56185,7.02746,8.10153,1.95192,1.95192,2.56556,2.56556,2.9871,3.32759,2.67506,1.96792,1.38203
2024-01-26,4.60766,10.2146,6.96362,10.1974,6.98301,4.95468,7.6722,8.19044,5.34934,8.24004,6.34735,4.57031,6.5532,6.20127,4.35447,6.28622,6.03408,4.90159,5.69434,2.10133,2.10133,2.25812,2.25812,1.97198,3.32759,2.64524,1.54115,1.10577
2024-01-27,0.722411,10.2146,6.96362,10.1974,7.18335,5.09691,7.89229,8.42537,5.50288,8.46562,3.81609,2.74772,3.93985,2.805,1.96964,2.84343,5.69613,4.67463,5.38968,2.25071,2.25071,2.37289,2.37289,1.92983,3.32759,2.72043,0.926557,0.50017
2024-01-28,-0.200728,10.2146,6.96362,10.1974,7.09759,5.03602,7.79807,8.3248,5.43715,8.3593,5.59466,4.02835,5.77609,3.54307,2.4879,3.5916,5.65386,4.60271,5.33852,2.12554,2.12554,2.40221,2.40221,1.80572,3.32759,2.68742,1.3584,0.631777
2024-01-29,2.93644,10.2146,6.96362,10.1974,7.00683,4.97159,7.69837,8.21837,5.36759,8.24356,8.06996,5.81064,8.33166,8.46559,5.94445,8.58156,8.09845,6.63982,7.66086,1.9598,1.9598,2.33601,2.33601,2.74744,3.32759,2.6522,1.9594,1.50953
2024-01-30,-0.778375,10.2146,6.9446,10.196,7.03534,4.99183,7.72969,8.2518,5.36243,8.29044,8.83072,6.35842,9.1171,9.60906,6.74738,9.74069,7.76514,6.42478,7.36303,2.0192,2.0192,2.45616,2.45616,2.76896,3.30587,2.66093,2.14412,1.71343
2024-01-31,-0.86515,10.2146,6.9446,10.196,6.95355,4.93376,7.63984,8.15589,5.30105,8.23433,8.63385,6.21667,8.91384,7.6114,5.34464,7.71566,8.8076,7.28842,8.35185,1.99468,1.99468,2.20823,2.20823,3.15733,3.30587,2.63532,2.09632,1.35722
2024-02-01,1.15149,10.2146,6.9446,10.196,6.87512,4.87807,7.55368,8.06392,5.24109,8.13572,8.38916,6.04048,8.66121,7.55042,5.30183,7.65385,9.03773,7.58702,8.60251,2.16274,2.16274,2.40914,2.40914,3.66141,3.30587,2.60479,2.03691,1.34634
2024-02-02,0.255235,10.2146,6.9446,10.196,6.80558,4.82871,7.47729,7.98238,5.18791,8.04725,7.13044,5.13416,7.36167,6.41899,4.50735,6.50692,6.61027,5.42989,6.25616,1.92248,1.92248,1.95757,1.95757,2.35099,3.30587,2.57757,1.73129,1.14459
2024-02-03,-0.449326,10.2146,6.9446,10.196,6.71946,4.76757,7.38268,7.88139,5.12216,7.94247,3.32236,2.39221,3.4301,1.03682,0.728043,1.05102,3.78594,3.08726,3.57634,1.83297,1.83297,1.90875,1.90875,1.24816,3.30587,2.54448,0.806676,0.184879
2024-02-04,-0.955106,10.2146,6.9446,10.196,6.55873,4.60847,7.25938,7.89128,4.96267,7.70703,5.09411,3.66793,5.25931,3.66436,2.57307,3.71455,5.18764,4.22192,4.89792,1.65558,1.65558,1.84625,1.84625,1.67215,3.30587,2.45815,1.23686,0.653405
2024-02-05,0.176164,10.2146,6.9446,10.196,6.50363,4.5697,7.19841,7.82501,4.92093,7.64921,8.02874,5.78096,8.28911,8.63051,6.06025,8.74874,8.04733,6.655,7.62963,1.62889,1.62889,1.74697,1.74697,2.935,3.29297,2.42889,1.9494,1.53894
2024-02-06,0.993685,10.2146,6.9446,10.196,6.4385,4.52388,7.12634,7.74668,4.87161,7.56669,7.84352,5.6476,8.09788,5.73234,4.02519,5.81086,6.94987,5.75018,6.58996,1.58727,1.58727,1.76877,1.76877,2.48264,3.29297,2.40437,1.90443,1.02215
2024-02-07,2.82287,9.81479,6.6938,9.90186,6.38506,4.48629,7.06721,6.81697,4.97863,7.36498,8.36092,5.89416,8.54481,6.84456,4.90748,7.00185,8.19667,6.85198,7.79327,1.62975,1.62975,1.72786,1.72786,3.13242,3.29158,2.39118,2.03248,1.2481
2024-02-08,2.19456,9.81479,6.6938,9.90186,6.41389,4.50657,7.09911,6.84775,4.99178,7.3911,8.37579,5.90464,8.56,8.45991,6.06567,8.65432,9.02149,7.57492,8.58752,1.60391,1.60391,1.84368,1.84368,3.64002,3.29158,2.40188,2.03609,1.54265
2024-02-09,3.9933,9.81479,6.6938,9.90186,6.40535,4.50057,7.08967,6.83864,4.98511,7.37322,6.86812,4.84178,7.01917,6.26501,4.49195,6.40898,6.54428,5.33649,6.18194,1.42794,1.42794,1.84917,1.84917,2.20716,3.29158,2.3985,1.66959,1.14242
2024-02-10,1.31499,9.81479,6.6938,9.90186,6.52572,4.58524,7.22285,6.96712,5.07889,7.53736,3.99815,2.81855,4.08608,3.22523,2.29411,3.28665,3.71791,3.01796,3.50793,1.63015,1.63015,1.62338,1.62338,1.17769,3.23161,2.44362,0.971919,0.588117
2024-02-11,1.0881,9.81479,6.6938,9.90186,6.47956,4.55277,7.17178,6.91786,5.04293,7.47578,5.54442,3.90862,5.66636,4.52935,3.22173,4.6156,5.25291,4.31455,4.9714,1.70854,1.70854,1.48388,1.48388,1.76374,3.23161,2.42407,1.34781,0.825921
2024-02-12,3.38815,9.81479,6.6938,9.90186,6.42782,4.51637,7.11453,6.86263,4.86352,7.43952,8.15525,5.74917,8.33461,9.4936,6.75281,9.67438,8.08513,6.68556,7.66526,1.8309,1.8309,1.54461,1.54461,2.93074,3.21878,2.40301,1.98248,1.73115
2024-02-13,-0.432863,9.81479,6.6938,9.90186,6.49606,4.56437,7.19003,6.93547,4.9152,7.51255,9.34654,6.58898,9.5521,10.0023,7.11468,10.1928,7.31378,6.10202,6.95025,1.84802,1.84802,1.46695,1.46695,2.75873,3.21878,2.42855,2.27207,1.82391
2024-02-14,4.10469,9.72904,6.63463,9.57693,6.43311,4.52009,7.12038,6.85968,4.9806,7.25485,8.60853,6.05663,8.70209,7.44338,5.45763,7.81021,8.01861,6.67875,7.61665,1.70275,1.70275,1.62603,1.62603,3.00972,3.19447,2.40762,2.09267,1.42182
2024-02-15,0.215603,9.72904,6.63463,9.57693,6.56266,4.61123,7.26373,7.20656,5.10766,7.45975,8.70906,6.12737,8.80372,10.7409,7.87542,11.2702,8.45811,7.08383,8.04582,1.89122,1.89122,1.5781,1.5781,3.41021,3.19447,2.45748,2.11711,2.05171
2024-02-16,0.42584,9.72904,6.57616,9.4857,6.49699,4.56503,7.19106,6.93157,5.05651,7.34402,7.5234,5.29318,7.60517,6.27625,4.60186,6.58555,4.80845,3.93027,4.54499,1.881,1.881,1.59129,1.59129,1.66385,3.18047,2.43311,1.82888,1.19888
2024-02-17,-0.957804,9.72904,6.57616,9.4857,6.43359,4.52043,7.12091,6.86372,5.00712,7.26666,3.43233,2.41486,3.46964,2.00092,1.46711,2.09953,2.93806,2.34655,2.76061,1.9586,1.9586,1.60961,1.60961,0.848595,3.18047,2.40923,0.834374,0.382214
2024-02-18,0.885582,9.72904,6.47719,9.4425,6.38024,4.4829,7.06188,6.80822,4.8275,7.18432,5.39808,3.79788,5.45675,3.77229,2.76592,3.9582,5.17996,4.2448,4.89941,1.90044,1.90044,1.95359,1.95359,1.75427,3.16766,2.375,1.31223,0.720578
2024-02-19,-0.661015,9.72904,6.47719,9.4425,6.32523,4.4442,7.00101,6.75282,4.89704,7.17425,8.31786,5.85213,8.40827,8.54601,6.26609,8.96717,7.69859,6.34157,7.29149,1.88745,1.88745,1.81964,1.81964,2.72085,3.16766,2.3688,2.02201,1.63245
2024-02-20,0.971966,9.72904,6.47719,9.4425,6.26748,4.40358,6.93711,6.69091,4.82222,7.1045,8.44699,5.94298,8.5388,7.40756,5.43136,7.77262,7.02879,5.81189,6.66372,1.95284,1.95284,2.12523,2.12523,2.52011,3.16766,2.34705,2.0534,1.41498
2024-02-21,-0.856086,9.72904,6.47719,9.4425,6.21588,4.36727,6.88001,6.63573,4.76986,7.04424,8.32771,5.85906,8.41822,7.07946,5.19079,7.42835,8.27333,6.88863,7.85792,2.06548,2.06548,1.93898,1.93898,3.11284,3.16766,2.32762,2.0244,1.35231
2024-02-22,-1.03585,9.72904,6.47719,9.4425,6.16323,4.33024,6.82175,6.57942,4.71585,6.98267,7.83212,5.51038,7.91724,6.79481,4.98208,7.12967,7.36298,6.06083,6.97233,2.09991,2.09991,1.97355,1.97355,2.65501,3.16766,2.3078,1.90393,1.29793
2024-02-23,-1.12318,9.72904,6.44326,9.40575,6.11556,4.2967,6.76901,6.52944,4.62817,6.9109,6.84908,4.81875,6.92352,5.69391,4.17488,5.97452,3.61349,2.86854,3.39001,2.19984,2.19984,2.14182,2.14182,1.02407,3.14796,2.28997,1.66496,1.08764
2024-02-24,1.64056,9.72904,6.44326,9.40575,5.93693,4.20348,6.52502,6.3977,4.6184,6.79345,3.56917,2.51113,3.60797,2.26226,1.65873,2.37375,2.86056,2.25622,2.67926,2.25384,2.25384,2.07836,2.07836,0.738417,3.14796,2.20489,0.867639,0.432134
2024-02-25,0.313895,9.72904,6.44326,9.40575,5.90583,4.1814,6.49087,6.36421,4.59416,6.75801,5.76172,4.05373,5.82435,4.07531,2.98809,4.27615,4.62109,3.74083,4.35701,2.04497,2.04497,1.89274,1.89274,1.44033,3.14796,2.1932,1.40063,0.77846
2024-02-26,5.25112,9.72904,6.44326,9.40575,5.84007,4.1347,6.41864,6.29382,4.5429,6.68859,8.18088,5.75576,8.2698,7.15997,5.24982,7.51282,6.90197,5.64274,6.5242,1.95526,1.95526,1.80466,1.80466,2.31159,3.14796,2.16848,1.98871,1.36769
2024-02-27,4.59363,9.72904,6.44326,9.40575,6.15319,4.35706,6.76255,6.63083,4.78698,7.04343,9.30053,6.5435,9.40162,8.94405,6.55795,9.38483,6.59307,5.40593,6.23693,2.07457,2.07457,1.80595,1.80595,2.23539,3.14796,2.2862,2.26089,1.70848
2024-02-28,9.06953,9.72904,6.44326,9.40575,6.36066,4.50439,6.99042,6.85412,4.94871,7.27855,9.67322,6.80571,9.77836,9.74042,7.14186,10.2204,7.52977,6.21046,7.13398,2.0948,2.0948,1.77968,1.77968,2.66145,3.14796,2.3642,2.35149,1.8606
2024-02-29,-2.11224,9.72904,6.44326,9.40575,7.28927,5.16384,8.01035,7.85459,5.67259,8.34419,11.6934,8.22706,11.8205,12.8701,9.43662,13.5044,9.02697,7.45757,8.55615,1.93562,1.93562,1.55274,1.55274,3.36963,3.14796,2.71332,2.84259,2.45843
2024-03-01,2.00955,9.72904,6.44326,9.40575,7.25844,5.14195,7.97648,7.83361,5.64855,8.32919,8.85755,6.23184,8.95382,7.94723,5.82706,8.33888,5.72302,4.64435,5.39942,2.01588,2.01588,2.18585,2.18585,1.85308,3.13841,2.69332,2.1532,1.51807
2024-03-02,-0.660057,9.72904,6.44326,9.40575,7.21919,5.11407,7.93337,7.79455,5.61796,8.28817,4.53738,3.19233,4.5867,2.84827,2.0884,2.98863,4.13122,3.33287,3.89171,1.99163,1.99163,1.75124,1.75124,1.25478,3.13121,2.65688,1.103,0.544072
2024-03-03,1.81722,9.72904,6.44326,9.40575,7.1414,5.05883,7.84793,7.70565,5.55731,8.19294,5.96866,4.19932,6.03353,4.61583,3.38441,4.8433,6.61763,5.39964,6.25224,1.85616,1.85616,1.95315,1.95315,2.19352,3.13121,2.62796,1.45094,0.881708
2024-03-04,7.85671,9.72904,6.40943,9.39812,7.0959,5.02652,7.79795,7.67949,5.44143,8.14282,9.81075,6.90247,9.91739,10.2364,7.50555,10.7409,8.14259,6.7141,7.71405,1.87449,1.87449,1.94528,1.94528,2.95905,3.12757,2.59204,2.38492,1.95535
2024-03-05,-6.8583,9.72904,6.40943,9.39812,7.70624,5.45995,8.46831,8.33198,5.90918,8.83713,12.1255,8.53103,12.2573,13.291,9.74521,13.946,7.93482,6.53847,7.51591,2.05374,2.05374,1.7485,1.7485,2.76614,3.12757,2.81735,2.94761,2.53883
2024-03-06,3.54997,9.72904,6.44326,9.41475,8.122,5.7552,8.92496,8.86572,6.32172,9.41498,13.7244,9.65598,13.8736,16.3026,11.9534,17.1061,12.2332,9.98384,11.5584,2.54139,2.54139,3.14266,3.14266,3.99064,3.13121,2.99257,3.3363,3.1141
2024-03-07,1.23082,9.72904,6.44326,9.41475,8.15398,5.77791,8.96009,8.89587,6.34666,9.44806,11.2838,7.93886,11.4065,12.5821,9.22542,13.2021,11.5499,9.41022,10.908,2.44303,2.44303,2.18555,2.18555,3.82839,3.13121,3.00446,2.74301,2.40341
2024-03-08,2.03314,9.72904,6.44326,9.41475,8.07324,5.72057,8.8714,8.80302,6.28371,9.3506,8.83822,6.21824,8.93428,8.23418,6.03745,8.63997,7.58391,6.13888,7.1504,2.29595,2.29595,1.88652,1.88652,2.40525,3.13121,2.97444,2.1485,1.57288
2024-03-09,0.290625,9.72904,6.44326,9.41475,8.02023,5.68293,8.81319,8.75839,6.24239,9.30022,5.36695,3.77598,5.42528,3.89138,2.85323,4.08315,5.49998,4.46942,5.19081,2.27976,2.27976,1.70538,1.70538,1.71534,3.12757,2.93326,1.30466,0.743326
2024-03-10,0.757581,9.72904,6.44326,9.41475,7.92721,5.61687,8.71101,8.72664,6.16988,9.2569,6.79739,4.78238,6.87127,5.3218,3.90205,5.58407,7.87502,6.44878,7.44714,2.23241,2.23241,1.82744,1.82744,2.57678,3.12757,2.92014,1.65239,1.01656
2024-03-11,4.39923,9.72904,6.44326,9.41475,7.84014,5.55504,8.61538,8.63022,6.10201,9.15468,9.78744,6.88607,9.89382,12.5723,9.21826,13.1919,8.9576,7.49691,8.5194,1.91123,1.91123,1.59341,1.59341,3.48803,3.12757,2.88777,2.37925,2.40155
2024-03-12,-0.894976,9.72904,6.44326,9.41475,7.95056,5.63345,8.73666,8.74346,6.18808,9.27529,11.1821,7.8673,11.3036,13.634,9.99669,14.3059,7.74701,6.34025,7.32498,1.94823,1.94823,1.72142,1.72142,2.54308,3.12757,2.92883,2.71828,2.60434
2024-03-13,2.21669,9.72904,6.44326,9.41475,7.86712,5.5742,8.64502,8.66976,6.15019,9.19623,10.463,7.36137,10.5767,10.4368,7.65246,10.9511,8.29774,6.84914,7.86316,1.97349,1.97349,1.81033,1.81033,2.87198,3.11894,2.87674,2.54347,1.99362
2024-03-14,-2.33525,9.72904,6.44326,9.41475,7.82593,5.54495,8.59978,8.61684,6.09093,9.14038,9.77853,6.8798,9.88481,10.3835,7.61337,10.8952,9.13057,7.58929,8.66818,2.20419,2.20419,1.62017,1.62017,3.39965,3.11894,2.86153,2.37709,1.98344
2024-03-15,-2.83089,9.72904,6.44326,9.41475,8.22997,5.7884,9.09196,8.94698,6.26491,9.45682,8.89941,6.26129,8.99613,8.07103,5.91783,8.46879,7.5974,6.22542,7.1858,2.27439,2.27439,2.26461,2.26461,2.64811,3.11218,2.9376,2.16338,1.54172
2024-03-16,-6.07177,9.72904,6.44326,9.41475,8.22297,5.78346,9.08423,8.93407,6.25955,9.43835,4.83555,3.40211,4.8881,2.93494,2.15196,3.07958,5.93981,4.84738,5.61208,2.21912,2.21912,2.27585,2.27585,1.92937,3.11218,2.93435,1.17548,0.560629
2024-03-17,4.60122,9.72904,6.44326,9.41475,8.58261,6.0372,9.48126,9.318,6.53393,9.83826,8.76799,6.17375,9.04576,8.54579,6.07864,8.99194,7.20524,5.91753,6.81892,2.5893,2.5893,3.00275,3.00275,2.41279,3.11894,3.06606,2.12889,1.55831
2024-03-18,-1.23885,9.13644,6.40943,9.19436,8.71446,6.13023,9.62682,9.56652,6.53722,9.80833,12.8146,9.00512,13.1383,17.7617,12.4321,18.5275,9.21897,7.61362,8.73737,2.54194,2.54194,2.33803,2.33803,3.27261,3.11218,3.15543,3.11142,3.23883
2024-03-19,-8.71207,9.13644,6.40943,9.19436,8.61226,6.05812,9.51399,9.45321,6.46032,9.69226,10.7824,7.57704,11.0547,12.1892,8.53173,12.7148,8.49173,7.02982,8.05316,2.37024,2.37024,2.58351,2.58351,3.0616,3.11218,3.11796,2.61799,2.22269
2024-03-20,9.25109,9.13644,6.44326,9.28514,9.39703,6.6118,10.3804,10.3167,7.15576,10.6713,13.6943,9.64248,14.0973,18.6541,13.2677,19.4611,11.4764,9.62471,10.9209,3.08035,3.08035,3.94286,3.94286,4.36861,3.11894,3.43063,3.32501,3.40156
2024-03-21,-3.63187,9.13644,6.44326,9.28514,10.1778,7.16266,11.2423,11.17,7.75151,11.5541,15.2368,10.7286,15.6852,19.1328,13.6081,19.9604,12.5559,10.5572,11.9563,2.92099,2.92099,3.21496,3.21496,5.00141,3.11894,3.71889,3.69954,3.48884
2024-03-22,-2.64984,8.72223,6.40943,9.17762,10.1729,7.15921,11.2369,10.8487,7.63746,11.3997,11.3966,8.00863,11.716,13.037,9.12627,13.6009,9.67277,7.95355,9.157,2.39616,2.39616,2.85963,2.85963,3.39955,3.11894,3.69007,2.76711,2.37728
2024-03-23,0.443426,8.72223,6.40943,9.17762,10.1028,7.10975,11.1595,10.7739,7.58445,11.3204,6.83293,4.80165,7.02443,6.59262,4.61503,6.87781,5.77826,4.73878,5.46642,2.26088,2.26088,2.9477,2.9477,1.95028,3.11894,3.66437,1.65905,1.20216
2024-03-24,4.83271,8.72223,6.40943,9.17762,9.95844,7.00789,11.0001,10.6205,7.47817,11.1658,7.495,5.2669,7.70506,6.44376,4.51082,6.72251,5.89713,4.8521,5.58362,2.17007,2.17007,2.79263,2.79263,2.00463,3.11894,3.63791,1.8198,1.17501
2024-03-25,3.97251,8.72223,6.40943,9.17762,10.0563,7.0769,11.1081,10.7247,7.55134,11.2741,13.5121,9.49525,13.8908,18.1742,12.7225,18.9604,10.0294,8.38325,9.53558,2.04039,2.04039,2.45606,2.45606,3.81966,3.11894,3.67402,3.28077,3.31404
2024-03-26,0.0414806,8.72223,6.40943,9.17762,10.0724,7.08827,11.1259,10.7419,7.5639,11.2935,13.346,9.37855,13.7201,16.3711,11.4602,17.0793,9.41358,7.87072,8.95073,2.00484,2.00484,2.21154,2.21154,3.51566,3.11894,3.67997,3.24044,2.98525
2024-03-27,-0.763753,8.72223,6.40943,9.17762,9.92696,6.98568,10.9654,10.5869,7.45437,11.1302,10.9613,7.70278,11.2685,11.9683,8.37814,12.486,9.64479,8.17374,9.20348,1.92728,1.92728,2.11476,2.11476,3.92111,3.11894,3.62629,2.66144,2.1824
2024-03-28,1.83972,8.72223,6.40943,9.17762,9.79127,6.88995,10.8156,10.4424,7.35289,10.9801,9.98945,7.01981,10.2694,9.31921,6.52372,9.72235,11.4168,9.57727,10.8649,1.83457,1.83457,2.48391,2.48391,4.55151,3.11218,3.55019,2.42546,1.69935
2024-03-29,-1.21181,8.72223,6.40943,9.17762,9.68493,6.81492,10.6982,10.3289,7.27246,10.8596,8.59319,6.03863,8.83403,8.00242,5.60193,8.34859,7.13462,5.85331,6.75023,1.83793,1.83793,1.9997,1.9997,2.47783,3.11218,3.51121,2.08645,1.45923
2024-03-30,-0.354775,8.72223,6.40943,9.17762,9.56377,6.72944,10.5644,10.1997,7.18111,10.7233,4.54198,3.19175,4.66927,2.91956,2.04378,3.04586,4.39734,3.59468,4.15654,1.95066,1.95066,2.08968,2.08968,1.46819,3.11218,3.4668,1.1028,0.532379
2024-03-31,2.39528,8.72223,6.40943,9.17762,9.42868,6.63413,10.4153,10.0556,7.07917,10.5711,6.73678,4.73409,6.92559,4.76591,3.33628,4.97208,7.94519,6.48368,7.50674,1.9029,1.9029,1.73813,1.73813,2.60157,3.11218,3.41727,1.63571,0.869059
2024-04-01,-2.3137,8.72223,6.40943,9.17762,9.35539,6.58242,10.3344,9.97768,7.02479,10.4913,10.9327,7.68262,11.2391,12.7762,8.94372,13.3289,10.2444,8.438,9.70246,1.94057,1.94057,1.63455,1.63455,3.62631,3.10092,3.359,2.65447,2.32972
2024-04-02,-6.29908,8.72223,6.40943,9.17762,9.286,6.53346,10.2578,9.90362,6.9722,10.4124,10.785,7.57886,11.0873,10.559,7.39158,11.0157,9.84371,8.1278,9.32894,1.92952,1.92952,1.95252,1.95252,3.48893,3.10092,3.33379,2.61862,1.92541
2024-04-03,0.812366,8.72223,6.40943,9.17762,9.60771,6.76044,10.6129,10.2465,7.21376,10.7713,12.461,8.75661,12.8102,14.6745,10.2726,15.3093,11.668,9.61076,11.0508,2.57133,2.57133,3.12957,3.12957,4.05123,3.11218,3.4829,3.02555,2.67588
2024-04-04,3.75989,8.72223,6.40943,9.17762,10.2111,7.15018,11.3273,10.247,7.53928,11.1621,9.98812,7.01888,10.2681,9.75853,6.83126,10.1807,10.899,9.18735,10.3855,2.16077,2.16077,2.71171,2.71171,4.4693,3.11218,3.62954,2.42514,1.77946
2024-04-05,-0.984557,8.72223,6.40943,9.17762,10.2244,7.15951,11.342,10.2604,7.54912,11.1766,9.09856,6.39376,9.35356,9.18852,6.43224,9.58601,7.67031,6.39557,7.28788,2.27695,2.27695,2.73937,2.73937,2.97259,3.11218,3.63431,2.20915,1.67552
2024-04-06,1.54825,8.72223,6.40943,9.17762,9.93006,6.95298,11.0157,9.96502,7.33142,10.8548,5.27362,3.70589,5.42142,3.61459,2.53032,3.77096,4.89092,4.12752,4.6619,2.15534,2.15534,2.67538,2.67538,1.97351,3.11218,3.52875,1.28045,0.659116
2024-04-07,0.67474,8.72223,6.40943,9.17762,9.67819,6.77623,10.7364,9.71226,7.14512,10.5795,7.74804,5.44472,7.96519,7.09088,4.96382,7.39762,5.45861,4.58844,5.19756,2.31025,2.31025,2.4175,2.4175,2.11146,3.11218,3.43841,1.88124,1.29301
2024-04-08,3.21858,8.72223,6.40943,9.17762,9.39028,6.5742,10.4172,9.42335,6.93217,10.2651,10.2257,7.18583,10.5123,11.9189,8.3436,12.4345,8.95787,7.53929,8.5323,2.26819,2.26819,2.3402,2.3402,3.543,3.10092,3.31872,2.48282,2.1734
2024-04-09,-3.54137,8.72223,6.40943,9.17762,9.36906,6.55931,10.3937,9.40205,6.91648,10.2417,10.9655,7.70569,11.2728,12.4376,8.70665,12.9756,8.42541,7.08653,8.02375,2.49659,2.49659,2.63064,2.63064,3.27742,3.10092,3.31114,2.66244,2.26797
2024-04-10,2.07393,8.72223,6.40943,9.17762,9.42385,6.59775,10.4544,9.45703,6.957,10.3012,11.3138,7.95043,11.6308,12.8899,9.0233,13.4475,9.40027,8.04455,8.99356,2.53053,2.53053,2.71022,2.71022,4.04974,3.11218,3.34719,2.74701,2.35046
2024-04-11,-0.749777,8.72223,6.40943,9.17762,9.24501,6.47226,10.2561,9.27757,6.82472,10.106,10.1604,7.13992,10.4451,10.9798,7.68621,11.4548,10.1149,8.64086,9.67267,2.655,2.655,2.65671,2.65671,4.33468,3.10092,3.26687,2.46696,2.00216
2024-04-12,-4.1749,8.72223,6.40943,9.17762,8.98263,6.28814,9.9652,9.01427,6.63066,9.81904,8.02871,5.64196,8.25373,7.93505,5.55477,8.27831,7.48955,6.22971,7.11159,2.6569,2.6569,2.59058,2.59058,2.81277,3.10092,3.17322,1.94939,1.44695
2024-04-13,-5.1522,8.72223,6.40943,9.17762,9.19974,6.44049,10.2059,9.23214,6.79124,10.0559,5.09182,3.57814,5.23453,5.52097,3.86484,5.7598,5.12172,4.26336,4.86421,2.59947,2.59947,2.87952,2.87952,1.87752,3.11218,3.26682,1.23631,1.00674
2024-04-14,2.95984,8.72223,6.40943,9.17762,9.63297,6.7445,10.6863,9.66689,7.11167,10.5288,8.53797,5.95908,8.80461,9.45331,6.75715,9.94487,7.60847,6.40472,7.24735,2.6732,2.6732,3.56601,3.56601,2.91984,3.11894,3.4608,2.05486,1.7238
2024-04-15,-3.5811,8.72223,6.40943,9.17762,9.55516,6.6899,10.6,9.58881,7.05412,10.444,11.6023,8.0978,11.9646,15.4198,11.022,16.2216,9.73127,8.21803,9.27729,2.43794,2.43794,2.6071,2.6071,3.83754,3.11218,3.39429,2.79236,2.81179
2024-04-16,0.606195,8.72223,6.40943,9.17762,9.60313,6.72356,10.6532,9.63694,7.0896,10.4967,11.9355,8.33041,12.3083,14.8221,10.5947,15.5928,9.33337,7.82627,8.88124,2.26259,2.26259,3.38532,3.38532,3.58487,3.11218,3.41149,2.87257,2.70279
2024-04-17,-4.05396,8.72223,6.40943,9.17762,9.31633,6.5223,10.3352,9.34914,6.87748,10.187,10.5292,7.34884,10.858,11.4975,8.21828,12.0953,9.9341,8.35483,9.46032,2.2897,2.2897,3.03213,3.03213,3.84182,3.11218,3.30863,2.5341,2.09655
2024-04-18,3.58412,8.72223,6.40943,9.17762,9.47717,6.63517,10.5135,9.51054,6.99645,10.3622,11.119,7.7605,11.4662,12.3267,8.81099,12.9676,10.0415,8.50808,9.58147,2.49315,2.49315,3.40363,3.40363,4.15789,3.11926,3.4043,2.67604,2.24775
2024-04-19,0.519512,8.72223,6.40943,9.17762,9.51293,6.66026,10.5532,9.54643,7.0229,10.402,9.47903,6.61589,9.77507,11.2029,8.0077,11.7854,7.41308,6.24134,7.06156,2.33063,2.33063,2.86511,2.86511,2.98161,3.11926,3.41727,2.28135,2.04283
2024-04-20,1.78659,8.72223,6.40943,9.17762,9.22765,6.46007,10.2369,9.26014,6.81189,10.0899,5.21159,3.63743,5.37435,4.06563,2.90608,4.27703,5.10901,4.28322,4.86128,2.3075,2.3075,2.90227,2.90227,1.97396,3.11926,3.31382,1.25429,0.741363
2024-04-21,-0.104366,8.72223,6.40943,9.17762,9.03024,6.32155,10.018,9.06205,6.66588,9.87437,7.1029,4.95747,7.32473,7.002,5.00497,7.36609,6.16306,5.18584,5.86989,2.38404,2.38404,2.42233,2.42233,2.39489,3.11926,3.24223,1.70948,1.27681
2024-04-22,2.90089,8.72223,6.40943,9.17762,8.76025,6.13209,9.71863,8.79111,6.46619,9.58165,10.187,7.11002,10.5051,11.5088,8.22637,12.1072,7.97455,6.78647,7.61812,2.56421,2.56421,2.32433,2.32433,3.34433,3.11926,3.14432,2.45174,2.09861
2024-04-23,-0.646037,8.72223,6.40943,9.17762,8.73076,6.1114,9.68593,8.76152,6.44438,9.55188,10.8205,7.55216,11.1584,12.1715,8.70007,12.8044,8.21808,6.95912,7.84039,2.63915,2.63915,2.20751,2.20751,3.35024,3.11926,3.13363,2.6042,2.21945
2024-04-24,-3.26063,8.72223,6.40943,9.17762,8.58371,6.02951,9.49627,8.87818,6.33564,9.53156,10.1272,7.06832,10.4435,9.85784,7.0463,10.3704,9.01094,7.68285,8.61251,2.64483,2.64483,2.34054,2.34054,3.80258,3.11926,3.1193,2.43736,1.79757
2024-04-25,0.318129,8.72223,6.40943,9.17762,8.62494,6.05854,9.54186,8.92082,6.36614,9.57581,10.2399,7.14693,10.5597,10.7814,7.70646,11.342,10.2327,8.69461,9.77131,2.75773,2.75773,2.86834,2.86834,4.35189,3.13121,3.13953,2.46447,1.96598
2024-04-26,-1.13289,8.72223,6.40943,9.17762,8.41648,5.91175,9.31136,8.70524,6.21195,9.34906,7.97372,5.56526,8.22274,7.36637,5.26542,7.74941,6.61991,5.52389,6.2911,2.56066,2.56066,2.5844,2.5844,2.51619,3.13121,3.06289,1.91906,1.34325
2024-04-27,-0.528692,8.72223,6.40943,9.17762,8.24616,5.79183,9.12305,8.52912,6.08599,9.15889,4.58967,3.20336,4.73301,3.58135,2.55992,3.76757,4.33258,3.59661,4.11179,2.57423,2.57423,2.66134,2.66134,1.52913,3.13121,3.00028,1.10461,0.653055
2024-04-28,-0.483529,8.72223,6.40943,9.17762,8.05663,5.65837,8.91347,8.33312,5.94581,8.9507,5.65563,3.94735,5.83226,5.08223,3.63274,5.3465,4.64132,3.8826,4.41371,2.16191,2.16191,2.49661,2.49661,1.70867,3.11926,2.92616,1.36116,0.926739
2024-04-29,1.14671,8.72223,6.40943,9.17762,7.87238,5.52863,8.70975,8.14259,5.80954,8.74536,8.83711,6.16786,9.11309,9.88949,7.06893,10.4037,8.44243,7.06012,8.02773,2.02665,2.02665,2.71266,2.71266,3.21814,3.11926,2.85847,2.12686,1.80334
2024-04-30,-5.14946,8.72223,6.40943,9.17762,7.71764,5.41968,8.53866,7.98257,5.6951,8.57368,8.97885,6.26679,9.25927,9.91179,7.08486,10.4272,7.96512,6.69263,7.58337,1.90906,1.90906,2.61069,2.61069,3.07761,3.11926,2.80168,2.16097,1.8074
2024-05-01,-4.009,8.72223,6.40943,9.17762,8.2036,5.76186,9.07598,8.48511,6.05451,9.11565,10.3149,7.19928,10.637,11.8585,8.47633,12.4751,8.33138,7.06002,7.94997,2.53549,2.53549,3.44018,3.44018,3.33279,3.13121,2.98463,2.48252,2.16238
2024-05-02,1.48144,8.72223,6.40943,9.17762,8.39684,5.89793,9.28965,8.68494,6.19743,9.33024,9.94749,6.94285,10.2582,10.9768,7.84615,11.5476,9.40127,7.96646,8.97082,2.82479,2.82479,3.71937,3.71937,3.87845,3.13841,3.0789,2.3941,2.00161
2024-05-03,6.17572,8.72223,6.40943,9.17762,8.24264,5.78935,9.11915,8.52548,6.08339,9.16349,8.32938,5.8135,8.58951,8.37889,5.98916,8.81457,7.75156,6.43529,7.35668,2.62992,2.62992,3.38998,3.38998,2.84876,3.13841,3.02178,2.00466,1.52788
2024-05-04,1.58013,8.72223,6.40943,9.17762,8.9042,6.25518,9.85064,9.2096,6.57267,9.90136,5.35256,3.73582,5.51972,5.61747,4.01532,5.90957,5.84795,4.86058,5.55174,2.59347,2.59347,3.17071,3.17071,2.10925,3.13841,3.26681,1.28822,1.02434
2024-05-05,0.218351,8.72223,6.40943,9.17762,8.73709,6.13751,9.66587,9.0368,6.44908,9.71404,7.08457,4.94468,7.30583,6.37233,4.55489,6.70368,6.98264,5.8845,6.65319,2.74072,2.74072,2.61374,2.61374,2.67707,3.13841,3.20492,1.70507,1.16199
2024-05-06,-1.36673,8.72223,6.40943,9.17762,8.52392,5.98741,9.43017,8.81636,6.29142,9.48726,10.344,7.21959,10.667,12.1712,8.69988,12.8041,10.303,8.83789,9.86345,2.82418,2.82418,2.60226,2.60226,4.4983,3.13841,3.12596,2.48952,2.21941
2024-05-07,-1.31819,8.72223,6.40943,9.17762,8.36375,5.87463,9.25306,8.65072,6.17296,9.3073,10.5051,7.33207,10.8332,11.3599,8.11995,11.9506,10.247,8.78792,9.80928,2.77455,2.77455,2.82007,2.82007,4.50673,3.13841,3.06664,2.52831,2.07146
2024-05-08,-1.857,8.72223,6.40943,9.17762,8.20656,5.76395,9.07926,8.48817,6.0567,9.12928,10.1689,7.09737,10.4864,9.46621,6.76636,9.95843,8.69771,7.50317,8.33935,2.609,2.609,2.80269,2.80269,3.94775,3.13841,3.00842,2.44738,1.72615
2024-05-09,2.99773,8.72223,6.40943,9.17762,8.09779,5.68736,8.95899,8.37569,5.97626,9.00822,9.07091,6.33104,9.3542,8.69394,6.21435,9.146,7.71037,6.47287,7.33912,2.4792,2.4792,2.95286,2.95286,3.02428,3.13841,2.96814,2.18313,1.58533
2024-05-10,-3.64564,8.72223,6.40943,9.17762,8.11559,5.69989,8.97867,8.3941,5.98942,9.05131,8.224,5.73994,8.48084,8.44564,6.03687,8.88479,5.81973,4.8651,5.53334,2.36324,2.36324,2.26579,2.26579,2.24198,3.13841,2.99198,1.9793,1.54005
2024-05-11,0.0015344,8.72223,6.40943,9.17762,8.24977,5.79437,9.12703,8.53285,6.08866,9.19794,5.11718,3.57154,5.27699,4.34318,3.10447,4.56902,4.54815,3.79443,4.32203,2.59322,2.59322,2.85587,2.85587,1.69407,3.14796,3.05565,1.23157,0.791973
2024-05-12,1.07114,8.72223,6.40943,9.17762,8.05212,5.6552,8.90849,8.32846,5.94248,8.97351,5.40102,3.76964,5.56969,4.65452,3.32701,4.89654,5.3463,4.52114,5.09875,2.19745,2.19745,2.53811,2.53811,2.09953,3.14796,2.9817,1.29988,0.848746
2024-05-13,2.33715,8.72223,6.40943,9.17762,7.88674,5.53874,8.72562,8.15743,5.82016,8.78816,9.30608,6.49518,9.59671,11.0787,7.91896,11.6548,8.39471,7.15975,8.02422,2.19086,2.19086,2.2415,2.2415,3.52517,3.14796,2.91821,2.23973,2.02019
2024-05-14,-2.1674,8.72223,6.40943,9.17762,7.88595,5.50696,8.76441,8.13117,5.82573,8.7165,9.40383,6.56341,9.69752,11.204,8.00852,11.7866,8.86664,7.6769,8.50972,2.14892,2.14892,2.33057,2.33057,4.10293,3.14796,2.85983,2.26325,2.04304
2024-05-15,7.38043,8.72223,6.40943,9.17762,7.8269,5.46561,8.69883,8.07029,5.78201,8.64668,9.62623,6.71863,9.92686,11.1619,7.97842,11.7423,9.32133,7.99028,8.92202,2.12276,2.12276,2.47965,2.47965,4.04434,3.14796,2.83818,2.31678,2.03536
2024-05-16,-1.57557,8.72223,6.40943,9.17762,8.89403,6.21286,9.88408,9.1704,6.57211,9.83221,10.9385,7.63456,11.2802,13.3887,9.57016,14.0849,8.869,7.49569,8.45701,2.57916,2.57916,2.29936,2.29936,3.57157,3.14796,3.22948,2.63262,2.44142
2024-05-17,2.75229,8.72223,6.40943,9.17762,8.73793,6.10355,9.7107,9.00947,6.45653,9.67906,8.51135,5.9405,8.77716,9.2188,6.58952,9.69816,6.27144,5.25757,5.96727,2.5239,2.5239,2.34335,2.34335,2.43985,3.14796,3.17224,2.04846,1.68104
2024-05-18,-0.165786,8.72223,6.40943,9.17762,8.6914,6.07097,9.65903,8.96151,6.42209,9.62173,5.1531,3.5966,5.31403,4.46863,3.19414,4.70099,6.29803,5.27058,5.98979,2.6336,2.6336,2.1215,2.1215,2.36756,3.14796,3.15518,1.24021,0.814849
2024-05-19,-0.994511,8.72223,6.40943,9.17762,8.48486,5.92634,9.42962,8.74859,6.26916,9.38721,5.77606,4.0314,5.95645,5.40226,3.86149,5.68316,6.83509,5.71881,6.5002,2.58033,2.58033,2.12613,2.12613,2.52549,3.14796,3.07945,1.39015,0.985095
2024-05-20,7.5109,8.72223,6.40943,9.17762,8.30939,5.80347,9.23472,8.56769,6.13924,9.18664,9.58929,6.69285,9.88877,11.3657,8.12413,11.9567,9.02449,7.6067,8.59916,2.31026,2.31026,2.07986,2.07986,3.60911,3.14796,3.0151,2.30789,2.07253
2024-05-21,-1.85289,8.72223,6.40943,9.17762,9.33795,6.5237,10.3771,9.62803,6.90079,10.3309,11.2279,7.83652,11.5785,14.2972,10.2195,15.0406,9.68872,8.34926,9.28688,2.78513,2.78513,2.34849,2.34849,4.33454,3.13841,3.38557,2.70226,2.60708
2024-05-22,-1.45658,8.72223,6.40943,9.17762,9.18502,6.41662,10.2073,9.47038,6.78756,10.1611,10.4908,7.32204,10.8184,12.33,8.81336,12.9711,9.11272,7.83962,8.73079,2.62418,2.62418,2.68879,2.68879,4.06154,3.13841,3.3296,2.52485,2.24836
2024-05-23,-1.74066,8.72223,6.40943,9.17762,9.0096,6.29378,10.0124,9.28954,6.65768,9.98147,9.65359,6.73773,9.95508,10.2057,7.29495,10.7364,8.67059,7.39148,8.28686,2.5206,2.5206,2.60329,2.60329,3.77871,3.13121,3.26048,2.32336,1.861
2024-05-24,0.874333,8.72223,6.40943,9.17762,8.86117,6.18985,9.84759,9.13652,6.54778,9.83415,8.12399,5.67014,8.37771,8.72981,6.23999,9.18374,6.48905,5.475,6.18484,2.54948,2.54948,2.71464,2.71464,2.65472,3.13121,3.20729,1.95523,1.59187
2024-05-25,1.07387,8.72223,6.40943,9.17762,8.66299,6.05107,9.62747,8.93222,6.40105,9.60414,3.66572,2.55849,3.78021,3.69966,2.64449,3.89204,4.30403,3.60074,4.09305,2.59824,2.59824,2.67254,2.67254,1.66167,3.13121,3.13423,0.882243,0.674629
2024-05-26,-1.08555,8.72223,6.40943,9.17762,8.48007,5.92298,9.4243,8.74364,6.26561,9.39114,5.79012,4.04122,5.97095,5.36159,3.83242,5.64038,5.69118,4.77455,5.41619,2.50862,2.50862,2.77634,2.77634,2.17456,3.13121,3.06672,1.39353,0.977679
2024-05-27,1.27106,8.72223,6.40943,9.17762,8.30935,5.80344,9.23468,8.56765,6.13921,9.21317,9.59799,6.69892,9.89774,12.0766,8.63226,12.7046,8.18773,6.94998,7.81641,2.4877,2.4877,2.61977,2.61977,3.39535,3.11926,2.98686,2.30998,2.20216
2024-05-28,-1.59539,8.72223,6.40943,9.17762,8.14968,5.69163,9.05733,8.40304,6.02099,9.02509,9.31289,6.49993,9.60373,10.8012,7.72057,11.3628,8.45123,7.27615,8.09871,2.51163,2.51163,2.56333,2.56333,3.80029,3.11926,2.92877,2.24137,1.96958
2024-05-29,-1.05706,8.72223,6.40943,9.17762,8.02522,5.60448,8.9191,8.27474,5.92884,8.89554,9.70323,6.77237,10.0063,10.4777,7.48934,11.0225,9.04461,7.75556,8.65789,2.6796,2.6796,2.73782,2.73782,3.9584,3.11926,2.88361,2.33531,1.91059
2024-05-30,1.1577,8.72223,6.40943,9.17762,7.86996,5.49577,8.74666,8.11469,5.81389,8.71304,9.22482,6.43847,9.51292,8.94118,6.39108,9.40611,9.3537,8.04659,8.96156,2.85042,2.85042,2.61184,2.61184,4.25716,3.11926,2.82713,2.22017,1.63041
2024-05-31,-1.28872,8.72223,6.40943,9.17762,7.7206,5.39117,8.58076,7.96071,5.7033,8.53896,7.792,5.43843,8.03535,7.46803,5.33808,7.85635,7.31911,6.08428,6.94866,2.59583,2.59583,2.55877,2.55877,2.74819,3.11926,2.7728,1.87533,1.36179
2024-06-01,0.321496,8.72223,6.40943,9.17762,7.59126,5.30061,8.4371,7.82737,5.60754,8.38414,4.08569,2.85161,4.21329,4.03534,2.88443,4.24517,5.34254,4.4497,5.07469,2.45429,2.45429,2.50209,2.50209,1.95902,3.11926,2.72572,0.983319,0.73584
2024-06-02,0.0659468,8.72223,6.40943,9.17762,7.4229,5.18272,8.25011,7.65381,5.48289,8.20779,4.61047,3.21788,4.75446,4.7623,3.40405,5.00993,5.40245,4.49094,5.129,2.2592,2.2592,2.29977,2.29977,1.94231,3.11926,2.66464,1.10962,0.868399
2024-06-03,1.54251,8.72223,6.40943,9.17762,7.41064,5.16618,8.25218,7.7651,5.51313,8.22075,8.23381,5.74679,8.49096,8.95654,6.40205,9.42226,7.32039,6.13223,6.96394,2.0782,2.0782,2.15359,2.15359,2.813,3.11926,2.63007,1.98166,1.63321
2024-06-04,2.53003,8.56235,6.30182,8.96504,7.32181,5.10415,8.15331,7.41466,5.39315,7.96687,8.31091,5.78906,8.47841,9.06278,6.64429,9.87675,7.56023,6.3673,7.20235,1.92237,1.92237,2.31925,2.31925,2.99542,3.11218,2.61792,2.00022,1.73075
2024-06-05,0.72722,8.56235,6.30182,8.96504,7.32089,5.1035,8.15228,7.41373,5.39197,7.96257,8.76691,6.10669,8.94361,9.26627,6.79347,10.0985,8.03864,6.78507,7.66257,1.81866,1.81866,2.17715,2.17715,3.19635,3.11218,2.6165,2.10996,1.76961
2024-06-06,-0.45919,8.56235,6.30182,8.96504,7.19627,5.01647,8.01357,7.28753,5.29931,7.82233,7.85546,5.47181,8.01378,7.26586,5.32689,7.91844,7.96262,6.68828,7.58032,1.74787,1.74787,2.02542,2.02542,3.15804,3.11218,2.57,1.8906,1.38759
2024-06-07,-2.01946,8.56235,6.30182,8.96504,7.06997,4.92826,7.87299,7.15964,5.20663,7.68814,6.4949,4.52409,6.6258,5.97198,4.3783,6.50836,4.88988,4.06488,4.64238,1.80115,1.80115,2.18096,2.18096,1.8443,3.10092,2.50735,1.56315,1.14049
2024-06-08,-0.0531018,8.56235,6.30182,8.96504,7.03579,4.90438,7.83494,7.12502,5.18062,7.64596,3.10276,2.16126,3.16529,3.13079,2.29531,3.41198,3.51174,2.86903,3.31892,2.0307,2.0307,2.30458,2.30458,1.17306,3.10092,2.49493,0.746751,0.597899
2024-06-09,0.492566,8.56235,6.30182,8.96504,6.90888,4.81574,7.69368,6.9965,5.08658,7.50541,3.60159,2.50873,3.67418,3.25784,2.38846,3.55045,4.5693,3.79668,4.33751,2.15961,2.15961,2.05495,2.05495,1.65786,3.10092,2.44946,0.866807,0.622162
2024-06-10,-0.195045,8.56235,6.30182,8.96504,6.7903,4.73293,7.56169,6.87643,4.99902,7.3759,7.83334,5.4564,7.99122,8.02322,5.88214,8.74383,6.93703,5.77068,6.58713,2.35145,2.35145,1.8915,1.8915,2.52994,3.10092,2.40704,1.88528,1.53222
2024-06-11,-3.18674,8.56235,6.30182,8.96504,6.67145,4.64992,7.4294,6.75608,4.91324,7.25862,7.71508,5.37403,7.87058,6.70226,4.91369,7.30422,8.02939,6.84954,7.67544,2.34331,2.34331,2.01981,2.01981,3.47892,3.10092,2.36501,1.85682,1.27995
2024-06-12,1.34122,8.56235,6.30182,8.96504,6.79671,4.73741,7.56882,6.88292,5.00535,7.39289,8.41926,5.86453,8.58895,8.86137,6.49663,9.65726,9.34443,7.90334,8.9121,2.44594,2.44594,2.36345,2.36345,3.88257,3.11218,2.4278,2.02629,1.69229
2024-06-13,-2.19981,8.56235,6.30182,8.96504,6.7164,4.68132,7.47944,6.8016,4.9452,7.29978,7.64826,5.32748,7.80241,6.98105,5.11808,7.60805,8.26425,6.97459,7.87736,2.32883,2.32883,2.37659,2.37659,3.42591,3.11218,2.39689,1.84073,1.3332
2024-06-14,-1.12273,8.56235,6.30182,8.96504,6.71509,4.6804,7.47798,6.80027,4.94334,7.29295,7.02783,4.89532,7.16948,6.6655,4.88674,7.26416,6.16349,5.10211,5.84508,2.3946,2.3946,2.51384,2.51384,2.25873,3.11218,2.39449,1.69141,1.27293
2024-06-15,0.272169,8.56235,6.30182,8.96504,6.62861,4.62001,7.38172,6.7127,4.87916,7.19661,2.75066,1.916,2.8061,2.60092,1.90684,2.83452,2.83919,2.27889,2.6711,2.15139,2.15139,2.44315,2.44315,0.806916,3.11218,2.3625,0.662011,0.496706
2024-06-16,0.674618,8.56235,6.30182,8.96504,6.51462,4.54039,7.25484,6.59727,4.79474,7.07076,3.72325,2.59347,3.79829,3.41237,2.50174,3.71885,5.05175,4.1455,4.77987,1.94561,1.94561,2.34553,2.34553,1.67152,3.11218,2.32072,0.896087,0.651672
2024-06-17,-0.223471,8.1978,6.2558,8.82457,6.41263,4.46916,7.14131,6.18298,4.6841,6.82551,7.75657,5.28921,7.87132,8.44736,6.15074,9.15922,5.58267,4.59234,5.28557,1.89861,1.89861,2.34053,2.34053,1.94255,3.10092,2.27315,1.8668,1.61322
2024-06-18,-2.05058,8.1978,6.2558,8.82457,6.30517,4.39411,7.02171,6.08727,4.60556,6.71214,7.67969,5.23678,7.79331,7.08334,5.15756,7.68027,6.05019,5.00608,5.73696,1.93857,1.93857,2.40862,2.40862,2.21122,3.07054,2.20663,1.8483,1.35273
2024-06-19,-0.277399,8.1978,6.2558,8.82457,6.30734,4.39562,7.02412,6.10583,4.60733,6.71645,7.90265,5.38882,8.01956,8.02687,5.84457,8.70331,6.44978,5.36778,6.12518,2.15759,2.15759,2.50089,2.50089,2.44189,3.07054,2.2355,1.90196,1.53292
2024-06-20,-0.202852,8.1978,6.2558,8.82457,6.20378,4.3233,6.90886,6.00642,4.53156,6.60632,6.8303,4.65759,6.93135,6.4317,4.68309,6.97371,6.44453,5.35336,6.11718,2.11193,2.11193,2.39785,2.39785,2.4694,3.07054,2.19846,1.64387,1.22829
2024-06-21,-1.13627,8.1978,6.2558,8.82457,6.10232,4.25244,6.79592,5.91508,4.45739,6.49915,5.16519,3.52215,5.24161,4.32172,3.14676,4.68592,3.81212,3.03552,3.57914,1.95948,1.95948,2.43547,2.43547,1.11575,3.06375,2.13498,1.24313,0.825335
2024-06-22,0.243681,8.1978,6.2558,8.82457,6.0378,4.20737,6.7241,5.84943,4.41013,6.43007,2.13488,1.45578,2.16647,1.85846,1.3532,2.01508,3.02574,2.40296,2.83891,2.08799,2.08799,2.46867,2.46867,0.81174,3.06375,2.11219,0.51381,0.354917
2024-06-23,-1.68214,8.1978,6.2558,8.82457,5.55575,3.86248,6.20073,5.28685,3.98493,5.89774,2.66943,1.82029,2.70892,2.53136,1.84315,2.74468,4.42534,3.61106,4.18105,2.08697,2.08697,2.32542,2.32542,1.41809,3.06375,1.96379,0.642461,0.483423
2024-06-24,-4.70429,8.1978,6.2558,8.82457,5.56666,3.87008,6.2129,5.29704,3.99276,5.90929,6.95577,4.74314,7.05868,6.52579,4.7516,7.07573,7.34918,6.13902,6.98613,2.17912,2.17912,2.30314,2.30314,2.86187,3.06375,1.96767,1.67407,1.24625
2024-06-25,2.5021,8.1978,6.2558,8.82457,6.30518,4.38448,7.0368,6.00026,4.56158,6.72391,7.92028,5.40085,8.03746,7.90203,5.75367,8.56795,7.62144,6.49587,7.28377,2.5499,2.5499,3.05138,3.05138,3.31475,3.07054,2.23075,1.9062,1.50908
2024-06-26,-1.62032,8.1978,6.2558,8.82457,6.38207,4.43803,7.12257,6.07244,4.61692,6.80576,7.79171,5.31317,7.90698,7.76003,5.65028,8.41398,7.56175,6.38042,7.20735,2.37096,2.37096,2.41345,2.41345,3.09956,3.07054,2.25814,1.87526,1.48196
2024-06-27,1.29645,8.1978,6.2558,8.82457,6.33331,4.40406,7.06817,6.0304,4.58317,6.75428,7.31298,4.98673,7.42117,6.58987,4.79825,7.14521,6.92786,5.85584,6.60625,2.14044,2.14044,2.46155,2.46155,2.97302,3.07054,2.24077,1.76004,1.25849
2024-06-28,-2.10738,8.1978,6.2558,8.82457,6.24896,4.34531,6.97407,5.96867,4.52875,6.66654,6.03523,4.11543,6.12452,5.82944,4.24456,6.32069,4.90626,3.98889,4.63105,1.98854,1.98854,2.28493,2.28493,1.65414,3.07054,2.21072,1.45252,1.11327
2024-06-29,0.935997,8.1978,6.2558,8.82457,6.27364,4.36251,7.00161,5.99085,4.54616,6.6927,2.4554,1.67434,2.49173,2.748,2.00089,2.97958,2.43311,1.92777,2.28151,1.96004,1.96004,2.41909,2.41909,0.639551,3.07054,2.21951,0.59095,0.524795
2024-06-30,2.89892,8.1978,6.2558,8.82457,6.16411,4.28621,6.87941,5.88484,4.46617,6.57571,3.51832,2.39915,3.57037,3.92281,2.8563,4.25339,3.70527,2.99946,3.49353,1.93335,1.93335,2.25157,2.25157,1.13091,3.07054,2.18049,0.846767,0.749153
2024-07-01,0.276727,8.1978,6.2558,8.82457,6.32718,4.39979,7.06133,6.03968,4.58418,6.74953,8.12228,5.53859,8.24245,8.77628,6.39023,9.51586,6.30022,5.31023,6.00322,2.05841,2.05841,2.30868,2.30868,2.57166,3.07054,2.23858,1.95482,1.67604
2024-07-02,-1.31802,8.1978,6.2558,8.82457,6.18743,4.30246,6.90543,5.91106,4.48452,6.60105,7.39194,5.04057,7.5013,7.01604,5.10856,7.60729,6.80342,5.69275,6.47022,1.82105,1.82105,2.16287,2.16287,2.67617,3.07054,2.1888,1.77904,1.33988
2024-07-03,-3.03632,8.1978,6.2558,8.82457,6.11747,4.25373,6.82739,5.85845,4.43885,6.52812,7.62843,5.20183,7.74129,7.07159,5.14901,7.66752,6.46445,5.3236,6.12219,1.98114,1.98114,2.2941,2.2941,2.27233,3.07054,2.20831,1.83596,1.35049
2024-07-04,-5.45791,8.1978,6.2558,8.82457,6.32347,4.39722,7.0572,6.05639,4.59039,6.74797,7.86482,5.36302,7.98117,7.04451,5.12929,7.63816,6.7801,5.61534,6.43067,2.11442,2.11442,2.55355,2.55355,2.51249,3.07054,2.28352,1.89285,1.34531
2024-07-05,-0.554961,8.1978,6.2558,8.82457,7.18276,4.99572,8.01582,6.87667,5.31373,7.69996,7.67597,5.32735,7.78953,7.17045,5.25694,7.78676,6.96229,5.72382,6.59075,2.77399,2.77399,3.25764,3.25764,2.46647,3.10092,2.60301,1.8474,1.36937
2024-07-06,2.85524,8.1978,6.2558,8.82457,7.01443,4.87848,7.82804,6.71413,5.18883,7.5194,3.30368,2.29285,3.35255,3.40656,2.49748,3.69936,4.27561,3.51012,4.04597,2.30231,2.30231,2.92128,2.92128,1.47193,3.10092,2.53647,0.795108,0.650562
2024-07-07,-4.30092,8.1978,6.2558,8.82457,7.0987,4.93718,7.92204,6.79176,5.25073,7.60938,5.14655,3.57186,5.22269,5.0085,3.67193,5.43899,4.15007,3.36986,3.916,2.22196,2.22196,2.61135,2.61135,1.28148,3.10092,2.56712,1.23864,0.95649
2024-07-08,1.52105,8.1978,6.2558,8.82457,7.50079,5.21724,8.37061,7.18551,5.55001,8.0413,9.42988,6.56849,9.62188,11.2943,8.45493,12.3149,7.74679,6.46723,7.36292,2.42548,2.42548,3.03623,3.03623,2.95135,3.11218,2.75086,2.26952,2.15692
2024-07-09,2.27379,8.1978,6.2558,8.82457,7.37659,5.13073,8.23205,7.06663,5.45803,7.90818,8.30263,5.78329,8.47168,8.95571,6.70424,9.76494,6.63294,5.5294,6.30188,2.24531,2.24531,2.70281,2.70281,2.46374,3.11218,2.70506,1.99822,1.7103
2024-07-10,-0.460869,8.1978,6.2558,8.82457,7.34468,5.10851,8.19646,7.03558,5.43431,7.87394,8.4863,5.91123,8.65909,9.05673,6.77987,9.8751,6.90842,5.80863,6.57848,2.02264,2.02264,2.60686,2.60686,2.72659,3.11218,2.6933,2.04243,1.7296
2024-07-11,-0.690921,8.1978,6.2558,8.82457,7.16625,4.98422,7.9974,6.86059,5.30146,7.68224,7.37268,5.13552,7.52279,7.39189,5.53357,8.05982,7.63036,6.5018,7.29179,1.98327,1.98327,2.75263,2.75263,3.3184,3.11218,2.62749,1.77441,1.41166
2024-07-12,0.962398,8.1978,6.2558,8.82457,7.00424,4.87138,7.81666,6.73573,5.29852,7.52693,6.14288,4.27889,6.26795,5.5907,4.18519,6.09587,5.55545,4.58527,5.2644,2.06284,2.06284,2.68113,2.68113,2.00051,3.11218,2.5721,1.47843,1.06768
2024-07-13,2.2753,8.1978,6.2558,8.82457,7.2585,5.01604,8.14658,6.68833,5.36086,7.51196,2.81823,1.96307,2.87561,2.78971,2.08838,3.04179,3.07881,2.50789,2.90753,2.02329,2.02329,2.33567,2.33567,0.975414,3.11218,2.58551,0.678274,0.532762
2024-07-14,2.59278,8.1978,6.2558,8.82457,7.25944,5.01669,8.14763,6.68795,5.36155,7.50878,4.44777,3.09814,4.53833,4.94927,3.70502,5.39648,4.00949,3.31793,3.80202,2.05803,2.05803,2.55439,2.55439,1.38686,3.11218,2.58584,1.07046,0.945179
2024-07-15,6.49986,8.1978,6.2558,8.82457,7.32301,5.06067,8.21896,6.74498,5.40855,7.56959,8.14271,5.6719,8.30851,8.51115,6.37145,9.28022,6.27516,5.29903,5.98232,2.16257,2.16257,2.3288,2.3288,2.55969,3.11218,2.60858,1.95974,1.62541
2024-07-16,0.34931,8.1978,6.2558,8.82457,8.69303,6.00844,9.75621,8.00978,6.42125,8.99421,9.65578,6.72584,9.85238,10.6703,7.98781,11.6345,6.77133,5.66522,6.4395,2.533,2.533,2.68745,2.68745,2.53478,3.11218,3.09869,2.32389,2.03775
2024-07-17,-1.51432,8.1978,6.2558,8.82457,8.40014,5.80582,9.42756,7.74051,6.20474,8.6934,7.86092,5.47562,8.02098,7.7107,5.77223,8.40744,8.3131,7.10639,7.95109,2.58684,2.58684,2.61252,2.61252,3.63231,3.11218,2.99391,1.89192,1.47254
2024-07-18,-0.225971,8.1978,6.2558,8.82457,8.20589,5.67144,9.20961,7.57528,5.8709,8.47701,7.63463,5.31799,7.79008,7.19545,5.38651,7.84563,8.49723,7.14682,8.0921,2.50541,2.50541,2.74983,2.74983,3.48942,3.10092,2.9237,1.83745,1.37414
2024-07-19,4.18794,8.1978,6.2558,8.82457,7.93953,5.48717,8.91074,7.32972,5.68242,8.20192,5.95173,4.14574,6.07291,5.17462,3.87372,5.64219,6.27663,5.16552,5.9433,2.18816,2.18816,2.61499,2.61499,2.28502,3.10092,2.82861,1.43242,0.988215
2024-07-20,0.677492,8.1978,6.2558,8.82457,8.33395,5.76003,9.35329,7.69142,5.95004,8.60901,3.16361,2.20365,3.22803,4.55435,3.40938,4.96587,5.11109,4.18757,4.83403,2.05125,2.05125,2.42279,2.42279,1.76309,3.10092,2.9642,0.761398,0.86976
2024-07-21,1.46454,8.1978,6.2558,8.82457,8.07399,5.58019,9.0616,7.4485,5.74672,8.3401,4.72168,3.28894,4.81782,5.24526,3.9266,5.71922,3.10962,2.5088,2.92937,1.931,1.931,2.25491,2.25491,0.940055,3.10092,2.86759,1.13638,1.00171
2024-07-22,-0.838776,8.1978,6.2558,8.82457,7.89266,5.45475,8.85815,7.28512,5.64089,8.15333,7.7124,5.37216,7.86943,8.5753,6.41947,9.35016,5.8293,4.7949,5.51898,1.75427,1.75427,2.0052,2.0052,2.01281,3.10092,2.81083,1.85617,1.63766
2024-07-23,-2.48315,8.1978,6.2558,8.82457,7.67114,5.3015,8.60959,7.09008,5.53993,7.92575,7.22324,5.03143,7.37032,7.50162,5.61571,8.17946,5.99133,5.00084,5.69419,1.64428,1.64428,2.12774,2.12774,2.30373,3.07054,2.72396,1.73844,1.43261
2024-07-24,-0.84622,8.1978,6.2558,8.82457,7.68096,5.3083,8.6206,7.10275,5.56925,7.93636,7.36726,5.13175,7.51727,7.71805,5.77773,8.41545,7.18215,5.97651,6.82046,1.7276,1.7276,2.28875,2.28875,2.71809,3.06375,2.66749,1.77311,1.47394
2024-07-25,0.617757,8.1978,6.2558,8.82457,7.47342,5.16472,8.38773,6.91689,5.45692,7.72274,6.90364,4.80881,7.0442,6.70619,5.02026,7.31216,6.14827,5.12871,5.8424,1.75014,1.75014,2.31914,2.31914,2.39488,3.06375,2.5951,1.66152,1.28071
2024-07-26,3.194,8.1978,6.2558,8.82457,7.26351,5.01951,8.1522,6.72376,5.31104,7.506,5.61017,3.90783,5.7244,5.44993,4.07982,5.94239,4.29603,3.53316,4.06717,1.73105,1.73105,2.11644,2.11644,1.5602,3.06375,2.53027,1.35022,1.04079
2024-07-27,-0.145476,8.1978,6.2558,8.82457,7.46603,5.15961,8.37944,6.90609,5.42657,7.71458,3.13141,2.18122,3.19517,4.41619,3.30596,4.81524,2.63876,2.1429,2.49,1.88612,1.88612,2.0493,2.0493,0.840251,3.06375,2.59253,0.753648,0.843376
2024-07-28,0.650445,8.1978,6.2558,8.82457,7.24286,5.00522,8.12903,6.69483,5.23445,7.48337,3.47993,2.42398,3.55078,4.26777,3.19485,4.65341,3.3842,2.75475,3.19537,2.02131,2.02131,1.73572,1.73572,1.06014,3.06375,2.51469,0.837526,0.815032
2024-07-29,-2.12622,8.1978,6.2558,8.82457,7.04934,4.87134,7.91188,6.51012,5.05904,7.28268,7.59826,5.29265,7.75296,7.92221,5.93056,8.63806,7.54276,6.37104,7.19124,2.04836,2.04836,1.8786,1.8786,3.07529,3.06375,2.4472,1.8287,1.51293
2024-07-30,-0.930537,8.1978,6.2558,8.82457,7.04799,4.87041,7.91037,6.51784,5.11317,7.28246,8.06824,5.62002,8.23251,7.87655,5.89638,8.58827,8.73466,7.44224,8.34693,2.14819,2.14819,2.05191,2.05191,3.77794,3.06375,2.44673,1.94181,1.50421
2024-07-31,-2.41835,8.1978,6.2558,8.82457,6.88869,4.7602,7.73162,6.36352,4.95454,7.11696,7.56076,5.26653,7.7147,6.67308,4.99547,7.27606,7.99676,6.81532,7.64233,2.09665,2.09665,2.1959,2.1959,3.45904,3.06375,2.39117,1.81967,1.27438
2024-08-01,1.13599,8.1978,6.2558,8.82457,6.95934,4.80908,7.8109,6.42965,5.01058,7.19006,7.77088,5.4129,7.92911,7.03236,5.26443,7.66781,7.90002,6.6681,7.53044,2.22971,2.22971,2.47992,2.47992,3.33,3.06375,2.44587,1.87025,1.343
2024-08-02,-6.22171,8.1978,6.2558,8.82457,6.83026,4.70965,7.67927,6.36109,4.88959,7.07733,6.71233,4.67555,6.849,5.71674,4.27955,6.2333,3.88397,3.17843,3.67231,2.00926,2.00926,2.24879,2.24879,1.34365,3.06375,2.39311,1.61548,1.09175
2024-08-03,-1.20394,8.1978,6.2558,8.82457,8.08515,5.57611,9.08967,7.51666,5.96162,8.43196,3.4043,2.37603,3.50485,4.62699,3.24473,4.76988,3.71515,3.04162,3.51309,2.5123,2.5123,2.8955,2.8955,1.26091,3.07054,2.8387,0.819325,0.825215
2024-08-04,-4.31579,8.1978,6.2558,8.82457,7.89646,5.44582,8.8776,7.34815,5.82238,8.23606,4.48964,3.13355,4.62224,5.83274,4.09027,6.01285,4.37538,3.62798,4.15116,2.18081,2.18081,2.61701,2.61701,1.54057,3.07054,2.7746,1.08054,1.04026
2024-08-05,-7.3632,8.1978,6.2558,8.82457,8.3018,5.72569,9.33317,7.83419,6.16164,8.69393,8.90263,6.35445,9.25389,11.3066,7.94095,11.673,7.22563,6.10851,6.89049,2.58794,2.58794,3.22756,3.22756,2.94159,3.10092,2.96609,2.14263,2.01652
2024-08-06,3.71385,8.1978,6.30182,8.86713,9.70709,6.69599,10.9126,9.13984,7.26038,10.208,10.6875,7.8562,11.1488,12.3335,8.66213,12.7332,9.64643,8.28704,9.23861,3.66281,3.66281,4.12479,4.12479,4.27855,3.11218,3.49005,2.5722,2.19966
2024-08-07,-1.8132,8.1978,6.30182,8.86713,9.76806,6.73809,10.9811,9.21189,7.3076,10.2802,10.9063,8.01703,11.3771,12.7906,8.98314,13.2051,9.09602,7.8418,8.71975,3.06519,3.06519,3.19975,3.19975,4.05523,3.11218,3.4923,2.62486,2.28118
2024-08-08,11.4616,8.1978,6.30182,8.86713,9.53724,6.57872,10.7217,8.96904,7.11509,10.0242,9.41132,6.91811,9.81756,10.4897,7.36719,10.8296,8.68246,7.3733,8.28971,2.86697,2.86697,3.0058,3.0058,3.61746,3.11218,3.40946,2.26506,1.87082
2024-08-09,-1.35417,8.1978,6.30182,8.86713,12.4786,8.60963,14.0276,11.7,9.26437,13.1027,10.7482,7.90084,11.2122,13.5671,9.52855,14.0068,7.89601,6.65055,7.52238,3.67374,3.67374,3.06687,3.06687,3.08876,3.11218,4.46505,2.58681,2.41968
2024-08-10,0.10786,8.1978,6.30182,8.86713,12.0647,8.32381,13.5624,11.2755,8.92657,12.6601,5.28693,3.88634,5.51514,5.6591,3.97453,5.84249,5.88281,4.97899,5.61167,3.39936,3.39936,3.03907,3.03907,2.29196,3.11218,4.31649,1.27242,1.00929
2024-08-11,-3.72136,8.1978,6.30182,8.86713,11.6278,8.0222,13.0714,10.8439,8.60035,12.199,6.43381,4.72939,6.71153,6.49658,4.56271,6.7071,7.7042,6.48041,7.33706,3.36105,3.36105,2.83157,2.83157,2.91369,3.11218,4.15972,1.54845,1.15865
2024-08-12,1.07566,8.1978,6.30182,8.86713,11.5437,7.96407,12.9768,10.7885,8.54084,12.1134,11.5057,8.45767,12.0024,14.2277,9.99251,14.6888,9.5584,8.28725,9.17705,3.55672,3.55672,3.08048,3.08048,4.44778,3.11926,4.06262,2.76913,2.53749
2024-08-13,2.09246,8.1978,6.30182,8.86713,11.1582,7.69791,12.5435,10.63,8.28348,11.761,9.9857,7.34033,10.4167,10.9447,7.68671,11.2993,10.2892,8.79307,9.84037,3.23587,3.23587,2.62373,2.62373,4.49403,3.11218,3.91794,2.40329,1.95196
2024-08-14,-3.13783,8.1978,6.30182,8.86713,10.8712,7.49976,12.221,10.3073,8.07029,11.4427,10.0733,7.4047,10.5081,11.4228,8.0225,11.7929,9.33237,8.08991,8.95963,2.97468,2.97468,2.3034,2.3034,4.3517,3.11218,3.81683,2.42437,2.03723
2024-08-15,-2.02449,8.1978,6.30182,8.86713,10.7445,7.41225,12.0785,10.4691,7.97522,11.331,9.55578,7.0243,9.96826,11.4171,8.01855,11.7871,8.85225,7.53548,8.45722,3.20199,3.20199,2.72976,2.72976,3.78748,3.11218,3.73179,2.29982,2.03623
2024-08-16,2.29114,8.1978,6.30182,8.86713,10.4785,7.22864,11.7796,10.1932,7.77765,11.0482,8.54641,6.28232,8.91531,9.01898,6.33426,9.31124,5.77328,4.80663,5.48329,2.99246,2.99246,2.78827,2.78827,2.15302,3.11218,3.63909,2.05689,1.60852
2024-08-17,0.988184,8.1978,6.30182,8.86713,10.2538,7.07346,11.5271,9.9908,7.61076,10.8136,4.12109,3.02935,4.29898,4.59104,3.2244,4.73981,2.68985,2.1871,2.53902,2.97886,2.97886,2.47167,2.47167,0.837051,3.11218,3.56075,0.991838,0.818803
2024-08-18,-1.68702,8.1978,6.30182,8.86713,9.92887,6.84912,11.1619,9.63923,7.36934,10.4661,6.19487,4.55375,6.46227,7.43783,5.22378,7.67886,4.36446,3.66504,4.15463,2.89543,2.89543,2.38212,2.38212,1.63504,3.11218,3.4475,1.49094,1.32652
2024-08-19,1.71137,8.1978,6.30182,8.86713,9.67613,6.67461,10.8778,9.49062,7.18207,10.2236,10.7369,7.89251,11.2003,13.854,9.73003,14.303,9.36949,7.96681,8.94869,2.76207,2.76207,2.53027,2.53027,3.94846,3.10092,3.33256,2.58408,2.47084
2024-08-20,-0.811204,8.1978,6.30182,8.86713,9.43635,6.50906,10.6083,9.25544,7.00394,9.9689,10.4717,7.69757,10.9237,11.6511,8.18286,12.0287,10.2402,8.73379,9.78824,2.77536,2.77536,2.50785,2.50785,4.41339,3.10092,3.24964,2.52026,2.07795
2024-08-21,3.59875,8.1978,6.30182,8.86713,9.1469,6.3092,10.283,8.97152,6.78892,9.66233,9.78555,7.1932,10.2079,9.61448,6.75249,9.92604,7.96085,6.8069,7.61466,2.67345,2.67345,2.36028,2.36028,3.4735,3.10092,3.14955,2.35512,1.71472
2024-08-22,-1.30522,8.1978,6.30182,8.86713,9.25328,6.35735,10.4401,8.94422,6.81747,9.64768,9.89972,7.27713,10.327,11.0065,7.73012,11.3631,7.90045,6.63071,7.51953,2.91347,2.91347,2.38486,2.38486,3.08805,3.10092,3.18299,2.3826,1.96298
2024-08-23,5.96667,8.1978,6.2558,8.8516,8.98987,6.17623,10.1429,8.68959,6.61531,9.34876,8.73222,6.41891,9.10915,8.99927,6.32042,9.2909,6.58423,5.49033,6.25606,2.8003,2.8003,2.32297,2.32297,2.46123,3.07054,3.05712,2.10162,1.605
2024-08-24,0.131958,8.1978,6.2558,8.8516,9.80933,6.73968,11.0673,9.48173,7.2166,10.2004,5.54159,4.07353,5.78079,5.40356,3.79506,5.57867,5.6017,4.63021,5.31025,2.92737,2.92737,2.51973,2.51973,1.949,3.07054,3.33677,1.33371,0.963716
2024-08-25,0.240527,8.1978,6.2558,8.8516,9.45772,6.49792,10.6707,9.14185,7.0325,9.86396,6.7088,4.93153,6.99838,6.65226,4.67205,6.86783,8.0052,6.71488,7.6181,2.77391,2.77391,2.61985,2.61985,3.06157,3.07054,3.21678,1.61463,1.18642
2024-08-26,-2.28426,8.1978,6.2558,8.8516,9.12707,6.27057,10.2977,8.82222,6.76821,9.50697,10.3606,7.61588,10.8078,11.3991,8.00591,11.7685,7.19707,6.12625,6.87582,2.65869,2.65869,2.50531,2.50531,2.98211,3.07054,3.10394,2.49351,2.03302
2024-08-27,-5.51929,8.1978,6.2558,8.8516,8.98831,6.17516,10.1412,8.68809,6.63662,9.3534,10.182,7.4846,10.6215,11.4469,8.03944,11.8178,8.43122,7.29789,8.09122,2.58283,2.58283,2.75282,2.75282,3.91092,3.07054,3.05659,2.45053,2.04153
2024-08-28,-0.804019,8.1978,6.2558,8.8516,9.66426,6.63994,10.9037,9.3415,7.09571,10.0467,10.9327,8.03647,11.4046,12.314,8.64844,12.713,8.909,7.70933,8.5491,3.0267,3.0267,3.11123,3.11123,4.08932,3.10092,3.32483,2.63122,2.19618
2024-08-29,0.608965,8.1978,6.2558,8.8516,9.34154,6.41804,10.5396,9.02954,6.82892,9.70537,9.69134,7.12395,10.1097,11.5517,8.11306,11.926,8.61298,7.27916,8.21284,2.87373,2.87373,3.22739,3.22739,3.54513,3.10092,3.21345,2.33245,2.06023
2024-08-30,-0.453484,8.1978,6.2558,8.8516,9.02729,6.20197,10.1851,8.72577,6.65087,9.43184,8.50687,6.25326,8.87407,9.02051,6.33533,9.31282,6.58046,5.53014,6.26536,2.64647,2.64647,3.16309,3.16309,2.58967,3.07054,3.06989,2.04738,1.60879
2024-08-31,-0.253328,8.12919,6.22253,8.75936,8.72701,5.99549,9.84642,7.96078,6.42949,9.05815,3.92355,2.8253,4.07566,2.92468,2.19615,3.18862,4.64581,3.90143,4.42249,2.7039,2.7039,2.96418,2.96418,1.78731,3.06375,2.94772,0.952648,0.558537
2024-09-01,-2.82818,8.12919,6.22253,8.75936,8.43922,5.79761,9.52178,7.69807,6.21733,8.74849,5.13248,3.69583,5.33145,4.33791,3.25735,4.72938,6.48522,5.47476,6.18208,2.59221,2.59221,2.69096,2.69096,2.49839,3.06375,2.85016,1.24618,0.828426
2024-09-02,3.06967,8.12919,6.22253,8.75936,8.45188,5.80632,9.53606,7.70963,6.22666,8.76303,9.5692,6.89065,9.94017,11.2194,8.42467,12.2319,8.71789,7.3838,8.31766,2.87434,2.87434,3.07573,3.07573,3.51592,3.06375,2.85445,2.32342,2.14261
2024-09-03,-2.88574,8.12919,6.22253,8.75936,8.50603,5.84355,9.59715,7.75885,6.26658,8.80609,10.2535,7.38342,10.651,10.4246,7.82787,11.3654,9.76754,8.46671,9.37729,3.07557,3.07557,2.77973,2.77973,4.54585,3.06375,2.87281,2.48958,1.99082
2024-09-04,0.936759,8.12919,6.22253,8.75936,8.52404,5.85593,9.61746,7.77508,6.27986,8.81153,10.9451,7.88143,11.3694,9.91855,7.44787,10.8137,9.72109,8.34049,9.30691,3.01297,3.01297,2.75763,2.75763,4.31476,3.06375,2.89214,2.6575,1.89418
2024-09-05,-3.17388,8.12919,6.22253,8.75936,8.27575,5.68522,9.33739,7.54978,6.03259,8.577,9.05028,6.51698,9.40113,8.37731,6.29055,9.13333,9.76129,8.23591,9.30368,2.67448,2.67448,2.53164,2.53164,4.00773,3.03913,2.80758,2.19743,1.59985
2024-09-06,-4.01789,8.12919,6.22253,8.75936,8.3769,5.75476,9.45148,7.64186,6.10637,8.67484,8.67229,6.24479,9.00848,7.54351,5.66444,8.22427,7.41308,6.24074,7.06138,2.84531,2.84531,2.5757,2.5757,3.00585,3.06375,2.84203,2.10565,1.44061
2024-09-07,0.353298,8.12919,6.22253,8.75936,8.67689,5.96103,9.78988,8.29878,6.32521,9.01203,4.65506,3.35204,4.83552,3.87001,2.90601,4.21926,5.81896,4.86933,5.53407,3.21077,3.21077,2.94205,2.94205,2.22528,3.07054,2.98406,1.13026,0.73907
2024-09-08,1.28809,8.12919,6.22253,8.75936,8.39347,5.76616,9.47018,7.8976,6.11846,8.7112,6.13002,4.41414,6.36766,6.03229,4.52967,6.57668,5.8091,4.9207,5.54258,2.91992,2.91992,2.88587,2.88587,2.34239,3.07054,2.88624,1.48838,1.15201
2024-09-09,3.89455,8.12919,6.21531,8.73046,8.18107,5.62011,9.23058,7.46641,5.67924,8.442,10.3177,7.4296,10.7176,10.8753,8.16627,11.8567,8.50577,7.24374,8.12716,2.46818,2.46818,2.40291,2.40291,3.63024,3.06375,2.78111,2.50515,2.07689
2024-09-10,1.0974,8.12919,6.21531,8.73046,8.46233,5.8135,9.54785,7.72279,5.87467,8.72924,10.4875,7.55188,10.894,11.499,8.63463,12.5367,8.31417,7.06337,7.93893,2.67417,2.67417,2.5005,2.5005,3.45925,3.06375,2.87709,2.54638,2.196
2024-09-11,-0.531416,8.12919,6.21531,8.73046,8.2708,5.67645,9.34131,7.51743,5.71136,8.47931,9.57188,6.89258,9.94295,9.66474,7.25728,10.5369,7.81438,6.72076,7.48629,2.49446,2.49446,2.19328,2.19328,3.49114,3.06375,2.83002,2.32407,1.84571
2024-09-12,1.35767,8.12919,6.21531,8.73046,8.01953,5.50389,9.05757,7.28914,5.53775,8.22286,8.6412,6.22241,8.9762,8.89339,6.67808,9.69598,8.09745,6.93028,7.74729,2.53228,2.53228,2.30887,2.30887,3.61555,3.06375,2.7126,2.0981,1.6984
2024-09-13,4.11907,8.12919,6.21531,8.73046,7.84208,5.38203,8.85718,7.12821,5.41514,8.04461,7.58672,5.4631,7.88084,7.45987,5.60164,8.13309,6.71264,5.67745,6.40208,2.6456,2.6456,2.2947,2.2947,2.78961,3.03913,2.63772,1.84207,1.42464
2024-09-14,-0.939129,8.12919,6.21531,8.73046,8.24098,5.65597,9.30764,7.49056,5.69076,8.45099,3.7118,2.67282,3.8557,3.82776,2.87428,4.1732,3.89133,3.25171,3.69944,2.83271,2.83271,2.45424,2.45424,1.49619,3.03913,2.77226,0.901234,0.731002
2024-09-15,-1.37983,8.12919,6.21531,8.73046,8.01423,5.50025,9.05158,7.28397,5.53409,8.21405,6.9421,4.99891,7.21123,6.13336,4.60556,6.68686,5.89534,5.02749,5.63498,2.84468,2.84468,2.49503,2.49503,2.46306,3.03913,2.69578,1.68556,1.17131
2024-09-16,-1.6875,8.12919,6.21531,8.73046,7.84174,5.3818,8.8568,7.12667,5.4149,8.03268,10.5868,7.62343,10.9973,11.0608,8.30562,12.059,9.82258,8.49831,9.4253,2.87084,2.87084,2.52891,2.52891,4.51288,3.03913,2.6376,2.57051,2.11233
2024-09-17,3.57171,8.12919,6.21531,8.73046,7.7184,5.29709,8.7175,7.01607,5.32967,7.92074,10.2333,7.36887,10.63,10.0973,7.58209,11.0085,9.2406,7.99289,8.86629,2.88447,2.88447,2.66481,2.66481,4.32749,3.03913,2.596,2.48467,1.92832
2024-09-18,2.19943,8.12919,6.21531,8.73046,7.97896,5.47603,9.01175,7.25236,5.50971,8.18226,10.3664,7.46467,10.7682,10.2324,7.68355,11.1558,9.65518,8.33881,9.26027,3.17621,3.17621,2.69388,2.69388,4.39159,3.03913,2.68389,2.51698,1.95412
2024-09-19,2.07211,8.12919,6.21531,8.73046,7.91713,5.43357,8.94193,7.39315,5.54918,8.13899,10.0769,7.25625,10.4676,9.76029,7.32904,10.6411,8.61854,7.46576,8.27271,2.97666,2.97666,2.82272,2.82272,4.03543,3.03913,2.66303,2.4467,1.86396
2024-09-20,0.400399,8.12919,6.21531,8.73046,7.84,5.3806,8.85482,7.14538,5.44546,8.05145,9.18539,6.61427,9.54147,8.28823,6.22366,9.03621,7.71818,6.46152,7.34118,2.69677,2.69677,2.72487,2.72487,3.03909,3.03913,2.63702,2.23023,1.58283
2024-09-21,0.318931,8.12919,6.21531,8.73046,7.61055,5.22303,8.59572,6.91788,5.25516,7.80865,3.80276,2.73832,3.95018,3.35534,2.51953,3.65814,4.64545,3.86068,4.41002,2.47263,2.47263,2.52816,2.52816,1.68905,3.03913,2.55963,0.92332,0.640781
2024-09-22,0.399661,8.12919,6.21531,8.73046,7.39359,5.07403,8.35071,6.71988,5.10525,7.57869,6.49317,4.67565,6.74489,5.31392,3.99024,5.79347,5.78898,4.86852,5.51284,2.48213,2.48213,2.31208,2.31208,2.21793,3.03913,2.48645,1.57656,1.01482
2024-09-23,-0.502303,8.12919,6.21531,8.73046,7.19306,4.93632,8.12426,6.53671,4.96669,7.36506,9.63124,6.93532,10.0046,9.8184,7.37267,10.7045,8.54933,7.4111,8.20786,2.51032,2.51032,2.12425,2.12425,3.95387,3.03913,2.41882,2.33849,1.87505
2024-09-24,1.52342,8.12919,6.07552,8.73046,7.01063,4.81104,7.91825,6.37768,4.84064,7.15924,8.97492,6.46272,9.32285,8.72556,6.55205,9.513,7.77266,6.72395,7.45805,2.47177,2.47177,2.23623,2.23623,3.62477,3.03633,2.35488,2.17913,1.66635
2024-09-25,-1.81859,8.12919,6.07552,8.73046,6.92818,4.75442,7.82514,6.3029,4.78367,7.0762,9.19682,6.62251,9.55336,8.28915,6.22435,9.03721,7.4618,6.31868,7.11887,2.42175,2.42175,2.22758,2.22758,3.03166,3.03633,2.3271,2.23301,1.58301
2024-09-26,3.1764,8.12919,6.07552,8.73046,6.8983,4.73389,7.7914,6.27511,4.76302,7.04284,8.89082,6.40216,9.23549,8.14665,6.11734,8.88184,7.82142,6.59171,7.45251,2.62573,2.62573,2.41195,2.41195,3.16475,3.03633,2.31703,2.15871,1.55579
2024-09-27,0.930958,8.12919,6.07552,8.73046,7.15439,4.90976,8.08059,6.50772,4.93997,7.30243,8.46361,6.09453,8.79172,7.3603,5.52687,8.02453,7.16041,6.05826,6.82976,2.71315,2.71315,2.44656,2.44656,2.94123,3.03633,2.40332,2.05498,1.40562
2024-09-28,0.147309,8.12919,6.07552,8.73046,6.99942,4.80334,7.90559,6.36782,4.8329,7.14944,4.02353,2.89729,4.17951,2.91902,2.1919,3.18245,5.26938,4.40198,5.00916,2.51684,2.51684,2.23708,2.23708,1.98798,3.03633,2.3511,0.976924,0.557455
2024-09-29,-0.383722,8.12919,6.07552,8.73046,6.8195,4.67978,7.70241,6.20275,4.70858,6.9592,6.117,4.40477,6.35414,4.8652,3.65329,5.30426,5.52107,4.63615,5.25559,2.30145,2.30145,2.32348,2.32348,2.12043,3.03633,2.29048,1.48522,0.929124
2024-09-30,-3.57626,8.12919,6.07552,8.73046,6.65791,4.56881,7.51994,6.05533,4.59693,6.79237,9.21642,6.63662,9.57371,9.15282,6.87288,9.97882,7.88401,6.73003,7.53782,2.1325,2.1325,2.11596,2.11596,3.41049,3.03633,2.23603,2.23777,1.74795
2024-10-01,-4.01529,8.12919,6.07552,8.73046,7.01367,4.80959,7.92191,6.40533,4.87816,7.20161,9.71814,6.9979,10.0949,10.2289,7.68092,11.152,8.32494,7.17222,7.97913,2.42391,2.42391,2.46851,2.46851,3.79303,3.03913,2.37291,2.35959,1.95345
2024-10-02,-0.336254,8.12919,6.07552,8.73046,7.48718,5.13485,8.45651,6.84952,5.1668,7.6998,9.95871,7.17113,10.3448,9.94175,7.46529,10.8389,8.83087,7.63395,8.4718,2.75238,2.75238,2.65324,2.65324,4.07822,3.03913,2.53427,2.418,1.89861
2024-10-03,0.208605,8.12919,6.07552,8.73046,7.28145,4.99353,8.22424,6.659,5.02461,7.48483,8.73259,6.28822,9.07112,8.3599,6.27748,9.11435,8.49621,7.23325,8.11732,2.42557,2.42557,2.58347,2.58347,3.69934,3.03913,2.46416,2.12029,1.59652
2024-10-04,2.13003,8.12919,6.07552,8.73046,7.08468,4.85837,8.00208,6.48468,4.8886,7.29136,7.15316,5.15089,7.43046,6.4165,4.81817,6.99556,4.42008,3.62594,4.18184,2.37415,2.37415,2.51097,2.51097,1.52138,3.03633,2.38487,1.7368,1.22538
2024-10-05,0.0361976,8.12919,6.07552,8.73046,7.08071,4.85564,7.9976,6.47788,4.88586,7.28234,3.20476,2.3077,3.329,3.40192,2.55451,3.70892,3.08601,2.52527,2.91779,2.40926,2.40926,2.51371,2.51371,1.01313,3.03633,2.38353,0.778123,0.649676
2024-10-06,1.16727,8.12919,6.07552,8.73046,6.89524,4.72824,7.7882,6.3048,4.75767,7.08655,5.15883,3.7148,5.35882,4.71167,3.53801,5.13688,6.1104,5.07752,5.80054,2.09515,2.09515,2.14535,2.14535,2.17725,3.03633,2.32065,1.25258,0.899805
2024-10-07,-0.931265,8.12919,6.07552,8.73046,6.77702,4.64703,7.65473,6.19299,4.67596,6.95965,9.07414,6.53416,9.42591,9.59533,7.20517,10.4613,8.4831,7.18806,8.09459,2.21557,2.21557,2.10295,2.10295,3.48723,3.03633,2.28056,2.20322,1.83246
2024-10-08,-0.168357,8.12919,6.07552,8.73046,6.65075,4.5603,7.51217,6.07723,4.58869,6.82953,8.56417,6.16694,8.89617,8.61634,6.47004,9.39392,8.68745,7.43017,8.31027,2.29525,2.29525,2.12794,2.12794,3.84655,3.03633,2.23775,2.0794,1.64549
2024-10-09,-2.52612,8.12919,6.07552,8.73046,6.49478,4.45316,7.33607,5.93702,4.48089,6.67281,7.68204,5.53173,7.97985,6.53155,4.90456,7.12099,7.91106,6.69297,7.54563,2.50418,2.50418,2.0954,2.0954,3.22846,3.03633,2.18487,1.86522,1.24735
2024-10-10,-0.509039,8.12919,6.07552,8.73046,6.63538,4.54974,7.49481,6.07042,4.57806,6.82452,8.01379,5.77062,8.32446,7.49907,5.63107,8.17582,8.66712,7.43357,8.29705,2.53866,2.53866,2.26402,2.26402,3.86377,3.01441,2.23254,1.94577,1.43212
2024-10-11,3.53785,8.12919,6.07552,8.73046,6.49142,4.45085,7.33228,5.93492,4.47856,6.6708,7.23231,5.20789,7.51268,5.91592,4.44228,6.4498,6.90971,5.72978,6.55574,2.41424,2.41424,2.16161,2.16161,2.57912,3.01441,2.18373,1.75602,1.12978
2024-10-12,1.19063,8.12919,6.07552,8.73046,6.87953,4.71745,7.77047,6.28381,4.74681,7.0608,3.41364,2.45811,3.54597,3.13403,2.35335,3.41686,5.51719,4.59143,5.23946,2.43461,2.43461,2.04202,2.04202,2.01671,3.01441,2.31532,0.82884,0.598517
2024-10-13,-0.542109,8.12919,6.07552,8.73046,6.76473,4.63859,7.64085,6.17251,4.66747,6.93423,5.27291,3.79695,5.47733,4.80319,3.60673,5.23666,5.64838,4.72083,5.37012,2.38318,2.38318,2.03289,2.03289,2.10986,3.01441,2.2764,1.28028,0.917282
2024-10-14,4.95806,8.12919,6.07552,8.73046,6.61363,4.5348,7.47026,6.03353,4.56303,6.77795,8.66555,6.23995,9.00149,8.93387,6.70847,9.74011,7.22472,6.13889,6.89897,2.25971,2.25971,2.31373,2.31373,3.0251,3.01441,2.22516,2.10402,1.70613
2024-10-15,1.49526,8.12919,6.07552,8.73046,7.46143,5.11716,8.42743,6.79844,5.149,7.63549,9.39308,6.76383,9.75722,9.95199,7.47298,10.8501,8.32649,7.20757,7.99081,2.36279,2.36279,2.348,2.348,3.91962,3.01441,2.51261,2.28066,1.90057
2024-10-16,0.849017,8.12919,6.07552,8.73046,7.33705,5.03172,8.28701,6.68017,5.06303,7.50227,8.92447,6.42639,9.27044,8.47415,6.36327,9.23891,7.13563,6.05864,6.81253,2.32535,2.32535,2.28085,2.28085,2.93171,3.01441,2.47044,2.16688,1.61834
2024-10-17,-0.31536,8.12919,6.07552,8.73046,7.16264,4.91192,8.0901,6.5249,4.94248,7.32826,8.25515,5.94442,8.57518,7.79696,5.85476,8.5006,6.87625,5.81232,6.55707,2.32115,2.32115,2.1806,2.1806,2.79473,3.01441,2.39688,2.00437,1.48901
2024-10-18,1.50049,8.10843,5.96948,8.53491,6.97678,4.78425,7.88025,6.2758,4.81402,6.93237,7.50626,5.29165,7.64933,6.11546,4.59014,6.57677,6.33099,5.27047,6.01283,2.26812,2.26812,2.16667,2.16667,2.37419,2.97441,2.33115,1.82472,1.17098
2024-10-19,-0.0819642,8.10843,5.96948,8.53491,6.8891,4.72402,7.78127,6.1972,4.75343,6.85282,3.20675,2.26065,3.26787,2.69179,2.02041,2.89485,3.23927,2.65697,3.06458,2.21725,2.21725,2.05743,2.05743,1.06271,2.91861,2.30108,0.779537,0.515421
2024-10-20,0.93034,8.10843,5.96948,8.53491,6.7164,4.60539,7.58629,6.04198,4.63406,6.68658,4.29674,3.02905,4.37864,3.61386,2.71249,3.88647,5.65278,4.71183,5.37049,2.22364,2.22364,2.02688,2.02688,2.01153,2.91861,2.24296,1.04451,0.691978
2024-10-21,-2.39633,8.10843,5.96948,8.53491,6.61184,4.51251,7.49252,5.93372,4.58988,6.54862,8.92657,6.29292,9.09671,9.16752,6.88096,9.85906,7.34902,6.20634,7.00622,2.23538,2.23538,1.92946,1.92946,2.96531,2.91861,2.20367,2.16998,1.75539
2024-10-22,-0.0095746,8.10843,5.96948,8.53491,6.72768,4.59182,7.62368,6.03763,4.67044,6.65965,9.16535,6.46126,9.34005,8.59721,6.45289,9.24573,8.77042,7.43577,8.37002,2.55205,2.55205,2.23346,2.23346,3.71667,2.91861,2.24823,2.22803,1.64618
2024-10-23,-1.38903,8.10843,5.96948,8.53491,6.56221,4.47853,7.43633,5.88888,4.55511,6.49163,7.75954,5.4702,7.90744,6.77312,5.08376,7.28404,8.75105,7.40372,8.34685,2.24154,2.24154,2.11108,2.11108,3.58868,2.91861,2.19219,1.88629,1.29691
2024-10-24,2.56915,8.10843,5.96948,8.53491,6.50473,4.43917,7.37124,5.8371,4.51497,6.43075,7.61584,5.3689,7.761,6.75543,5.07049,7.26501,8.01287,6.78306,7.64392,2.12775,2.12775,2.16245,2.16245,3.39313,2.91861,2.17272,1.85135,1.29352
2024-10-25,-2.25322,8.10843,5.96948,8.53491,6.65055,4.53902,7.53635,5.96799,4.61644,6.57296,7.60146,5.35876,7.74634,6.38346,4.7913,6.86499,6.63484,5.52475,6.30181,2.09235,2.09235,2.19323,2.19323,2.54271,2.91861,2.22211,1.84786,1.2223
2024-10-26,0.557079,8.10843,5.96948,8.53491,6.73181,4.59465,7.62835,6.04079,4.67288,6.64882,3.20479,2.25926,3.26587,2.43177,1.82524,2.61521,4.44412,3.68697,4.21698,2.08882,2.08882,2.39345,2.39345,1.63333,2.91861,2.25858,0.779059,0.465633
2024-10-27,1.35555,8.10843,5.96948,8.53491,6.57789,4.48927,7.45408,5.90236,4.51062,6.49436,4.66014,3.28524,4.74896,4.20531,3.15642,4.52253,4.33155,3.55975,4.10001,1.79677,1.79677,2.18425,2.18425,1.44419,2.91861,2.20624,1.13284,0.805228
2024-10-28,2.87091,8.10843,5.96948,8.53491,6.50307,4.43804,7.36936,5.83504,4.45915,6.41994,8.77209,6.18402,8.93929,9.13869,6.85932,9.82806,6.72305,5.59096,6.38342,1.83094,1.83094,2.22566,2.22566,2.48546,2.91861,2.1808,2.13243,1.74986
2024-10-29,3.94467,8.10843,5.96948,8.53491,6.72194,4.58789,7.61718,6.03133,4.6097,6.63501,8.67468,6.11535,8.84003,8.92621,6.69983,9.59954,7.14578,6.01747,6.80729,1.83414,1.83414,2.16295,2.16295,2.87086,2.91861,2.25522,2.10875,1.70918
2024-10-30,-0.525234,8.10843,5.96948,8.53491,7.2227,4.93076,8.18418,6.48228,4.95421,7.13454,9.71969,6.85204,9.90495,9.04232,6.78699,9.72442,7.10726,6.05593,6.79186,1.97438,1.97438,1.96205,1.96205,3.01963,2.88846,2.4159,2.36278,1.73141
2024-10-31,-2.98063,8.10843,5.96948,8.53491,7.03665,4.80338,7.97352,6.31484,4.82622,6.94937,8.51658,6.00389,8.67891,7.98716,5.995,8.58966,7.33319,6.20817,6.99568,2.02963,2.02963,2.00091,2.00091,3.05847,2.88846,2.35289,2.07032,1.52937
2024-11-01,-1.04901,8.10843,5.96948,8.53491,7.24196,4.94395,8.20599,6.50039,4.96765,7.2059,8.40383,5.9244,8.56401,7.71104,5.78775,8.29271,7.14338,5.97036,6.79147,2.36705,2.36705,2.39411,2.39411,2.82589,2.91861,2.44707,2.04291,1.4765
2024-11-02,-0.278433,8.10843,5.96948,8.53491,7.09183,4.84115,8.03599,6.36553,4.86437,7.05364,3.22217,2.27152,3.28359,2.83746,2.12974,3.0515,3.66509,3.05148,3.481,2.41747,2.41747,2.44635,2.44635,1.36387,2.91861,2.39571,0.783286,0.543314
2024-11-03,-0.794266,8.10843,5.96948,8.53491,6.90533,4.71346,7.82483,6.19802,4.73607,6.8686,4.83383,3.40768,4.92597,5.13274,3.85253,5.51992,5.71749,4.77059,5.43342,2.32232,2.32232,2.33538,2.33538,2.0856,2.91861,2.33192,1.17507,0.982811
2024-11-04,-1.36156,8.10843,5.96948,8.53491,6.7588,4.61314,7.65892,6.0664,4.63527,6.72749,9.21156,6.49383,9.38714,10.0798,7.56572,10.8402,8.98478,7.65275,8.58517,2.23707,2.23707,2.30192,2.30192,3.86545,2.91861,2.28179,2.23926,1.93007
2024-11-05,2.25721,8.10843,5.96948,8.53491,6.68111,4.55994,7.57095,5.99661,4.58182,6.64671,9.07199,6.39544,9.24491,8.71645,6.54239,9.37396,9.06014,7.68755,8.64836,2.35179,2.35179,2.42614,2.42614,3.8394,2.91861,2.25521,2.20533,1.66901
2024-11-06,8.6669,8.10843,5.96948,8.53491,6.74137,4.6012,7.63918,6.05074,4.62327,6.70282,8.74812,6.16712,8.91487,8.70907,6.53685,9.36602,7.19937,6.11399,6.87375,2.16397,2.16397,2.23466,2.23466,2.97365,2.91861,2.27583,2.1266,1.6676
2024-11-07,0.350764,8.10843,5.96948,8.53491,9.3883,6.41352,10.6362,8.42834,6.44419,9.33205,9.29675,6.55388,9.47395,9.94091,7.46145,10.6908,7.92035,6.59559,7.52293,2.52785,2.52785,2.45609,2.45609,2.95682,2.91861,3.18132,2.25997,1.90347
2024-11-08,0.840434,8.10843,5.96948,8.53491,9.05342,6.18423,10.2571,8.12753,6.21382,9.00333,8.02749,5.6591,8.1805,7.16404,5.37718,7.70445,6.96867,5.74522,6.60164,2.37019,2.37019,2.56687,2.56687,2.49567,2.91861,3.048,1.95142,1.37176
2024-11-09,0.304441,8.10843,5.96948,8.53491,8.75754,5.98165,9.92203,7.86175,6.01026,8.70253,3.15783,2.22616,3.21802,2.90825,2.18288,3.12763,3.88018,3.17708,3.66925,2.2317,2.2317,2.45246,2.45246,1.27865,2.91861,2.94739,0.767644,0.556868
2024-11-10,4.7007,8.10843,5.96948,8.53491,8.2749,5.69229,9.31885,7.50221,5.67096,8.31995,5.19533,3.66253,5.29436,4.58174,3.43896,4.92735,4.34291,3.59752,4.1193,2.29822,2.29822,2.27519,2.27519,1.50727,2.91861,2.78923,1.26295,0.877305
2024-11-11,9.73402,8.10843,5.96948,8.53491,8.73674,6.01063,9.8387,7.92111,5.98656,8.77747,9.97219,7.03005,10.1623,11.1764,8.38881,12.0195,7.72973,6.49522,7.35938,2.33022,2.33022,2.38753,2.38753,3.03469,2.91861,2.94626,2.42416,2.14005
2024-11-12,-0.844214,8.10843,5.96948,8.53491,11.1051,7.6431,12.5045,10.0693,7.61946,11.1893,11.5569,8.14718,11.7771,13.6672,10.2583,14.6981,9.41409,8.01324,8.99383,2.55271,2.55271,2.92153,2.92153,4.02969,2.91861,3.75153,2.80938,2.61697
2024-11-13,2.94449,8.10843,5.96948,8.53491,10.7264,7.38208,12.0783,9.72583,7.35767,10.7998,9.7504,6.87369,9.93625,10.351,7.76922,11.1318,8.6313,7.23648,8.21285,2.4513,2.4513,2.3912,2.3912,3.34238,2.91861,3.62277,2.37025,1.98199
2024-11-14,-3.74969,7.88671,5.96013,8.44926,10.5692,7.27368,11.9013,9.51872,7.27764,10.4662,9.36404,6.58819,9.46376,10.3429,7.60285,11.0779,8.44865,7.08532,8.03965,2.6684,2.6684,2.24857,2.24857,3.29614,2.88846,3.56646,2.27633,1.98045
2024-11-15,4.28021,7.88671,5.96013,8.44926,10.5772,7.27922,11.9103,9.52595,7.28312,10.4733,9.62892,6.77454,9.73146,9.50979,6.99045,10.1856,8.164,6.91806,7.79022,2.91235,2.91235,2.9382,2.9382,3.46621,2.91861,3.57203,2.34072,1.82092
2024-11-16,-0.558882,7.88671,5.96013,8.44926,10.6795,7.34976,12.0255,9.61816,7.34694,10.5736,4.36902,3.07388,4.41555,3.75872,2.76295,4.02582,5.11106,4.28321,4.8627,2.88407,2.88407,2.61526,2.61526,1.96223,2.91861,3.60683,1.06208,0.719714
2024-11-17,-0.790034,7.88671,5.96013,8.44926,10.3116,7.09612,11.6113,9.28663,7.10009,10.2129,6.68811,4.6884,6.71777,6.80442,5.00179,7.28795,4.86552,4.0471,4.62,2.54982,2.54982,2.28469,2.28469,1.75334,2.88846,3.48171,1.62583,1.3029
2024-11-18,0.772551,7.88671,5.96013,8.44926,9.9715,6.86173,11.2285,8.98025,6.86572,9.87852,10.797,7.56876,10.8449,13.3297,9.79839,14.2769,8.11283,6.82438,7.72629,2.52994,2.52994,2.25252,2.25252,3.19331,2.8588,3.36341,2.62467,2.55236
2024-11-19,1.96975,7.88671,5.96013,8.44926,9.6453,6.63688,10.8614,8.68636,6.64085,9.55699,9.94307,6.97014,9.98715,10.1419,7.45508,10.8626,9.06381,7.71437,8.65898,2.31991,2.31991,2.1284,2.1284,3.89868,2.8588,3.25259,2.41708,1.94195
2024-11-20,2.13814,7.88671,5.96013,8.44926,9.43006,6.48852,10.6191,8.49244,6.49245,9.34441,9.95452,6.97817,9.99865,9.84238,7.23493,10.5418,8.62417,7.35798,8.24431,1.9463,1.9463,1.90296,1.90296,3.75818,2.8588,3.17381,2.41987,1.88461
2024-11-21,4.32046,7.88671,5.96013,8.44926,9.24864,6.36347,10.4149,8.32899,6.36737,9.16548,9.33625,6.54476,9.37765,9.52817,7.00395,10.2052,7.51718,6.27965,7.14592,1.93354,1.93354,1.7285,1.7285,2.94557,2.8588,3.11228,2.26957,1.82444
2024-11-22,0.499169,7.88671,5.96013,8.44926,9.49208,6.53127,10.6889,8.54832,6.53527,9.40664,9.0579,6.34963,9.09806,8.97085,6.59428,9.60833,5.5837,4.62016,5.29464,2.02715,2.02715,1.94925,1.94925,2.04321,2.8588,3.19485,2.20191,1.71773
2024-11-23,-1.2404,7.88671,5.96013,8.44926,9.18154,6.31722,10.3394,8.26853,6.32095,9.09669,3.12648,2.19168,3.14035,2.50679,1.84268,2.68492,3.34247,2.70417,3.15098,1.82965,1.82965,1.99935,1.99935,1.02885,2.8588,3.08953,0.760025,0.479996
2024-11-24,0.241626,7.88671,5.96013,8.44926,8.93121,6.14467,10.0576,8.04299,6.14855,8.85266,6.35786,4.45689,6.38605,5.82715,4.28342,6.24124,4.79377,3.95695,4.54273,2.32504,2.32504,2.05341,2.05341,1.65286,2.83744,3.00349,1.54555,1.11578
2024-11-25,-5.14097,7.88671,5.96013,8.44926,8.64506,5.94744,9.73551,7.83808,5.95456,8.72409,9.96665,6.98667,10.0108,10.8576,7.98117,11.6291,6.87318,5.74183,6.53377,2.31579,2.31579,2.01934,2.01934,2.5858,2.83744,2.90758,2.42282,2.07899
2024-11-26,-1.20699,7.88671,5.96013,8.44926,9.21168,6.338,10.3733,8.35204,6.34559,9.29905,10.413,7.29959,10.4592,11.6151,8.53799,12.4404,9.45789,8.05081,9.03577,3.2717,3.2717,2.76877,2.76877,4.064,2.8588,3.10527,2.53133,2.22404
2024-11-27,4.23288,7.88671,5.96013,8.44926,8.95702,6.16247,10.0867,8.12105,6.16985,9.03434,10.0825,7.06785,10.1272,9.49358,6.97853,10.1682,9.46546,8.07831,9.04932,2.71553,2.71553,2.26101,2.26101,4.05567,2.8588,3.01875,2.45097,1.81782
2024-11-28,-0.323632,7.88671,5.96013,8.44926,9.21003,6.33686,10.3714,8.35054,6.34445,9.30503,9.90881,6.94613,9.95275,11.1692,8.21026,11.9629,10.1546,8.60118,9.6886,2.65352,2.65352,2.33484,2.33484,4.24037,2.83744,3.09919,2.40876,2.13867
2024-11-29,1.87362,7.37175,5.8041,8.36251,8.91183,6.13131,10.0358,8.02553,6.13685,8.86058,8.94342,6.26938,8.98307,8.41523,6.18586,9.01322,5.89111,4.85151,5.57923,2.47198,2.47198,2.23439,2.23439,2.05029,2.83134,2.99806,2.17408,1.61134
2024-11-30,-1.04427,7.37175,5.8041,8.36251,8.73937,5.99605,9.86132,7.85111,5.85976,8.55476,2.9479,2.06649,2.96097,3.08187,2.26542,3.30088,4.69114,3.88452,4.44915,2.47168,2.47168,2.20837,2.20837,1.68623,2.83134,2.95459,0.716611,0.590113
2024-12-01,0.857634,7.37175,5.8041,8.36251,8.46426,5.80682,9.55109,7.6038,5.67515,8.28569,6.08224,4.26368,6.10921,6.32056,4.64611,6.7697,6.38581,5.33652,6.07102,2.39845,2.39845,2.25551,2.25551,2.33964,2.83134,2.84752,1.47855,1.21025
2024-12-02,-1.46472,7.37175,5.8041,8.36251,8.1873,5.61632,9.23877,7.35484,5.48858,8.01409,10.5914,7.42459,10.6383,11.8191,8.68799,12.659,8.31286,7.00226,7.91968,2.1238,2.1238,2.30277,2.30277,3.29256,2.83134,2.75329,2.57468,2.26311
2024-12-03,0.142662,7.37175,5.8041,8.36251,7.99741,5.4857,9.02463,7.18414,5.36091,7.82797,10.1302,7.10133,10.1751,10.8831,7.9999,11.6564,9.39339,7.97412,8.96761,2.24856,2.24856,2.20794,2.20794,3.99686,2.83134,2.68868,2.46258,2.08387
2024-12-04,2.84083,7.37175,5.8041,8.36251,7.72635,5.29925,8.71897,6.94047,5.25183,7.6344,9.00707,6.314,9.04701,8.16082,5.99885,8.74074,7.97028,6.68421,7.58446,2.27916,2.27916,2.1633,2.1633,3.07783,2.83134,2.60838,2.18955,1.56262
2024-12-05,-2.22668,7.37175,5.76974,8.34433,7.80853,5.35578,8.81164,7.01435,5.23392,7.65883,8.48913,5.95092,8.52677,9.29816,6.83488,9.9589,7.74404,6.47774,7.36415,2.38846,2.38846,2.1824,2.1824,2.96808,2.82845,2.63647,2.06364,1.7804
2024-12-06,3.38648,7.37175,5.76974,8.34433,7.77199,5.33065,8.77043,6.9815,5.20936,7.62267,8.38927,5.88092,8.42646,7.85101,5.77111,8.40891,6.01473,4.98301,5.70521,2.53002,2.53002,2.19179,2.19179,2.17619,2.82845,2.62393,2.03937,1.5033
2024-12-07,0.00262393,7.37175,5.76974,8.34433,7.98779,5.47909,9.01379,7.17549,5.35445,7.83333,3.2024,2.2449,3.21659,3.57906,2.63089,3.8334,4.49624,3.74006,4.26939,2.68968,2.68968,2.35675,2.35675,1.61672,2.82845,2.69202,0.778478,0.685314
2024-12-08,1.30513,7.37175,5.76974,8.34433,7.71711,5.2929,8.70856,6.93217,5.17246,7.56872,5.23582,3.67034,5.25904,5.15898,3.79226,5.52558,5.4416,4.539,5.17082,2.723,2.723,2.53461,2.53461,1.93264,2.82845,2.59332,1.27279,0.987834
2024-12-09,-3.82925,7.37175,5.76974,8.34433,7.53425,5.16712,8.50234,6.76779,5.04951,7.39408,10.0452,7.04173,10.0897,11.5377,8.48115,12.3576,9.53207,8.09356,9.10052,2.62802,2.62802,2.36759,2.36759,3.95236,2.82845,2.53111,2.44191,2.20923
2024-12-10,-0.780278,7.37175,5.76974,8.34433,7.94295,5.44824,8.96322,7.13518,5.3243,7.79402,9.87326,6.9212,9.91703,10.6486,7.82755,11.4053,10.0425,8.53361,9.58981,2.65696,2.65696,2.53343,2.53343,4.23277,2.83134,2.68241,2.40011,2.03898
2024-12-11,4.54729,7.37175,5.76974,8.34433,7.70462,5.28431,8.69446,6.92094,5.16406,7.56558,8.86801,6.21652,8.90733,9.30347,6.83878,9.96458,8.85198,7.57346,8.46842,2.41033,2.41033,2.4232,2.4232,3.83634,2.83134,2.60095,2.15575,1.78142
2024-12-12,-1.12322,7.37175,5.76974,8.34433,8.29688,5.69169,9.36234,7.45334,5.56226,8.1454,8.65159,6.06481,8.68995,9.98996,7.34341,10.6999,8.78855,7.46615,8.39183,2.49241,2.49241,2.24393,2.24393,3.70682,2.83134,2.80336,2.10314,1.91287
2024-12-13,1.40572,7.37175,5.76974,8.34433,8.06109,5.5295,9.09644,7.24138,5.40373,7.91372,8.65083,6.06427,8.68918,7.72039,5.6751,8.26902,7.14164,5.91531,6.77374,2.26085,2.26085,2.1888,2.1888,2.61449,2.83134,2.72278,2.10295,1.47829
2024-12-14,-0.0850835,7.37175,5.76974,8.34433,7.86249,5.3929,8.87249,7.06286,5.2702,7.71695,2.89386,2.02861,2.90669,3.19501,2.34859,3.42205,3.57927,2.93626,3.38637,1.97377,1.97377,2.16798,2.16798,1.18898,2.83134,2.65491,0.703475,0.611777
2024-12-15,2.84524,7.37175,5.76974,8.34433,7.60119,5.21316,8.57783,6.82796,5.09452,7.46098,5.0118,3.5133,5.03402,5.37476,3.95087,5.7567,6.13248,5.10466,5.82413,1.92293,1.92293,1.8193,1.8193,2.19342,2.83134,2.56561,1.21833,1.02915
2024-12-16,1.64606,7.37175,5.76974,8.34433,7.69827,5.27994,8.68731,6.91524,5.1598,7.55377,10.3999,7.29035,10.446,11.3992,8.37928,12.2092,7.51212,6.36247,7.16723,1.9183,1.9183,1.87974,1.87974,3.03006,2.83134,2.59879,2.52813,2.18269
2024-12-17,0.104518,7.37175,5.76974,8.34433,7.55923,5.18431,8.53052,6.79025,5.06631,7.42044,9.59793,6.7282,9.64048,10.3092,7.57809,11.0418,9.00301,7.73914,8.62385,1.96143,1.96143,1.93259,1.93259,4.04881,2.83134,2.55127,2.33318,1.97399
2024-12-18,-5.91791,7.37175,5.76974,8.34433,7.31862,5.0188,8.25919,6.57396,4.90454,7.18217,9.09587,6.37625,9.1362,9.29425,6.83201,9.95471,7.38633,6.30538,7.06205,2.05014,2.05014,1.9274,1.9274,3.1264,2.83134,2.46904,2.21114,1.77965
2024-12-19,-2.5826,7.37175,5.80305,8.34904,8.58534,5.89011,9.68763,7.71265,5.83744,8.47093,8.94767,6.27236,8.98734,9.94641,7.31139,10.6532,8.82439,7.42289,8.40394,2.74403,2.74403,2.95164,2.95164,3.49607,2.83744,2.90388,2.17511,1.90452
2024-12-20,0.271431,7.37175,5.80305,8.34904,8.5947,5.88212,9.72032,7.64604,5.79284,8.40342,8.45992,5.93045,8.49743,8.02408,5.89834,8.59429,6.20027,5.18815,5.89663,2.88142,2.88142,2.70382,2.70382,2.37819,2.83744,2.88164,2.05654,1.53644
2024-12-21,-0.54488,7.37175,5.80305,8.34904,8.29246,5.67477,9.37871,7.37699,5.58862,8.10365,2.77447,1.94491,2.78677,2.57407,1.89214,2.75698,5.12204,4.26855,4.86599,2.69597,2.69597,2.42133,2.42133,1.88256,2.83744,2.77001,0.674452,0.492879
2024-12-22,-2.20442,7.37175,5.80305,8.34904,8.02297,5.48989,9.0741,7.15465,5.40652,7.8652,6.31808,4.429,6.34609,5.80737,4.26888,6.22005,7.07087,5.88056,6.71378,2.65377,2.65377,2.44313,2.44313,2.53101,2.83744,2.68796,1.53588,1.11199
2024-12-23,-0.441217,7.37175,5.80305,8.34904,7.96762,5.45192,9.01155,7.09084,5.36912,7.80572,10.1736,7.13176,10.2187,11.7559,8.64154,12.5913,9.59049,8.203,9.17424,2.65196,2.65196,2.71492,2.71492,4.16726,2.83744,2.66921,2.47313,2.25101
2024-12-24,4.12741,7.37175,5.80305,8.34904,7.71654,5.27967,8.72775,6.8643,5.19946,7.55442,9.06155,6.35219,9.10172,9.20647,6.76749,9.8607,8.42239,7.20267,8.05648,2.38249,2.38249,2.5042,2.5042,3.65229,2.83744,2.58415,2.20279,1.76284
2024-12-25,0.62947,7.37175,5.80305,8.34904,8.16715,5.58881,9.23707,7.26544,5.50395,7.9899,9.66873,6.77783,9.7116,11.0516,8.12378,11.8369,7.86026,6.59053,7.47934,2.36965,2.36965,2.48137,2.48137,3.00465,2.83744,2.7368,2.3504,2.11614
2024-12-26,-3.59216,7.37175,5.80305,8.34904,7.90624,5.40981,8.94217,7.04858,5.32764,7.74714,8.79809,6.1675,8.83709,8.39965,6.17441,8.99655,8.54618,7.12331,8.11932,2.42412,2.42412,2.41156,2.41156,3.22763,2.83134,2.6362,2.13875,1.60836
2024-12-27,-1.71688,7.37175,5.80305,8.34904,8.19341,5.60682,9.26675,7.28881,5.52169,8.02476,8.30251,5.8201,8.33932,8.05434,5.92058,8.62669,7.38741,6.15211,7.01682,2.73429,2.73429,3.0161,3.0161,2.75765,2.83744,2.7457,2.01828,1.54223
2024-12-28,1.05539,7.37175,5.80305,8.34904,8.04332,5.50386,9.09711,7.15521,5.42028,7.87035,3.15273,2.21008,3.16671,2.93282,2.15585,3.14123,5.86539,4.91802,5.58118,2.73248,2.73248,2.81132,2.81132,2.17389,2.83744,2.69486,0.766406,0.561572
2024-12-29,-1.73163,7.37175,5.80305,8.34904,7.81956,5.35035,8.8442,6.95601,5.26908,7.64511,6.16075,4.31872,6.18807,6.51289,4.78749,6.9757,7.52882,6.32405,7.16739,2.56557,2.56557,2.48373,2.48373,2.84916,2.83744,2.61905,1.49763,1.24708
2024-12-30,-0.952897,7.37175,5.80305,8.34904,7.70354,5.27075,8.71307,6.85273,5.19068,7.52163,10.7992,7.57032,10.8471,11.3677,8.35616,12.1755,8.44422,7.18241,8.06568,2.77362,2.77362,2.5293,2.5293,3.54597,2.83744,2.56785,2.62521,2.17667
2024-12-31,0.844825,7.37175,5.80305,8.34904,7.5045,5.1342,8.48809,6.67555,5.05619,7.33093,9.63783,6.75617,9.68057,9.90286,7.27939,10.6066,9.00942,7.64531,8.60019,2.69741,2.69741,2.68107,2.68107,3.69841,2.83744,2.50073,2.34288,1.89619
2025-01-01,1.05464,7.37175,5.80305,8.34904,7.30498,4.99732,8.26258,6.5181,4.84803,7.14819,9.55615,6.69891,9.59852,9.55634,7.02467,10.2354,8.36878,7.17139,8.00956,2.8091,2.8091,2.62705,2.62705,3.61581,2.83134,2.42828,2.32303,1.82984
2025-01-02,2.57937,7.37175,5.80305,8.34904,7.13809,4.88283,8.07394,6.3683,4.73692,6.97852,9.03822,6.33584,9.07829,8.43006,6.19676,9.02911,9.04423,7.74773,8.65528,2.7886,2.7886,2.45813,2.45813,4.00176,2.83134,2.37212,2.19712,1.61418
2025-01-03,1.2519,7.37175,5.80305,8.34904,7.23196,4.94723,8.18004,6.45289,4.79941,7.07822,8.30525,5.82202,8.34207,7.36823,5.41623,7.89183,6.43576,5.4395,6.13688,2.80549,2.80549,2.47126,2.47126,2.63431,2.82845,2.38108,2.01894,1.41086
2025-01-04,0.131199,7.37175,5.80305,8.34904,7.09098,4.85051,8.0207,6.32657,4.70556,6.93412,3.58771,2.515,3.60362,3.4975,2.57094,3.74603,4.57191,3.79377,4.33847,2.5121,2.5121,2.35894,2.35894,1.63534,2.82845,2.33407,0.872145,0.669696
2025-01-05,0.0801118,7.37175,5.80305,8.34904,6.8937,4.71517,7.79772,6.14948,4.57423,6.73642,5.76692,4.04264,5.79249,5.5746,4.09777,5.97074,6.12185,5.12975,5.82422,2.50565,2.50565,2.19648,2.19648,2.29067,2.82845,2.2683,1.40189,1.06742
2025-01-06,3.75619,7.37175,5.76974,8.31806,6.71102,4.58985,7.59124,5.97361,4.42145,6.50661,8.76199,6.1422,8.80084,9.3849,6.89864,10.0518,8.21841,6.94812,7.83733,2.29991,2.29991,2.05296,2.05296,3.32499,2.75521,2.20435,2.12997,1.79701
2025-01-07,-5.18243,7.37175,5.76974,8.31806,7.1947,4.92167,8.13793,6.39976,4.74122,6.97429,9.19278,6.44419,9.23354,9.50115,6.9841,10.1763,9.06567,7.75562,8.67266,2.13669,2.13669,1.89718,1.89718,3.94048,2.75521,2.3654,2.2347,1.81927
2025-01-08,-1.95789,7.37175,5.76974,8.31806,8.16371,5.58645,9.23318,7.26942,5.41971,7.93402,10.0924,7.07485,10.1372,10.49,7.71096,11.2354,8.15256,6.84499,7.76029,2.72498,2.72498,2.59544,2.59544,3.11584,2.82845,2.69173,2.4534,2.00861
2025-01-09,-2.72989,7.37175,5.76974,8.31806,8.00414,5.47786,9.05173,7.16297,5.32438,7.82258,9.20798,6.45484,9.24881,9.287,6.82667,9.94694,9.05702,7.70902,8.65262,2.66289,2.66289,2.44341,2.44341,3.8531,2.75521,2.64102,2.23839,1.77826
2025-01-10,2.36933,7.37175,5.76974,8.31806,8.05288,5.5113,9.10682,7.20623,5.3569,7.86798,8.85075,6.20442,8.88999,7.90249,5.80895,8.46405,7.28791,6.06764,6.92183,2.6765,2.6765,2.86895,2.86895,2.78571,2.75521,2.66419,2.15155,1.51316
2025-01-11,-0.14251,7.37175,5.76974,8.31806,8.00643,5.47943,9.05432,7.14301,5.32591,7.81774,3.16919,2.22162,3.18324,3.29503,2.42211,3.52918,5.06529,4.18072,4.79992,2.74284,2.74284,2.74528,2.74528,1.75364,2.75521,2.64865,0.770405,0.630928
2025-01-12,-0.0826771,7.37175,5.76974,8.31806,7.74794,5.30207,8.76218,6.91223,5.15348,7.56415,5.80912,4.07222,5.83488,5.59278,4.11114,5.99021,5.79053,4.82233,5.50007,2.72871,2.72871,2.70376,2.70376,2.09194,2.75521,2.56218,1.41215,1.0709
2025-01-13,0.0297183,7.37175,5.76974,8.31806,7.50629,5.13627,8.48908,6.71653,4.99228,7.33241,9.79955,6.86953,9.843,10.7833,7.9266,11.5496,8.32983,7.09021,7.95794,2.92413,2.92413,2.38728,2.38728,3.52977,2.75521,2.48134,2.3822,2.06478
2025-01-14,2.1121,7.37175,5.76974,8.31806,7.28069,4.98148,8.23412,6.4951,4.8418,7.10963,8.67176,6.07894,8.7102,8.76603,6.44372,9.38895,8.91303,7.60375,8.52025,2.56431,2.56431,2.4099,2.4099,3.88663,2.75521,2.40588,2.10804,1.67851
2025-01-15,4.03067,7.37175,5.76974,8.31806,7.2597,4.96708,8.2104,6.47636,4.8278,7.08271,8.7396,6.1265,8.77835,9.08105,6.67529,9.72636,7.68679,6.56828,7.35124,2.41649,2.41649,2.42064,2.42064,3.28225,2.75521,2.39886,2.12453,1.73883
2025-01-16,-0.746612,7.37175,5.76974,8.31806,7.73167,5.2909,8.74379,6.89771,5.14263,7.54343,8.75331,6.13612,8.79212,8.69372,6.39057,9.3115,8.43989,7.1751,8.06046,2.39101,2.39101,2.39757,2.39757,3.58359,2.75521,2.55674,2.12786,1.66466
2025-01-17,4.60875,7.37175,5.76974,8.31806,7.51686,5.14352,8.50102,6.70594,4.99933,7.33344,8.34282,5.84836,8.37981,6.74971,4.96157,7.22936,6.02479,5.06278,5.73619,2.29033,2.29033,2.59281,2.59281,2.38786,2.75521,2.48488,2.02808,1.29243
2025-01-18,-0.0516831,7.37175,5.76974,8.31806,8.14483,5.57439,9.21074,7.26657,5.41823,7.9372,2.99892,2.10226,3.01222,3.0986,2.27772,3.3188,4.80913,4.00608,4.56821,2.34332,2.34332,2.70231,2.70231,1.79026,2.75521,2.69495,0.729015,0.593317
2025-01-19,-3.22996,7.37175,5.76974,8.31806,7.87598,5.38992,8.90689,7.02655,5.23889,7.66537,5.42124,3.80031,5.44527,4.78312,3.51597,5.12302,4.33537,3.63199,4.12435,2.2174,2.2174,2.58291,2.58291,1.63411,2.75521,2.60502,1.31786,0.915866
2025-01-20,0.912884,7.37175,5.76974,8.31806,8.05776,5.51465,9.11233,7.18883,5.36015,7.84637,10.1986,7.14924,10.2438,11.5162,8.46532,12.3346,7.85364,6.6156,7.48223,2.47322,2.47322,2.76263,2.76263,3.0962,2.82845,2.6907,2.47919,2.20511
2025-01-21,3.96818,7.37175,5.67791,8.31042,7.82493,5.3549,8.8492,6.98098,5.18207,7.59599,9.10543,6.38295,9.1458,9.73496,7.15596,10.4267,8.26945,7.0743,7.91091,2.67982,2.67982,2.698,2.698,3.6118,2.75521,2.58794,2.21346,1.86404
2025-01-22,-2.37685,7.37175,5.67791,8.31042,8.19526,5.60899,9.26772,7.31158,5.42802,7.96049,9.23385,6.47297,9.27479,10.317,7.58384,11.0502,8.10177,6.90057,7.74141,2.64067,2.64067,2.49421,2.49421,3.41228,2.75521,2.71182,2.24468,1.97549
2025-01-23,0.295841,7.37175,5.67791,8.31042,8.1536,5.5804,9.22064,7.27439,5.40035,7.91635,9.29426,6.51532,9.33547,9.57381,7.0375,10.2541,8.9856,7.62925,8.57869,2.70902,2.70902,2.59418,2.59418,3.83335,2.75521,2.69788,2.25937,1.83318
2025-01-24,0.823181,7.37175,5.67791,8.31042,7.88632,5.39701,8.91857,7.03577,5.22283,7.66437,8.83031,6.19009,8.86946,7.50941,5.52001,8.04304,5.87021,4.8763,5.57204,2.64652,2.64652,2.32011,2.32011,2.16575,2.73161,2.608,2.14658,1.43789
2025-01-25,-0.100069,7.37175,5.67791,8.31042,7.65962,5.24147,8.66237,6.83339,5.07227,7.4466,2.31158,1.62043,2.32183,2.34495,1.72372,2.51158,4.10226,3.39034,3.88868,2.7434,2.7434,2.28422,2.28422,1.41448,2.73161,2.52606,0.561928,0.449008
2025-01-26,-1.95973,7.37175,5.67791,8.31042,7.42426,5.07998,8.39638,6.62327,4.91595,7.21692,5.4457,3.81746,5.46984,5.1207,3.76412,5.48458,6.25706,5.2184,5.94546,2.58803,2.58803,2.47273,2.47273,2.23165,2.73161,2.44753,1.32381,0.980505
2025-01-27,-0.580951,7.37175,5.67791,8.31042,7.37873,5.04874,8.34492,6.58262,4.88571,7.16427,9.63883,6.75687,9.68157,11.157,8.20128,11.9498,8.89192,7.4685,8.46489,2.42274,2.42274,2.47373,2.47373,3.48398,2.73161,2.43234,2.34313,2.13633
2025-01-28,-0.742521,7.37175,5.67791,8.31042,7.17934,4.91194,8.11958,6.40462,4.75328,6.97098,8.42135,5.90341,8.45869,9.40724,6.91506,10.0757,8.45182,7.23021,8.08533,2.42012,2.42012,2.28475,2.28475,3.71864,2.73161,2.36581,2.04717,1.80129
2025-01-29,2.31261,7.37175,5.67791,8.31042,6.90584,4.75047,7.77259,6.24961,4.71704,6.97343,8.56347,6.00304,8.60144,8.88245,6.5293,9.51365,7.75251,6.65806,7.42418,2.2838,2.2838,2.46351,2.46351,3.44281,2.73161,2.30912,2.08172,1.7008
2025-01-30,0.990316,7.36323,5.52319,8.20968,6.92708,4.76512,7.79647,6.26491,4.71474,6.94207,8.22464,5.66422,8.24768,7.94554,5.74841,8.51016,7.96747,6.72925,7.59601,2.19862,2.19862,2.24067,2.24067,3.29699,2.71176,2.31631,1.99935,1.5214
2025-01-31,-2.25004,7.36323,5.52319,8.20968,6.80259,4.67923,7.65645,6.15224,4.62975,6.81308,7.7164,5.3142,7.73802,6.83581,4.94555,7.32157,5.43826,4.47088,5.14805,2.07044,2.07044,2.17596,2.17596,1.89572,2.71176,2.27414,1.8758,1.30891
2025-02-01,-1.7228,7.36323,5.52319,8.20968,6.83627,4.70247,7.69434,6.18273,4.65275,6.84242,2.63313,1.81341,2.6405,3.00935,2.17719,3.2232,4.32944,3.55301,4.09651,2.22854,2.22854,2.48515,2.48515,1.46262,2.71176,2.28556,0.640093,0.576226
2025-02-02,-2.99191,7.36323,5.52319,8.20968,6.79416,4.67341,7.64697,6.14461,4.62399,6.82644,6.15788,4.20733,6.16724,5.32004,3.84892,5.69809,5.41213,4.55282,5.15433,2.28284,2.28284,2.54156,2.54156,2.12303,2.70409,2.26147,1.49693,1.01867
2025-02-03,3.73378,7.36242,5.45945,7.96223,6.96229,4.78941,7.83607,6.29677,4.75571,6.82828,9.3706,6.5564,9.53669,10.4667,7.47885,11.096,7.96393,6.7358,7.59549,2.46542,2.46542,2.79733,2.79733,3.2903,2.70409,2.32476,2.3454,2.00416
2025-02-04,-3.54679,7.36242,5.45945,7.96223,7.25647,4.99237,8.16694,6.56302,4.9575,7.11775,9.4376,6.60328,9.60488,10.3912,7.42487,11.0159,8.17,7.03871,7.83061,2.43298,2.43298,2.7626,2.7626,3.71217,2.70409,2.42465,2.36217,1.98969
2025-02-05,-1.292,7.36242,5.3234,7.90204,7.49649,5.15797,8.43688,6.69742,5.1217,7.29349,9.83798,6.88342,10.0124,10.6882,7.63711,11.3308,7.28752,6.18756,6.95753,2.64735,2.64735,2.94156,2.94156,2.99498,2.70409,2.50917,2.46238,2.04657
2025-02-06,-0.0229226,7.36242,5.3234,7.90204,7.36794,5.06928,8.2923,6.58249,5.03363,7.16436,8.64565,6.04917,8.7989,8.79124,6.28165,9.31976,7.48903,6.35145,7.14776,2.77096,2.77096,2.80117,2.80117,3.13581,2.70409,2.46563,2.16395,1.68333
2025-02-07,-0.0665048,7.36242,5.3234,7.90204,7.18942,4.94611,8.09152,6.42288,4.91133,6.98704,7.84534,5.48921,7.98439,7.29717,5.21408,7.73587,6.67888,5.63582,6.36597,2.67769,2.67769,2.72087,2.72087,2.72702,2.70409,2.40517,1.96364,1.39725
2025-02-08,-0.0483211,7.36242,5.3234,7.90204,7.02059,4.82963,7.90163,6.27194,4.79565,6.82555,2.80203,1.96052,2.85169,2.02726,1.44855,2.14914,3.98438,3.2878,3.7754,2.58542,2.58542,2.54037,2.54037,1.37203,2.70409,2.34798,0.701329,0.388177
2025-02-09,0.0182865,7.36242,5.3234,7.90204,6.86066,4.71929,7.72176,6.12895,4.68608,6.68118,4.80346,3.36087,4.8886,4.59663,3.28446,4.87298,5.45371,4.55888,5.18526,2.48412,2.48412,2.39601,2.39601,2.01142,2.70409,2.29381,1.20228,0.880157
2025-02-10,0.966774,7.36242,5.3234,7.90204,6.70911,4.61474,7.55132,5.99346,4.58226,6.55678,7.28805,5.09929,7.41723,8.90492,6.36287,9.44028,7.15641,6.02782,6.81784,2.23566,2.23566,2.37498,2.37498,2.82667,2.69104,2.23279,1.82415,1.7051
2025-02-11,-1.74979,7.36242,5.3234,7.90204,6.59594,4.53666,7.42404,5.89228,4.50472,6.4443,7.10695,4.97258,7.23292,8.57028,6.12376,9.08552,8.77519,7.50324,8.3936,2.17887,2.17887,2.34437,2.34437,3.84784,2.69104,2.19462,1.77882,1.64103
2025-02-12,2.20883,7.36242,5.18586,7.88408,6.57421,4.52167,7.3996,5.87286,4.47384,6.39766,8.36043,5.84961,8.50862,8.77484,6.26993,9.30237,8.44259,7.04933,8.02461,2.18943,2.18943,2.57377,2.57377,3.18066,2.67956,2.17733,2.09256,1.68019
2025-02-13,-1.29763,7.36242,5.18586,7.88408,6.60575,4.54342,7.43507,5.90105,4.51144,6.44147,7.51526,5.25826,7.64847,7.96442,5.69086,8.44324,7.53391,6.3746,7.18612,2.35322,2.35322,2.51576,2.51576,3.07309,2.67956,2.18792,1.88102,1.52502
2025-02-14,0.911857,7.36242,5.18586,7.88408,6.53288,4.49315,7.35312,5.83591,4.46152,6.37711,7.8481,5.49114,7.9872,6.80301,4.86099,7.21201,6.59592,5.54669,6.28115,2.42948,2.42948,2.50955,2.50955,2.64576,2.6527,2.16216,1.96433,1.30263
2025-02-15,0.0731762,7.36242,5.18586,7.88408,6.42673,4.41992,7.23373,5.741,4.3888,6.27058,2.96678,2.07579,3.01937,1.99161,1.42307,2.11134,5.46041,4.53936,5.18409,2.43519,2.43519,2.4518,2.4518,1.98859,2.6527,2.1262,0.742567,0.38135
2025-02-16,-1.45064,7.36242,5.18586,7.88408,6.2993,4.332,7.09041,5.62707,4.30149,6.14944,4.30223,3.01018,4.37849,4.75717,3.39916,5.04317,4.40732,3.66912,4.18586,2.24158,2.24158,2.53348,2.53348,1.59514,2.6527,2.08382,1.07682,0.910897
2025-02-17,-0.418496,7.36242,5.18586,7.88408,6.26292,4.3069,7.04949,5.59455,4.27657,6.12499,8.68058,6.07361,8.83444,9.6309,6.88162,10.2099,6.82536,5.68777,6.48408,2.36362,2.36362,2.37779,2.37779,2.55952,2.64041,2.07198,2.17269,1.84411
2025-02-18,-0.244459,7.36242,5.18586,7.88408,6.31009,4.30037,7.16261,5.53551,4.19971,6.0159,7.70269,5.3894,7.83922,8.28537,5.92018,8.78348,7.80516,6.68757,7.46988,2.45181,2.45181,2.5049,2.5049,3.51299,2.64041,2.04105,1.92793,1.58647
2025-02-19,1.14071,7.36242,5.18586,7.88408,6.2001,4.22521,7.03785,5.43895,4.12602,5.90765,7.22836,5.05752,7.35648,7.98285,5.70402,8.46277,7.23299,6.05888,6.88075,2.32633,2.32633,2.44616,2.44616,2.85423,2.64041,2.00505,1.80921,1.52854
2025-02-20,1.74219,7.36242,5.18586,7.88408,6.14619,4.18838,6.9767,5.39162,4.08979,5.8536,6.80851,4.76376,6.92918,7.09985,5.07309,7.52669,6.8444,5.79838,6.53059,2.28273,2.28273,2.40395,2.40395,2.85092,2.64041,1.98741,1.70413,1.35947
2025-02-21,-2.27141,7.36242,5.18586,7.88408,6.16803,4.2033,7.00146,5.41079,4.10449,5.87574,7.08339,4.95609,7.20894,6.09164,4.35269,6.45787,5.81085,4.86231,5.52628,2.10205,2.10205,2.28266,2.28266,2.23565,2.64041,1.98024,1.77293,1.16642
2025-02-22,0.469342,7.36242,5.18586,7.88408,6.28826,4.28545,7.13785,5.51635,4.1845,5.98785,2.81569,1.97007,2.8656,2.08542,1.49011,2.2108,5.49074,4.60905,5.22623,2.30617,2.30617,2.44704,2.44704,2.16105,2.64041,2.03391,0.704749,0.399314
2025-02-23,-0.315104,7.36242,5.18586,7.88408,6.18438,4.21447,7.02002,5.42515,4.11496,5.88662,4.79248,3.35319,4.87743,5.025,3.59054,5.3271,5.66269,4.76338,5.39289,2.28694,2.28694,2.42273,2.42273,2.2065,2.64041,1.99991,1.19953,0.962181
2025-02-24,-5.17532,7.36242,5.18586,7.88408,6.08505,4.14659,6.90733,5.33979,4.0495,5.87801,9.26884,6.4852,9.43312,9.05745,6.47186,9.60198,7.52957,6.36951,7.18155,2.16806,2.16806,2.07249,2.07249,3.08708,2.64041,1.9674,2.31993,1.73431
2025-02-25,-2.97767,7.36242,5.18586,7.88408,7.0675,4.8179,8.02177,6.20262,4.83526,6.86385,10.1422,7.09625,10.3219,11.3143,8.08445,11.9945,8.98527,7.71087,8.60295,2.77936,2.77936,2.86012,2.86012,4.09002,2.6527,2.29067,2.53852,2.16644
2025-02-26,-5.07281,7.36242,5.17549,7.83239,7.23778,4.93426,8.21493,6.34997,4.81888,6.99952,9.63973,6.74471,9.81059,10.2081,7.29406,10.8218,8.96976,7.64918,8.57359,2.7742,2.7742,3.1992,3.1992,3.84529,2.6527,2.37274,2.41276,1.95464
2025-02-27,0.4226,7.36242,5.17549,7.83239,7.96601,5.43186,9.04099,6.98931,5.45141,7.71048,9.06952,6.34574,9.23027,10.9346,7.81315,11.592,9.0162,7.76825,8.64182,3.12279,3.12279,3.45746,3.45746,4.12936,2.67956,2.62638,2.27004,2.09374
2025-02-28,-0.391791,7.36242,5.17549,7.83239,7.75249,5.28596,8.79879,6.80186,5.30499,7.5088,8.71615,6.0985,8.87064,7.68671,5.49242,8.14883,7.67774,6.41184,7.29797,3.24258,3.24258,3.21973,3.21973,2.96298,2.67956,2.54317,2.1816,1.47184
2025-03-01,1.94707,7.36242,5.17549,7.83239,7.55306,5.14969,8.57256,6.62677,5.16823,7.309,2.78559,1.94902,2.83496,2.62116,1.87291,2.77875,4.90891,4.11252,4.66999,3.02617,3.02617,3.1207,3.1207,1.88529,2.67956,2.47713,0.697215,0.501897
2025-03-02,9.1215,7.36242,5.17549,7.83239,7.48731,5.10476,8.49798,6.56904,5.12314,7.23806,5.76639,4.03462,5.8686,5.33525,3.81222,5.656,5.45702,4.59121,5.19728,2.94802,2.94802,2.8645,2.8645,2.04778,2.67956,2.45536,1.44329,1.02159
2025-03-03,-9.08227,7.36242,5.17549,7.83239,9.80698,6.6898,11.1293,8.60558,6.71385,9.53332,12.1191,8.4795,12.334,16.668,11.9099,17.6701,10.148,8.71438,9.71792,2.82007,2.82007,2.78193,2.78193,4.4908,2.67956,3.22348,3.03334,3.19158
2025-03-04,1.33482,7.36323,5.18586,7.98838,11.5417,7.87511,13.097,10.132,8.03867,11.3088,15.6139,10.9841,15.9194,19.3343,13.815,20.4967,12.8997,10.9883,12.3263,3.20112,3.20112,3.82576,3.82576,5.47857,2.69104,3.81598,3.90807,3.70211
2025-03-05,3.82554,7.36323,5.18586,7.98838,11.167,7.61911,12.672,9.80298,7.77738,10.966,11.7129,8.23981,11.942,12.7585,9.11638,13.5255,10.4156,8.79165,9.92841,2.83312,2.83312,2.90908,2.90908,4.12261,2.67956,3.67383,2.93165,2.44298
2025-03-06,-0.732992,7.36323,5.18586,7.98838,11.1138,7.58274,12.6116,9.75623,7.74025,10.8956,10.0586,7.0761,10.2555,13.2602,9.47485,14.0574,9.19952,7.77958,8.77354,2.75584,2.75584,2.82287,2.82287,3.73337,2.67956,3.6562,2.51762,2.53904
2025-03-07,-3.64383,7.36323,5.18586,7.98838,10.7361,7.3247,12.1833,9.42458,7.47688,10.5678,9.89292,6.95951,10.0865,8.66673,6.19268,9.18777,8.04404,6.77831,7.66432,2.94175,2.94175,3.08499,3.08499,3.26099,2.6527,3.51724,2.47614,1.65949
2025-03-08,-0.680271,7.36323,5.18586,7.98838,10.6984,7.29888,12.1404,9.39139,7.45052,10.5451,4.13488,2.90882,4.21579,4.68692,3.34897,4.96869,7.41953,6.26827,7.07415,2.98155,2.98155,3.12889,3.12889,3.04113,2.67956,3.50478,1.03493,0.897445
2025-03-09,-6.66317,7.36323,5.17549,7.96367,10.341,7.05468,11.735,9.07753,7.08003,10.284,7.54198,5.27695,7.68321,7.80075,5.57391,8.26973,7.43889,6.30035,7.09733,3.00433,3.00433,3.06533,3.06533,3.01542,2.6527,3.3628,1.88771,1.49368
2025-03-10,-2.60054,7.36242,5.17549,7.53399,11.474,7.86662,12.9627,9.83358,7.88091,10.8142,13.9725,9.95909,14.177,18.1043,13.1984,19.3262,10.7883,9.22609,10.3197,3.55549,3.55549,3.44711,3.44711,4.72651,2.6527,3.78662,3.56264,3.53686
2025-03-11,5.36729,7.36242,5.17549,7.53399,11.1131,7.6188,12.5552,9.52412,7.63264,10.465,12.3156,8.77817,12.4959,14.2571,10.3937,15.2193,11.9646,10.2744,11.4575,3.34764,3.34764,3.48793,3.48793,5.47039,2.6527,3.66666,3.14019,2.78527
2025-03-12,1.0327,7.36242,5.17549,7.53399,11.4459,7.84729,12.9309,9.80944,7.86154,10.772,13.434,9.57527,13.6306,15.6213,11.3883,16.6757,10.8409,9.3022,10.3793,3.46183,3.46183,3.44193,3.44193,4.82726,2.6527,3.77726,3.42533,3.05179
2025-03-13,-3.22338,6.86334,5.15278,7.33255,10.901,7.47312,12.3156,9.3422,7.4189,10.0778,10.0923,7.18831,10.2001,12.3114,8.78702,13.0894,10.3849,8.84198,9.92199,3.4113,3.4113,2.96798,2.96798,4.42628,2.64041,3.59614,2.5733,2.40515
2025-03-14,3.51766,6.86334,5.15278,7.33255,10.714,7.34468,12.1044,9.18181,7.29139,9.89318,10.3503,7.37205,10.4608,10.238,7.30722,10.8851,9.16345,7.76236,8.74313,3.46192,3.46192,3.23145,3.23145,3.83306,2.6527,3.53397,2.63908,2.00011
2025-03-15,0.444423,6.66512,5.14953,7.24398,10.5937,7.26207,11.9686,8.97071,7.14107,9.60795,4.71189,3.29542,4.78053,5.26116,3.6376,5.54369,8.18324,6.96897,7.81896,3.17678,3.17678,3.00529,3.00529,3.48325,2.64041,3.49398,1.22323,1.03054
2025-03-16,-2.11293,6.66512,5.14953,7.24398,10.0905,6.91654,11.4003,8.54433,6.81911,9.15154,9.13627,6.38976,9.26935,9.01364,6.23208,9.49768,10.588,9.03859,10.1232,2.92264,2.92264,3.01823,3.01823,4.50157,2.64041,3.32673,2.37182,1.76556
2025-03-17,1.79537,6.66512,5.14953,7.24398,9.78603,6.70744,11.0565,8.28632,6.61183,8.87527,11.724,8.19956,11.8948,16.2097,11.2075,17.0802,9.30389,8.02016,8.91877,3.0186,3.0186,2.90756,2.90756,4.18195,2.64041,3.22552,3.04361,3.1751
2025-03-18,-1.62741,6.66512,5.14953,7.24398,9.45492,6.48006,10.6826,8.00574,6.38654,8.57484,9.91323,6.93315,10.0576,13.4281,9.28427,14.1492,11.489,9.90594,11.0141,2.71667,2.71667,2.6741,2.6741,5.30011,2.64041,3.11545,2.57353,2.63026
2025-03-19,4.87878,6.66512,5.14953,7.24398,9.14407,6.2666,10.3315,7.74233,6.18032,8.29283,9.9126,6.93271,10.057,12.6068,8.71642,13.2838,10.0036,8.57001,9.57354,2.64746,2.64746,2.68745,2.68745,4.4033,2.6275,2.98788,2.57336,2.46939
2025-03-20,-3.14259,6.66512,5.14953,7.24398,9.62588,6.59746,10.8756,8.15061,6.51949,8.73006,9.61365,6.72363,9.75369,11.9992,8.2963,12.6436,9.71242,8.27605,9.28151,2.47798,2.47798,2.6551,2.6551,4.20509,2.6275,3.18407,2.49575,2.35036
2025-03-21,-0.147373,6.66512,5.14953,7.24398,9.56568,6.55613,10.8077,8.0996,6.47699,8.67543,9.71759,6.79632,9.85914,10.2004,7.05261,10.7482,7.63295,6.48154,7.28753,2.61588,2.61588,2.70517,2.70517,3.24926,2.64041,3.16399,2.52274,1.99802
2025-03-22,-0.251088,6.66512,5.14953,7.24398,9.14216,6.26528,10.3294,7.74071,6.18859,8.29115,2.90488,2.03163,2.9472,3.60819,2.49472,3.80195,6.80787,5.75258,6.49129,2.56885,2.56885,2.90851,2.90851,2.75726,2.64041,3.02166,0.754123,0.706761
2025-03-23,2.61587,6.66512,5.14953,7.24398,8.75632,6.00031,9.89366,7.41375,5.92827,7.94107,7.20357,5.03806,7.3085,6.92709,4.78943,7.29908,8.29741,7.13309,7.94811,2.66575,2.66575,2.9089,2.9089,3.72337,2.64041,2.88323,1.87008,1.35686
2025-03-24,1.6647,6.66512,5.14953,7.24398,8.66601,5.93829,9.79168,7.33722,5.86611,7.85913,10.6595,7.45505,10.8147,12.7772,8.83422,13.4633,9.00176,7.70699,8.61333,2.62818,2.62818,2.73348,2.73348,4.01958,2.64041,2.85321,2.76725,2.50276
2025-03-25,-0.0311016,6.66512,5.14953,7.24398,8.42556,5.77317,9.52015,7.13347,5.7047,7.64097,9.67354,6.76552,9.81445,11.4364,7.90718,12.0505,9.53609,8.21665,9.14026,2.68673,2.68673,2.92026,2.92026,4.42068,2.64041,2.75094,2.5113,2.24013
2025-03-26,-0.654712,6.66512,5.14953,7.24398,8.09884,5.5488,9.15118,6.85661,5.48077,7.34451,8.42728,5.8939,8.55003,10.0512,6.94945,10.591,7.86611,6.77479,7.53871,2.60753,2.60753,2.57207,2.57207,3.54597,2.64041,2.64319,2.18777,1.9688
2025-03-27,0.317348,6.66512,5.14953,7.24398,7.82238,5.35895,8.83898,6.62234,5.29276,7.09367,7.77519,5.43784,7.88845,8.38267,5.79583,8.83283,7.7452,6.59906,7.40136,2.5387,2.5387,2.5656,2.5656,3.31836,2.64041,2.55202,2.01848,1.64197
2025-03-28,-3.29295,6.66512,5.14953,7.24398,7.55349,5.1743,8.53533,6.39448,5.11514,6.84973,7.31187,5.1138,7.41838,6.8935,4.76621,7.26369,5.25304,4.40629,4.99901,2.39889,2.39889,2.47343,2.47343,2.02747,2.62855,2.46019,1.8982,1.35028
2025-03-29,-2.10317,6.66512,5.14953,7.24398,7.80896,5.34974,8.82383,6.61097,5.28417,7.0815,2.93346,2.05161,2.97619,3.40062,2.35121,3.58323,5.1032,4.31733,4.86744,2.62803,2.62803,2.60497,2.60497,2.05307,2.6527,2.5476,0.761541,0.666103
2025-03-30,-0.318994,6.66512,5.14953,7.24398,7.4273,5.14561,8.30874,6.36498,5.19657,6.90076,6.69197,4.79925,6.78945,6.94199,4.79973,7.31479,6.80594,5.79956,6.50403,2.51329,2.51329,2.90524,2.90524,2.81113,2.6527,2.51707,1.73727,1.35978
2025-03-31,0.260048,6.66512,5.14953,7.24398,7.16405,4.9627,8.01445,6.13913,5.03585,6.65614,9.9179,7.11278,10.0624,10.9535,7.57333,11.5417,8.87122,7.64048,8.502,2.51947,2.51947,2.83979,2.83979,3.93747,2.6527,2.42671,2.57474,2.14554
2025-04-01,3.12485,6.66512,5.14953,7.24398,6.92506,4.79664,7.74728,5.9341,4.86192,6.43395,9.12958,6.54743,9.26257,9.65845,6.67791,10.1771,9.11402,7.80735,8.72202,2.45177,2.45177,2.84563,2.84563,4.00351,2.6527,2.34468,2.37009,1.89187
2025-04-02,-3.20145,6.66512,5.14953,7.24398,7.19541,4.98449,8.0495,6.16603,5.05073,6.68526,9.08412,6.51483,9.21645,10.3254,7.13905,10.8799,7.74826,6.6533,7.41977,2.48863,2.48863,2.78432,2.78432,3.40374,2.6527,2.43747,2.35829,2.02251
2025-04-03,0.745369,6.66512,5.14953,7.24398,7.47306,5.1774,8.35989,6.40423,5.2774,6.9443,8.02823,5.75757,8.14517,9.38519,6.48898,9.88919,8.15661,6.96881,7.80027,2.59615,2.59615,2.97039,2.97039,3.53396,2.67956,2.53367,2.08417,1.83834
2025-04-04,0.887687,6.66512,5.14953,7.24398,7.22211,5.00304,8.07935,6.18894,5.09947,6.71059,8.20768,5.88627,8.32723,7.61869,5.26761,8.02782,6.8358,5.76258,6.51383,2.5393,2.5393,2.84123,2.84123,2.75586,2.67956,2.44751,2.13076,1.49233
2025-04-05,-0.405148,6.66512,5.14953,7.24398,7.01028,4.85586,7.84255,6.00721,4.94893,6.51327,3.08921,2.21547,3.13421,3.84284,2.65696,4.04921,5.33998,4.51904,5.0937,2.34261,2.34261,2.65155,2.65155,2.1667,2.67956,2.37477,0.801974,0.752725
2025-04-06,-6.54493,6.66512,5.14953,7.24398,6.79691,4.7076,7.60402,5.82416,4.79887,6.31613,5.60013,4.01622,5.6817,6.01129,4.15624,6.3341,6.34401,5.40258,6.06158,2.37175,2.37175,2.82187,2.82187,2.64519,2.6527,2.30069,1.45382,1.17747
2025-04-07,1.29675,6.66512,5.15278,7.29969,8.63341,5.98363,9.65703,7.44847,6.19748,8.11164,10.7505,7.6571,10.8999,12.2611,8.75097,13.0679,8.68567,7.50124,8.33034,2.94517,2.94517,3.25174,3.25174,3.97559,2.6527,2.93105,2.74112,2.39528
2025-04-08,-3.81171,6.66512,5.15278,7.29969,8.30608,5.7562,9.29111,7.16581,5.96312,7.80582,9.98201,7.10973,10.1207,10.4941,7.48986,11.1847,9.26032,8.02559,8.8899,2.84952,2.84952,3.21595,3.21595,4.33763,2.62855,2.8126,2.54517,2.0501
2025-04-09,7.9389,6.66512,5.15278,7.29969,8.5879,5.95201,9.60616,7.40917,6.16805,8.07567,9.83574,7.00555,9.97244,10.5854,7.55502,11.282,8.20072,7.13324,7.88048,2.9301,2.9301,3.36599,3.36599,3.90927,2.6527,2.91543,2.50787,2.06793
2025-04-10,-3.63518,6.66512,5.15278,7.29969,10.5671,7.32721,11.8187,9.11829,7.59273,9.93691,9.23976,6.58106,9.36818,11.1855,7.98331,11.9216,7.7594,6.66866,7.43218,3.04342,3.04342,3.22121,3.22121,3.46483,2.6527,3.59478,2.35591,2.18516
2025-04-11,4.63639,6.66512,5.15278,7.29969,10.4641,7.25564,11.7036,9.02934,7.51854,9.8388,9.22437,6.5701,9.35258,8.96408,6.39783,9.55395,6.19319,5.28041,5.91935,2.96976,2.96976,3.22022,3.22022,2.66568,2.67956,3.56069,2.35199,1.75119
2025-04-12,2.2317,6.66512,5.15278,7.29969,10.6288,7.37008,11.8877,9.17157,7.63665,9.99292,3.53972,2.52118,3.58892,6.21068,4.43268,6.61936,6.53878,5.55492,6.24362,2.92878,2.92878,3.35099,3.35099,2.70025,2.67956,3.61724,0.902543,1.2133
2025-04-13,-1.89639,6.66512,5.15278,7.29969,10.214,7.08188,11.424,8.81339,7.33817,9.60296,8.09365,5.76474,8.20614,9.12615,6.5135,9.72668,7.15611,6.12918,6.84803,2.67225,2.67225,2.87876,2.87876,3.11738,2.67956,3.47482,2.06368,1.78285
2025-04-14,1.01936,6.66512,5.15278,7.29969,9.80789,6.79968,10.97,8.4628,7.04792,9.27525,11.3131,8.0578,11.4703,12.931,9.22911,13.7819,8.34239,7.10119,7.97003,2.68758,2.68758,3.05665,3.05665,3.57874,2.67956,3.33536,2.88456,2.52616
2025-04-15,-1.03847,6.66512,5.15278,7.29969,9.3366,6.47222,10.4431,8.43493,6.70898,8.84546,10.1498,7.22925,10.2909,11.4059,8.14061,12.1565,8.29712,7.17045,7.95912,2.82503,2.82503,3.11849,3.11849,3.85573,2.67956,3.17354,2.58795,2.22822
2025-04-16,0.435147,6.66512,5.15278,7.29969,8.92121,6.1836,9.97877,7.93538,6.40976,8.44657,10.1757,7.24771,10.3172,10.4258,7.4411,11.1119,7.62623,6.52819,7.29682,2.7361,2.7361,2.98653,2.98653,3.3491,2.67956,3.03091,2.59456,2.03675
2025-04-17,1.02042,6.66512,5.15278,7.29969,8.50469,5.8942,9.51315,7.41779,6.1097,8.04588,8.39906,5.98227,8.5158,8.6589,6.18002,9.22868,7.83116,6.57702,7.45492,2.85496,2.85496,3.07705,3.07705,3.11706,2.67956,2.8879,2.14156,1.69157
2025-04-18,-0.525485,6.66512,5.15278,7.29969,8.16437,5.65773,9.13269,7.13461,5.86468,7.72439,8.47186,6.03412,8.5896,7.49877,5.35201,7.99222,5.87841,4.91275,5.58871,2.77425,2.77425,2.8023,2.8023,2.27636,2.67956,2.77104,2.16012,1.46493
2025-04-19,0.722781,6.66512,5.15278,7.29969,7.57054,5.21257,8.51464,6.54973,5.46151,7.01515,3.41956,2.4356,3.46709,3.54518,2.53026,3.77846,4.47601,3.73852,4.25476,2.84609,2.84609,2.62928,2.62928,1.66992,2.67956,2.51747,0.871905,0.692573
2025-04-20,0.130275,6.66512,5.15278,7.29969,7.27236,5.00669,8.1795,6.12903,5.24588,6.73205,6.17289,4.39667,6.25869,5.60079,3.99739,5.96934,7.09869,5.96688,6.75915,2.67797,2.67797,2.43084,2.43084,2.80255,2.67956,2.41709,1.57394,1.09415
2025-04-21,2.71551,6.66512,5.14953,7.27875,6.99149,4.81276,7.86383,5.87043,5.00645,6.4392,9.59014,6.83062,9.72342,8.60568,6.14203,9.17196,7.35375,6.21449,7.01197,2.66978,2.66978,2.41854,2.41854,3.03691,2.6527,2.31371,2.44525,1.68118
2025-04-22,6.5485,6.66512,5.14953,7.27875,7.19913,4.95613,8.0972,6.045,5.15553,6.63041,9.3031,6.62617,9.43239,9.32506,6.65547,9.93868,7.27032,6.20937,6.95204,2.54007,2.54007,2.31366,2.31366,3.14479,2.6527,2.38335,2.37206,1.82171
2025-04-23,0.274894,6.66512,5.14953,7.27875,9.21861,6.35049,10.367,7.74282,6.60546,8.49564,10.6604,7.59295,10.8086,10.7946,7.70428,11.5049,7.96025,6.78925,7.60895,2.72898,2.72898,2.99017,2.99017,3.40984,2.6527,3.06068,2.71815,2.10879
2025-04-24,0.260794,6.66512,5.14953,7.27875,8.66721,5.96977,9.74723,7.27925,6.20957,7.98835,8.52778,6.07395,8.64631,8.12595,5.79964,8.66067,7.28409,6.21184,6.96242,2.62092,2.62092,2.8738,2.8738,3.16093,2.6527,2.87574,2.17438,1.58746
2025-04-25,0.823377,6.66512,5.14953,7.27875,8.18929,5.63979,9.21008,6.87745,5.86644,7.54736,8.53363,6.07811,8.65223,6.76663,4.82947,7.21189,5.96702,5.04025,5.68899,2.43341,2.43341,2.67843,2.67843,2.45604,2.6527,2.71545,2.17587,1.3219
2025-04-26,-0.0777007,6.66512,5.14953,7.27875,7.80868,5.37699,8.78229,6.55746,5.59317,7.1961,3.08232,2.1954,3.12516,3.25824,2.32547,3.47264,6.53052,5.49905,6.22108,2.54897,2.54897,2.65244,2.65244,2.60363,2.6527,2.58779,0.785917,0.636519
2025-04-27,-0.947006,6.66512,5.14953,7.27875,7.44925,5.12882,8.37831,6.25527,5.33511,6.86456,5.76621,4.10701,5.84635,5.72431,4.08555,6.10099,7.15562,6.08387,6.83409,2.51976,2.51976,2.50072,2.50072,3.02076,2.6527,2.46724,1.47024,1.11828
2025-04-28,1.29698,6.66512,5.14953,7.27875,7.20169,4.95789,8.10007,6.04715,5.15736,6.63582,9.50124,6.7673,9.6333,9.39537,6.70565,10.0136,8.19129,6.94695,7.81799,2.50803,2.50803,2.59033,2.59033,3.40245,2.6527,2.38421,2.42259,1.83545
2025-04-29,-0.733331,6.66512,5.14953,7.27875,7.02889,4.83859,7.90586,5.90188,5.0333,6.47638,9.03435,6.43476,9.15991,8.4333,6.019,8.98824,9.58588,8.2175,9.17536,2.58189,2.58189,2.17306,2.17306,4.22177,2.6527,2.32626,2.30354,1.6475
2025-04-30,-0.0822107,6.66512,5.14953,7.27875,6.82382,4.69699,7.67537,5.72946,4.88606,6.28671,8.72224,6.21246,8.84347,7.43211,5.30444,7.92117,8.57475,7.27406,8.18454,2.46004,2.46004,2.26136,2.26136,3.5808,2.6527,2.25747,2.22396,1.45191
2025-05-01,2.39658,6.66512,5.14953,7.27875,6.6127,4.55122,7.43809,5.55197,4.73449,6.09155,7.04382,5.01699,7.14172,6.19269,4.41984,6.60019,8.0628,6.8036,7.68504,2.51481,2.51481,2.29073,2.29073,3.27642,2.6527,2.18667,1.796,1.20978
2025-05-02,0.43198,6.66512,5.14953,7.27875,6.79854,4.67954,7.64696,5.70821,4.86792,6.26463,8.13953,5.79742,8.25266,6.20239,4.42676,6.61053,7.24804,6.12438,6.91094,2.59247,2.59247,2.45743,2.45743,2.9896,2.6527,2.249,2.07538,1.21168
2025-05-03,-1.0563,6.66512,5.14953,7.27875,6.60012,4.54254,7.42395,5.5414,4.72546,6.08136,3.04274,2.1672,3.08503,3.10196,2.21393,3.30608,5.20959,4.30313,4.93765,2.58064,2.58064,2.47592,2.47592,1.8131,2.6527,2.18245,0.775825,0.605989
2025-05-04,-1.65699,6.66512,5.14953,7.27875,6.50576,4.47738,7.31789,5.46206,4.65771,5.99326,5.56366,3.96274,5.64099,5.22603,3.72991,5.56992,6.22279,5.24613,5.92979,2.58334,2.58334,2.49656,2.49656,2.42483,2.6527,2.1508,1.4186,1.02094
2025-05-05,0.45707,6.66512,5.14953,7.27875,6.54125,4.50189,7.35778,5.4919,4.68319,6.02857,9.24538,6.58506,9.37388,8.45899,6.03734,9.01562,7.40015,6.27064,7.06129,2.56486,2.56486,2.53832,2.53832,3.05964,2.6527,2.1627,2.35735,1.65252
2025-05-06,2.14513,6.66512,5.14953,7.27875,6.38569,4.39448,7.18294,5.36112,4.5715,5.8889,7.6844,5.47325,7.7912,7.5363,5.3788,8.03222,8.39414,7.21063,8.03908,2.36796,2.36796,2.39386,2.39386,3.77482,2.62855,2.10817,1.95933,1.47227
2025-05-07,0.237152,6.66512,5.14953,7.27875,6.5447,4.50427,7.36166,5.4948,4.68567,6.04349,8.41124,5.99094,8.52815,7.50151,5.35397,7.99514,7.21849,6.11783,6.88829,2.25682,2.25682,2.33935,2.33935,2.98657,2.62855,2.16145,2.14466,1.46547
2025-05-08,6.20264,6.66512,5.14953,7.27875,6.37954,4.39024,7.17603,5.35595,4.56709,5.88738,7.23707,5.15464,7.33766,6.71075,4.78959,7.15234,6.84511,5.73876,6.51321,2.22569,2.22569,2.26246,2.26246,2.669,2.62855,2.10611,1.84528,1.31099
2025-05-09,-0.262459,6.66512,5.14953,7.27875,8.64005,5.86271,9.84432,7.04173,5.96744,7.77339,9.11853,6.49471,9.24526,7.07105,5.04674,7.53635,7.42836,6.24583,7.0736,2.32046,2.32046,2.63202,2.63202,2.91993,2.62855,2.78136,2.325,1.38138
2025-05-10,1.66181,6.66512,5.14953,7.27875,8.2103,5.57024,9.35504,6.69098,5.6698,7.38149,3.80241,2.70829,3.85526,3.45932,2.46898,3.68696,7.42528,6.25964,7.07559,2.27301,2.27301,2.68173,2.68173,2.95784,2.62855,2.6412,0.969523,0.675801
2025-05-11,-0.565101,6.66512,5.14953,7.27875,7.9763,5.411,9.08863,6.5,5.50774,7.16584,6.97177,4.96567,7.06867,5.7403,4.09696,6.11804,6.48466,5.47387,6.18142,2.31137,2.31137,2.61494,2.61494,2.59506,2.62855,2.56489,1.77763,1.12141
2025-05-12,-1.25017,6.66512,5.14953,7.27875,7.651,5.18961,8.71827,6.2345,5.28243,6.86892,9.26967,6.60236,9.39851,8.33289,5.94734,8.88122,6.54029,5.53444,6.23854,2.39694,2.39694,2.53631,2.53631,2.62929,2.62855,2.45879,2.36354,1.62788
2025-05-13,1.3111,6.66512,5.14953,7.27875,7.44985,5.05272,8.48926,6.07033,5.14311,6.68515,8.4544,6.02169,8.57191,7.83483,5.59186,8.35039,7.00567,6.00979,6.70691,2.40247,2.40247,2.50339,2.50339,3.10025,2.62855,2.39319,2.15567,1.53059
2025-05-14,-0.607,6.66512,5.14953,7.27875,7.27187,4.9316,8.28663,5.92507,5.01985,6.54113,8.41128,5.99097,8.52818,7.43518,5.30663,7.92444,7.0169,6.03307,6.72175,2.43492,2.43492,2.44061,2.44061,3.14872,2.62855,2.32743,2.14467,1.45251
2025-05-15,0.198015,6.66512,5.14953,7.27875,7.04987,4.78051,8.03387,5.74388,4.86609,6.33218,7.50532,5.3457,7.60964,6.61559,4.72167,7.05092,6.76095,5.7303,6.45175,2.211,2.211,2.28098,2.28098,2.84895,2.62855,2.25526,1.91367,1.2924
2025-05-16,-0.246438,6.54611,5.14125,7.06062,6.83388,4.63352,7.78797,5.5676,4.69676,5.96661,6.70829,4.81096,6.83305,5.02876,3.47691,5.27249,5.65051,4.67791,5.35873,2.13047,2.13047,2.01907,2.01907,2.05919,2.6031,2.17716,1.74151,0.985019
2025-05-17,-0.288568,6.54611,5.14125,7.06062,6.65455,4.51147,7.5838,5.42124,4.57307,5.80963,2.19445,1.57379,2.23527,2.44103,1.68774,2.55934,4.00119,3.26815,3.78128,2.13232,2.13232,2.24285,2.24285,1.29856,2.6031,2.11907,0.569691,0.478141
2025-05-18,3.10554,6.54611,5.14125,7.06062,6.50432,4.40923,7.41276,5.29862,4.46945,5.67969,4.44029,3.18443,4.52288,3.78219,2.61503,3.9655,5.13495,4.25153,4.86992,2.105,2.105,2.03977,2.03977,1.78421,2.6031,2.0704,1.15272,0.740844
2025-05-19,-0.792101,6.54611,5.14125,7.06062,6.98632,4.73726,7.96153,5.69202,4.80191,6.09804,7.66285,5.49554,7.80537,7.37343,5.09803,7.7308,6.32509,5.25152,6.00302,2.09775,2.09775,2.47538,2.47538,2.327,2.6031,2.22654,1.98932,1.44429
2025-05-20,1.11576,6.54611,5.14125,7.06062,6.82494,4.62743,7.77779,5.5603,4.69059,5.95323,6.9115,4.9567,7.04004,6.5268,4.51267,6.84314,6.46868,5.52435,6.18538,2.16164,2.16164,2.37735,2.37735,2.83394,2.6031,2.17426,1.79426,1.27845
2025-05-21,2.6675,6.54611,5.14125,7.06062,6.71563,4.55304,7.65334,5.47109,4.6152,5.85383,6.89714,4.94639,7.02541,6.42315,4.441,6.73446,6.13447,5.14062,5.83631,2.25035,2.25035,2.21963,2.21963,2.3793,2.6031,2.13885,1.79053,1.25815
2025-05-22,1.8028,6.54611,5.14125,7.06062,6.99455,4.74287,7.9709,5.69874,4.80758,6.09352,6.90522,4.95219,7.03364,6.49939,4.49371,6.81439,5.44766,4.55018,5.17841,2.20752,2.20752,2.20219,2.20219,2.12688,2.6031,2.22921,1.79263,1.27308
2025-05-23,-4.00626,6.54611,5.14097,7.00992,6.982,4.73432,7.9566,5.67297,4.60898,6.01354,6.44223,4.62015,6.56204,5.36353,3.65693,5.60632,4.92461,4.07976,4.67115,2.07557,2.07557,2.175,2.175,1.81791,2.58439,2.2332,1.67244,1.05059
2025-05-24,0.468072,6.54611,5.14097,7.00992,7.77812,5.27612,8.863,6.32098,5.1366,6.6997,2.6612,1.90853,2.7107,3.23369,2.23579,3.38734,4.43894,3.69349,4.21531,2.30425,2.30425,2.74429,2.74429,1.66151,2.6031,2.50025,0.690863,0.633406
2025-05-25,1.14769,6.54611,5.14097,7.00992,7.46775,5.0649,8.50964,6.06835,4.93091,6.4339,5.0773,3.64127,5.17173,5.05768,3.49691,5.29799,5.57946,4.7005,5.31578,2.3484,2.3484,2.32235,2.32235,2.20806,2.6031,2.39111,1.31809,0.990683
2025-05-26,0.370734,6.54611,5.14097,7.00992,7.26366,4.92601,8.27728,5.90223,4.79565,6.26508,7.5091,5.38527,7.64876,7.48883,5.17782,7.84465,5.83449,4.89509,5.55267,2.33473,2.33473,2.71567,2.71567,2.29524,2.6031,2.32476,1.9494,1.46689
2025-05-27,-0.408109,6.54611,5.14097,7.00992,7.02165,4.76131,8.00175,5.71651,4.63526,6.06053,6.9007,4.94895,7.02904,6.47304,4.4755,6.7806,5.9125,4.9988,5.63839,2.36519,2.36519,2.39601,2.39601,2.4322,2.6031,2.23798,1.79146,1.26792
2025-05-28,-1.09995,6.54611,5.14097,7.00992,6.82234,4.62566,7.77483,5.55387,4.50317,5.88784,6.12269,4.39099,6.23656,6.19376,4.2824,6.48804,4.93284,4.13796,4.69438,2.30241,2.30241,2.3992,2.3992,1.90678,2.6031,2.17342,1.58948,1.21321
2025-05-29,-2.02455,6.54611,5.14097,7.00992,6.48007,4.43921,7.3105,5.46645,4.44496,5.76104,6.0896,4.36725,6.20286,5.61222,3.88032,5.87888,5.09097,4.26621,4.84354,2.22832,2.22832,2.33855,2.33855,2.01462,2.6031,2.13888,1.58089,1.09931
2025-05-30,-1.56766,6.54611,5.14097,7.00992,6.61007,4.52871,7.45697,5.57634,4.53458,5.87356,6.57259,4.71364,6.69482,5.05583,3.49563,5.29605,5.33579,4.46738,5.07527,2.30051,2.30051,2.43568,2.43568,2.08416,2.6031,2.18273,1.70628,0.990321
2025-05-31,0.613048,6.54611,5.14097,7.00992,6.59994,4.52173,7.44556,5.56778,4.5276,5.86052,2.19747,1.57595,2.23833,2.66802,1.84469,2.79479,3.88399,3.20238,3.67951,2.32822,2.32822,2.40563,2.40563,1.37302,2.6031,2.17931,0.570474,0.522604
2025-06-01,0.964396,6.54611,5.14097,7.00992,6.42727,4.40285,7.251,5.42182,4.40856,5.70229,4.6629,3.34408,4.74963,4.31077,2.98049,4.51559,4.8896,4.07615,4.64556,2.21263,2.21263,2.41816,2.41816,1.78981,2.6031,2.12106,1.21051,0.844381
2025-06-02,0.216926,6.54611,5.14097,7.00992,6.31823,4.32778,7.12814,5.32965,4.3334,5.601,7.21838,5.17678,7.35263,6.53846,4.52073,6.84913,6.3735,5.37018,6.07251,2.22724,2.22724,2.58778,2.58778,2.58156,2.6031,2.08428,1.87393,1.28074
2025-06-03,-0.425021,6.54611,5.14097,7.00992,6.17153,4.22678,6.96284,5.20565,4.19376,5.45925,6.83577,4.90238,6.9629,5.81965,4.02374,6.09616,7.48352,6.39751,7.15772,2.16305,2.16305,2.54266,2.54266,3.34548,2.58439,1.98775,1.7746,1.13994
2025-06-04,-0.666611,6.54611,5.14097,7.00992,6.06542,4.15373,6.84328,5.11596,4.12126,5.36639,6.0648,4.34947,6.17759,6.09554,4.21449,6.38516,6.6274,5.50754,6.29144,2.22818,2.22818,2.75944,2.75944,2.44808,2.58439,1.95275,1.57445,1.19398
2025-06-05,-3.05977,6.54611,5.14097,7.00992,5.99941,4.10829,6.76891,5.06016,4.07617,5.30644,5.3777,3.8567,5.47771,5.77007,3.98946,6.04423,6.0155,5.00055,5.71102,2.26435,2.26435,2.58988,2.58988,2.27451,2.58439,1.93098,1.39608,1.13022
2025-06-06,2.73304,6.54611,5.14097,7.00992,6.60468,4.525,7.4509,5.57178,4.48968,5.96183,6.01778,4.31575,6.1297,5.78426,3.99927,6.05909,5.66381,4.70191,5.37524,2.48133,2.48133,2.79507,2.79507,2.08911,2.6031,2.18091,1.56225,1.133
2025-06-07,1.16691,6.54611,5.14097,7.00992,6.88771,4.71985,7.76981,5.81102,4.68303,6.21511,2.60396,1.86747,2.65239,3.19768,2.21089,3.34961,4.69338,3.87553,4.44803,2.31258,2.31258,2.6211,2.6211,1.66853,2.6031,2.27639,0.676002,0.626351
2025-06-08,0.168416,6.54611,5.14097,7.00992,6.73038,4.61154,7.59254,5.67804,4.57555,6.06516,4.94121,3.54366,5.0331,5.11506,3.53658,5.35809,5.3064,4.44775,5.0488,2.18837,2.18837,2.44782,2.44782,2.03844,2.6031,2.22331,1.28276,1.00192
2025-06-09,4.16599,6.54611,5.14097,7.00992,6.51754,4.465,7.35272,5.49813,4.43014,5.89002,6.41424,4.60008,6.53354,6.70788,4.63787,7.02659,6.2448,5.24131,5.94375,2.02086,2.02086,2.37753,2.37753,2.45796,2.6031,2.15152,1.66517,1.31392
2025-06-10,-0.0334266,6.44348,5.13311,6.82643,7.42807,5.09187,8.37866,6.19514,5.01117,6.47362,6.77393,4.85992,6.99649,6.39672,4.9275,7.48105,7.48653,6.39465,7.15897,1.98407,1.98407,2.39166,2.39166,3.28256,2.58439,2.45867,1.80449,1.41561
2025-06-11,-1.43474,6.44348,5.13311,6.82643,7.11075,4.87341,8.02112,5.92999,4.79612,6.19669,6.41685,4.60374,6.62768,5.49461,4.23258,6.42601,6.71257,5.64478,6.39223,2.04289,2.04289,2.47216,2.47216,2.68672,2.58439,2.35162,1.70937,1.21597
2025-06-12,-2.56992,6.44348,5.13311,6.82643,6.98628,4.78771,7.88087,5.82599,4.71177,6.08806,6.06999,4.35489,6.26942,5.8619,4.51551,6.85557,6.45831,5.44834,6.15532,2.04987,2.04987,2.78559,2.78559,2.69167,2.57681,2.2569,1.61697,1.29725
2025-06-13,0.152736,6.44348,5.13311,6.82643,7.18244,4.92277,8.1019,5.9899,4.84471,6.25926,6.46412,4.63765,6.67651,5.04632,3.88726,5.90174,5.07939,4.25131,4.83096,2.23927,2.23927,2.91328,2.91328,1.97563,2.57681,2.37581,1.72196,1.11676
2025-06-14,-0.584751,6.44348,5.13311,6.82643,6.90091,4.72894,7.78468,5.75465,4.65391,6.01355,2.16325,1.55201,2.23433,2.57807,1.98593,3.01509,3.91354,3.23493,3.70995,2.20342,2.20342,2.64392,2.64392,1.41009,2.57681,2.28084,0.576263,0.570534
2025-06-15,0.0754588,6.44348,5.13311,6.82643,6.69006,4.58378,7.5471,5.57847,4.51102,5.82954,4.44658,3.19018,4.59267,3.97381,3.06109,4.64742,5.13929,4.2801,4.88154,2.27786,2.27786,2.57628,2.57628,1.92397,2.57055,2.15927,1.18451,0.879416
2025-06-16,1.17236,6.44348,5.13311,6.82643,6.48283,4.4411,7.3136,5.40531,4.37058,5.64869,6.23947,4.47648,6.44447,5.42044,4.17545,6.33927,6.63161,5.57819,6.31558,2.38896,2.38896,2.49273,2.49273,2.66468,2.57055,2.09089,1.66212,1.19956
2025-06-17,-2.07733,6.44348,5.13311,6.82643,6.3936,4.37967,7.21307,5.33075,4.31011,5.57082,6.13702,4.40298,6.33866,5.52253,4.25409,6.45867,7.58317,6.42072,7.23443,2.21826,2.21826,2.37632,2.37632,3.196,2.54624,2.051,1.63483,1.22215
2025-06-18,0.269433,6.44348,5.13311,6.82643,6.79993,4.75272,7.54318,6.21727,4.60973,6.12444,6.76056,4.85033,6.98268,5.70548,4.39502,6.67263,7.88892,6.61123,7.50562,2.25896,2.25896,2.64078,2.64078,3.08245,2.54624,2.31853,1.80093,1.26264
2025-06-19,-0.189954,6.44348,5.13311,6.82643,6.36352,4.44625,7.05959,5.81784,4.31233,5.73091,6.23326,4.47202,6.43806,5.3982,4.15832,6.31327,7.39945,6.17583,7.03237,2.31049,2.31049,2.37807,2.37807,2.85877,2.54624,2.16657,1.66046,1.19464
2025-06-20,-1.32187,6.44348,5.13311,6.82643,6.17864,4.31642,6.85473,5.64862,4.18635,5.56419,5.52375,3.96299,5.70524,4.43262,3.41452,5.18401,5.87695,4.85228,5.56955,2.21403,2.21403,2.45839,2.45839,2.11303,2.54624,2.10219,1.47146,0.980951
2025-06-21,-1.02371,6.44348,5.13311,6.82643,6.384,4.46063,7.08228,5.83658,4.32629,5.74937,2.29156,1.64407,2.36685,1.92062,1.47948,2.24619,4.64826,3.84455,4.40714,2.32887,2.32887,2.61548,2.61548,1.69957,2.54624,2.1737,0.610444,0.425038
2025-06-22,-1.25001,6.44348,5.13311,6.82643,6.35804,4.4424,7.05352,5.81282,4.30859,5.72596,4.7059,3.37622,4.86051,3.99795,3.07968,4.67565,6.46943,5.39009,6.14563,2.17292,2.17292,2.39851,2.39851,2.42387,2.54624,2.16466,1.25359,0.884757
2025-06-23,4.44547,6.44348,5.13311,6.82643,6.42807,4.49158,7.13112,5.87691,4.35632,5.78911,6.78906,4.87078,7.01211,6.08292,4.68577,7.11406,6.62918,5.53512,6.30096,2.09434,2.09434,2.24458,2.24458,2.58246,2.54624,2.18905,1.80852,1.34617
2025-06-24,0.442164,6.44348,5.13311,6.82643,8.62412,6.03375,9.56457,7.88686,5.85282,7.76941,7.33668,5.26367,7.57773,7.07687,5.45143,8.27649,8.74098,7.36598,8.32848,2.05407,2.05407,2.19231,2.19231,3.57495,2.54624,2.95374,1.9544,1.56613
2025-06-25,1.23299,6.44348,5.13311,6.82643,7.23387,5.05745,8.02402,6.61442,4.90543,6.51574,7.51546,5.39193,7.76238,6.12305,4.71668,7.16098,7.66948,6.46732,7.30884,1.9708,1.9708,1.99274,1.99274,3.12726,2.54624,2.46963,2.00203,1.35505
2025-06-26,-0.374445,6.44348,5.13311,6.82643,6.74303,4.71276,7.48012,6.16518,4.57095,6.07313,7.41254,5.31809,7.65608,5.92047,4.56063,6.92406,7.17882,6.02658,6.83314,1.93255,1.93255,2.11471,2.11471,2.84953,2.54624,2.29872,1.97461,1.31022
2025-06-27,0.119998,6.44348,5.13311,6.82643,6.36282,4.44576,7.05882,5.81719,4.31185,5.73027,6.23065,4.47015,6.43536,5.06606,3.90246,5.92482,5.69347,4.75985,5.41339,1.93764,1.93764,2.33192,2.33192,2.19474,2.54624,2.16633,1.65977,1.12113
2025-06-28,0.223186,6.44348,5.13311,6.82643,6.1679,4.30888,6.84282,5.63879,4.17902,5.5545,2.58998,1.85817,2.67508,2.67501,2.0606,3.12846,3.85939,3.18363,3.65667,2.06085,2.06085,2.34967,2.34967,1.36956,2.54624,2.09845,0.68994,0.591987
2025-06-29,0.980816,6.44348,5.13311,6.82643,6.08832,4.25299,6.75464,5.56596,4.1248,5.48274,4.49411,3.22428,4.64177,4.13193,3.18289,4.83235,5.93842,4.96354,5.64596,2.08865,2.08865,2.51227,2.51227,2.23636,2.54624,2.07074,1.19718,0.914408
2025-06-30,-1.16021,6.44348,5.13311,6.82643,6.17765,4.31573,6.85363,5.64772,4.18567,5.5633,6.69321,4.80201,6.91312,6.27431,4.8332,7.33789,5.64358,4.72391,5.36768,2.04101,2.04101,2.11321,2.11321,2.16782,2.54624,2.10185,1.78299,1.38852
2025-07-01,-1.35042,6.44348,5.13311,6.82643,6.32055,4.41608,7.01198,5.77851,4.28305,5.69216,6.29999,4.5199,6.50698,6.1804,4.76086,7.22805,7.55668,6.47236,7.23138,2.12391,2.12391,2.30808,2.30808,3.35506,2.54624,2.15161,1.67824,1.36774
2025-07-02,2.94678,6.44348,5.13311,6.82643,6.45313,4.50918,7.15889,5.89985,4.3734,5.81171,6.45876,4.63381,6.67096,6.0071,4.62736,7.02538,7.99783,6.70235,7.60919,2.15275,2.15275,2.34242,2.34242,3.12571,2.54624,2.19777,1.72053,1.32939
2025-07-03,0.72186,6.44348,5.13311,6.82643,7.35129,5.13991,8.15414,6.7219,4.98545,6.62163,6.45998,4.63468,6.67222,6.23329,4.8016,7.28991,8.10279,6.83281,7.72179,2.16856,2.16856,2.21768,2.21768,3.34477,2.54624,2.51052,1.72086,1.37944
2025-07-04,-1.48259,6.44348,5.13311,6.82643,6.6665,4.65902,7.39533,6.09514,4.5188,6.00412,6.19466,4.44433,6.39818,4.91384,3.78521,5.7468,6.03822,4.9938,5.7249,1.96265,1.96265,2.3564,2.3564,2.20755,2.54624,2.27207,1.65018,1.08745
2025-07-05,0.182038,6.44348,5.13311,6.82643,6.65196,4.64881,7.37921,6.08183,4.50889,5.99101,2.57272,1.84579,2.65725,2.43066,1.87238,2.84269,3.40691,2.76621,3.2147,2.03932,2.03932,2.64214,2.64214,1.09376,2.54624,2.26701,0.685342,0.537912
2025-07-06,0.920519,6.44348,5.13311,6.82643,6.29446,4.39775,6.98306,5.75463,4.26527,5.66863,4.84461,3.47574,5.00378,3.93646,3.03232,4.60374,6.1804,5.1017,5.85679,1.91429,1.91429,2.60697,2.60697,2.18258,2.54624,2.14252,1.29054,0.871149
2025-07-07,-0.857092,6.44348,5.13311,6.82643,6.24687,4.36433,6.93033,5.71107,4.23284,5.62571,6.46441,4.63786,6.6768,6.76733,5.21298,7.91448,6.84568,5.72027,6.50806,2.0518,2.0518,2.61317,2.61317,2.63356,2.54624,2.12595,1.72204,1.49763
2025-07-08,0.598781,6.44348,5.13311,6.82643,6.09192,4.16124,6.88839,5.07277,4.06633,5.31423,6.21193,4.45672,6.41602,6.52721,5.02801,7.63366,7.61372,6.42791,7.25798,1.99441,1.99441,2.5016,2.5016,3.1447,2.54624,1.97065,1.65478,1.44449
2025-07-09,2.15762,6.44348,5.13311,6.82643,5.99109,4.092,6.77453,4.98861,3.99864,5.22606,6.14508,4.40876,6.34698,5.70162,4.39205,6.66812,6.77096,5.69355,6.44774,1.98361,1.98361,2.30926,2.30926,2.70327,2.54624,1.93663,1.63697,1.26178
2025-07-10,4.10121,6.44348,5.13311,6.82643,6.20396,4.23819,7.01491,5.16629,4.14155,5.41202,6.05515,4.34424,6.25409,5.73944,4.42118,6.71234,7.20447,6.04603,6.85694,1.91887,1.91887,2.1755,2.1755,2.87323,2.54624,2.00541,1.61302,1.27015
2025-07-11,1.31031,6.44348,5.13311,6.82643,7.15299,4.88995,8.08656,5.9584,4.7787,6.24122,6.868,4.92741,7.09365,5.43444,4.18624,6.35565,5.6366,4.69929,5.35541,2.05438,2.05438,2.19512,2.19512,2.16666,2.54624,2.31695,1.82955,1.20266
2025-07-12,-0.0696002,6.44348,5.13311,6.82643,6.97315,4.76644,7.88349,5.8083,4.65796,6.08395,2.30202,1.65158,2.37766,3.05664,2.35458,3.57478,3.75832,3.10421,3.56209,2.06073,2.06073,2.3268,2.3268,1.34704,2.54624,2.25308,0.613231,0.676442
2025-07-13,1.42118,6.44348,5.13311,6.82643,6.72187,4.59387,7.59973,5.59856,4.48926,5.86427,4.73088,3.39415,4.88631,4.18044,3.22026,4.88907,5.82413,4.83861,5.52847,1.95417,1.95417,2.34414,2.34414,2.14954,2.54624,2.16624,1.26025,0.925142
2025-07-14,0.613971,6.44348,5.13311,6.82643,6.62821,4.52956,7.49398,5.52039,4.42639,5.78239,6.99544,5.01884,7.22528,6.88727,5.30537,8.05475,6.04875,5.07483,5.75657,2.06274,2.06274,2.24834,2.24834,2.36323,2.54624,2.13359,1.8635,1.52417
2025-07-15,-1.74439,6.44348,5.13311,6.82643,6.44574,4.40423,7.28792,5.36809,4.30388,5.62284,6.39426,4.58753,6.60434,6.45256,4.97051,7.54635,6.20384,5.2017,5.9032,1.85024,1.85024,2.13731,2.13731,2.40188,2.54624,2.07256,1.70335,1.42797
2025-07-16,0.812904,6.44348,5.13311,6.82643,6.49887,4.44072,7.34792,5.41244,4.33955,5.6691,6.28065,4.50602,6.487,6.33879,4.88287,7.4133,6.44176,5.38903,6.12594,1.91006,1.91006,2.35978,2.35978,2.53166,2.54624,2.09004,1.67309,1.40279
2025-07-17,0.463253,6.44348,5.13311,6.82643,6.35372,4.34104,7.18402,5.29129,4.2421,5.54196,6.00898,4.31112,6.20641,5.64484,4.34831,6.60171,5.90622,4.94601,5.61816,1.86237,1.86237,1.98189,1.98189,2.32263,2.54624,2.04228,1.60072,1.24922
2025-07-18,-1.08442,6.44348,5.13311,6.82643,6.20298,4.23751,7.01379,5.16547,4.14089,5.40988,5.8227,4.17747,6.01401,4.56175,3.51399,5.33503,5.36691,4.43966,5.08874,1.79437,1.79437,1.98617,1.98617,1.96748,2.54624,1.99267,1.5511,1.00953
2025-07-19,-0.053611,6.44348,5.13311,6.82643,6.16112,4.20877,6.96653,5.13053,4.11279,5.37281,2.2028,1.58039,2.27518,2.26126,1.74189,2.64457,3.54323,2.89918,3.35002,1.6956,1.6956,1.93518,1.93518,1.20608,2.54624,1.97889,0.586799,0.500423
2025-07-20,-0.543439,6.44348,5.13311,6.82643,6.03013,4.11881,6.81861,5.0212,4.02485,5.25854,4.2505,3.0495,4.39016,3.63625,2.80106,4.25264,5.01061,4.14985,4.75238,1.68491,1.68491,2.07709,2.07709,1.7818,2.54624,1.9358,1.13228,0.804712
2025-07-21,0.118216,6.44348,5.13311,6.82643,5.94669,4.0615,6.72439,4.95155,3.96883,5.18535,6.24979,4.48388,6.45513,6.08138,4.68458,7.11225,6.5534,5.45819,6.22484,1.67661,1.67661,1.98702,1.98702,2.51624,2.54624,1.90834,1.66487,1.34583
2025-07-22,2.15299,6.44348,5.13311,6.82643,5.8484,3.994,6.61341,4.86952,3.90284,5.10342,5.69125,4.08316,5.87824,5.1787,3.98923,6.05655,6.41187,5.2866,6.07429,1.57603,1.57603,2.19558,2.19558,2.2839,2.54624,1.89168,1.51608,1.14606
2025-07-23,-1.03914,6.44348,5.13311,6.82643,6.08888,4.15916,6.88496,5.07024,4.06429,5.31711,5.89228,4.22739,6.08588,5.61581,4.32595,6.56776,6.10843,5.13139,5.81532,1.81692,1.81692,2.17546,2.17546,2.44952,2.54624,1.97204,1.56963,1.24279
2025-07-24,-0.326374,6.44348,5.13311,6.82643,6.05878,4.13848,6.85097,5.04511,4.04408,5.29263,5.63866,4.04543,5.82392,5.17086,3.98319,6.04738,5.96059,4.92842,5.65094,1.88011,1.88011,1.97683,1.97683,2.16558,2.54624,1.9454,1.50207,1.14433
2025-07-25,-0.620434,6.44348,5.13311,6.82643,5.9544,4.0668,6.7331,4.95799,3.974,5.20103,5.10607,3.66333,5.27383,4.0274,3.10237,4.71009,4.96099,4.08208,4.69732,1.86663,1.86663,2.08517,2.08517,1.75049,2.54624,1.91105,1.36019,0.891274
2025-07-26,0.264438,6.44348,5.13311,6.82643,5.89081,4.02313,6.66129,4.90492,3.93132,5.14427,1.91327,1.37267,1.97613,2.11945,1.63264,2.47872,4.41118,3.65445,4.18416,1.69896,1.69896,1.75036,1.75036,1.62744,2.54624,1.8901,0.509672,0.469039
2025-07-27,1.26468,6.44348,5.13311,6.82643,5.80413,3.9636,6.56341,4.83256,3.87312,5.06701,4.08609,2.93155,4.22034,3.50285,2.6983,4.09662,4.79156,4.01336,4.5581,1.69767,1.69767,1.82108,1.82108,1.85763,2.54624,1.86155,1.08848,0.775189
2025-07-28,-1.28409,6.44348,5.13311,6.82643,5.46568,3.72774,6.18413,4.67248,3.67414,4.86137,5.94474,4.26502,6.14006,5.51244,4.24632,6.44687,5.74946,4.83784,5.47598,1.53583,1.53583,2.10522,2.10522,2.29354,2.54624,1.75971,1.58361,1.21992
2025-07-29,-0.00197172,6.44348,5.13311,6.82643,5.50354,3.75373,6.22689,4.70491,3.69976,4.88991,5.80571,4.16528,5.99646,5.67346,4.37035,6.63518,5.98667,5.04016,5.70272,1.65723,1.65723,2.24982,2.24982,2.40226,2.54624,1.77226,1.54657,1.25555
2025-07-30,-0.0771624,6.44348,5.13311,6.82643,5.4179,3.69494,6.13016,4.63153,3.6418,4.81309,5.71416,4.0996,5.9019,5.07247,3.9074,5.93232,5.64622,4.75241,5.37808,1.60436,1.60436,2.20809,2.20809,2.26613,2.54624,1.74387,1.52218,1.12255
2025-07-31,-1.77495,6.44348,5.13311,6.82643,5.3425,3.64318,6.04499,4.56692,3.59076,4.7398,4.95107,3.55212,5.11374,4.5923,3.53752,5.37076,4.49846,3.74573,4.27264,1.56922,1.56922,2.33725,2.33725,1.69887,2.54624,1.71887,1.3189,1.01629
2025-08-01,-2.12871,6.44348,5.13311,6.82643,5.49782,3.7498,6.22043,4.70001,3.69589,4.92022,5.21153,3.73899,5.38276,4.1827,3.222,4.89173,4.32601,3.60049,4.10835,1.76058,1.76058,2.41898,2.41898,1.65815,2.54624,1.77424,1.38829,0.925644
2025-08-02,-0.7024,6.44348,5.13311,6.82643,5.72023,3.90249,6.47166,4.8906,3.84642,5.11007,2.13716,1.5333,2.20738,2.90896,2.24082,3.40206,4.74396,3.99047,4.51791,1.95275,1.95275,2.10641,2.10641,1.88546,2.54624,1.87153,0.569314,0.64376
2025-08-03,1.49136,6.44348,5.13311,6.82643,5.64981,3.85415,6.39212,4.83025,3.79876,5.04693,4.69188,3.36616,4.84603,4.01407,3.0921,4.69451,5.83355,4.88859,5.55006,2.06639,2.06639,2.18038,2.18038,2.28831,2.54624,1.84785,1.24986,0.888325
2025-08-04,0.745097,6.44348,5.13311,6.82643,5.67376,3.87059,6.41918,4.85078,3.81497,5.0664,6.10024,4.37659,6.30067,6.02008,4.63737,7.04056,5.70542,4.79552,5.43245,1.90502,1.90502,1.93109,1.93109,2.27564,2.54624,1.85591,1.62503,1.33226
2025-08-05,-0.811862,6.30052,5.07432,6.61003,5.59805,3.81861,6.33365,4.71605,3.72425,5.00801,5.45758,4.13612,5.84138,5.77303,4.385,6.59633,5.20838,4.35287,4.95172,1.69803,1.69803,2.19146,2.19146,1.99542,2.53807,1.80754,1.54518,1.28383
2025-08-06,0.773715,6.22248,5.03193,6.19339,5.55255,3.78738,6.28225,4.66727,3.63221,4.57687,5.45343,4.20083,5.6791,5.16632,3.85341,5.63541,5.00753,4.16707,4.75539,1.82766,1.82766,2.36815,2.36815,1.86767,2.52725,1.81515,1.5703,1.15804
2025-08-07,2.12364,6.22248,5.03193,6.19339,5.49243,3.74611,6.21435,4.61661,3.59259,4.52885,4.69024,3.61295,4.88434,4.96664,3.70447,5.4176,5.16777,4.27502,4.89994,1.63835,1.63835,2.45384,2.45384,1.89177,2.52725,1.81461,1.35054,1.11328
2025-08-08,-0.690201,6.22248,5.03193,6.19339,5.67322,3.87022,6.41857,4.76897,3.71172,4.67853,5.05511,3.894,5.2643,4.68227,3.49237,5.1074,4.77615,3.96107,4.53162,1.87011,1.87011,2.44948,2.44948,1.77229,2.48745,1.86042,1.4556,1.04954
2025-08-09,-0.161554,6.22248,5.03193,6.19339,5.60671,3.82456,6.34344,4.71292,3.6679,4.62352,1.88009,1.44826,1.9579,3.11091,2.32034,3.39338,4.42309,3.64505,4.18968,1.7233,1.7233,2.26287,2.26287,1.55885,2.48745,1.838,0.541366,0.697315
2025-08-10,2.38036,6.22248,5.03193,6.19339,5.51356,3.76061,6.23822,4.63442,3.60652,4.5466,3.80364,2.92999,3.96105,3.77655,2.81682,4.11945,4.25286,3.51774,4.03233,1.55121,1.55121,2.08675,2.08675,1.52054,2.47318,1.80204,1.09525,0.846518
2025-08-11,-0.483381,6.22248,5.03193,6.19339,5.75987,3.92971,6.51645,4.842,3.76882,4.75031,5.15945,3.97438,5.37296,5.72522,4.27028,6.24505,5.27414,4.42572,5.01961,1.39857,1.39857,2.09506,2.09506,2.11772,2.47318,1.88486,1.48565,1.28332
2025-08-12,1.20674,6.22248,5.03193,6.19339,5.66695,3.86592,6.41148,4.76369,3.70759,4.67345,4.74074,3.65184,4.93692,5.46723,4.07785,5.96364,4.8025,4.04862,4.57634,1.46317,1.46317,1.91627,1.91627,1.97608,2.47318,1.85362,1.36508,1.22549
2025-08-13,2.60461,6.22248,5.03193,6.19339,5.64388,3.85008,6.38542,4.74425,3.69239,4.65433,4.97245,3.83033,5.17822,5.34319,3.98533,5.82833,4.27551,3.59442,4.07118,1.45214,1.45214,2.16862,2.16862,1.70642,2.47318,1.84586,1.4318,1.19768
2025-08-14,-4.12504,6.22248,5.03193,6.19339,5.93468,4.04972,6.71391,4.98933,3.88402,4.89473,4.95214,3.81469,5.15707,5.36043,3.99819,5.84715,4.69489,3.93207,4.46604,1.46704,1.46704,2.04556,2.04556,1.86958,2.47318,1.94364,1.42595,1.20155
2025-08-15,-0.815445,6.22248,5.03193,6.19339,6.79302,4.63898,7.68348,5.71272,4.57254,5.61059,5.52832,4.26107,5.77087,5.17684,3.96205,5.64777,4.78606,3.96338,4.53925,1.88134,1.88134,2.89151,2.89151,1.78218,2.48745,2.23786,1.59186,1.16039
2025-08-16,0.0791865,6.22248,5.03193,6.19339,6.62408,4.52299,7.49265,5.57033,4.45819,5.47055,1.50952,1.1635,1.57575,3.06743,2.34763,3.34647,4.77634,3.96338,4.53245,1.76252,1.76252,2.67369,2.67369,1.78286,2.48745,2.18092,0.434661,0.687567
2025-08-17,-0.0325913,6.22248,5.03193,6.19339,5.30849,3.71544,5.87706,4.61992,3.6347,4.65733,4.11589,3.17241,4.29648,4.01385,3.07197,4.37899,4.13503,3.41423,3.91879,1.76933,1.76933,2.30603,2.30603,1.469,2.47318,1.82503,1.18516,0.89971
2025-08-18,-1.02759,6.22248,5.03193,6.19339,5.2245,3.65629,5.78421,4.54667,3.57682,4.58513,4.92808,3.79842,5.1443,5.61448,4.297,6.12523,5.11762,4.26673,4.86235,1.76641,1.76641,2.22975,2.22975,1.96022,2.42372,1.79117,1.41902,1.25849
2025-08-19,-2.98702,6.22248,5.03193,6.19339,5.18447,3.62809,5.73995,4.51176,3.54923,4.55039,5.01595,3.86615,5.23602,5.57931,4.27008,6.08685,5.19134,4.36464,4.94333,1.7324,1.7324,2.17211,2.17211,2.10688,2.42372,1.77767,1.44433,1.25061
2025-08-20,1.27129,6.22248,5.03193,6.19339,5.41635,3.79139,5.9963,4.71399,3.70906,4.75487,5.53118,4.26327,5.77386,5.75133,4.40173,6.27452,5.63148,4.72802,5.36044,2.02052,2.02052,2.2821,2.2821,2.24758,2.47318,1.86363,1.59268,1.28917
2025-08-21,-1.63723,6.22248,5.03193,6.19339,5.37453,3.76194,5.95007,4.67752,3.68023,4.7167,5.1157,3.94304,5.34015,5.38196,4.11904,5.87155,6.06329,5.00572,5.74602,1.782,1.782,2.19156,2.19156,2.1906,2.47318,1.8486,1.47305,1.20637
2025-08-22,3.8864,6.22248,5.03193,6.19339,5.38404,3.76864,5.96059,4.68582,3.68678,4.72372,5.16181,3.97857,5.38829,4.48439,3.43209,4.89233,4.64722,3.84225,4.40573,1.83105,1.83105,2.51271,2.51271,1.71989,2.47318,1.85172,1.48633,1.00518
2025-08-23,-1.29153,6.22248,5.03193,6.19339,5.75536,4.03015,6.3711,5.00967,3.94271,5.04854,1.6882,1.30122,1.76227,2.91974,2.2346,3.18535,5.40836,4.44975,5.12078,1.82674,1.82674,2.50281,2.50281,1.89051,2.47318,1.98261,0.486112,0.654464
2025-08-24,-1.67454,6.22248,5.03193,6.19339,5.71287,4.00023,6.32412,4.97261,3.91341,5.00957,4.47899,3.45227,4.6755,4.20116,3.21533,4.58334,4.55678,3.78152,4.3242,2.00193,2.00193,2.68016,2.68016,1.64135,2.47318,1.96729,1.28971,0.941696
2025-08-25,-2.98263,6.22248,5.03193,6.19339,5.70899,3.99749,6.31983,4.96923,3.91073,5.00531,5.87178,4.52579,6.1294,6.25067,4.7839,6.81929,5.82746,4.87756,5.54249,1.89333,1.89333,2.28512,2.28512,2.25753,2.47318,1.96575,1.69076,1.4011
2025-08-26,1.51251,6.22248,5.03193,6.19339,5.89506,4.12853,6.52554,5.13151,4.03897,5.1676,6.13389,4.72782,6.40301,6.75151,5.16721,7.36569,6.43674,5.50707,6.15784,2.06581,2.06581,2.30272,2.30272,2.89084,2.48745,2.03425,1.76623,1.51336
2025-08-27,-0.520656,6.22248,5.03193,6.19339,5.85187,4.09812,6.47779,5.09384,4.00924,5.13584,6.10187,4.70314,6.36958,6.20171,4.74643,6.76587,6.05705,5.1131,5.77386,1.86496,1.86496,2.24706,2.24706,2.47792,2.48745,2.01899,1.75701,1.39012
2025-08-28,1.18226,6.22248,5.03193,6.19339,5.75927,4.0329,6.37542,5.01308,3.94541,5.0531,5.55973,4.28528,5.80366,5.78797,4.42977,6.31449,5.52505,4.63811,5.25897,1.93569,1.93569,2.17177,2.17177,2.22669,2.48745,1.98624,1.6009,1.29738
2025-08-29,-3.74233,6.22248,5.03193,6.19339,5.69648,3.98868,6.306,4.95832,3.90212,4.99597,5.47083,4.21676,5.71086,5.05424,3.86822,5.51402,4.56043,3.80472,4.33372,1.79815,1.79815,2.00909,2.00909,1.75189,2.48745,1.96403,1.57531,1.13291
2025-08-30,0.365745,6.22248,5.03193,6.19339,6.03693,4.22845,6.68239,5.25525,4.13677,5.29335,2.06401,1.59088,2.15457,3.28987,2.51787,3.58914,4.99371,4.15913,4.74334,2.13319,2.13319,2.59961,2.59961,1.87354,2.52725,2.08945,0.594326,0.737428
2025-08-31,-0.526493,6.22248,5.03193,6.19339,5.92957,4.15284,6.5637,5.16162,4.06276,5.19752,4.38878,3.38274,4.58133,4.47694,3.42639,4.8842,4.91266,4.10934,4.67166,1.95097,1.95097,2.55949,2.55949,1.88531,2.52725,2.05139,1.26373,1.00351
2025-09-01,0.932369,6.22248,5.03193,6.19339,5.83439,4.0858,6.45847,5.0786,3.99714,5.1121,5.85278,4.51115,6.10957,6.42963,4.92086,7.01452,5.22155,4.37227,4.96676,1.86709,1.86709,2.59003,2.59003,2.02856,2.52725,2.01765,1.68529,1.44121
2025-09-02,1.76914,6.22248,5.03193,6.19339,5.7537,4.02898,6.36926,5.00822,3.94151,5.03907,5.50273,4.24135,5.74417,6.0913,4.66193,6.64542,5.63058,4.75249,5.36715,1.89168,1.89168,2.16057,2.16057,2.33879,2.52725,1.98905,1.58449,1.36537
2025-09-03,0.468884,6.22248,5.03193,6.19339,5.74129,4.02024,6.35555,4.9974,3.93295,5.027,5.57004,4.29322,5.81442,6.12292,4.68612,6.67991,5.61689,4.75744,5.35905,1.89009,1.89009,2.02057,2.02057,2.32776,2.52725,1.98465,1.60387,1.37246
2025-09-04,-0.89875,6.22248,5.03193,6.19339,5.64634,3.95337,6.25057,4.91458,3.8675,4.94398,5.51695,4.25231,5.75901,5.82525,4.45831,6.35517,5.78442,4.83299,5.49899,1.83863,1.83863,1.89757,1.89757,2.24379,2.52725,1.95099,1.58859,1.30574
2025-09-05,-0.0656008,6.22248,5.03193,6.19339,5.57992,3.90659,6.17713,4.85665,3.82164,4.88338,5.54467,4.27367,5.78795,4.9781,3.80995,5.43096,4.7338,3.94687,4.49772,1.8403,1.8403,1.93406,1.93406,1.85178,2.52725,1.92744,1.59657,1.11585
2025-09-06,-0.386001,6.22248,5.03193,6.19339,5.68584,3.95676,6.3277,4.84124,3.82774,4.8652,1.63642,1.2613,1.70821,2.75049,2.10507,3.0007,3.45331,2.81484,3.26177,1.85317,1.85317,2.06689,2.06689,1.12427,2.52725,1.92264,0.471201,0.616526
2025-09-07,0.851816,6.22248,5.03193,6.19339,5.5987,3.89579,6.23085,4.76689,3.75025,4.78875,3.90751,3.01179,4.07895,3.63858,2.78476,3.96958,3.90474,3.21113,3.69666,1.75413,1.75413,2.2245,2.2245,1.33426,2.52725,1.89247,1.12515,0.815593
2025-09-08,0.80973,6.22248,5.03193,6.19339,5.52887,3.84694,6.15323,4.70731,3.65013,4.72875,5.20419,4.01124,5.43252,5.88792,4.50627,6.42353,5.17369,4.28288,4.90644,1.70758,1.70758,2.15471,2.15471,1.87637,2.52725,1.86829,1.49853,1.31978
2025-09-09,-0.48379,6.22248,5.03193,6.19339,5.45991,3.79869,6.07658,4.64846,3.67452,4.67111,4.90348,3.77946,5.11862,5.57147,4.26408,6.0783,5.01217,4.25283,4.78437,1.83802,1.83802,2.19888,2.19888,2.14444,2.52725,1.84441,1.41194,1.24885
2025-09-10,2.15082,6.22248,5.03193,6.19339,5.38561,3.74671,5.994,4.58507,3.59857,4.60608,5.009,3.8608,5.22877,4.87917,3.73423,5.32302,5.06951,4.23273,4.81848,1.7192,1.7192,2.02215,2.02215,1.95565,2.52725,1.81869,1.44233,1.09367
2025-09-11,1.3529,6.22248,5.03193,6.19339,5.45488,3.79518,6.07099,4.64417,3.62718,4.6654,5.24663,4.04395,5.47682,4.97883,3.8105,5.43174,5.64355,4.77046,5.38162,1.6867,1.6867,1.953,1.953,2.40967,2.52725,1.84267,1.51075,1.11601
2025-09-12,0.512972,6.22248,5.03193,6.19339,5.42735,3.77591,6.04038,4.62068,3.55746,4.64251,4.99031,3.84638,5.20926,4.36815,3.34313,4.76552,4.63628,3.85232,4.40109,1.5148,1.5148,1.77639,1.77639,1.76238,2.48745,1.82488,1.43694,0.979126
2025-09-13,-0.130209,6.22248,5.03193,6.19339,5.35055,3.72219,5.95502,4.55515,3.50679,4.57651,1.39162,1.07262,1.45268,2.71154,2.07525,2.9582,2.65807,2.18128,2.51503,1.41598,1.41598,1.67857,1.67857,0.897223,2.48745,1.79841,0.400713,0.607794
2025-09-14,-0.469274,6.22248,5.03193,6.19339,5.27146,3.66685,5.86711,4.48766,3.45459,4.50851,3.72744,2.873,3.89098,3.4168,2.61502,3.72762,3.38218,2.81736,3.21274,1.36746,1.36746,1.95848,1.95848,1.25673,2.48745,1.77114,1.0733,0.765879
2025-09-15,0.0322442,6.22248,5.03193,6.19339,5.20473,3.62017,5.79295,4.43073,3.41057,4.45132,4.83028,3.72304,5.04221,5.09523,3.89959,5.55873,4.47295,3.73834,4.25257,1.29999,1.29999,2.0495,2.0495,1.74592,2.48745,1.74814,1.39086,1.1421
2025-09-16,1.20396,6.22248,5.03193,6.19339,5.13034,3.56813,5.71026,4.36726,3.36148,4.38776,4.29753,3.31241,4.48608,4.6513,3.55984,5.07443,4.60134,3.92023,4.397,1.20589,1.20589,1.99759,1.99759,2.04457,2.48745,1.7225,1.23746,1.0426
2025-09-17,-0.321182,6.22248,5.03193,6.19339,5.10653,3.55147,5.6838,4.34694,3.34577,4.36713,4.39758,3.38952,4.59052,4.5859,3.50978,5.00307,4.11092,3.41965,3.90354,1.29835,1.29835,2.0679,2.0679,1.54634,2.48745,1.71429,1.26627,1.02794
2025-09-18,0.5725,6.22248,5.03193,6.19339,5.04196,3.50629,5.61202,4.29184,3.30315,4.31153,4.11631,3.17274,4.29692,4.21173,3.22342,4.59487,4.09263,3.3984,3.88436,1.33012,1.33012,1.84346,1.84346,1.55873,2.48745,1.69203,1.18528,0.944066
2025-09-19,-1.24415,6.22248,5.03193,6.19339,4.98394,3.4657,5.54754,4.24234,3.26487,4.26155,4.01118,3.0917,4.18717,3.63422,2.78142,3.96482,3.75162,3.099,3.55583,1.32128,1.32128,1.69356,1.69356,1.35033,2.48745,1.67203,1.155,0.814615
2025-09-20,0.0286031,6.22248,5.03193,6.19339,4.98441,3.46603,5.54806,4.24274,3.26518,4.26168,1.19695,0.922572,1.24946,1.81277,1.38739,1.97768,3.49201,2.88361,3.30949,1.51338,1.51338,1.7045,1.7045,1.2648,2.48745,1.67219,0.344657,0.406334
2025-09-21,-0.36001,6.22248,5.03193,6.19339,4.91943,3.42057,5.47583,4.18729,3.2223,4.20571,2.95384,2.27673,3.08344,2.40113,1.83769,2.61956,3.32801,2.7448,3.15304,1.39381,1.39381,1.78653,1.78653,1.16862,2.48745,1.64979,0.850548,0.538216
2025-09-22,-2.24306,6.22248,5.03193,6.19339,4.86436,3.38204,5.41462,4.1403,3.18596,4.15823,4.0058,3.08755,4.18155,4.27512,3.27193,4.66402,4.58657,3.77967,4.3445,1.37322,1.37322,2.03362,2.03362,1.63931,2.48745,1.6308,1.15346,0.958274
2025-09-23,-0.65314,6.22248,5.03193,6.19339,5.00925,3.48341,5.57567,4.26393,3.28157,4.28219,4.60779,3.55155,4.80996,4.58572,3.50964,5.00287,4.78097,4.05222,4.56235,1.56833,1.56833,2.31128,2.31128,2.06731,2.48745,1.68839,1.3268,1.02789
2025-09-24,1.16635,6.22248,5.03193,6.19339,4.96297,3.45103,5.52422,4.22444,3.25103,4.24229,4.39179,3.38507,4.58448,4.08458,3.1261,4.45615,5.33304,4.40573,5.05484,1.48146,1.48146,2.1828,2.1828,1.94033,2.48745,1.67236,1.2646,0.915563
2025-09-25,-3.84919,6.22248,5.03193,6.19339,4.94468,3.43823,5.50389,4.20883,3.23896,4.22628,4.07211,3.13866,4.25077,4.24635,3.24991,4.63263,4.75872,3.94921,4.51587,1.55792,1.55792,2.05122,2.05122,1.78092,2.48745,1.66603,1.17255,0.951824
2025-09-26,0.606637,6.22248,5.03193,6.19339,5.40142,3.7572,6.01032,4.62106,3.64839,4.6629,4.77885,3.70604,5.02106,4.22041,3.24885,4.62746,5.2485,4.36484,4.9834,1.82022,1.82022,2.36835,2.36835,1.99723,2.52725,1.84071,1.37605,0.946011
2025-09-27,-0.0281584,6.22248,5.03193,6.19339,5.32713,3.7052,5.92777,4.55735,3.59782,4.59819,1.46447,1.1357,1.53869,1.60458,1.2352,1.75934,3.45639,2.84116,3.27182,1.53392,1.53392,1.81739,1.81739,1.19184,2.52725,1.8147,0.421688,0.359669
2025-09-28,2.20085,6.22248,5.03193,6.19339,5.24645,3.64873,5.83812,4.48816,3.54291,4.52794,3.44995,2.67547,3.62481,2.85601,2.19855,3.13147,4.0076,3.33628,3.8062,1.46563,1.46563,1.9724,1.9724,1.49695,2.52725,1.78645,0.993402,0.640179
2025-09-29,2.01112,6.22248,5.03193,6.19339,5.32847,3.70613,5.92926,4.5585,3.59864,4.5984,4.85255,3.76319,5.0985,5.47947,4.21807,6.00795,4.74603,3.99949,4.52207,1.47233,1.47233,1.7981,1.7981,1.93748,2.52725,1.81516,1.39727,1.22823
2025-09-30,-0.301417,6.22248,5.03193,6.19339,5.37827,3.74099,5.9846,4.60121,3.63246,4.64094,4.86862,3.77565,5.11539,5.27013,4.05692,5.77841,4.45715,3.76635,4.24991,1.46417,1.46417,1.99107,1.99107,1.81732,2.52725,1.8326,1.4019,1.18131
2025-10-01,3.94787,6.22248,5.03193,6.19339,5.30016,3.68632,5.89781,4.53422,3.5793,4.57298,4.79767,3.72063,5.04084,4.7239,3.63644,5.17951,4.32837,3.62817,4.11831,1.37487,1.37487,2.21137,2.21137,1.67537,2.52725,1.80525,1.38147,1.05887
2025-10-02,1.69839,6.22248,5.03193,6.19339,5.72945,3.98678,6.3748,4.90236,3.87115,4.94356,5.10993,3.96279,5.36893,5.65822,4.35567,6.20393,5.47666,4.69476,5.24209,1.42402,1.42402,2.58051,2.58051,2.49641,2.52725,1.95554,1.47139,1.2683
2025-10-03,1.30505,6.22248,5.03193,6.19339,5.71857,3.97917,6.36271,4.89304,3.86369,4.93355,4.98869,3.86877,5.24154,4.33074,3.33378,4.74842,4.49135,3.75773,4.27126,1.47902,1.47902,2.58274,2.58274,1.73373,2.52725,1.95173,1.43648,0.97074
2025-10-04,0.129874,6.22248,5.03193,6.19339,5.6716,3.94629,6.31053,4.85276,3.83169,4.89225,1.26855,0.983772,1.33285,2.03294,1.56495,2.22901,3.02274,2.49765,2.86522,1.4663,1.4663,1.9456,1.9456,1.05889,2.52725,1.93528,0.365275,0.455687
2025-10-05,0.884815,6.22248,5.03193,6.19339,5.57686,3.87999,6.20526,4.77152,3.76721,4.80974,3.86838,2.99996,4.06445,3.61818,2.78526,3.96714,4.02966,3.35225,3.82644,1.43009,1.43009,2.06337,2.06337,1.47263,2.52725,1.90211,1.11389,0.811019
2025-10-06,0.998175,6.22248,5.03193,6.19339,5.50785,3.83168,6.12857,4.71233,3.72021,4.74939,4.74212,3.67755,4.98247,6.17927,4.75677,6.77523,4.6872,3.89834,4.45054,1.38738,1.38738,1.59737,1.59737,1.76021,2.52725,1.87795,1.36548,1.38509
2025-10-07,-2.6818,6.22248,5.03193,6.19339,5.44853,3.79017,6.06266,4.66146,3.67984,4.69772,4.9266,3.82062,5.17631,5.21628,4.01547,5.71937,4.49581,3.8109,4.29033,1.24484,1.24484,1.52537,1.52537,1.90719,2.52725,1.85718,1.4186,1.16924
2025-10-08,1.55513,6.22248,5.03193,6.19339,5.62057,3.91058,6.25383,4.809,3.79689,4.84709,5.16759,4.00751,5.42951,5.55952,4.27969,6.09571,4.85536,4.02934,4.60755,1.59798,1.59798,2.31478,2.31478,1.77305,2.5407,1.92043,1.48799,1.24617
2025-10-09,-1.34605,6.22248,5.03193,6.19339,5.60081,3.89675,6.23187,4.79205,3.78391,4.83468,4.9688,3.85335,5.22065,5.43886,4.18681,5.96342,5.14323,4.38405,4.91548,1.53161,1.53161,2.07765,2.07765,2.27354,2.5407,1.91366,1.43075,1.21913
2025-10-10,-7.23218,6.22248,5.03193,6.19339,5.57681,3.87995,6.2052,4.77147,3.76816,4.81995,4.73515,3.67215,4.97516,4.5912,3.53428,5.034,4.70062,3.88773,4.45676,1.53819,1.53819,2.12892,2.12892,1.75253,2.5407,1.90555,1.36347,1.02912
2025-10-11,-2.14852,6.30052,5.07432,6.27976,7.07225,4.9266,7.86684,6.14876,4.87649,6.29447,1.64402,1.28586,1.74577,3.1168,2.41266,3.48883,6.05335,4.97931,5.73114,2.19866,2.19866,3.32923,3.32923,2.10369,2.57055,2.48095,0.465466,0.693128
2025-10-12,3.86094,6.30052,5.07432,6.27976,7.05784,4.91651,7.85083,6.13622,4.86142,6.28039,5.61335,4.17708,5.71736,4.65506,3.60339,5.2107,6.41007,5.31909,6.08278,2.02392,2.02392,2.74945,2.74945,2.36295,2.57055,2.47579,1.49533,1.03521
2025-10-13,0.0879282,6.30052,5.07432,6.27976,7.28812,5.07768,8.1067,6.33674,5.01707,6.48467,7.29325,5.42715,7.4284,7.90727,6.12086,8.8511,7.22727,5.98943,6.85592,2.00998,2.00998,2.10498,2.10498,2.66088,2.57055,2.55819,1.94283,1.75845
2025-10-14,-1.88491,6.30052,5.07432,6.27976,7.13386,4.96972,7.9353,6.20241,4.90435,6.34578,6.07326,4.51931,6.1858,5.89752,4.56515,6.60146,6.35881,5.30043,6.0413,1.97976,1.97976,2.15066,2.15066,2.40548,2.57055,2.50299,1.61784,1.31151
2025-10-15,-2.08626,6.30052,5.07432,6.27976,7.08716,4.93704,7.88341,6.16175,4.87433,6.30473,6.25995,4.65824,6.37595,6.14108,4.75369,6.87409,5.83824,4.89081,5.55401,1.88635,1.88635,2.30676,2.30676,2.25988,2.57055,2.46103,1.66757,1.36568
2025-10-16,-2.37225,6.30052,5.07432,6.27976,7.0114,4.91224,7.76519,6.10059,4.83368,6.27194,6.40482,4.76604,6.52351,6.32135,4.89323,7.07588,6.39274,5.3629,6.08379,1.86567,1.86567,2.46383,2.46383,2.56274,2.57055,2.45386,1.70617,1.40577
2025-10-17,-1.60098,6.30052,5.07432,6.27976,7.02524,4.92198,7.78051,6.11266,4.90898,6.30826,6.44496,4.79591,6.56439,5.44228,4.21276,6.09188,5.55078,4.60838,5.26806,1.89181,1.89181,2.61575,2.61575,2.12889,2.57055,2.47336,1.71686,1.21028
2025-10-18,0.683758,6.30052,5.07432,6.27976,6.95448,4.87219,7.70221,6.051,4.85911,6.24209,1.76809,1.3157,1.80086,2.93092,2.26877,3.28077,3.08069,2.52843,2.91501,1.84868,1.84868,2.77077,2.77077,1.07713,2.57055,2.44607,0.470998,0.651791
2025-10-19,1.36054,6.30052,5.07432,6.27976,6.82179,4.77884,7.5554,5.93537,4.76579,6.12027,5.37913,4.00279,5.47881,4.29493,3.32462,4.80758,5.24528,4.37768,4.985,1.85381,1.85381,2.53915,2.53915,2.00139,2.57055,2.39192,1.43293,0.955125
2025-10-20,1.75345,6.30052,5.07432,6.27976,6.7294,4.71384,7.45317,5.85486,4.70078,6.03504,6.33946,4.7174,6.45693,6.57288,5.08794,7.35743,5.71598,4.75063,5.42637,1.81955,1.81955,2.0003,2.0003,2.13368,2.57055,2.35338,1.68875,1.4617
2025-10-21,-1.92828,6.30052,5.07432,6.27976,6.67328,4.67436,7.39108,5.80596,4.65693,5.9833,6.20042,4.61393,6.31531,6.33693,4.90529,7.09332,6.02356,5.09391,5.74467,1.79845,1.79845,1.74915,1.74915,2.52282,2.57055,2.33338,1.65171,1.40923
2025-10-22,-0.729356,6.30052,5.07432,6.27976,6.65193,4.65933,7.36745,5.78736,4.64188,5.96411,6.58905,4.90313,6.71115,6.39653,4.95143,7.16003,5.75683,4.79701,5.46889,1.93008,1.93008,2.13463,2.13463,2.17493,2.57055,2.32577,1.75524,1.42249
2025-10-23,2.18704,6.30052,5.07432,6.27976,6.53755,4.57887,7.2409,5.6877,4.55201,5.85895,6.41305,4.77216,6.53189,6.07244,4.70055,6.79726,6.18989,5.22916,5.90168,1.79527,1.79527,1.86586,1.86586,2.62508,2.57055,2.28501,1.70836,1.35041
2025-10-24,0.872171,6.30052,5.07432,6.27976,6.53716,4.57859,7.24046,5.68735,4.54092,5.85586,6.45374,4.80244,6.57333,5.42638,4.20045,6.07409,5.45872,4.51955,5.17697,1.81152,1.81152,2.02474,2.02474,2.04475,2.57055,2.28487,1.7192,1.20674
2025-10-25,0.545912,6.30052,5.07432,6.27976,6.42731,4.50131,7.11892,5.59163,4.45344,5.75466,1.60636,1.19535,1.63613,2.57231,1.99118,2.87935,2.81085,2.29032,2.65469,1.78797,1.78797,1.88221,1.88221,0.903107,2.57055,2.24573,0.427916,0.572042
2025-10-26,2.50393,6.30052,5.07432,6.27976,6.30946,4.41839,6.98852,5.48894,4.38691,5.65287,5.07829,3.77892,5.17239,4.39831,3.40465,4.92331,4.73383,3.88919,4.48044,1.6602,1.6602,2.16273,2.16273,1.62049,2.57055,2.20373,1.35279,0.978115
2025-10-27,-0.30895,6.30052,5.07432,6.27976,6.3636,4.45648,7.04843,5.53612,4.44458,5.7121,6.36697,4.73787,6.48495,7.30909,5.65782,8.18152,5.70159,4.73367,5.41121,1.76748,1.76748,2.00992,2.00992,2.10075,2.5407,2.22303,1.69608,1.62543
2025-10-28,-1.02448,6.30052,5.07432,6.27976,6.24559,4.37346,6.91786,5.43329,4.36157,5.60352,5.92211,4.40684,6.03185,6.03612,4.67244,6.7566,5.83724,4.85239,5.54178,1.66689,1.66689,1.84875,1.84875,2.18363,2.5407,2.18039,1.57758,1.34234
2025-10-29,-2.60168,6.30052,5.07432,6.27976,6.16354,4.31574,6.82707,5.3618,4.30415,5.53163,6.20342,4.61617,6.31837,6.09273,4.71626,6.81998,5.38285,4.48109,5.11232,1.68789,1.68789,1.94197,1.94197,2.02867,2.5407,2.15168,1.65251,1.35493
2025-10-30,-1.60266,6.30052,5.07432,6.27976,6.26256,4.3854,6.93663,5.44808,4.37336,5.61742,6.39694,4.76018,6.51548,6.57958,5.09312,7.36493,6.07728,5.07183,5.77564,1.88439,1.88439,2.16339,2.16339,2.36338,2.57055,2.19075,1.70407,1.46319
2025-10-31,1.1481,6.30052,5.07432,6.27976,6.22742,4.36068,6.89775,5.41746,4.33895,5.58166,5.95012,4.42768,6.06038,5.09104,3.94087,5.69872,5.20704,4.34002,4.94693,1.87615,1.87615,2.01653,2.01653,2.03253,2.57055,2.1745,1.58504,1.13217
2025-11-01,0.462483,6.30052,5.07432,6.27976,6.14514,4.30279,6.80671,5.34575,4.26693,5.50416,1.63044,1.21327,1.66066,2.66189,2.06052,2.97962,3.62999,3.01418,3.44525,1.69908,1.69908,2.11995,2.11995,1.3392,2.57055,2.14517,0.43433,0.591962
2025-11-02,0.521614,6.30052,5.07432,6.27976,6.03549,4.22564,6.68539,5.25021,4.18567,5.40464,5.05809,3.76389,5.15182,4.44657,3.442,4.97732,4.2119,3.49402,3.99653,1.65021,1.65021,2.23388,2.23388,1.54512,2.57055,2.1061,1.34741,0.988847
2025-11-03,-3.76872,6.30052,5.07432,6.27976,5.93147,4.15247,6.5703,5.15957,4.10005,5.30816,5.651,4.20509,5.75571,6.18341,4.78645,6.92147,4.83454,4.04476,4.5976,1.67005,1.67005,2.46414,2.46414,1.87912,2.57055,2.06903,1.50536,1.37509
2025-11-04,-4.76409,6.30052,5.07432,6.27976,6.27455,4.39383,6.94989,5.45852,4.33906,5.61576,6.2105,4.62144,6.32558,6.97456,5.39887,7.80706,5.64319,4.74407,5.37345,2.14162,2.14162,2.84332,2.84332,2.22962,2.57681,2.2076,1.6544,1.55103
2025-11-05,2.24001,6.30052,5.07432,6.27976,6.75572,4.76581,7.44153,6.00221,4.76497,6.13679,7.01772,5.22587,7.15409,7.81894,6.05248,8.75222,6.51479,5.4772,6.20351,2.63643,2.63643,2.83653,2.83653,2.56974,2.58439,2.44803,1.86944,1.73881
2025-11-06,-2.52512,6.30052,5.07432,6.27976,6.74533,4.75846,7.43009,5.99298,4.75668,6.11427,6.83152,5.08356,6.93689,7.51696,5.74091,8.37598,6.85871,5.8067,6.54311,2.14924,2.14924,2.27135,2.27135,2.85013,2.57681,2.41408,1.81983,1.67165
2025-11-07,2.02389,6.30052,5.07432,6.27976,6.79022,4.79025,7.4795,6.03291,4.78789,6.15313,6.61168,4.91997,6.71366,6.09958,4.65841,6.79663,6.11685,5.0993,5.81159,2.31569,2.31569,2.67424,2.67424,2.35278,2.57681,2.46075,1.76127,1.35645
2025-11-08,-1.06032,6.30052,5.07432,6.27976,6.75347,4.76422,7.43905,6.00022,4.76131,6.11797,1.94692,1.44877,1.97695,3.02332,2.30899,3.36882,2.87872,2.34888,2.71977,2.16945,2.16945,2.29362,2.29362,0.933797,2.57681,2.4472,0.518635,0.672339
2025-11-09,2.35518,6.30052,5.07432,6.27976,6.64759,4.68922,7.32253,5.90603,4.68259,6.01986,5.89429,4.38613,5.98521,5.73415,4.37932,6.38943,4.26614,3.53028,4.04538,2.1458,2.1458,2.63297,2.63297,1.49027,2.57681,2.40817,1.57017,1.27518
2025-11-10,1.21203,6.30052,5.07432,6.27976,6.65753,4.69626,7.33346,5.91487,4.66009,6.02759,6.98357,5.19671,7.0913,8.5164,6.50421,9.48964,5.90907,4.99645,5.63528,2.10764,2.10764,2.66522,2.66522,2.44101,2.57681,2.41183,1.86034,1.89391
2025-11-11,-2.87025,6.30052,5.07432,6.27976,6.55682,4.62493,7.22263,5.82528,4.58194,5.936,6.73881,5.01457,6.84276,7.44411,5.68527,8.29481,6.08345,5.09344,5.78645,2.0378,2.0378,2.46031,2.46031,2.36631,2.57681,2.37471,1.79514,1.65545
2025-11-12,-1.30391,6.30052,5.07432,6.27976,6.66698,4.70296,7.34387,5.92332,4.70213,6.09004,7.41992,5.52141,7.53438,7.70144,5.8818,8.58155,5.99456,5.06258,5.71497,2.25335,2.25335,2.75155,2.75155,2.41504,2.58439,2.45145,1.97658,1.71268
2025-11-13,-1.95247,6.30052,5.07432,6.27976,6.58187,4.64268,7.25021,5.84762,4.64185,6.01626,7.16453,5.33136,7.27505,7.21908,5.51341,8.04406,6.5173,5.51426,6.21639,2.1606,2.1606,2.54828,2.54828,2.69328,2.57681,2.40548,1.90854,1.60541
2025-11-14,-5.46229,6.30052,5.07432,6.27976,6.56296,4.62928,7.2294,5.8308,4.62846,6.00984,6.49955,4.83653,6.5998,5.84895,4.467,6.51735,5.32012,4.42716,5.05223,2.13976,2.13976,2.24279,2.24279,2.04837,2.57681,2.39846,1.7314,1.30071
2025-11-15,1.21231,6.30052,5.13311,6.29294,7.25713,5.12098,7.99333,6.4483,5.23502,6.67258,2.47125,1.84026,2.51885,3.70599,2.86873,4.15323,6.60091,5.52401,6.27784,2.83344,2.83344,2.93383,2.93383,2.57779,2.58439,2.67214,0.658312,0.824153
2025-11-16,-1.44639,6.30052,5.13311,6.29294,7.13182,5.03222,7.85543,6.33683,5.14431,6.55419,7.05947,5.25696,7.19542,5.86896,4.54304,6.57723,5.51239,4.64791,5.25304,2.42535,2.42535,2.28528,2.28528,2.19107,2.58439,2.62528,1.88055,1.30516
2025-11-17,-2.23684,6.30052,5.13311,6.29294,7.03737,4.96532,7.75149,6.25281,5.07594,6.4668,8.16836,6.08271,8.32567,8.16737,6.3222,9.15301,6.56249,5.52965,6.25264,2.29764,2.29764,2.51845,2.51845,2.64884,2.58439,2.58996,2.17595,1.81629
2025-11-18,0.924117,6.30052,5.13311,6.29294,7.02719,4.9581,7.74028,6.24375,5.06857,6.45527,8.36346,6.228,8.52453,8.32601,6.445,9.3308,6.61457,5.59572,6.30892,2.35503,2.35503,2.9564,2.9564,2.75245,2.58439,2.58615,2.22792,1.85157
2025-11-19,-1.60824,6.30052,5.13311,6.29294,6.89567,4.86494,7.59554,6.12675,4.97336,6.33005,7.90773,5.88863,8.06002,7.63423,5.90951,8.55553,6.25797,5.2649,5.96005,2.21656,2.21656,2.92213,2.92213,2.46631,2.58439,2.53697,2.10652,1.69773
2025-11-20,-5.42991,6.30052,5.13311,6.29294,6.82575,4.81542,7.5186,6.06455,4.92275,6.26129,8.45516,6.29628,8.61799,7.43346,5.75409,8.33053,6.6211,5.58715,6.31092,2.39466,2.39466,3.13328,3.13328,2.68138,2.58439,2.51082,2.25235,1.65308
2025-11-21,-1.79505,6.30052,5.14097,6.3045,7.47369,5.27437,8.23166,6.64094,5.5025,6.88377,8.71433,6.48928,8.88216,7.07309,5.47514,7.92668,6.67632,5.64129,6.36581,2.94443,2.94443,3.36249,3.36249,2.75848,2.58439,2.75313,2.32139,1.57294
2025-11-22,-0.521187,6.30052,5.14097,6.3045,7.39404,5.21796,8.14401,6.57008,5.44356,6.80272,3.19697,2.38068,3.25854,3.45161,2.67183,3.86816,5.2657,4.45488,5.02245,2.76422,2.76422,3.23936,3.23936,2.18157,2.58439,2.72335,0.851633,0.767584
2025-11-23,2.51586,6.30052,5.14097,6.3045,7.23854,5.10781,7.97288,6.43175,5.32866,6.65638,6.81777,5.07698,6.94908,5.73628,4.44034,6.42853,6.01235,5.04522,5.72221,2.66678,2.66678,2.95725,2.95725,2.36624,2.58439,2.66519,1.81617,1.27566
2025-11-24,1.67424,6.30052,5.14097,6.3045,7.23515,5.10542,7.96916,6.42874,5.32604,6.64534,8.40151,6.25633,8.56331,8.60444,6.66053,9.64283,6.51615,5.53476,6.22173,2.64806,2.64806,2.56044,2.56044,2.76455,2.58439,2.6484,2.23806,1.91349
2025-11-25,-1.05765,6.30052,5.14097,6.3045,7.0563,5.0336,7.70766,6.4865,5.21062,6.57249,8.6661,6.45336,8.833,8.16798,6.32267,9.1537,6.80024,5.75374,6.48629,2.64785,2.64785,2.85353,2.85353,2.82924,2.58439,2.62344,2.30854,1.81643
2025-11-26,3.57226,6.30052,5.14097,6.3045,6.92565,4.94004,7.56506,6.3663,5.11365,6.45018,8.26974,6.1582,8.429,7.68883,5.95177,8.61672,5.86144,4.95885,5.59066,2.67368,2.67368,2.94653,2.94653,2.36346,2.58439,2.57409,2.20296,1.70987
2025-11-27,0.843781,6.30052,5.14097,6.3045,7.10622,5.06934,7.76213,6.53242,5.24472,6.61012,8.87367,6.60794,9.04457,8.58349,6.64431,9.61935,7.46126,6.26314,7.10182,2.78309,2.78309,3.04938,3.04938,2.92871,2.58439,2.6423,2.36384,1.90883
2025-11-28,-0.401867,6.30052,5.14097,6.3045,6.95497,4.96104,7.59706,6.39329,5.11056,6.48591,8.26701,6.15175,8.42299,6.25276,4.7754,6.96415,6.3372,5.36507,6.04556,2.64063,2.64063,3.12271,3.12271,2.66872,2.57681,2.58517,2.20223,1.39051
2025-11-29,-0.0742779,6.30052,5.14097,6.3045,6.79934,4.84959,7.42719,6.2501,4.9958,6.33502,2.777,2.06646,2.8294,2.2874,1.74695,2.54765,4.88808,4.0705,4.64281,2.55498,2.55498,2.70215,2.70215,1.80262,2.57681,2.52638,0.739759,0.508682
2025-11-30,-0.504779,6.30052,5.14097,6.3045,6.64437,4.73863,7.25805,6.10752,4.88153,6.18505,6.01378,4.47506,6.12725,4.78583,3.65507,5.33032,5.172,4.28211,4.90503,2.36276,2.36276,2.4286,2.4286,1.83975,2.57681,2.46482,1.602,1.06429
2025-12-01,-4.61018,6.30052,5.14097,6.3045,6.50487,4.63874,7.10581,5.97918,4.77868,6.04957,6.49046,4.82977,6.61292,7.08086,5.40784,7.88646,6.36529,5.30223,6.04637,2.27378,2.27378,2.38289,2.38289,2.41653,2.57681,2.38949,1.72898,1.57467
2025-12-02,5.6621,6.30052,5.14097,6.3045,6.99262,4.988,7.63815,6.42791,5.13832,6.49834,7.35868,5.47584,7.49752,8.29387,6.33425,9.23747,6.69546,5.74288,6.40969,2.59933,2.59933,3.03446,3.03446,2.97175,2.58439,2.59939,1.96026,1.84442
2025-12-03,2.35583,6.30052,5.14097,6.3045,7.66193,5.46726,8.36866,7.04368,5.63184,7.12151,8.96431,6.67064,9.13345,9.06694,6.92466,10.0985,7.43657,6.32548,7.10324,2.7975,2.7975,2.60642,2.60642,3.10014,2.58439,2.85221,2.38798,2.01634
2025-12-04,-1.4932,6.22248,5.13311,6.25244,7.60596,5.42719,8.30757,6.76386,5.39941,6.99135,8.54014,6.28472,8.66487,8.56594,6.55588,9.5334,8.07224,6.85933,7.70837,2.65099,2.65099,2.76174,2.76174,3.45631,2.57681,2.80114,2.27499,1.92007
2025-12-05,-3.03431,6.22248,5.13311,6.25244,7.48127,5.3379,8.17148,6.65285,5.31058,6.87631,8.06847,5.93761,8.18631,6.71614,5.14014,7.47467,6.56928,5.47659,6.24148,2.34811,2.34811,3.08903,3.08903,2.5638,2.57681,2.75453,2.14934,1.50543
2025-12-06,-0.129165,6.22248,5.13311,6.25244,7.5483,5.3859,8.24464,6.71253,5.35834,6.93795,3.12334,2.29848,3.16896,3.32747,2.54665,3.70328,6.47329,5.45123,6.16667,2.67607,2.67607,3.29005,3.29005,2.59383,2.58439,2.80929,0.832019,0.745857
2025-12-07,1.26146,6.22248,5.13311,6.25244,7.36384,5.25382,8.04332,6.54831,5.22692,6.77302,6.6349,4.88264,6.7318,5.52535,4.22878,6.1494,5.97831,5.04564,5.69851,2.53126,2.53126,2.80168,2.80168,2.41632,2.58439,2.73961,1.76746,1.23851
2025-12-08,0.25912,6.22248,5.13311,6.25244,7.22377,5.15351,7.89044,6.42361,5.12712,6.65239,7.92665,5.83325,8.04242,8.55446,6.54708,9.52062,6.7146,5.70275,6.41105,2.43038,2.43038,2.65488,2.65488,2.80604,2.58439,2.72031,2.11156,1.91749
2025-12-09,2.23812,6.22248,5.13311,6.25244,7.05211,5.0306,7.70308,6.27079,5.00483,6.49423,7.39635,5.443,7.50438,7.36639,5.63781,8.19837,6.66623,5.67905,6.37008,2.43544,2.43544,2.59181,2.59181,2.90009,2.58439,2.65468,1.9703,1.65119
2025-12-10,-0.726283,6.22248,5.13311,6.25244,7.01692,5.0054,7.66467,6.23946,4.97976,6.46153,7.60685,5.5979,7.71795,7.62717,5.83739,8.48861,5.82844,4.92168,5.55641,2.33525,2.33525,2.17516,2.17516,2.30811,2.58439,2.64122,2.02637,1.70964
2025-12-11,0.531497,6.22248,5.13311,6.25244,6.87024,4.90036,7.50458,6.10887,4.87525,6.32673,7.46691,5.49492,7.57596,7.22768,5.53165,8.044,7.66905,6.54192,7.33091,2.36415,2.36415,2.31463,2.31463,3.36507,2.58439,2.58514,1.98909,1.62009
2025-12-12,-2.45214,6.22248,5.13311,6.25244,6.71797,4.79133,7.33839,5.97332,4.76677,6.19838,6.6947,4.92665,6.79247,5.62336,4.30379,6.25848,6.85882,5.83014,6.55021,2.151,2.151,2.28962,2.28962,3.02658,2.58439,2.53133,1.78338,1.26048
2025-12-13,0.0313419,6.22248,5.13311,6.25244,6.74941,4.81384,7.3727,6.0013,4.78917,6.22717,2.17111,1.59772,2.20282,2.7679,2.11839,3.08052,5.23896,4.34319,4.97023,2.42908,2.42908,2.82826,2.82826,1.89818,2.58439,2.54337,0.578356,0.620429
2025-12-14,-2.37977,6.22248,5.13311,6.25244,6.59593,4.70394,7.20519,5.86467,4.67983,6.08743,5.97404,4.39631,6.06129,4.67833,3.58052,5.20671,4.31291,3.61521,4.1036,2.3553,2.3553,2.60463,2.60463,1.64161,2.58439,2.48459,1.59141,1.04865
2025-12-15,-2.01089,6.22248,5.13311,6.25244,6.56422,4.72123,7.12702,5.90165,4.78375,6.14631,7.40495,5.44932,7.5131,7.88221,6.03259,8.77245,6.32467,5.3501,6.0323,2.40612,2.40612,2.66411,2.66411,2.61478,2.58439,2.52399,1.97259,1.76681
2025-12-16,1.63457,6.22248,5.13311,6.25244,6.54289,4.70584,7.10389,5.88246,4.76816,6.12568,7.2079,5.30432,7.31318,7.514,5.75078,8.36266,6.28149,5.30306,5.98796,2.40217,2.40217,2.4499,2.4499,2.61013,2.58439,2.51566,1.9201,1.68427
2025-12-17,-1.95448,6.22248,5.13311,6.25244,6.47405,4.65614,7.0292,5.8205,4.71781,6.06267,7.61048,5.60057,7.72163,7.19406,5.50592,8.00658,6.28282,5.34549,6.00162,2.22947,2.22947,2.1774,2.1774,2.68589,2.57681,2.45416,2.02734,1.61256
2025-12-18,-0.793973,6.22248,5.13311,6.25244,6.45136,4.63976,7.00459,5.81592,4.70121,6.04382,7.58905,5.5848,7.69988,7.31272,5.59673,8.13864,6.81424,5.79345,6.508,2.23762,2.23762,2.28294,2.28294,2.92039,2.57681,2.44542,2.02163,1.63916
2025-12-19,3.04332,6.22248,5.13311,6.25244,6.33985,4.55925,6.8836,5.74928,4.61966,5.94077,6.94324,5.10955,7.04465,5.58994,4.27821,6.22128,5.94424,5.03038,5.67008,2.18837,2.18837,2.5536,2.5536,2.51871,2.57055,2.39703,1.84959,1.25299
2025-12-20,0.272736,6.22248,5.13311,6.25244,6.45386,4.64156,7.0073,5.8187,4.70304,6.04619,2.07655,1.52814,2.10688,2.89739,2.21749,3.22463,4.83915,4.07332,4.6094,2.25655,2.25655,2.76862,2.76862,1.92461,2.57055,2.44084,0.553167,0.649454
2025-12-21,0.313903,6.22248,5.13311,6.25244,6.32345,4.54741,6.86581,5.68998,4.60766,5.92344,6.13007,4.51114,6.2196,4.89801,3.74865,5.4512,5.41412,4.57887,5.16354,2.22211,2.22211,2.82801,2.82801,2.19689,2.57055,2.39072,1.63298,1.0979
2025-12-22,-0.148758,6.22248,5.13311,6.25244,6.19835,4.4571,6.73009,5.62119,4.51617,5.80811,6.7244,4.9485,6.82261,7.03805,5.38651,7.83294,6.36323,5.3954,6.07288,2.29217,2.29217,3.32789,3.32789,2.64931,2.5407,2.33628,1.7913,1.57759
2025-12-23,-1.22343,6.22248,5.13311,6.25244,6.07741,4.36979,6.59888,5.47603,4.42772,5.69315,6.40901,4.71641,6.50261,6.22562,4.76473,6.92876,6.2595,5.33912,5.98339,2.24852,2.24852,2.3599,2.3599,2.71494,2.5407,2.28992,1.70728,1.39548
2025-12-24,0.226208,6.22248,5.13311,6.25244,6.00735,4.31921,6.52287,5.49062,4.37648,5.63135,6.64275,4.88842,6.73976,6.40285,4.90037,7.12601,5.75502,4.90929,5.50131,2.25804,2.25804,2.31779,2.31779,2.44983,2.5407,2.2631,1.76955,1.43521
2025-12-25,-0.431486,6.22248,5.13311,6.25244,5.89304,4.23669,6.39886,5.36837,4.29288,5.5229,6.46295,4.75611,6.55734,5.64012,4.31662,6.27713,6.88716,5.88674,6.58704,2.17633,2.17633,2.29887,2.29887,3.07909,2.5407,2.21928,1.72165,1.26424
2025-12-26,0.0764168,6.22248,5.13311,6.25244,5.78958,4.162,6.28661,5.25345,4.21721,5.42496,5.69891,4.19385,5.78215,4.78308,3.66069,5.3233,5.37977,4.51682,5.12089,2.09589,2.09589,2.05886,2.05886,2.22787,2.5407,2.17963,1.51812,1.07213
2025-12-27,0.571922,6.22248,5.13311,6.25244,5.68279,4.0849,6.17074,5.11427,4.1391,5.32297,1.64639,1.21158,1.67044,1.7107,1.30927,1.90391,2.87492,2.33383,2.71259,1.99563,1.99563,2.23572,2.23572,0.900875,2.5407,2.13868,0.438578,0.383456
2025-12-28,0.0383513,6.22248,5.13311,6.25244,5.58806,4.01651,6.06798,5.02308,4.06983,5.23254,4.57989,3.37035,4.64678,3.49536,2.67515,3.89013,3.92999,3.23816,3.72244,1.93014,1.93014,2.15642,2.15642,1.33599,2.5407,2.10237,1.22003,0.783489
2025-12-29,-0.797489,6.22248,5.13311,6.25244,5.48908,3.94506,5.96059,4.93399,3.99744,5.13885,5.45435,4.01387,5.53402,4.77744,3.65637,5.31701,5.16796,4.3149,4.91205,1.82864,1.82864,2.43472,2.43472,1.98052,2.5407,2.06443,1.45297,1.07087
2025-12-30,1.47181,6.22248,5.13311,6.25244,5.41755,3.89341,5.88298,4.86961,3.94512,5.07054,5.47922,4.03217,5.55925,5.1446,3.93738,5.72565,5.52966,4.69688,5.27983,1.9912,1.9912,2.52954,2.52954,2.36889,2.5407,2.037,1.4596,1.15317
2025-12-31,-1.04731,6.22248,5.13311,6.25244,5.3889,3.87274,5.85191,4.84383,3.92417,5.04161,6.19065,4.55572,6.28107,5.31749,4.0697,5.91806,5.51423,4.64541,5.25358,2.00487,2.00487,2.14192,2.14192,2.19264,2.5407,2.02601,1.64911,1.19192
2026-01-01,1.38807,6.22248,5.13311,6.25244,5.33765,3.83573,5.7963,4.7977,3.88669,4.99161,6.04968,4.45198,6.13804,5.23748,4.00846,5.82902,6.07253,5.10873,5.78339,1.926,1.926,2.14367,2.14367,2.49831,2.5407,2.00635,1.61156,1.17399
2026-01-02,1.35746,6.22248,5.13311,6.25244,5.3057,3.81267,5.76164,4.76894,3.86332,4.95962,5.46446,4.02131,5.54426,4.56933,3.4971,5.08541,5.56869,4.61937,5.2839,1.81964,1.81964,2.06845,2.06845,2.12447,2.5407,1.99409,1.45566,1.02422
2026-01-03,0.729441,6.22248,5.13311,6.25244,5.27274,3.78888,5.72588,4.73928,3.83921,4.92654,1.81131,1.33295,1.83776,1.81388,1.38824,2.01874,3.43375,2.83811,3.25506,1.74328,1.74328,1.83294,1.83294,1.21703,2.5407,1.98144,0.48251,0.406584
2026-01-04,0.890369,6.22248,5.13311,6.25244,5.10234,3.65179,5.55643,4.60411,3.66077,4.77077,4.86365,3.57917,4.93468,4.16209,3.18542,4.63217,4.08862,3.39076,3.87926,1.70686,1.70686,1.96184,1.96184,1.47421,2.5407,1.9282,1.29562,0.932938
2026-01-05,2.66515,6.22248,5.13311,6.25244,5.03947,3.60657,5.48803,4.5473,3.61545,4.72101,5.88782,4.33287,5.97381,5.96271,4.56351,6.63615,5.54137,4.63062,5.26814,1.57689,1.57689,1.99347,1.99347,2.13474,2.5407,1.90406,1.56844,1.33655
2026-01-06,-0.163661,6.22248,5.13311,6.25244,5.20633,3.72658,5.66957,4.69808,3.73575,4.87679,6.52362,4.80075,6.6189,6.20454,4.7486,6.9053,6.1219,5.20217,5.84598,1.61822,1.61822,2.40142,2.40142,2.60382,2.5407,1.96839,1.73781,1.39076
2026-01-07,-2.6169,6.22248,5.13311,6.25244,5.11499,3.66089,5.5702,4.61555,3.6699,4.78822,5.95564,4.38277,6.04262,5.36772,4.10814,5.97397,5.44831,4.56873,5.18443,1.65391,1.65391,2.6546,2.6546,2.11796,2.5407,1.93314,1.58651,1.20318
2026-01-08,-0.308147,6.22248,5.13311,6.25244,5.29004,3.78679,5.76064,4.77371,3.7961,4.94938,6.07858,4.47325,6.16736,5.95834,4.56016,6.63129,6.42014,5.37859,6.10767,1.98777,1.98777,2.58697,2.58697,2.56207,2.57055,2.00171,1.61926,1.33557
2026-01-09,-0.566293,6.22248,5.13311,6.25244,5.19818,3.72072,5.6607,4.69071,3.72987,4.86017,5.76456,4.24216,5.84875,4.71651,3.60974,5.2492,5.50032,4.64234,5.24293,1.94821,1.94821,2.33539,2.33539,2.2857,2.57055,1.96627,1.53561,1.05721
2026-01-10,-0.139805,6.22248,5.13311,6.25244,5.12,3.66449,5.57565,4.62007,3.67351,4.78405,1.69853,1.24995,1.72333,1.86869,1.43019,2.07975,3.80651,3.16717,3.61471,1.91514,1.91514,2.2321,2.2321,1.4138,2.57055,1.93612,0.452467,0.418869
2026-01-11,0.486511,6.22248,5.13311,6.25244,5.03211,3.60128,5.48003,4.54066,3.61015,4.69863,4.38721,3.22856,4.45128,3.76319,2.88013,4.18821,3.58244,2.96774,3.39803,1.84874,1.84874,1.91877,1.91877,1.26554,2.57055,1.90221,1.1687,0.843523
2026-01-12,0.401638,6.22248,5.13311,6.25244,4.95344,3.5447,5.39444,4.46957,3.55342,4.62852,5.4632,4.02038,5.54299,5.36097,4.10297,5.96645,5.22682,4.33878,4.96041,1.80324,1.80324,2.11891,2.11891,1.93323,2.5407,1.87075,1.45533,1.20167
2026-01-13,4.42803,6.22248,5.13311,6.25244,4.87589,3.48892,5.31008,4.3995,3.49752,4.56054,5.28409,3.88857,5.36126,4.90261,3.75217,5.45632,5.76899,4.91928,5.51407,1.69094,1.69094,2.26114,2.26114,2.54076,2.5407,1.84091,1.40762,1.09893
2026-01-14,1.67238,6.22248,5.07432,6.24495,5.49936,3.93732,5.98835,4.96284,3.9251,5.11712,6.3956,4.70654,6.48901,5.92377,4.53371,6.59282,6.09343,5.07291,5.78727,1.94857,1.94857,2.73341,2.73341,2.23832,2.52725,2.08159,1.70371,1.32782
2026-01-15,-1.432,6.22248,5.07432,6.24495,5.48379,3.92613,5.97141,4.94877,3.91394,5.10262,6.14471,4.52191,6.23445,5.60295,4.28817,6.23576,6.40278,5.43625,6.11282,2.00871,2.00871,2.78656,2.78656,2.71072,2.52725,2.07558,1.63687,1.25591
2026-01-16,-0.0272879,6.22248,5.07432,6.24495,5.45691,3.90679,5.94217,4.92448,3.89466,5.07833,5.94285,4.37336,6.02964,4.68398,3.58485,5.21301,5.88426,4.90016,5.58903,1.99811,1.99811,2.50363,2.50363,2.26942,2.52522,2.06533,1.5831,1.04992
2026-01-17,-0.446107,6.22248,5.07432,6.24495,5.35309,3.83213,5.82923,4.83068,3.82023,4.98157,1.67147,1.23004,1.69588,1.86672,1.42868,2.07755,3.21671,2.60761,3.03398,1.84716,1.84716,2.30808,2.30808,1.01631,2.52522,2.02528,0.445258,0.418427
2026-01-18,-1.553,6.22248,5.07432,6.24495,5.26282,3.76721,5.73102,4.74912,3.7555,4.89713,4.70578,3.463,4.77451,3.83317,2.93369,4.2661,4.55324,3.73474,4.30769,1.81596,1.81596,2.11867,2.11867,1.56947,2.52522,1.99042,1.25356,0.85921
2026-01-19,-1.16103,6.22248,5.07432,6.24495,5.26219,3.76675,5.73033,4.74854,3.75505,4.89608,5.80829,4.27434,5.89312,5.75711,4.40615,6.40733,5.64962,4.69743,5.36397,1.78539,1.78539,2.06485,2.06485,2.12456,2.52522,1.98414,1.54726,1.29046
2026-01-20,-4.69243,6.22248,5.07432,6.24495,5.22127,3.73732,5.68582,4.71157,3.72571,4.85832,5.7712,4.24705,5.85549,5.58121,4.27153,6.21156,5.58956,4.66149,5.31114,1.77167,1.77167,2.32499,2.32499,2.13737,2.52522,1.97438,1.53738,1.25103
2026-01-21,1.19993,6.22248,5.07432,6.24495,5.90587,4.22969,6.4306,5.33015,4.24008,5.53817,6.89292,5.12925,7.0126,6.33003,4.87283,7.06299,6.57389,5.4711,6.24306,2.2158,2.2158,2.82271,2.82271,2.4811,2.52725,2.23828,1.83619,1.41888
2026-01-22,0.0956078,6.22248,5.07432,6.24495,5.82524,4.1717,6.34287,5.25729,4.18194,5.46368,6.35736,4.73072,6.46775,5.762,4.43556,6.42919,7.20111,6.04076,6.853,2.04211,2.04211,2.47142,2.47142,2.88295,2.52725,2.20818,1.69352,1.29156
2026-01-23,0.0462901,6.22248,5.07432,6.24495,5.70569,4.08572,6.21282,5.14927,4.09576,5.35086,5.24564,3.90345,5.33672,4.15215,3.19631,4.63294,5.78292,4.82605,5.49586,2.01073,2.01073,2.82612,2.82612,2.23209,2.52725,2.16206,1.39737,0.93071
2026-01-24,-0.440212,6.22248,5.07432,6.24495,5.64653,4.02797,6.16724,5.03847,4.02681,5.239,1.54405,1.14898,1.57086,1.3982,1.07633,1.5601,3.65588,2.99277,3.45695,1.95603,1.95603,2.13816,2.13816,1.247,2.52725,2.10725,0.411315,0.313408
2026-01-25,-2.89008,6.22248,5.07432,6.24495,5.54857,3.95781,6.06033,4.95095,3.95667,5.14732,4.56913,3.40004,4.64847,3.29469,2.53624,3.67619,4.14779,3.43155,3.93292,1.92417,1.92417,1.99445,1.99445,1.46625,2.52725,2.06174,1.21716,0.73851
2026-01-26,1.93889,6.22248,5.07432,6.24495,5.73468,4.0911,6.26343,5.11722,4.08992,5.3225,5.93948,4.41977,6.04261,5.59928,4.36873,6.2694,7.08229,5.89663,6.7266,2.12118,2.12118,2.17848,2.17848,2.66132,2.52725,2.14807,1.58221,1.25508
2026-01-27,0.942028,6.22248,5.07432,6.24495,5.74077,4.09546,6.27008,5.12267,4.09429,5.32812,6.2247,4.632,6.33278,6.22865,4.85979,6.9741,7.22156,6.16903,6.9058,1.88344,1.88344,1.90151,1.90151,3.19734,2.52725,2.15039,1.65818,1.39616
2026-01-28,0.0919865,6.22248,5.07432,6.24495,5.65659,4.03517,6.17821,5.04745,4.03401,5.24927,6.11826,4.5528,6.22449,5.55186,4.33173,6.21631,6.4605,5.3513,6.12774,1.84011,1.84011,2.14342,2.14342,2.30848,2.52725,2.11835,1.62983,1.24446
2026-01-29,-5.32279,6.22248,5.07432,6.24495,5.55,3.95884,6.0619,4.95224,3.9577,5.14946,5.38959,4.01057,5.48317,4.65185,3.62952,5.20858,6.52031,5.44408,6.19744,1.76114,1.76114,1.97164,1.97164,2.48049,2.52725,2.07334,1.43572,1.04272
2026-01-30,-0.513285,6.22248,5.13311,6.25255,6.35843,4.53781,6.94413,5.783,4.67201,5.95734,5.9953,4.46451,6.15768,4.64041,3.63779,5.21309,8.22924,6.89125,7.82784,2.2852,2.2852,2.83078,2.83078,3.21174,2.5407,2.38549,1.59707,1.0306
2026-01-31,-6.77069,6.22248,5.13311,6.25255,6.23387,4.44861,6.80821,5.66962,4.58021,5.84074,2.20429,1.64146,2.26399,1.65476,1.29723,1.85898,4.14681,3.47176,3.94429,2.16348,2.16348,2.61694,2.61694,1.59042,2.5407,2.34143,0.587195,0.367508
2026-02-01,-2.11668,6.30154,5.14097,6.31774,7.38945,5.2762,8.0693,6.96264,5.49219,7.02486,7.60088,5.54734,8.29471,7.03931,5.03785,7.78991,8.15851,6.94157,7.79343,2.63946,2.63946,3.3349,3.3349,3.38889,2.57055,2.77793,1.97285,1.37894
2026-02-02,2.20269,6.30154,5.14097,6.31774,7.33772,5.23915,8.01285,6.91465,5.45364,6.97683,7.55625,5.51476,8.246,8.76851,6.27539,9.7035,9.87434,8.37804,9.42545,2.40413,2.40413,2.97926,2.97926,4.08096,2.5407,2.76333,1.96127,1.71768
2026-02-03,-3.96005,6.30154,5.14097,6.31774,7.2858,5.20197,7.95619,6.85324,5.41495,6.9258,7.7031,5.62194,8.40626,8.73753,6.25322,9.66922,8.61224,7.37464,8.24096,2.21704,2.21704,2.32814,2.32814,3.75053,2.5407,2.72454,1.99939,1.71161
2026-02-04,-3.51706,6.30154,5.14097,6.31774,7.52712,5.3748,8.21955,7.0357,5.59478,7.15342,8.98158,6.55501,9.80144,9.14276,6.54324,10.1177,8.00867,6.84692,7.66015,2.34919,2.34919,2.34149,2.34149,3.41549,2.57055,2.83033,2.33122,1.79099
2026-02-05,-15.2334,6.30154,5.14097,6.31774,7.6663,5.47447,8.37143,7.17481,5.69849,7.28611,9.00751,6.57394,9.82974,9.5319,6.82173,10.5483,9.24766,7.94022,8.85543,2.33551,2.33551,3.01425,3.01425,4.13506,2.57681,2.89034,2.33795,1.86722
2026-02-06,11.8003,6.54611,5.14125,6.72143,11.9669,8.55441,13.0647,11.2799,9.38028,11.9439,12.2814,8.85206,13.3711,15.3412,11.182,17.4615,16.5762,13.946,15.7871,3.881,3.881,5.82412,5.82412,6.40667,2.58439,4.57547,3.07391,2.99701
2026-02-07,-1.82134,6.54611,5.14125,6.72143,13.6753,9.77797,14.9292,12.8908,10.7212,13.6432,12.9082,9.30389,14.0536,14.8982,10.8591,16.9572,12.6135,10.621,12.0158,2.85143,2.85143,3.01542,3.01542,4.9093,2.58439,5.23361,3.23081,2.91046
2026-02-08,1.40852,6.54611,5.14125,6.72143,13.3439,9.54062,14.5675,12.5783,10.4611,13.3087,12.4107,8.94527,13.5119,10.6881,7.79046,12.1653,11.534,9.80829,11.0163,2.81905,2.81905,3.75984,3.75984,4.77003,2.58439,5.10594,3.10628,2.088
2026-02-09,-0.205072,6.54611,5.14125,6.72143,12.9999,9.2942,14.192,12.2539,10.191,12.9622,12.2252,8.81155,13.3099,11.7668,8.5767,13.3931,10.9951,9.26945,10.4774,2.97618,2.97618,3.17663,3.17663,4.35311,2.58439,4.9734,3.05984,2.29872
2026-02-10,-1.91032,6.54611,5.14125,6.72143,12.6414,9.03749,13.8008,11.9159,9.90969,12.601,11.259,8.11521,12.2581,8.73447,6.36646,9.94164,10.9038,9.41047,10.4558,2.76542,2.76542,2.95492,2.95492,4.90972,2.58439,4.83531,2.81803,1.70634
2026-02-11,-2.65432,6.54611,5.14125,6.72143,12.3519,8.83018,13.4849,11.643,9.6825,12.3097,9.71345,7.00119,10.5753,9.22116,6.7212,10.4956,10.6343,8.95315,10.13,2.39631,2.39631,2.7872,2.7872,4.09023,2.58439,4.7238,2.43119,1.80141
2026-02-12,-1.15624,6.54611,5.14125,6.72143,12.1267,8.6689,13.2392,11.4307,9.50576,12.085,10.1384,7.30749,11.038,10.0309,7.31142,11.4173,10.875,9.29667,10.4015,2.52802,2.52802,3.33396,3.33396,4.65716,2.60065,4.63706,2.53755,1.95961
2026-02-13,3.90338,6.54611,5.14125,6.72143,12.5803,8.87306,13.8765,11.3546,9.43225,11.9929,8.39227,6.04892,9.13692,6.74274,4.91471,7.67463,9.11962,7.65503,8.68024,2.25495,2.25495,3.13774,3.13774,3.57605,2.60065,4.60864,2.10051,1.31724
2026-02-14,1.31259,6.54611,5.14125,6.72143,12.4517,8.78219,13.7347,11.2385,9.33568,11.8667,4.12085,2.9702,4.4865,3.77651,2.75266,4.29845,7.48634,6.3253,7.13803,2.32538,2.32538,2.95763,2.95763,2.98523,2.60065,4.56116,1.03141,0.737767
2026-02-15,-1.4138,6.54611,5.14125,6.72143,12.0784,8.51839,13.3231,10.9014,9.05536,11.5088,8.27988,5.96791,9.01455,6.16837,4.49605,7.02088,7.98128,6.77622,7.61976,2.29367,2.29367,2.70201,2.70201,3.25289,2.60065,4.42332,2.07238,1.20503
2026-02-16,0.0798782,6.54611,5.14125,6.72143,11.7323,8.27383,12.9415,10.5888,8.79549,11.1748,8.81704,6.35508,9.59938,8.98246,6.54722,10.2239,8.25533,6.95275,7.86456,2.37312,2.37312,2.67614,2.67614,3.23526,2.60065,4.29555,2.20682,1.75478
2026-02-17,-1.97889,6.54611,5.14125,6.72143,11.3567,8.00842,12.5274,10.2497,8.51346,10.8145,8.83038,6.36469,9.6139,7.78155,5.67188,8.85701,8.61362,7.29527,8.21812,2.31136,2.31136,2.4446,2.4446,3.55492,2.60065,4.15687,2.21016,1.52018
2026-02-18,-1.59636,6.54611,5.14125,6.72143,11.0835,7.81536,12.2262,10.003,8.30832,10.5623,8.80271,6.34475,9.58378,8.08258,5.8913,9.19965,8.35839,7.08758,7.97714,2.28766,2.28766,2.61068,2.61068,3.44411,2.58439,4.01596,2.20324,1.57898
2026-02-19,0.798013,6.54611,5.14125,6.72143,10.7928,7.60995,11.9057,9.7405,8.09005,10.2806,8.38755,6.04551,9.13178,7.54199,5.49727,8.58435,8.12545,6.83809,7.73924,2.15732,2.15732,2.47528,2.47528,3.31233,2.58439,3.90967,2.09933,1.47338
2026-02-20,1.5529,6.54611,5.14125,6.72143,10.4667,7.37951,11.5462,9.44603,7.84518,9.96581,7.62573,5.49642,8.30237,5.82554,4.24617,6.63067,5.9039,4.95877,5.62036,2.0679,2.0679,2.10423,2.10423,2.3689,2.58439,3.79044,1.90865,1.13806
2026-02-21,-0.0024355,6.54611,5.14125,6.72143,10.1928,7.18591,11.2441,9.19863,7.63945,9.70019,2.72532,1.96433,2.96714,3.77058,2.74833,4.2917,3.75798,3.1177,3.56589,2.05848,2.05848,2.2893,2.2893,1.40228,2.58439,3.69027,0.682122,0.736607
2026-02-22,-0.507692,6.54611,5.14125,6.72143,9.87872,6.96399,10.8979,8.91504,7.40364,9.42112,6.31747,4.55346,6.87802,4.79805,3.49724,5.46117,4.00528,3.30989,3.79666,1.92169,1.92169,2.53373,2.53373,1.41894,2.58439,3.57544,1.5812,0.93733
2026-02-23,-4.60127,6.54611,5.14125,6.72143,9.58514,6.75653,10.5742,8.64994,7.18319,9.13734,7.06244,5.09041,7.68909,6.62584,4.8295,7.54157,5.66177,4.73078,5.38248,1.80073,1.80073,2.66768,2.66768,2.15569,2.58439,3.4681,1.76766,1.2944
2026-02-24,-0.834051,6.54611,5.14125,6.72143,9.82463,6.92577,10.8382,8.8662,7.36302,9.35882,8.33477,6.00747,9.07431,8.81649,6.42624,10.035,7.76429,6.56982,7.40595,2.36791,2.36791,3.43121,3.43121,3.14863,2.60065,3.59119,2.08611,1.72236
2026-02-25,5.87882,6.54611,5.14125,6.72143,9.54492,6.72811,10.5298,8.61362,7.15299,9.09093,8.61181,6.20715,9.37594,7.12622,5.19422,8.11112,7.63721,6.45347,7.28209,2.32402,2.32402,2.76903,2.76903,3.09749,2.60065,3.48791,2.15546,1.39215
2026-02-26,-0.747861,6.54611,5.14125,6.72143,10.0739,7.10191,11.1131,9.09128,7.55019,9.59091,9.26239,6.67608,10.0843,9.44699,6.88581,10.7526,8.78954,7.48427,8.39796,2.52311,2.52311,2.38685,2.38685,3.72746,2.60065,3.68322,2.31829,1.84553
2026-02-27,-2.35803,6.54611,5.14125,6.72143,9.78005,6.89426,10.7891,8.82595,7.32955,9.30781,8.36427,6.02873,9.10644,6.51311,4.74733,7.41327,7.49642,6.23494,7.11798,2.31332,2.31332,2.66718,2.66718,2.84359,2.60065,3.57473,2.0935,1.27238
2026-02-28,1.67686,6.54611,5.14125,6.72143,9.625,6.7847,10.6181,8.68593,7.21312,9.15345,3.52296,2.53925,3.83555,2.9152,2.12486,3.3181,4.74029,3.95745,4.50544,2.31435,2.31435,2.63941,2.63941,1.80609,2.60065,3.51748,0.881763,0.569504
2026-03-01,-1.89521,6.54611,5.14125,6.72143,9.39926,6.62517,10.3692,8.48208,7.04361,8.93129,7.89228,5.68853,8.59256,5.95039,4.33717,6.77277,6.09097,5.1228,5.80052,2.2218,2.2218,2.5241,2.5241,2.34075,2.60065,3.43413,1.97536,1.16245
2026-03-02,4.5174,6.54611,5.14118,6.72143,9.21452,6.49462,10.1655,8.31526,6.54675,8.74054,8.89834,6.41368,9.6879,9.33489,6.66248,10.6103,7.96621,6.70333,7.58735,2.16118,2.16118,2.65099,2.65099,3.14585,2.58439,3.33259,2.22717,1.82363
2026-03-03,-0.703592,6.54611,5.14118,6.72143,9.4444,6.65707,10.419,8.52285,6.71049,8.95973,9.95969,7.17867,10.8434,10.3351,7.37632,11.7472,9.77825,8.32593,9.34255,2.44778,2.44778,2.70726,2.70726,4.10352,2.58439,3.45079,2.49282,2.01902
2026-03-04,6.26701,6.54611,5.14118,6.72143,9.17563,6.46714,10.1227,8.28014,6.51905,8.70498,9.67845,6.97596,10.5372,8.26968,5.90223,9.3996,8.57368,7.28957,8.18845,2.35409,2.35409,2.89175,2.89175,3.51971,2.57681,3.31837,2.42243,1.61554
2026-03-05,-2.60472,6.54611,5.14118,6.72143,9.95664,7.01617,10.9875,9.05897,7.22718,9.52513,10.0367,7.23418,10.9273,11.343,8.09573,12.8929,10.4095,8.78744,9.92292,2.57456,2.57456,2.49015,2.49015,4.11013,2.57681,3.62795,2.5121,2.21593
2026-03-06,-3.89268,6.54611,5.14118,6.72143,9.85217,6.94238,10.8723,8.96386,7.15118,9.42456,9.43578,6.80105,10.273,8.40776,6.00078,9.55654,8.82524,7.42157,8.40414,2.58701,2.58701,2.38408,2.38408,3.49308,2.58439,3.58813,2.36169,1.64251
2026-03-07,-1.276,6.54611,5.14118,6.72143,9.91497,6.98674,10.9416,9.02103,7.19687,9.48488,4.20154,3.02835,4.57434,5.31431,3.693,6.03714,8.00773,6.74063,7.6276,2.57767,2.57767,2.78953,2.78953,3.16072,2.60065,3.61174,1.05161,1.03819
2026-03-08,-1.95562,6.54611,5.14118,6.72143,9.71023,6.84213,10.7158,8.83465,7.04794,9.28833,9.29118,6.69682,10.1156,8.13293,5.6517,9.23913,8.32256,7.09434,7.9541,2.46695,2.46695,2.80125,2.80125,3.47744,2.60065,3.53495,2.3255,1.58882
2026-03-09,3.62109,6.54611,5.14118,6.72143,9.55737,6.73415,10.5472,8.69549,6.93674,9.1414,10.0055,7.21171,10.8933,10.6454,7.39763,12.0933,8.42925,7.16473,8.04989,2.37963,2.37963,2.89326,2.89326,3.5421,2.60065,3.47718,2.50429,2.07964
2026-03-10,2.20431,6.54611,5.14118,6.72143,9.58167,6.75132,10.574,8.71762,6.95442,9.1639,11.5009,8.28956,12.5214,11.9149,8.27983,13.5355,9.68612,8.37243,9.29202,2.56206,2.56206,2.4116,2.4116,4.35162,2.60065,3.4844,2.87858,2.32765
2026-03-11,0.396714,6.54611,5.14118,6.72143,9.44506,6.65482,10.4233,8.59325,6.85505,9.03419,10.1234,7.29666,11.0216,11.1955,7.7799,12.7182,10.0856,8.62745,9.64815,2.30033,2.30033,2.46622,2.46622,4.29003,2.58439,3.41636,2.53379,2.18711
2026-03-12,0.410209,6.54611,5.14118,6.72143,9.22296,6.49794,10.1783,8.39106,6.69348,8.82146,8.81362,6.35261,9.59566,9.06324,6.29819,10.296,8.89107,7.53202,8.48335,2.3054,2.3054,2.36057,2.36057,3.65751,2.58439,3.33512,2.20597,1.77056
2026-03-13,0.671286,6.54611,5.14118,6.72143,9.00811,6.34618,9.94135,8.19547,6.5372,8.61661,7.97077,5.74511,8.67802,6.7433,4.68602,7.66049,6.82968,5.75715,6.50792,2.24083,2.24083,2.18099,2.18099,2.75872,2.58439,3.25676,1.99501,1.31735
2026-03-14,0.346539,6.54611,5.14118,6.72143,8.80554,6.2031,9.71792,8.01106,6.38985,8.42204,3.24611,2.33971,3.53414,3.50651,2.43673,3.98345,4.67752,3.90995,4.44725,2.19893,2.19893,2.0187,2.0187,1.76813,2.58439,3.18253,0.812472,0.68502
2026-03-15,2.18792,6.54611,5.14118,6.72143,8.60322,6.06018,9.49477,7.82687,6.24267,8.22774,6.85308,4.93951,7.46116,5.41154,3.76057,6.1476,5.66644,4.74766,5.39081,2.14371,2.14371,1.9727,1.9727,2.17495,2.58439,3.10838,1.71526,1.05718
2026-03-16,2.80568,6.54611,5.14118,6.72143,8.50635,5.99176,9.38793,7.73869,6.17221,8.1349,7.97173,5.7458,8.67907,8.57051,5.95578,9.73623,6.20718,5.22136,5.91144,2.00748,2.00748,1.73409,1.73409,2.48493,2.58439,3.07294,1.99525,1.6743
2026-03-17,-1.26173,6.54611,5.14118,6.72143,8.48069,5.97364,9.35963,7.71533,6.15354,8.11553,8.99683,6.48467,9.79513,8.80501,6.11874,10.0026,6.57273,5.54896,6.2656,2.09348,2.09348,1.78037,1.78037,2.65849,2.58439,3.06488,2.25182,1.72012
2026-03-18,-3.68842,6.54611,5.14118,6.72143,8.32627,5.86456,9.18931,7.57475,6.04121,7.97448,8.7998,6.34265,9.58061,7.90399,5.49261,8.97906,6.2442,5.25359,5.94701,2.12427,2.12427,2.143,2.143,2.45848,2.58439,3.03457,2.20251,1.5441
2026-03-19,-1.88842,6.54611,5.14118,6.72143,8.4548,5.95535,9.33108,7.69176,6.13471,8.09653,8.57697,6.18204,9.33801,8.83306,6.13823,10.0345,7.9008,6.6666,7.53054,2.36921,2.36921,2.97956,2.97956,3.20243,2.60065,3.09473,2.14674,1.7256
2026-03-20,0.868443,6.54611,5.14118,6.72143,8.34743,5.87951,9.21266,7.59402,6.05661,7.99424,8.68194,6.2577,9.45229,7.06621,4.91042,8.02733,6.22297,5.20388,5.91724,2.42294,2.42294,3.05422,3.05422,2.42275,2.60065,3.05622,2.17301,1.38043
2026-03-21,-2.60161,6.54611,5.14118,6.72143,8.1732,5.75645,9.02049,7.43541,5.92987,7.82625,3.65745,2.63619,3.98197,3.73946,2.59861,4.24809,5.35447,4.48557,5.0938,2.34721,2.34721,2.19822,2.19822,2.06798,2.60065,2.98924,0.915425,0.730528
2026-03-22,-1.26881,6.54611,5.14118,6.72143,8.15377,5.74272,8.99905,7.41772,5.91573,7.80639,7.94594,5.72722,8.65099,6.46992,4.50409,7.34993,6.05088,5.07014,5.75666,2.46889,2.46889,2.59761,2.59761,2.33345,2.60162,2.97926,1.9888,1.26394
2026-03-23,4.42512,6.54611,5.14118,6.72143,8.01197,5.64256,8.84266,7.28863,5.81259,7.6695,8.55949,6.16945,9.31898,8.61399,5.9967,9.78562,6.35741,5.37065,6.06138,2.39398,2.39398,2.59693,2.59693,2.61721,2.60162,2.92432,2.14236,1.6828
2026-03-24,-0.561399,6.54611,5.14118,6.72143,8.27793,5.83042,9.13599,7.53075,6.00605,7.92324,9.37608,6.75802,10.208,10.0817,7.01844,11.4529,7.08136,6.06295,6.77583,2.4171,2.4171,2.4591,2.4591,3.09403,2.60162,3.02048,2.34675,1.96952
2026-03-25,1.11689,6.54611,5.14118,6.72143,8.39665,5.96085,9.21445,7.2851,6.21221,8.1477,8.9984,6.4858,9.79683,8.48849,5.90933,9.64305,6.73684,5.71153,6.42925,2.32919,2.32919,2.52698,2.52698,2.78624,2.60162,3.05814,2.25222,1.65828
2026-03-26,-3.59529,6.54611,5.14118,6.72143,8.28501,5.88144,9.09199,7.18802,6.12947,8.03749,7.79636,5.6194,8.48814,7.86017,5.47193,8.92928,7.70725,6.53558,7.35575,2.32781,2.32781,2.46796,2.46796,3.24871,2.60162,3.01703,1.95136,1.53554
2026-03-27,-3.63135,6.54611,5.14118,6.72143,8.35913,5.93416,9.17329,7.25213,6.1844,8.10648,8.05637,5.80681,8.77121,7.21578,5.02333,8.19724,6.62674,5.57475,6.31114,2.34896,2.34896,2.92441,2.92441,2.67323,2.60198,3.04884,2.01643,1.40965
2026-03-28,-0.0281622,6.54611,5.14118,6.72143,8.43389,5.98734,9.2553,7.3168,6.23981,8.17601,3.91347,2.82072,4.26071,5.25442,3.65791,5.9691,5.7231,4.83248,5.45591,2.52413,2.52413,3.36413,3.36413,2.3338,2.60594,3.08171,0.979505,1.02649
2026-03-29,-0.551541,6.54611,5.14118,6.72143,8.30402,5.89496,9.11284,7.20381,6.14356,8.04725,7.09791,5.11598,7.72771,6.09508,4.24314,6.92411,5.81006,4.90151,5.5375,2.56374,2.56374,2.9357,2.9357,2.33069,2.60594,3.03385,1.77654,1.19071
2026-03-30,1.11052,6.54611,5.14118,6.72143,8.1822,5.80831,8.97922,7.09796,6.05328,7.92813,8.0095,5.77303,8.72018,8.13541,5.66353,9.24195,5.98124,5.03103,5.69618,2.62055,2.62055,2.51816,2.51816,2.37299,2.60594,2.98896,2.0047,1.58931
2026-03-31,2.28562,6.54611,5.14118,6.72143,8.07533,5.73228,8.86199,7.00502,5.97407,7.82266,8.1759,5.89296,8.90135,8.20657,5.71308,9.3228,6.74157,5.69868,6.4287,2.41763,2.41763,2.51619,2.51619,2.7647,2.60594,2.94957,2.04635,1.60321
2026-04-01,-0.227064,6.54611,5.14118,6.72143,8.03198,5.70144,8.81443,6.96716,5.94194,7.77812,8.52588,6.14522,9.28238,9.04371,6.29586,10.2738,6.70067,5.66863,6.39106,2.36268,2.36268,2.35636,2.35636,2.72331,2.60594,2.9336,2.13395,1.76675
2026-04-02,-1.76341,6.54611,5.14118,6.72143,7.91167,5.61586,8.68246,6.8627,5.85277,7.66139,7.98752,5.75718,8.69625,7.53816,5.24776,8.56347,7.78724,6.64094,7.44335,2.07475,2.07475,2.33265,2.33265,3.35772,2.60594,2.88926,1.9992,1.47263
2026-04-03,0.063565,6.54611,5.14118,6.72143,7.84504,5.56847,8.60938,6.80471,5.8034,7.59504,7.23586,5.21541,7.8779,6.23746,4.34226,7.08585,6.33259,5.3146,6.02719,2.13171,2.13171,2.30313,2.30313,2.56644,2.60594,2.86471,1.81107,1.21853
2026-04-04,0.535554,6.54611,5.14118,6.72143,7.72759,5.48492,8.48055,6.70248,5.71635,7.4782,2.7871,2.00886,3.0344,3.26388,2.27218,3.70782,3.77935,3.12513,3.58308,2.04345,2.04345,2.2143,2.2143,1.34159,2.60594,2.82142,0.697585,0.637621
2026-04-05,2.48248,6.54611,5.14118,6.72143,7.61666,5.40601,8.35887,6.60592,5.63414,7.3678,6.1356,4.42237,6.68002,5.48923,3.82137,6.23585,4.52793,3.76281,4.29839,2.10773,2.10773,2.24646,2.24646,1.66332,2.60594,2.78055,1.53568,1.07236
2026-04-06,-0.177117,6.54611,5.14118,6.72143,7.60301,5.3963,8.3439,6.59381,5.62402,7.35167,7.47205,5.38565,8.13505,8.27093,5.75788,9.3959,5.3585,4.49683,5.1,2.11061,2.11061,1.97666,1.97666,2.09856,2.60594,2.77552,1.87019,1.61578
2026-04-07,4.37693,6.54611,5.14118,6.72143,7.49156,5.31702,8.22164,6.4968,5.54142,7.24091,7.15688,5.15848,7.79191,7.3655,5.12756,8.36732,5.99697,5.06881,5.71852,2.01151,2.01151,2.08824,2.08824,2.4925,2.60594,2.73444,1.7913,1.4389
2026-04-08,-1.14264,6.54611,5.14118,6.72143,7.69436,5.46128,8.4441,6.67251,5.69172,7.43364,8.1846,5.89924,8.91083,9.00246,6.26714,10.2269,6.31995,5.38346,6.03901,2.10791,2.10791,2.01327,2.01327,2.72389,2.60594,2.80918,2.04853,1.75869
2026-04-09,0.902047,6.54611,5.14118,6.72143,7.60331,5.39651,8.34422,6.59402,5.62424,7.35152,7.66558,5.52514,8.34575,7.55557,5.25988,8.58325,6.63608,5.65161,6.34074,2.22073,2.22073,2.17324,2.17324,2.90834,2.60594,2.77562,1.91862,1.47603
2026-04-10,1.67361,6.54611,5.14118,6.72143,7.50343,5.32546,8.23466,6.50803,5.55021,7.26283,6.47923,4.67005,7.05413,5.8982,4.10608,6.70045,4.92033,4.14287,4.68709,2.23746,2.23746,2.23535,2.23535,2.02432,2.60198,2.73009,1.62169,1.15225
2026-04-11,0.103027,6.54611,5.14118,6.72143,7.43836,5.27918,8.16329,6.4512,5.50199,7.19593,2.31298,1.66713,2.51821,3.51105,2.44425,3.9886,3.24098,2.70457,3.08006,2.16721,2.16721,2.2855,2.2855,1.2364,2.60198,2.70618,0.578918,0.685906
2026-04-12,-3.2002,6.54611,5.14118,6.72143,7.32974,5.20192,8.04414,6.35658,5.42149,7.08698,5.48559,3.95386,5.97233,5.04905,3.51494,5.73579,3.82622,3.18974,3.63528,1.9676,1.9676,2.26857,2.26857,1.44696,2.60198,2.66628,1.37299,0.986364
2026-04-13,5.13923,6.54611,5.14118,6.72143,7.4036,5.25445,8.12516,6.4203,5.47623,7.15428,6.53366,4.70928,7.11339,7.84296,5.45994,8.90973,5.17925,4.38335,4.94048,2.20253,2.20253,2.68106,2.68106,2.1367,2.60594,2.70203,1.63531,1.53217
2026-04-14,-0.407667,6.54611,5.14118,6.72143,7.78955,5.48927,8.59505,6.64693,5.70778,7.3544,8.24643,5.9438,8.97814,9.2239,6.4213,10.4785,6.3727,5.3919,6.07846,2.34306,2.34306,2.46957,2.46957,2.6401,2.60594,2.82117,2.06401,1.80195
2026-04-15,0.83695,6.54611,5.14118,6.72143,7.67198,5.40621,8.4654,6.54651,5.62145,7.23963,7.51784,5.41865,8.1849,7.50773,5.22657,8.5289,6.38034,5.41336,6.09025,2.33963,2.33963,2.74796,2.74796,2.69491,2.60594,2.77814,1.88165,1.46668
2026-04-16,0.462872,6.54611,5.14118,6.72143,7.5648,5.33048,8.34719,6.45495,5.54273,7.13485,7.42988,5.35525,8.08914,7.10001,4.94273,8.06573,6.5528,5.56155,6.25543,2.30415,2.30415,2.61496,2.61496,2.8196,2.60594,2.73855,1.85963,1.38703
2026-04-17,2.59373,6.54611,5.14118,6.72143,7.45217,5.25091,8.22299,6.35874,5.46002,7.02489,6.27941,4.52603,6.83659,5.60264,3.90033,6.36469,5.23294,4.3716,4.97454,2.19848,2.19848,2.53374,2.53374,2.05873,2.60594,2.69124,1.57168,1.09451
2026-04-18,-1.83274,6.54611,5.14118,6.72143,7.45807,5.25508,8.2295,6.36378,5.46436,7.02667,2.65356,1.91261,2.88901,3.99446,2.78078,4.53777,4.44207,3.70561,4.22113,2.18397,2.18397,2.41592,2.41592,1.68883,2.60594,2.68644,0.664162,0.780345
2026-04-19,-2.50023,6.54611,5.14118,6.72143,7.40995,5.22108,8.17643,6.32267,5.42901,6.97821,6.44723,4.64699,7.0193,5.5785,3.88352,6.33726,4.82781,4.02638,4.58738,2.14149,2.14149,2.54146,2.54146,1.81648,2.60594,2.66857,1.61368,1.0898
2026-04-20,2.69326,6.54611,5.14118,6.72143,7.41768,5.22654,8.18496,6.32928,5.43469,6.99074,7.18059,5.17557,7.81773,7.79999,5.43003,8.86091,5.30952,4.45478,5.0531,2.3018,2.3018,2.56416,2.56416,2.06821,2.60198,2.67135,1.79724,1.52378
2026-04-21,0.630975,6.54611,5.14118,6.72143,7.4344,5.23836,8.2034,6.34356,5.44697,7.00203,8.06654,5.81414,8.78228,7.93031,5.52075,9.00895,6.40675,5.43132,6.11412,2.30126,2.30126,2.58502,2.58502,2.66725,2.60198,2.66501,2.01898,1.54924
2026-04-22,2.3945,6.54611,5.14118,6.72143,7.32814,5.16329,8.08621,6.25279,5.36894,6.89772,7.40203,5.33518,8.05882,7.38246,5.13936,8.38659,6.06794,5.13405,5.78777,2.27069,2.27069,2.4676,2.4676,2.50279,2.60198,2.61331,1.85266,1.44221
2026-04-23,0.0841704,6.54611,5.14118,6.72143,7.321,5.15824,8.07834,6.2467,5.36369,6.88675,7.35966,5.30464,8.01268,7.51096,5.22882,8.53257,6.99896,5.98157,6.69374,2.21219,2.21219,2.37392,2.37392,3.1272,2.60198,2.59702,1.84205,1.46732
2026-04-24,-1.04499,6.54611,5.14118,6.72143,7.21125,5.08071,7.95732,6.15295,5.2831,6.77915,6.35712,4.58204,6.92119,6.07015,4.22578,6.89578,5.42616,4.57839,5.17183,2.11117,2.11117,2.26158,2.26158,2.25829,2.60198,2.54358,1.59113,1.18584
2026-04-25,0.20211,6.54611,5.14118,6.72143,7.12696,5.02116,7.86436,6.08095,5.2212,6.6954,2.46583,1.7773,2.68463,4.01511,2.79515,4.56123,3.95899,3.32482,3.76874,1.97522,1.97522,2.07891,2.07891,1.57888,2.60198,2.50302,0.617175,0.784378
2026-04-26,1.33812,6.54611,5.14118,6.72143,7.02248,4.94734,7.74914,5.9917,5.14447,6.59287,5.85811,4.22236,6.3779,5.24452,3.65102,5.95786,4.39421,3.70131,4.18634,1.9251,1.9251,2.15859,2.15859,1.77349,2.60198,2.46536,1.46623,1.02455
2026-04-27,-1.6548,6.54611,5.14118,6.72143,6.95273,4.89807,7.67222,5.93212,5.09325,6.52289,6.48216,4.67216,7.05733,6.86706,4.78056,7.80108,5.72958,4.84784,5.46505,1.90011,1.90011,1.86639,1.86639,2.36255,2.60198,2.44003,1.62243,1.34152
2026-04-28,-1.32187,6.54611,5.14118,6.72143,6.90929,4.86737,7.62431,5.89501,5.06134,6.47981,6.6583,4.79912,7.24909,6.85102,4.76939,7.78286,5.7805,4.90169,5.51686,1.92331,1.92331,2.20544,2.20544,2.43302,2.60198,2.42431,1.66651,1.33839
2026-04-29,-0.755346,6.54611,5.14118,6.72143,6.84706,4.82341,7.55569,5.84186,5.01565,6.42042,6.80621,4.90573,7.41013,6.62792,4.61408,7.52941,5.65739,4.78783,5.39652,1.9217,1.9217,2.18281,2.18281,2.34742,2.60198,2.40208,1.70353,1.29481
2026-04-30,0.694619,6.54611,5.14118,6.72143,6.76212,4.7634,7.46202,5.7693,4.95327,6.33603,6.61485,4.7678,7.20178,6.23112,4.33785,7.07865,5.87168,4.96581,5.59992,1.95331,1.95331,2.15321,2.15321,2.47621,2.60198,2.3713,1.65563,1.21729
2026-05-01,2.42715,6.54611,5.14118,6.72143,6.67491,4.70179,7.36585,5.69481,4.88923,6.24978,6.01901,4.33834,6.55308,5.21608,3.63122,5.92554,5.01455,4.22871,4.7788,2.04847,2.04847,2.07996,2.07996,2.05909,2.60198,2.33975,1.5065,1.01899
2026-05-02,0.609874,6.54611,5.14118,6.72143,6.69709,4.71746,7.3903,5.71375,4.90551,6.26567,2.43547,1.75542,2.65157,3.81696,2.65721,4.33612,4.68095,3.93922,4.45844,2.05713,2.05713,2.05486,2.05486,1.86466,2.60198,2.34699,0.609576,0.745667
2026-05-03,-0.151434,6.54611,5.14118,6.72143,6.60953,4.6556,7.29374,5.63895,4.84121,6.17897,5.99305,4.31963,6.52482,5.38892,3.75155,6.1219,4.8332,4.06876,4.60387,1.87847,1.87847,2.0549,2.0549,1.89285,2.60198,2.31526,1.50001,1.05276
2026-05-04,1.62877,6.54611,5.14118,6.72143,5.9524,4.2379,6.50874,5.39958,4.43211,5.63147,6.27097,4.51994,6.8274,6.61491,4.60503,7.51464,5.48521,4.63692,5.23072,1.95841,1.95841,2.15172,2.15172,2.24236,2.60198,2.17036,1.56957,1.29227
2026-05-05,1.3675,6.54611,5.14118,6.72143,5.92979,4.22173,6.48404,5.37904,4.41512,5.60913,6.75536,4.86907,7.35476,6.82077,4.74833,7.7485,5.99312,5.09135,5.72259,1.91487,1.91487,2.02983,2.02983,2.55556,2.60198,2.16189,1.6908,1.33248
2026-05-06,0.616525,6.54611,5.14118,6.72143,5.88616,4.19052,6.43637,5.33941,4.38137,5.5634,6.56499,4.73186,7.14751,6.39336,4.45079,7.26295,5.24672,4.42272,4.99952,1.86123,1.86123,2.32322,2.32322,2.10083,2.60198,2.14334,1.64316,1.24898
2026-05-07,-1.75619,6.54611,5.14118,6.72143,5.80291,4.13098,6.34543,5.26381,4.30097,5.48056,6.54131,4.71479,7.12172,6.1646,4.29154,7.00308,5.37765,4.53233,5.12405,1.87235,1.87235,2.33651,2.33651,2.18072,2.60198,2.10942,1.63723,1.20429
2026-05-08,0.220695,6.54611,5.14118,6.72143,5.81643,4.14065,6.36019,5.27608,4.29047,5.48883,6.49329,4.68018,7.06944,5.51442,3.83891,6.26446,4.57928,3.87227,4.36718,1.91856,1.91856,2.37235,2.37235,1.90157,2.60198,2.111,1.62521,1.07728
2026-05-09,0.593845,6.54611,5.14118,6.72143,5.72814,4.0775,6.26374,5.1959,4.20392,5.40098,2.45682,1.77081,2.67481,3.50419,2.43947,3.98082,3.19798,2.66949,3.03943,1.9382,1.9382,2.22208,2.22208,1.21286,2.60198,2.0763,0.614919,0.684567
2026-05-10,1.81151,6.54611,5.14118,6.72143,5.65212,4.02313,6.1807,5.12687,4.12725,5.32503,5.53753,3.9913,6.02888,4.94968,3.44576,5.62292,4.03995,3.39831,3.84746,1.8733,1.8733,2.10006,2.10006,1.59868,2.60198,2.04818,1.38599,0.966953
2026-05-11,-0.501179,6.54611,5.14118,6.72143,5.66673,4.03358,6.19666,5.14014,4.11522,5.33429,6.1876,4.45985,6.73662,6.70758,4.66954,7.61992,4.44398,3.75829,4.23827,1.83043,1.83043,1.87135,1.87135,1.82631,2.60198,2.05359,1.5487,1.31037
2026-05-12,-1.54227,6.54611,5.14118,6.72143,5.59533,3.98252,6.11867,5.0753,4.04324,5.26322,6.03764,4.35176,6.57336,6.32661,4.40432,7.18712,4.494,3.83072,4.29501,1.87445,1.87445,2.23366,2.23366,1.92327,2.60198,2.02717,1.51117,1.23594
2026-05-13,-1.5028,6.54611,5.14118,6.72143,5.59958,3.98556,6.12331,5.07915,4.03677,5.26542,6.21144,4.47703,6.76258,6.14654,4.27897,6.98257,4.9106,4.15675,4.68444,1.83221,1.83221,2.30075,2.30075,2.0277,2.60198,2.02875,1.55467,1.20077
2026-05-14,2.21321,6.30154,5.13311,6.63258,5.5996,3.98557,6.12333,5.07491,4.02441,5.18973,6.08819,4.49244,6.59943,5.72083,3.98386,6.2547,5.25899,4.47312,5.02323,1.87461,1.87461,2.434,2.434,2.29666,2.60162,2.02875,1.58023,1.12066
2026-05-15,-2.48028,6.30154,5.13311,6.63258,5.66655,4.03346,6.19647,5.13566,4.07275,5.25227,5.91842,4.36717,6.41541,5.3045,3.69394,5.79952,4.62952,3.90486,4.41212,1.91293,1.91293,2.28476,2.28476,1.91453,2.60162,2.05352,1.53616,1.03911
2026-05-16,-1.18864,6.30154,5.13311,6.63258,5.78649,4.11924,6.32749,5.24449,4.15934,5.36186,2.31719,1.70984,2.51177,3.74746,2.60965,4.09718,4.18138,3.52272,3.98378,2.02263,2.02263,2.22047,2.22047,1.69507,2.60162,2.10931,0.60144,0.734097
2026-05-17,-0.902658,6.30154,5.13311,6.63258,5.74763,4.09145,6.28504,5.20923,4.13127,5.32415,5.72681,4.22578,6.20771,5.3911,3.75424,5.89421,4.55256,3.85198,4.34239,2.01569,2.01569,2.07694,2.07694,1.8745,2.60162,2.09486,1.48643,1.05607
2026-05-18,-0.615585,6.30154,5.13311,6.63258,5.69129,4.05114,6.22349,5.1581,4.09058,5.27019,6.31383,4.65894,6.84402,6.66126,4.63876,7.2829,5.26606,4.45118,5.02159,1.94414,1.94414,2.03059,2.03059,2.17602,2.60162,2.07391,1.63879,1.30489
2026-05-19,-0.264488,6.30154,5.13311,6.63258,5.62312,4.00239,6.14903,5.09625,4.04135,5.2053,6.38425,4.71091,6.92036,6.268,4.36489,6.85293,5.77886,4.9347,5.52561,1.87998,1.87998,2.22995,2.22995,2.5793,2.60162,2.04856,1.65707,1.22785
2026-05-20,0.916773,6.30154,5.13311,6.63258,5.5472,3.94809,6.06609,5.02735,3.98652,5.13399,6.06792,4.47749,6.57747,5.86649,4.08529,6.41396,4.85406,4.0828,4.62268,1.79702,1.79702,2.00661,2.00661,1.95716,2.60162,2.02009,1.57497,1.1492
2026-05-21,0.105032,6.30154,5.13311,6.63258,5.49478,3.9106,6.00882,4.97979,3.94866,5.08403,5.91284,4.36305,6.40936,5.73403,3.99305,6.26913,5.40437,4.5508,5.1483,1.75193,1.75193,1.94423,1.94423,2.21998,2.60162,1.99883,1.53471,1.12325
2026-05-22,-2.68063,6.30154,5.13311,6.63258,5.42187,3.85846,5.92917,4.91363,3.89497,5.01468,5.00279,3.69153,5.42289,4.88038,3.39859,5.33583,4.36546,3.65413,4.15206,1.72257,1.72257,2.0114,2.0114,1.73216,2.60162,1.96434,1.2985,0.956027
2026-05-23,1.55775,6.30154,5.13311,6.63258,5.59608,3.98305,6.11948,5.0717,4.01939,5.17384,2.66894,1.9694,2.89306,3.4604,2.40975,3.78333,4.33692,3.62687,4.12391,1.87412,1.87412,2.35367,2.35367,1.68634,2.60198,2.0385,0.692739,0.677864
2026-05-24,0.400585,6.30154,5.13311,6.63258,5.39933,3.90377,5.8344,5.03984,4.01684,5.1372,5.5275,4.07872,5.99167,4.98983,3.47481,5.45549,4.32822,3.62689,4.11782,1.84805,1.84805,2.06306,2.06306,1.6944,2.60198,2.03722,1.4347,0.977466
2026-05-25,0.387402,6.30154,5.13311,6.63258,5.32001,3.84609,5.74879,4.96573,3.95753,5.06167,5.7301,4.22821,6.21127,5.80396,4.04175,6.3456,4.88482,4.1177,4.65468,1.68843,1.68843,1.92976,1.92976,1.99365,2.60198,2.00655,1.48728,1.13695
2026-05-26,-1.89965,6.30154,5.13311,6.63258,5.24529,3.79175,5.66813,4.8959,3.91049,5.0007,5.63923,4.16116,6.11278,5.57221,3.88037,6.09222,4.85823,4.14328,4.64375,1.62475,1.62475,1.84772,1.84772,2.13483,2.60198,1.99336,1.4637,1.09155
2026-05-27,-1.97253,6.30154,5.13311,6.63258,5.31389,3.84164,5.74218,4.96001,3.9619,5.06439,5.96676,4.40284,6.4678,5.69689,3.96719,6.22854,4.56885,3.89042,4.36533,1.72225,1.72225,2.03548,2.03548,1.95626,2.60198,2.02009,1.54871,1.11597
2026-05-28,-1.09298,6.30154,5.07452,6.63258,5.38696,3.89477,5.82104,5.02828,4.00759,5.12543,5.92437,4.43609,6.51032,5.48217,4.29474,6.71371,4.41343,3.77836,4.22291,1.85368,1.85368,2.38005,2.38005,1.97135,2.60162,2.03243,1.57818,1.21754
2026-05-29,-0.22331,6.30154,5.07452,6.63258,5.35393,3.87075,5.78539,4.99742,3.98289,5.09398,5.40094,4.04415,5.93512,4.92143,3.85546,6.02701,4.52338,3.8482,4.32083,1.77739,1.77739,2.40401,2.40401,1.992,2.60162,2.01966,1.43874,1.09301
2026-05-30,0.519704,6.30154,5.07452,6.63258,5.27711,3.81489,5.70248,4.92564,3.92545,5.02083,2.11044,1.58027,2.31917,3.15894,2.47472,3.86858,3.10238,2.60292,2.95254,1.72742,1.72742,2.32773,2.32773,1.23884,2.60162,1.98996,0.562194,0.701575
2026-05-31,-0.237756,6.30154,5.07452,6.63258,5.20863,3.7651,5.62856,4.86165,3.87424,4.95563,4.50943,3.3766,4.95543,3.91218,3.06481,4.79104,4.3387,3.62808,4.12551,1.74594,1.74594,2.41809,2.41809,1.67188,2.60162,1.96349,1.20126,0.868864
2026-06-01,-3.11954,6.30154,5.07452,6.63258,5.14119,3.71606,5.55577,4.79863,3.82381,4.89141,5.01407,3.75447,5.50998,4.7342,3.70878,5.79771,4.47173,3.76928,4.261,1.75817,1.75817,2.28486,2.28486,1.825,2.60162,1.93741,1.33569,1.05143
2026-06-02,-6.69138,6.30154,5.07452,6.63258,5.44394,3.9362,5.88255,5.08153,4.0502,5.17968,5.64596,4.22762,6.20437,5.42424,4.24935,6.64276,5.32594,4.52616,5.08601,2.04533,2.04533,2.66402,2.66402,2.27269,2.60198,2.07048,1.50401,1.20468
2026-06-03,-4.11522,6.54611,5.14118,6.69459,6.79368,4.91768,7.33942,6.44986,5.07089,6.5959,7.20245,5.31465,7.832,7.47163,5.20307,8.18773,6.28818,5.26068,5.97993,2.8014,2.8014,3.47217,3.47217,2.43462,2.60594,2.59659,1.86944,1.46363
2026-06-04,-0.332968,6.54611,5.14118,6.69459,7.1201,5.15503,7.69175,6.75995,5.31552,6.91292,7.21673,5.32519,7.84752,8.12923,5.66101,8.90836,6.87634,5.77375,6.54556,2.81968,2.81968,3.70267,3.70267,2.75711,2.61783,2.72827,1.87315,1.59245
2026-06-05,-4.61725,6.54611,5.14118,6.69459,6.94646,5.02877,7.50433,6.595,5.18538,6.74428,6.09028,4.49398,6.62262,5.65946,3.94112,6.20188,5.76221,4.82904,5.48226,2.50244,2.50244,2.86535,2.86535,2.28617,2.61783,2.66052,1.58077,1.10864
2026-06-06,-0.0907363,6.54611,5.14118,6.69459,7.37161,5.33792,7.96322,6.99888,5.50398,7.15719,3.45559,2.58289,3.75911,4.73905,3.30817,5.21567,5.12365,4.25847,4.8641,2.94694,2.94694,3.76919,3.76919,1.90699,2.62855,2.83383,0.896919,0.928341
2026-06-07,3.82315,6.54611,5.14118,6.69459,7.18122,5.19948,7.75772,6.81802,5.36128,6.97227,5.48535,4.10005,5.96716,5.31549,3.71056,5.85009,5.15163,4.31498,4.90063,2.48837,2.48837,2.85975,2.85975,1.95654,2.62855,2.75935,1.42376,1.04126
2026-06-08,-0.235779,6.54611,5.14118,6.69459,7.37076,5.3373,7.9623,6.99807,5.50333,7.15636,6.99427,5.2279,7.60862,8.5949,5.9998,9.45931,6.28752,5.28557,5.98694,2.35969,2.35969,2.77866,2.77866,2.49003,2.62019,2.82608,1.81541,1.68367
2026-06-09,-2.31993,6.54611,5.14118,6.69459,7.1823,5.20026,7.75889,6.81904,5.3621,6.97332,6.69783,5.00632,7.28614,7.03535,4.91114,7.74292,6.0045,5.06454,5.72251,2.36157,2.36157,2.68368,2.68368,2.4335,2.62019,2.75254,1.73846,1.37817
2026-06-10,-0.316009,6.54611,5.14118,6.69459,7.15599,5.18113,7.73049,6.79405,5.34237,6.94776,6.4962,4.85561,7.0668,7.23135,5.04795,7.95862,5.89618,4.99204,5.62494,2.33803,2.33803,2.65064,2.65064,2.44649,2.62019,2.74228,1.68613,1.41656
2026-06-11,3.37887,6.54611,5.14118,6.69459,6.98011,5.05324,7.54065,6.62696,5.21055,6.77694,6.12894,4.5811,6.66729,6.2291,4.34832,6.85557,5.92683,5.01243,5.65251,2.32388,2.32388,2.50195,2.50195,2.48342,2.62019,2.67365,1.5908,1.22023
2026-06-12,-0.0280958,6.54611,5.14118,6.69459,7.10644,5.1451,7.677,6.74697,5.30519,6.89963,6.45476,4.82463,7.02172,6.18035,4.31429,6.80192,5.08678,4.31233,4.85444,2.13758,2.13758,2.40249,2.40249,2.16868,2.62019,2.72294,1.67537,1.21068
2026-06-13,1.37247,6.54611,5.14118,6.69459,6.99748,5.07624,7.55183,6.52141,5.1914,6.70499,2.2926,1.71361,2.49397,3.99359,2.78779,4.39523,4.70372,3.99072,4.48982,2.05217,2.05217,2.24848,2.24848,1.99566,2.62019,2.64975,0.595057,0.782311
2026-06-14,1.98125,6.54611,5.14118,6.69459,6.8777,4.98904,7.42265,6.40971,5.10225,6.59017,5.44917,4.07301,5.92781,5.16126,3.6029,5.68035,4.27145,3.58304,4.06493,1.98564,1.98564,1.97333,1.97333,1.65846,2.62019,2.60369,1.41437,1.01105
2026-06-15,0.877433,6.54611,5.14118,6.69459,6.8202,4.94717,7.36063,6.35608,5.05944,6.53503,6.03961,4.51433,6.57011,6.67181,4.65736,7.34281,5.29096,4.42842,5.0322,2.00273,2.00273,2.08933,2.08933,2.06864,2.62019,2.58158,1.56762,1.30695
2026-06-16,-1.04461,6.54611,5.14118,6.69459,6.68152,4.84621,7.21107,6.22675,4.95622,6.4021,6.15616,4.60145,6.6969,6.36921,4.44612,7.00978,5.2288,4.39953,4.98002,1.96367,1.96367,2.01302,2.01302,2.10463,2.62019,2.52825,1.59787,1.24767
2026-06-17,-1.81855,6.54611,5.14118,6.69459,6.56765,4.76331,7.08827,6.12055,4.87147,6.29293,5.88827,4.40121,6.40547,6.11872,4.27126,6.73409,5.02297,4.24156,4.78855,1.97662,1.97662,1.9507,1.9507,2.0604,2.62019,2.48447,1.52834,1.19861
2026-06-18,-2.39099,6.54611,5.14118,6.69459,6.52869,4.73494,7.04625,6.08421,4.84247,6.25558,6.27982,4.69388,6.83141,6.40348,4.47005,7.0475,5.26536,4.44011,5.01778,1.96711,1.96711,2.06577,2.06577,2.16055,2.62019,2.46949,1.62997,1.25439
2026-06-19,1.01927,6.54611,5.14118,6.69459,6.56496,4.76135,7.08536,6.11804,4.86946,6.29034,6.10238,4.56125,6.63839,6.13463,4.28237,6.75161,5.52594,4.65061,5.26334,2.20054,2.20054,2.50113,2.50113,2.30317,2.62019,2.48343,1.58391,1.20172
2026-06-20,1.09382,6.54611,5.14118,6.69459,6.44859,4.67663,6.95987,6.00952,4.78285,6.17879,2.60908,1.95017,2.83826,3.6988,2.58201,4.0708,3.04656,2.51358,2.88667,2.06598,2.06598,2.23071,2.23071,1.0893,2.62019,2.43869,0.677204,0.724565
2026-06-21,-1.57229,6.54611,5.14118,6.69459,6.34371,4.60028,6.84676,5.9117,4.70478,6.07824,5.65753,4.22874,6.15446,4.97663,3.47401,5.47714,4.37603,3.63634,4.15412,2.0872,2.0872,2.35927,2.35927,1.60873,2.62019,2.39836,1.46845,0.97488
2026-06-22,1.12364,6.54611,5.14118,6.69459,6.29479,4.56466,6.794,5.86608,4.66837,6.03134,6.31111,4.71726,6.86545,6.27083,4.37745,6.9015,5.50517,4.6162,5.23848,2.14186,2.14186,2.48764,2.48764,2.19056,2.62019,2.37955,1.63809,1.2284
2026-06-23,-2.02832,6.54611,5.14118,6.69459,6.20138,4.49666,6.69326,5.77897,4.59885,5.94178,6.49521,4.85487,7.06572,6.30565,4.40176,6.93983,5.856,4.97132,5.5906,2.05652,2.05652,2.51633,2.51633,2.50675,2.62019,2.34363,1.68587,1.23522
2026-06-24,-2.70572,6.54611,5.14118,6.69459,6.21479,4.50642,6.70772,5.79147,4.60883,5.95462,6.50997,4.86591,7.08178,6.64135,4.6361,7.30929,5.59392,4.71004,5.32875,2.17783,2.17783,2.76702,2.76702,2.27128,2.62019,2.34879,1.6897,1.30099
2026-06-25,-2.1099,6.54611,5.14118,6.69459,6.32704,4.58814,6.82877,5.89616,4.69237,6.06222,7.07825,5.29067,7.69998,6.84656,4.77935,7.53513,5.07085,4.29409,4.83782,2.33452,2.33452,2.9735,2.9735,2.14046,2.65029,2.41731,1.8372,1.34118
2026-06-26,0.492332,6.54611,5.14118,6.69459,6.34111,4.59838,6.84395,5.90927,4.70284,6.07569,6.22864,4.65562,6.77574,6.08158,4.24534,6.69322,4.57994,3.84494,4.35944,2.53008,2.53008,2.95794,2.95794,1.86453,2.65029,2.42277,1.61668,1.19133
2026-06-27,-0.127266,6.54611,5.14118,6.69459,6.21621,4.50745,6.70925,5.7928,4.60988,5.95596,2.75945,2.06256,3.00183,4.30626,3.00605,4.73935,3.10929,2.56473,2.94592,2.45695,2.45695,2.45943,2.45943,1.11781,2.65029,2.37425,0.716232,0.843561
2026-06-28,-0.6826,6.54611,5.14118,6.69459,6.09418,4.41861,6.57764,5.67899,4.51905,5.83901,5.6336,4.21086,6.12844,4.87613,3.40386,5.36653,3.47518,2.92597,3.31042,2.25946,2.25946,2.50371,2.50371,1.39456,2.65029,2.32684,1.46224,0.955193
2026-06-29,1.01285,6.54611,5.14118,6.69459,5.99595,4.3471,6.47171,5.58738,4.44594,5.74484,5.99653,4.48213,6.52324,6.44475,4.49886,7.09291,4.80276,4.08539,4.58755,2.18917,2.18917,2.58861,2.58861,2.05208,2.65029,2.28868,1.55644,1.26247
2026-06-30,-2.66158,6.54611,5.14118,6.69459,5.91458,4.28786,6.38395,5.5115,4.38537,5.66682,6.19292,4.62892,6.73688,6.48563,4.5274,7.13791,5.30536,4.5138,5.06789,2.06475,2.06475,2.74285,2.74285,2.27431,2.65029,2.25707,1.60741,1.27048
2026-07-01,2.43748,6.54611,5.14118,6.69459,6.04786,4.38489,6.52768,5.63579,4.48457,5.79456,6.43003,4.80616,6.99482,6.64857,4.64114,7.31723,5.72887,4.87302,5.47212,2.27393,2.27393,2.94853,2.94853,2.47951,2.65505,2.33222,1.66895,1.3024
2026-07-02,2.43909,6.54611,5.14118,6.69459,6.11197,4.43156,6.59683,5.69558,4.53229,5.856,6.63848,4.96196,7.22158,6.85747,4.78697,7.54715,5.17621,4.3997,4.94326,2.33242,2.33242,2.65553,2.65553,2.21926,2.65505,2.35737,1.72306,1.34332
2026-07-03,1.70754,6.54611,5.14118,6.69459,6.15368,4.48444,6.61993,5.75434,4.57196,5.90811,6.47302,4.83828,7.04158,6.00242,4.19008,6.6061,4.67636,3.92085,4.44971,2.23555,2.23555,2.54002,2.54002,1.8774,2.65505,2.38924,1.68011,1.17582
2026-07-04,0.866191,6.54611,5.14118,6.69459,6.11743,4.45793,6.58097,5.72042,4.54493,5.87328,2.48549,1.85779,2.7038,4.24115,2.9606,4.66769,3.70565,3.0857,3.51966,2.14228,2.14228,2.20724,2.20724,1.40014,2.65505,2.37494,0.645123,0.830806
2026-07-05,0.725828,6.54611,5.14118,6.69459,6.01651,4.38411,6.47247,5.62598,4.46969,5.77632,5.80655,4.34013,6.31657,5.17266,3.61085,5.69289,4.01158,3.33928,3.80989,1.9976,1.9976,2.02243,2.02243,1.47581,2.65505,2.33514,1.50712,1.01328
2026-07-06,0.701152,6.54611,5.14118,6.69459,5.91589,4.31051,6.36431,5.53183,4.39468,5.67967,6.22613,4.65375,6.77301,6.72536,4.69474,7.40175,4.96392,4.15161,4.72023,1.94068,1.94068,1.91011,1.91011,1.89287,2.65505,2.29546,1.61603,1.31744
2026-07-07,-1.0961,6.54611,5.14118,6.69459,5.82136,4.24137,6.26268,5.44337,4.32421,5.58885,6.51702,4.87117,7.08945,6.56257,4.5811,7.22258,5.33747,4.48895,5.08292,1.80667,1.80667,2.03029,2.03029,2.14272,2.65505,2.25818,1.69153,1.28555
2026-07-08,-1.6564,6.54611,5.14118,6.69459,5.76574,4.20069,6.20289,5.39133,4.28275,5.53543,6.44251,4.81548,7.0084,6.53803,4.56397,7.19558,5.09865,4.30473,4.86048,1.95674,1.95674,2.1765,2.1765,2.08952,2.65505,2.23625,1.67219,1.28075
2026-07-09,1.49157,6.54611,5.14118,6.69459,5.7701,4.20388,6.20758,5.39541,4.286,5.5396,6.25445,4.67492,6.80382,6.64758,4.64045,7.31615,5.4972,4.6587,5.24565,1.89474,1.89474,2.30347,2.30347,2.3349,2.65505,2.23796,1.62338,1.30221
2026-07-10,1.46718,6.54611,5.14118,6.69459,5.74286,4.18396,6.1783,5.36992,4.26569,5.51341,5.94414,4.44297,6.46625,5.65352,3.94653,6.22211,5.18774,4.34652,4.93537,1.91933,1.91933,2.11927,2.11927,2.06396,2.65505,2.22721,1.54284,1.10748
2026-07-11,-0.508272,6.54611,5.14118,6.69459,5.71547,4.16392,6.14885,5.34428,4.24527,5.48707,2.85501,2.13399,3.10578,3.78091,2.63932,4.16117,4.21805,3.50484,4.00409,1.83942,1.83942,1.95292,1.95292,1.57162,2.65505,2.2164,0.741035,0.740649
2026-07-12,-0.0686869,6.54611,5.14118,6.69459,5.63249,4.10323,6.05965,5.26664,4.18341,5.40735,5.22351,3.90433,5.68232,4.80333,3.35304,5.28642,4.11022,3.41435,3.90146,1.84248,1.84248,2.02511,2.02511,1.50292,2.65505,2.18368,1.35579,0.940933
2026-07-13,-2.41143,6.54611,5.14118,6.69459,5.54461,4.03895,5.96517,5.18441,4.11789,5.32307,5.47451,4.09195,5.95537,5.80502,4.05228,6.38884,4.67376,3.91771,4.44695,1.79164,1.79164,2.12304,2.12304,1.83149,2.65505,2.14906,1.42094,1.13715
2026-07-14,4.27281,6.54611,5.14118,6.69459,5.68009,4.13804,6.11082,5.31118,4.21889,5.45315,5.93517,4.43626,6.45649,6.594,4.60304,7.25718,5.00901,4.27334,4.78831,1.9805,1.9805,2.44249,2.44249,2.18018,2.65505,2.25778,1.54051,1.29171
2026-07-15,-0.375941,6.54611,5.14118,6.69459,6.18577,4.50791,6.65443,5.78436,4.59588,5.9388,6.62566,4.95238,7.20763,7.24281,5.05596,7.97124,5.27794,4.50521,5.04612,2.11349,2.11349,2.24653,2.24653,2.29852,2.65505,2.46192,1.71973,1.41881
2026-07-16,-1.43673,6.54611,5.14118,6.69459,6.0651,4.41965,6.52471,5.67145,4.50592,5.82287,6.24866,4.67059,6.79752,6.2796,4.38357,6.91115,5.75747,4.88754,5.49649,1.95912,1.95912,2.30358,2.30358,2.46188,2.65505,2.4131,1.62188,1.23012
2026-07-17,0.172575,6.54611,5.14118,6.69459,6.02078,4.38723,6.47706,5.62998,4.47288,5.78036,5.7401,4.29046,6.24429,5.82091,4.06338,6.40633,4.85872,4.08845,4.62764,1.92834,1.92834,2.45106,2.45106,2.01518,2.65505,2.39535,1.48988,1.14027
2026-07-18,1.39422,6.54611,5.14118,6.69459,5.90547,4.30289,6.3531,5.52208,4.38692,5.66956,2.45733,1.83674,2.67318,3.31508,2.31415,3.64849,3.66752,3.05158,3.48274,2.10224,2.10224,2.39059,2.39059,1.38028,2.65505,2.34864,0.637816,0.649397
2026-07-19,-0.163409,6.54611,5.14118,6.69459,5.85815,4.26828,6.30223,5.4778,4.35164,5.62404,4.91023,3.67017,5.34153,4.53329,3.16453,4.98921,3.93936,3.27131,3.73894,1.99547,1.99547,2.39945,2.39945,1.43885,2.65505,2.32936,1.27448,0.888034
2026-07-20,0.830084,6.54611,5.14118,6.69459,5.75542,4.19314,6.1918,5.38167,4.27506,5.52658,5.60204,4.18727,6.0941,6.09244,4.25292,6.70517,5.18982,4.38181,4.94741,2.00722,2.00722,2.6376,2.6376,2.11239,2.65505,2.29092,1.45404,1.19346
2026-07-21,1.93591,6.54611,5.14118,6.69459,5.67883,4.13712,6.10946,5.31,4.21796,5.45302,5.90461,4.41342,6.42324,6.51159,4.54551,7.16647,5.75095,4.85352,5.48172,2.04298,2.04298,2.33923,2.33923,2.38174,2.65505,2.25995,1.53258,1.27557
2026-07-22,-0.609821,6.54611,5.14118,6.69459,5.71035,4.16017,6.14334,5.33949,4.24145,5.48326,6.02033,4.49992,6.54914,6.41744,4.4798,7.06286,5.30495,4.47007,5.05448,2.06991,2.06991,2.49947,2.49947,2.11735,2.65505,2.27268,1.56261,1.25712
2026-07-23,-1.61043,6.54611,5.14118,6.69459,5.43176,4.00273,5.79822,5.29809,4.13249,5.33408,5.85641,4.3774,6.37082,6.02292,4.20439,6.62866,6.14203,5.17112,5.85076,2.19392,2.19392,2.37476,2.37476,2.48229,2.65505,2.16162,1.52007,1.17984
2026-07-24,-1.46556,6.54611,5.14118,6.69459,5.44875,4.0153,5.81634,5.31467,4.14536,5.35071,5.31372,3.97176,5.78046,5.58927,3.90168,6.1514,5.78411,4.877,5.51198,2.32833,2.32833,2.53282,2.53282,2.41631,2.65505,2.16851,1.37921,1.09489
2026-07-25,0.332242,6.54611,5.14118,6.69459,5.44488,4.01244,5.81222,5.31089,4.14229,5.34685,2.74041,2.04833,2.98112,3.79535,2.64941,4.17706,3.54418,2.94984,3.36588,2.25848,2.25848,2.53996,2.53996,1.3103,2.65505,2.16694,0.711291,0.743479
2026-07-26,1.58657,6.54611,5.14118,6.69459,5.34664,3.93973,5.70742,5.21504,4.06716,5.2503,4.97103,3.71561,5.40766,4.6814,3.26792,5.15222,4.50713,3.76667,4.28499,2.17187,2.17187,2.37102,2.37102,1.69622,2.65505,2.12713,1.29026,0.917047
2026-07-27,-2.50337,6.54611,5.14118,6.69459,5.35135,3.94322,5.71245,5.21964,4.07061,5.25484,5.86119,4.38097,6.37602,6.29595,4.39499,6.92915,4.68357,3.94897,4.46319,2.1518,2.1518,2.19039,2.19039,1.86591,2.65505,2.12904,1.52131,1.23332
2026-07-28,0.229576,6.54611,5.14118,6.69459,5.53267,4.07741,5.90586,5.39655,4.20889,5.43284,6.35711,4.75165,6.91549,7.33272,5.11872,8.07019,5.68178,4.82206,5.42386,2.35499,2.35499,2.42277,2.42277,2.41617,2.65505,2.21502,1.65003,1.43642
2026-07-29,0.0576065,6.54611,5.14118,6.69459,5.42542,3.99803,5.79146,5.2919,4.12697,5.32749,6.08081,4.54513,6.61493,6.31469,4.40806,6.94977,5.42803,4.62379,5.18676,2.28613,2.28613,2.3437,2.3437,2.34609,2.65505,2.17132,1.57831,1.23699
2026-07-30,1.27051,6.54611,5.14118,6.69459,5.32581,3.92431,5.6852,5.19471,4.05079,5.22958,5.9728,4.46439,6.49743,5.84932,4.08321,6.4376,5.32223,4.53788,5.08692,2.17371,2.17371,2.24053,2.24053,2.33984,2.65505,2.13073,1.55028,1.14583
2026-07-31,-2.99784,6.54611,5.14118,6.69459,5.29623,3.90242,5.65365,5.16585,4.02799,5.20041,5.40507,4.04004,5.87983,5.54708,3.87223,6.10497,4.50308,3.81381,4.2963,2.12021,2.12021,2.23183,2.23183,1.91355,2.65505,2.11868,1.40292,1.08663
2026-08-01,-0.0803105,6.54611,5.14118,6.69459,5.59756,4.12543,5.97506,5.45986,4.25783,5.49624,2.63511,1.96962,2.86656,3.75097,2.61842,4.12821,3.36497,2.82325,3.20245,2.18876,2.18876,2.45431,2.45431,1.31908,2.66327,2.30693,0.683958,0.734784
2026-08-02,1.13856,6.54611,5.14118,6.69459,5.48486,4.04202,5.85485,5.3499,4.17149,5.3854,4.8006,3.58823,5.22227,4.50557,3.14519,4.95871,4.26666,3.5684,4.05718,2.19971,2.19971,2.19664,2.19664,1.62778,2.66327,2.25966,1.24603,0.882605
2026-08-03,-0.0332458,6.54611,5.14118,6.69459,5.42814,4.00005,5.79436,5.29456,4.12787,5.32953,5.60015,4.18585,6.09204,6.19768,4.32639,6.821,4.59379,3.91766,4.39095,2.20374,2.20374,2.10213,2.10213,1.96706,2.66327,2.23564,1.45355,1.21407
2026-08-04,0.933303,6.54611,5.14118,6.69459,5.32872,3.92647,5.68831,5.19756,4.05171,5.23174,5.7417,4.29165,6.24602,6.0953,4.25492,6.70832,5.61571,4.80586,5.37276,2.08814,2.08814,1.99829,1.99829,2.51134,2.66327,2.19365,1.49029,1.19402
2026-08-05,0.841874,6.54611,5.14118,6.69459,5.2692,3.88242,5.62482,5.13948,4.00591,5.17309,5.43365,4.0614,5.91092,5.8302,4.06986,6.41656,5.67442,4.90912,5.44483,1.98458,1.98458,1.95205,1.95205,2.67744,2.66327,2.16827,1.41034,1.14209
2026-08-06,-0.520547,6.54611,5.14118,6.69459,5.20851,3.8375,5.56008,5.08026,3.9598,5.11361,5.91613,4.42203,6.43578,5.5738,3.89088,6.13437,6.02433,5.18459,5.77241,1.94418,1.94418,1.94141,1.94141,2.82521,2.66327,2.14311,1.53557,1.09186
2026-08-07,0.957212,6.54611,5.14118,6.69459,5.142,3.78828,5.48915,5.01538,3.90881,5.04818,5.09271,3.80657,5.54004,4.77477,3.3331,5.25498,5.40931,4.59906,5.16623,1.97376,1.97376,1.89379,1.89379,2.37993,2.66327,2.11497,1.32184,0.935337
2026-08-08,0.0377488,6.54611,5.14118,6.69459,5.10112,3.75802,5.44553,4.97548,3.87712,5.00777,2.15195,1.60848,2.34097,3.17293,2.21491,3.49204,3.35641,2.77597,3.18227,1.94213,1.94213,1.91061,1.91061,1.19199,2.66327,2.09725,0.558552,0.621551
2026-08-09,-0.0921788,6.54611,5.14118,6.69459,5.02874,3.70445,5.36833,4.90487,3.82134,4.93641,4.37041,3.26668,4.75429,3.64595,2.54511,4.01263,3.72302,3.07314,3.52805,1.90327,1.90327,1.802,1.802,1.29978,2.66327,2.06628,1.13437,0.714212
2026-08-10,-1.4513,6.54611,5.14118,6.69459,4.96371,3.65633,5.29897,4.84142,3.7714,4.87239,4.91353,3.67264,5.34511,5.24338,3.66022,5.77072,4.32965,3.6415,4.1232,2.02157,2.02157,1.9484,1.9484,1.70855,2.66327,2.0291,1.27534,1.02713
2026-08-11,-0.562851,6.54611,5.14118,6.69459,5.00749,3.68873,5.34567,4.88413,3.8051,4.91553,5.61929,4.20016,6.11286,5.69849,3.97792,6.27161,5.04941,4.25598,4.81138,2.09905,2.09905,2.04944,2.04944,2.06538,2.65505,2.00078,1.45852,1.11629
2026-08-12,-0.235426,6.54611,5.14118,6.69459,4.73967,3.50975,5.04496,4.75045,3.67174,4.76923,5.22658,3.90663,5.68566,5.30401,3.70255,5.83745,4.8149,4.08641,4.59636,2.0445,2.0445,2.12988,2.12988,2.05195,2.65505,1.92731,1.35659,1.03901
2026-08-13,-0.000412791,6.54611,5.14118,6.69459,4.68035,3.46566,4.98187,4.69101,3.6305,4.71151,5.41937,4.05073,5.89538,5.17006,3.60904,5.69003,5.3099,4.46632,5.05682,2.08326,2.08326,2.03826,2.03826,2.18424,2.65029,1.89576,1.40663,1.01277
2026-08-14,-0.675087,6.54611,5.14118,6.69459,4.6219,3.42222,4.91969,4.63242,3.58375,4.65215,4.00238,2.99159,4.35393,4.14809,2.89564,4.56528,4.35963,3.65856,4.14931,2.02396,2.02396,2.13074,2.13074,1.7937,2.65029,1.87171,1.03884,0.812577
2026-08-15,0.0773438,6.54611,5.14118,6.69459,4.59161,3.3997,4.88747,4.60206,3.55836,4.62093,1.66985,1.24814,1.81652,2.61605,1.82618,2.87916,2.50177,2.04392,2.36442,1.89882,1.89882,2.10951,2.10951,0.836193,2.65029,1.85924,0.433419,0.512463
2026-08-16,-0.326865,6.54611,5.14118,6.69459,4.53972,3.36113,4.83227,4.55005,3.51768,4.56857,3.32302,2.48381,3.6149,2.83731,1.98063,3.12267,3.15918,2.62459,2.9988,1.84579,1.84579,2.05853,2.05853,1.16367,2.65029,1.83789,0.862511,0.555806
2026-08-17,2.65101,6.54611,5.14118,6.69459,4.49832,3.33037,4.78824,4.50856,3.48337,4.52607,4.13222,3.08864,4.49517,4.29877,3.00083,4.73111,4.34592,3.62642,4.13007,1.82143,1.82143,1.84826,1.84826,1.65212,2.65029,1.82086,1.07254,0.842094
2026-08-18,0.270085,6.54611,5.14118,6.69459,4.75841,3.52368,5.0649,4.76924,3.6926,4.79063,5.40649,3.98942,5.88032,5.42847,3.78027,5.94739,5.07353,4.29495,4.83996,1.86002,1.86002,2.10537,2.10537,2.13545,2.62019,1.90143,1.40329,1.06339
2026-08-19,6.84938,6.54611,5.14118,6.69459,4.6962,3.47744,4.99872,4.70689,3.65103,4.73087,4.71101,3.47623,5.12389,4.84839,3.37631,5.31185,4.93031,4.16288,4.70008,1.81247,1.81247,2.0339,2.0339,2.04229,2.62019,1.87617,1.22277,0.949759
2026-08-20,5.29512,6.54611,5.14118,6.69459,6.38245,4.73079,6.79244,6.39695,4.96164,6.42759,6.33798,4.67676,6.89345,6.63032,4.61721,7.26412,6.11104,5.15485,5.82418,2.00081,2.00081,2.30226,2.30226,2.53385,2.62019,2.56074,1.64506,1.29882
2026-08-21,7.00888,6.54611,5.14118,6.69459,7.07372,5.24458,7.52776,7.08976,5.49606,7.12197,7.14249,5.2704,7.76847,7.56733,5.26972,8.29071,5.38558,4.53068,5.12911,1.88939,1.88939,2.51726,2.51726,2.20837,2.62019,2.84136,1.85388,1.48238
2026-08-22,-1.61088,6.54611,5.14118,6.69459,8.20218,6.08334,8.72814,8.22077,6.36761,8.2552,8.51959,6.28656,9.26626,10.2545,7.14102,11.2348,5.23488,4.06006,4.88244,1.50567,1.50567,1.00079,1.00079,1.17501,2.62019,3.29948,2.21131,2.00878
2026-08-23,0.867814,6.54611,5.14118,6.69459,7.9989,5.93225,8.5119,8.01702,6.20377,8.04832,7.61496,5.61904,8.28235,7.70876,5.36821,8.44566,3.90342,3.24256,3.70516,1.81488,1.81488,2.53357,2.53357,1.4163,2.62019,3.21696,1.97651,1.51008
2026-08-24,1.54319,6.54611,5.14118,6.69459,7.75227,5.74893,8.24956,7.76983,6.00564,7.79762,6.61164,4.8787,7.1911,8.61913,6.00217,9.44305,5.11584,4.27101,4.86239,1.73192,1.73192,1.97363,1.97363,1.95003,2.62019,3.11683,1.71609,1.68842
2026-08-25,-0.507218,6.54611,5.14118,6.69459,7.56292,5.60819,8.04814,7.58005,5.85413,7.60541,7.13828,5.2673,7.76389,7.87855,5.48645,8.63167,5.90614,4.98953,5.63116,1.72135,1.72135,1.87288,1.87288,2.47251,2.62019,3.03996,1.85278,1.54334
2026-08-26,0.58689,6.54611,5.14118,6.69459,7.33131,5.43605,7.80177,7.34792,5.66658,7.36951,6.27542,4.6306,6.82541,6.68105,4.65253,7.3197,5.49908,4.66131,5.24775,1.58248,1.58248,1.90562,1.90562,2.30791,2.62019,2.94594,1.62882,1.30876
2026-08-27,1.54458,6.54611,5.14118,6.69459,7.11231,5.27327,7.56881,7.12842,5.48888,7.1464,5.85396,4.31961,6.36702,6.06966,4.22677,6.64987,5.56309,4.67936,5.29797,1.6697,1.6697,1.82627,1.82627,2.2384,2.62019,2.85703,1.51943,1.189
2026-08-28,-3.071,6.54611,5.14118,6.69459,6.96451,5.16341,7.41159,6.98028,5.37573,6.99831,6.02277,4.44417,6.55062,5.82172,4.05412,6.37823,5.11933,4.29939,4.87335,1.6298,1.6298,1.7295,1.7295,2.08275,2.62019,2.79703,1.56325,1.14043
2026-08-29,0.532464,6.54611,5.14118,6.69459,7.05247,5.22879,7.50516,7.06844,5.44051,7.08551,2.78661,2.05623,3.03084,3.74162,2.60558,4.09929,3.83409,3.14712,3.628,1.92896,1.92896,2.12575,2.12575,1.32614,2.65029,2.8718,0.723283,0.732952
2026-08-30,-0.741751,6.54611,5.14118,6.69459,6.84807,5.07686,7.28773,6.86357,5.27479,6.8774,5.04777,3.72472,5.49017,4.93723,3.43818,5.40919,3.82825,3.15498,3.62627,1.82178,1.82178,2.0382,2.0382,1.33414,2.65029,2.78769,1.31018,0.967163
2026-08-31,1.12802,6.54611,5.14118,6.69459,6.66816,4.94315,7.09636,6.68329,5.1723,6.71041,5.87581,4.33573,6.39077,6.58891,4.58837,7.21876,5.43835,4.57808,5.18027,1.87297,1.87297,1.99238,1.99238,2.17619,2.65029,2.71367,1.5251,1.29071
2026-09-01,-1.46843,6.54611,5.14118,6.69459,6.64376,4.88579,7.10772,6.53534,5.08919,6.55554,6.09497,4.49745,6.62915,6.49477,4.52281,7.11561,5.78821,4.87803,5.51516,1.83713,1.83713,1.86676,1.86676,2.35171,2.65029,2.61831,1.58199,1.27227
2026-09-02,-0.133349,6.54611,5.14118,6.69459,6.5266,4.79942,6.98244,6.41997,4.99059,6.43443,5.98888,4.41916,6.51375,6.4698,4.50542,7.08825,5.43528,4.61844,5.19023,1.85924,1.85924,2.08687,2.08687,2.30583,2.65029,2.57165,1.55445,1.26738
2026-09-03,5.00983,6.54611,5.14118,6.69459,6.33443,4.65775,6.77694,6.19817,4.83521,6.24007,5.8077,4.28547,6.3167,5.69043,3.96269,6.23439,5.70823,4.82698,5.44385,1.92818,1.92818,2.15341,2.15341,2.41941,2.65029,2.49511,1.50742,1.11471
2026-09-04,-1.98806,6.54611,5.14118,6.69459,7.04456,5.18127,7.53632,6.89313,5.3742,6.93721,6.5272,4.81639,7.09926,6.93442,4.82897,7.59729,5.6305,4.75047,5.36649,2.02355,2.02355,2.10979,2.10979,2.32737,2.65029,2.77795,1.69417,1.35839
2026-09-05,0.190473,6.54611,5.14118,6.69459,6.95916,5.11831,7.445,6.80956,5.29761,6.84681,2.72063,2.00754,2.95907,3.21897,2.24162,3.52668,3.99254,3.29851,3.78433,2.01774,2.01774,2.11284,2.11284,1.43229,2.65029,2.74393,0.706156,0.63057
2026-09-06,0.657013,6.54611,5.14118,6.69459,6.73694,4.95449,7.20736,6.59208,5.11307,6.62035,4.7401,3.49769,5.15553,4.39956,3.06376,4.82012,4.31977,3.62421,4.1111,1.96782,1.96782,1.93614,1.93614,1.65165,2.65029,2.65543,1.23032,0.861837
2026-09-07,-1.54794,6.54611,5.07452,6.66156,6.54266,4.81126,6.99961,6.40195,4.88298,6.39537,5.60798,4.09149,6.04643,5.73501,4.49282,7.01909,6.19423,5.22147,5.9024,1.98313,1.98313,1.83673,1.83673,2.50331,2.62019,2.57805,1.45558,1.2737
2026-09-08,-0.859738,6.54611,5.07452,6.66156,6.44287,4.73769,6.8929,6.30429,4.80788,6.29676,5.31606,3.87851,5.73169,5.78055,4.52849,7.07482,7.09234,6.08307,6.78956,2.0645,2.0645,2.03517,2.03517,3.22038,2.62019,2.53495,1.37982,1.28381
2026-09-09,-0.228535,6.54611,5.07452,6.66156,6.28652,4.62243,6.72571,6.15128,4.69153,6.14535,5.52888,4.03378,5.96115,5.1771,4.05575,6.33626,6.01039,5.08879,5.73391,2.06035,2.06035,2.12268,2.12268,2.48767,2.62019,2.47603,1.43506,1.14979
2026-09-10,-2.18497,6.54611,5.07452,6.66156,6.11296,4.49447,6.54011,5.98142,4.56114,5.9744,5.40992,3.94699,5.83289,5.49948,4.3083,6.73082,6.69253,5.6253,6.37236,1.96008,1.96008,2.01785,2.01785,2.70779,2.62019,2.40639,1.40418,1.22139
2026-09-11,0.787911,6.54611,5.07452,6.66156,6.14502,4.51811,6.57439,6.0128,4.58532,6.0062,5.50495,4.01633,5.93535,5.01991,3.9326,6.14387,6.32191,5.30331,6.01633,2.02536,2.02536,2.48107,2.48107,2.59159,2.62019,2.40678,1.42884,1.11488
2026-09-12,0.125187,6.54611,5.07452,6.66156,6.00051,4.41158,6.41986,5.87138,4.47662,5.86355,2.11444,1.54266,2.27975,2.2514,1.76375,2.75549,4.34368,3.57731,4.11376,1.99525,1.99525,2.19009,2.19009,1.53882,2.62019,2.34952,0.548815,0.500018
2026-09-13,-0.561051,6.54611,5.07452,6.66156,5.84485,4.29682,6.25341,5.71905,4.36012,5.71124,4.05054,2.95521,4.36723,3.31975,2.6007,4.06304,4.84845,4.02265,4.60071,1.9937,1.9937,2.07667,2.07667,1.77507,2.62019,2.28785,1.05134,0.737289
2026-09-14,1.70999,6.54611,5.07452,6.66156,5.71578,4.20167,6.11539,5.59274,4.26411,5.58633,5.06795,3.69749,5.46418,4.96946,3.89308,6.08213,5.53308,4.60865,5.25575,1.95581,1.95581,1.96914,1.96914,2.09669,2.62019,2.23671,1.31542,1.10368
2026-09-15,-3.31796,6.54611,5.07452,6.66156,5.69787,4.18846,6.09623,5.5752,4.24999,5.56715,5.5963,4.08297,6.03384,5.35009,4.19127,6.54798,6.5864,5.59614,6.28932,1.87008,1.87008,1.92949,1.92949,2.87065,2.62019,2.22961,1.45255,1.18821
2026-09-16,0.708757,6.54611,5.07452,6.66156,6.02943,4.43289,6.45078,5.89968,4.49888,5.89327,6.3879,4.66051,6.88733,5.88615,4.61121,7.20406,5.72353,4.8218,5.45301,2.08465,2.08465,2.42288,2.42288,2.32415,2.65029,2.37363,1.65802,1.30726
2026-09-17,0.33228,6.54611,5.07452,6.66156,5.88919,4.3295,6.30082,5.76243,4.39295,5.75381,6.22579,4.54224,6.71255,5.81889,4.55853,7.12175,6.03933,5.04903,5.74224,2.01609,2.01609,2.15873,2.15873,2.40311,2.65029,2.31778,1.61594,1.29233
2026-09-18,5.71998,6.54611,5.07452,6.66156,5.74484,4.22309,6.14647,5.62117,4.28389,5.61019,5.21476,3.8046,5.62247,4.46605,3.49871,5.46601,5.39242,4.51931,5.13049,1.85788,1.85788,2.11076,2.11076,2.22848,2.65029,2.26029,1.35352,0.991874
