date,y,HS|VaR1,HS|VaR2.5,HS|ES2.5,GARCH-t|VaR1,GARCH-t|VaR2.5,GARCH-t|ES2.5,FHS|VaR1,FHS|VaR2.5,FHS|ES2.5,C2-FHS|VaR1,C2-FHS|VaR2.5,C2-FHS|ES2.5,TFM-FHS|VaR1,TFM-FHS|VaR2.5,TFM-FHS|ES2.5,C2-raw|VaR1,C2-raw|VaR2.5,C2-raw|ES2.5,bolt-raw|VaR1,bolt-raw|VaR10,timesfm-raw|VaR1,timesfm-raw|VaR10,C2-raw|VaR10,HS|VaR10,FHS|VaR10,C2-FHS|sigma,TFM-FHS|sigma
2016-01-04,-1.5422,2.13378,1.64891,2.22542,2.18276,1.70581,2.24918,2.40859,2.02263,2.41639,3.00333,2.36195,2.95251,3.04455,2.32705,3.01646,2.52415,2.24,2.43891,1.12341,1.12341,1.16283,1.16283,1.3176,0.91029,1.08632,0.786036,0.614276
2016-01-05,0.201024,2.13378,1.64891,2.22542,2.57457,2.01506,2.65248,2.83949,2.38673,2.84864,3.19825,2.51524,3.14413,3.36862,2.57475,3.33753,2.6482,2.3327,2.55355,1.20818,1.20818,1.1989,1.1989,1.34286,0.929697,1.29311,0.83705,0.679661
2016-01-06,-1.32022,2.13378,1.64891,2.22542,2.28998,1.79044,2.35954,2.5265,2.12227,2.53467,2.87771,2.26316,2.82901,2.93423,2.24273,2.90715,2.59832,2.26442,2.49815,1.04425,1.04425,1.15273,1.15273,1.23516,0.929697,1.14585,0.753159,0.592017
2016-01-07,-2.39858,2.13378,1.64891,2.22542,2.50507,1.96021,2.58094,2.76305,2.32214,2.77196,2.97941,2.34314,2.92899,3.23241,2.47064,3.20258,2.59223,2.26814,2.495,1.09416,1.09416,1.19938,1.19938,1.26619,0.935686,1.26637,0.779775,0.652177
2016-01-08,-1.08976,2.2519,1.66077,2.25495,3.38266,2.65289,3.48428,3.72819,3.14938,3.74377,3.58547,2.88676,3.52479,4.06884,3.10995,4.03129,3.32887,2.89806,3.19963,1.54729,1.54729,1.3668,1.3668,1.57671,0.940758,1.76512,0.938394,0.820939
2016-01-11,0.0852901,2.2519,1.66077,2.25495,3.18982,2.50068,3.28579,3.51612,2.96953,3.53083,3.42932,2.76104,3.37129,4.01037,3.06526,3.97336,3.23719,2.81813,3.11147,1.3973,1.3973,1.50873,1.50873,1.54805,0.942301,1.66234,0.897527,0.809142
2016-01-12,0.777256,2.2519,1.66077,2.25495,2.79419,2.18841,2.87854,3.08101,2.60055,3.09394,3.05393,2.4588,3.00225,3.20245,2.44774,3.17289,2.87186,2.4783,2.7538,1.2545,1.2545,1.43908,1.43908,1.30612,0.942301,1.45147,0.799279,0.646133
2016-01-13,-2.52824,2.2519,1.66077,2.25495,2.56803,2.0099,2.64575,2.83229,2.38962,2.8442,2.95866,2.3821,2.90859,3.33617,2.54995,3.30538,2.76804,2.40445,2.65896,1.17769,1.17769,1.41874,1.41874,1.30238,0.942301,1.33093,0.774345,0.673113
2016-01-14,1.65581,2.3098,1.67123,2.28924,3.51787,2.75962,3.62346,3.8769,3.29203,3.9,3.61487,2.92099,3.56042,4.21462,3.22137,4.17572,3.08101,2.66804,2.95712,1.43507,1.43507,1.53558,1.53558,1.43198,0.942699,1.86332,0.94609,0.850351
2016-01-15,-2.18358,2.3098,1.67123,2.28924,3.46821,2.72042,3.57234,3.82228,3.24548,3.84506,3.7099,2.99777,3.65402,4.38124,3.34873,4.34081,3.05532,2.64825,2.9332,1.19051,1.19051,1.23356,1.23356,1.40985,0.942699,1.83649,0.970961,0.88397
2016-01-19,0.053168,2.3098,1.68008,2.30941,3.81831,2.99675,3.93271,4.2073,3.57361,4.23233,4.30892,3.48181,4.24401,5.57264,4.25936,5.52122,3.07868,2.6813,2.95947,1.40822,1.40822,1.59746,1.59746,1.45385,0.945859,2.02677,1.12774,1.12435
2016-01-20,-1.17628,2.3098,1.68008,2.30941,3.3184,2.60217,3.41814,3.65752,3.10507,3.67934,3.2627,2.63641,3.21355,4.10146,3.13489,4.06361,2.94623,2.50851,2.81491,1.28382,1.28382,1.43337,1.43337,1.22136,0.945859,1.75655,0.853917,0.827521
2016-01-21,0.518197,2.3098,1.68008,2.30941,3.17536,2.48927,3.2709,3.50022,2.97101,3.52111,3.21594,2.59863,3.16749,4.04977,3.09537,4.01239,2.66901,2.28751,2.55456,1.34696,1.34696,1.59986,1.59986,1.16123,0.948289,1.67923,0.84168,0.81709
2016-01-22,2.00807,2.3098,1.68008,2.30941,2.81811,2.2073,2.90317,3.10733,2.63619,3.12592,2.84631,2.29995,2.80344,3.87768,2.96384,3.84189,2.46126,2.10211,2.35351,1.2123,1.2123,1.45722,1.45722,1.0559,0.948289,1.48613,0.74494,0.782369
2016-01-25,-1.57615,2.3098,1.68008,2.30941,3.177,2.49057,3.27259,3.50202,2.97255,3.5229,3.41999,2.76351,3.36848,4.44961,3.40099,4.40855,2.58907,2.23803,2.48376,1.18262,1.18262,1.36756,1.36756,1.17219,0.948289,1.68012,0.895085,0.897764
2016-01-26,1.40452,2.3098,1.68008,2.30941,3.26247,2.55803,3.36057,3.59601,3.05266,3.61744,3.52108,2.8452,3.46804,4.78363,3.65629,4.73948,2.66605,2.26037,2.54435,1.23623,1.23623,1.46556,1.46556,1.11161,0.95392,1.72632,0.921542,0.965156
2016-01-27,-1.09229,2.3098,1.68008,2.30941,3.16158,2.4784,3.25672,3.48506,2.9581,3.50582,3.26647,2.63946,3.21726,4.86039,3.71496,4.81554,2.37517,2.04639,2.27654,1.28457,1.28457,1.26299,1.26299,1.08183,0.95392,1.67178,0.854905,0.980644
2016-01-28,0.551333,2.3098,1.68008,2.30941,3.02107,2.36749,3.11208,3.33053,2.8264,3.35045,3.39813,2.74584,3.34694,4.63946,3.5461,4.59665,2.39989,2.05517,2.29648,1.22681,1.22681,1.34731,1.34731,1.06568,0.9616,1.59583,0.889362,0.936069
2016-01-29,2.44586,2.3098,1.68008,2.30941,2.69776,2.1123,2.77929,2.97497,2.52338,2.99277,2.68984,2.17351,2.64932,4.15004,3.17201,4.11174,1.9657,1.66738,1.8762,1.16251,1.16251,1.19395,1.19395,0.81302,0.9616,1.42107,0.703988,0.837321
2016-02-01,-0.0443342,2.3098,1.68008,2.30941,3.40477,2.67034,3.50704,3.75251,3.18602,3.77476,3.83091,3.09555,3.7732,5.07504,3.87902,5.02821,2.3873,2.02528,2.27869,1.25044,1.25044,1.39066,1.39066,0.997957,0.9616,1.80323,1.00263,1.02395
2016-02-02,-1.8921,2.3098,1.68008,2.30941,3.06562,2.41293,3.15231,3.41343,2.87973,3.37979,2.98725,2.41384,2.94225,4.15464,3.17553,4.1163,2.18341,1.84546,2.08203,1.19858,1.19858,1.27606,1.27606,0.888419,0.9616,1.60543,0.781828,0.83825
2016-02-03,0.497962,2.3098,1.71099,2.31666,3.39947,2.67743,3.49538,3.78425,3.19384,3.74686,3.6417,2.94266,3.58684,4.6089,3.52274,4.56637,2.80755,2.39194,2.68287,1.31765,1.31765,1.31471,1.31471,1.19991,0.974653,1.78876,0.95311,0.929903
2016-02-04,0.152561,2.3098,1.71099,2.31666,3.01138,2.36996,3.09658,3.35319,2.8287,3.31995,3.4542,2.79115,3.40217,4.3098,3.29413,4.27003,2.64749,2.23853,2.5248,1.31239,1.31239,1.26093,1.26093,1.08835,0.974653,1.58053,0.904038,0.869556
2016-02-05,-1.86542,2.3098,1.71099,2.31666,2.65481,2.08748,2.73017,2.95715,2.49324,2.92764,2.9086,2.35028,2.86478,3.52467,2.69402,3.49214,2.60305,2.20872,2.48475,1.35165,1.35165,1.2703,1.2703,1.0896,0.974653,1.38922,0.761242,0.711145
2016-02-08,-1.42551,2.3098,1.72472,2.32236,3.11469,2.45181,3.20274,3.46794,2.92591,3.43309,3.56892,2.88386,3.51516,4.31847,3.30075,4.27862,3.18292,2.73657,3.04902,1.50291,1.50291,1.44513,1.44513,1.44899,0.987819,1.65544,0.934064,0.871304
2016-02-09,-0.0663797,2.3098,1.72472,2.32236,3.16099,2.48849,3.25031,3.51936,2.96946,3.48377,3.81917,3.08607,3.76164,4.29345,3.28163,4.25383,3.57603,3.08758,3.4295,1.59791,1.59791,1.48928,1.48928,1.66594,0.995741,1.68057,0.999558,0.866257
2016-02-10,-0.0188981,2.3098,1.72472,2.32236,2.78266,2.18876,2.86155,3.09915,2.61352,3.0681,3.47329,2.80658,3.42097,3.69789,2.82642,3.66376,3.14896,2.73139,3.02369,1.48091,1.48091,1.47319,1.47319,1.50055,0.995741,1.47527,0.909036,0.746094
2016-02-11,-1.23774,2.3098,1.72472,2.32236,2.46509,1.93717,2.53522,2.74642,2.31474,2.71809,3.24512,2.62221,3.19624,3.10566,2.37376,3.077,3.09956,2.66953,2.97055,1.42599,1.42599,1.50942,1.50942,1.42291,0.995741,1.30294,0.849317,0.626605
2016-02-12,1.933,2.3098,1.72472,2.32236,2.59467,2.03983,2.66837,2.89034,2.43665,2.85949,3.50006,2.82822,3.44734,3.46138,2.64565,3.42944,3.08701,2.67433,2.96321,1.52846,1.52846,1.5954,1.5954,1.47742,1.01194,1.37326,0.916042,0.698376
2016-02-16,1.63818,2.3098,1.72472,2.32236,3.01896,2.37597,3.10437,3.36161,2.83584,3.32459,3.85153,3.11222,3.79351,4.21182,3.21923,4.17295,3.38484,2.91995,3.24538,1.58349,1.58349,1.42289,1.42289,1.58315,1.01194,1.60349,1.00803,0.849786
2016-02-17,1.63461,2.3098,1.72472,2.32236,3.12471,2.45975,3.21304,3.47907,2.93533,3.43895,3.95544,3.19618,3.89586,4.66212,3.56341,4.61909,3.4387,2.97571,3.2998,1.44319,1.44319,1.5201,1.5201,1.62744,1.01194,1.66088,1.03522,0.940639
2016-02-18,-0.467659,2.3098,1.72472,2.32236,3.19865,2.51833,3.28902,3.5612,3.0049,3.51721,4.26063,3.44279,4.19645,4.94655,3.78082,4.90091,3.50665,3.01623,3.35953,1.36395,1.36395,1.47785,1.47785,1.61775,1.01194,1.70101,1.1151,0.998028
2016-02-19,-0.00260715,2.3098,1.72472,2.32236,2.86749,2.25597,2.94872,3.19337,2.69333,3.15054,3.93965,3.18342,3.88031,4.25432,3.25172,4.21506,2.97386,2.58427,2.85698,1.24312,1.24312,1.3742,1.3742,1.43595,1.01194,1.5213,1.03109,0.858361
2016-02-22,1.43507,2.3098,1.72472,2.32236,2.53498,1.99254,2.60704,2.82405,2.37883,2.7853,3.66232,2.95933,3.60715,3.3929,2.5933,3.36159,3.04918,2.63001,2.92343,1.20791,1.20791,1.43322,1.43322,1.42144,1.01194,1.34087,0.958508,0.684558
2016-02-23,-1.25326,2.3098,1.72472,2.32236,2.6691,2.0988,2.74486,2.97302,2.50493,2.93228,3.78063,3.05492,3.72368,3.90021,2.98106,3.86421,3.03918,2.62684,2.91548,1.12166,1.12166,1.38954,1.38954,1.43119,1.01194,1.41365,0.989471,0.786915
2016-02-24,0.442994,2.3098,1.72472,2.32236,2.74796,2.16128,2.82589,3.06061,2.57907,3.0187,3.92424,3.17097,3.86513,4.3882,3.35405,4.34771,3.27712,2.8453,3.14758,1.27013,1.27013,1.43268,1.43268,1.58003,1.0183,1.45644,1.02706,0.885373
2016-02-25,1.12844,2.3098,1.72472,2.32236,2.46443,1.93665,2.53454,2.74569,2.3125,2.70799,3.80314,3.07312,3.74586,4.04067,3.08842,4.00338,3.28998,2.85068,3.15819,1.26486,1.26486,1.42731,1.42731,1.56259,1.0183,1.30258,0.995364,0.815254
2016-02-26,-0.187192,2.3098,1.72472,2.32236,2.46,1.93314,2.52999,2.74077,2.30834,2.70314,4.05388,3.27573,3.99282,4.18487,3.19864,4.14625,3.72935,3.23319,3.5805,1.26338,1.26338,1.42607,1.42607,1.7848,1.0183,1.30018,1.06099,0.844349
2016-02-29,-0.81541,2.3098,1.72472,2.32236,2.21323,1.73764,2.27641,2.46668,2.07632,2.43271,3.88341,3.12664,3.81517,3.75164,2.85721,3.70684,3.54763,3.06923,3.40411,1.30318,1.30318,1.43965,1.43965,1.6698,1.01194,1.1523,1.01637,0.75694
2016-03-01,2.35884,2.3098,1.72472,2.32236,2.20034,1.72743,2.26316,2.45236,2.0642,2.41858,3.76427,3.03071,3.69812,3.88259,2.95694,3.83623,3.34253,2.90834,3.21227,1.27696,1.27696,1.47102,1.47102,1.62883,1.01194,1.14538,0.985189,0.783361
2016-03-02,0.408596,2.3098,1.72472,2.32236,3.10581,2.45181,3.18956,3.47494,2.90848,3.41395,4.46934,3.59839,4.39081,4.70115,3.58034,4.64501,3.76428,3.2753,3.61759,1.42022,1.42022,1.52418,1.52418,1.85988,1.01194,1.64086,1.16972,0.948514
2016-03-03,0.34926,2.3098,1.72472,2.32236,2.77439,2.18852,2.84942,3.10507,2.59763,3.05044,4.02446,3.2402,3.95374,4.17594,3.18035,4.12607,3.41557,2.96958,3.28177,1.20388,1.20388,1.47591,1.47591,1.66259,1.01194,1.46204,1.05329,0.842547
2016-03-04,0.330046,2.3098,1.72472,2.32236,2.48883,1.96165,2.55634,2.78637,2.32977,2.73722,3.94998,3.18024,3.88058,3.90108,2.97102,3.8545,3.28159,2.85551,3.15377,1.14276,1.14276,1.36355,1.36355,1.60589,1.01194,1.30796,1.03379,0.787091
2016-03-07,0.0884613,2.3098,1.72472,2.32236,2.24813,1.77043,2.3093,2.51775,2.104,2.47321,3.71518,2.99119,3.6499,3.43738,2.61787,3.39634,3.32528,2.88082,3.19194,0.975575,0.975575,1.37153,1.37153,1.58971,1.01194,1.17809,0.972342,0.693534
2016-03-08,-1.13038,2.3098,1.72472,2.32236,2.03201,1.59874,2.0875,2.27656,1.90129,2.23616,3.43789,2.76794,3.37748,2.86959,2.18545,2.83532,3.04686,2.64425,2.92608,1.05983,1.05983,1.3827,1.3827,1.45981,1.01194,1.06148,0.89977,0.578975
2016-03-09,0.503967,2.3098,1.72472,2.32236,2.23065,1.75654,2.29136,2.49824,2.0876,2.45403,3.52639,2.83919,3.46443,3.2788,2.4971,3.23965,3.09107,2.68173,2.96827,1.21684,1.21684,1.35535,1.35535,1.48964,1.0183,1.17148,0.922933,0.661539
2016-03-10,0.0155774,2.3098,1.72472,2.32236,2.06503,1.62497,2.12138,2.31341,1.93226,2.27238,3.49676,2.81534,3.43532,2.7037,2.05911,2.67141,2.98986,2.59226,2.87058,1.04677,1.04677,1.29949,1.29949,1.43327,1.0183,1.08192,0.915177,0.545505
2016-03-11,1.62625,2.3098,1.72472,2.32236,1.88137,1.47906,1.93289,2.10844,1.75998,2.07092,3.28155,2.64206,3.22389,2.67942,2.04062,2.64743,2.95454,2.54968,2.83308,1.17343,1.17343,1.26137,1.26137,1.38075,1.0183,0.9826,0.858852,0.540606
2016-03-14,-0.126176,2.3098,1.72472,2.32236,2.35342,1.85407,2.41736,2.63525,2.20276,2.58869,3.94287,3.17451,3.87359,3.1776,2.42002,3.13965,3.09148,2.69159,2.97151,1.27931,1.27931,1.31573,1.31573,1.516,1.0183,1.23787,1.03193,0.641119
2016-03-15,-0.18386,2.3098,1.72472,2.32236,2.12982,1.67644,2.18788,2.38571,1.99303,2.34344,3.61644,2.9117,3.5529,3.08992,2.35325,3.05302,2.89236,2.51984,2.7806,1.21942,1.21942,1.11694,1.11694,1.41646,1.0183,1.11696,0.946501,0.623429
2016-03-16,0.558472,2.3098,1.72472,2.32236,1.95222,1.53535,2.00561,2.18751,1.82644,2.14864,3.51494,2.82997,3.45318,2.44935,1.8654,2.4201,3.12242,2.71791,3.00106,1.20807,1.20807,1.24282,1.24282,1.51081,1.0183,1.02092,0.919936,0.494187
2016-03-17,0.657359,2.3098,1.72472,2.32236,1.85502,1.45813,1.90585,2.07904,1.73527,2.04203,3.24088,2.60932,3.18393,2.27846,1.73525,2.25125,2.78566,2.40647,2.6719,1.11068,1.11068,1.28325,1.28325,1.28695,1.0183,0.968352,0.848207,0.459706
2016-03-18,0.439596,2.3098,1.72472,2.32236,1.80932,1.42182,1.85895,2.02804,1.69241,1.9919,3.21026,2.58467,3.15385,2.4203,1.84327,2.39139,2.46349,2.10944,2.35727,1.12858,1.12858,1.22223,1.22223,1.10037,1.0183,0.943639,0.840194,0.488325
2016-03-21,0.0985082,2.3098,1.72472,2.32236,1.71194,1.34446,1.759,1.91935,1.60106,1.88509,3.14086,2.52879,3.08567,2.46691,1.87877,2.43745,1.83287,1.54644,1.74694,1.10846,1.10846,1.1865,1.1865,0.742943,1.0183,0.890975,0.822031,0.497729
2016-03-22,-0.0877798,2.3098,1.72472,2.32236,1.59199,1.24917,1.63589,1.78549,1.48856,1.75352,2.86147,2.30385,2.81119,1.9736,1.50307,1.95003,2.03011,1.69821,1.93054,1.04654,1.04654,1.05258,1.05258,0.789756,1.0183,0.82611,0.748908,0.398197
2016-03-23,-0.640647,2.3098,1.72472,2.32236,1.50469,1.17981,1.5463,1.68806,1.40667,1.65777,2.68642,2.16291,2.63921,1.95556,1.48933,1.9322,2.03593,1.70662,1.93714,0.969222,0.969222,1.11374,1.11374,0.798829,1.0183,0.7789,0.703093,0.394557
2016-03-24,-0.0378181,2.3098,1.72472,2.32236,1.60316,1.25804,1.64736,1.79796,1.49904,1.76578,2.81557,2.26689,2.7661,2.0127,1.53285,1.98866,2.3621,1.99761,2.25275,1.05287,1.05287,1.19347,1.19347,0.982841,1.0183,0.832152,0.736895,0.406086
2016-03-28,0.0545103,2.3098,1.72472,2.32236,1.50879,1.18306,1.5505,1.69263,1.41051,1.66226,2.57582,2.07386,2.53056,1.58212,1.20493,1.56323,2.3035,1.95039,2.19757,1.0193,1.0193,1.0868,1.0868,0.953398,1.0183,0.781115,0.674147,0.319212
2016-03-29,0.877803,2.3098,1.72472,2.32236,1.42922,1.11985,1.46883,1.60383,1.33588,1.57498,2.32709,1.87361,2.2862,1.54832,1.17918,1.52983,2.17991,1.83825,2.07741,1.00894,1.00894,1.09854,1.09854,0.883619,1.0183,0.73624,0.60905,0.312392
2016-03-30,0.434091,2.3098,1.72472,2.32236,1.59338,1.25026,1.63731,1.78703,1.48985,1.75504,2.72886,2.19708,2.68091,1.74226,1.32688,1.72145,2.51993,2.13346,2.40399,1.0118,1.0118,1.13287,1.13287,1.05494,1.01194,0.824814,0.714202,0.351522
2016-03-31,-0.204186,2.3098,1.72472,2.32236,1.52406,1.19458,1.56626,1.72683,1.43335,1.6932,2.74817,2.21263,2.69989,1.85902,1.41581,1.83682,2.18088,1.82991,2.07559,1.00701,1.00701,0.930398,0.930398,0.860735,1.01194,0.792,0.719256,0.375081
2016-04-01,0.631094,2.3098,1.72472,2.32236,1.46659,1.14893,1.50728,1.66209,1.37913,1.62966,2.43775,1.9627,2.39491,1.78545,1.35978,1.76413,2.08121,1.72838,1.97536,1.05728,1.05728,0.990095,0.990095,0.775458,0.995741,0.748237,0.638011,0.360237
2016-04-04,-0.321346,2.3098,1.71281,2.32236,1.50167,1.1768,1.54328,1.70161,1.41223,1.66845,2.62384,2.06331,2.57659,1.8813,1.43277,1.85883,2.50286,2.11099,2.3853,1.09786,1.09786,1.00102,1.00102,1.01432,0.987819,0.767011,0.686715,0.379574
2016-04-05,-1.01963,2.3098,1.71281,2.32236,1.47744,1.15755,1.51842,1.67432,1.38937,1.64166,2.50484,1.96973,2.45974,2.11046,1.6073,2.08526,2.1723,1.78887,2.05727,0.97392,0.97392,0.952079,0.952079,0.770451,0.987819,0.754048,0.655571,0.425811
2016-04-06,1.04528,2.3098,1.71281,2.32236,1.79388,1.40893,1.84319,2.03078,1.68789,1.99149,2.81179,2.2111,2.76115,2.26759,1.72697,2.24051,2.86861,2.43645,2.73896,1.05404,1.05404,1.10628,1.10628,1.22831,0.995741,0.938573,0.735905,0.457514
2016-04-07,-1.20481,2.3098,1.71281,2.32236,1.92795,1.51545,1.98079,2.18183,1.81438,2.13972,2.94067,2.31245,2.88772,2.71935,2.07103,2.68688,2.904,2.46607,2.77262,0.996694,0.996694,1.03716,1.03716,1.24468,0.987819,0.995122,0.769636,0.548663
2016-04-08,0.278273,2.3098,1.71281,2.32236,2.20087,1.73226,2.2609,2.48927,2.07185,2.44144,3.08478,2.42578,3.02923,3.0739,2.34105,3.0372,3.1551,2.67057,3.00974,1.01367,1.01367,1.12214,1.12214,1.33624,0.995741,1.15967,0.807353,0.620198
2016-04-11,-0.274355,2.3098,1.71281,2.32236,2.00033,1.57295,2.05508,2.26336,1.88266,2.21974,2.87465,2.26054,2.82289,2.83389,2.15826,2.80005,2.98176,2.50526,2.83881,1.0345,1.0345,0.988671,0.988671,1.20001,0.995741,1.05073,0.752358,0.571772
2016-04-12,0.961576,2.3098,1.71281,2.32236,1.85955,1.46111,1.91059,2.10477,1.74985,2.0641,2.64099,2.07679,2.59343,2.44969,1.86566,2.42044,2.80818,2.36794,2.67611,0.992429,0.992429,1.14912,1.14912,1.14772,0.995741,0.97425,0.691203,0.494256
2016-04-13,0.999005,2.3098,1.71281,2.32236,1.93278,1.51929,1.98575,2.18727,1.81894,2.14506,2.81673,2.21499,2.76601,2.7007,2.05683,2.66845,3.31334,2.80726,3.16152,1.02994,1.02994,1.03017,1.03017,1.41385,0.995741,1.01403,0.737198,0.5449
2016-04-14,0.0172909,2.3098,1.71281,2.32236,2.00397,1.57584,2.05881,2.26746,1.8861,2.22376,2.84666,2.23853,2.7954,2.69522,2.05264,2.66303,3.47199,2.90187,3.30095,1.05643,1.05643,1.02554,1.02554,1.33545,0.995741,1.0527,0.745033,0.543793
2016-04-15,-0.0984746,2.3098,1.71281,2.32236,1.82821,1.43621,1.87842,2.06946,1.72028,2.02945,2.49132,1.9591,2.44646,2.60934,1.98725,2.57819,3.56885,3.02191,3.40477,1.06448,1.06448,0.954915,0.954915,1.50495,0.995741,0.957224,0.652032,0.526467
2016-04-18,0.651972,2.3098,1.71281,2.32236,1.69288,1.3287,1.73953,1.91701,1.59262,1.87984,2.3924,1.88131,2.34932,2.39612,1.82486,2.36751,2.80563,2.34981,2.66888,0.976855,0.976855,0.976864,0.976864,1.10183,0.995741,0.88371,0.626141,0.483446
2016-04-19,0.307971,2.3098,1.71281,2.32236,1.67867,1.31741,1.72494,1.901,1.58699,1.86413,2.35045,1.84833,2.30813,2.25506,1.71743,2.22813,3.04582,2.54028,2.89416,0.952163,0.952163,0.860576,0.860576,1.16744,0.995741,0.875987,0.615164,0.454986
2016-04-20,0.0761277,2.3098,1.71281,2.32236,1.57935,1.23851,1.62301,1.78912,1.48551,1.75432,2.23983,1.76134,2.1995,2.488,1.89483,2.45829,2.60333,2.15749,2.46958,0.89784,0.89784,0.791653,0.791653,0.956147,0.995741,0.822034,0.586213,0.501985
2016-04-21,-0.520755,2.3098,1.71281,2.32236,1.48217,1.16131,1.52328,1.67964,1.39383,1.64689,2.04794,1.61044,2.01106,2.12347,1.61721,2.09812,1.84577,1.49404,1.74025,0.932775,0.932775,0.843142,0.843142,0.584878,0.995741,0.769246,0.535989,0.428437
2016-04-22,0.00478597,2.3098,1.71281,2.32236,1.53159,1.20057,1.574,1.73531,1.44046,1.70151,2.05266,1.61415,2.0157,2.32567,1.7712,2.2979,2.14205,1.77155,2.0309,0.917532,0.917532,0.988895,0.988895,0.785395,0.995741,0.796092,0.537225,0.469232
2016-04-25,-0.181372,2.3098,1.71281,2.32236,1.44602,1.13259,1.48617,1.6389,1.35972,1.6069,1.85779,1.46091,1.82434,2.04069,1.55417,2.01632,1.44702,1.17473,1.36533,0.89655,0.89655,0.9153,0.9153,0.466732,0.995741,0.749604,0.486223,0.411735
2016-04-26,0.187104,2.3098,1.71281,2.32236,1.40138,1.09712,1.44035,1.58861,1.31761,1.55753,1.6326,1.28383,1.6032,2.29291,1.74625,2.26553,1.18836,0.957844,1.11921,0.818715,0.818715,0.894648,0.894648,0.362165,0.995741,0.725355,0.427286,0.462623
2016-04-27,0.164797,2.3098,1.71281,2.32236,1.34562,1.05283,1.38312,1.5258,1.26501,1.49589,1.46675,1.15341,1.44034,1.92111,1.46309,1.89817,1.09304,0.876072,1.02795,0.686673,0.686673,0.80394,0.80394,0.3209,0.995741,0.695065,0.38388,0.387607
2016-04-28,-0.927361,2.3098,1.71281,2.32236,1.28701,1.00212,1.32514,1.46739,1.19285,1.42869,1.20066,0.94416,1.17904,1.93243,1.47172,1.90936,0.805621,0.6318,0.753475,0.688594,0.688594,0.709543,0.709543,0.193127,0.987819,0.653865,0.314238,0.389892
2016-04-29,-0.507599,2.3098,1.71281,2.32236,1.63499,1.27764,1.68282,1.86124,1.51688,1.81266,1.73092,1.36114,1.69975,2.01441,1.53415,1.99035,1.4989,1.24651,1.42318,0.862646,0.862646,0.821389,0.821389,0.565593,0.987819,0.846638,0.453019,0.406431
2016-05-02,0.777962,2.3098,1.71281,2.32236,1.6414,1.28271,1.6894,1.86849,1.52284,1.81969,1.77711,1.39747,1.74511,2.05178,1.56261,2.02728,1.63274,1.35884,1.55057,0.832157,0.832157,0.893317,0.893317,0.621775,0.987819,0.8501,0.465109,0.413972
2016-05-03,-0.871449,2.3098,1.71281,2.32236,1.69202,1.32279,1.74143,1.92578,1.56998,1.87554,2.00897,1.5798,1.9728,2.07149,1.57762,2.04675,1.90101,1.5886,1.80729,0.872517,0.872517,0.944269,0.944269,0.736943,0.987819,0.877467,0.525791,0.417948
2016-05-04,-0.595458,2.3098,1.71281,2.32236,1.85899,1.455,1.91306,2.11477,1.72546,2.05969,2.15396,1.69381,2.11517,2.40116,1.82869,2.37248,2.44217,2.05537,2.32613,0.920239,0.920239,0.979522,0.979522,0.999752,0.987819,0.967741,0.563736,0.484463
2016-05-05,-0.023902,2.3098,1.71281,2.32236,1.84362,1.44283,1.89726,2.09737,1.71115,2.04263,2.27427,1.78842,2.23332,2.22138,1.69178,2.19486,2.846,2.4329,2.72207,0.943185,0.943185,0.972357,0.972357,1.28722,0.987819,0.959432,0.595225,0.448191
2016-05-06,0.316961,2.3098,1.71281,2.32236,1.69184,1.32265,1.74125,1.92558,1.56981,1.87537,2.05498,1.61597,2.01798,2.02797,1.54448,2.00376,2.82315,2.39543,2.69483,1.02509,1.02509,0.942761,0.942761,1.21741,0.974653,0.871939,0.537832,0.409169
2016-05-09,0.075319,2.3098,1.71281,2.32236,1.5855,1.23846,1.63195,1.80523,1.4708,1.75795,1.91555,1.50633,1.88106,1.93858,1.4764,1.91543,2.77748,2.34208,2.64686,0.953717,0.953717,0.861041,0.861041,1.14752,0.974653,0.814776,0.501341,0.391131
2016-05-10,1.24064,2.3098,1.71281,2.32236,1.48139,1.15602,1.52493,1.68738,1.37385,1.64289,1.90899,1.50117,1.87462,1.76396,1.34341,1.7429,2.05814,1.73316,1.96064,0.839015,0.839015,0.903164,0.903164,0.843434,0.974653,0.758805,0.499625,0.355901
2016-05-11,-0.960751,2.3098,1.71281,2.32236,1.85461,1.45153,1.90856,2.10981,1.72138,2.05608,2.30195,1.81018,2.2605,2.09231,1.59348,2.06733,2.4463,2.06087,2.33067,0.867377,0.867377,0.89871,0.89871,0.996792,0.9616,0.958166,0.602469,0.42215
2016-05-12,-0.0169502,2.3098,1.71281,2.32236,2.02091,1.5832,2.07949,2.29803,1.87623,2.2397,2.37213,1.86537,2.32942,2.26127,1.72216,2.23427,2.59082,2.21786,2.47893,0.851095,0.851095,0.999839,0.999839,1.15281,0.962002,1.04836,0.620838,0.456239
2016-05-13,-0.851442,2.3098,1.71281,2.32236,1.83526,1.43621,1.88867,2.08792,1.70336,2.03701,2.35954,1.85547,2.31705,1.85257,1.4109,1.83045,2.37873,2.02193,2.27169,0.828032,0.828032,0.968036,0.968036,1.01563,0.962002,0.948599,0.617541,0.373779
2016-05-16,0.974896,2.3098,1.71281,2.32236,1.94701,1.52469,2.00353,2.2144,1.80742,2.15919,2.41104,1.89597,2.36762,2.22092,1.69143,2.1944,2.47319,2.10345,2.36227,0.925742,0.925742,0.967798,0.967798,1.0698,0.962002,1.00865,0.63102,0.448098
2016-05-17,-0.945584,2.3098,1.71281,2.32236,2.00663,1.5719,2.06481,2.28187,1.86294,2.2233,2.58126,2.02983,2.53478,2.25012,1.71366,2.22325,2.6078,2.22612,2.49329,0.95282,0.95282,0.93697,0.93697,1.14335,0.962002,1.04068,0.675572,0.453989
2016-05-18,0.0205136,2.3098,1.71281,2.32236,2.11819,1.66023,2.17948,2.40425,1.96682,2.34408,2.67316,2.10209,2.62503,2.29704,1.7494,2.26961,2.39309,2.05211,2.29079,0.947717,0.947717,0.951329,0.951329,1.07301,0.962002,1.10063,0.699624,0.463456
2016-05-19,-0.371361,2.3098,1.71281,2.32236,1.91305,1.49781,1.96863,2.11632,1.7758,2.11556,2.51838,1.98038,2.47303,2.26627,1.72596,2.2392,2.48859,2.1239,2.37918,0.950892,0.950892,0.922748,0.922748,1.09424,0.962002,0.990402,0.659114,0.457247
2016-05-20,0.600149,2.3098,1.71281,2.32236,1.8083,1.41487,1.86096,2.04913,1.67826,2.00216,2.48963,1.95777,2.4448,2.04303,1.55595,2.01863,2.33376,2.00086,2.23389,1.00271,1.00271,0.984579,0.984579,1.05086,0.962002,0.934115,0.65159,0.412206
2016-05-23,-0.208767,2.3098,1.71281,2.32236,1.74702,1.36634,1.79796,1.98808,1.62119,1.94928,2.41235,1.897,2.36892,2.10529,1.60336,2.08015,2.43429,2.07628,2.32689,0.998146,0.998146,0.961599,0.961599,1.06286,0.960348,0.900398,0.631365,0.424767
2016-05-24,1.35887,2.3098,1.71281,2.32236,1.63887,1.28071,1.6868,1.86565,1.52049,1.82213,2.27965,1.79265,2.2386,1.91324,1.4571,1.89039,2.30321,1.96901,2.20295,0.975358,0.975358,0.874962,0.874962,1.01553,0.960348,0.84233,0.596634,0.386019
2016-05-25,0.695049,2.2519,1.68008,2.29099,2.03189,1.5919,2.09078,2.09659,1.87567,2.23395,2.63849,2.085,2.6266,2.13636,1.62299,2.09902,2.59559,2.21291,2.48079,0.988928,0.988928,0.849665,0.849665,1.13486,0.95392,1.05335,0.706196,0.431038
2016-05-26,-0.0210446,2.2519,1.68008,2.29099,1.9219,1.51286,1.97293,2.01426,1.79824,2.13793,2.46159,1.94521,2.4505,2.13639,1.62301,2.09905,2.3541,2.01099,2.25117,0.931026,0.931026,0.911327,0.911327,1.02072,0.95392,1.00628,0.658848,0.431044
2016-05-27,0.427771,2.2519,1.68008,2.29099,1.75572,1.38059,1.80252,1.84043,1.64231,1.95365,2.26316,1.7884,2.25296,1.97208,1.49819,1.93761,2.06141,1.74683,1.96704,0.895854,0.895854,0.844101,0.844101,0.862213,0.95392,0.915802,0.605736,0.397892
2016-05-31,-0.100577,2.2519,1.68008,2.29099,1.65648,1.30159,1.70075,1.73661,1.54919,1.84622,2.15762,1.705,2.1479,2.16248,1.64283,2.12468,2.07704,1.75777,1.98126,0.845884,0.845884,0.793362,0.793362,0.850769,0.95392,0.862075,0.57749,0.436307
2016-06-01,0.113439,2.2519,1.68008,2.29099,1.55046,1.2172,1.59203,1.62571,1.44971,1.72812,2.01902,1.59548,2.00992,2.02091,1.53528,1.98558,1.88581,1.57021,1.79113,0.829339,0.829339,0.786532,0.786532,0.710638,0.95392,0.804471,0.540393,0.407743
2016-06-02,0.282068,2.2519,1.68008,2.29099,1.45534,1.14148,1.49448,1.5262,1.36045,1.62253,1.99265,1.57464,1.98367,1.88696,1.43352,1.85398,1.77975,1.48331,1.69082,0.773994,0.773994,0.889495,0.889495,0.669868,0.95392,0.75279,0.533335,0.380718
2016-06-03,-0.291605,2.2519,1.68008,2.29099,1.39522,1.09363,1.43284,1.46331,1.30404,1.55742,1.92496,1.52114,1.91628,1.94027,1.47402,1.90636,1.42293,1.17725,1.34923,0.772737,0.772737,0.88983,0.88983,0.508229,0.948289,0.708525,0.515217,0.391474
2016-06-06,0.488531,2.2519,1.68008,2.29099,1.38724,1.08728,1.42466,1.45497,1.29656,1.5495,1.83721,1.45181,1.82893,1.85021,1.4056,1.81787,1.58801,1.30785,1.50396,0.736022,0.736022,0.80123,0.80123,0.555383,0.948289,0.704253,0.491732,0.373303
2016-06-07,0.128863,2.2519,1.68008,2.29099,1.39033,1.08974,1.42783,1.4582,1.29946,1.55285,1.92397,1.52036,1.91529,1.89332,1.43835,1.86022,1.47505,1.21838,1.39805,0.805328,0.805328,0.85274,0.85274,0.527479,0.948289,0.705907,0.514951,0.382
2016-06-08,0.330409,2.2519,1.68008,2.29099,1.33064,1.04223,1.36661,1.39576,1.24345,1.4877,1.76894,1.39786,1.76097,1.65321,1.25594,1.6243,1.51704,1.24466,1.43533,0.754844,0.754844,0.767614,0.767614,0.523906,0.948289,0.673944,0.47346,0.333554
2016-06-09,-0.171922,2.2519,1.68008,2.29099,1.30826,1.02441,1.34367,1.37235,1.22245,1.46398,1.73233,1.36892,1.72452,1.77421,1.34786,1.74319,1.37175,1.13104,1.29953,0.79923,0.79923,0.758515,0.758515,0.481761,0.948289,0.661962,0.463659,0.357968
2016-06-10,-0.921753,2.2519,1.68008,2.29099,1.29294,1.01222,1.32795,1.35632,1.20807,1.44316,1.66552,1.31613,1.65801,1.7328,1.3164,1.70251,1.31673,1.08066,1.24591,0.782041,0.782041,0.749803,0.749803,0.448629,0.948289,0.653756,0.445777,0.349613
2016-06-13,-0.814829,2.2519,1.68008,2.29099,1.62105,1.27339,1.66442,1.69955,1.51595,1.80846,1.99289,1.57483,1.98391,1.99902,1.51865,1.96407,1.91328,1.59905,1.81901,0.877332,0.877332,0.8849,0.8849,0.742986,0.948289,0.842826,0.533399,0.403326
2016-06-14,-0.180051,2.2519,1.68008,2.29099,1.76896,1.39113,1.81609,1.8541,1.65474,1.96544,2.17292,1.71709,2.16312,2.10347,1.598,2.0667,2.07791,1.75805,1.98195,0.892538,0.892538,0.927096,0.927096,0.872186,0.948289,0.923188,0.581583,0.424401
2016-06-15,-0.184242,2.18484,1.67123,2.2681,1.65116,1.29736,1.69529,1.71965,1.51723,1.822,1.96532,1.55304,1.95646,2.0059,1.52388,1.97083,1.7391,1.45812,1.65481,0.821916,0.821916,0.856849,0.856849,0.694107,0.945859,0.845574,0.526021,0.404714
2016-06-16,0.31281,2.18484,1.67123,2.2681,1.55898,1.22398,1.60076,1.62383,1.43216,1.72073,1.74639,1.38004,1.73852,1.96576,1.49339,1.9314,1.6957,1.42505,1.61451,0.785489,0.785489,0.862843,0.862843,0.689757,0.945859,0.796212,0.467424,0.396617
2016-06-17,-0.326327,2.18484,1.67123,2.2681,1.48046,1.16149,1.52025,1.54221,1.35971,1.63449,1.83382,1.44913,1.82556,1.74859,1.3284,1.71802,1.782,1.49293,1.69528,0.807639,0.807639,0.841814,0.841814,0.704853,0.94559,0.752183,0.490825,0.3528
2016-06-20,0.579137,2.18484,1.67123,2.2681,1.46108,1.14605,1.50037,1.52206,1.34182,1.61319,1.82596,1.44292,1.81773,1.83154,1.39142,1.79952,1.76523,1.48424,1.68093,0.780314,0.780314,0.850003,0.850003,0.717283,0.94559,0.741826,0.48872,0.369535
2016-06-21,0.270839,2.18484,1.67123,2.2681,1.47459,1.15681,1.51423,1.53611,1.35429,1.62803,1.93202,1.52673,1.92332,1.87812,1.4268,1.84529,1.67507,1.40533,1.59415,0.781893,0.781893,0.83941,0.83941,0.673394,0.94559,0.749045,0.517108,0.378934
2016-06-22,-0.16529,2.18484,1.67123,2.2681,1.40851,1.10421,1.44647,1.46742,1.29332,1.55544,1.79444,1.41801,1.78636,1.86558,1.41728,1.83297,1.63376,1.37514,1.55618,0.730226,0.730226,0.789209,0.789209,0.659352,0.94559,0.713745,0.480285,0.376404
2016-06-23,1.32756,2.18484,1.67123,2.2681,1.36755,1.07161,1.40447,1.42484,1.25552,1.51045,1.70234,1.34523,1.69467,1.89858,1.44234,1.86539,1.5871,1.31222,1.50463,0.78611,0.78611,0.760706,0.760706,0.578552,0.94559,0.693711,0.455633,0.383061
2016-06-24,-3.65808,2.18484,1.67123,2.2681,1.85295,1.45872,1.90199,1.93716,1.70928,2.0515,2.20621,1.74339,2.19626,2.10812,1.60154,2.07127,1.86444,1.55532,1.7717,0.801275,0.801275,0.827862,0.827862,0.711657,0.94559,0.95466,0.590493,0.42534
2016-06-27,-1.82622,2.3098,1.68008,2.34726,4.33936,3.43827,4.45146,4.54136,4.03211,4.97063,6.35482,4.8798,6.24803,4.94195,3.64173,4.8844,7.56153,6.33583,7.19382,1.07199,1.07199,1.26262,1.26262,3.09393,0.945859,2.28612,1.62411,0.964777
2016-06-28,1.76142,2.3098,1.71281,2.35188,4.25219,3.36886,4.36207,4.4502,3.95099,4.871,5.35105,4.10901,5.26113,4.65353,3.42918,4.59933,5.68695,4.82418,5.42812,1.0249,1.0249,1.20243,1.20243,2.48038,0.948289,2.23943,1.36757,0.908469
2016-06-29,1.68892,2.3098,1.71281,2.35188,4.07488,3.2277,4.18027,4.2648,3.78601,4.66837,5.47997,4.20801,5.38788,5.73108,4.22323,5.66433,5.86153,4.92619,5.58093,0.968096,0.968096,1.03748,1.03748,2.37562,0.946406,2.14449,1.40052,1.11883
2016-06-30,1.34739,2.3098,1.71281,2.35188,3.90728,3.09426,4.00841,4.08953,3.63006,4.47684,5.34465,4.1041,5.25483,5.98725,4.412,5.91752,5.18683,4.34,4.93278,0.97444,0.97444,1.03996,1.03996,2.01816,0.946406,2.05474,1.36594,1.16884
2016-07-01,0.194673,2.3098,1.71281,2.35188,3.62968,2.87325,3.72377,3.79925,3.37175,4.15959,4.3815,3.36451,4.30787,4.95315,3.64998,4.89546,4.22833,3.56018,4.02788,0.94033,0.94033,0.994292,0.994292,1.67313,0.946406,1.90608,1.11978,0.966963
2016-07-05,-0.687108,2.3098,1.71281,2.35188,3.1376,2.48149,3.21922,3.28468,2.91388,3.59724,3.19771,2.45548,3.14397,3.3693,2.48283,3.33005,3.52296,2.94657,3.35004,0.84919,0.84919,0.870808,0.870808,1.3415,0.946406,1.64258,0.81724,0.65776
2016-07-06,0.533872,2.3098,1.71281,2.35188,2.84807,2.25098,2.92235,2.98192,2.64448,3.26636,3.15287,2.42106,3.09989,3.43936,2.53447,3.39931,3.31854,2.77816,3.15643,0.831736,0.831736,0.897043,0.897043,1.27194,0.946406,1.48754,0.805782,0.671438
2016-07-07,-0.0871968,2.3098,1.71281,2.35188,2.53522,2.00191,2.60156,2.65477,2.35337,2.90883,2.97319,2.28308,2.92322,3.0473,2.24555,3.01181,2.57308,2.17302,2.45306,0.749081,0.749081,0.956531,0.956531,1.03082,0.946406,1.32001,0.75986,0.594899
2016-07-08,1.51382,2.3098,1.71281,2.35188,2.23983,1.76673,2.29868,2.34588,2.07851,2.57125,2.39766,1.84114,2.35737,2.53598,1.86876,2.50644,2.63247,2.20667,2.50473,0.784927,0.784927,0.902516,0.902516,1.01712,0.946406,1.16183,0.612773,0.495077
2016-07-11,0.340281,2.3098,1.71281,2.35188,2.51017,1.98196,2.57587,2.62858,2.33006,2.8802,3.26158,2.50454,3.20677,3.37572,2.48757,3.3364,2.52883,2.14181,2.41273,0.726144,0.726144,0.973649,0.973649,1.05329,0.946406,1.3066,0.833566,0.659013
2016-07-12,0.698485,2.3098,1.71281,2.35188,2.22943,1.75845,2.28801,2.33501,2.06884,2.55937,2.74142,2.10511,2.69535,2.77456,2.04457,2.74225,2.2505,1.86178,2.13388,0.797538,0.797538,0.835285,0.835285,0.81429,0.946406,1.15626,0.700626,0.541654
2016-07-13,0.0134741,2.3098,1.71281,2.35188,2.09047,1.64782,2.14553,2.1897,1.93953,2.40056,2.71114,2.08185,2.66558,2.73534,2.01567,2.70348,2.02601,1.70095,1.92849,0.756841,0.756841,0.873862,0.873862,0.800909,0.946406,1.07964,0.692888,0.533997
2016-07-14,0.524544,2.3098,1.71281,2.35188,1.8744,1.4758,1.92399,1.96376,1.73849,2.15364,2.39752,1.84103,2.35723,2.43538,1.79463,2.40702,1.80132,1.49258,1.7087,0.762403,0.762403,0.793017,0.793017,0.663282,0.94559,0.964155,0.612737,0.475439
2016-07-15,-0.0929375,2.3098,1.71281,2.35188,1.76475,1.3885,1.81155,1.84909,1.63645,2.02832,2.41372,1.85347,2.37316,2.50884,1.84876,2.47962,1.77746,1.48433,1.68952,0.80116,0.80116,0.727138,0.727138,0.674993,0.94559,0.905547,0.616876,0.48978
2016-07-18,0.237946,2.3098,1.71281,2.35188,1.62505,1.27728,1.66831,1.70301,1.50647,1.86868,2.18044,1.67434,2.1438,2.34287,1.72646,2.31558,1.64257,1.34634,1.5537,0.714377,0.714377,0.760693,0.760693,0.568955,0.94559,0.830883,0.557258,0.457378
2016-07-19,-0.143622,2.3098,1.71281,2.35188,1.51476,1.18947,1.55522,1.58768,1.40384,1.74264,1.99796,1.53421,1.96439,2.39757,1.76677,2.36965,1.46373,1.21126,1.38799,0.676482,0.676482,0.772083,0.772083,0.537044,0.94559,0.771935,0.510621,0.468058
2016-07-20,0.426121,2.3098,1.71281,2.35188,1.44025,1.13016,1.47883,1.50977,1.33452,1.65749,1.62422,1.24722,1.59692,2.12349,1.5648,2.09876,1.28486,1.04332,1.2124,0.609025,0.609025,0.753473,0.753473,0.414557,0.94559,0.732114,0.415103,0.414551
2016-07-21,-0.361907,2.3098,1.71281,2.35188,1.41152,1.10728,1.44936,1.47972,1.30778,1.62465,1.73117,1.32934,1.70207,2.20285,1.62328,2.1772,1.35628,1.10699,1.28149,0.573119,0.573119,0.679124,0.679124,0.453638,0.94559,0.716756,0.442435,0.430044
2016-07-22,0.454362,2.3098,1.71281,2.35188,1.42084,1.1147,1.45893,1.48947,1.31646,1.63531,1.68925,1.29716,1.66087,2.20336,1.62365,2.17769,1.86231,1.52956,1.76249,0.595515,0.595515,0.739499,0.739499,0.646884,0.94559,0.721741,0.431724,0.430143
2016-07-25,-0.3016,2.3098,1.71281,2.35188,1.41471,1.09466,1.46113,1.46593,1.29662,1.59445,1.72111,1.32162,1.69218,2.28079,1.68072,2.25423,1.56422,1.28866,1.48155,0.616036,0.616036,0.724949,0.724949,0.556545,0.94559,0.701291,0.439865,0.44526
2016-07-26,0.0322709,2.3098,1.71281,2.35188,1.41376,1.09391,1.46014,1.46495,1.29575,1.59338,1.67901,1.28929,1.65079,2.09225,1.54178,2.06788,1.3771,1.13246,1.30371,0.62924,0.62924,0.75843,0.75843,0.485145,0.94559,0.700791,0.429105,0.408452
2016-07-27,-0.119924,2.3098,1.71281,2.35188,1.34434,1.0393,1.38858,1.39316,1.23179,1.51565,1.44538,1.10989,1.42109,2.00235,1.47553,1.97903,1.35235,1.11973,1.28257,0.560128,0.560128,0.735213,0.735213,0.502225,0.94559,0.664382,0.369397,0.390902
2016-07-28,0.160493,2.3098,1.71281,2.35188,1.31399,1.01543,1.35729,1.36177,1.20383,1.48166,1.23663,0.949594,1.21585,2.05825,1.51672,2.03428,1.24719,1.02541,1.18066,0.583418,0.583418,0.717224,0.717224,0.438802,0.94559,0.648463,0.316046,0.401814
2016-07-29,0.162996,2.3098,1.71281,2.35188,1.27441,0.984285,1.31648,1.32084,1.16736,1.43733,1.08671,0.834474,1.06845,1.99334,1.46889,1.97013,1.21748,1.0091,1.15497,0.572773,0.572773,0.741728,0.741728,0.455868,0.94559,0.6277,0.277732,0.389144
2016-08-01,-0.127059,2.3098,1.71281,2.35188,1.2467,0.962487,1.28791,1.29218,1.14183,1.40631,1.09234,0.838793,1.07398,1.65343,1.21841,1.63417,1.29084,1.06758,1.22386,0.560531,0.560531,0.659808,0.659808,0.473334,0.94559,0.613167,0.279169,0.322786
2016-08-02,-0.638196,2.3098,1.71281,2.35188,1.24762,0.963212,1.28886,1.29314,1.14268,1.40734,1.66188,1.27614,1.63396,1.28649,0.948011,1.2715,1.50212,1.26137,1.42989,0.538807,0.538807,0.687182,0.687182,0.607395,0.94559,0.61365,0.424729,0.25115
2016-08-03,0.312904,2.3098,1.71281,2.35188,1.47467,1.14183,1.52294,1.52794,1.35186,1.66159,1.91236,1.46848,1.88022,1.9828,1.46113,1.95971,1.9383,1.63557,1.84748,0.620459,0.620459,0.835541,0.835541,0.801178,0.94559,0.7343,0.488744,0.387086
2016-08-04,0.0212567,2.3098,1.71281,2.35188,1.41096,1.09171,1.45725,1.46205,1.29316,1.59024,1.94987,1.49728,1.9171,1.57264,1.15888,1.55433,1.80811,1.53363,1.72576,0.62775,0.62775,0.773367,0.773367,0.765511,0.94559,0.700817,0.49833,0.307014
2016-08-05,0.856669,2.3098,1.71281,2.35188,1.34294,1.0382,1.38714,1.39171,1.2305,1.51408,1.6911,1.29858,1.66268,1.81115,1.33464,1.79006,1.93749,1.63538,1.84686,0.623297,0.623297,0.695863,0.695863,0.809397,0.94559,0.665076,0.432195,0.353576
2016-08-08,-0.0907566,2.3098,1.71281,2.35188,1.56121,1.20991,1.61215,1.61743,1.43159,1.75849,1.90534,1.46309,1.87332,2.09344,1.54265,2.06906,2.06088,1.75213,1.96825,0.656252,0.656252,0.66947,0.66947,0.895567,0.94559,0.779775,0.486948,0.408685
2016-08-09,0.0389719,2.3098,1.71281,2.35188,1.46438,1.13373,1.51233,1.5173,1.34238,1.65006,1.88077,1.44423,1.84917,1.80659,1.33128,1.78555,2.22066,1.8659,2.11424,0.646633,0.646633,0.713569,0.713569,0.888254,0.94559,0.728891,0.480671,0.352686
2016-08-10,-0.28688,2.3098,1.71281,2.35188,1.38067,1.06788,1.42603,1.43073,1.26526,1.55633,1.59878,1.22768,1.57191,1.91379,1.41027,1.8915,2.23825,1.87708,2.1299,0.631558,0.631558,0.697231,0.697231,0.881793,0.94559,0.684903,0.408601,0.373614
2016-08-11,0.472339,2.3098,1.71281,2.35188,1.38523,1.07147,1.43073,1.43544,1.26946,1.56143,1.74946,1.34339,1.72006,1.78161,1.31287,1.76086,2.30154,1.9122,2.18474,0.64187,0.64187,0.689352,0.689352,0.858756,0.94559,0.687297,0.44711,0.347808
2016-08-12,-0.0796368,2.3098,1.71281,2.35188,1.39333,1.07784,1.43908,1.44382,1.27692,1.5705,1.7252,1.32476,1.6962,1.71204,1.2616,1.6921,1.93516,1.61226,1.83829,0.624082,0.624082,0.632588,0.632588,0.739982,0.94559,0.690075,0.44091,0.334228
2016-08-15,0.278904,2.3098,1.71281,2.35188,1.34142,1.037,1.38557,1.39014,1.2291,1.51238,1.69824,1.30406,1.6697,1.40244,1.03346,1.38611,2.04165,1.68234,1.93386,0.665686,0.665686,0.616186,0.616186,0.719433,0.94559,0.66285,0.434021,0.273786
2016-08-16,-0.549414,2.3098,1.71281,2.35188,1.30953,1.01192,1.35269,1.35716,1.19972,1.47666,1.7123,1.31485,1.68352,1.70746,1.25823,1.68758,1.89913,1.55859,1.79697,0.663108,0.663108,0.637183,0.637183,0.65271,0.94559,0.646122,0.437613,0.333334
2016-08-17,0.186686,2.3098,1.71281,2.35188,1.45889,1.12942,1.50667,1.51162,1.33732,1.64392,2.33828,1.79554,2.29898,1.7254,1.27145,1.7053,1.896,1.56522,1.79676,0.732296,0.732296,0.662811,0.662811,0.676114,0.94559,0.724462,0.597595,0.336835
2016-08-18,0.219718,2.3098,1.71281,2.35188,1.38044,1.0677,1.42579,1.43049,1.26505,1.55607,2.08915,1.60424,2.05404,1.69811,1.25134,1.67834,1.79351,1.48065,1.69965,0.723185,0.723185,0.617411,0.617411,0.644709,0.94559,0.683314,0.533926,0.331509
2016-08-19,-0.144131,2.3098,1.71281,2.35188,1.32773,1.02623,1.37145,1.37598,1.21648,1.49704,1.94065,1.4902,1.90803,1.4819,1.09201,1.46464,1.76772,1.45479,1.67384,0.701623,0.701623,0.572365,0.572365,0.617306,0.94559,0.649993,0.495973,0.289298
2016-08-22,-0.0563471,2.3098,1.71281,2.35188,1.27822,0.988336,1.32006,1.32807,1.16498,1.44917,1.44164,1.10702,1.41742,1.56812,1.15555,1.54986,1.59067,1.31645,1.5084,0.734334,0.734334,0.655007,0.655007,0.583463,0.94559,0.635207,0.368442,0.306132
2016-08-23,0.194986,2.3098,1.71281,2.35188,1.24625,0.963181,1.28711,1.29493,1.13568,1.41319,1.16437,0.894111,1.14481,1.27776,0.941582,1.26288,1.46337,1.19972,1.38428,0.734564,0.734564,0.639991,0.639991,0.500742,0.94559,0.618346,0.29758,0.249447
2016-08-24,-0.525407,2.3098,1.71281,2.35188,1.21989,0.942435,1.25994,1.26761,1.11151,1.38351,1.02248,0.785153,1.0053,1.09969,0.810359,1.08688,1.22868,1.004,1.16128,0.69418,0.69418,0.621578,0.621578,0.412332,0.94559,0.60444,0.261316,0.214683
2016-08-25,-0.136613,2.3098,1.71281,2.35188,1.37816,1.06699,1.42307,1.43167,1.25661,1.56166,1.53949,1.18216,1.51362,1.20022,0.884443,1.18624,1.59708,1.32021,1.51402,0.797502,0.797502,0.661663,0.661663,0.580256,0.94559,0.687928,0.393448,0.234309
2016-08-26,-0.15801,2.3098,1.71281,2.35188,1.33251,1.03106,1.37602,1.38434,1.21475,1.51027,1.57483,1.2093,1.54837,0.993763,0.732303,0.982188,1.58116,1.30087,1.49707,0.720293,0.720293,0.712747,0.712747,0.56025,0.94559,0.663845,0.402481,0.194004
2016-08-29,0.521445,2.3098,1.71281,2.35188,1.30446,1.00899,1.34711,1.35527,1.18904,1.47871,1.28443,0.986299,1.26284,1.20956,0.891323,1.19547,1.3909,1.13564,1.31432,0.676073,0.676073,0.703222,0.703222,0.469197,0.94559,0.649052,0.328262,0.236132
2016-08-30,-0.195561,2.3098,1.71281,2.35188,1.34987,1.04473,1.39392,1.40237,1.23068,1.52982,1.56189,1.19936,1.53564,1.51919,1.11949,1.5015,1.57669,1.29664,1.49267,0.70091,0.70091,0.648998,0.648998,0.555938,0.94559,0.673006,0.399174,0.296579
2016-08-31,-0.237866,2.3098,1.71281,2.35188,1.32634,1.0262,1.36966,1.37796,1.2091,1.50333,1.58558,1.21755,1.55894,1.15556,0.851533,1.1421,1.38459,1.13689,1.31028,0.717284,0.717284,0.677241,0.677241,0.484205,0.94559,0.660589,0.405229,0.225591
2016-09-01,-0.00414113,2.3098,1.71281,2.35188,1.32193,1.02274,1.36512,1.37339,1.20506,1.49837,1.28181,0.984291,1.26027,1.02946,0.75861,1.01747,1.44738,1.17797,1.36656,0.718208,0.718208,0.684762,0.684762,0.482469,0.94559,0.658267,0.327594,0.200973
2016-09-02,0.419225,2.3098,1.71281,2.35188,1.27184,0.983313,1.31348,1.32145,1.15913,1.44198,1.14228,0.877143,1.12308,1.35666,0.99972,1.34086,1.36534,1.11079,1.28898,0.654783,0.654783,0.689681,0.689681,0.44705,0.94559,0.63184,0.291933,0.264849
2016-09-06,0.297724,2.3098,1.71281,2.35188,1.28908,0.996882,1.33125,1.3393,1.17494,1.46139,1.24634,0.957049,1.22539,1.37504,1.01327,1.35902,1.4089,1.15234,1.33193,0.624799,0.624799,0.61027,0.61027,0.474692,0.94559,0.640935,0.318527,0.268438
2016-09-07,-0.014641,2.3098,1.71281,2.35188,1.26768,0.980041,1.30919,1.3172,1.15532,1.4373,1.1187,0.859035,1.0999,1.03045,0.759338,1.01845,1.39624,1.13409,1.31759,0.601085,0.601085,0.592276,0.592276,0.447182,0.94559,0.629647,0.285906,0.201166
2016-09-08,-0.222551,2.3098,1.71281,2.35188,1.23362,0.953235,1.27409,1.28185,1.12409,1.39896,0.950656,0.729999,0.93468,1.22056,0.899431,1.20634,1.00642,0.816149,0.949335,0.546767,0.546767,0.620601,0.620601,0.320138,0.94559,0.611679,0.24296,0.23828
2016-09-09,-2.48277,2.3098,1.71281,2.35188,1.25257,0.968149,1.29362,1.30146,1.14147,1.42029,0.962393,0.739012,0.946221,1.28781,0.948989,1.27281,0.970858,0.797622,0.918887,0.532027,0.532027,0.640538,0.640538,0.332182,0.94559,0.621676,0.24596,0.251409
2016-09-12,1.45703,2.32416,1.79651,2.37936,3.18015,2.48514,3.28046,3.44352,2.92661,3.72042,4.22215,3.30602,4.43606,2.39404,1.70993,2.39512,3.54844,2.9587,3.37151,0.930271,0.930271,1.09512,1.09512,1.33812,0.946406,1.64052,1.07468,0.451374
2016-09-13,-1.49417,2.32416,1.79651,2.37936,3.15305,2.46382,3.25254,3.41424,2.90162,3.68883,4.26166,3.33695,4.47757,3.11108,2.22208,3.11249,3.40087,2.86407,3.23983,0.795862,0.795862,0.837871,0.837871,1.34838,0.946406,1.62621,1.08474,0.586567
2016-09-14,-0.0587849,2.32416,1.79651,2.37936,3.25795,2.54637,3.36066,3.5276,2.99837,3.81108,4.32527,3.38676,4.5444,3.85823,2.75573,3.85997,3.13788,2.64441,2.98984,0.860462,0.860462,0.96534,0.96534,1.25486,0.95392,1.68161,1.10093,0.727434
2016-09-15,1.00585,2.32416,1.79651,2.37936,2.79607,2.18288,2.88458,3.02844,2.57238,3.2727,2.31123,1.80974,2.42833,2.48816,1.77717,2.48929,3.06528,2.59293,2.92357,0.816184,0.816184,0.87428,0.87428,1.2452,0.95392,1.43768,0.588288,0.469121
2016-09-16,-0.377943,2.32416,1.79651,2.37936,2.63894,2.05921,2.72261,2.85862,2.42745,3.08953,2.79565,2.18905,2.93729,2.89211,2.06568,2.89342,2.80823,2.35582,2.67251,0.787872,0.787872,0.839139,0.839139,1.09997,0.95392,1.35469,0.71159,0.545282
2016-09-19,-0.00186056,2.32416,1.79651,2.37936,2.35041,1.83214,2.42521,2.5468,2.16134,2.75326,2.12471,1.66368,2.23235,2.43441,1.73877,2.43551,2.53907,2.12632,2.41524,0.8009,0.8009,0.888163,0.888163,0.982456,0.946406,1.2008,0.540811,0.458985
2016-09-20,0.0299097,2.32416,1.79651,2.37936,2.07019,1.60473,2.14086,2.18325,1.88002,2.40844,1.802,1.411,1.8933,2.07762,1.48393,2.07856,2.33894,1.94959,2.22213,0.753315,0.753315,0.828384,0.828384,0.881417,0.946406,1.04062,0.458671,0.391716
2016-09-21,1.0858,2.32416,1.79651,2.37936,1.83018,1.41665,1.89296,1.93061,1.66122,2.1307,1.56152,1.22269,1.64063,1.91713,1.36931,1.918,1.99509,1.6572,1.89372,0.748446,0.748446,0.811129,0.811129,0.741941,0.946406,0.91547,0.397459,0.361458
2016-09-22,0.647875,2.32416,1.79651,2.37936,2.0286,1.57213,2.09789,2.13946,1.8421,2.36027,2.03044,1.58987,2.13331,2.25764,1.61252,2.25867,2.64225,2.17053,2.50073,0.820106,0.820106,0.762987,0.762987,0.908757,0.946406,1.01893,0.516816,0.425658
2016-09-23,-0.57533,2.32416,1.79651,2.37936,1.91798,1.48545,1.98365,2.02304,1.74126,2.23217,2.05344,1.60788,2.15748,2.19489,1.56769,2.19588,2.37599,1.93882,2.24484,0.763275,0.763275,0.772017,0.772017,0.788117,0.946406,0.961253,0.522672,0.413826
2016-09-26,-0.862483,2.32416,1.79651,2.37936,1.87904,1.45494,1.94343,1.98205,1.70576,2.18695,2.07619,1.62569,2.18137,2.39667,1.71181,2.39775,2.57691,2.09808,2.43326,0.767579,0.767579,0.752246,0.752246,0.752889,0.946406,0.940948,0.528461,0.45187
2016-09-27,0.642348,2.32416,1.79651,2.37936,2.01824,1.56402,2.0872,2.12856,1.83266,2.34781,2.3241,1.81981,2.44185,2.22906,1.5921,2.23007,2.72935,2.21105,2.57386,0.741001,0.741001,0.82822,0.82822,0.835522,0.946406,1.01353,0.591564,0.420268
2016-09-28,0.528258,2.32416,1.79651,2.37936,1.90814,1.47774,1.97348,2.01268,1.73229,2.2203,2.20417,1.7259,2.31584,2.37828,1.69868,2.37936,2.32492,1.88897,2.19413,0.721874,0.721874,0.724981,0.724981,0.752657,0.946406,0.95612,0.561037,0.448404
2016-09-29,-0.936511,2.32416,1.79651,2.37936,1.78371,1.38023,1.84496,1.88171,1.61886,2.07592,2.15674,1.68877,2.26601,2.1585,1.54171,2.15948,2.12838,1.72525,2.00744,0.691212,0.691212,0.732274,0.732274,0.666818,0.946406,0.891243,0.548965,0.406966
2016-09-30,0.793638,2.32416,1.79651,2.37936,2.00871,1.55655,2.07735,2.11853,1.82397,2.33568,2.41781,1.89319,2.5403,2.67159,1.90817,2.6728,2.29411,1.85401,2.16208,0.728016,0.728016,0.860049,0.860049,0.709071,0.946406,1.00856,0.615415,0.503704
2016-10-03,-0.326599,2.32416,1.79651,2.37936,1.97103,1.52702,2.03844,2.07887,1.78962,2.29294,2.51829,1.97186,2.64587,2.35108,1.67926,2.35215,2.05942,1.67236,1.9433,0.689858,0.689858,0.838386,0.838386,0.66132,0.94559,0.988913,0.640991,0.443276
2016-10-04,-0.49679,2.32416,1.79651,2.37936,1.81728,1.40654,1.87963,1.91704,1.64946,2.11478,2.16263,1.69338,2.2722,2.26455,1.61745,2.26557,1.87746,1.52926,1.773,0.627064,0.627064,0.848397,0.848397,0.614841,0.94559,0.908746,0.550464,0.42696
2016-10-05,0.428749,2.32416,1.79651,2.37936,1.77065,1.37,1.83148,1.86796,1.60696,2.05904,2.11347,1.65488,2.22054,2.19636,1.56874,2.19736,1.92918,1.58678,1.82646,0.684893,0.684893,0.808978,0.808978,0.672851,0.94559,0.884434,0.53795,0.414104
2016-10-06,0.0481426,2.32416,1.79651,2.37936,1.64998,1.27544,1.70684,1.74095,1.49695,1.91781,2.05278,1.60737,2.15679,2.42053,1.72886,2.42163,1.86123,1.53325,1.76283,0.661238,0.661238,0.798093,0.798093,0.652215,0.94559,0.821516,0.522504,0.45637
2016-10-07,-0.325877,2.32416,1.79651,2.37936,1.50712,1.16349,1.55929,1.59058,1.36672,1.75237,1.65659,1.29714,1.74052,1.88994,1.34989,1.8908,1.48124,1.22875,1.40549,0.593225,0.593225,0.762764,0.762764,0.540171,0.94559,0.747029,0.421661,0.356331
2016-10-10,0.459532,2.32416,1.79651,2.37936,1.47936,1.14173,1.53061,1.56136,1.34141,1.72206,1.65068,1.29251,1.73431,1.79233,1.28017,1.79314,1.38109,1.14607,1.31058,0.610998,0.610998,0.818374,0.818374,0.504893,0.94559,0.732551,0.420154,0.337928
2016-10-11,-1.25246,2.32416,1.79651,2.37936,1.44923,1.11812,1.49949,1.52965,1.31376,1.68265,1.76823,1.38456,1.85782,1.82903,1.30638,1.82986,1.28018,1.06485,1.21558,0.600396,0.600396,0.814686,0.814686,0.476277,0.94559,0.716843,0.450076,0.344846
2016-10-12,0.114591,2.32416,1.79651,2.37936,2.07945,1.61198,2.15041,2.19299,1.87656,2.4085,2.33568,1.82888,2.45402,2.42813,1.73428,2.42923,1.84409,1.52272,1.74768,0.727191,0.727191,0.952252,0.952252,0.659839,0.946406,1.04717,0.594512,0.457801
2016-10-13,-0.310408,2.32416,1.79651,2.37936,1.83682,1.42185,1.89981,1.9376,1.65671,2.1301,1.93795,1.51745,2.03614,2.1809,1.55211,2.18002,1.59307,1.33529,1.51574,0.70479,0.70479,0.895696,0.895696,0.62915,0.94559,0.920461,0.493276,0.411188
2016-10-14,0.0201616,2.32416,1.79651,2.37936,1.71234,1.3243,1.77124,1.80658,1.54392,1.98617,1.97122,1.5435,2.07109,2.18242,1.55319,2.18154,1.73101,1.4302,1.64077,0.689181,0.689181,0.878482,0.878482,0.62389,0.94559,0.854027,0.501743,0.411475
2016-10-17,-0.304263,2.32416,1.79651,2.37936,1.55545,1.20136,1.6092,1.64145,1.40176,1.80687,1.7647,1.38179,1.8541,1.99052,1.41662,1.98972,1.62365,1.33785,1.53791,0.660848,0.660848,0.844204,0.844204,0.585547,0.942692,0.772225,0.449177,0.375295
2016-10-18,0.614151,2.32416,1.79651,2.37936,1.49968,1.15853,1.55119,1.5868,1.3551,1.74739,1.79695,1.40705,1.88799,1.7511,1.24623,1.7504,1.51493,1.24625,1.43433,0.671331,0.671331,0.873447,0.873447,0.537877,0.942692,0.745272,0.457386,0.330154
2016-10-19,0.218955,2.32416,1.79651,2.37936,1.52802,1.18074,1.58045,1.61671,1.38084,1.77912,1.86905,1.4635,1.96375,2.09567,1.49145,2.09483,1.49416,1.22699,1.41401,0.655625,0.655625,0.849876,0.849876,0.519157,0.942692,0.755969,0.475739,0.39512
2016-10-20,-0.137665,2.32416,1.79651,2.37936,1.42341,1.09873,1.47243,1.50632,1.28581,1.65677,1.65306,1.29437,1.7368,1.89267,1.34698,1.89191,1.37688,1.12789,1.30219,0.635592,0.635592,0.833581,0.833581,0.470545,0.942692,0.701594,0.420759,0.356845
2016-10-21,-0.00841565,2.32416,1.79651,2.37936,1.36074,1.0496,1.40772,1.4402,1.22888,1.58249,1.52387,1.19322,1.60108,1.81918,1.29468,1.81845,1.3485,1.1017,1.27446,0.629832,0.629832,0.794793,0.794793,0.454759,0.942692,0.669021,0.387878,0.34299
2016-10-24,0.473861,2.32416,1.79651,2.37936,1.29499,0.998053,1.33983,1.37082,1.16915,1.50824,1.27902,1.00149,1.34382,1.46067,1.03954,1.46009,1.3079,1.06587,1.23529,0.64261,0.64261,0.828043,0.828043,0.432607,0.942692,0.634845,0.325554,0.275397
2016-10-25,-0.380497,2.32416,1.79651,2.37936,1.32629,1.02259,1.37214,1.40385,1.19758,1.54722,1.48609,1.16364,1.56139,1.81941,1.29484,1.81868,1.4532,1.18012,1.37127,0.557518,0.557518,0.779393,0.779393,0.468002,0.942622,0.651112,0.378262,0.343033
2016-10-26,-0.174194,2.32416,1.79651,2.37936,1.37604,1.0616,1.42352,1.45635,1.24278,1.59903,1.60956,1.26032,1.69111,1.9164,1.36387,1.91563,1.76366,1.43112,1.6639,0.612639,0.612639,0.770374,0.770374,0.569603,0.942622,0.676976,0.409689,0.361319
2016-10-27,-0.29912,2.32416,1.79651,2.37936,1.33559,1.02988,1.38174,1.41366,1.20603,1.55088,1.60571,1.2573,1.68706,1.92461,1.36971,1.92384,1.42254,1.16304,1.34469,0.590097,0.590097,0.768654,0.768654,0.480559,0.942622,0.655946,0.408708,0.362868
2016-10-28,-0.311313,2.3098,1.71281,2.35523,1.34784,1.03948,1.3944,1.39234,1.21528,1.54932,1.65135,1.26806,1.72748,1.94364,1.37982,1.92556,1.55191,1.27815,1.46978,0.560818,0.560818,0.754874,0.754874,0.545263,0.940758,0.662314,0.422037,0.366456
2016-10-31,-0.0122279,2.3098,1.71281,2.35523,1.361,1.04981,1.40799,1.40592,1.22722,1.56434,1.6117,1.23761,1.68601,1.86773,1.32593,1.85036,1.66277,1.36508,1.57346,0.548711,0.548711,0.758885,0.758885,0.579227,0.936919,0.661091,0.411905,0.352145
2016-11-01,-0.681,2.3098,1.71281,2.35523,1.29554,0.998487,1.3404,1.33842,1.16784,1.48965,1.40631,1.07989,1.47115,1.68278,1.19463,1.66712,1.62876,1.34388,1.54329,0.539204,0.539204,0.684018,0.684018,0.586134,0.936919,0.627389,0.359413,0.317272
2016-11-02,-0.654692,2.3098,1.71281,2.35523,1.53107,1.18314,1.5836,1.58129,1.3815,1.75841,1.77991,1.36677,1.86197,1.81116,1.28577,1.79431,2.23692,1.86299,2.12474,0.639047,0.639047,0.836123,0.836123,0.848654,0.936919,0.757557,0.454892,0.341477
2016-11-03,-0.44332,2.3098,1.71281,2.35523,1.65916,1.28356,1.71587,1.71337,1.4977,1.90459,1.75189,1.34526,1.83266,1.90416,1.35179,1.88644,2.24367,1.8728,2.13241,0.585208,0.585208,0.84345,0.84345,0.863829,0.936919,0.824138,0.447731,0.359012
2016-11-04,-0.166753,2.3098,1.71281,2.35523,1.63294,1.26301,1.6888,1.68634,1.47391,1.87467,1.81522,1.39389,1.89891,1.80058,1.27826,1.78383,2.13636,1.78351,2.03051,0.591231,0.591231,0.879561,0.879561,0.829006,0.935278,0.801138,0.463917,0.339483
2016-11-07,2.19802,2.3098,1.71281,2.35523,1.52046,1.17482,1.57265,1.57035,1.37188,1.74631,1.69214,1.29938,1.77015,1.68511,1.19628,1.66943,2.09423,1.74293,1.98884,0.629666,0.629666,0.800313,0.800313,0.788396,0.935278,0.743083,0.432462,0.317712
2016-11-08,0.376491,2.3098,1.71281,2.35523,2.87864,2.23963,2.97513,2.97087,2.60394,3.29618,2.92062,2.24271,3.05527,2.26581,1.60854,2.24474,2.94758,2.44968,2.79821,0.76815,0.76815,0.837153,0.837153,1.10847,0.935278,1.44099,0.746424,0.427199
2016-11-09,1.10161,2.3098,1.71281,2.35523,2.49408,1.93813,2.57802,2.57432,2.25509,2.85734,2.3421,1.79848,2.45008,2.07499,1.47307,2.05569,2.49047,2.06901,2.36403,0.786454,0.786454,0.865994,0.865994,0.935948,0.935278,1.24695,0.598573,0.391221
2016-11-10,0.194886,2.3098,1.71281,2.35523,2.47884,1.92619,2.56229,2.55861,2.24127,2.83995,3.08781,2.3711,3.23017,2.20074,1.56234,2.18027,2.89725,2.41153,2.75153,0.799294,0.799294,0.821212,0.821212,1.0969,0.935278,1.238,0.789155,0.414929
2016-11-11,-0.139891,2.3098,1.71281,2.35523,2.15413,1.67161,2.22698,2.22377,1.9467,2.46941,2.66452,2.04606,2.78736,2.02776,1.43954,2.0089,2.72637,2.24912,2.58319,0.767953,0.767953,0.824931,0.824931,0.972652,0.935278,1.06943,0.680973,0.382316
2016-11-14,-0.0115509,2.3098,1.71281,2.35523,1.91146,1.48136,1.9764,1.97353,1.72657,2.19249,2.30208,1.76774,2.40821,1.75098,1.24305,1.73469,2.55597,2.1005,2.41933,0.829387,0.829387,0.78946,0.78946,0.886953,0.935278,0.9471,0.588344,0.330131
2016-11-15,0.745294,2.3098,1.71281,2.35523,1.69248,1.31107,1.74958,1.76038,1.53209,1.95126,1.94071,1.49025,2.03018,1.57513,1.11821,1.56048,2.66583,2.19619,2.52494,0.727026,0.727026,0.823073,0.823073,0.93521,0.935278,0.836512,0.495989,0.296977
2016-11-16,-0.158354,2.3098,1.71281,2.35523,1.72591,1.3373,1.78409,1.7951,1.56249,1.98958,2.11096,1.62098,2.20828,1.87709,1.33258,1.85963,2.8111,2.32457,2.66514,0.692442,0.692442,0.790513,0.790513,0.999854,0.935278,0.852471,0.5395,0.353909
2016-11-17,0.466548,2.3098,1.71281,2.35523,1.58262,1.22488,1.63618,1.64631,1.43218,1.82535,1.96344,1.50771,2.05397,1.5406,1.0937,1.52627,2.64457,2.16583,2.50095,0.728907,0.728907,0.752889,0.752889,0.885479,0.935278,0.777742,0.501799,0.290466
2016-11-18,-0.238964,2.3098,1.71281,2.35523,1.52167,1.17707,1.57327,1.58303,1.37675,1.75549,2.05541,1.57833,2.15017,1.66155,1.17956,1.64609,3.29162,2.74198,3.12673,0.710825,0.710825,0.773592,0.773592,1.21509,0.935278,0.741631,0.525302,0.31327
2016-11-21,0.743369,2.3098,1.71281,2.35523,1.45423,1.12415,1.50365,1.513,1.31542,1.67819,1.92725,1.47992,2.01611,1.95309,1.38653,1.93492,2.73511,2.2952,2.60314,0.713361,0.713361,0.768442,0.768442,1.06139,0.935278,0.703174,0.49255,0.368238
2016-11-22,0.216309,2.3098,1.71281,2.35523,1.56861,1.21389,1.62172,1.63177,1.41944,1.80929,2.19206,1.68326,2.29312,2.04804,1.45394,2.02899,2.03894,1.69244,1.93499,0.656637,0.656637,0.697496,0.697496,0.751265,0.935278,0.761488,0.560226,0.38614
2016-11-23,0.080773,2.3098,1.71281,2.35523,1.44891,1.11998,1.49816,1.50748,1.31059,1.67209,1.86623,1.43306,1.95227,1.60833,1.14178,1.59337,1.68704,1.39136,1.59834,0.673752,0.673752,0.685797,0.685797,0.605963,0.935278,0.700463,0.476955,0.303237
2016-11-25,0.390673,2.3098,1.71281,2.35523,1.35128,1.04339,1.39738,1.4061,1.2218,1.5602,1.81019,1.39002,1.89364,1.54248,1.09503,1.52813,1.74662,1.44052,1.65479,0.650312,0.650312,0.673295,0.673295,0.622979,0.935278,0.650692,0.462631,0.290821
2016-11-28,-0.526838,2.3098,1.71281,2.35523,1.3328,1.02889,1.37831,1.38691,1.205,1.53902,1.92841,1.48081,2.01732,1.60251,1.13765,1.58761,1.33596,1.09801,1.26457,0.603573,0.603573,0.65351,0.65351,0.471834,0.935278,0.641271,0.492845,0.30214
2016-11-29,0.133438,2.3098,1.71281,2.35523,1.45567,1.12528,1.50514,1.51449,1.31673,1.67984,1.83759,1.41107,1.92231,1.91698,1.3609,1.89915,1.84147,1.52038,1.74514,0.61851,0.61851,0.731038,0.731038,0.671102,0.935278,0.703909,0.469634,0.36143
2016-11-30,-0.265691,2.3098,1.71281,2.35523,1.35782,1.04852,1.40413,1.41289,1.22775,1.56769,1.83382,1.40817,1.91837,1.89281,1.34374,1.87521,1.85603,1.51746,1.75446,0.654254,0.654254,0.685376,0.685376,0.635628,0.935278,0.654026,0.468671,0.356873
2016-12-01,-0.352173,2.3098,1.71281,2.35523,1.34793,1.04075,1.39392,1.40262,1.21875,1.55635,1.73763,1.33431,1.81774,1.7767,1.2613,1.76017,2.03732,1.66511,1.92566,0.634459,0.634459,0.726336,0.726336,0.70441,0.935278,0.648982,0.444087,0.33498
2016-12-02,0.039694,2.3098,1.71281,2.35523,1.37569,1.06253,1.42257,1.43144,1.244,1.58817,1.7244,1.32415,1.8039,1.76444,1.2526,1.74802,2.0197,1.64315,1.90674,0.639662,0.639662,0.765094,0.765094,0.674978,0.935278,0.663134,0.440706,0.332668
2016-12-05,0.580442,2.3098,1.71281,2.35523,1.29878,1.00219,1.34319,1.35159,1.17406,1.50002,1.47052,1.1292,1.53832,1.71887,1.22025,1.70288,2.05236,1.67087,1.93791,0.620507,0.620507,0.75507,0.75507,0.69145,0.935278,0.623926,0.375823,0.324078
2016-12-06,0.340508,2.3098,1.71281,2.35523,1.37772,1.06413,1.42467,1.43356,1.24585,1.5905,1.66796,1.28081,1.74486,1.93721,1.37526,1.91919,2.28644,1.86839,2.16103,0.570928,0.570928,0.766588,0.766588,0.774333,0.935278,0.66417,0.426282,0.365243
2016-12-07,1.30774,2.3098,1.71281,2.35523,1.33613,1.0315,1.38174,1.39037,1.20802,1.54283,1.6279,1.25004,1.70295,1.61007,1.14301,1.59509,2.25631,1.83101,2.12872,0.564893,0.564893,0.775584,0.775584,0.735321,0.935278,0.642967,0.416043,0.303563
2016-12-08,0.2157,2.3098,1.71281,2.35523,1.93715,1.50304,2.00214,2.01444,1.75459,2.2317,2.35315,1.80696,2.46164,2.05888,1.46163,2.03973,2.7057,2.22178,2.56052,0.596842,0.596842,0.832448,0.832448,0.94056,0.935278,0.967813,0.601398,0.388183
2016-12-09,0.592142,2.3098,1.71281,2.35523,1.7263,1.33761,1.7845,1.79551,1.56285,1.99004,1.95085,1.49804,2.04079,2.00006,1.41987,1.98145,2.53676,2.09694,2.40481,0.546308,0.546308,0.744172,0.744172,0.905104,0.935278,0.858659,0.49858,0.377093
2016-12-12,-0.113805,2.3098,1.71281,2.35523,1.67365,1.2963,1.73015,1.74084,1.51496,1.92969,2.04256,1.56846,2.13673,2.18129,1.54854,2.161,1.99885,1.64141,1.89162,0.563796,0.563796,0.699645,0.699645,0.695102,0.935278,0.815036,0.522019,0.411263
2016-12-13,0.651848,2.3098,1.71281,2.35523,1.5351,1.1876,1.58712,1.59697,1.38896,1.77088,1.84616,1.41764,1.93127,2.0906,1.48415,2.07115,1.94976,1.6001,1.84486,0.548548,0.548548,0.721177,0.721177,0.673536,0.929697,0.744401,0.471824,0.394164
2016-12-14,-0.815032,2.3098,1.71281,2.35523,1.5621,1.20526,1.61681,1.62251,1.41633,1.80518,1.97564,1.51708,2.06673,2.14795,1.52486,2.12796,2.11844,1.72691,2.00098,0.544231,0.544231,0.692261,0.692261,0.697128,0.929697,0.761759,0.504917,0.404976
2016-12-15,0.387571,2.3098,1.71281,2.35523,1.78178,1.37726,1.8438,1.85027,1.61653,2.05734,2.006,1.54038,2.09848,2.21054,1.56929,2.18997,2.19005,1.80577,2.07476,0.642176,0.642176,0.780388,0.780388,0.774582,0.929697,0.893602,0.512674,0.416777
2016-12-16,-0.175213,2.3098,1.71281,2.35523,1.64226,1.26802,1.69963,1.70561,1.48937,1.89719,1.95184,1.4988,2.04183,2.0875,1.48195,2.06808,2.19327,1.804,2.07649,0.628619,0.628619,0.728088,0.728088,0.766359,0.929697,0.820567,0.498834,0.393578
2016-12-19,0.197315,2.3098,1.71281,2.35523,1.5266,1.17746,1.58012,1.58571,1.38397,1.76443,1.86709,1.43372,1.95317,2.05713,1.46039,2.03799,1.91498,1.58879,1.81712,0.60556,0.60556,0.768007,0.768007,0.710876,0.927535,0.743538,0.477174,0.387853
2016-12-20,0.363092,2.3098,1.71281,2.35523,1.41617,1.09101,1.46602,1.47122,1.28333,1.63767,1.73123,1.3294,1.81105,2.09531,1.48749,2.07581,1.91897,1.58771,1.81959,0.559878,0.559878,0.730567,0.730567,0.699806,0.927535,0.686868,0.442453,0.395051
2016-12-21,-0.24604,2.3098,1.71281,2.35523,1.36816,1.05341,1.41641,1.42145,1.23958,1.58256,1.6919,1.2992,1.76991,1.94028,1.37744,1.92223,1.51376,1.26935,1.44044,0.549401,0.549401,0.709474,0.709474,0.601069,0.927535,0.662229,0.432401,0.365822
2016-12-22,-0.186468,2.3098,1.71281,2.35523,1.34861,1.03811,1.39621,1.40117,1.22176,1.56012,1.68208,1.29165,1.75963,1.8535,1.31583,1.83626,1.84895,1.50909,1.74699,0.53176,0.53176,0.70689,0.70689,0.628867,0.927535,0.652195,0.42989,0.349461
2016-12-23,0.12509,2.3098,1.71281,2.35523,1.31661,1.01305,1.36315,1.368,1.1926,1.52339,1.63662,1.25675,1.71208,1.97603,1.40281,1.95765,1.83809,1.50055,1.73683,0.517502,0.517502,0.679016,0.679016,0.633749,0.927535,0.635775,0.418273,0.372562
2016-12-27,0.224587,2.3098,1.71281,2.35523,1.25651,0.965998,1.30105,1.30569,1.13783,1.45441,1.5511,1.19108,1.62261,1.92713,1.3681,1.9092,1.58506,1.28434,1.49485,0.479792,0.479792,0.694846,0.694846,0.516082,0.927535,0.604931,0.396417,0.363342
2016-12-28,-0.839166,2.3098,1.71281,2.35523,1.22368,0.940292,1.26712,1.27165,1.10791,1.41672,1.49784,1.15017,1.56689,1.75269,1.24426,1.73639,1.53004,1.2539,1.4472,0.466884,0.466884,0.603108,0.603108,0.529799,0.927535,0.588082,0.382803,0.330455
2016-12-29,-0.0293342,2.3098,1.71281,2.35523,1.60552,1.23926,1.66167,1.66753,1.45589,1.85502,1.70585,1.3099,1.78449,1.96097,1.39213,1.94273,2.09564,1.70784,1.9793,0.540362,0.540362,0.739912,0.739912,0.712286,0.927535,0.801338,0.435965,0.369724
2016-12-30,-0.464782,2.3098,1.71281,2.35523,1.47457,1.13673,1.52637,1.53177,1.33656,1.70471,1.50289,1.15405,1.57218,1.85906,1.31978,1.84177,1.881,1.54398,1.77989,0.561747,0.561747,0.733944,0.733944,0.65823,0.927535,0.732793,0.384095,0.35051
2017-01-03,0.845077,2.3098,1.71281,2.35523,1.5135,1.16721,1.56659,1.57213,1.37204,1.7494,1.5775,1.21135,1.65023,1.64715,1.16934,1.63183,1.6647,1.36766,1.57558,0.543892,0.543892,0.761179,0.761179,0.587312,0.927535,0.753172,0.403164,0.310555
2017-01-04,0.570595,2.3098,1.71281,2.35523,1.66215,1.2836,1.72019,1.72624,1.50751,1.92003,1.72711,1.32623,1.80674,1.87132,1.32848,1.85392,1.67341,1.37459,1.58376,0.501582,0.501582,0.741633,0.741633,0.588982,0.927535,0.830983,0.4414,0.352821
2017-01-05,-0.0770968,2.3098,1.71281,2.35523,1.61682,1.24811,1.67336,1.67925,1.4662,1.868,1.7395,1.33574,1.81969,1.88653,1.33928,1.86898,1.5054,1.24657,1.42776,0.540213,0.540213,0.735907,0.735907,0.55733,0.927535,0.807256,0.444565,0.355688
2017-01-06,0.35108,2.3098,1.71281,2.35523,1.48902,1.14805,1.5413,1.54675,1.34973,1.7213,1.56619,1.20266,1.63839,1.82089,1.29268,1.80396,1.34167,1.09787,1.26853,0.506523,0.506523,0.711854,0.711854,0.463649,0.927535,0.740359,0.400272,0.343313
2017-01-09,-0.355492,2.3098,1.71281,2.35523,1.41728,1.09188,1.46717,1.47237,1.28435,1.63895,1.47315,1.13122,1.54107,2.02464,1.43732,2.0058,1.39456,1.14677,1.32022,0.474773,0.474773,0.693419,0.693419,0.494399,0.927535,0.702806,0.376494,0.381727
2017-01-10,0,2.3098,1.71281,2.35523,1.42413,1.09724,1.47425,1.47947,1.29059,1.64681,1.42561,1.09471,1.49133,1.90944,1.35554,1.89168,1.33614,1.09575,1.26403,0.496224,0.496224,0.703317,0.703317,0.469015,0.927535,0.706392,0.364344,0.360008
2017-01-11,0.282566,2.3098,1.71281,2.35523,1.33731,1.02926,1.38454,1.38946,1.21147,1.54715,1.32342,1.01624,1.38443,1.78236,1.26532,1.76578,1.2108,0.99063,1.14475,0.501847,0.501847,0.66164,0.66164,0.423114,0.927535,0.660946,0.338228,0.336047
2017-01-12,-0.214714,2.3098,1.71281,2.35523,1.29192,0.993724,1.33764,1.34241,1.1701,1.49505,1.36415,1.04752,1.42704,1.59815,1.13455,1.58328,1.15115,0.934639,1.08619,0.527913,0.527913,0.659583,0.659583,0.384598,0.927535,0.637187,0.348637,0.301316
2017-01-13,0.184815,2.3098,1.71281,2.35523,1.28314,0.989163,1.32785,1.34043,1.14866,1.48953,1.30152,0.999422,1.36152,1.75485,1.2458,1.73853,1.15014,0.939563,1.08696,0.493255,0.493255,0.692067,0.692067,0.400601,0.927535,0.631841,0.33263,0.330862
2017-01-17,-0.297191,2.3098,1.71281,2.35523,1.23835,0.954073,1.28159,1.29375,1.10831,1.43794,1.2619,0.968998,1.32008,1.69881,1.20601,1.683,1.13228,0.917442,1.06783,0.482514,0.482514,0.655335,0.655335,0.370483,0.927535,0.608536,0.322504,0.320295
2017-01-18,0.17622,2.3098,1.71281,2.35523,1.2705,0.979258,1.31479,1.32725,1.13727,1.47495,1.35976,1.04415,1.42245,1.77652,1.26118,1.75999,1.33115,1.08044,1.25594,0.51492,0.51492,0.705269,0.705269,0.436894,0.927535,0.625262,0.347515,0.334946
2017-01-19,-0.361586,2.3098,1.71281,2.35523,1.2281,0.94604,1.27099,1.28307,1.09908,1.4261,1.35366,1.03946,1.41607,1.69869,1.20593,1.68289,1.64398,1.35109,1.55612,0.519404,0.519404,0.716613,0.716613,0.580511,0.927535,0.603201,0.345956,0.320273
2017-01-20,0.336062,2.3098,1.71281,2.35523,1.28942,0.994083,1.33433,1.34697,1.15432,1.49673,1.44149,1.1069,1.50794,1.5769,1.11947,1.56223,1.50922,1.2389,1.42812,0.512152,0.512152,0.772301,0.772301,0.538773,0.927535,0.635109,0.368402,0.297311
2017-01-23,-0.269375,2.3098,1.71281,2.35523,1.27149,0.98004,1.31582,1.32829,1.13817,1.47605,1.49516,1.14812,1.56409,1.62335,1.15244,1.60825,1.94675,1.60889,1.84539,0.516581,0.516581,0.775632,0.775632,0.717989,0.927535,0.625782,0.382119,0.306069
2017-01-24,0.654313,2.3098,1.71281,2.35523,1.28377,0.98966,1.3285,1.34109,1.14924,1.49021,1.5473,1.18815,1.61863,1.68671,1.19743,1.67102,1.90343,1.58467,1.8078,0.533052,0.533052,0.729109,0.729109,0.726552,0.927535,0.632171,0.395444,0.318015
2017-01-25,0.799403,2.3098,1.71281,2.35523,1.39606,1.07764,1.44448,1.45811,1.2504,1.61966,1.98366,1.52323,2.07512,1.70652,1.21149,1.69065,2.48957,2.07566,2.3654,0.553589,0.553589,0.777478,0.777478,0.953633,0.922314,0.686925,0.506967,0.32175
2017-01-26,-0.0735661,2.3098,1.71281,2.35523,1.5518,1.19966,1.60535,1.62042,1.39072,1.79913,3.36592,2.58465,3.5211,1.78741,1.26891,1.77078,2.39726,2.018,2.28348,0.491223,0.491223,0.740163,0.740163,0.969852,0.922314,0.767578,0.86023,0.337
2017-01-27,-0.0866844,2.3098,1.71281,2.35523,1.44487,1.11588,1.4949,1.50898,1.29438,1.67581,1.79598,1.37911,1.87878,1.67905,1.19198,1.66343,2.75216,2.31201,2.62011,0.471454,0.471454,0.70777,0.70777,1.08288,0.922314,0.712204,0.459,0.31657
2017-01-30,-0.602766,2.3098,1.71281,2.35523,1.3657,1.05385,1.41313,1.42648,1.22305,1.58445,1.72876,1.3275,1.80846,1.69801,1.20545,1.68222,2.81348,2.36765,2.67973,0.497465,0.497465,0.727043,0.727043,1.11144,0.922314,0.671205,0.44182,0.320145
2017-01-31,-0.0890308,2.3098,1.71281,2.35523,1.50429,1.16244,1.55628,1.57091,1.34792,1.74392,1.93956,1.48937,2.02898,1.79607,1.27506,1.77936,3.34481,2.79461,3.17975,0.591838,0.591838,0.741759,0.741759,1.25276,0.922314,0.742976,0.495695,0.338632
2017-02-01,0.0298305,2.3098,1.71281,2.35523,1.41092,1.08928,1.45983,1.4736,1.26379,1.63603,1.78727,1.37242,1.86967,1.86102,1.32117,1.84371,3.08927,2.60528,2.94407,0.529862,0.529862,0.758816,0.758816,1.22563,0.922314,0.69462,0.456774,0.350878
2017-02-02,0.0570169,2.3098,1.71281,2.35523,1.32869,1.02485,1.37489,1.3879,1.1896,1.54089,1.72364,1.32356,1.8031,1.74256,1.23707,1.72635,2.82969,2.38525,2.69636,0.515373,0.515373,0.735341,0.735341,1.12686,0.922314,0.652036,0.440512,0.328544
2017-02-03,0.723849,2.3098,1.71281,2.35523,1.26613,0.975838,1.31028,1.3227,1.13287,1.46828,1.54343,1.18519,1.61459,1.79376,1.27342,1.77707,2.54575,2.12088,2.41829,0.485555,0.485555,0.713356,0.713356,0.944367,0.922314,0.619639,0.394457,0.338198
2017-02-06,-0.211757,2.3098,1.71281,2.35523,1.42354,1.09917,1.47287,1.48675,1.2686,1.64918,2.02268,1.5532,2.11594,1.92089,1.36367,1.90302,2.74756,2.29612,2.61213,0.504666,0.504666,0.705985,0.705985,1.04403,0.922314,0.701155,0.516939,0.362166
2017-02-07,0.0226795,2.3098,1.71281,2.35523,1.37603,1.06195,1.4238,1.43724,1.22601,1.59453,2.17072,1.66687,2.2708,1.86288,1.32249,1.84555,2.63633,2.17639,2.49835,0.480451,0.480451,0.664937,0.664937,0.926737,0.922314,0.676555,0.554773,0.351229
2017-02-08,0.0693063,2.3098,1.71281,2.35523,1.30277,1.00454,1.34812,1.36088,1.16031,1.51022,1.86579,1.43272,1.95181,1.63153,1.15825,1.61636,2.30421,1.89525,2.18152,0.443459,0.443459,0.644527,0.644527,0.801801,0.922314,0.638611,0.476841,0.307611
2017-02-09,0.573607,2.3098,1.71281,2.35523,1.24668,0.960599,1.29019,1.30243,1.11582,1.44782,1.62257,1.24596,1.69738,1.56796,1.11312,1.55337,2.03954,1.66444,1.92701,0.448028,0.448028,0.625474,0.625474,0.685095,0.904785,0.604545,0.414682,0.295625
2017-02-10,0.355972,2.3098,1.71281,2.35523,1.3305,1.02627,1.37676,1.38978,1.19133,1.54373,1.75837,1.35024,1.83944,1.80435,1.28094,1.78757,1.82448,1.48932,1.72393,0.418173,0.418173,0.629839,0.629839,0.622091,0.904785,0.647632,0.449389,0.340194
2017-02-13,0.523213,2.3098,1.71281,2.35523,1.2782,0.984324,1.32338,1.35973,1.15026,1.49658,1.55677,1.19543,1.62855,1.7552,1.24604,1.73887,1.66493,1.35707,1.57257,0.355402,0.355402,0.611311,0.611311,0.559962,0.904785,0.615739,0.397866,0.330926
2017-02-14,0.399934,2.3098,1.68008,2.34974,1.3191,1.01634,1.36564,1.4031,1.18166,1.54255,1.6708,1.26072,1.74486,1.77677,1.25833,1.75079,1.70506,1.38512,1.60908,0.361139,0.361139,0.533301,0.533301,0.560552,0.90209,0.633985,0.427009,0.334995
2017-02-15,0.497988,2.3098,1.68008,2.34974,1.3038,1.00436,1.34983,1.38688,1.16787,1.5248,1.63006,1.22997,1.70231,1.68432,1.19286,1.65969,1.48429,1.22245,1.40574,0.346338,0.346338,0.504359,0.504359,0.534972,0.90209,0.626206,0.416596,0.317564
2017-02-16,-0.0864479,2.3098,1.68008,2.34974,1.3271,1.0226,1.3739,1.41157,1.18886,1.55182,1.65447,1.24839,1.7278,1.75211,1.24086,1.72649,1.41345,1.16627,1.33929,0.327039,0.327039,0.467838,0.467838,0.510479,0.90209,0.638049,0.422834,0.330345
2017-02-17,0.167713,2.3098,1.68008,2.34974,1.2716,0.979156,1.31655,1.35273,1.13884,1.48743,1.39779,1.05471,1.45975,1.64396,1.16427,1.61992,1.31977,1.0867,1.24985,0.344744,0.344744,0.525944,0.525944,0.471907,0.90209,0.609832,0.357235,0.309954
2017-02-21,0.602986,2.3098,1.68008,2.34974,1.22093,0.939489,1.26419,1.299,1.09316,1.42863,1.37162,1.03497,1.43242,1.62217,1.14884,1.59844,1.12295,0.919965,1.06206,0.329957,0.329957,0.501963,0.501963,0.386416,0.90209,0.584066,0.350547,0.305845
2017-02-22,-0.108278,2.3098,1.68008,2.34974,1.31584,1.01379,1.36227,1.39964,1.17872,1.53876,1.51015,1.13949,1.57709,1.70099,1.20466,1.67611,1.20327,0.992383,1.14,0.308048,0.308048,0.468484,0.468484,0.434316,0.90209,0.632327,0.38595,0.320707
2017-02-23,0.0418903,2.3098,1.68008,2.34974,1.26672,0.975332,1.3115,1.34755,1.13444,1.48176,1.44226,1.08827,1.50619,1.70669,1.2087,1.68173,1.40236,1.12856,1.32022,0.317863,0.317863,0.486688,0.486688,0.431583,0.90209,0.607348,0.3686,0.321781
2017-02-24,0.149224,2.3098,1.68008,2.34974,1.2134,0.933596,1.25641,1.29102,1.08638,1.41989,1.31559,0.992684,1.3739,1.56247,1.10656,1.53962,1.40502,1.13797,1.3249,0.319581,0.319581,0.523178,0.523178,0.449054,0.90209,0.580238,0.336225,0.294589
2017-02-27,0.101746,2.3098,1.68008,2.34974,1.17539,0.903844,1.21713,1.25072,1.05212,1.37579,1.30939,0.988012,1.36743,1.60686,1.13799,1.58336,1.3112,1.0581,1.23527,0.302356,0.302356,0.485762,0.485762,0.406388,0.90209,0.560913,0.334643,0.302958
2017-02-28,-0.25817,2.3098,1.68008,2.34974,1.14434,0.879535,1.18504,1.2178,1.02412,1.33975,1.18753,0.89606,1.24017,1.51356,1.07192,1.49142,1.28456,1.0273,1.20738,0.305375,0.305375,0.463863,0.463863,0.376478,0.90209,0.545123,0.303498,0.285367
2017-03-01,1.35812,2.3098,1.68008,2.34974,1.17976,0.907262,1.22164,1.25535,1.05605,1.38085,1.23413,0.931224,1.28884,1.3439,0.951763,1.32424,1.19874,0.969845,1.13007,0.337768,0.337768,0.511785,0.511785,0.37901,0.90209,0.563133,0.315409,0.25338
2017-03-02,-0.587714,2.3098,1.68008,2.34974,1.83346,1.41897,1.89717,1.94845,1.6453,2.13933,1.93518,1.46021,2.02096,1.79863,1.27381,1.77232,1.7791,1.44228,1.67805,0.337547,0.337547,0.50575,0.50575,0.575707,0.90209,0.895518,0.494577,0.339115
2017-03-03,0.0503752,2.3098,1.68008,2.34974,1.81578,1.40513,1.8789,1.9297,1.62935,2.11879,1.84453,1.3918,1.92628,1.80066,1.27525,1.77432,1.64566,1.3498,1.5569,0.403435,0.403435,0.60924,0.60924,0.574074,0.90209,0.886525,0.471407,0.339498
2017-03-06,-0.32826,2.3098,1.68008,2.34974,1.64384,1.27054,1.70122,1.74741,1.47437,1.91928,1.52381,1.1498,1.59135,1.75167,1.24055,1.72606,1.52068,1.24301,1.43738,0.361158,0.361158,0.515586,0.515586,0.518905,0.90209,0.799103,0.38944,0.330262
2017-03-07,-0.291764,2.3098,1.68008,2.34974,1.572,1.2143,1.62698,1.67123,1.40962,1.83589,1.48268,1.11876,1.54839,1.71903,1.21744,1.69389,1.34066,1.10335,1.26947,0.376267,0.376267,0.565001,0.565001,0.484305,0.90209,0.76087,0.378929,0.324108
2017-03-08,-0.228682,2.3098,1.68008,2.34974,1.50599,1.16263,1.55877,1.60125,1.35011,1.75929,1.4355,1.08317,1.49913,1.71007,1.21109,1.68506,1.41293,1.14638,1.33296,0.348835,0.348835,0.602029,0.602029,0.471552,0.90209,0.727375,0.366872,0.322419
2017-03-09,0.079956,2.3098,1.68008,2.34974,1.43792,1.10935,1.48842,1.52907,1.28876,1.68027,1.38907,1.04813,1.45064,1.53012,1.08365,1.50774,1.42931,1.16349,1.34956,0.35676,0.35676,0.651353,0.651353,0.484103,0.90209,0.692835,0.355006,0.288491
2017-03-10,0.326335,2.3098,1.68008,2.34974,1.34458,1.03629,1.39197,1.43011,1.20462,1.57195,1.28468,0.969367,1.34163,1.58843,1.12495,1.5652,1.3396,1.09217,1.26537,0.329912,0.329912,0.558422,0.558422,0.460629,0.90209,0.645473,0.328328,0.299485
2017-03-13,0.0366577,2.3098,1.68008,2.34974,1.30269,1.00349,1.34868,1.3857,1.16687,1.52338,1.31537,0.992524,1.37368,1.48226,1.04975,1.46058,1.30317,1.06891,1.23289,0.307767,0.307767,0.570899,0.570899,0.456785,0.90209,0.624217,0.336171,0.279467
2017-03-14,-0.338474,2.3098,1.68008,2.34974,1.23621,0.946834,1.28292,1.32095,1.10228,1.44215,1.30943,0.988039,1.36747,1.42568,1.00968,1.40483,1.21089,0.991683,1.14513,0.289156,0.289156,0.549314,0.549314,0.418825,0.90209,0.584268,0.334652,0.268798
2017-03-15,0.833985,2.3098,1.68008,2.34974,1.27183,0.974597,1.31981,1.35888,1.13427,1.48323,1.34872,1.01768,1.4085,1.57117,1.11272,1.54819,1.15852,0.951898,1.09653,0.315882,0.315882,0.598686,0.598686,0.408871,0.90209,0.602183,0.344692,0.296231
2017-03-16,-0.162802,2.3098,1.68008,2.34974,1.47791,1.13521,1.53323,1.57827,1.3193,1.72159,1.49944,1.13141,1.5659,1.69558,1.20083,1.67079,1.34759,1.1054,1.27493,0.294547,0.294547,0.524973,0.524973,0.471137,0.90209,0.705824,0.383213,0.319687
2017-03-17,-0.131519,2.3098,1.68008,2.34974,1.40038,1.07478,1.45293,1.49572,1.24968,1.63151,1.43883,1.08568,1.50261,1.62827,1.15316,1.60445,1.23577,1.01419,1.16929,0.295079,0.295079,0.53565,0.53565,0.430252,0.90209,0.666829,0.367724,0.306995
2017-03-20,-0.20119,2.3098,1.68008,2.34974,1.33384,1.02293,1.38403,1.42489,1.18995,1.55415,1.33051,1.00394,1.38948,1.57565,1.11589,1.5526,1.12958,0.929081,1.06943,0.305813,0.305813,0.504032,0.504032,0.405139,0.90209,0.633369,0.340039,0.297074
2017-03-21,-1.24856,2.3098,1.68008,2.34974,1.29861,0.995465,1.34754,1.38738,1.15831,1.51306,1.29672,0.978449,1.3542,1.54878,1.09686,1.52613,1.08754,0.895321,1.02988,0.298163,0.298163,0.527252,0.527252,0.389819,0.90209,0.615649,0.331404,0.292009
2017-03-22,0.188813,2.3098,1.68008,2.34974,1.92533,1.48391,1.99658,2.0546,1.74355,2.2411,1.49582,1.14862,1.57381,1.77687,1.26143,1.75772,1.93109,1.56351,1.82082,0.453682,0.453682,0.708731,0.708731,0.633647,0.904785,0.932881,0.382288,0.335013
2017-03-23,-0.106084,2.3098,1.68008,2.34974,1.74043,1.3398,1.80509,1.85775,1.57545,2.02879,1.36365,1.04713,1.43475,1.77278,1.25852,1.75368,1.61805,1.32445,1.52997,0.41767,0.41767,0.608438,0.608438,0.561628,0.90209,0.83785,0.348509,0.334241
2017-03-24,-0.0844361,2.3098,1.68008,2.34974,1.5983,1.22903,1.6579,1.70643,1.44623,1.8625,1.27482,0.97892,1.34129,1.68501,1.19622,1.66686,1.30178,1.07252,1.233,0.39103,0.39103,0.659562,0.659562,0.463135,0.90209,0.766368,0.325806,0.317694
2017-03-27,-0.102011,2.3098,1.68008,2.34974,1.48173,1.13818,1.53718,1.58233,1.34025,1.72621,1.17084,0.899073,1.23189,1.46922,1.04302,1.45339,1.17076,0.971675,1.11103,0.388028,0.388028,0.622667,0.622667,0.436174,0.90209,0.707743,0.299232,0.277008
2017-03-28,0.722532,2.3098,1.68008,2.34974,1.39216,1.06837,1.44442,1.48698,1.25882,1.62121,1.07003,0.821668,1.12583,1.49931,1.06439,1.48316,1.30436,1.07881,1.23669,0.355927,0.355927,0.613924,0.613924,0.47403,0.90209,0.662697,0.27347,0.282682
2017-03-29,0.108473,2.3098,1.68008,2.34974,1.49268,1.14672,1.54852,1.594,1.35021,1.73419,1.26879,0.974293,1.33495,1.76365,1.25205,1.74465,1.36371,1.12534,1.2922,0.359684,0.359684,0.589332,0.589332,0.49209,0.90209,0.713253,0.324266,0.332521
2017-03-30,0.293082,2.3098,1.68008,2.34974,1.38729,1.06458,1.43937,1.48179,1.25439,1.61822,1.20905,0.928413,1.27209,1.48284,1.05269,1.46687,1.2447,1.02769,1.17959,0.336171,0.336171,0.579337,0.579337,0.44656,0.90209,0.660247,0.308997,0.279576
2017-03-31,-0.22576,2.3098,1.68008,2.34974,1.32587,1.01671,1.37577,1.4164,1.19855,1.54161,1.24142,0.953273,1.30615,1.58034,1.12191,1.56331,1.19832,0.987592,1.1351,0.340122,0.340122,0.533336,0.533336,0.420981,0.90209,0.629358,0.317271,0.297958
2017-04-03,-0.164348,2.3098,1.68008,2.34974,1.29931,0.996014,1.34827,1.38813,1.17441,1.50574,1.18328,0.908629,1.24498,1.5154,1.0758,1.49907,1.23076,1.01812,1.16697,0.349452,0.349452,0.562436,0.562436,0.45197,0.90209,0.616003,0.302412,0.285714
2017-04-04,0.0559356,2.18484,1.66097,2.32397,1.26324,0.967899,1.31091,1.29664,1.12655,1.45054,1.07842,0.84479,1.16279,1.38311,1.01424,1.39872,1.24932,1.03394,1.18471,0.349212,0.349212,0.560553,0.560553,0.454963,0.894194,0.597861,0.286133,0.270014
2017-04-05,-0.305951,2.18484,1.66097,2.32397,1.2072,0.924222,1.25287,1.2392,1.07623,1.38666,0.93469,0.732198,1.00781,1.46245,1.07242,1.47896,1.01831,0.837553,0.964085,0.335609,0.335609,0.554699,0.554699,0.360307,0.894194,0.569676,0.247998,0.285502
2017-04-06,0.192763,2.18484,1.66097,2.32397,1.23822,0.948401,1.285,1.271,1.10409,1.42203,1.10936,0.869031,1.19615,1.27063,0.931761,1.28497,1.02165,0.833523,0.965211,0.373133,0.373133,0.562603,0.562603,0.346633,0.892971,0.581862,0.294343,0.248055
2017-04-07,-0.0827493,2.18484,1.66097,2.32397,1.19482,0.914577,1.24005,1.22651,1.06512,1.37256,1.02754,0.80493,1.10792,1.29341,0.948461,1.308,1.00818,0.822527,0.952481,0.337021,0.337021,0.498206,0.498206,0.341817,0.892971,0.560149,0.272632,0.252501
2017-04-10,0.0687462,2.18484,1.66097,2.32397,1.16763,0.893381,1.21189,1.19864,1.0407,1.34155,1.03755,0.812774,1.11872,1.07428,0.787778,1.08641,1.01635,0.823073,0.95837,0.327721,0.327721,0.518541,0.518541,0.328122,0.892971,0.546542,0.275289,0.209723
2017-04-11,-0.143492,2.18484,1.66097,2.32397,1.11233,0.850165,1.15509,1.15635,0.998636,1.28686,0.869486,0.68112,0.937507,1.39142,1.02034,1.40713,0.891194,0.721206,0.840198,0.308646,0.308646,0.509509,0.509509,0.287064,0.892971,0.517936,0.230697,0.271636
2017-04-12,-0.376704,2.18484,1.66097,2.32397,1.11126,0.849338,1.15399,1.15525,0.997676,1.28564,0.913688,0.715746,0.985167,1.29804,0.951857,1.31269,0.889881,0.725172,0.840469,0.316186,0.316186,0.506582,0.506582,0.297003,0.892971,0.517407,0.242425,0.253405
2017-04-13,-0.683799,2.18484,1.66097,2.32397,1.19204,0.912228,1.23767,1.23903,1.07069,1.37831,0.960978,0.75279,1.03616,1.21208,0.888826,1.22576,1.10925,0.912548,1.05024,0.318747,0.318747,0.53378,0.53378,0.393964,0.892971,0.557635,0.254972,0.236625
2017-04-17,0.857644,2.18484,1.66097,2.32397,1.41866,1.08868,1.47248,1.47408,1.27556,1.63833,1.26125,0.988009,1.35992,1.2322,0.903577,1.24611,1.57788,1.29524,1.49309,0.419941,0.419941,0.611855,0.611855,0.558845,0.892971,0.677687,0.334642,0.240552
2017-04-18,-0.290762,2.18484,1.66097,2.32397,1.58582,1.21883,1.64567,1.64745,1.42667,1.83011,1.647,1.29019,1.77584,1.38174,1.01323,1.39733,1.63164,1.34733,1.54634,0.34254,0.34254,0.53683,0.53683,0.583664,0.892971,0.761744,0.436992,0.269745
2017-04-19,-0.171782,2.18484,1.66097,2.32397,1.51391,1.16284,1.57117,1.57287,1.36167,1.74761,1.50523,1.17913,1.62298,1.39942,1.0262,1.41521,1.38934,1.1618,1.32108,0.371727,0.371727,0.591666,0.591666,0.536104,0.892971,0.725585,0.399376,0.273196
2017-04-20,0.752886,2.18484,1.66097,2.32397,1.4273,1.09541,1.48144,1.48304,1.28337,1.64822,1.54207,1.208,1.66271,1.53839,1.12811,1.55576,1.23806,1.03804,1.17806,0.35501,0.35501,0.557341,0.557341,0.483892,0.892971,0.674811,0.409152,0.300328
2017-04-21,-0.303971,2.18484,1.66097,2.32397,1.531,1.17615,1.58888,1.59059,1.37711,1.76722,1.95933,1.53486,2.11261,1.60031,1.17352,1.61837,1.31551,1.10084,1.25111,0.337909,0.337909,0.56109,0.56109,0.513195,0.89042,0.726457,0.519862,0.312415
2017-04-24,1.07818,2.18484,1.66097,2.32397,1.47531,1.13279,1.53117,1.53283,1.32677,1.70332,1.65875,1.2994,1.78852,1.66579,1.22153,1.68459,1.49383,1.24811,1.42011,0.359038,0.359038,0.547608,0.547608,0.576929,0.89042,0.698719,0.44011,0.325199
2017-04-25,0.607221,2.18484,1.66097,2.32397,1.76819,1.36082,1.83463,1.8366,1.59153,2.0394,2.60075,2.03732,2.80421,1.88048,1.37897,1.90171,1.61292,1.34165,1.53154,0.355134,0.355134,0.588875,0.588875,0.610115,0.89042,0.844587,0.690048,0.367111
2017-04-26,-0.0485798,2.18484,1.66097,2.32397,1.71452,1.31904,1.77902,1.78093,1.54301,1.97775,2.22919,1.74626,2.40358,1.88872,1.38501,1.91004,1.52934,1.28573,1.45626,0.336079,0.336079,0.567388,0.567388,0.613294,0.89042,0.817857,0.591463,0.368719
2017-04-27,0.0552738,2.18484,1.66097,2.32397,1.5698,1.20636,1.62907,1.63083,1.41219,1.81165,2.03653,1.59533,2.19585,1.58864,1.16496,1.60657,1.37444,1.15319,1.30807,0.32907,0.32907,0.57095,0.57095,0.543347,0.89042,0.745779,0.540345,0.310137
2017-04-28,-0.191495,2.18484,1.66097,2.32397,1.44672,1.11053,1.50156,1.50318,1.30093,1.67036,1.90229,1.49017,2.0511,1.57116,1.15214,1.58889,1.15531,0.966084,1.09855,0.305413,0.305413,0.542314,0.542314,0.451671,0.89042,0.684483,0.504726,0.306724
2017-05-01,0.173078,2.18484,1.66097,2.32397,1.37885,1.05768,1.43123,1.43279,1.23957,1.59241,1.27307,0.99727,1.37266,1.62427,1.19108,1.6426,1.12107,0.933503,1.0648,0.328944,0.328944,0.503387,0.503387,0.422895,0.89042,0.650679,0.337778,0.317092
2017-05-02,0.118833,2.18484,1.66097,2.32397,1.29849,0.995112,1.34797,1.34944,1.16692,1.50008,1.28126,1.00369,1.3815,1.49472,1.09608,1.51159,1.07883,0.895338,1.02378,0.311826,0.311826,0.480775,0.480775,0.397954,0.89042,0.610653,0.339953,0.291801
2017-05-03,-0.127215,2.18484,1.66097,2.32397,1.23126,0.94277,1.27832,1.27971,1.10615,1.42276,1.1787,0.923349,1.27092,1.56136,1.14495,1.57898,1.00077,0.823228,0.947507,0.288407,0.288407,0.463854,0.463854,0.348351,0.89042,0.577172,0.312741,0.304811
2017-05-04,0.0581918,2.18484,1.66097,2.32397,1.19782,0.916731,1.24367,1.24503,1.07592,1.38454,0.979192,0.767058,1.05579,1.32744,0.973417,1.34242,0.900956,0.747043,0.854782,0.28829,0.28829,0.523034,0.523034,0.332734,0.89042,0.560516,0.259805,0.259145
2017-05-05,0.408035,2.18484,1.66097,2.32397,1.15165,0.880786,1.19583,1.19714,1.03419,1.33135,0.93546,0.732801,1.00864,1.44011,1.05604,1.45636,0.873831,0.721894,0.82825,0.286514,0.286514,0.470955,0.470955,0.312227,0.89042,0.537523,0.248202,0.28114
2017-05-08,0.00374687,2.18484,1.66097,2.32397,1.17571,0.899515,1.22076,1.22209,1.05593,1.35873,1.04157,0.815925,1.12306,1.43296,1.0508,1.44914,0.840529,0.699465,0.79821,0.2397,0.2397,0.484198,0.484198,0.31252,0.89042,0.549503,0.276356,0.279746
2017-05-09,-0.102579,2.18484,1.66097,2.32397,1.13692,0.869311,1.18056,1.18186,1.02087,1.31458,0.955235,0.748292,1.02996,1.50901,1.10657,1.52605,0.782314,0.652891,0.743487,0.27815,0.27815,0.450453,0.450453,0.295331,0.89042,0.530183,0.253449,0.294592
2017-05-10,0.112998,2.18484,1.66097,2.32397,1.11005,0.846619,1.15447,1.15712,0.992709,1.28014,0.930922,0.729246,1.00375,1.33541,0.979265,1.35049,0.83885,0.700217,0.79726,0.288516,0.288516,0.470498,0.470498,0.314764,0.89042,0.515331,0.246998,0.260702
2017-05-11,-0.216518,2.18484,1.66097,2.32397,1.08149,0.824456,1.12484,1.12742,0.964011,1.24717,0.830679,0.65072,0.895664,1.26491,0.927566,1.27919,0.749996,0.623336,0.711998,0.297095,0.297095,0.467734,0.467734,0.275613,0.89042,0.501205,0.220401,0.246938
2017-05-12,-0.147952,2.18484,1.66097,2.32397,1.10526,0.842905,1.1495,1.15214,0.985348,1.27437,0.923739,0.723619,0.996004,1.39125,1.02021,1.40695,0.8757,0.734206,0.833252,0.308506,0.308506,0.487133,0.487133,0.337237,0.89042,0.512964,0.245092,0.271601
2017-05-15,0.476516,2.18484,1.66097,2.32397,1.10329,0.841376,1.14746,1.15009,0.98358,1.27211,0.864082,0.676887,0.93168,1.40076,1.02719,1.41657,0.852724,0.707732,0.809226,0.301859,0.301859,0.476941,0.476941,0.315298,0.89042,0.511989,0.229264,0.273459
2017-05-16,-0.0687155,2.18484,1.66097,2.32397,1.16941,0.892697,1.21607,1.21886,1.04294,1.34775,0.944154,0.739612,1.01802,1.40099,1.02735,1.4168,0.903982,0.756458,0.859725,0.285071,0.285071,0.461625,0.461625,0.348747,0.89042,0.5447,0.250509,0.273503
2017-05-17,-1.83455,2.18484,1.66097,2.32397,1.13613,0.866863,1.18153,1.18424,1.01306,1.30965,0.820847,0.643017,0.885062,1.1662,0.855181,1.17936,0.821264,0.678002,0.778285,0.303442,0.303442,0.466479,0.466479,0.295333,0.89042,0.528234,0.217792,0.227668
2017-05-18,0.368006,2.18484,1.68008,2.33018,2.42247,1.8653,2.51642,2.62643,2.17429,2.84926,1.63805,1.25784,1.79202,1.77128,1.25741,1.78725,2.41199,1.93056,2.26756,0.526034,0.526034,0.859181,0.859181,0.726384,0.892971,1.16828,0.418637,0.333946
2017-05-19,0.67447,2.18484,1.68008,2.33018,2.17381,1.6723,2.25838,2.3574,1.95042,2.55791,1.14643,0.880328,1.25419,1.65531,1.17508,1.67023,1.37457,1.13747,1.30344,0.423037,0.423037,0.59044,0.59044,0.501915,0.892971,1.0449,0.292993,0.312081
2017-05-22,0.514685,2.18484,1.68008,2.33018,2.05846,1.58277,2.13868,2.2326,1.84657,2.42309,1.46146,1.12224,1.59884,1.73195,1.22949,1.74757,1.35642,1.12669,1.2875,0.393356,0.393356,0.549258,0.549258,0.504445,0.89042,0.984527,0.373507,0.326532
2017-05-23,0.183618,2.18484,1.68008,2.33018,1.91214,1.46919,1.98684,2.07429,1.71484,2.2516,1.43503,1.10194,1.56992,1.81788,1.29049,1.83427,1.29882,1.07461,1.23156,0.411605,0.411605,0.531976,0.531976,0.47036,0.89042,0.912141,0.366751,0.342731
2017-05-24,0.248605,2.18484,1.68008,2.33018,1.72739,1.32579,1.79511,1.8744,1.54851,2.0351,1.24092,0.952887,1.35756,1.68209,1.1941,1.69726,1.36764,1.13071,1.29656,0.42767,0.42767,0.578703,0.578703,0.489036,0.89042,0.820741,0.317142,0.317131
2017-05-25,0.443212,2.18484,1.68008,2.33018,1.58422,1.21467,1.64654,1.71951,1.41961,1.8679,1.20895,0.928341,1.32259,1.65903,1.17773,1.67399,1.24662,1.02258,1.17941,0.377517,0.377517,0.484107,0.484107,0.421866,0.884136,0.749914,0.308973,0.312783
2017-05-26,0.0310502,2.18484,1.68008,2.33018,1.51551,1.16133,1.57523,1.64516,1.35775,1.78739,1.28851,0.989436,1.40964,1.65828,1.17719,1.67323,1.15798,0.960065,1.09861,0.376774,0.376774,0.442751,0.442751,0.41795,0.884136,0.715919,0.329306,0.312642
2017-05-30,-0.120537,2.18484,1.68008,2.33018,1.39971,1.07145,1.45507,1.51988,1.2535,1.65219,1.15382,0.886004,1.26228,1.58477,1.12501,1.59905,1.15488,0.955482,1.09506,0.345673,0.345673,0.450961,0.450961,0.412822,0.884136,0.658633,0.294882,0.298782
2017-05-31,-0.046009,2.18484,1.68008,2.33018,1.32352,1.01232,1.376,1.43745,1.1849,1.56249,1.0893,0.836463,1.1917,1.49591,1.06193,1.50939,1.13453,0.933983,1.07437,0.323147,0.323147,0.475046,0.475046,0.391061,0.884136,0.620941,0.278394,0.282029
2017-06-01,0.754263,2.18484,1.68008,2.33018,1.25265,0.957307,1.30246,1.36077,1.1211,1.47999,1.06619,0.818718,1.16642,1.38309,0.981843,1.39557,1.10529,0.913512,1.04776,0.35618,0.35618,0.488744,0.488744,0.393617,0.872651,0.580703,0.272488,0.26076
2017-06-02,0.370087,2.18484,1.68008,2.33018,1.42065,1.0877,1.47679,1.54253,1.27234,1.67727,1.23907,0.951466,1.35554,1.72623,1.22543,1.7418,1.17145,0.975195,1.11257,0.347303,0.347303,0.448647,0.448647,0.435724,0.872651,0.663154,0.316669,0.325453
2017-06-05,-0.121842,2.18484,1.68008,2.33018,1.3667,1.04583,1.42081,1.48416,1.22378,1.61674,1.21247,0.931044,1.32645,1.59747,1.13403,1.61188,1.12772,0.939399,1.07123,0.331898,0.331898,0.442309,0.442309,0.419062,0.872651,0.636678,0.309872,0.301177
2017-06-06,-0.27829,2.18484,1.68008,2.33018,1.29788,0.992413,1.34939,1.4097,1.16182,1.53555,1.13965,0.875128,1.24678,1.60518,1.1395,1.61966,1.02999,0.858129,0.978433,0.33472,0.33472,0.419878,0.419878,0.382676,0.872651,0.602901,0.291262,0.302631
2017-06-07,0.156702,2.18484,1.68008,2.33018,1.28621,0.983356,1.33728,1.39708,1.15131,1.5215,1.11551,0.856586,1.22037,1.56104,1.10817,1.57512,1.01706,0.84878,0.966577,0.358523,0.358523,0.521505,0.521505,0.387687,0.872651,0.597174,0.285091,0.29431
2017-06-08,0.026715,2.18484,1.68008,2.33018,1.23126,0.931853,1.28617,1.32529,1.09571,1.4468,1.04719,0.804124,1.14562,1.51927,1.07851,1.53297,0.967871,0.806833,0.919559,0.324676,0.324676,0.451445,0.451445,0.363999,0.872651,0.569534,0.267631,0.286433
2017-06-09,-0.0830326,2.18484,1.68008,2.33018,1.17746,0.890438,1.2301,1.28625,1.04752,1.39603,0.989367,0.759724,1.08237,1.43408,1.01804,1.44701,0.901897,0.746913,0.855402,0.337104,0.337104,0.458706,0.458706,0.325681,0.866596,0.542629,0.252853,0.270373
2017-06-12,-0.0979231,2.1331,1.66097,2.29604,1.14808,0.86782,1.19948,1.23609,1.01572,1.34298,0.849265,0.640819,0.923336,1.439,1.01908,1.44618,0.92185,0.764907,0.874767,0.294256,0.294256,0.455139,0.455139,0.338859,0.86284,0.528207,0.217047,0.271301
2017-06-13,0.450136,2.1331,1.66097,2.29604,1.12856,0.852792,1.17913,1.21516,0.998319,1.32034,0.835497,0.630431,0.908368,1.40566,0.995468,1.41268,0.8778,0.726327,0.832358,0.284838,0.284838,0.448446,0.448446,0.311665,0.86284,0.518625,0.213529,0.265015
2017-06-14,-0.0996337,2.1331,1.66097,2.29604,1.17934,0.891887,1.23206,1.26962,1.04358,1.37926,0.990299,0.747237,1.07667,1.50695,1.0672,1.51447,0.973361,0.811203,0.924714,0.271356,0.271356,0.43649,0.43649,0.364292,0.855095,0.534614,0.253092,0.284111
2017-06-15,-0.224208,2.1331,1.66097,2.29604,1.15248,0.871207,1.20406,1.24081,1.01964,1.34809,0.945347,0.713319,1.0278,1.46398,1.03676,1.47128,0.911201,0.753009,0.863743,0.331019,0.331019,0.436566,0.436566,0.320422,0.855095,0.52162,0.241603,0.276009
2017-06-16,0.0283582,2.1331,1.66097,2.29604,1.16437,0.880359,1.21646,1.25356,1.03024,1.36188,0.971312,0.732911,1.05603,1.40645,0.996026,1.41347,0.950505,0.783434,0.900384,0.357161,0.357161,0.494919,0.494919,0.326567,0.855095,0.527371,0.248239,0.265164
2017-06-19,0.83126,2.1331,1.66097,2.29604,1.12597,0.850803,1.17644,1.21239,0.996016,1.31734,0.883492,0.666645,0.960548,1.4564,1.0314,1.46366,0.877267,0.718066,0.829506,0.348106,0.348106,0.429375,0.429375,0.28924,0.855095,0.5088,0.225795,0.274581
2017-06-20,-0.671919,2.1331,1.66097,2.29604,1.39589,1.05858,1.45776,1.50182,1.23659,1.63047,1.11511,0.841417,1.21237,1.43315,1.01493,1.4403,0.935798,0.777493,0.888307,0.314141,0.314141,0.427571,0.427571,0.342481,0.855095,0.639351,0.284991,0.270197
2017-06-21,-0.0582805,2.1331,1.66097,2.29604,1.55437,1.18058,1.62293,1.67176,1.37784,1.81433,1.14078,0.860784,1.24028,1.65785,1.17406,1.66612,1.11971,0.923,1.0607,0.426576,0.426576,0.558122,0.558122,0.396643,0.855095,0.727626,0.29155,0.31256
2017-06-22,-0.0455883,2.1331,1.66097,2.29604,1.43863,1.09148,1.5023,1.54765,1.27468,1.68005,1.08018,0.815056,1.17439,1.55186,1.099,1.5596,1.01566,0.842613,0.963748,0.361816,0.361816,0.517369,0.517369,0.372496,0.855095,0.670816,0.276062,0.292579
2017-06-23,0.155968,2.1331,1.66097,2.29604,1.34535,1.01967,1.40507,1.44762,1.19154,1.57183,0.999013,0.753813,1.08615,1.56522,1.10847,1.57303,0.963694,0.790561,0.911754,0.34604,0.34604,0.455766,0.455766,0.32991,0.855095,0.625031,0.255319,0.295098
2017-06-26,0.0315785,2.1331,1.66097,2.29604,1.26919,0.961054,1.32571,1.36596,1.12367,1.48349,1.03796,0.783202,1.12849,1.48232,1.04975,1.48971,0.891494,0.726218,0.841912,0.324814,0.324814,0.430294,0.430294,0.293617,0.855095,0.587654,0.265273,0.279467
2017-06-27,-0.810559,2.1331,1.66097,2.29604,1.20664,0.9129,1.26051,1.29889,1.06791,1.41092,0.963209,0.726796,1.04722,1.35446,0.959205,1.36122,0.879297,0.701589,0.825985,0.315473,0.315473,0.431897,0.431897,0.254631,0.855095,0.556951,0.246168,0.255361
2017-06-28,0.876948,2.1331,1.66097,2.29604,1.52999,1.16181,1.59752,1.64562,1.35611,1.78604,1.20599,0.926064,1.31474,1.4983,1.06107,1.50577,1.28736,1.05701,1.21825,0.39782,0.39782,0.545144,0.545144,0.444291,0.855095,0.716273,0.308215,0.28248
2017-06-29,-0.863718,2.1331,1.66097,2.29604,1.68584,1.28178,1.75994,1.81273,1.49501,1.96682,1.51238,1.16134,1.64877,1.70826,1.20976,1.71678,1.481,1.2195,1.40255,0.369662,0.369662,0.429209,0.429209,0.526896,0.855095,0.792824,0.38652,0.322064
2017-06-30,0.153203,2.1331,1.66097,2.29604,1.87093,1.42427,1.95285,2.01121,1.65998,2.18158,1.72348,1.32345,1.87891,1.92942,1.36639,1.93905,1.53858,1.26616,1.45686,0.390228,0.390228,0.603361,0.603361,0.547125,0.862606,0.884669,0.440472,0.363761
2017-07-03,0.230817,2.1331,1.66097,2.29604,1.69048,1.28536,1.76478,1.81771,1.49915,1.97222,1.41473,1.08635,1.54231,1.7408,1.23281,1.74948,1.4592,1.19695,1.38052,0.352719,0.352719,0.511482,0.511482,0.50755,0.862606,0.795944,0.361563,0.328199
2017-07-05,0.145221,2.1331,1.66097,2.29604,1.55188,1.17867,1.62033,1.66909,1.37562,1.81142,1.47566,1.13314,1.60873,1.65964,1.17533,1.66792,1.63565,1.35803,1.55237,0.325646,0.325646,0.461505,0.461505,0.603329,0.862606,0.727798,0.377135,0.312899
2017-07-06,-0.941297,2.1331,1.66097,2.29604,1.43189,1.08629,1.49527,1.54042,1.26867,1.6722,1.59803,1.22711,1.74214,1.60139,1.13408,1.60938,1.54258,1.27818,1.46326,0.300487,0.300487,0.425143,0.425143,0.556704,0.862606,0.668798,0.408409,0.301916
2017-07-07,0.63827,2.1331,1.66097,2.29604,1.76488,1.34189,1.84362,1.89171,1.56092,2.04672,1.84961,1.4203,2.01642,1.78163,1.26172,1.79052,1.71669,1.4207,1.6279,0.366834,0.366834,0.605313,0.605313,0.623338,0.863952,0.835052,0.472707,0.335897
2017-07-10,0.0927336,2.1331,1.66097,2.29604,1.73474,1.31872,1.81218,1.85948,1.53414,2.0119,1.80818,1.38848,1.97125,1.85419,1.31311,1.86344,1.74242,1.43514,1.65023,0.353569,0.353569,0.485679,0.485679,0.615396,0.863952,0.820242,0.462119,0.349578
2017-07-11,-0.0782986,2.1331,1.66097,2.29604,1.58233,1.20158,1.6532,1.69649,1.39873,1.83593,1.4288,1.09716,1.55766,1.71807,1.21671,1.72664,1.52333,1.26051,1.44448,0.354847,0.354847,0.430306,0.430306,0.549155,0.863952,0.745354,0.36516,0.323914
2017-07-12,0.727906,2.1331,1.66097,2.29604,1.46655,1.11259,1.53244,1.57268,1.29587,1.70222,1.35887,1.04346,1.48141,1.62329,1.14959,1.63139,1.57163,1.28562,1.48583,0.332341,0.332341,0.447796,0.447796,0.531346,0.863952,0.688463,0.347287,0.306045
2017-07-13,0.187284,2.1331,1.66097,2.29604,1.55884,1.18352,1.6287,1.67137,1.37786,1.80862,1.63419,1.25488,1.78157,1.79354,1.27015,1.80248,1.61083,1.32814,1.52602,0.316808,0.316808,0.4163,0.4163,0.574968,0.863952,0.733811,0.417652,0.338142
2017-07-14,0.46626,2.1331,1.66097,2.29604,1.44557,1.09647,1.51056,1.55025,1.27723,1.67781,1.39087,1.06804,1.5163,1.75933,1.24593,1.7681,1.46865,1.21679,1.39309,0.308563,0.308563,0.415858,0.415858,0.536947,0.863952,0.678157,0.355466,0.331692
2017-07-17,-0.00529033,2.1331,1.66097,2.29604,1.42277,1.07894,1.48677,1.52586,1.25697,1.65131,1.43601,1.1027,1.56551,1.77537,1.25729,1.78423,1.45614,1.20786,1.38166,0.313137,0.313137,0.437919,0.437919,0.538611,0.863952,0.666951,0.367002,0.334718
2017-07-18,0.0597673,2.1331,1.66097,2.29604,1.33145,1.00875,1.39152,1.42821,1.17584,1.54571,1.27527,0.979269,1.39028,1.6998,1.20377,1.70828,1.40192,1.16063,1.32954,0.325166,0.325166,0.426098,0.426098,0.510404,0.863952,0.622081,0.325923,0.32047
2017-07-19,0.535827,2.1331,1.66097,2.29604,1.2565,0.951145,1.31334,1.34806,1.10926,1.45905,1.20814,0.927721,1.3171,1.6409,1.16206,1.64909,1.09663,0.905483,1.03929,0.334995,0.334995,0.384559,0.384559,0.389497,0.863952,0.585255,0.308766,0.309365
2017-07-20,-0.015366,2.1331,1.66097,2.29604,1.31124,0.993217,1.37044,1.40659,1.15789,1.52177,1.31344,1.00858,1.43189,1.637,1.15929,1.64516,1.1867,0.985167,1.12624,0.342973,0.342973,0.36453,0.36453,0.437664,0.863952,0.612151,0.335677,0.308629
2017-07-21,-0.0367975,2.1331,1.66097,2.29604,1.24368,0.941291,1.29997,1.33435,1.09787,1.44335,1.09451,0.840465,1.19322,1.61222,1.14174,1.62026,1.03743,0.859081,0.983926,0.355557,0.355557,0.371786,0.371786,0.37313,0.863952,0.578956,0.279725,0.303957
2017-07-24,-0.106429,2.1331,1.66097,2.29604,1.19271,0.902114,1.2468,1.27984,1.05259,1.38562,1.16662,0.895835,1.27183,1.57799,1.11751,1.58586,1.04115,0.859565,0.986678,0.35794,0.35794,0.355016,0.355016,0.373558,0.863952,0.553911,0.298154,0.297504
2017-07-25,0.291892,2.1331,1.66097,2.29604,1.16343,0.879606,1.21626,1.24853,1.02657,1.35098,1.18294,0.908367,1.28962,1.53084,1.08411,1.53847,1.01914,0.840093,0.965428,0.345812,0.345812,0.410905,0.410905,0.357921,0.863952,0.539522,0.302325,0.288615
2017-07-26,0.0282626,2.1331,1.66097,2.29604,1.15406,0.872409,1.20649,1.23851,1.01825,1.33917,1.19172,0.91511,1.29919,1.50607,1.06657,1.51358,1.1149,0.913885,1.05459,0.338206,0.338206,0.390358,0.390358,0.381094,0.863952,0.534922,0.304569,0.283945
2017-07-27,-0.0973179,2.1331,1.66097,2.29604,1.11832,0.844935,1.16921,1.20029,0.986493,1.29763,1.1047,0.848287,1.20432,1.51259,1.07119,1.52013,1.07371,0.886882,1.01766,0.306342,0.306342,0.385993,0.385993,0.384031,0.863952,0.517358,0.282329,0.285174
2017-07-28,-0.134201,2.1331,1.66097,2.29604,1.10499,0.834692,1.15531,1.18604,0.974654,1.28116,1.14991,0.883002,1.25361,1.44427,1.02281,1.45147,1.12072,0.928849,1.06316,0.310862,0.310862,0.393261,0.393261,0.40305,0.863952,0.51081,0.293883,0.272294
2017-07-31,-0.0728432,2.1331,1.66097,2.29604,1.10253,0.832801,1.15274,1.18341,0.972468,1.27661,1.04637,0.803494,1.14073,1.3899,0.984303,1.39683,1.05224,0.869297,0.997355,0.278903,0.278903,0.378427,0.378427,0.375988,0.863952,0.5096,0.267421,0.262043
2017-08-01,0.244614,2.1331,1.66097,2.29604,1.08882,0.822263,1.13844,1.16875,0.952089,1.25947,1.04445,0.802021,1.13864,1.33181,0.943168,1.33846,0.993537,0.817293,0.940664,0.295726,0.295726,0.408747,0.408747,0.342762,0.863952,0.502864,0.26693,0.251092
2017-08-02,0.0492539,2.1331,1.66097,2.29604,1.08688,0.820774,1.13642,1.16667,0.948995,1.25696,1.01436,0.778917,1.10584,1.35092,0.956697,1.35766,1.01968,0.845197,0.967337,0.295931,0.295931,0.398269,0.398269,0.364098,0.863952,0.501912,0.259241,0.254694
2017-08-03,-0.218606,2.1331,1.66097,2.29604,1.06614,0.80483,1.11478,1.14449,0.930739,1.2328,0.975884,0.749371,1.06389,1.30883,0.926893,1.31536,0.961989,0.796152,0.912238,0.281029,0.281029,0.383347,0.383347,0.340291,0.863952,0.491719,0.249407,0.246759
2017-08-04,0.188734,2.1331,1.66097,2.29604,1.04256,0.785579,1.0906,1.12734,0.918722,1.22427,1.01254,0.777522,1.10386,1.20674,0.854591,1.21276,0.877566,0.734737,0.834717,0.30102,0.30102,0.394686,0.394686,0.335395,0.863952,0.486904,0.258777,0.227511
2017-08-07,0.164583,2.1331,1.66097,2.29604,1.02635,0.773125,1.07368,1.10989,0.904322,1.20769,0.973158,0.734303,1.06003,1.12539,0.796979,1.131,0.920761,0.770785,0.875769,0.28768,0.28768,0.346786,0.346786,0.349637,0.862606,0.476907,0.248711,0.212173
2017-08-08,-0.241736,2.1331,1.66097,2.29604,1.01059,0.761015,1.05724,1.09292,0.89032,1.18859,0.916229,0.691347,0.998022,1.05026,0.743773,1.05549,0.880228,0.732881,0.836024,0.244838,0.244838,0.357525,0.357525,0.321015,0.862606,0.469069,0.234162,0.198009
2017-08-09,-0.0363674,2.1331,1.66097,2.29604,1.05353,0.794005,1.10204,1.13914,0.928464,1.23834,0.90931,0.686126,0.990484,1.17418,0.831535,1.18004,0.875438,0.731631,0.832296,0.280353,0.280353,0.36226,0.36226,0.332462,0.862606,0.490421,0.232393,0.221373
2017-08-10,-1.45802,2.1331,1.66097,2.29604,1.03192,0.777404,1.07949,1.11589,0.90927,1.2118,0.869447,0.656047,0.947063,1.1143,0.789131,1.11986,0.859835,0.720012,0.817888,0.27708,0.27708,0.364273,0.364273,0.327316,0.862606,0.479676,0.222205,0.210084
2017-08-11,0.127475,2.1331,1.66097,2.29604,2.03591,1.54876,2.12696,2.24179,1.80608,2.42097,1.43283,1.09522,1.60549,1.62817,1.12471,1.63019,1.66479,1.38028,1.57944,0.503905,0.503905,0.688717,0.688717,0.616537,0.863952,0.982578,0.364514,0.298703
2017-08-14,0.999364,2.1331,1.66097,2.29604,1.82235,1.38468,1.90415,2.00732,1.61587,2.16899,1.05075,0.803168,1.17737,1.31666,0.909522,1.31829,1.27745,1.05993,1.2122,0.369481,0.369481,0.456048,0.456048,0.465577,0.863952,0.876014,0.267312,0.241553
2017-08-15,-0.049894,2.1331,1.66097,2.29604,1.96975,1.49793,2.05794,2.16916,1.74238,2.33958,1.4008,1.07073,1.56959,1.73751,1.20024,1.73966,1.35048,1.12081,1.28158,0.379133,0.379133,0.446562,0.446562,0.496059,0.863952,0.949566,0.356364,0.318762
2017-08-16,0.14191,2.1331,1.66097,2.29604,1.77103,1.34526,1.85061,1.95097,1.56585,2.10476,1.16962,0.894028,1.31056,1.42562,0.984794,1.42739,1.12081,0.933672,1.06467,0.345591,0.345591,0.433221,0.433221,0.416132,0.863952,0.850403,0.297553,0.261544
2017-08-17,-1.55573,2.1331,1.66097,2.29604,1.60351,1.21655,1.67583,1.76705,1.41703,1.90682,1.08314,0.827926,1.21366,1.11473,0.768183,1.11603,1.1221,0.928335,1.06397,0.313063,0.313063,0.403475,0.403475,0.398641,0.862606,0.763897,0.275552,0.204507
2017-08-18,-0.183707,2.1331,1.66097,2.29604,2.39055,1.82123,2.49696,2.63116,2.12196,2.84473,1.69692,1.25859,1.84405,1.58581,1.0638,1.58509,1.60393,1.325,1.52025,0.450603,0.450603,0.56445,0.56445,0.575658,0.863952,1.15956,0.409129,0.282503
2017-08-21,0.116199,2.1331,1.66097,2.29604,2.13838,1.62749,2.23387,2.3543,1.89735,2.54595,1.31543,0.97565,1.42949,1.36044,0.912613,1.35982,1.31679,1.08539,1.24737,0.364901,0.364901,0.521072,0.521072,0.462061,0.863952,1.03371,0.317153,0.242355
2017-08-22,0.98917,2.1331,1.66097,2.29604,1.90748,1.45008,1.99296,2.10078,1.69169,2.27236,1.16651,0.865192,1.26765,1.25881,0.844439,1.25824,1.20028,0.993098,1.13813,0.356941,0.356941,0.497532,0.497532,0.430308,0.863952,0.918484,0.281247,0.22425
2017-08-23,-0.345958,2.1331,1.66097,2.29604,2.02301,1.53884,2.1135,2.22762,1.79459,2.40925,1.4736,1.09296,1.60137,1.59302,1.06863,1.59229,1.25619,1.03789,1.1907,0.362472,0.362472,0.504864,0.504864,0.445527,0.863952,0.97612,0.355288,0.283787
2017-08-24,-0.207659,2.1331,1.66097,2.29604,1.87283,1.42347,1.95682,2.06274,1.66083,2.23131,1.3731,1.01842,1.49216,1.62554,1.09045,1.6248,1.23283,1.0228,1.16982,0.406598,0.406598,0.491492,0.491492,0.445197,0.863952,0.901185,0.331058,0.289581
2017-08-25,0.167144,2.1331,1.66097,2.29604,1.71521,1.30237,1.79237,1.88968,1.52044,2.04455,1.31091,0.972294,1.42457,1.40453,0.942187,1.40389,1.29745,1.06497,1.22771,0.400512,0.400512,0.491977,0.491977,0.442003,0.863952,0.822511,0.316062,0.250209
2017-08-28,0.0486977,2.1331,1.66097,2.29604,1.55949,1.18273,1.62991,1.71872,1.38174,1.86006,1.17454,0.871148,1.27638,1.38182,0.926955,1.38119,1.13827,0.939158,1.07854,0.395737,0.395737,0.439359,0.439359,0.401001,0.863952,0.744785,0.283183,0.246163
2017-08-29,0.0842443,2.1331,1.66097,2.29604,1.42771,1.08149,1.49242,1.57404,1.26437,1.70392,1.09438,0.811699,1.18927,1.4323,0.96082,1.43165,1.1314,0.928252,1.07046,0.374999,0.374999,0.431422,0.431422,0.384738,0.863952,0.679052,0.263858,0.255157
2017-08-30,0.460456,2.1331,1.66097,2.29604,1.32084,0.999379,1.38093,1.4567,1.16918,1.57729,1.0212,0.757419,1.10975,1.24274,0.833661,1.24218,1.11194,0.91475,1.05278,0.343592,0.343592,0.43062,0.43062,0.380755,0.863952,0.625719,0.246213,0.221388
2017-08-31,0.570467,2.1331,1.66097,2.29604,1.3161,0.995735,1.37598,1.45149,1.16496,1.57167,1.12202,0.832194,1.2193,1.32997,0.892175,1.32937,1.0673,0.877776,1.01044,0.32536,0.32536,0.399639,0.399639,0.366909,0.863952,0.623301,0.27052,0.236927
2017-09-01,0.198056,2.1331,1.66097,2.29604,1.37952,1.03698,1.44779,1.49941,1.20355,1.6239,1.23915,0.91907,1.34659,1.44649,0.970335,1.44583,1.02654,0.854703,0.974988,0.31547,0.31547,0.419622,0.419622,0.378126,0.863952,0.643463,0.298761,0.257683
2017-09-05,-0.757944,2.1331,1.66097,2.29604,1.2928,0.970807,1.35697,1.40549,1.12738,1.52251,1.18972,0.882406,1.29287,1.31388,0.881382,1.31329,0.904487,0.738955,0.854828,0.323749,0.323749,0.385889,0.385889,0.298617,0.863952,0.600811,0.286843,0.234061
2017-09-06,0.312383,2.1331,1.66097,2.29604,1.55702,1.17242,1.63367,1.69162,1.35944,1.8314,1.41145,1.04687,1.53383,1.72542,1.15745,1.72463,1.29385,1.0724,1.22741,0.387811,0.387811,0.45193,0.45193,0.469887,0.863952,0.731455,0.340303,0.307373
2017-09-07,-0.0178435,2.1331,1.66097,2.29604,1.45553,1.09498,1.52739,1.58172,1.27031,1.71275,1.39096,1.03167,1.51157,1.54504,1.03644,1.54433,1.14582,0.943114,1.08501,0.41156,0.41156,0.429869,0.429869,0.40401,0.863952,0.68124,0.335363,0.275239
2017-09-08,-0.148997,2.1331,1.66097,2.29604,1.34786,1.01282,1.41464,1.46512,1.17574,1.58689,1.28023,0.949536,1.39123,1.48981,0.999399,1.48913,1.13549,0.933625,1.07493,0.388903,0.388903,0.437996,0.437996,0.39044,0.863952,0.630459,0.308664,0.265402
2017-09-11,1.0781,2.1331,1.66097,2.29604,1.28352,0.963727,1.34725,1.39544,1.11923,1.51167,1.21516,0.901277,1.32052,1.55029,1.03997,1.54958,1.0938,0.900897,1.03593,0.369347,0.369347,0.422871,0.422871,0.38242,0.863952,0.596758,0.292977,0.276175
2017-09-12,0.335831,2.1331,1.66097,2.29604,1.70058,1.28196,1.78401,1.84709,1.48552,1.99922,1.46814,1.08891,1.59544,1.66951,1.11994,1.66875,1.32013,1.09437,1.2524,0.369825,0.369825,0.507388,0.507388,0.478779,0.863952,0.801935,0.353972,0.297413
2017-09-13,0.075682,2.1331,1.66097,2.29604,1.57563,1.18663,1.65317,1.71178,1.37579,1.85316,1.40139,1.0394,1.5229,1.67372,1.12277,1.67295,1.23639,1.02516,1.17302,0.360549,0.360549,0.480486,0.480486,0.44201,0.863952,0.74023,0.337877,0.298163
2017-09-14,-0.110132,2.1331,1.66097,2.29604,1.44118,1.08403,1.51237,1.56618,1.25771,1.69598,1.3164,0.97637,1.43054,1.51566,1.01674,1.51497,1.1865,0.986281,1.12643,0.318902,0.318902,0.406727,0.406727,0.432501,0.863952,0.674195,0.317387,0.270007
2017-09-15,0.184549,2.1331,1.66097,2.29604,1.34886,1.01359,1.41568,1.4662,1.17662,1.58805,1.30689,0.969313,1.42021,1.61589,1.08398,1.61516,1.13917,0.941922,1.08,0.323925,0.323925,0.418766,0.418766,0.402311,0.863952,0.628851,0.315093,0.287862
2017-09-18,0.145485,2.1331,1.66097,2.29604,1.2667,0.950894,1.32964,1.37723,1.10446,1.492,1.30478,0.967748,1.41791,1.48998,0.999515,1.48931,1.10511,0.914202,1.04784,0.303348,0.303348,0.389518,0.389518,0.389428,0.863952,0.588498,0.314584,0.265432
2017-09-19,0.110959,2.1331,1.66097,2.29604,1.19763,0.898186,1.2573,1.30242,1.0438,1.41125,1.29697,0.961957,1.40943,1.40457,0.942216,1.40393,1.09706,0.89861,1.03753,0.262587,0.262587,0.386533,0.386533,0.362397,0.863952,0.554572,0.312702,0.250216
2017-09-20,0.0634152,2.1331,1.66097,2.29604,1.14105,0.855018,1.19806,1.24116,0.994109,1.34511,1.22905,0.911579,1.33562,1.39631,0.936679,1.39568,1.17089,0.965196,1.10918,0.260701,0.260701,0.336665,0.336665,0.404165,0.863952,0.526786,0.296326,0.248746
2017-09-21,-0.305057,2.1331,1.66097,2.29604,1.0959,0.820562,1.15077,1.19226,0.95445,1.29232,1.2802,0.94952,1.3912,1.50418,1.00904,1.5035,1.08889,0.893841,1.03038,0.238027,0.238027,0.332598,0.332598,0.366747,0.863952,0.504608,0.308659,0.267962
2017-09-22,0.0647595,2.1331,1.66097,2.29604,1.1473,0.859786,1.2046,1.24793,0.999597,1.35241,1.24272,0.921718,1.35047,1.53075,1.02686,1.53006,1.21254,0.997338,1.14798,0.294186,0.294186,0.391866,0.391866,0.417212,0.863952,0.528521,0.299621,0.272696
2017-09-25,-0.222454,2.1331,1.66097,2.29604,1.10073,0.824248,1.15583,1.19749,0.958693,1.29797,1.18185,0.876569,1.28432,1.42349,0.95491,1.42284,1.03862,0.858115,0.984471,0.298009,0.298009,0.357973,0.357973,0.36758,0.862606,0.505697,0.284945,0.253587
2017-09-26,0.00721738,2.1331,1.66097,2.29604,1.1175,0.837047,1.1734,1.21566,0.973424,1.31757,1.16014,0.860468,1.26073,1.41483,0.949099,1.41418,1.03496,0.855638,0.981161,0.299989,0.299989,0.379834,0.379834,0.366943,0.862606,0.513917,0.279711,0.252044
2017-09-27,0.40768,2.1331,1.66097,2.29604,1.07993,0.808381,1.13406,1.17497,0.94043,1.27367,1.08114,0.801875,1.17488,1.28536,0.862249,1.28478,0.984893,0.808123,0.931862,0.306452,0.306452,0.345607,0.345607,0.333705,0.862606,0.495507,0.260664,0.22898
2017-09-28,0.120392,2.1331,1.66097,2.29604,1.12303,0.841267,1.17919,1.22164,0.978281,1.32409,1.17003,0.867807,1.27148,1.36889,0.918279,1.36826,1.05233,0.865159,0.996176,0.288163,0.288163,0.377166,0.377166,0.356689,0.853521,0.509571,0.282097,0.243859
2017-09-29,0.369824,2.1331,1.66097,2.29604,1.08386,0.811374,1.13816,1.17922,0.943874,1.27827,1.1212,0.831586,1.21841,1.34038,0.899159,1.33977,0.922926,0.758473,0.87359,0.296654,0.296654,0.338487,0.338487,0.311372,0.853521,0.490606,0.270322,0.238782
2017-10-02,0.386651,2.1331,1.66097,2.29604,1.08194,0.805119,1.13952,1.19033,0.940994,1.28494,1.15549,0.857024,1.25568,1.37291,0.920979,1.37229,0.895737,0.738764,0.848645,0.285761,0.285761,0.377804,0.377804,0.306521,0.853521,0.49605,0.278592,0.244576
2017-10-03,0.215653,2.1331,1.66097,2.29604,1.10786,0.824804,1.16674,1.2187,0.963741,1.31541,1.1786,0.874161,1.28079,1.42632,0.956808,1.42567,0.82237,0.676095,0.778487,0.259664,0.259664,0.344534,0.344534,0.272467,0.853521,0.508773,0.284162,0.254091
2017-10-04,0.124594,2.1331,1.66097,2.29604,1.07687,0.801271,1.1342,1.18479,0.936548,1.27889,1.07141,0.79466,1.16431,1.28902,0.864704,1.28843,0.838028,0.688262,0.793098,0.250806,0.250806,0.332252,0.332252,0.273361,0.853521,0.493564,0.258319,0.229632
2017-10-05,0.563091,2.1331,1.66097,2.29604,1.04083,0.7739,1.09636,1.14535,0.904921,1.23651,1.03661,0.768846,1.12649,1.16376,0.780673,1.16323,0.83401,0.688771,0.790439,0.236616,0.236616,0.295709,0.295709,0.279755,0.853521,0.475874,0.249928,0.207317
2017-10-06,-0.107421,2.1331,1.66097,2.29604,1.16659,0.869405,1.22841,1.28296,1.01528,1.38479,1.1653,0.864298,1.26634,1.27158,0.853001,1.271,0.919731,0.762951,0.872697,0.228296,0.228296,0.326106,0.326106,0.325516,0.853521,0.537599,0.280956,0.226524
2017-10-09,-0.180606,2.1331,1.66097,2.29604,1.12822,0.840267,1.18812,1.24097,0.981607,1.33958,1.11244,0.825094,1.2089,1.2854,0.862274,1.28481,0.862385,0.712265,0.817349,0.265711,0.265711,0.34056,0.34056,0.297434,0.853521,0.518767,0.268212,0.228987
2017-10-10,0.231971,2.1331,1.66097,2.29604,1.11809,0.832574,1.17749,1.22989,0.972718,1.32758,1.12032,0.830939,1.21746,1.28598,0.862667,1.2854,0.963506,0.791327,0.911852,0.288945,0.288945,0.364843,0.364843,0.320007,0.853521,0.513795,0.270112,0.229091
2017-10-11,0.180188,2.1331,1.66097,2.29604,1.088,0.809723,1.14589,1.19697,0.946315,1.29185,1.09878,0.814961,1.19405,1.17602,0.788901,1.17549,0.928753,0.755835,0.876878,0.276982,0.276982,0.341933,0.341933,0.290531,0.853521,0.499026,0.264918,0.209502
2017-10-12,-0.168819,2.1331,1.66097,2.29604,1.05559,0.785107,1.11185,1.1615,0.917871,1.25351,1.0977,0.814155,1.19287,1.34428,0.901774,1.34367,0.967631,0.790912,0.914616,0.278129,0.278129,0.343635,0.343635,0.313139,0.853521,0.483117,0.264656,0.239476
2017-10-13,0.0877726,2.1331,1.66097,2.29604,1.05975,0.788269,1.11623,1.16605,0.921525,1.25817,1.07003,0.793636,1.16281,1.31083,0.879335,1.31023,0.896131,0.731228,0.84666,0.276168,0.276168,0.360974,0.360974,0.290404,0.853521,0.485161,0.257986,0.233517
2017-10-16,0.174923,2.1331,1.66097,2.29604,1.02572,0.762424,1.08049,1.12882,0.89166,1.21755,1.01456,0.752492,1.10253,1.18164,0.792669,1.1811,0.809275,0.656006,0.763295,0.270648,0.270648,0.359666,0.359666,0.254131,0.853521,0.468456,0.244611,0.210502
2017-10-17,0.0672347,2.1331,1.66097,2.29604,1.00696,0.748179,1.06079,1.10829,0.8752,1.19487,1.0216,0.757718,1.11018,1.30643,0.876381,1.30583,0.75063,0.604962,0.70693,0.29337,0.29337,0.353946,0.353946,0.226388,0.853521,0.45925,0.24631,0.232733
2017-10-18,0.0742059,2.1331,1.66097,2.29604,0.984792,0.731343,1.03752,1.08403,0.855746,1.16778,1.00695,0.746853,1.09426,1.33148,0.893188,1.33088,0.691851,0.556575,0.651268,0.264857,0.264857,0.3377,0.3377,0.203868,0.853521,0.448368,0.242778,0.237196
2017-10-19,0.0327949,2.1331,1.66097,2.29604,0.967853,0.718478,1.01973,1.0655,0.840882,1.1472,0.954953,0.708283,1.03775,1.17952,0.791249,1.17898,0.686073,0.543777,0.643384,0.242469,0.242469,0.305595,0.305595,0.182213,0.853521,0.440054,0.230241,0.210125
2017-10-20,0.510381,2.1331,1.66097,2.29604,0.955855,0.709367,1.00713,1.05237,0.830354,1.13247,0.953037,0.706862,1.03567,1.25477,0.84173,1.2542,0.719248,0.567517,0.673728,0.230252,0.230252,0.284034,0.284034,0.184119,0.853521,0.434165,0.229779,0.223531
2017-10-23,-0.39804,2.1331,1.66097,2.29604,1.0789,0.80281,1.13633,1.18701,0.938326,1.27537,1.13289,0.840255,1.23111,1.27861,0.85772,1.27803,0.801093,0.639794,0.752703,0.231209,0.231209,0.291027,0.291027,0.229968,0.853521,0.494558,0.27314,0.227777
2017-10-24,0.16166,2.1331,1.66097,2.29604,1.17682,0.877171,1.23915,1.29415,1.02258,1.38859,1.16344,0.862915,1.26431,1.32752,0.890529,1.32691,0.926815,0.753797,0.87491,0.288384,0.288384,0.363239,0.363239,0.303539,0.853521,0.542618,0.280506,0.23649
2017-10-25,-0.467396,2.1331,1.66097,2.29604,1.12237,0.835823,1.18198,1.23457,0.974877,1.32489,1.08837,0.807241,1.18274,1.30811,0.877506,1.30751,0.955288,0.771983,0.900297,0.283211,0.283211,0.363006,0.363006,0.29824,0.853521,0.515895,0.262409,0.233032
2017-10-26,0.127014,2.1331,1.66097,2.29604,1.24669,0.930236,1.31252,1.3706,1.0838,1.47035,1.14401,0.848506,1.2432,1.32451,0.888512,1.32391,1.18909,0.985411,1.12799,0.286114,0.286114,0.348522,0.348522,0.428766,0.853521,0.576915,0.275823,0.235954
2017-10-27,0.804062,2.1331,1.66097,2.29604,1.1744,0.875335,1.23661,1.2915,1.02046,1.38576,1.1435,0.848128,1.24265,1.36715,0.917114,1.36653,1.28178,1.06066,1.21544,0.261833,0.261833,0.388121,0.388121,0.454275,0.853521,0.541432,0.2757,0.24355
2017-10-30,-0.319758,2.1331,1.66097,2.29604,1.38688,1.03258,1.46291,1.54465,1.20343,1.64581,1.37135,1.01712,1.49026,1.43578,0.963154,1.43513,1.42003,1.17868,1.34763,0.258085,0.258085,0.36267,0.36267,0.514788,0.851551,0.643107,0.330635,0.255776
2017-10-31,0.0944001,2.1331,1.66097,2.29604,1.36096,1.01297,1.43564,1.51592,1.18078,1.61529,1.2959,0.961163,1.40826,1.54981,1.03965,1.5491,1.35493,1.12007,1.28447,0.301316,0.301316,0.404737,0.404737,0.485034,0.851551,0.630427,0.312444,0.27609
2017-11-01,0.159085,2.1331,1.66097,2.29604,1.25929,0.93603,1.32866,1.40324,1.09191,1.49554,1.19711,0.887887,1.3009,1.39998,0.939138,1.39934,1.37155,1.14147,1.30253,0.289586,0.289586,0.351791,0.351791,0.511086,0.851551,0.580682,0.288624,0.249399
2017-11-02,0.0189952,2.1331,1.66097,2.29604,1.18063,0.876506,1.24589,1.31606,1.02316,1.4029,1.16758,0.865987,1.26881,1.41566,0.949659,1.41502,1.29659,1.07061,1.22879,0.269086,0.269086,0.33685,0.33685,0.456014,0.851551,0.542194,0.281505,0.252193
2017-11-03,0.309229,2.1331,1.66097,2.29604,1.11374,0.825888,1.17551,1.24192,0.964696,1.32411,1.07114,0.794458,1.16401,1.41393,0.948497,1.41329,1.14098,0.939126,1.08042,0.288031,0.288031,0.34134,0.34134,0.393375,0.851551,0.509466,0.258253,0.251884
2017-11-06,0.127045,2.1331,1.66097,2.29604,1.09557,0.812142,1.1564,1.22179,0.948819,1.30272,1.103,0.818088,1.19864,1.46816,0.984876,1.46749,1.15774,0.961441,1.09885,0.278319,0.278319,0.316227,0.316227,0.423258,0.851551,0.500578,0.265935,0.261545
2017-11-07,-0.0189125,2.1331,1.66097,2.29604,1.04612,0.77472,1.10436,1.16697,0.905594,1.24447,1.06137,0.787212,1.1534,1.41886,0.951802,1.41821,1.08822,0.894389,1.03007,0.246537,0.246537,0.310108,0.310108,0.371788,0.851551,0.476381,0.255898,0.252762
2017-11-08,0.144262,2.1331,1.66097,2.29604,1.00998,0.747374,1.06634,1.12692,0.874009,1.2019,1.05138,0.779801,1.14254,1.32454,0.888533,1.32394,0.921715,0.754689,0.871608,0.24642,0.24642,0.30021,0.30021,0.305695,0.851551,0.458699,0.253489,0.23596
2017-11-09,-0.376899,2.1331,1.66097,2.29604,0.980042,0.724718,1.03483,1.09374,0.847841,1.16664,1.02764,0.762193,1.11674,1.31369,0.881249,1.31309,0.816728,0.669803,0.772651,0.229264,0.229264,0.293752,0.293752,0.268938,0.851551,0.444051,0.247765,0.234026
2017-11-10,-0.0898059,2.1331,1.66097,2.29604,1.08801,0.806418,1.14844,1.2134,0.942207,1.2938,1.08992,0.808385,1.18442,1.36514,0.915769,1.36452,1.09425,0.89958,1.03585,0.278485,0.278485,0.349029,0.349029,0.377639,0.851551,0.496876,0.262781,0.243193
2017-11-13,0.0983175,2.1331,1.66097,2.29604,1.05472,0.781228,1.11341,1.17651,0.913112,1.2546,1.04642,0.776121,1.13715,1.23758,0.830198,1.23702,0.933624,0.768038,0.883948,0.248363,0.248363,0.336443,0.336443,0.314806,0.851551,0.480589,0.252293,0.220468
2017-11-14,-0.231229,2.1331,1.66097,2.29604,1.012,0.748898,1.06846,1.12915,0.87577,1.20428,1.08002,0.801044,1.17366,1.27707,0.856687,1.27649,0.921079,0.759447,0.872589,0.262687,0.262687,0.322288,0.322288,0.318593,0.851551,0.459685,0.260394,0.227503
2017-11-15,-0.5541,2.1331,1.66097,2.29604,1.03978,0.769924,1.09769,1.15995,0.900056,1.237,1.05072,0.779312,1.14182,1.21299,0.813698,1.21243,0.963186,0.798189,0.913687,0.27014,0.27014,0.361414,0.361414,0.346306,0.851551,0.47328,0.25333,0.216087
2017-11-16,0.816266,2.1331,1.66097,2.29604,1.24161,0.922653,1.31006,1.38365,1.07646,1.47471,1.18484,0.878791,1.28757,1.26216,0.846687,1.26159,1.04108,0.863087,0.987679,0.312358,0.312358,0.425963,0.425963,0.379315,0.851551,0.574954,0.285667,0.224847
2017-11-17,-0.262942,2.1331,1.66097,2.29604,1.46076,1.08848,1.54065,1.62654,1.268,1.73281,1.28687,0.954464,1.39845,1.41528,0.949402,1.41464,1.06054,0.881661,1.00688,0.295605,0.295605,0.364335,0.364335,0.39023,0.851551,0.682666,0.310266,0.252124
2017-11-20,0.127487,2.1331,1.66097,2.29604,1.39804,1.04103,1.47466,1.55702,1.21319,1.65894,1.18031,0.875428,1.28265,1.40551,0.942851,1.40488,0.955536,0.792966,0.906765,0.281575,0.281575,0.385913,0.385913,0.345317,0.851551,0.65184,0.284574,0.250385
2017-11-21,0.651982,2.1331,1.66097,2.29604,1.29126,0.960222,1.3623,1.43867,1.11986,1.53317,1.13939,0.845077,1.23818,1.31734,0.883699,1.31674,0.930534,0.776202,0.884234,0.263821,0.263821,0.392178,0.392178,0.347594,0.851551,0.599356,0.274708,0.234676
2017-11-22,-0.0750523,2.1331,1.66097,2.29604,1.38626,1.03211,1.46226,1.54397,1.20289,1.64505,1.24217,0.921313,1.34988,1.52181,1.02086,1.52112,0.871546,0.72771,0.828395,0.280292,0.280292,0.363197,0.363197,0.325062,0.851551,0.64605,0.29949,0.271102
2017-11-24,0.205397,2.1331,1.66097,2.29604,1.29115,0.960136,1.36218,1.43855,1.11976,1.53301,1.12374,0.833475,1.22118,1.45489,0.97597,1.45422,0.778903,0.652085,0.740858,0.2669,0.2669,0.325801,0.325801,0.292931,0.851551,0.5993,0.270936,0.25918
2017-11-27,-0.0384332,2.1331,1.66097,2.29604,1.21253,0.900649,1.27946,1.35142,1.05105,1.44041,1.11374,0.826056,1.21031,1.28269,0.860455,1.2821,0.789322,0.65843,0.750054,0.248086,0.248086,0.340238,0.340238,0.289219,0.851551,0.560661,0.268525,0.228504
2017-11-28,0.980033,2.1331,1.66097,2.29604,1.13524,0.838985,1.20103,1.27132,0.97631,1.35063,1.03668,0.7689,1.12657,1.50031,1.00644,1.49962,0.812796,0.675421,0.771583,0.261726,0.261726,0.32157,0.32157,0.292952,0.851551,0.521771,0.249945,0.267271
2017-11-29,-0.0369267,2.1331,1.66097,2.29604,1.52494,1.1327,1.61205,1.70512,1.31452,1.81008,1.28432,0.952574,1.39568,1.67987,1.1269,1.67911,0.94586,0.795566,0.900772,0.264657,0.264657,0.364707,0.364707,0.365824,0.851551,0.712693,0.309652,0.29926
2017-11-30,0.815758,2.1331,1.66097,2.29604,1.39962,1.03824,1.47987,1.56562,1.20575,1.66227,1.13497,0.841798,1.23337,1.57109,1.05393,1.57038,0.939099,0.783254,0.892345,0.261648,0.261648,0.32501,0.32501,0.345712,0.851551,0.651295,0.273642,0.279882
2017-12-01,-0.202658,2.1331,1.66097,2.29604,1.5676,1.16484,1.65704,1.7526,1.35154,1.8605,1.3703,1.01634,1.48911,1.7552,1.17742,1.7544,1.02546,0.856048,0.974637,0.255159,0.255159,0.363795,0.363795,0.386069,0.844682,0.72804,0.33038,0.312678
2017-12-04,-0.105274,2.1331,1.66097,2.29604,1.46567,1.08803,1.54954,1.63915,1.26308,1.74025,1.2849,0.953001,1.39631,1.70526,1.14393,1.70448,1.00181,0.836826,0.952318,0.249037,0.249037,0.321636,0.321636,0.376089,0.844682,0.678453,0.309791,0.303782
2017-12-05,-0.374636,2.1331,1.66097,2.29604,1.36009,1.00845,1.43818,1.52161,1.17145,1.61562,1.22331,0.907322,1.32938,1.57973,1.05972,1.57901,1.04054,0.862741,0.987197,0.257615,0.257615,0.279856,0.279856,0.375271,0.844682,0.627084,0.294942,0.28142
2017-12-06,-0.0114132,2.1331,1.66097,2.29604,1.36203,1.00991,1.44022,1.52377,1.17313,1.61784,1.21511,0.901242,1.32047,1.54767,1.03821,1.54697,0.934066,0.77306,0.885764,0.245891,0.245891,0.363995,0.363995,0.332155,0.844682,0.628028,0.292965,0.275709
2017-12-07,0.292808,2.1331,1.66097,2.29604,1.26163,0.934245,1.33433,1.41202,1.086,1.49932,1.13153,0.839247,1.22964,1.5315,1.02736,1.5308,0.883626,0.721606,0.83502,0.237479,0.237479,0.303686,0.303686,0.29502,0.844682,0.579183,0.272813,0.272828
2017-12-08,0.549119,2.1331,1.66097,2.29604,1.20517,0.891695,1.27479,1.34917,1.03701,1.43387,1.13306,0.840388,1.23131,1.5594,1.04608,1.55869,0.910735,0.747453,0.861751,0.233826,0.233826,0.301777,0.301777,0.31368,0.844682,0.551716,0.273184,0.277799
2017-12-11,0.319685,2.1331,1.66097,2.29604,1.26518,0.936921,1.33808,1.41597,1.08908,1.50429,1.21814,0.903485,1.32376,1.62687,1.09134,1.62613,0.910914,0.739754,0.859566,0.221018,0.221018,0.300267,0.300267,0.291132,0.844682,0.580911,0.293695,0.289818
2017-12-12,0.154772,2.1331,1.66097,2.29604,1.21549,0.899468,1.28567,1.36065,1.04596,1.44537,1.16459,0.86377,1.26557,1.62387,1.08933,1.62313,0.951772,0.778949,0.899925,0.213128,0.213128,0.305431,0.305431,0.319252,0.844682,0.556734,0.280785,0.289283
2017-12-13,-0.0473065,2.1331,1.66097,2.29604,1.14195,0.844046,1.20811,1.27879,0.982138,1.35834,1.13766,0.843797,1.2363,1.59936,1.07288,1.59863,0.718271,0.577467,0.67603,0.192856,0.192856,0.254057,0.254057,0.21451,0.844682,0.520957,0.274292,0.284917
2017-12-14,-0.407917,2.1331,1.66097,2.29604,1.08573,0.801673,1.14881,1.21621,0.933345,1.29144,1.12442,0.833977,1.22191,1.496,1.00355,1.49532,0.957068,0.776967,0.903038,0.20975,0.20975,0.263249,0.263249,0.303799,0.844682,0.493604,0.2711,0.266503
2017-12-15,0.893433,2.1331,1.66097,2.29604,1.17508,0.869012,1.24305,1.31567,1.01089,1.3961,1.18337,0.877703,1.28598,1.54188,1.03433,1.54118,1.19504,0.967327,1.12673,0.266364,0.266364,0.289742,0.289742,0.376587,0.844682,0.537073,0.285313,0.274678
2017-12-18,0.534846,2.1331,1.66097,2.29604,1.47751,1.09695,1.56202,1.65232,1.27335,1.75092,1.3586,1.00767,1.4764,1.65565,1.11065,1.65489,1.19039,0.965678,1.12298,0.265296,0.265296,0.312776,0.312776,0.375864,0.844682,0.684211,0.32756,0.294944
2017-12-19,-0.323548,2.1331,1.66097,2.29604,1.46432,1.087,1.54811,1.63764,1.26191,1.73368,1.32909,0.985782,1.44433,1.60219,1.07479,1.60146,1.33179,1.07725,1.25543,0.259637,0.259637,0.3378,0.3378,0.404511,0.844682,0.677794,0.320447,0.285421
2017-12-20,-0.0828247,2.1331,1.66097,2.29604,1.42169,1.05488,1.50315,1.59018,1.22491,1.68195,1.29475,0.960309,1.40701,1.62846,1.09241,1.62772,1.41777,1.15268,1.33824,0.297055,0.297055,0.363899,0.363899,0.450401,0.844682,0.643377,0.312166,0.290101
2017-12-21,0.19837,2.1331,1.66097,2.29604,1.31992,0.978173,1.39581,1.4769,1.13659,1.56448,1.22141,0.905912,1.32731,1.66619,1.11772,1.66543,1.54613,1.26536,1.4619,0.277816,0.277816,0.363552,0.363552,0.518161,0.842828,0.589974,0.294483,0.296823
2017-12-22,-0.0458279,2.1331,1.66097,2.29604,1.23309,0.912736,1.30423,1.38022,1.06123,1.45943,1.20391,0.892935,1.3083,1.57579,1.05708,1.57507,1.3329,1.09005,1.26004,0.263013,0.263013,0.318221,0.318221,0.444615,0.842828,0.548832,0.290265,0.280718
2017-12-26,-0.105898,2.1331,1.66097,2.29604,1.15949,0.857263,1.2266,1.29823,0.997356,1.37049,1.16966,0.867529,1.27107,1.53952,1.03275,1.53882,1.31709,1.08106,1.24628,0.279572,0.279572,0.369642,0.369642,0.451469,0.842828,0.513954,0.282006,0.274257
2017-12-27,0.0790622,2.1331,1.66097,2.29604,1.0966,0.811802,1.15848,1.24038,0.95221,1.30662,1.16894,0.866999,1.2703,1.45555,0.976416,1.45489,1.29603,1.06594,1.227,0.246654,0.246654,0.30007,0.30007,0.449699,0.842828,0.49028,0.281834,0.259298
2017-12-28,0.183231,2.1331,1.66097,2.29604,1.03741,0.767075,1.09615,1.17378,0.882737,1.23611,1.13353,0.840735,1.23182,1.52216,1.0211,1.52147,1.36012,1.11417,1.28633,0.238133,0.238133,0.288649,0.288649,0.464338,0.842828,0.461883,0.273297,0.271165
2017-12-29,-0.519662,2.1331,1.66097,2.29604,0.998736,0.737851,1.05542,1.13021,0.849466,1.18993,1.11352,0.825892,1.21007,1.48464,0.995933,1.48397,1.08847,0.888021,1.02834,0.212013,0.212013,0.299397,0.299397,0.356797,0.842828,0.443329,0.268471,0.264481
2018-01-02,0.82691,2.1331,1.66097,2.29604,1.18402,0.877856,1.25054,1.33814,1.00884,1.40762,1.24456,0.923085,1.35247,1.44977,0.972537,1.44911,1.07989,0.887284,1.02211,0.290911,0.290911,0.343064,0.343064,0.375356,0.842828,0.543704,0.300066,0.258268
2018-01-03,0.637843,2.1331,1.66097,2.29604,1.42752,1.06185,1.50697,1.6123,1.21831,1.69796,1.31115,0.97247,1.42483,1.61185,1.07858,1.60993,1.15258,0.952553,1.09257,0.298461,0.298461,0.366851,0.366851,0.415959,0.83952,0.649033,0.316119,0.287142
2018-01-04,0.402053,2.1331,1.66097,2.29604,1.47427,1.09718,1.5562,1.66482,1.25853,1.75517,1.45463,1.07889,1.58076,1.68148,1.12518,1.67948,1.12872,0.926745,1.06813,0.288567,0.288567,0.355556,0.355556,0.389827,0.83952,0.671461,0.350714,0.299546
2018-01-05,0.700914,2.1331,1.66097,2.29604,1.40583,1.04546,1.48413,1.58793,1.19965,1.67278,1.47572,1.09453,1.60367,1.70467,1.1407,1.70265,1.1333,0.930717,1.07252,0.28236,0.28236,0.309216,0.309216,0.389284,0.83952,0.638627,0.355797,0.303678
2018-01-08,0.166098,2.1331,1.66097,2.29604,1.49452,1.11248,1.57753,1.68708,1.27593,1.77462,1.48085,1.09834,1.60925,1.81381,1.21373,1.81166,1.12251,0.929218,1.06452,0.248417,0.248417,0.352008,0.352008,0.402907,0.83952,0.681176,0.357035,0.323121
2018-01-09,0.130206,2.1331,1.66097,2.29604,1.37068,1.0189,1.44711,1.54753,1.1694,1.62658,1.36326,1.01113,1.48147,1.80046,1.20479,1.79832,1.02126,0.840417,0.96701,0.249774,0.249774,0.26996,0.26996,0.354389,0.83952,0.621766,0.328685,0.320742
2018-01-10,-0.111282,2.1331,1.66097,2.29604,1.26456,0.938716,1.33536,1.37333,1.0781,1.49819,1.24257,0.92161,1.35031,1.70688,1.14217,1.70485,0.898314,0.744263,0.852099,0.265168,0.265168,0.289878,0.289878,0.321884,0.83952,0.570856,0.299586,0.304071
2018-01-11,0.700903,2.1331,1.66097,2.29604,1.19383,0.885272,1.26088,1.26023,1.01724,1.41117,1.19027,0.882816,1.29347,1.71969,1.15075,1.71765,0.881527,0.729166,0.835818,0.238643,0.238643,0.289007,0.289007,0.312269,0.83952,0.535881,0.286976,0.306354
2018-01-12,0.672691,2.1331,1.66097,2.29604,1.34469,0.999265,1.41975,1.46977,1.14703,1.5928,1.33931,0.993356,1.45543,1.73249,1.15931,1.73044,1.01285,0.836619,0.959981,0.226001,0.226001,0.26661,0.26661,0.358791,0.829938,0.59486,0.322909,0.308634
2018-01-16,-0.353072,2.1331,1.64891,2.27807,1.43337,1.06627,1.51312,1.51869,1.20305,1.69186,1.31831,1.00768,1.49043,1.66205,1.12459,1.68293,1.09115,0.903098,1.03473,0.223912,0.223912,0.272819,0.272819,0.396524,0.81676,0.636493,0.33538,0.304918
2018-01-17,0.937103,2.1331,1.64891,2.27807,1.40705,1.04638,1.48542,1.48466,1.18077,1.66042,1.2671,0.968543,1.43254,1.68967,1.14329,1.7109,1.07687,0.890845,1.02106,0.262114,0.262114,0.282001,0.282001,0.387662,0.81676,0.624138,0.322353,0.309986
2018-01-18,-0.161772,2.1331,1.64891,2.27807,1.65535,1.234,1.7469,1.74601,1.391,1.9504,1.39852,1.069,1.58112,1.92254,1.30085,1.94669,1.05411,0.878348,1.00138,0.244373,0.244373,0.274883,0.274883,0.394598,0.81676,0.74072,0.355786,0.352707
2018-01-19,0.437564,2.1331,1.64891,2.27807,1.52598,1.13625,1.61066,1.68304,1.28147,1.8031,1.27815,0.976989,1.44503,1.84255,1.24673,1.86569,1.00421,0.833795,0.953085,0.250824,0.250824,0.240112,0.240112,0.368103,0.81507,0.676483,0.325164,0.338032
2018-01-22,0.803439,2.1331,1.64891,2.27807,1.45968,1.08615,1.54083,1.64824,1.22534,1.73091,1.26872,0.969778,1.43437,1.79393,1.21383,1.81647,0.948452,0.792009,0.901519,0.249459,0.249459,0.290036,0.290036,0.362552,0.81507,0.645502,0.322764,0.329113
2018-01-23,0.2172,2.1331,1.64891,2.27807,1.5974,1.19022,1.68587,1.80301,1.34195,1.89333,1.42409,1.08854,1.61002,2.06431,1.39678,2.09024,1.05208,0.871476,0.997901,0.241757,0.241757,0.260749,0.260749,0.38531,0.81507,0.709865,0.362289,0.378717
2018-01-24,-0.0560152,2.11082,1.635,2.25163,1.4629,1.08858,1.54423,1.54344,1.22225,1.71373,1.26049,0.950585,1.4189,1.69305,1.14242,1.69651,1.05151,0.867966,0.996447,0.226244,0.226244,0.257922,0.257922,0.372418,0.81485,0.644867,0.321966,0.310606
2018-01-25,0.0602453,2.11082,1.635,2.25163,1.34752,1.0014,1.42272,1.422,1.125,1.57946,1.25472,0.946229,1.4124,1.56792,1.05798,1.57111,1.0135,0.834813,0.959893,0.259054,0.259054,0.290967,0.290967,0.358378,0.81485,0.591109,0.320491,0.287649
2018-01-26,1.17716,2.11082,1.635,2.25163,1.20662,0.900621,1.26868,1.28971,1.03087,1.44549,1.14756,0.865422,1.29178,1.59304,1.07493,1.59629,0.988024,0.81181,0.93516,0.255832,0.255832,0.265594,0.265594,0.342382,0.81485,0.539598,0.293121,0.292257
2018-01-29,-0.675474,2.11082,1.635,2.25163,1.71223,1.28569,1.79874,1.82806,1.46726,2.04525,1.37288,1.03534,1.54542,1.76874,1.19349,1.77235,1.16016,0.965243,1.10168,0.254261,0.254261,0.274197,0.274197,0.433522,0.81485,0.782443,0.350674,0.324492
2018-01-30,-1.09586,2.11082,1.635,2.25163,1.77993,1.33725,1.86972,1.90015,1.52568,2.12562,1.35359,1.02079,1.5237,1.74023,1.17425,1.74378,1.12215,0.934302,1.0658,0.327169,0.327169,0.300809,0.300809,0.417146,0.81485,0.816973,0.345746,0.319261
2018-01-31,0.0488892,2.11082,1.635,2.25163,2.11695,1.59392,2.22303,2.25899,1.81656,2.52534,1.58649,1.21757,1.78857,1.98487,1.33932,1.98892,1.53527,1.27501,1.45719,0.385399,0.385399,0.52903,0.52903,0.562867,0.81507,0.979776,0.405236,0.364143
2018-02-01,-0.0648306,2.11082,1.635,2.25163,1.88652,1.41843,1.98147,2.01364,1.61768,2.25207,1.3302,1.02088,1.49963,1.66719,1.12496,1.67059,1.41651,1.1798,1.3455,0.325283,0.325283,0.409079,0.409079,0.526335,0.81507,0.875679,0.339771,0.305861
2018-02-02,-2.14367,2.11082,1.635,2.25163,1.69866,1.27535,1.78452,1.81362,1.45554,2.02917,1.29195,0.991521,1.45651,1.57493,1.06271,1.57814,1.1141,0.921527,1.05633,0.332616,0.332616,0.405721,0.405721,0.399023,0.81507,0.778305,0.33,0.288936
2018-02-05,-4.18426,2.13271,1.64891,2.27143,3.047,2.30222,3.19806,3.49458,2.62235,3.67678,2.32013,1.72083,2.54547,2.1537,1.41505,2.15286,2.06911,1.69799,1.95777,0.574872,0.574872,0.670735,0.670735,0.697806,0.81676,1.43867,0.559388,0.383669
2018-02-06,1.72906,2.14407,1.66097,2.37238,5.75677,4.36593,6.03886,7.15819,5.06821,7.0451,8.68332,6.25731,9.57853,6.34726,4.06098,6.37561,11.9237,9.26662,11.1266,1.28461,1.28461,2.19928,2.19928,2.78822,0.829938,2.78688,2.0267,1.08112
2018-02-07,-0.501415,2.14407,1.66097,2.37238,5.40984,4.10172,5.67515,6.72791,4.75024,6.62154,5.58678,4.02591,6.16275,4.89487,3.13174,4.91674,5.36398,4.34757,5.05906,0.556226,0.556226,0.525298,0.525298,1.68143,0.829938,2.61658,1.30397,0.833737
2018-02-08,-3.8259,2.14407,1.66097,2.37238,4.78371,3.62487,5.01875,5.95137,4.19941,5.85714,3.64634,2.6276,4.02226,2.99397,1.91554,3.00734,3.97284,3.2166,3.74597,0.50408,0.50408,0.857654,0.857654,1.23332,0.829938,2.30921,0.851064,0.509958
2018-02-09,1.48256,2.18573,1.68008,2.45825,6.27532,4.76085,6.58249,7.80131,5.49741,7.67815,9.22722,6.54002,10.1163,8.64582,5.25247,8.43428,9.28081,7.37532,8.70916,1.09831,1.09831,1.68564,1.68564,2.64584,0.83952,3.10328,2.11531,1.39485
2018-02-12,1.38187,2.18573,1.68008,2.45825,5.73915,4.35252,6.02039,7.13634,5.00164,7.02356,5.3314,3.77876,5.84508,5.35476,3.2531,5.22374,7.36249,5.98806,6.95016,0.709734,0.709734,0.62549,0.62549,2.33977,0.83952,2.83485,1.22221,0.863898
2018-02-13,0.260951,2.18573,1.68008,2.45825,5.25738,3.98561,5.51532,6.53883,4.56446,6.43538,5.44503,3.8593,5.96965,6.26278,3.80474,6.10955,7.01506,5.67526,6.61312,0.584234,0.584234,0.685483,0.685483,2.15635,0.83952,2.59366,1.24826,1.01039
2018-02-14,1.33135,2.18573,1.68008,2.45825,4.60611,3.48961,4.83256,5.7311,3.97093,5.64026,4.38742,3.10969,4.81015,3.44136,2.09068,3.35716,5.87857,4.69717,5.52415,0.474732,0.474732,0.637742,0.637742,1.69749,0.83952,2.26761,1.0058,0.555204
2018-02-15,1.19969,2.18573,1.68008,2.45825,4.30437,3.25981,4.51623,5.35687,3.71011,5.27185,4.88752,3.46415,5.35843,5.04791,3.06668,4.9244,5.85785,4.73755,5.52176,0.461797,0.461797,0.480651,0.480651,1.81087,0.83952,2.0739,1.12045,0.814393
2018-02-16,0.0373392,2.18573,1.68008,2.45825,4.00412,3.03115,4.20146,4.9845,3.45059,4.90528,4.74062,3.36003,5.19738,5.21902,3.17064,5.09133,6.10119,4.86611,5.73067,0.443819,0.443819,0.411748,0.411748,1.7302,0.83952,1.92651,1.08677,0.841999
2018-02-20,-0.585853,2.18573,1.68008,2.45825,3.51279,2.65696,3.68637,4.37513,3.0259,4.3054,3.59238,2.54619,3.93851,3.21682,1.95427,3.13811,5.18197,4.12714,4.86552,0.421642,0.421642,0.464115,0.464115,1.42828,0.83952,1.68532,0.823544,0.518978
2018-02-21,-0.551165,2.18573,1.68008,2.45825,3.18628,2.4083,3.34408,3.97019,2.74368,3.90682,3.41718,2.42201,3.74642,3.2959,2.00231,3.21526,4.45996,3.61156,4.20544,0.396774,0.396774,0.550626,0.550626,1.37275,0.83952,1.52504,0.783379,0.531737
2018-02-22,0.0973084,2.18573,1.68008,2.45825,2.90255,2.19221,3.04662,3.61829,2.59039,3.56387,3.27764,2.32311,3.59343,3.07043,1.86533,2.9953,4.29594,3.48666,4.05316,0.478399,0.478399,0.526807,0.526807,1.337,0.83952,1.38575,0.751389,0.49536
2018-02-23,1.59012,2.18573,1.68008,2.45825,2.56006,1.93138,2.68757,3.19352,2.23186,3.14239,2.41105,1.70889,2.64335,2.69336,1.63626,2.62746,3.8709,3.14103,3.65194,0.451005,0.451005,0.458815,0.458815,1.20967,0.83952,1.21762,0.552726,0.434527
2018-02-26,1.16885,2.18573,1.68008,2.45825,2.95241,2.21272,3.11342,3.57621,2.49992,3.52403,4.05168,2.87173,4.44205,3.69686,2.2459,3.60641,3.95816,3.22199,3.73731,0.529506,0.529506,0.397618,0.397618,1.2922,0.83952,1.37043,0.928835,0.596424
2018-02-27,-1.27883,2.18573,1.68008,2.45825,2.93038,2.19607,3.09021,3.54963,2.48118,3.49773,3.95473,2.80302,4.33577,3.65906,2.22293,3.56953,3.62227,2.95384,3.42174,0.48912,0.48912,0.383074,0.383074,1.18951,0.83952,1.35992,0.906612,0.590325
2018-02-28,-1.11578,2.18573,1.68008,2.45825,3.07699,2.30684,3.24464,3.72649,2.60587,3.6719,4.24225,3.0068,4.65099,4.23825,2.5748,4.13455,4.99376,4.04555,4.7093,0.517927,0.517927,0.68011,0.68011,1.56564,0.842828,1.42985,0.972524,0.683768
2018-03-01,-1.3414,2.18573,1.68008,2.45825,3.07914,2.30846,3.24689,3.72907,2.60769,3.67437,4.60485,3.2638,5.04853,4.70672,2.85941,4.59156,5.01902,4.06787,4.73367,0.562084,0.562084,0.77419,0.77419,1.60186,0.844682,1.43088,1.05565,0.759348
2018-03-02,0.505879,2.18573,1.68008,2.45825,3.22693,2.42011,3.40255,3.90734,2.73337,3.8498,4.73899,3.35888,5.19559,5.47752,3.32768,5.3435,4.78892,3.93185,4.5318,0.712698,0.712698,0.979025,0.979025,1.64257,0.851551,1.50137,1.0864,0.883704
2018-03-05,1.09716,2.18573,1.68008,2.45825,2.87606,2.15504,3.033,3.48411,2.43499,3.43333,3.7154,2.63339,4.07338,4.16282,2.52898,4.06097,4.55308,3.72931,4.30595,0.557754,0.557754,0.755609,0.755609,1.53896,0.844682,1.3234,0.851746,0.671599
2018-03-06,0.263539,2.18573,1.68008,2.45825,2.8309,2.12093,2.98544,3.42964,2.39659,3.37931,4.2771,3.0315,4.6892,4.52447,2.74869,4.41377,4.77209,3.90547,4.51211,0.606371,0.606371,0.629149,0.629149,1.63007,0.844682,1.30202,0.980513,0.729945
2018-03-07,-0.0484003,2.18573,1.68008,2.45825,2.49698,1.86867,2.63375,3.02686,2.11262,2.98255,3.69827,2.62124,4.05459,3.62138,2.20005,3.53278,4.31326,3.54772,4.0836,0.620408,0.620408,0.587918,0.587918,1.51431,0.844682,1.14394,0.847818,0.584248
2018-03-08,0.445318,2.18573,1.68008,2.45825,2.20605,1.64887,2.32733,2.67593,1.86521,2.63651,3.13169,2.21967,3.43343,2.80392,1.70343,2.73532,3.99666,3.29571,3.78638,0.561827,0.561827,0.623263,0.623263,1.39565,0.844682,1.00622,0.717932,0.452364
2018-03-09,1.72295,2.18573,1.68008,2.45825,2.00846,1.49961,2.11923,2.43759,1.69718,2.40151,2.75866,1.95527,3.02446,2.6614,1.61684,2.59628,3.89341,3.18265,3.68018,0.510758,0.510758,0.557004,0.557004,1.30925,0.844682,0.912679,0.632415,0.429371
2018-03-12,-0.127482,2.18573,1.68008,2.45825,2.72682,2.0423,2.87582,3.3041,2.30808,3.25492,3.99433,2.83108,4.37918,4.31878,2.62373,4.21311,3.90311,3.23561,3.70286,0.661196,0.661196,0.580377,0.580377,1.42642,0.844682,1.25275,0.915689,0.69676
2018-03-13,-0.638389,2.18573,1.68008,2.45825,2.40965,1.80269,2.54177,2.92152,2.03835,2.87679,3.50734,2.48591,3.84527,3.02787,1.83948,2.95379,3.79447,3.12018,3.59218,0.566535,0.566535,0.572845,0.572845,1.32573,0.844682,1.1026,0.804047,0.488495
2018-03-14,-0.574098,2.18573,1.68008,2.45825,2.30408,1.72293,2.43058,2.79417,1.94857,2.75058,3.25673,2.30829,3.57052,2.95307,1.79404,2.88082,3.51805,2.91202,3.33624,0.578461,0.578461,0.766601,0.766601,1.26052,0.844682,1.05262,0.746597,0.476427
2018-03-15,-0.0782236,2.18573,1.68008,2.45825,2.19066,1.63725,2.31112,2.65737,1.85212,2.61415,3.02316,2.14274,3.31444,2.93395,1.78242,2.86217,3.33395,2.7669,3.16383,0.558255,0.558255,0.783121,0.783121,1.21334,0.844682,0.998932,0.693051,0.473342
2018-03-16,0.170199,2.18573,1.68008,2.45825,1.95007,1.4555,2.05773,2.36716,1.64753,2.32887,2.83117,2.00666,3.10395,2.37647,1.44374,2.31832,3.17771,2.62476,3.01182,0.552813,0.552813,0.725835,0.725835,1.12111,0.844682,0.885039,0.649038,0.383402
2018-03-19,-1.4306,2.18573,1.68008,2.45825,1.74239,1.2986,1.83899,2.11665,1.45512,2.08068,2.55975,1.81429,2.80638,2.24669,1.3649,2.19172,2.68764,2.2334,2.55137,0.529784,0.529784,0.52359,0.52359,0.990176,0.844682,0.78672,0.586816,0.362464
2018-03-20,0.14807,2.18573,1.68008,2.45825,2.43916,1.82498,2.57285,2.95712,2.0416,2.9068,3.58115,2.53823,3.9262,2.87677,1.75913,2.80937,3.72814,3.06848,3.53024,0.651594,0.651594,0.835813,0.835813,1.28629,0.851551,1.12561,0.82097,0.464118
2018-03-21,-0.184569,2.18573,1.68008,2.45825,2.15381,1.60941,2.27231,2.61291,1.80141,2.56828,3.11235,2.20596,3.41222,2.42054,1.48014,2.36383,3.20209,2.66292,3.04034,0.507375,0.507375,0.762887,0.762887,1.17544,0.851551,0.989498,0.713498,0.390512
2018-03-22,-2.54849,2.18573,1.68008,2.45825,1.93647,1.44522,2.0434,2.35075,1.61848,2.31021,2.768,1.96189,3.03469,2.44606,1.49575,2.38875,3.22333,2.6607,3.05454,0.464395,0.464395,0.728092,0.728092,1.12318,0.851551,0.885827,0.634556,0.394629
2018-03-23,-2.11898,2.39942,1.71281,2.49176,3.70561,2.78173,3.90672,4.48536,3.14045,4.4748,5.20412,3.78299,5.74593,4.48688,2.76936,4.31272,5.07634,4.15312,4.79937,0.799778,0.799778,1.28978,1.28978,1.68394,0.853521,1.75202,1.19303,0.700847
2018-03-26,2.6795,2.39942,1.79651,2.50469,4.24978,3.18671,4.48503,5.13388,3.57315,5.11421,5.51665,4.01017,6.091,5.29167,3.26608,5.08626,5.35841,4.47648,5.09383,1.2406,1.2406,1.65397,1.65397,2.00442,0.862606,2.00535,1.26468,0.826553
2018-03-27,-1.74273,2.39942,1.79651,2.50469,4.9509,3.71535,5.22432,5.97846,4.16449,5.96906,8.64574,6.28478,9.54587,8.78213,5.42044,8.44124,5.63865,4.75514,5.3736,0.983138,0.983138,0.927564,0.927564,2.21341,0.853521,2.34231,1.98201,1.37176
2018-03-28,-0.292091,2.39942,1.79651,2.50469,4.8894,3.66897,5.15946,5.90436,4.11261,5.90893,6.34777,4.61433,7.00865,7.48084,4.61727,7.19046,5.01489,4.26496,4.78991,0.943146,0.943146,1.33815,1.33815,2.08901,0.853521,2.2955,1.45521,1.1685
2018-03-29,1.36758,2.39942,1.79651,2.50469,4.29994,3.22453,4.53791,5.1943,3.61545,5.18861,4.5672,3.32,5.04271,4.43319,2.73622,4.26111,4.06302,3.44828,3.8786,1.00138,1.00138,1.19584,1.19584,1.68192,0.853521,2.01425,1.04702,0.69246
2018-04-02,-2.25907,2.39942,1.79651,2.50469,4.09905,3.07306,4.32609,4.95231,3.44602,4.96007,4.77298,3.46958,5.26991,5.83899,3.6039,5.61234,4.30084,3.64544,4.10422,0.923496,0.923496,0.872623,0.872623,1.77608,0.853521,1.9184,1.09419,0.912044
2018-04-03,1.2536,2.39942,1.79651,2.51063,4.62599,3.47037,4.88172,5.58707,3.8466,5.55939,5.84668,4.14398,6.44071,7.47431,4.42506,7.16903,4.6364,3.9053,4.41707,1.09962,1.09962,1.40019,1.40019,1.86056,0.853521,2.18616,1.34034,1.16748
2018-04-04,1.15001,2.39942,1.79651,2.51063,4.30933,3.23161,4.54782,5.20562,3.58248,5.1798,5.05959,3.58611,5.57365,6.30332,3.73179,6.04587,3.98863,3.37951,3.80589,1.08,1.08,0.815433,0.815433,1.65635,0.851551,2.01873,1.1599,0.984572
2018-04-05,0.683944,2.39942,1.79651,2.51063,4.00681,3.00351,4.22883,4.8412,3.33015,4.81717,5.10213,3.61626,5.62051,6.29465,3.72666,6.03756,4.05249,3.42901,3.86545,1.04729,1.04729,0.935949,0.935949,1.65792,0.851551,1.87439,1.16965,0.983219
2018-04-06,-2.21641,2.39942,1.79651,2.51063,3.5933,2.69173,3.79281,4.34309,2.98525,4.32149,4.37453,3.10056,4.81898,5.11775,3.02989,4.90872,3.65106,3.08756,3.48201,0.920925,0.920925,0.613084,0.613084,1.50061,0.851551,1.6771,1.00285,0.799387
2018-04-09,0.333098,2.39942,1.82643,2.52624,4.2574,3.19246,4.49306,5.14307,3.53917,5.11756,5.53208,3.921,6.09414,6.74536,3.99349,6.46986,4.00349,3.40142,3.82287,0.986502,0.986502,1.15722,1.15722,1.7022,0.853521,2.00902,1.26821,1.05362
2018-04-10,1.65886,2.39942,1.82643,2.52624,3.74214,2.80396,3.94976,4.52239,3.1094,4.49991,4.37558,3.1013,4.82014,4.7371,2.80453,4.54362,3.89597,3.29141,3.7146,0.991255,0.991255,0.805725,0.805725,1.60134,0.853521,1.76138,1.00309,0.739931
2018-04-11,-0.554069,2.39942,1.82643,2.52624,3.83498,2.87395,4.04764,4.63421,3.18683,4.61119,5.05599,3.58356,5.56968,6.17989,3.65871,5.92748,4.25624,3.55907,4.04709,1.02134,1.02134,0.846331,0.846331,1.65678,0.853521,1.806,1.15907,0.965292
2018-04-12,0.821692,2.39942,1.82643,2.52624,3.45172,2.58498,3.64352,4.17254,2.86716,4.15178,4.45556,3.15799,4.90824,5.19422,3.07516,4.98207,4.78043,3.94953,4.53116,0.947352,0.947352,0.815486,0.815486,1.74503,0.853521,1.6218,1.02142,0.811331
2018-04-13,-0.289082,2.39942,1.82643,2.52624,3.17219,2.37422,3.34878,3.83583,2.63402,3.81671,4.44443,3.1501,4.89599,5.17518,3.06389,4.96381,4.11106,3.41629,3.90263,0.911335,0.911335,0.582914,0.582914,1.55094,0.853521,1.47618,1.01887,0.808358
2018-04-16,0.807636,2.39942,1.82643,2.52624,2.82563,2.11292,2.98334,3.41835,2.34495,3.40128,4.03407,2.85925,4.44393,4.43137,2.62353,4.25038,4.45026,3.61709,4.20031,0.813229,0.813229,0.829718,0.829718,1.46463,0.853521,1.31083,0.924799,0.692176
2018-04-17,1.06051,2.39942,1.82643,2.52624,2.65464,1.984,2.80305,3.21238,2.20233,3.19632,3.95209,2.80114,4.35362,4.15929,2.46245,3.98941,5.36839,4.33546,5.05851,0.865786,0.865786,0.780068,0.780068,1.69554,0.853521,1.22925,0.906006,0.649677
2018-04-18,0.083102,2.39942,1.82643,2.52624,2.64806,1.97904,2.79611,3.20446,2.19685,3.18844,4.35624,3.0876,4.79884,4.36653,2.58514,4.18818,5.34954,4.37781,5.05802,0.926452,0.926452,0.728965,0.728965,1.84127,0.853521,1.22611,0.998657,0.682047
2018-04-19,-0.574258,2.39942,1.82643,2.52624,2.33888,1.74592,2.4701,2.83202,1.93897,2.81782,4.05121,2.87139,4.46281,4.09112,2.42209,3.92403,5.00458,4.10973,4.73612,0.915832,0.915832,0.714892,0.714892,1.71797,0.853521,1.07859,0.928728,0.63903
2018-04-20,-0.857318,2.39942,1.82643,2.52624,2.22374,1.6591,2.34869,2.69332,1.84293,2.67979,3.95511,2.80328,4.35695,3.99635,2.36598,3.83312,4.0922,3.43075,3.89377,0.753959,0.753959,0.775416,0.775416,1.60711,0.853521,1.02365,0.906697,0.624226
2018-04-23,0.00562127,2.39942,1.82643,2.52624,2.28781,1.70741,2.41624,2.7705,1.89636,2.75659,3.96047,2.80708,4.36285,4.17553,2.47206,4.00498,3.78085,3.21149,3.61004,0.859648,0.859648,0.796208,0.796208,1.60535,0.857835,1.05422,0.907926,0.652213
2018-04-24,-1.34709,2.39942,1.82643,2.52624,2.0372,1.52138,2.14952,2.4678,1.69144,2.46277,3.72734,2.64185,4.10604,3.62991,2.14904,3.48166,3.61826,3.06729,3.45297,0.781491,0.781491,0.887816,0.887816,1.49824,0.857835,0.940981,0.854483,0.566989
2018-04-25,0.183536,2.39942,1.82643,2.52624,2.52773,1.89195,2.66618,3.05849,2.10156,3.05229,4.17603,2.95987,4.60032,4.412,2.61206,4.2318,3.9333,3.32137,3.74972,0.929901,0.929901,0.988763,0.988763,1.60862,0.862606,1.17655,0.957344,0.689151
2018-04-26,1.03801,2.39942,1.82643,2.52624,2.24193,1.67604,2.36515,2.71433,1.86261,2.70881,3.6785,2.60723,4.05224,3.52678,2.08798,3.38273,3.41637,2.89943,3.26129,0.866088,0.866088,0.886405,0.886405,1.43263,0.857835,1.0393,0.843286,0.550879
2018-04-27,0.111302,2.39942,1.82643,2.52624,2.32399,1.73804,2.45159,2.81315,1.93122,2.80744,3.87212,2.74446,4.26552,3.57051,2.11387,3.42468,3.92174,3.3106,3.7384,0.858021,0.858021,0.867112,0.867112,1.61169,0.857835,1.07871,0.887671,0.55771
2018-04-30,-0.822121,2.39942,1.82643,2.52624,2.06361,1.54133,2.17734,2.4996,1.71352,2.49451,3.4825,2.46831,3.83632,3.34795,1.9821,3.21121,3.38622,2.87374,3.23248,0.787736,0.787736,0.783857,0.783857,1.43706,0.857835,0.953663,0.798354,0.522947
2018-05-01,0.25458,2.39942,1.82643,2.52624,2.14678,1.60416,2.26494,2.59975,1.78306,2.59446,3.73969,2.6506,4.11964,3.63808,2.15387,3.48949,3.75007,3.18525,3.58062,0.802541,0.802541,0.857311,0.857311,1.58541,0.857835,0.993604,0.857313,0.568265
2018-05-02,-0.723194,2.39942,1.82643,2.52624,1.92489,1.43655,2.03123,2.33256,1.59755,2.32781,3.34562,2.37129,3.68553,3.21474,1.90324,3.08344,3.65774,3.10148,3.49086,0.793729,0.793729,0.711795,0.711795,1.49364,0.857835,0.887051,0.766974,0.502139
2018-05-03,-0.22562,2.39942,1.82643,2.52624,1.98263,1.48016,2.09204,2.40208,1.64582,2.39719,3.38378,2.39834,3.72757,3.23692,1.91637,3.10471,3.86205,3.27689,3.6865,0.829187,0.829187,0.814736,0.814736,1.58547,0.857835,0.914775,0.775721,0.505604
2018-05-04,1.27298,2.39942,1.82643,2.52624,1.80943,1.34932,1.90962,2.19352,1.50101,2.18904,3.13857,2.22454,3.45745,2.76077,1.63447,2.64801,4.10402,3.38754,3.88907,0.755906,0.755906,0.811,0.811,1.42767,0.857835,0.825643,0.719508,0.43123
2018-05-07,0.3452,2.39942,1.82643,2.52624,2.20022,1.64453,2.32122,2.6641,1.82774,2.65869,3.69907,2.62181,4.0749,3.2929,1.94952,3.15841,4.02575,3.41654,3.84299,0.822062,0.822062,0.855682,0.855682,1.65634,0.853005,0.995141,0.848002,0.514349
2018-05-08,-0.0265691,2.39942,1.82643,2.52624,1.98616,1.48283,2.09576,2.40634,1.64877,2.40143,3.44926,2.44475,3.79971,2.86993,1.6991,2.75271,4.37537,3.62959,4.15163,0.734983,0.734983,0.827468,0.827468,1.56417,0.853005,0.894617,0.790733,0.448281
2018-05-09,0.963564,2.39942,1.82643,2.52624,1.77899,1.32633,1.87757,2.15688,1.47557,2.15247,3.07644,2.1805,3.389,2.69468,1.59535,2.58462,4.37009,3.59977,4.13899,0.676011,0.676011,0.737787,0.737787,1.49379,0.853005,0.797334,0.705265,0.420907
2018-05-10,0.932704,2.39942,1.82643,2.52624,1.94088,1.44862,2.04807,2.35181,1.61091,2.34702,3.49565,2.47763,3.85081,3.33805,1.97624,3.20171,4.31797,3.56841,4.0931,0.779757,0.779757,0.685337,0.685337,1.54047,0.853005,0.873354,0.801368,0.5214
2018-05-11,0.170614,2.39942,1.82643,2.52624,2.03586,1.52037,2.14811,2.46618,1.69032,2.46116,3.4827,2.46845,3.83654,3.32111,1.96622,3.18547,4.25699,3.50501,4.0314,0.756109,0.756109,0.697009,0.697009,1.46254,0.853005,0.917956,0.798399,0.518754
2018-05-14,0.0883095,2.39942,1.82643,2.52624,1.8212,1.35821,1.92202,2.2077,1.51086,2.20319,3.20025,2.26826,3.5254,3.23548,1.91552,3.10333,3.28396,2.72995,3.11776,0.586944,0.586944,0.550084,0.550084,1.20597,0.853005,0.817153,0.733649,0.505379
2018-05-15,-0.686564,2.39942,1.82643,2.52624,1.63512,1.21765,1.72603,1.98363,1.35528,1.97956,2.92345,2.07206,3.22047,2.70949,1.60412,2.59883,2.82998,2.33795,2.68237,0.602559,0.602559,0.596979,0.596979,1.00102,0.853005,0.729771,0.670192,0.42322
2018-05-16,0.405234,2.39942,1.82643,2.52624,1.74817,1.30304,1.8451,2.11975,1.4498,2.11541,3.43427,2.43412,3.78319,2.84552,1.68465,2.7293,3.00209,2.50584,2.85321,0.699227,0.699227,0.717992,0.717992,1.13941,0.853005,0.782857,0.787296,0.444468
2018-05-17,-0.0856247,2.39942,1.82643,2.52624,1.62593,1.2107,1.71635,1.97256,1.3476,1.96851,2.84979,2.01986,3.13932,2.77503,1.64291,2.66168,3.43962,2.87071,3.26895,0.648136,0.648136,0.593997,0.593997,1.29189,0.853005,0.725453,0.653305,0.433456
2018-05-18,-0.263566,2.39942,1.82643,2.52624,1.48309,1.1028,1.5659,1.80056,1.22818,1.79685,2.82582,2.00287,3.11292,2.55147,1.51056,2.44726,3.14831,2.62107,2.99014,0.592082,0.592082,0.594828,0.594828,1.15831,0.853005,0.658377,0.647811,0.398537
2018-05-21,0.735959,2.39942,1.82643,2.52624,1.41216,1.04922,1.4912,1.71515,1.16888,1.71161,2.61279,1.85188,2.87825,2.43617,1.4423,2.33667,2.61195,2.14314,2.4713,0.643353,0.643353,0.5956,0.5956,0.899267,0.853005,0.62507,0.598974,0.380528
2018-05-22,-0.31407,2.39942,1.82643,2.52624,1.53428,1.14189,1.61965,1.86279,1.26442,1.85527,2.9431,2.086,3.24212,2.68615,1.5903,2.57644,3.03619,2.52782,2.88368,0.663315,0.663315,0.592443,0.592443,1.14331,0.853005,0.675419,0.674698,0.419574
2018-05-23,0.324315,2.39942,1.82643,2.52624,1.47364,1.09609,1.55579,1.78975,1.21398,1.7825,2.67165,1.8936,2.94309,2.64732,1.56731,2.53919,2.63391,2.18901,2.50044,0.643337,0.643337,0.605468,0.605468,0.978476,0.853005,0.647235,0.612467,0.413509
2018-05-24,-0.202525,2.39942,1.82643,2.52624,1.38181,1.02671,1.45907,1.67911,1.13759,1.67229,2.61528,1.85365,2.88099,2.61409,1.54763,2.50732,2.32795,1.92777,2.2079,0.592927,0.592927,0.541509,0.541509,0.847471,0.853005,0.604547,0.599546,0.408319
2018-05-25,-0.235999,2.39942,1.82643,2.52624,1.31249,0.974337,1.38607,1.59561,1.07993,1.58911,2.34683,1.66337,2.58527,2.47295,1.46408,2.37195,2.17926,1.79546,2.06412,0.569423,0.569423,0.557761,0.557761,0.767568,0.853005,0.572327,0.538004,0.386273
2018-05-29,-1.16316,2.39942,1.82643,2.52624,1.26774,0.940528,1.33893,1.5417,1.0427,1.5354,2.27744,1.61419,2.50883,2.3021,1.36292,2.20808,1.87769,1.52582,1.77213,0.57242,0.57242,0.595563,0.595563,0.611043,0.853005,0.550105,0.522098,0.359586
2018-05-30,1.26159,2.39942,1.82643,2.52624,1.90048,1.41856,2.00533,2.30395,1.57506,2.30157,2.73348,1.93742,3.0112,2.74487,1.62506,2.63276,2.99672,2.48158,2.84217,0.783762,0.783762,0.759911,0.759911,1.08571,0.857835,0.845641,0.626642,0.428746
2018-05-31,-0.690334,2.39942,1.82643,2.52624,2.24041,1.67538,2.36335,2.71347,1.85887,2.71065,3.14023,2.22572,3.45928,2.96772,1.757,2.84651,3.85804,3.15491,3.6471,0.74553,0.74553,0.615015,0.615015,1.28836,0.857835,1.00365,0.719889,0.463556
2018-06-01,1.07908,2.39942,1.82643,2.52624,2.20463,1.64835,2.32566,2.67037,1.829,2.66756,3.07769,2.18139,3.39038,2.93072,1.73509,2.81102,3.49975,2.84457,3.30319,0.713864,0.713864,0.753768,0.753768,1.12894,0.857835,0.987021,0.705552,0.457775
2018-06-04,0.446959,2.39942,1.82643,2.52624,2.32135,1.73653,2.44859,2.81098,1.92644,2.80802,3.44289,2.44023,3.79269,3.02278,1.78959,2.89932,3.11441,2.54499,2.94359,0.745226,0.745226,0.622207,0.622207,1.04599,0.857835,1.04128,0.789272,0.472156
2018-06-05,0.0702335,2.39942,1.82643,2.52624,2.12033,1.58466,2.23688,2.56881,1.75861,2.56604,3.17781,2.25235,3.50068,2.93784,1.73931,2.81785,3.37406,2.75524,3.18841,0.825994,0.825994,0.712102,0.712102,1.11016,0.857835,0.947835,0.728504,0.458888
2018-06-06,0.853092,2.39942,1.82643,2.52624,1.89738,1.41622,2.00206,2.30022,1.57247,2.29764,2.82617,2.00312,3.11331,2.54668,1.50772,2.44266,2.49427,2.04542,2.35961,0.610783,0.610783,0.643319,0.643319,0.847777,0.857835,0.8442,0.647891,0.397788
2018-06-07,-0.0714451,2.39942,1.82643,2.52624,1.95333,1.45849,2.06099,2.36762,1.61918,2.36486,3.07111,2.17673,3.38314,2.69284,1.59426,2.58286,2.57937,2.13676,2.44658,0.639993,0.639993,0.611424,0.611424,0.929387,0.857835,0.861947,0.704044,0.420619
2018-06-08,0.312102,2.39942,1.82643,2.52624,1.76276,1.31451,1.86028,2.13804,1.46008,2.13552,2.86444,2.03024,3.15547,2.49369,1.47635,2.39183,2.19508,1.80483,2.078,0.622518,0.622518,0.594006,0.594006,0.759353,0.857835,0.774143,0.656664,0.389511
2018-06-11,0.106815,2.39942,1.82643,2.52624,1.61849,1.20552,1.70834,1.96424,1.33963,1.96175,2.60528,1.84655,2.86997,2.56873,1.52078,2.46381,2.5243,2.08209,2.39163,0.613902,0.613902,0.649869,0.649869,0.886304,0.857835,0.70767,0.597252,0.401233
2018-06-12,0.174187,2.39942,1.82643,2.52624,1.47014,1.09344,1.5521,1.78553,1.21577,1.78307,2.44416,1.73236,2.69249,2.27714,1.34815,2.18414,2.06654,1.70057,1.95675,0.596126,0.596126,0.54504,0.54504,0.705769,0.857835,0.63932,0.560317,0.355688
2018-06-13,-0.403425,2.39942,1.82643,2.52624,1.3503,1.0029,1.42589,1.64116,1.11572,1.63867,2.20023,1.55947,2.42378,2.06509,1.22261,1.98075,1.58994,1.30516,1.50451,0.628326,0.628326,0.535507,0.535507,0.541729,0.857835,0.584104,0.504397,0.322565
2018-06-14,0.24685,2.39942,1.82643,2.52624,1.36923,1.0172,1.44582,1.66395,1.13152,1.66141,2.21911,1.57285,2.44458,2.044,1.21012,1.96052,1.91053,1.56915,1.80812,0.629154,0.629154,0.531847,0.531847,0.655781,0.857835,0.592823,0.508726,0.319272
2018-06-15,-0.101763,2.39942,1.82643,2.52624,1.27783,0.948146,1.34955,1.55384,1.05521,1.55121,2.13702,1.51466,2.35414,2.03239,1.20325,1.94938,1.65715,1.36065,1.5682,0.543945,0.543945,0.48745,0.48745,0.571038,0.857835,0.55071,0.489905,0.317458
2018-06-18,-0.212839,2.39942,1.82643,2.52624,1.20206,0.890907,1.26976,1.46257,0.991953,1.45968,2.00593,1.42175,2.20973,1.84094,1.0899,1.76575,1.37081,1.12242,1.29629,0.530129,0.530129,0.557191,0.557191,0.466865,0.857835,0.515802,0.459853,0.287553
2018-06-19,-0.403151,2.39942,1.82643,2.52624,1.17203,0.86822,1.23814,1.4264,0.966882,1.42305,1.94718,1.38011,2.14501,1.80961,1.07135,1.73569,1.27848,1.04419,1.20819,0.49059,0.49059,0.544128,0.544128,0.426777,0.857835,0.501966,0.446385,0.282659
2018-06-20,0.17107,2.39942,1.82643,2.52624,1.22941,0.912846,1.29789,1.4927,1.0268,1.49213,1.90985,1.35365,2.10389,1.91054,1.13111,1.83251,1.28153,1.04115,1.20942,0.504091,0.504091,0.659383,0.659383,0.414256,0.857835,0.523695,0.437828,0.298425
2018-06-21,-0.636574,2.39942,1.82643,2.52624,1.14781,0.851153,1.21198,1.39454,0.957941,1.39372,1.85768,1.31668,2.04642,1.8669,1.10527,1.79065,1.28198,1.04705,1.2115,0.50693,0.50693,0.551541,0.551541,0.429808,0.857835,0.485554,0.425867,0.291608
2018-06-22,0.186021,2.39942,1.82643,2.52624,1.38055,1.0271,1.45701,1.67451,1.15433,1.67236,1.97162,1.39744,2.17194,1.89966,1.12466,1.82207,1.68767,1.38037,1.59548,0.541555,0.541555,0.615943,0.615943,0.565776,0.857835,0.600077,0.451989,0.296724
2018-06-25,-1.38197,2.39942,1.82643,2.52624,1.27347,0.946152,1.34428,1.5457,1.06398,1.54291,1.91691,1.35866,2.11167,1.81517,1.07464,1.74103,1.56036,1.26841,1.47278,0.472953,0.472953,0.578595,0.578595,0.504978,0.857835,0.55069,0.439446,0.283527
2018-06-26,0.220215,2.39942,1.82643,2.52624,2.14764,1.60703,2.26458,2.59726,1.83936,2.61038,2.39561,1.72742,2.639,2.22122,1.37096,2.14337,1.87934,1.53834,1.77704,0.679823,0.679823,0.70641,0.70641,0.638351,0.862606,0.96695,0.549186,0.346952
2018-06-27,-0.86416,2.39942,1.82643,2.52624,1.9207,1.43547,2.02567,2.32427,1.64844,2.33608,2.21925,1.60026,2.44472,1.96012,1.20981,1.89142,1.92716,1.5904,1.82614,0.645194,0.645194,0.600249,0.600249,0.681456,0.862606,0.860944,0.508756,0.306169
2018-06-28,0.615969,2.39942,1.82643,2.52624,2.07203,1.54987,2.18498,2.50631,1.73783,2.51862,2.34516,1.69105,2.58343,2.19907,1.3573,2.122,1.77033,1.46805,1.67965,0.598701,0.598701,0.690604,0.690604,0.64326,0.863762,0.937032,0.537622,0.343493
2018-06-29,0.0758094,2.39942,1.82643,2.52624,1.96837,1.4715,2.07585,2.38161,1.65036,2.39294,2.43851,1.75836,2.68626,2.45929,1.51791,2.37309,1.81551,1.50638,1.72277,0.625325,0.625325,0.66225,0.66225,0.661384,0.863762,0.888347,0.559022,0.384139
2018-07-02,0.306328,2.39942,1.82643,2.52624,1.75889,1.31313,1.85531,2.12962,1.47359,2.13903,2.29993,1.65843,2.5336,2.03626,1.25681,1.96489,1.53281,1.26975,1.45389,0.62209,0.62209,0.665635,0.665635,0.551628,0.863762,0.789965,0.527252,0.318062
2018-07-03,-0.495963,2.39942,1.82643,2.52624,1.60884,1.1997,1.69735,1.94913,1.34698,1.95713,2.07254,1.49447,2.28311,2.12831,1.31362,2.05371,1.62741,1.34473,1.5426,0.568987,0.568987,0.585363,0.585363,0.578574,0.863762,0.719496,0.475123,0.332439
2018-07-05,0.858384,2.39942,1.82643,2.52624,1.61395,1.20356,1.70272,1.95527,1.35128,1.96227,2.14292,1.54522,2.36065,2.18318,1.34749,2.10666,1.54535,1.26678,1.46178,0.613226,0.613226,0.635285,0.635285,0.518772,0.863762,0.721894,0.491259,0.341011
2018-07-06,0.844553,2.39942,1.82643,2.52624,1.7573,1.31194,1.85365,2.12772,1.47226,2.13406,2.22982,1.60788,2.45637,2.2522,1.39009,2.17326,1.65227,1.36721,1.56675,0.656391,0.656391,0.620698,0.620698,0.594355,0.863762,0.789222,0.51118,0.351791
2018-07-09,0.878427,2.39942,1.82643,2.52624,1.85034,1.38227,1.9516,2.23963,1.55076,2.25042,2.24761,1.62071,2.47597,2.34024,1.44443,2.25822,1.81627,1.49953,1.72125,0.648269,0.648269,0.625023,0.625023,0.643161,0.862606,0.826339,0.515258,0.365543
2018-07-10,0.346726,2.39942,1.82643,2.52624,1.93978,1.44989,2.04575,2.34722,1.62624,2.36057,2.42868,1.75127,2.67543,2.60005,1.60478,2.50892,1.59631,1.32904,1.51613,0.6365,0.6365,0.489045,0.489045,0.597978,0.862606,0.868037,0.556767,0.406125
2018-07-11,-0.71195,2.39942,1.82643,2.52624,1.7687,1.32055,1.86564,2.14142,1.48187,2.15025,2.22843,1.60687,2.45484,2.54789,1.57259,2.45859,1.51677,1.26007,1.43976,0.57422,0.57422,0.468283,0.468283,0.555827,0.862606,0.788274,0.510861,0.397979
2018-07-12,0.871098,2.39942,1.82643,2.52624,1.86086,1.39022,1.96267,2.25228,1.55964,2.25816,2.28643,1.6487,2.51873,2.5386,1.56686,2.44963,1.69159,1.40539,1.60573,0.562102,0.562102,0.626438,0.626438,0.623222,0.862606,0.831241,0.524158,0.396527
2018-07-13,0.107868,2.39942,1.82643,2.52624,1.94275,1.45213,2.04888,2.35079,1.62874,2.35089,2.35574,1.69868,2.59509,2.75729,1.70184,2.66065,1.85127,1.53454,1.75625,0.571915,0.571915,0.571882,0.571882,0.671619,0.862606,0.869419,0.540048,0.430686
2018-07-16,-0.102869,2.39942,1.82643,2.52624,1.73782,1.2972,1.83313,2.10428,1.45581,2.0983,2.17652,1.56945,2.39766,2.54145,1.56862,2.45238,1.5824,1.32224,1.50435,0.573368,0.573368,0.540223,0.540223,0.606451,0.862606,0.773878,0.498962,0.396972
2018-07-17,0.396582,2.39942,1.82643,2.52624,1.57804,1.17641,1.66493,1.91208,1.32099,1.90376,2.07394,1.49548,2.28465,2.29771,1.41818,2.21718,1.58787,1.31876,1.50714,0.531262,0.531262,0.539728,0.539728,0.586003,0.862606,0.699389,0.475445,0.358901
2018-07-18,0.215819,2.39942,1.82643,2.52624,1.4861,1.1069,1.56812,1.79815,1.2434,1.78713,2.05379,1.48095,2.26246,2.26457,1.39772,2.1852,1.63925,1.35566,1.55417,0.515669,0.515669,0.535993,0.535993,0.58597,0.862606,0.656521,0.470826,0.353724
2018-07-19,-0.396082,2.39942,1.82643,2.52624,1.35204,1.00722,1.42531,1.6468,1.14038,1.63207,1.91427,1.38034,2.10876,2.0349,1.25597,1.96358,1.55826,1.29442,1.4791,0.486683,0.486683,0.486565,0.486565,0.575284,0.862606,0.598858,0.438841,0.31785
2018-07-20,-0.0948893,2.39942,1.82643,2.52624,1.36638,1.01809,1.4404,1.66412,1.1526,1.64259,1.94799,1.40466,2.1459,2.07577,1.28119,2.00302,1.58718,1.32371,1.50814,0.514625,0.514625,0.538926,0.538926,0.600037,0.862606,0.605607,0.446571,0.324233
2018-07-23,0.183636,2.39942,1.79651,2.51848,1.26787,0.943459,1.33681,1.54519,1.05794,1.51819,1.82546,1.31703,2.01983,2.10909,1.2897,2.06464,1.49087,1.2437,1.41672,0.472109,0.472109,0.511317,0.511317,0.565774,0.857835,0.559259,0.426067,0.340266
2018-07-24,0.476951,2.39942,1.79651,2.51848,1.17871,0.875911,1.24305,1.43755,0.982761,1.41235,1.74834,1.26138,1.93449,2.01314,1.23102,1.97071,1.44644,1.21149,1.37595,0.513192,0.513192,0.478425,0.478425,0.558492,0.857835,0.51731,0.408065,0.324785
2018-07-25,0.906045,2.39942,1.79651,2.51848,1.20601,0.896599,1.27177,1.47051,1.00579,1.44477,1.82592,1.31736,2.02034,1.98102,1.21138,1.93927,1.47601,1.23263,1.40299,0.524285,0.524285,0.509838,0.509838,0.561199,0.857835,0.530158,0.426173,0.319603
2018-07-26,-0.303693,2.39942,1.79651,2.51848,1.52174,1.13579,1.60376,1.85167,1.27198,1.81956,1.91934,1.38476,2.12371,2.21178,1.35249,2.16516,1.56788,1.30851,1.49007,0.5146,0.5146,0.573056,0.573056,0.600481,0.853005,0.668296,0.447978,0.356832
2018-07-27,-0.658381,2.39942,1.79651,2.51848,1.45553,1.08563,1.53413,1.77173,1.21616,1.74096,1.81733,1.31116,2.01084,1.96876,1.20388,1.92726,1.52097,1.26425,1.44396,0.518823,0.518823,0.53164,0.53164,0.562386,0.853005,0.637578,0.424169,0.317625
2018-07-30,-0.57708,2.39942,1.79651,2.51848,1.60226,1.19679,1.68843,1.94888,1.33987,1.91514,1.92064,1.3857,2.12515,1.99609,1.2206,1.95402,1.56241,1.31044,1.48682,0.592366,0.592366,0.512485,0.512485,0.614304,0.853005,0.716581,0.448282,0.322035
2018-07-31,0.487282,2.39942,1.79651,2.51848,1.65443,1.23631,1.74328,2.01185,1.38386,1.97707,1.89848,1.3697,2.10062,2.16,1.32083,2.11448,1.51415,1.27589,1.44267,0.604917,0.604917,0.646828,0.646828,0.613922,0.853005,0.741125,0.443108,0.348479
2018-08-01,-0.104088,2.39942,1.79651,2.51848,1.57792,1.17835,1.66283,1.91949,1.31935,1.88625,1.91303,1.38021,2.11673,2.2881,1.39916,2.23987,1.40587,1.19046,1.34125,0.605408,0.605408,0.58961,0.58961,0.583795,0.853005,0.705131,0.446506,0.369145
2018-08-02,0.491436,2.39942,1.79651,2.51848,1.44335,1.0764,1.52133,1.75704,1.20589,1.7265,1.82935,1.31983,2.02413,2.04697,1.25171,2.00383,1.38677,1.16907,1.32146,0.564822,0.564822,0.611107,0.611107,0.560808,0.853005,0.641819,0.426974,0.330244
2018-08-03,0.463342,2.39942,1.79651,2.51848,1.41404,1.05419,1.4905,1.72164,1.18117,1.6917,1.88011,1.35645,2.0803,2.05283,1.25529,2.00956,1.4101,1.18253,1.34183,0.500721,0.500721,0.584458,0.584458,0.550966,0.853005,0.628027,0.438821,0.331189
2018-08-06,0.353198,2.39942,1.79651,2.51848,1.37881,1.0275,1.45346,1.67912,1.15147,1.64988,1.88504,1.36001,2.08576,2.00309,1.22488,1.96088,1.48347,1.24294,1.41131,0.53441,0.53441,0.624327,0.624327,0.573373,0.853005,0.611453,0.439972,0.323164
2018-08-07,0.282022,2.39942,1.79651,2.51848,1.30894,0.974574,1.37999,1.59477,1.09257,1.56694,1.82693,1.31808,2.02146,1.98055,1.21109,1.9388,1.44005,1.20196,1.36862,0.49232,0.49232,0.509036,0.509036,0.543692,0.853005,0.578582,0.426409,0.319527
2018-08-08,-0.0262414,2.39942,1.79651,2.51848,1.23198,0.916269,1.29907,1.50186,1.02768,1.47558,1.80406,1.30158,1.99615,1.92082,1.17457,1.88034,1.41635,1.18045,1.34558,0.468667,0.468667,0.466366,0.466366,0.527016,0.853005,0.542373,0.42107,0.309891
2018-08-09,-0.144272,2.39942,1.79651,2.51848,1.14726,0.852086,1.20998,1.39958,0.956246,1.37501,1.69407,1.22223,1.87446,1.92688,1.17827,1.88627,1.55453,1.28818,1.47463,0.470546,0.470546,0.469906,0.469906,0.556766,0.853005,0.502513,0.3954,0.310868
2018-08-10,-0.713933,2.39942,1.79651,2.51848,1.10407,0.819369,1.16457,1.34744,0.919835,1.32373,1.67716,1.21003,1.85574,1.86181,1.13849,1.82257,1.39733,1.16266,1.32693,0.483515,0.483515,0.458902,0.458902,0.517948,0.853005,0.482196,0.391452,0.300371
2018-08-13,-0.401404,2.39942,1.79651,2.51848,1.41681,1.05629,1.49342,1.72499,1.18351,1.69495,1.7063,1.23106,1.88799,2.02946,1.241,1.98668,1.53271,1.27779,1.45623,0.542102,0.542102,0.555368,0.555368,0.577338,0.853005,0.631979,0.398254,0.327418
2018-08-14,0.636895,2.39942,1.79651,2.51848,1.41803,1.05722,1.4947,1.72646,1.18454,1.69639,1.74588,1.25961,1.93177,1.98857,1.216,1.94666,1.34549,1.12323,1.27881,0.530437,0.530437,0.544187,0.544187,0.513793,0.853005,0.632555,0.407491,0.320821
2018-08-15,-0.763123,2.39942,1.79651,2.51848,1.47096,1.09732,1.55036,1.79037,1.22917,1.7592,1.81748,1.31127,2.011,2.10427,1.28675,2.05992,1.39698,1.1705,1.32903,0.55631,0.55631,0.505559,0.505559,0.543911,0.853005,0.657554,0.424204,0.339487
2018-08-16,0.788821,2.39942,1.79651,2.51848,1.68999,1.26813,1.77728,2.05559,1.40604,2.01509,1.85062,1.33518,2.04767,2.14742,1.31313,2.10216,1.42496,1.19403,1.35568,0.595322,0.595322,0.532993,0.532993,0.554308,0.853005,0.766751,0.431938,0.346449
2018-08-17,0.331763,2.39942,1.79651,2.51848,1.765,1.32512,1.85601,2.1462,1.46892,2.10392,1.92204,1.38671,2.1267,2.1508,1.3152,2.10547,1.52665,1.28116,1.453,0.595476,0.595476,0.528785,0.528785,0.601037,0.853005,0.802339,0.448608,0.346994
2018-08-20,0.242505,2.39942,1.79651,2.51848,1.61846,1.21377,1.70219,1.96917,1.34607,1.93022,1.86885,1.34833,2.06784,2.19375,1.34146,2.14752,1.54706,1.29588,1.47171,0.568184,0.568184,0.527545,0.527545,0.592337,0.853005,0.732807,0.436193,0.353924
2018-08-21,0.206643,2.39942,1.79651,2.51848,1.47812,1.10713,1.55488,1.79963,1.22841,1.76385,1.82113,1.3139,2.01504,2.08693,1.27614,2.04294,1.41889,1.18691,1.3493,0.599532,0.599532,0.448157,0.448157,0.542941,0.853005,0.662712,0.425056,0.33669
2018-08-22,-0.0398234,2.39942,1.79651,2.51848,1.35627,1.01454,1.42697,1.65242,1.12625,1.61938,1.74803,1.26116,1.93416,2.09302,1.27987,2.04891,1.33105,1.11589,1.2665,0.531153,0.531153,0.413729,0.413729,0.518462,0.853005,0.60109,0.407995,0.337673
2018-08-23,-0.16927,2.39942,1.79651,2.51848,1.25155,0.934963,1.31705,1.52591,1.03846,1.49519,1.71805,1.23953,1.90098,2.03499,1.24438,1.9921,1.18282,0.99113,1.12531,0.517217,0.517217,0.433171,0.433171,0.458181,0.853005,0.551937,0.400995,0.32831
2018-08-24,0.617968,2.39942,1.79651,2.51848,1.19465,0.891726,1.25733,1.45717,0.990754,1.42765,1.6445,1.18646,1.8196,1.96111,1.19921,1.91978,1.1688,0.96925,1.10894,0.532073,0.532073,0.440526,0.440526,0.417263,0.853005,0.52523,0.383829,0.316391
2018-08-27,0.764116,2.39942,1.79651,2.51848,1.30264,0.973786,1.37068,1.58763,1.08129,1.55545,1.764,1.27269,1.95183,2.11232,1.29167,2.0678,1.28641,1.07199,1.22208,0.546477,0.546477,0.483911,0.483911,0.481161,0.853005,0.575917,0.411722,0.340787
2018-08-28,0.0269232,2.39942,1.79651,2.51848,1.47647,1.10588,1.55315,1.79764,1.22703,1.76116,1.87408,1.3521,2.07363,2.18862,1.33833,2.14249,1.37916,1.15613,1.31225,0.586173,0.586173,0.482488,0.482488,0.535751,0.853005,0.65751,0.437413,0.353096
2018-08-29,0.568524,2.39942,1.79651,2.51848,1.34482,1.00584,1.41496,1.6386,1.11666,1.6052,1.72522,1.2447,1.90891,2.14004,1.30862,2.09493,1.32821,1.10868,1.26235,0.537835,0.537835,0.479005,0.479005,0.503892,0.853005,0.595718,0.402669,0.345258
2018-08-30,-0.444015,2.39942,1.79651,2.51848,1.38117,1.03346,1.45311,1.6825,1.14713,1.64786,1.79134,1.29241,1.98207,2.15154,1.31565,2.10619,1.44334,1.20269,1.37115,0.553332,0.553332,0.45926,0.45926,0.54482,0.853005,0.612777,0.418102,0.347114
2018-08-31,0.0134456,2.39942,1.79651,2.51848,1.41321,1.05781,1.48675,1.72122,1.17399,1.6852,1.76367,1.27245,1.95147,2.22188,1.35867,2.17506,1.41724,1.17054,1.34323,0.557224,0.557224,0.500643,0.500643,0.512703,0.853005,0.627818,0.411645,0.358463
2018-09-04,-0.165568,2.39942,1.79651,2.51848,1.29325,0.966651,1.36082,1.57629,1.07342,1.54304,1.68195,1.21349,1.86104,1.92762,1.17872,1.88699,1.376,1.14166,1.3057,0.509616,0.509616,0.467808,0.467808,0.509861,0.853005,0.57151,0.392571,0.310988
2018-09-05,-0.280707,2.39942,1.79651,2.51848,1.2267,0.916081,1.29097,1.49589,1.01762,1.46342,1.61265,1.16349,1.78437,1.92634,1.17794,1.88574,1.28919,1.06509,1.22196,0.530872,0.530872,0.511981,0.511981,0.468304,0.853005,0.540274,0.376397,0.310781
2018-09-06,-0.365901,2.39942,1.79651,2.51848,1.2161,0.908025,1.27984,1.48308,1.00874,1.45068,1.62456,1.17208,1.79754,1.92053,1.17439,1.88005,1.1964,0.987865,1.13384,0.477389,0.477389,0.487646,0.487646,0.428367,0.853005,0.535298,0.379176,0.309844
2018-09-07,-0.221579,2.39942,1.79651,2.51848,1.24894,0.932982,1.31432,1.52276,1.03627,1.48811,1.61233,1.16326,1.78401,1.85383,1.13361,1.81476,1.28957,1.08033,1.2268,0.520118,0.520118,0.527463,0.527463,0.503456,0.853005,0.550713,0.376322,0.299084
2018-09-10,0.189605,2.39942,1.79651,2.51848,1.20985,0.903274,1.27328,1.47553,1.00346,1.44077,1.59597,1.15145,1.7659,1.84459,1.12795,1.80571,1.22137,1.01391,1.15914,0.51217,0.51217,0.508592,0.508592,0.450446,0.853005,0.524231,0.372502,0.297592
2018-09-11,0.373286,2.39942,1.79651,2.51848,1.13497,0.846381,1.19469,1.38508,0.937494,1.35195,1.56982,1.13259,1.73697,1.96076,1.19899,1.91944,1.2258,1.0196,1.16394,0.493626,0.493626,0.462167,0.462167,0.452943,0.853005,0.489565,0.366398,0.316335
2018-09-12,0.0356598,2.39942,1.79651,2.51848,1.12874,0.841644,1.18814,1.37755,0.932285,1.34459,1.58436,1.14308,1.75306,1.73798,1.06276,1.70135,1.39669,1.16634,1.32759,0.492933,0.492933,0.464646,0.464646,0.52646,0.853005,0.486679,0.369792,0.280393
2018-09-13,0.526835,2.39942,1.79651,2.51848,1.06007,0.789462,1.11606,1.29459,0.874897,1.26352,1.53604,1.10821,1.69959,1.68661,1.03135,1.65107,1.34566,1.12261,1.27875,0.539981,0.539981,0.417088,0.417088,0.506359,0.853005,0.454884,0.358514,0.272106
2018-09-14,0.0275462,2.39942,1.79651,2.51848,1.12072,0.837359,1.17782,1.36593,0.938098,1.36048,1.61331,1.16396,1.78509,1.80488,1.10367,1.76684,1.32615,1.11894,1.26399,0.522813,0.522813,0.453241,0.453241,0.531555,0.853005,0.491143,0.376549,0.291186
2018-09-17,-0.558531,2.39942,1.79651,2.51848,1.05183,0.784855,1.10562,1.28286,0.879768,1.27772,1.55151,1.11804,1.71395,1.71081,1.03935,1.66725,1.24633,1.05804,1.18984,0.476148,0.476148,0.418256,0.418256,0.511187,0.851551,0.456056,0.362126,0.27601
2018-09-18,0.535468,2.39942,1.79651,2.51848,1.24128,0.929242,1.30416,1.51131,1.04018,1.5053,1.58944,1.14537,1.75585,1.73807,1.0559,1.69381,1.41476,1.1941,1.34856,0.515357,0.515357,0.478017,0.478017,0.565804,0.851551,0.547987,0.370979,0.280407
2018-09-19,0.125249,2.39942,1.79651,2.51848,1.2747,0.954712,1.33918,1.55161,1.06847,1.54545,1.6519,1.19038,1.82484,1.83779,1.11648,1.79099,1.48527,1.25624,1.41656,0.472708,0.472708,0.433338,0.433338,0.602823,0.851551,0.563745,0.385556,0.296495
2018-09-20,0.781,2.39942,1.79651,2.51848,1.17927,0.881983,1.23918,1.43654,0.987673,1.43081,1.5922,1.14736,1.75889,1.78861,1.08661,1.74306,1.32141,1.11271,1.2588,0.447594,0.447594,0.448196,0.448196,0.521332,0.851551,0.51875,0.371623,0.288561
2018-09-21,-0.0368608,2.39942,1.79651,2.51848,1.38384,1.03789,1.45354,1.68321,1.16088,1.67655,1.68719,1.21581,1.86383,1.92523,1.16961,1.87621,1.24562,1.04948,1.18677,0.435763,0.435763,0.48893,0.48893,0.493844,0.844682,0.615159,0.393794,0.310603
2018-09-24,-0.352188,2.39942,1.79651,2.51848,1.27477,0.954763,1.33925,1.55169,1.06853,1.54553,1.5931,1.14801,1.75989,1.87946,1.1418,1.8316,1.24142,1.04637,1.1829,0.414444,0.414444,0.452076,0.452076,0.496603,0.844682,0.56082,0.371834,0.303218
2018-09-25,-0.130593,2.39942,1.79651,2.51848,1.2795,0.958368,1.3442,1.55739,1.07253,1.55121,1.56871,1.13043,1.73294,1.88779,1.14686,1.83972,1.32864,1.10717,1.2622,0.429847,0.429847,0.453688,0.453688,0.499746,0.844682,0.566006,0.36614,0.304563
2018-09-26,-0.32947,2.39942,1.79651,2.51848,1.20519,0.90174,1.26634,1.4678,1.00962,1.46195,1.50661,1.08568,1.66434,1.75544,1.06646,1.71074,1.23562,1.0415,1.17739,0.401329,0.401329,0.455842,0.455842,0.495716,0.844682,0.526775,0.351645,0.28321
2018-09-27,0.275947,2.39942,1.79651,2.51848,1.21575,0.909785,1.2774,1.48053,1.01856,1.47463,1.49899,1.07629,1.65288,1.7641,1.06906,1.71264,1.20919,1.0174,1.15165,0.407127,0.407127,0.495902,0.495902,0.481728,0.842828,0.530984,0.349867,0.284607
2018-09-28,-0.000686344,2.39942,1.79651,2.51848,1.15451,0.863109,1.21322,1.40667,0.968637,1.40993,1.47897,1.06192,1.63081,1.82052,1.10325,1.76742,1.27234,1.07465,1.21303,0.425844,0.425844,0.459382,0.459382,0.511807,0.842828,0.502344,0.345195,0.293709
2018-10-01,0.363449,2.39942,1.74405,2.5068,1.08156,0.807511,1.13678,1.31871,0.904938,1.31343,1.40133,0.982728,1.53978,1.6947,1.00839,1.64118,1.12151,0.941835,1.0676,0.443952,0.443952,0.431051,0.431051,0.442692,0.83952,0.46823,0.327074,0.273411
2018-10-02,-0.0396784,2.39942,1.74405,2.5068,1.07555,0.802934,1.13048,1.31147,0.899853,1.30622,1.40972,0.988609,1.54899,1.73077,1.02985,1.67611,1.23859,1.03601,1.17782,0.436167,0.436167,0.435314,0.435314,0.472803,0.829938,0.463794,0.329031,0.279229
2018-10-03,0.0711274,2.39942,1.74405,2.5068,1.02203,0.762147,1.0744,1.24693,0.85454,1.24193,1.42665,1.00048,1.56759,1.74367,1.03753,1.6886,1.20349,1.00386,1.1436,0.424142,0.424142,0.39747,0.39747,0.453748,0.8228,0.438844,0.332982,0.28131
2018-10-04,-0.820303,2.39942,1.74405,2.5068,0.970373,0.722775,1.02026,1.18464,0.8108,1.17987,1.31945,0.925303,1.4498,1.66251,0.989239,1.61001,1.20987,1.00277,1.14774,0.415297,0.415297,0.377577,0.377577,0.438788,0.8228,0.403279,0.307961,0.268218
2018-10-05,-0.55433,2.39942,1.74405,2.5068,1.40425,1.05345,1.47494,1.70783,1.18049,1.70153,1.49603,1.04913,1.64383,1.76694,1.05137,1.71114,1.38124,1.15186,1.31243,0.553292,0.553292,0.489597,0.489597,0.522844,0.8228,0.61704,0.349176,0.285064
2018-10-08,-0.0395217,2.39942,1.74405,2.5068,1.4843,1.11446,1.55883,1.80436,1.2484,1.79772,1.51659,1.06355,1.66642,1.81696,1.08114,1.75958,1.22698,1.0364,1.1698,0.494239,0.494239,0.503037,0.503037,0.495443,0.8228,0.654363,0.353974,0.293135
2018-10-09,-0.141889,2.39942,1.74405,2.5068,1.35894,1.01891,1.42745,1.65319,1.14205,1.64709,1.43511,1.00642,1.57689,1.8566,1.10473,1.79797,1.11124,0.941116,1.0602,0.442569,0.442569,0.499145,0.499145,0.453681,0.8228,0.595915,0.334957,0.299531
2018-10-10,-3.34164,2.39942,1.74405,2.5068,1.27273,0.953211,1.33711,1.54924,1.06892,1.5435,1.39824,0.980556,1.53637,1.72237,1.02485,1.66798,1.12101,0.930861,1.06397,0.430283,0.430283,0.473849,0.473849,0.414258,0.8228,0.555723,0.326351,0.277874
2018-10-11,-2.07876,2.48322,1.79651,2.56863,4.26672,3.23502,4.47461,5.26285,3.63401,5.43358,2.67516,1.88659,3.06285,3.78984,2.22359,3.74918,2.70297,2.17555,2.54474,0.929614,0.929614,0.913958,0.913958,0.833198,0.829938,1.95773,0.613272,0.591969
2018-10-12,1.41062,2.48322,1.82643,2.57873,4.6164,3.45898,4.87553,5.55866,3.80992,5.72078,4.4935,3.18043,5.15716,4.68235,2.74726,4.63213,3.05951,2.43594,2.87244,1.03731,1.03731,1.12729,1.12729,0.871548,0.83952,2.08687,1.03012,0.731379
2018-10-15,-0.59225,2.48322,1.82643,2.57873,4.39471,3.29206,4.64158,5.29239,3.6264,5.44685,4.64937,3.29076,5.33606,5.13419,3.01236,5.07912,3.00616,2.38952,2.82117,0.713602,0.713602,0.647854,0.647854,0.843206,0.83952,1.98488,1.06586,0.801955
2018-10-16,2.12678,2.48322,1.82643,2.57873,3.96788,2.97069,4.19114,4.7797,3.27305,4.91939,2.89352,2.04799,3.32088,3.19046,1.87192,3.15624,2.1103,1.71418,1.99147,0.693708,0.693708,0.725758,0.725758,0.679512,0.83952,1.78852,0.663332,0.498346
2018-10-17,-0.0252673,2.48322,1.82643,2.57873,4.31227,3.22999,4.55458,5.19337,3.55815,5.34495,4.9655,3.51451,5.69888,5.78021,3.3914,5.71821,3.42016,2.72692,3.21219,0.9005,0.9005,0.687776,0.687776,0.976599,0.83952,1.94696,1.13833,0.902863
2018-10-18,-1.44965,2.48322,1.82643,2.57873,3.81524,2.85576,4.03006,4.59636,3.14668,4.73078,3.32728,2.355,3.81871,2.96537,1.73986,2.93357,2.34813,1.91801,2.21909,0.788098,0.788098,0.573026,0.573026,0.783165,0.83952,1.7183,0.762771,0.463188
2018-10-19,-0.0361235,2.48322,1.82643,2.57873,3.84883,2.88105,4.06551,4.63671,3.17449,4.77226,4.24096,3.00169,4.86733,4.15782,2.4395,4.11322,3.02375,2.42847,2.84516,0.868361,0.868361,0.851737,0.851737,0.903808,0.842828,1.73376,0.972228,0.649447
2018-10-22,-0.430878,2.48322,1.82643,2.57873,3.41013,2.55074,3.60254,4.10977,2.81131,4.23012,2.89469,2.04882,3.32222,2.91575,1.71075,2.88448,2.29617,1.88608,2.17314,0.834079,0.834079,0.67798,0.67798,0.782793,0.842828,1.53193,0.663601,0.455438
2018-10-23,-0.55271,2.48322,1.82643,2.57873,3.08427,2.30538,3.25865,3.71836,2.54155,3.82749,2.58578,1.83018,2.96769,2.86954,1.68363,2.83876,2.47262,2.02029,2.33692,0.818451,0.818451,0.686939,0.686939,0.817738,0.842828,1.38202,0.592784,0.44822
2018-10-24,-3.13508,2.48322,1.82643,2.57873,2.84138,2.12251,3.00233,3.42662,2.34048,3.52729,2.62256,1.85621,3.0099,2.90104,1.70211,2.86992,2.27623,1.86857,2.15393,0.703447,0.703447,0.758324,0.758324,0.774767,0.842828,1.27029,0.601215,0.453139
2018-10-25,1.84537,2.52844,1.8348,2.63075,4.64039,3.47704,4.90085,5.58748,3.8446,5.80127,5.01217,3.44094,5.66752,5.64426,3.28881,5.64166,5.69595,4.54015,5.34921,1.2703,1.2703,1.299,1.299,1.58389,0.844682,2.10888,1.11317,0.873381
2018-10-26,-1.74792,2.52844,1.8348,2.63075,4.63622,3.47391,4.89645,5.58247,3.84114,5.79599,5.05599,3.47102,5.71707,5.20322,3.03182,5.20082,4.93713,3.96895,4.64667,1.01643,1.01643,0.81911,0.81911,1.42888,0.844682,2.10695,1.1229,0.805135
2018-10-29,-0.658119,2.52844,1.8348,2.63075,4.65539,3.48834,4.91668,5.6055,3.85707,5.81972,5.74952,3.94714,6.50128,7.1363,4.1582,7.13301,5.14801,4.16877,4.85424,1.13949,1.13949,1.07385,1.07385,1.56611,0.851551,2.11581,1.27693,1.10426
2018-10-30,1.55453,2.52844,1.8348,2.63075,4.20808,3.15154,4.44463,5.06822,3.48535,5.26194,4.87324,3.34556,5.51042,5.00998,2.91923,5.00767,5.14636,4.20891,4.86512,1.116,1.116,0.967342,0.967342,1.67002,0.851551,1.90899,1.08231,0.775234
2018-10-31,1.07929,2.52844,1.8348,2.63075,4.13761,3.09849,4.37026,4.98358,3.42679,5.17385,4.99174,3.42691,5.64442,5.94245,3.46256,5.93971,3.75909,3.13998,3.57336,1.08069,1.08069,0.897172,0.897172,1.40906,0.851551,1.87641,1.10863,0.919523
2018-11-01,1.05025,2.52844,1.8348,2.63075,3.86123,2.89039,4.07859,4.65153,3.19712,4.82903,4.54765,3.12204,5.14226,5.93542,3.45847,5.93269,4.15268,3.43154,3.93634,0.915809,0.915809,0.761644,0.761644,1.45416,0.851551,1.74862,1.01,0.918435
2018-11-02,-0.63367,2.52844,1.8348,2.63075,3.62066,2.70925,3.82471,4.36248,2.99721,4.52883,4.65516,3.19584,5.26383,5.71431,3.32963,5.71167,3.83214,3.12273,3.61932,1.05534,1.05534,0.669817,0.669817,1.21832,0.851551,1.63738,1.03388,0.88422
2018-11-05,0.558469,2.52844,1.8348,2.63075,3.31939,2.48242,3.50678,3.99134,2.74686,4.15292,4.42286,3.03637,5.00116,4.72968,2.7559,4.7275,3.19294,2.62836,3.02356,1.02904,1.02904,0.722188,0.722188,1.0986,0.851551,1.49809,0.982285,0.731861
2018-11-06,0.623979,2.52844,1.8348,2.63075,3.00443,2.24527,3.1744,3.60052,2.48512,3.75991,4.2397,2.91062,4.79405,3.90853,2.27743,3.90673,3.65229,2.98452,3.45196,0.959297,0.959297,0.698066,0.698066,1.18321,0.851551,1.35246,0.941605,0.604798
2018-11-07,2.09871,2.52844,1.8348,2.63075,2.75391,2.05664,2.91002,3.2857,2.27694,3.44716,3.84986,2.64299,4.35323,4.11969,2.40047,4.11779,2.88825,2.37621,2.73464,0.938142,0.938142,0.614856,0.614856,1.00007,0.851551,1.23662,0.855025,0.637472
2018-11-08,-0.251206,2.52844,1.8348,2.63075,3.47466,2.59932,3.67064,4.12496,2.87588,4.34425,4.9593,3.40464,5.60773,5.90603,3.44134,5.90331,4.22557,3.44287,3.99076,1.10017,1.10017,0.650118,0.650118,1.37734,0.851551,1.56988,1.10142,0.913887
2018-11-09,-0.92416,2.52844,1.8348,2.63075,3.19358,2.38168,3.3799,3.72097,2.62681,3.95728,4.5685,3.13635,5.16583,4.76726,2.7778,4.76506,3.23975,2.68828,3.07431,1.08178,1.08178,0.758609,0.758609,1.17819,0.851551,1.46212,1.01463,0.737676
2018-11-12,-1.98981,2.52844,1.8348,2.63075,3.09522,2.30783,3.27591,3.56295,2.54557,3.83406,4.68957,3.21946,5.30273,4.6757,2.72445,4.67355,4.6045,3.71699,4.33825,1.00181,1.00181,0.777806,0.777806,1.40922,0.853005,1.41606,1.04152,0.723509
2018-11-13,-0.148304,2.52844,1.84524,2.63656,3.67015,2.73943,3.88373,4.18028,3.02044,4.54175,5.06775,3.47909,5.73036,5.96633,3.47648,5.96358,4.1914,3.5047,3.98539,1.14674,1.14674,1.07261,1.07261,1.61181,0.857835,1.68531,1.12551,0.923218
2018-11-14,-0.759617,2.52844,1.84524,2.63656,3.30703,2.46684,3.49983,3.70366,2.72051,4.09123,4.70907,3.23286,5.32479,4.6626,2.71681,4.66045,4.17686,3.42339,3.95082,0.990683,0.990683,0.952538,0.952538,1.40465,0.857835,1.51525,1.04585,0.721481
2018-11-15,1.0538,2.52844,1.84524,2.63656,3.12528,2.3304,3.30769,3.42635,2.57039,3.86416,4.35136,2.98728,4.9203,4.7505,2.76803,4.7483,3.49586,2.88078,3.31133,0.954351,0.954351,0.8924,0.8924,1.2206,0.857835,1.43014,0.966404,0.735082
2018-11-16,0.222081,2.52844,1.84524,2.63656,3.04062,2.26685,3.21818,3.33004,2.50047,3.75651,4.43617,3.0455,5.0162,4.75381,2.76996,4.75162,3.55061,2.95006,3.37045,1.01883,1.01883,0.765717,0.765717,1.30352,0.857835,1.39049,0.985239,0.735595
2018-11-19,-1.67831,2.52844,1.84524,2.63656,2.74545,2.04527,2.90613,3.00735,2.25667,3.39011,4.28851,2.94413,4.84923,4.3705,2.54661,4.36848,3.53985,2.92327,3.35488,0.855505,0.855505,0.762382,0.762382,1.23865,0.857835,1.25226,0.952445,0.676282
2018-11-20,-1.8318,2.52844,1.84524,2.63656,3.19849,2.38536,3.38509,3.50263,2.63086,3.94683,4.4846,3.07875,5.07096,5.01631,2.92291,5.01399,3.85566,3.21791,3.66434,1.06111,1.06111,0.946683,0.946683,1.44909,0.862606,1.47817,0.995995,0.776213
2018-11-21,0.303865,2.52844,1.84524,2.63656,3.62572,2.70608,3.83676,3.96971,2.98374,4.46873,5.08202,3.48889,5.7465,5.59728,3.26144,5.5947,4.02974,3.43791,3.85219,1.24484,1.24484,1.24966,1.24966,1.74954,0.863762,1.68005,1.12868,0.866112
2018-11-23,-0.657639,2.52844,1.84524,2.63656,3.27044,2.43937,3.46115,3.58129,2.69029,4.02603,4.75748,3.26609,5.37952,4.99077,2.90804,4.98847,3.25294,2.79105,3.11437,1.06971,1.06971,1.06985,1.06985,1.44493,0.863762,1.51216,1.0566,0.772262
2018-11-26,1.5413,2.52844,1.84524,2.63656,3.0598,2.28125,3.23847,3.35101,2.51631,3.76055,4.32071,2.96624,4.88565,4.80669,2.80077,4.80447,3.435,2.94158,3.28697,1.05196,1.05196,0.99298,0.99298,1.51535,0.863762,1.41263,0.959598,0.743777
2018-11-27,0.325636,2.52844,1.84524,2.63656,3.24785,2.42241,3.43727,3.55659,2.67163,3.98257,4.52601,3.10718,5.11779,5.51391,3.21286,5.51136,3.82634,3.25451,3.65479,1.20587,1.20587,0.86571,0.86571,1.60161,0.863762,1.50149,1.00519,0.853211
2018-11-28,2.2714,2.52844,1.84524,2.63656,2.93883,2.19044,3.11058,3.21876,2.4164,3.60554,4.4237,3.03694,5.0021,4.62583,2.69539,4.6237,3.29064,2.79606,3.14227,1.11905,1.11905,0.824049,0.824049,1.35569,0.863762,1.35547,0.98247,0.715792
2018-11-29,-0.21855,2.52844,1.84524,2.63656,3.68943,2.7539,3.90411,4.03934,3.03471,4.51787,4.9937,3.42826,5.64664,6.70398,3.90629,6.70089,3.91879,3.33129,3.74254,1.24137,1.24137,0.821066,0.821066,1.6372,0.863762,1.71014,1.10906,1.03736
2018-11-30,0.813756,2.52844,1.84524,2.63656,3.33115,2.48494,3.52533,3.64766,2.73914,4.08229,4.55751,3.12506,5.12731,5.04719,2.93362,4.99225,3.5641,3.00956,3.39774,1.13,1.13,0.802279,0.802279,1.42478,0.862606,1.52655,1.01219,0.780992
2018-12-03,1.0882,2.52844,1.84524,2.63656,3.12133,2.32744,3.30352,3.41828,2.56574,3.82543,4.50513,3.08915,5.06838,5.18079,3.01127,5.1244,3.64657,3.05579,3.46933,1.08142,1.08142,0.696512,0.696512,1.38886,0.862606,1.42829,1.00056,0.801665
2018-12-04,-3.29002,2.52844,1.84524,2.63656,3.05276,2.27596,3.23102,3.34333,2.50913,3.74388,4.52841,3.10511,5.09457,5.37456,3.06728,5.29331,3.38361,2.86213,3.22717,1.03252,1.03252,0.712226,0.712226,1.37668,0.857835,1.3697,1.00573,0.831648
2018-12-06,-0.152339,2.54901,1.86609,2.69354,4.7759,3.56949,5.05275,5.22717,3.93374,5.89747,5.55286,3.81213,6.25605,6.76862,3.93418,6.67468,5.52597,4.54966,5.23308,1.22724,1.22724,1.09463,1.09463,1.90403,0.862606,2.20314,1.23325,1.04736
2018-12-07,-2.35963,2.54901,1.86609,2.69354,4.28924,3.20417,4.53824,4.69512,3.53178,5.29852,4.86561,3.34032,5.48178,4.68252,2.72166,4.61753,3.90262,3.27772,3.71515,1.1314,1.1314,1.02023,1.02023,1.5385,0.862606,1.97523,1.08062,0.724564
2018-12-10,0.176061,2.54901,1.89383,2.71224,4.77357,3.56775,5.05029,5.22468,3.93182,5.9056,5.30915,3.64482,5.98149,6.23554,3.62433,6.14899,4.59279,3.80941,4.35777,1.22153,1.22153,1.37835,1.37835,1.67258,0.863762,2.22261,1.17912,0.964874
2018-12-11,-0.0356432,2.54901,1.89383,2.71224,4.2691,3.19622,4.51099,4.71745,3.52088,5.33764,4.93971,3.39119,5.56526,5.02704,2.9219,4.95727,4.37178,3.6624,4.15897,1.16758,1.16758,1.20775,1.20775,1.66541,0.863762,2.00294,1.09707,0.777874
2018-12-12,0.540489,2.54901,1.89383,2.71224,3.85617,2.88558,4.07501,4.22782,3.17929,4.81981,4.52976,3.10975,5.10339,4.3063,2.50298,4.24653,3.84207,3.27758,3.67272,1.14406,1.14406,1.1177,1.1177,1.63021,0.863762,1.80606,1.00602,0.666348
2018-12-13,-0.0199977,2.54901,1.89383,2.71224,3.52652,2.63758,3.72694,3.86687,2.90658,4.40544,4.45795,3.06046,5.02249,4.3279,2.51554,4.26784,4.02416,3.40611,3.83875,1.02886,1.02886,0.945093,0.945093,1.62115,0.863762,1.64888,0.990077,0.669691
2018-12-14,-1.92712,2.54901,1.89383,2.71224,3.19071,2.38495,3.37238,3.49919,2.62878,3.98299,3.88814,2.66927,4.38052,3.65587,2.12493,3.60513,3.35787,2.81774,3.19583,1.00692,1.00692,0.911567,0.911567,1.2941,0.863762,1.48876,0.863526,0.565702
2018-12-17,-2.09923,2.54901,1.92797,2.71224,3.66558,2.7422,3.87377,4.01904,3.02163,4.56768,4.7532,3.26315,5.35513,4.85617,2.82258,4.78877,3.79474,3.25424,3.63259,1.09495,1.09495,1.12721,1.12721,1.6628,0.864349,1.721,1.05565,0.751433
2018-12-18,0.00864084,2.54901,1.9621,2.71776,4.12354,3.08672,4.3573,4.52037,3.40047,5.12996,5.00518,3.43614,5.63902,5.15675,2.99729,5.08518,3.66348,3.16823,3.5149,1.36114,1.36114,1.52923,1.52923,1.7001,0.866596,1.94045,1.11161,0.797945
2018-12-19,-1.55154,2.54901,1.9621,2.71776,3.72458,2.78658,3.93606,4.08352,3.07043,4.62815,4.59904,3.15732,5.18145,4.65136,2.70354,4.5868,3.50561,3.03246,3.36367,1.0768,1.0768,1.1703,1.1703,1.6132,0.866596,1.74927,1.02141,0.719741
2018-12-20,-1.58978,2.54901,1.9621,2.71776,3.83268,2.86791,4.0502,4.20181,3.15986,4.758,4.64571,3.18936,5.23403,4.98205,2.89575,4.9129,3.77278,3.2573,3.61814,1.19577,1.19577,1.36944,1.36944,1.71764,0.872651,1.80099,1.03178,0.770912
2018-12-21,-2.08031,2.54901,1.9621,2.71776,3.93868,2.94765,4.16212,4.31797,3.24755,4.89944,4.64842,3.19122,5.23708,5.58748,3.24765,5.50993,3.88831,3.35328,3.7278,1.31885,1.31885,1.69275,1.69275,1.79664,0.872651,1.85154,1.03238,0.864595
2018-12-24,-2.74866,2.54901,1.99204,2.72138,4.31102,3.22776,4.55525,4.72545,3.55557,5.34699,5.07649,3.48509,5.71936,6.19619,3.60146,6.11019,4.09191,3.53231,3.92403,1.43746,1.43746,2.00047,2.00047,1.92241,0.884455,2.02981,1.12745,0.958786
2018-12-26,4.84032,2.60161,2.0788,2.74817,5.03602,3.77318,5.32075,5.52024,4.11484,6.2376,5.69203,3.903,6.39237,7.29831,4.16517,7.11323,4.5169,3.89415,4.33007,1.75371,1.75371,2.54393,2.54393,2.12375,0.884455,2.37977,1.26416,1.12933
2018-12-27,0.852622,2.60161,2.0788,2.74817,7.08797,5.31685,7.48728,7.76717,5.79602,8.77315,7.77292,5.32986,8.72929,10.3789,5.92328,10.1157,5.42832,4.61929,5.18561,1.65732,1.65732,1.72366,1.72366,2.3324,0.872651,3.36279,1.72631,1.60601
2018-12-28,-0.124236,2.60161,2.0788,2.74817,6.44943,4.83648,6.81308,7.06837,5.27286,7.98414,6.2492,4.28504,7.01809,6.81584,3.88982,6.64299,4.2746,3.69168,4.09973,1.47512,1.47512,1.46408,1.46408,1.98296,0.872651,3.05696,1.3879,1.05467
2018-12-31,0.845662,2.60161,2.0788,2.74817,5.81615,4.36007,6.14444,6.37669,4.75401,7.2017,5.74107,3.93663,6.44744,5.69576,3.25059,5.55132,4.54386,3.85317,4.33665,1.42453,1.42453,1.53516,1.53516,1.85165,0.872651,2.75361,1.27505,0.88135
2019-01-02,0.126768,2.60161,2.0788,2.74817,5.31851,3.98569,5.619,5.83175,4.34628,6.58677,5.41091,3.71023,6.07665,5.85888,3.34368,5.7103,3.90329,3.35455,3.73866,1.31449,1.31449,1.34561,1.34561,1.737,0.872651,2.51523,1.20172,0.906591
2019-01-03,-2.50683,2.60161,2.0788,2.74817,4.79683,3.59324,5.06819,5.26045,3.91886,5.94214,5.01088,3.43594,5.62741,4.91742,2.80639,4.79272,3.85203,3.24152,3.66888,1.10542,1.10542,1.26617,1.26617,1.51691,0.872651,2.27589,1.11288,0.760911
2019-01-04,3.37594,2.60161,2.08078,2.76523,5.22206,3.91314,5.51717,5.7255,4.26726,6.46756,5.67901,3.89407,6.37775,6.72722,3.83925,6.55662,4.4106,3.77943,4.22125,1.3294,1.3294,1.7638,1.7638,1.93847,0.887297,2.48228,1.26127,1.04096
2019-01-07,0.698598,2.60161,2.08078,2.76523,6.03382,4.52382,6.37427,6.61407,4.93235,7.47062,6.04332,4.14387,6.78687,7.92643,4.52364,7.72542,4.96918,4.25118,4.75378,1.43407,1.43407,1.3761,1.3761,2.19436,0.887297,2.87316,1.34218,1.22652
2019-01-08,0.96486,2.60161,2.08078,2.76523,5.48683,4.11232,5.79673,6.01571,4.48419,6.79474,5.69387,3.90426,6.39443,6.36263,3.63117,6.20128,4.3647,3.75649,4.18224,1.18416,1.18416,1.23041,1.23041,1.95298,0.872651,2.60977,1.26457,0.98454
2019-01-09,0.408969,2.60161,2.08078,2.76523,5.05289,3.78587,5.33855,5.54271,4.12865,6.25863,5.39095,3.69655,6.05424,6.01844,3.43474,5.86581,4.63961,3.9425,4.43048,1.12702,1.12702,1.08686,1.08686,1.90417,0.872651,2.40082,1.19729,0.931281
2019-01-10,0.450823,2.60161,2.08078,2.76523,4.59439,3.4481,4.8484,5.09437,3.79461,5.7362,4.98758,3.41996,5.60124,5.55282,3.16901,5.412,4.48975,3.83894,4.29451,1.07914,1.07914,1.19458,1.19458,1.91171,0.872651,2.21316,1.1077,0.859231
2019-01-11,-0.0146315,2.60161,2.08078,2.76523,4.18504,3.1395,4.41672,4.64107,3.45555,5.22639,4.94939,3.39377,5.55835,5.25561,2.9994,5.12233,3.62989,3.05376,3.45705,0.918951,0.918951,0.949527,0.949527,1.41596,0.872651,2.00079,1.09922,0.813243
2019-01-14,-0.527139,2.60161,2.08078,2.76523,3.79481,2.84532,4.00521,4.20895,3.13234,4.74081,4.40734,3.02209,4.94961,4.67226,2.66647,4.55377,3.21616,2.70617,3.06316,0.848301,0.848301,0.989786,0.989786,1.25528,0.872651,1.8224,0.978836,0.722976
2019-01-15,1.06646,2.60161,2.08078,2.76523,3.50451,2.62647,3.69907,3.88748,2.89189,4.37925,4.41589,3.02795,4.95921,4.72431,2.69618,4.6045,3.42341,2.89215,3.26403,0.863773,0.863773,0.987826,0.987826,1.37087,0.872651,1.68053,0.980735,0.73103
2019-01-16,0.221954,2.60161,2.08078,2.76523,3.37142,2.52615,3.55873,3.74011,2.78166,4.21335,4.38932,3.00974,4.92937,4.91837,2.80693,4.79364,3.85322,3.25794,3.67464,0.960918,0.960918,0.964788,0.964788,1.55161,0.872651,1.61381,0.974835,0.761059
2019-01-17,0.756274,2.60161,2.08078,2.76523,3.06685,2.29654,3.23754,3.40283,2.52939,3.83453,3.70702,2.5327,4.16304,4.19836,2.39602,4.0919,2.71535,2.26615,2.58059,0.896545,0.896545,0.922886,0.922886,1.0166,0.866596,1.44598,0.823301,0.649646
2019-01-18,1.30969,2.60161,2.08078,2.76523,2.89253,2.16512,3.05371,3.2098,2.38501,3.61796,3.81026,2.60324,4.27899,4.19018,2.39135,4.08392,2.59747,2.15181,2.46377,0.936695,0.936695,0.864367,0.864367,0.932318,0.864349,1.35187,0.846231,0.64838
2019-01-22,-1.42585,2.60161,2.08078,2.76523,2.97357,2.22622,3.13917,3.29954,2.45213,3.71895,4.47936,3.06037,5.03039,4.65831,2.65851,4.54018,2.78909,2.31306,2.64628,0.917818,0.917818,0.897088,0.897088,1.01669,0.864349,1.39066,0.994831,0.720818
2019-01-23,0.220051,2.60161,2.08078,2.76523,3.16979,2.37414,3.3461,3.52777,2.61466,3.9641,4.81094,3.28692,5.40276,5.03666,2.87444,4.90893,3.4983,2.95084,3.33406,1.11703,1.11703,1.15618,1.15618,1.39109,0.864349,1.48459,1.06847,0.779363
2019-01-24,0.137477,2.60161,2.08078,2.76523,2.88589,2.16012,3.04671,3.22403,2.37951,3.61102,4.70354,3.21354,5.28215,4.2949,2.45111,4.18598,3.15852,2.64482,3.00441,1.03323,1.03323,1.08618,1.08618,1.21725,0.864349,1.34869,1.04462,0.664584
2019-01-25,0.845286,2.60161,2.08078,2.76523,2.62711,1.96504,2.77382,2.95461,2.16517,3.28957,4.36808,2.98435,4.90542,4.25253,2.42693,4.14469,2.97383,2.4928,2.82952,0.890598,0.890598,1.03598,1.03598,1.15108,0.864349,1.22482,0.970117,0.658028
2019-01-28,-0.787777,2.60161,2.08078,2.76523,2.54621,1.90405,2.6885,2.85607,2.09816,3.18835,4.1534,2.83768,4.66434,4.29809,2.45293,4.18909,3.07523,2.57178,2.92419,0.907473,0.907473,0.930404,0.930404,1.17963,0.864349,1.18609,0.92244,0.665077
2019-01-29,-0.145731,2.60161,2.08078,2.76523,2.50554,1.87339,2.64562,2.81662,2.06448,3.13798,3.99933,2.73241,4.49131,4.15408,2.37074,4.04873,3.09038,2.59388,2.94143,0.874751,0.874751,1.16462,1.16462,1.20586,0.864349,1.16662,0.88822,0.642793
2019-01-30,1.54296,2.60161,2.08078,2.76523,2.29676,1.716,2.42545,2.57052,1.89155,2.87718,3.68056,2.51462,4.13333,3.74423,2.13684,3.64928,2.67502,2.2478,2.54685,0.817449,0.817449,1.08256,1.08256,1.05086,0.864349,1.06669,0.817424,0.579375
2019-01-31,0.856067,2.60161,2.08078,2.76523,2.66333,1.99234,2.81202,2.96502,2.19517,3.33318,4.29133,2.93191,4.81924,4.31644,2.46341,4.20698,3.14407,2.65297,2.99674,0.779424,0.779424,1.13851,1.13851,1.25234,0.864349,1.24216,0.953073,0.667918
2019-02-01,0.0898195,2.60161,2.08078,2.76523,2.58082,1.93014,2.72501,2.88754,2.12683,3.23112,4.29509,2.93448,4.82345,4.25117,2.42616,4.14336,3.0523,2.53948,2.89846,0.781841,0.781841,0.847008,0.847008,1.13566,0.864349,1.20266,0.953907,0.657818
2019-02-04,0.675339,2.60161,2.08078,2.76523,2.35267,1.75815,2.48442,2.61199,1.93786,2.94536,3.89986,2.66445,4.37961,3.94324,2.25042,3.84324,2.6529,2.22213,2.52367,0.749937,0.749937,0.957532,0.957532,1.0166,0.864349,1.09345,0.866129,0.610168
2019-02-05,0.469739,2.60161,2.08078,2.76523,2.25291,1.68294,2.37921,2.50155,1.85523,2.82153,3.60674,2.46419,4.05043,3.98333,2.2733,3.88231,2.18967,1.84013,2.08481,0.722797,0.722797,0.833367,0.833367,0.861526,0.864349,1.0457,0.801029,0.616372
2019-02-06,-0.222694,2.60161,2.08078,2.76523,2.10803,1.57372,2.22642,2.34108,1.73523,2.63945,3.49634,2.38876,3.92645,4.05893,2.31645,3.956,2.09347,1.7715,1.99688,0.705851,0.705851,0.735716,0.735716,0.861361,0.864349,0.976342,0.776511,0.628071
2019-02-07,-0.940121,2.60161,2.08078,2.76523,1.95585,1.459,2.06595,2.17257,1.60919,2.44791,3.30193,2.25594,3.70813,3.70701,2.1156,3.613,2.11871,1.76026,2.01118,0.720253,0.720253,0.75961,0.75961,0.779449,0.864349,0.9035,0.733335,0.573614
2019-02-08,0.0675997,2.60161,2.08078,2.76523,2.13573,1.58737,2.26189,2.39121,1.72977,2.64972,3.16339,2.16129,3.55254,3.88218,2.21557,3.78373,2.3424,1.9608,2.22792,0.774651,0.774651,0.916374,0.916374,0.907408,0.866596,0.987206,0.702566,0.60072
2019-02-11,0.0708827,2.60161,2.08078,2.76523,1.96266,1.45748,2.07888,2.19801,1.58867,2.43337,2.96771,2.02759,3.33279,3.5622,2.03296,3.47186,2.01275,1.69659,1.9179,0.71329,0.71329,0.795069,0.795069,0.814828,0.866596,0.904591,0.659107,0.551207
2019-02-12,1.28079,2.60161,2.08078,2.76523,1.80801,1.34142,1.91534,2.02538,1.46258,2.2411,2.7415,1.87304,3.07875,3.45129,1.96966,3.36377,1.96572,1.64163,1.86849,0.661366,0.661366,0.785312,0.785312,0.754373,0.866596,0.830768,0.608866,0.534045
2019-02-13,0.301941,2.60161,2.08078,2.76523,2.13209,1.58463,2.25803,2.38714,1.72679,2.63611,3.20708,2.19114,3.60161,3.6954,2.10898,3.60169,2.1382,1.79238,2.03445,0.679535,0.679535,0.743019,0.743019,0.83341,0.866596,0.985466,0.712269,0.571819
2019-02-14,-0.265515,2.60161,2.08078,2.76523,1.97673,1.46804,2.09376,2.21372,1.60013,2.4411,3.24524,2.2172,3.64445,3.77408,2.15388,3.67837,2.0133,1.67723,1.91248,0.600531,0.600531,0.826323,0.826323,0.753652,0.866596,0.911308,0.720742,0.583993
2019-02-15,1.082,2.60161,2.08078,2.76523,1.85494,1.37664,1.96497,2.07777,1.50083,2.28731,2.88093,1.9683,3.23533,3.54562,2.0235,3.45571,2.12465,1.77821,2.02072,0.654197,0.654197,0.833869,0.833869,0.821177,0.866596,0.853171,0.639832,0.548642
2019-02-19,0.149762,2.60161,2.08078,2.76523,2.03973,1.51532,2.16037,2.28404,1.65107,2.50889,3.254,2.22319,3.6543,3.65246,2.08447,3.55983,2.23038,1.86962,2.12215,0.65315,0.65315,0.8008,0.8008,0.873357,0.866596,0.941377,0.722689,0.565174
2019-02-20,0.177555,2.60161,2.08078,2.76523,1.87924,1.39488,1.99066,2.10489,1.49991,2.31008,2.96726,2.02728,3.33228,3.23291,1.84503,3.15092,2.1153,1.75534,2.00731,0.691547,0.691547,0.735804,0.735804,0.78442,0.866596,0.86477,0.659005,0.500253
2019-02-21,-0.353268,2.60161,2.08078,2.76523,1.73813,1.28898,1.84146,1.94738,1.38638,2.13764,2.71254,1.85326,3.04623,3.20108,1.82686,3.1199,1.90085,1.57506,1.80311,0.707226,0.707226,0.719243,0.719243,0.690256,0.866596,0.797415,0.602435,0.495328
2019-02-22,0.639062,2.60161,2.08078,2.76523,1.6698,1.2377,1.7692,1.87111,1.33141,2.05412,2.36813,1.61795,2.65945,3.03195,1.73035,2.95506,1.81494,1.50694,1.72254,0.711337,0.711337,0.661736,0.661736,0.676076,0.866596,0.764797,0.525944,0.469158
2019-02-25,0.123111,2.60161,2.08078,2.76523,1.66912,1.2372,1.76849,1.87035,1.33086,2.05328,2.57746,1.76097,2.89453,3.13408,1.78863,3.0546,1.80478,1.49468,1.71175,0.722614,0.722614,0.604646,0.604646,0.658633,0.866596,0.764474,0.572434,0.484962
2019-02-26,-0.0790768,2.60161,2.08078,2.76523,1.54817,1.14643,1.6406,1.73534,1.23355,1.90545,2.46228,1.68227,2.76518,2.92176,1.66746,2.84767,1.6843,1.38657,1.59498,0.706296,0.706296,0.648584,0.648584,0.595654,0.866596,0.70674,0.546853,0.452107
2019-02-27,-0.054419,2.60161,2.08078,2.76523,1.44768,1.07101,1.53433,1.62316,1.15675,1.78428,2.15169,1.41177,2.41616,2.71752,1.54662,2.63759,1.50932,1.25222,1.43219,0.656368,0.656368,0.642786,0.642786,0.559212,0.864349,0.653222,0.477873,0.420503
2019-02-28,-0.282951,2.60161,2.08078,2.76523,1.35679,1.00281,1.43823,1.52171,1.07957,1.67165,1.84747,1.21217,2.07456,2.70842,1.54144,2.62876,1.30369,1.08089,1.23685,0.661802,0.661802,0.702002,0.702002,0.479822,0.864349,0.610171,0.41031,0.419096
2019-03-01,0.687164,2.60161,2.08078,2.76523,1.3244,0.978499,1.40398,1.48555,1.05351,1.63229,1.78526,1.13246,2.00038,2.55734,1.43767,2.47279,1.31671,1.09605,1.25051,0.606104,0.606104,0.654232,0.654232,0.499042,0.863762,0.591199,0.396494,0.395717
2019-03-04,-0.388808,2.60161,2.08078,2.76523,1.41436,1.046,1.4991,1.58596,1.12588,1.74215,1.92739,1.22261,2.15964,3.08226,1.73276,2.98036,1.44936,1.19684,1.3736,0.684484,0.684484,0.628015,0.628015,0.526639,0.863762,0.633572,0.42806,0.476942
2019-03-05,-0.113219,2.60161,2.08078,2.76523,1.40845,1.04157,1.49285,1.57937,1.12113,1.73504,1.88409,1.19515,2.11112,2.81504,1.58254,2.72197,1.32789,1.09533,1.25813,0.77031,0.77031,0.64174,0.64174,0.480863,0.863762,0.63079,0.418443,0.435593
2019-03-06,-0.654546,2.60161,2.08078,2.76523,1.32994,0.982653,1.40983,1.49173,1.05796,1.63906,1.76216,1.1178,1.9745,2.55525,1.4365,2.47078,1.24221,1.03073,1.17877,0.621085,0.621085,0.613785,0.613785,0.468492,0.863762,0.593807,0.391362,0.395395
2019-03-07,-0.815894,2.60161,2.08078,2.76523,1.46806,1.08631,1.55588,1.64591,1.16909,1.80807,1.83605,1.16467,2.05729,2.82675,1.58913,2.7333,1.52941,1.25893,1.44826,0.714663,0.714663,0.694268,0.694268,0.551383,0.863762,0.662874,0.407774,0.437406
2019-03-08,-0.213394,2.60161,2.08078,2.76523,1.66648,1.23521,1.76569,1.86739,1.32873,2.05045,1.99698,1.26676,2.23761,3.01397,1.69438,2.91433,1.7482,1.45023,1.65881,0.763977,0.763977,0.826157,0.826157,0.663601,0.863762,0.763211,0.443515,0.466376
2019-03-11,1.45595,2.60161,2.08078,2.76523,1.55835,1.15619,1.64961,1.77428,1.25524,1.93477,1.95059,1.23733,2.18563,2.81867,1.58458,2.72549,1.5222,1.27095,1.44682,0.716642,0.716642,0.775396,0.775396,0.59511,0.863762,0.716024,0.433212,0.436155
2019-03-12,0.294898,2.60161,2.08078,2.76523,2.07568,1.54507,2.19607,2.36056,1.67576,2.57211,2.45306,1.55606,2.74865,3.17502,1.78491,3.07006,1.89354,1.57417,1.79773,0.789616,0.789616,0.831422,0.831422,0.723424,0.863762,0.964332,0.544806,0.491296
2019-03-13,0.692555,2.60161,2.08078,2.76523,1.92862,1.43452,2.04073,2.1939,1.55622,2.39091,2.29527,1.45597,2.57185,2.91255,1.63736,2.81626,1.6943,1.41605,1.61082,0.785371,0.785371,0.874683,0.874683,0.665341,0.863762,0.893745,0.509763,0.450681
2019-03-14,-0.0868385,2.60161,2.08078,2.76523,1.90343,1.41558,2.01412,2.16535,1.53574,2.35942,2.34196,1.48559,2.62416,3.21705,1.80854,3.1107,1.77865,1.47769,1.68836,0.802835,0.802835,0.676937,0.676937,0.673143,0.863762,0.881653,0.520131,0.4978
2019-03-15,0.497252,2.60161,2.08078,2.76523,1.76522,1.31169,1.86812,2.00872,1.4234,2.18898,2.20468,1.39851,2.47034,2.80857,1.57891,2.71572,1.60482,1.33069,1.52258,0.67245,0.67245,0.781741,0.781741,0.598024,0.863762,0.815315,0.489643,0.434593
2019-03-18,0.369908,2.60161,2.08078,2.76523,1.69908,1.26197,1.79826,1.93376,1.36964,2.10918,2.06024,1.30688,2.3085,2.85365,1.60425,2.75931,1.37161,1.13986,1.30208,0.648361,0.648361,0.718792,0.718792,0.513882,0.862606,0.776175,0.457564,0.441567
2019-03-19,-0.0130544,2.60161,2.08078,2.76523,1.60938,1.19455,1.70351,1.83211,1.29672,1.99793,2.11338,1.34059,2.36804,2.65817,1.49435,2.57029,1.38523,1.15276,1.31549,0.568451,0.568451,0.620863,0.620863,0.517499,0.862606,0.733499,0.469365,0.41132
2019-03-20,-0.29487,2.60161,2.08078,2.76523,1.49789,1.11073,1.58573,1.70575,1.20609,1.85972,2.06797,1.31179,2.31716,2.40922,1.3544,2.32957,1.52339,1.25704,1.44349,0.548233,0.548233,0.617859,0.617859,0.544856,0.862606,0.68045,0.459281,0.372798
2019-03-21,1.0794,2.60161,2.08078,2.76523,1.44704,1.07251,1.53202,1.64812,1.16476,1.79809,1.82347,1.15669,2.04319,2.54347,1.42987,2.45938,1.41904,1.18335,1.34833,0.523749,0.523749,0.678539,0.678539,0.540563,0.862606,0.656257,0.404978,0.393571
2019-03-22,-1.91568,2.60161,2.08078,2.76523,1.73103,1.28599,1.83201,1.96997,1.39561,2.1487,2.09549,1.32925,2.348,2.6604,1.49561,2.57244,1.60127,1.33172,1.52041,0.544861,0.544861,0.646601,0.646601,0.604628,0.857835,0.791377,0.465393,0.411664
2019-03-25,-0.0839389,2.60161,2.08078,2.76523,2.65156,1.97797,2.8044,3.01321,2.15111,3.31308,2.90467,1.90582,3.28475,3.31805,1.8884,3.22839,2.20049,1.80484,2.08179,0.806828,0.806828,0.891523,0.891523,0.759978,0.862606,1.24075,0.645106,0.513428
2019-03-26,0.715707,2.60161,2.08078,2.76523,2.43571,1.81571,2.57639,2.76859,1.96842,3.04306,2.46628,1.61818,2.78899,2.80231,1.59488,2.72659,1.90226,1.56059,1.79976,0.744435,0.744435,0.734695,0.734695,0.656925,0.862606,1.13714,0.547742,0.433624
2019-03-27,-0.465516,2.60161,2.08078,2.76523,2.34297,1.746,2.47843,2.66349,1.89304,2.92777,2.49523,1.63717,2.82173,2.82842,1.60973,2.75199,1.91616,1.5796,1.81519,0.862526,0.862526,0.733995,0.733995,0.682993,0.862606,1.09263,0.554172,0.437664
2019-03-28,0.358305,2.60161,2.08078,2.76523,2.22508,1.65738,2.35389,2.52988,1.7972,2.78119,2.43423,1.59715,2.75275,2.71954,1.54777,2.64605,1.76854,1.46058,1.67615,0.797826,0.797826,0.777594,0.777594,0.642168,0.862606,1.03604,0.540624,0.420815
2019-03-29,0.671172,2.60161,2.08078,2.76523,2.07103,1.54158,2.19116,2.35529,1.67198,2.58968,2.27983,1.49584,2.57814,3.00413,1.70974,2.92295,1.77677,1.47559,1.68642,0.860687,0.860687,0.800786,0.800786,0.664926,0.862606,0.962099,0.506333,0.464853
2019-04-01,1.15022,2.60161,2.08078,2.76523,2.01608,1.50027,2.13312,2.29302,1.62731,2.52136,2.36233,1.54998,2.67144,2.65458,1.5108,2.58285,1.70149,1.41734,1.61624,0.866112,0.866112,0.703343,0.703343,0.65276,0.862606,0.935723,0.524656,0.410764
2019-04-02,0.00174734,2.60161,2.08078,2.76523,2.19222,1.63267,2.31918,2.49263,1.77049,2.74034,2.77935,1.82359,3.14302,2.9079,1.65497,2.82932,1.8371,1.5389,1.74764,0.855918,0.855918,0.814715,0.814715,0.718733,0.862606,1.02026,0.617273,0.449962
2019-04-03,0.214607,2.60161,2.08078,2.76523,2.01813,1.50181,2.13528,2.29534,1.62898,2.52391,2.41222,1.58271,2.72785,2.76789,1.57529,2.6931,1.66489,1.38495,1.5809,0.823833,0.823833,0.753702,0.753702,0.630033,0.862606,0.936704,0.535735,0.428298
2019-04-04,0.208247,2.60161,2.08078,2.76523,1.86802,1.38897,1.97671,2.12522,1.50696,2.33729,2.40375,1.57715,2.71828,2.4661,1.40353,2.39946,1.7894,1.50456,1.70395,0.799986,0.799986,0.691473,0.691473,0.717475,0.862606,0.864653,0.533855,0.381599
2019-04-05,0.462572,2.60161,2.08078,2.76523,1.73352,1.28786,1.83464,1.97279,1.39763,2.17008,2.19638,1.44109,2.48378,2.21768,1.26214,2.15775,1.68342,1.40558,1.60007,0.786112,0.786112,0.653041,0.653041,0.643164,0.862606,0.800096,0.4878,0.343159
2019-04-08,0.10469,2.60161,2.08078,2.76523,1.66847,1.23358,1.7699,1.89317,1.3363,2.07868,2.16451,1.42018,2.44773,2.0658,1.17571,2.00998,1.60985,1.34909,1.53162,0.669231,0.669231,0.640502,0.640502,0.627549,0.862606,0.762695,0.480721,0.319658
2019-04-09,-0.608595,2.60161,2.08078,2.76523,1.55023,1.145,1.64474,1.7596,1.24071,1.93247,2.04324,1.34061,2.3106,2.26067,1.28661,2.19958,1.38369,1.15183,1.31413,0.605492,0.605492,0.620023,0.620023,0.514491,0.857835,0.701904,0.453789,0.349811
2019-04-10,0.347183,2.60161,2.08078,2.76523,1.61189,1.1912,1.71001,1.82926,1.29056,2.00872,2.12849,1.39655,2.407,2.22898,1.26858,2.16875,1.49891,1.25165,1.42473,0.638646,0.638646,0.64062,0.64062,0.569929,0.857835,0.731191,0.472721,0.344907
2019-04-11,0.00381198,2.60161,2.08078,2.76523,1.5288,1.12894,1.62205,1.73539,1.22338,1.90596,2.15589,1.41452,2.43798,1.99044,1.13282,1.93666,1.58673,1.31716,1.50586,0.678807,0.678807,0.61104,0.61104,0.587316,0.857835,0.691725,0.478806,0.307997
2019-04-12,0.658756,2.60161,2.08078,2.76523,1.42689,1.05259,1.51418,1.62028,1.141,1.77994,1.93638,1.2705,2.18976,2.03035,1.15553,1.97549,1.37116,1.14504,1.30333,0.673753,0.673753,0.652764,0.652764,0.523522,0.857835,0.643326,0.430056,0.314172
2019-04-15,-0.0629556,2.60161,2.08078,2.76523,1.47566,1.08913,1.56581,1.67538,1.18043,1.84025,2.01072,1.31928,2.27382,2.12578,1.20984,2.06834,1.44213,1.20401,1.37069,0.687572,0.687572,0.612647,0.612647,0.5485,0.857835,0.66649,0.446566,0.328938
2019-04-16,0.0509235,2.60161,2.08078,2.76523,1.38495,1.02117,1.46979,1.57291,1.10709,1.72807,2.00468,1.31531,2.26699,2.18979,1.24627,2.13062,1.56217,1.30498,1.48501,0.686688,0.686688,0.577482,0.577482,0.593069,0.857835,0.623407,0.445224,0.338844
2019-04-17,-0.22764,2.60161,2.08078,2.76523,1.29808,0.956089,1.37784,1.47478,1.03687,1.62065,1.88628,1.23763,2.1331,1.99728,1.13671,1.94332,1.45049,1.18936,1.37215,0.692531,0.692531,0.517644,0.517644,0.494065,0.857835,0.582148,0.418929,0.309056
2019-04-18,0.157782,2.60161,2.08078,2.76523,1.26003,0.927584,1.33756,1.4318,1.00611,1.57359,1.83328,1.20285,2.07316,2.02394,1.15188,1.96925,1.33625,1.10931,1.26817,0.735113,0.735113,0.551169,0.551169,0.489991,0.857835,0.564078,0.407158,0.31318
2019-04-22,0.101153,2.60161,2.08078,2.76523,1.19195,0.876579,1.2655,1.35489,0.951068,1.4894,1.8147,1.19066,2.05215,1.98526,1.12987,1.93161,1.30995,1.07649,1.23991,0.602598,0.602598,0.541085,0.541085,0.452801,0.857835,0.531661,0.403031,0.307195
2019-04-23,0.880233,2.60161,2.08078,2.76523,1.12892,0.82936,1.19879,1.2837,0.900115,1.41147,1.65683,1.08708,1.87362,1.99657,1.13631,1.94262,1.20856,0.994678,1.14439,0.588819,0.588819,0.550019,0.550019,0.416112,0.85203,0.500744,0.367969,0.308946
2019-04-24,-0.219416,2.60161,2.08078,2.76523,1.37562,1.01419,1.45992,1.56237,1.09956,1.71654,1.97597,1.29647,2.23452,2.3065,1.31269,2.24417,1.4263,1.1901,1.35544,0.645969,0.645969,0.593429,0.593429,0.538994,0.85203,0.617692,0.438847,0.356903
2019-04-25,-0.0369049,2.60161,2.08078,2.76523,1.32448,0.975868,1.40578,1.5046,1.05821,1.65329,1.93735,1.27113,2.19084,1.9737,1.12329,1.92037,1.38252,1.15455,1.31413,0.634248,0.634248,0.594859,0.594859,0.520921,0.85203,0.593446,0.43027,0.305407
2019-04-26,0.467436,2.60161,2.08078,2.76523,1.24933,0.919569,1.32624,1.41971,0.997457,1.56038,1.8804,1.23377,2.12645,1.9968,1.13644,1.94285,1.35807,1.11882,1.2863,0.58265,0.58265,0.612733,0.612733,0.474923,0.843579,0.552462,0.417624,0.308981
2019-04-29,0.107093,2.60161,2.08078,2.76523,1.25267,0.922072,1.32978,1.42349,1.00016,1.5645,1.7608,1.1553,1.9912,2.01424,1.14636,1.95982,1.46223,1.20826,1.38604,0.588983,0.588983,0.612886,0.612886,0.517426,0.843579,0.554032,0.391061,0.31168
2019-04-30,0.0950982,2.60161,2.08078,2.76523,1.18232,0.869363,1.25531,1.34401,0.943281,1.47749,1.6772,1.10044,1.89666,2.14115,1.21859,2.08329,1.36009,1.1174,1.28728,0.593053,0.593053,0.549242,0.549242,0.461925,0.843579,0.520968,0.372493,0.331316
2019-05-01,-0.753045,2.60161,2.08078,2.76523,1.12031,0.822907,1.18967,1.27397,0.893152,1.40084,1.6566,1.08693,1.87337,1.97049,1.12146,1.91725,1.24203,1.0219,1.17599,0.541225,0.541225,0.52515,0.52515,0.42113,0.843579,0.491826,0.367919,0.30491
2019-05-02,-0.212626,2.60161,2.08078,2.76523,1.37216,1.01159,1.45625,1.55846,1.09676,1.71226,1.66968,1.09551,1.88815,2.09036,1.18969,2.03388,1.33776,1.1122,1.2701,0.698816,0.698816,0.635223,0.635223,0.490729,0.843579,0.616049,0.370823,0.323459
2019-05-03,0.959214,2.60161,2.08078,2.76523,1.31987,0.97242,1.40091,1.4994,1.05449,1.64758,1.6699,1.09566,1.88841,1.91443,1.08955,1.8627,1.28534,1.07075,1.22097,0.691384,0.691384,0.660693,0.660693,0.473557,0.843579,0.591264,0.370873,0.296234
2019-05-06,-0.448101,2.60161,2.08078,2.76523,1.56067,1.15282,1.65579,1.7714,1.24915,1.94529,1.89878,1.24583,2.14723,2.00607,1.14171,1.95186,1.32581,1.10415,1.25931,0.683388,0.683388,0.689876,0.689876,0.494477,0.843579,0.70541,0.421704,0.310414
2019-05-07,-1.66495,2.60161,2.08078,2.76523,1.57218,1.15605,1.6727,1.75791,1.25004,1.94208,1.86457,1.22338,2.10854,1.95562,1.113,1.90278,1.32148,1.10414,1.25628,0.761813,0.761813,0.651594,0.651594,0.503557,0.843579,0.705763,0.414106,0.302609
2019-05-08,-0.160671,2.60161,2.08078,2.76523,2.38157,1.75976,2.53178,2.65911,1.90283,2.95893,2.31304,1.58105,2.63511,2.28608,1.30467,2.25,1.89587,1.57539,1.79973,1.08392,1.08392,0.846696,0.846696,0.701807,0.85203,1.09181,0.51371,0.353743
2019-05-09,-0.302598,2.60161,2.08078,2.76523,2.19834,1.62309,2.3373,2.45509,1.75544,2.73237,2.18354,1.49253,2.48757,2.18174,1.24513,2.14731,1.73889,1.45551,1.65387,0.952745,0.952745,0.819772,0.819772,0.667132,0.85203,1.00504,0.484948,0.337599
2019-05-10,0.371338,2.60161,2.08078,2.76523,2.05946,1.5195,2.1899,2.30046,1.64374,2.56063,2.08345,1.42412,2.37355,2.1625,1.23415,2.12837,1.84397,1.52178,1.74731,1.00767,1.00767,0.85387,0.85387,0.650398,0.85203,0.93924,0.462719,0.334621
2019-05-13,-2.44265,2.60161,2.08078,2.76523,1.92484,1.41909,2.04701,2.15057,1.53545,2.39413,2.0742,1.41779,2.36301,2.09542,1.19587,2.06235,1.85257,1.53262,1.75659,1.04378,1.04378,0.758267,0.758267,0.661939,0.85203,0.875441,0.460663,0.324242
2019-05-14,0.798399,2.60161,2.09947,2.77897,3.26118,2.41584,3.46538,3.90921,2.62942,4.10528,3.62973,2.18936,3.63049,3.3975,1.84453,3.19756,2.74092,2.24682,2.59269,1.41469,1.41469,1.18082,1.18082,0.928256,0.857835,1.51014,0.696045,0.491054
2019-05-15,0.582201,2.60161,2.09947,2.77897,3.08246,2.28254,3.27569,3.69568,2.48464,3.88096,3.55001,2.14127,3.55075,2.85155,1.54813,2.68374,2.74048,2.2565,2.59529,1.19468,1.19468,0.810656,0.810656,0.945348,0.857835,1.42467,0.680758,0.412146
2019-05-16,0.885595,2.60161,2.09947,2.77897,2.87132,2.12505,3.05159,3.44341,2.3136,3.61654,3.58981,2.16528,3.59056,2.70601,1.46911,2.54676,2.51993,2.0502,2.37901,1.2311,1.2311,0.831834,0.831834,0.815567,0.85203,1.32264,0.688389,0.39111
2019-05-17,-0.585446,2.60161,2.09947,2.77897,2.77346,2.05206,2.94773,3.32649,2.23433,3.49389,3.86494,2.33123,3.86575,3.21866,1.74744,3.02925,2.43303,2.0015,2.30357,1.23827,1.23827,0.660239,0.660239,0.835776,0.85203,1.27644,0.74115,0.465206
2019-05-20,-0.677224,2.60161,2.09947,2.77897,2.63434,1.9483,2.80007,3.16026,2.12163,3.31905,3.51009,2.1172,3.51083,3.05175,1.65682,2.87216,2.28339,1.85859,2.15595,1.24378,1.24378,0.81803,0.81803,0.73234,0.85203,1.20747,0.673103,0.441082
2019-05-21,0.845994,2.60161,2.09947,2.77897,2.54396,1.88088,2.70414,3.05227,2.04841,3.20563,3.73487,2.25278,3.73565,3.08784,1.67642,2.90613,2.4731,2.03366,2.34127,1.37395,1.37395,0.743406,0.743406,0.841832,0.85203,1.16344,0.716207,0.446298
2019-05-22,-0.28284,2.60161,2.09947,2.77897,2.48086,1.83382,2.63716,2.97687,1.99729,3.12594,3.93048,2.37076,3.9313,2.92599,1.58854,2.7538,2.41697,1.98125,2.28625,1.45824,1.45824,0.777607,0.777607,0.814246,0.85203,1.13367,0.753718,0.422905
2019-05-23,-1.19857,2.60161,2.09947,2.77897,2.3051,1.70272,2.45061,2.76686,1.85491,2.90501,3.3472,2.01894,3.3479,2.65051,1.43899,2.49454,2.16935,1.7864,2.05447,1.42608,1.42608,0.650143,0.650143,0.752198,0.85203,1.04112,0.641867,0.383089
2019-05-24,0.135265,2.60161,2.09947,2.77897,2.52453,1.86639,2.68352,3.02903,2.03267,3.17913,3.30339,1.99252,3.30408,3.15199,1.71124,2.9665,2.44805,2.0171,2.31876,1.551,1.551,0.838834,0.838834,0.851908,0.857835,1.15423,0.633466,0.45557
2019-05-28,-0.841096,2.60161,2.09947,2.77897,2.31417,1.70949,2.46024,2.7777,1.86226,2.91593,2.97333,1.79343,2.97395,2.58134,1.40143,2.42943,2.01883,1.67926,1.91696,1.57614,1.57614,0.70141,0.70141,0.737708,0.85203,1.05517,0.570172,0.373091
2019-05-29,-0.693592,2.60161,2.09947,2.77897,2.34219,1.73038,2.48998,2.81116,1.88496,2.94992,3.07857,1.85691,3.07922,2.74091,1.48806,2.57961,2.36511,1.95405,2.24179,1.56302,1.56302,0.900247,0.900247,0.835005,0.85203,1.06837,0.590354,0.396154
2019-05-30,0.209628,2.60161,2.09947,2.77897,2.30258,1.70084,2.44794,2.76383,1.85287,2.90002,3.06396,1.8481,3.0646,3.11277,1.68995,2.92959,2.73344,2.24245,2.58614,1.44616,1.44616,0.897502,0.897502,0.939643,0.85203,1.04972,0.587552,0.449901
2019-05-31,-1.32832,2.60161,2.09947,2.77897,2.11947,1.56426,2.25359,2.54503,1.70454,2.66919,2.86668,1.7291,2.86728,2.77802,1.50821,2.61454,2.43155,2.00703,2.30419,1.33455,1.33455,0.808573,0.808573,0.860397,0.85203,0.963486,0.54972,0.401519
2019-06-03,-0.276907,2.60161,2.09947,2.77897,2.47049,1.82608,2.62615,2.96445,1.98889,3.11059,3.62383,2.1858,3.62459,3.36264,1.82561,3.16476,3.71755,3.10595,3.53407,1.58739,1.58739,0.984237,0.984237,1.41301,0.857835,1.13499,0.694914,0.486016
2019-06-04,2.12059,2.60161,2.09947,2.77897,2.29485,1.69507,2.43973,2.75456,1.84661,2.88825,3.66502,2.21065,3.66579,3.33442,1.81029,3.1382,3.82191,3.15607,3.62215,1.5502,1.5502,0.991714,0.991714,1.34931,0.857835,1.05185,0.702813,0.481937
2019-06-05,0.812873,2.60161,2.09947,2.77897,3.0655,2.27113,3.2565,3.6795,2.47492,3.85852,5.50271,3.31909,5.50386,4.17778,2.26815,3.93193,4.26948,3.59327,4.06662,1.67251,1.67251,0.990888,0.990888,1.69398,0.857835,1.41526,1.05521,0.603831
2019-06-06,0.611684,2.60161,2.09947,2.77897,2.91823,2.16123,3.10025,3.50332,2.35543,3.67146,4.55434,2.74706,4.55529,3.84115,2.08539,3.61511,4.02036,3.37394,3.82643,1.75887,1.75887,0.975893,0.975893,1.55692,0.857835,1.34561,0.873351,0.555177
2019-06-07,1.0443,2.60161,2.09947,2.77897,2.73531,2.02471,2.90617,3.28448,2.20679,3.43948,4.70732,2.83933,4.70831,3.50052,1.90046,3.29452,3.72407,3.10495,3.53833,1.69753,1.69753,0.78901,0.78901,1.39538,0.857835,1.25908,0.902687,0.505944
2019-06-10,0.464922,2.60161,2.09947,2.77897,2.72047,2.01363,2.89043,3.26664,2.19433,3.41573,4.70102,2.83553,4.702,4.04867,2.19806,3.81042,3.59555,2.97066,3.40808,1.52958,1.52958,0.809883,0.809883,1.29051,0.857835,1.25206,0.901478,0.585171
2019-06-11,-0.0349938,2.60161,2.09947,2.77897,2.52938,1.87101,2.68768,3.03812,2.03946,3.17864,4.63595,2.79628,4.63692,3.7498,2.0358,3.52913,3.18944,2.63513,3.02315,1.65546,1.65546,0.811899,0.811899,1.14633,0.857835,1.16167,0.889001,0.541973
2019-06-12,-0.203966,2.60161,2.09947,2.77897,2.32261,1.7167,2.4683,2.79064,1.87149,2.91728,3.96497,2.39157,3.9658,3.37106,1.83018,3.17268,2.95833,2.41467,2.79523,1.42046,1.42046,0.904519,0.904519,0.994105,0.857835,1.06387,0.760332,0.487233
2019-06-13,0.408901,2.60161,2.09947,2.77897,2.15387,1.59076,2.28927,2.51135,1.72994,2.70307,3.80238,2.2935,3.80317,3.07087,1.6672,2.89016,2.39698,1.96066,2.26608,1.3928,1.3928,0.828873,0.828873,0.814845,0.857835,0.984059,0.729153,0.443846
2019-06-14,-0.161281,2.60161,2.09947,2.77897,2.0168,1.48846,2.14383,2.26407,1.61387,2.52644,2.95154,1.78029,2.95216,2.92784,1.58955,2.75555,2.52861,2.05049,2.38517,1.42385,1.42385,0.72472,0.72472,0.819256,0.857835,0.919223,0.565994,0.423173
2019-06-17,0.0931301,2.60161,2.09947,2.77897,1.87577,1.38321,1.9942,2.1063,1.50012,2.35084,2.67861,1.61567,2.67917,2.79938,1.51981,2.63464,2.33821,1.89195,2.20433,1.25423,1.25423,0.810285,0.810285,0.747261,0.857835,0.852515,0.513656,0.404605
2019-06-18,0.96705,2.60161,2.09947,2.77897,1.73386,1.2773,1.84363,1.94749,1.38566,2.16949,2.37673,1.43358,2.37723,2.66654,1.44769,2.50962,1.70386,1.36608,1.60253,1.26593,1.26593,0.721796,0.721796,0.513887,0.857835,0.785388,0.455768,0.385406
2019-06-19,0.298073,2.60161,2.09947,2.77897,1.87713,1.38422,1.99565,2.10769,1.50122,2.34127,2.78636,1.68066,2.78694,3.03524,1.64786,2.85662,1.88007,1.50799,1.76845,1.21356,1.21356,0.798248,0.798248,0.570142,0.857835,0.853158,0.534319,0.438695
2019-06-20,0.942758,2.60161,2.08078,2.77859,1.75273,1.29138,1.86366,1.96907,1.40089,2.18817,2.71807,1.60417,2.69328,2.82858,1.50783,2.62222,2.27473,1.84727,2.14649,1.1595,1.1595,0.647407,0.647407,0.738249,0.85203,0.792195,0.521223,0.408827
2019-06-21,-0.125999,2.60161,2.08078,2.77859,1.87831,1.38511,1.9969,2.10948,1.50217,2.34015,3.29326,1.94365,3.26324,3.16424,1.68676,2.93339,2.63137,2.15095,2.48724,1.20257,1.20257,0.6649,0.6649,0.899,0.85203,0.851449,0.631524,0.45734
2019-06-24,-0.17334,2.60161,2.08078,2.77859,1.74813,1.28795,1.85877,1.96377,1.39717,2.17748,3.08344,1.81981,3.05533,2.75893,1.4707,2.55765,2.17515,1.77594,2.05539,1.26884,1.26884,0.639779,0.639779,0.734967,0.85203,0.790023,0.591288,0.398759
2019-06-25,-0.954177,2.60161,2.08078,2.77859,1.64005,1.20729,1.74411,1.84271,1.31001,2.03998,2.69254,1.58911,2.66799,2.69918,1.43885,2.50226,1.91458,1.56451,1.80956,1.13536,1.13536,0.67713,0.67713,0.659625,0.85203,0.739028,0.516328,0.390124
2019-06-26,-0.123471,2.60161,2.08078,2.77859,1.87782,1.38474,1.99637,2.10858,1.49802,2.33116,3.08331,1.81974,3.0552,3.03419,1.61743,2.81283,2.71139,2.22394,2.56516,1.27048,1.27048,0.751348,0.751348,0.941409,0.857835,0.853482,0.591263,0.438544
2019-06-27,0.381589,2.60161,2.08078,2.77859,1.74737,1.28738,1.85797,1.96253,1.39306,2.17026,3.42861,2.02353,3.39735,2.72885,1.45467,2.52977,2.79558,2.31493,2.65138,1.21547,1.21547,0.816426,0.816426,1.02793,0.857835,0.79178,0.657479,0.394412
2019-06-28,0.574095,2.60161,2.08078,2.77859,1.65427,1.2179,1.75919,1.85931,1.31816,2.05562,2.83721,1.67449,2.81134,2.63496,1.40074,2.43157,2.92811,2.41498,2.77417,1.23357,1.23357,0.692809,0.692809,1.04228,0.85203,0.745738,0.544069,0.380841
2019-07-01,0.764303,2.60161,2.08078,2.77859,1.63041,1.20009,1.73387,1.83231,1.29895,2.02614,2.82324,1.66624,2.7975,2.80861,1.49305,2.59181,2.72074,2.23993,2.5765,1.18974,1.18974,0.633983,0.633983,0.962797,0.85203,0.734477,0.541391,0.405939
2019-07-02,0.292384,2.60161,2.08078,2.77859,1.6908,1.24516,1.79794,1.9003,1.34754,2.10069,2.92354,1.72544,2.89688,2.82391,1.50118,2.60593,2.77533,2.28541,2.62836,1.10898,1.10898,0.622371,0.622371,0.983212,0.85203,0.762972,0.560625,0.408151
2019-07-03,0.764311,2.60161,2.08078,2.77859,1.57256,1.15577,1.67294,1.74316,1.25258,1.95585,3.1245,1.84404,3.09601,2.58706,1.37528,2.38737,2.84846,2.33778,2.69526,1.08001,1.08001,0.622606,0.622606,0.979148,0.85203,0.710484,0.599161,0.373919
2019-07-05,-0.180755,2.60161,2.08078,2.77859,1.64563,1.2103,1.75048,1.82349,1.31141,2.04592,3.41867,2.01766,3.3875,2.66157,1.41489,2.45613,3.25205,2.67047,3.07758,0.939119,0.939119,0.582954,0.582954,1.1266,0.85203,0.74519,0.655571,0.384688
2019-07-08,-0.484715,2.60161,2.08078,2.77859,1.54755,1.13711,1.6464,1.71477,1.23244,1.92485,3.65805,2.15894,3.6247,2.49682,1.32731,2.3041,2.57902,2.12421,2.44258,1.03783,1.03783,0.651718,0.651718,0.912623,0.85203,0.698601,0.701477,0.360876
2019-07-09,0.123578,2.60161,2.08078,2.77859,1.55959,1.14609,1.65918,1.72796,1.24213,1.93969,3.78196,2.23207,3.74747,2.65251,1.41007,2.44777,3.19701,2.64161,3.03039,1.08682,1.08682,0.678415,0.678415,1.17614,0.85203,0.704322,0.725237,0.383378
2019-07-10,0.450055,2.60161,2.08078,2.77859,1.44837,1.0631,1.54115,1.60458,1.15259,1.80239,4.14443,2.446,4.10665,2.48739,1.3223,2.2954,3.25994,2.71814,3.0974,1.04312,1.04312,0.609335,0.609335,1.25306,0.85203,0.651493,0.794746,0.359513
2019-07-11,0.22826,2.60161,2.08078,2.77859,1.41212,1.03606,1.5027,1.56381,1.12341,1.75754,3.57173,2.108,3.53917,2.54256,1.35162,2.3463,2.24259,1.83459,2.12019,1.09479,1.09479,0.578536,0.578536,0.764622,0.85203,0.634279,0.684924,0.367486
2019-07-12,0.460953,2.60161,2.08078,2.77859,1.32898,0.974018,1.41447,1.47159,1.05646,1.6549,4.54505,2.68244,4.50361,2.40126,1.27651,2.21591,3.03041,2.49222,2.86895,1.12832,1.12832,0.557822,0.557822,1.05159,0.85203,0.594786,0.871569,0.347063
2019-07-15,0.0175844,2.60161,2.08078,2.77859,1.31623,0.964505,1.40094,1.45661,1.0462,1.63901,3.00277,1.7722,2.97539,2.49362,1.32561,2.30114,2.55548,2.08424,2.41411,1.15889,1.15889,0.579531,0.579531,0.833268,0.85203,0.588731,0.575818,0.360413
2019-07-16,-0.340958,2.60161,2.08078,2.77859,1.23507,0.903951,1.31482,1.36677,0.98086,1.53887,3.23789,1.91097,3.20837,2.31354,1.22988,2.13496,2.36024,1.92499,2.22966,1.17498,1.17498,0.699459,0.699459,0.770904,0.85203,0.550185,0.620905,0.334385
2019-07-17,-0.655266,2.60161,2.08078,2.77859,1.2462,0.912252,1.32663,1.38062,0.989817,1.55288,2.82036,1.66454,2.79464,2.39568,1.27354,2.21076,2.5136,2.05871,2.37713,1.15928,1.15928,0.783982,0.783982,0.84438,0.843579,0.55237,0.540839,0.346257
2019-07-18,0.35756,2.60161,2.08078,2.77859,1.41481,1.03806,1.50555,1.56571,1.12557,1.76066,2.68053,1.58202,2.65609,2.38137,1.26594,2.19756,2.76439,2.27662,2.61806,1.24759,1.24759,0.856587,0.856587,0.966851,0.843579,0.635554,0.514024,0.34419
2019-07-19,-0.619589,2.60161,2.08078,2.77859,1.35699,0.994921,1.44419,1.50476,1.07902,1.68988,2.44213,1.44132,2.41986,2.39648,1.27397,2.2115,2.59803,2.1155,2.45327,1.22906,1.22906,0.684977,0.684977,0.835889,0.843579,0.608092,0.468308,0.346373
2019-07-22,0.282469,2.60161,2.08078,2.77859,1.47613,1.08382,1.57061,1.63516,1.17494,1.83661,3.03329,1.79021,3.00563,2.63027,1.39825,2.42724,2.49001,2.0301,2.35204,1.25578,1.25578,0.71372,0.71372,0.824358,0.843579,0.668619,0.58167,0.380163
2019-07-23,0.682416,2.60161,2.08078,2.77859,1.39336,1.02206,1.48278,1.54012,1.1083,1.73384,2.56348,1.51294,2.54011,2.51306,1.33594,2.31908,2.36582,1.93275,2.2359,1.09152,1.09152,0.623626,0.623626,0.789721,0.843579,0.629067,0.491579,0.363222
2019-07-24,0.46772,2.60161,2.08078,2.77859,1.46373,1.07457,1.55746,1.6134,1.16496,1.81984,2.70945,1.59909,2.68474,2.59164,1.37771,2.3916,2.31796,1.88689,2.18864,1.02574,1.02574,0.641013,0.641013,0.755,0.843579,0.655182,0.51957,0.37458
2019-07-25,-0.527632,2.60161,2.08078,2.77859,1.43082,1.05001,1.52253,1.57327,1.13846,1.77843,2.90779,1.71614,2.88127,2.70868,1.43993,2.4996,1.95473,1.57816,1.84176,0.844324,0.844324,0.584312,0.584312,0.604976,0.843579,0.639624,0.557604,0.391496
2019-07-26,0.736054,2.60161,2.08078,2.77859,1.48536,1.0907,1.58041,1.63279,1.18237,1.8445,2.81227,1.65977,2.78663,2.62941,1.39779,2.42645,2.0081,1.63003,1.89468,0.932921,0.932921,0.666802,0.666802,0.646192,0.843579,0.665402,0.539288,0.380039
2019-07-29,-0.161741,2.60161,2.08078,2.77859,1.5629,1.14856,1.66269,1.71742,1.2448,1.9385,2.96496,1.74989,2.93792,2.65093,1.40923,2.44631,2.32798,1.88336,2.19459,0.83006,0.83006,0.576715,0.576715,0.730111,0.843579,0.702047,0.568567,0.383149
2019-07-30,-0.258201,2.60161,2.08078,2.77859,1.47199,1.08073,1.56623,1.61795,1.17161,1.82689,2.92432,1.7259,2.89766,2.46509,1.31044,2.27482,2.14357,1.73815,2.02194,0.847935,0.847935,0.664078,0.664078,0.683958,0.843579,0.659086,0.560775,0.35629
2019-07-31,-1.09452,2.60161,2.08078,2.77859,1.4162,1.0391,1.50702,1.55658,1.12669,1.75659,2.56852,1.51591,2.5451,2.47634,1.31642,2.28519,1.93822,1.56368,1.82586,0.814297,0.814297,0.628268,0.628268,0.608499,0.843579,0.632717,0.492545,0.357915
2019-08-01,-0.903952,2.60161,2.08078,2.77859,1.79198,1.32477,1.90096,2.0192,1.44874,2.25416,3.86909,2.28349,3.83381,2.64801,1.40768,2.44362,2.441,2.01142,2.31213,0.88132,0.88132,0.756898,0.756898,0.866205,0.85203,0.824511,0.741945,0.382728
2019-08-02,-0.730942,2.60161,2.08078,2.77859,1.95188,1.44456,2.07021,2.21547,1.57917,2.45664,3.81379,2.25086,3.77902,2.9188,1.55163,2.69351,2.8539,2.35286,2.70359,0.899072,0.899072,0.881163,0.881163,1.0227,0.85203,0.904314,0.731342,0.421867
2019-08-05,-3.02302,2.60161,2.08078,2.77859,1.99111,1.47395,2.11174,2.22699,1.61118,2.49986,3.66898,2.16539,3.63553,2.99622,1.59279,2.76495,2.72758,2.25618,2.58616,0.864838,0.864838,0.900034,0.900034,0.990178,0.85203,0.923229,0.703573,0.433056
2019-08-06,1.2933,2.75119,2.09973,2.81554,3.76402,2.80218,3.98838,4.20552,3.07517,4.80258,8.72148,5.26057,8.71901,5.28968,2.81091,4.96648,5.16361,4.39155,4.93199,1.25083,1.25083,1.53354,1.53354,2.21521,0.857835,1.7779,1.67245,0.762138
2019-08-07,0.0766596,2.75119,2.09973,2.81554,3.67685,2.73686,3.8961,4.10831,3.00365,4.68099,8.57049,5.1695,8.56807,4.94162,2.62595,4.63968,5.44078,4.60969,5.19145,1.12322,1.12322,0.971684,0.971684,2.2554,0.857835,1.73588,1.6435,0.711989
2019-08-08,1.85885,2.75119,2.09973,2.81554,3.35973,2.49929,3.56042,3.75468,2.7435,4.27011,7.29575,4.40061,7.29369,3.56409,1.89394,3.34632,4.08176,3.46897,3.89792,1.01,1.01,0.99798,0.99798,1.71318,0.857835,1.583,1.39905,0.513514
2019-08-09,-0.66386,2.75119,2.09973,2.81554,3.6137,2.68956,3.82926,4.03789,2.95185,4.57886,7.92046,4.77742,7.91823,4.46083,2.37046,4.18827,4.77809,4.02552,4.55232,0.984877,0.984877,0.822278,0.822278,1.92397,0.857835,1.70544,1.51885,0.642717
2019-08-12,-1.23938,2.75119,2.09973,2.81554,3.39371,2.52475,3.5964,3.79258,2.77138,4.30436,7.3058,4.40667,7.30374,4.09607,2.17663,3.8458,3.79641,3.19831,3.61698,0.934852,0.934852,0.902966,0.902966,1.52487,0.857835,1.59939,1.40098,0.590163
2019-08-13,1.50183,2.75119,2.08078,2.81421,3.40167,2.53071,3.60483,4.14239,2.76181,4.36523,7.0534,4.16284,6.9898,4.43005,2.34761,4.1181,4.19961,3.5838,4.01487,0.963133,0.963133,0.989381,0.989381,1.81543,0.857835,1.59815,1.35258,0.638282
2019-08-14,-2.97304,2.60161,2.0788,2.76794,3.46294,2.57661,3.66967,4.21672,2.78643,4.47025,6.00544,3.94029,6.77728,5.27329,2.76032,4.81919,4.0249,3.44388,3.8506,0.983749,0.983749,0.776407,0.776407,1.77907,0.85203,1.61044,1.33376,0.759776
2019-08-15,0.246124,2.60161,2.0788,2.72602,4.53198,3.37751,4.80126,5.0619,3.65082,5.67568,7.00016,4.37862,7.84004,7.81699,4.09183,7.14955,5.20449,4.45523,4.97971,1.12626,1.12626,1.28116,1.28116,2.29926,0.85203,2.14139,1.55468,1.12627
2019-08-16,1.4323,2.60161,2.0788,2.72602,4.13987,3.08375,4.38621,4.62464,3.33377,5.1865,6.45843,4.03977,7.23332,4.57264,2.39356,4.18222,4.86753,4.16379,4.65641,1.05533,1.05533,0.947098,0.947098,2.09209,0.843579,1.9325,1.43437,0.658827
2019-08-19,1.20332,2.60161,2.0788,2.72602,4.04859,3.01537,4.28959,4.52285,3.28952,5.11667,6.21651,3.88844,6.96237,5.18298,2.71305,4.74044,4.98883,4.27432,4.77448,1.08043,1.08043,0.91769,0.91769,2.22148,0.843579,1.88908,1.38064,0.746764
2019-08-20,-0.794622,2.60161,2.0788,2.72602,3.88877,2.89563,4.12042,4.73339,3.15916,4.97626,6.2916,3.93541,7.04647,4.99357,2.6139,4.5672,4.71173,4.03957,4.51008,1.10929,1.10929,0.914289,0.914289,2.06053,0.843579,1.81304,1.39732,0.719473
2019-08-21,0.821297,2.60161,2.0788,2.72602,3.66946,2.73133,3.88828,4.4673,2.98026,4.68344,6.12853,3.83341,6.86384,5.08472,2.66161,4.65058,4.20286,3.61775,4.02733,1.05277,1.05277,1.00959,1.00959,1.91072,0.843579,1.7087,1.3611,0.732607
2019-08-22,-0.0506175,2.60161,2.0788,2.72602,3.44684,2.56455,3.65264,4.19719,2.79866,4.40477,5.5675,3.48249,6.2355,5.19324,2.71842,4.74983,4.32528,3.71499,4.14219,1.02207,1.02207,0.777045,0.777045,1.94193,0.842131,1.60279,1.2365,0.748242
2019-08-23,-2.62889,2.54901,1.99204,2.68908,3.15392,2.3451,3.34258,3.57378,2.53658,3.96557,5.77391,3.57385,6.46667,3.4925,1.76855,3.19162,3.73849,3.22508,3.58447,0.934402,0.934402,0.941746,0.941746,1.69376,0.839359,1.46343,1.28234,0.503199
2019-08-26,1.09231,2.60041,2.0788,2.71109,4.07258,3.03334,4.31499,4.67079,3.3091,5.12142,5.94944,3.6825,6.66326,6.01709,3.14967,5.55394,4.25196,3.68554,4.08203,1.05251,1.05251,1.09338,1.09338,2.01788,0.842131,1.92059,1.32133,0.866943
2019-08-27,-0.320833,2.60041,2.0788,2.71109,3.87462,2.88503,4.10544,4.42591,3.14761,4.87259,6.05176,3.74583,6.77786,5.21339,2.72897,4.81211,4.16266,3.59679,3.9929,0.901293,0.901293,0.850062,0.850062,1.96177,0.842131,1.82545,1.34405,0.751146
2019-08-28,0.652414,2.60041,2.0788,2.71109,3.56352,2.65196,3.77614,4.13574,2.89384,4.48541,6.05518,3.74795,6.78168,4.69818,2.45928,4.33655,4.3022,3.70336,4.12255,0.868693,0.868693,0.827121,0.827121,1.97799,0.839359,1.6583,1.34481,0.676915
2019-08-29,1.26075,2.60041,2.0788,2.71109,3.33693,2.48343,3.53515,4.04435,2.68869,4.18829,5.66747,3.50797,6.34745,4.19244,2.19455,3.86974,4.41278,3.79712,4.22809,0.836798,0.836798,0.765234,0.765234,2.00722,0.839359,1.56547,1.2587,0.604047
2019-08-30,0.0642587,2.60041,2.0788,2.71109,3.30695,2.46096,3.50343,4.00831,2.67358,4.15528,5.85059,3.62131,6.55255,4.61917,2.41792,4.26362,4.24885,3.65324,4.07017,0.837936,0.837936,0.804133,0.804133,1.92972,0.823825,1.54478,1.29937,0.66553
2019-09-03,-0.692303,2.60041,2.0788,2.71109,3.022,2.24737,3.20191,3.6642,2.43365,3.79676,5.62577,3.48216,6.30076,4.04662,2.11822,3.73514,4.16459,3.56437,3.98453,0.779353,0.779353,0.783928,0.783928,1.84333,0.823825,1.40847,1.24944,0.583037
2019-09-04,1.07837,2.60041,2.0788,2.71109,2.8836,2.14362,3.05545,3.49706,2.32157,3.62238,4.98398,3.08491,5.58196,4.46562,2.33754,4.12189,3.8904,3.34584,3.72703,0.726331,0.726331,0.955325,0.955325,1.75769,0.823825,1.34225,1.1069,0.643407
2019-09-05,1.29259,2.60041,2.0788,2.71109,2.85247,2.12029,3.02252,3.45919,2.29637,3.58223,5.02695,3.11151,5.63009,4.60502,2.41051,4.25056,4.15803,3.57376,3.98275,0.691872,0.691872,0.721061,0.721061,1.87709,0.823825,1.32736,1.11645,0.663491
2019-09-06,0.0910204,2.60041,2.0788,2.71109,2.9224,2.1727,3.09651,3.54391,2.36082,3.67345,5.07168,3.13919,5.68018,4.89669,2.56319,4.51978,4.00012,3.44515,3.83363,0.669614,0.669614,0.715063,0.715063,1.82972,0.823825,1.36081,1.12638,0.705516
2019-09-09,-0.00940384,2.60041,2.0788,2.71109,2.67442,1.98682,2.83411,3.24445,2.15948,3.36354,4.73997,2.93388,5.30868,3.98317,2.085,3.67658,3.70671,3.15915,3.54245,0.662225,0.662225,0.664037,0.664037,1.57972,0.823825,1.24219,1.05271,0.573896
2019-09-10,0.0322266,2.60041,2.0788,2.71109,2.45203,1.82012,2.59878,2.97574,1.97209,3.0822,4.34899,2.69188,4.87079,3.34997,1.75356,3.09212,3.52278,3.00521,3.36751,0.614738,0.614738,0.792781,0.792781,1.50557,0.823825,1.1358,0.965878,0.482665
2019-09-11,0.720366,2.60041,2.0788,2.71109,2.25045,1.66903,2.38548,2.73247,1.80885,2.84503,3.70974,2.2962,4.15484,2.93234,1.53494,2.70663,3.57822,3.03457,3.41513,0.581405,0.581405,0.860413,0.860413,1.47214,0.820485,1.02581,0.823905,0.422491
2019-09-12,0.287504,2.60041,2.0788,2.71109,2.18226,1.61792,2.31333,2.65012,1.75363,2.75534,3.83809,2.37565,4.29859,3.41842,1.78938,3.1553,3.16724,2.6949,3.02554,0.595524,0.595524,0.698713,0.698713,1.33383,0.820485,0.993588,0.852411,0.492527
2019-09-13,-0.0724685,2.60041,2.0788,2.71109,2.02072,1.49682,2.14239,2.45504,1.62281,2.56463,3.51674,2.17674,3.93869,3.32485,1.74041,3.06893,2.5048,2.09783,2.38271,0.59265,0.59265,0.771178,0.771178,0.963952,0.816335,0.914485,0.781042,0.479045
2019-09-16,-0.31405,2.60041,2.0788,2.71109,1.86883,1.38297,1.98166,2.27162,1.49981,2.36642,3.45634,2.13935,3.87103,2.77288,1.45148,2.55945,2.71229,2.25313,2.57455,0.582667,0.582667,0.700578,0.700578,0.992559,0.816335,0.842912,0.767627,0.399517
2019-09-17,0.257843,2.60041,2.0788,2.71109,1.77482,1.3125,1.88218,2.15809,1.42368,2.24281,3.17337,1.9642,3.55411,2.65536,1.38996,2.45097,2.44742,2.03744,2.32443,0.519434,0.519434,0.683391,0.683391,0.90804,0.816335,0.798612,0.704781,0.382585
2019-09-18,0.0342624,2.60041,2.0788,2.71109,1.65456,1.22236,1.75493,2.01237,1.32629,2.08526,3.08548,1.9098,3.45568,2.34951,1.22986,2.16866,2.87228,2.41138,2.73401,0.541373,0.541373,0.761627,0.761627,1.1179,0.816335,0.741943,0.685261,0.338518
2019-09-19,0.0019955,2.54929,1.99204,2.69023,1.53591,1.13343,1.62939,1.71068,1.22434,1.91161,3.42369,2.04113,3.79299,2.32093,1.17528,2.11237,2.59001,2.14015,2.45505,0.49486,0.49486,0.765124,0.765124,0.909834,0.815458,0.685288,0.760375,0.334399
2019-09-20,-0.490758,2.54929,1.99204,2.69023,1.4319,1.05546,1.51932,1.59535,1.14049,1.78326,2.35371,1.40324,2.60761,2.05274,1.03948,1.86829,2.32083,1.87346,2.18662,0.503976,0.503976,0.687312,0.687312,0.706948,0.815458,0.636323,0.522742,0.295759
2019-09-23,-0.0096961,2.54929,1.99204,2.69023,1.46495,1.08023,1.5543,1.632,1.16714,1.82414,3.33977,1.9911,3.70003,2.25805,1.14344,2.05514,2.51403,2.05527,2.3764,0.520954,0.520954,0.727663,0.727663,0.838356,0.815458,0.651883,0.741738,0.325339
2019-09-24,-0.845198,2.54929,1.99204,2.69023,1.36984,1.00894,1.45366,1.52655,1.09047,1.70677,1.84212,1.09823,2.04082,1.86248,0.943135,1.69513,2.40096,1.95539,2.26729,0.57084,0.57084,0.76206,0.76206,0.776872,0.815458,0.607111,0.40912,0.268347
2019-09-25,0.613968,2.54929,1.99204,2.69023,1.61078,1.18955,1.70861,1.79369,1.2847,2.0041,3.2272,1.92399,3.57531,2.36281,1.19649,2.1505,3.35687,2.79498,3.18831,0.680276,0.680276,0.788684,0.788684,1.24117,0.816335,0.721316,0.716736,0.340434
2019-09-26,-0.243187,2.54929,1.99204,2.69023,1.60401,1.18447,1.70145,1.78618,1.27924,1.99592,3.48414,2.07717,3.85997,2.43798,1.23456,2.21891,3.03762,2.50811,2.87877,0.693205,0.693205,0.762308,0.762308,1.05603,0.816335,0.718127,0.773801,0.351264
2019-09-27,-0.533054,2.54929,1.99204,2.69023,1.49838,1.10669,1.58837,1.66533,1.18652,1.86593,2.96035,1.7649,3.27968,2.43198,1.23152,2.21345,2.75795,2.26155,2.60903,0.760034,0.760034,0.769768,0.769768,0.940295,0.816335,0.66785,0.657472,0.3504
2019-09-30,0.503493,2.54929,1.99204,2.69023,1.5412,1.13883,1.63363,1.71269,1.22083,1.91876,2.57635,1.53597,2.85426,2.48015,1.25591,2.25729,2.58945,2.12294,2.4495,0.658173,0.658173,0.750642,0.750642,0.882863,0.816335,0.688021,0.572188,0.35734
2019-10-01,-1.23341,2.54929,1.99204,2.69023,1.50286,1.11005,1.5931,1.67028,1.19011,1.87146,2.46653,1.47049,2.73259,2.47501,1.25331,2.25262,2.39195,1.96423,2.26363,0.689265,0.689265,0.656371,0.656371,0.820292,0.816335,0.669961,0.547797,0.3566
2019-10-02,-1.80654,2.54929,1.99204,2.69023,2.01133,1.4917,2.1307,2.2328,1.63799,2.49954,3.34351,1.99333,3.70416,3.1408,1.59046,2.85858,3.29784,2.75738,3.1357,0.70981,0.70981,0.817349,0.817349,1.24976,0.820485,0.931681,0.742568,0.452527
2019-10-03,0.794031,2.54929,1.99204,2.69023,2.79102,2.07692,2.95507,3.09537,2.28955,3.47063,4.35078,2.59384,4.82009,4.79025,2.50747,4.36975,4.02545,3.42806,3.84623,0.821747,0.821747,0.979971,0.979971,1.69494,0.823825,1.32423,0.966275,0.690179
2019-10-04,1.41168,2.54929,1.99204,2.69023,2.65384,1.97396,2.81003,2.94361,2.1764,3.30088,4.61914,2.75384,5.1174,4.53377,2.37322,4.13579,3.71853,3.15591,3.54974,0.782908,0.782908,0.79246,0.79246,1.51819,0.823825,1.25733,1.02588,0.653227
2019-10-07,-0.448836,2.54929,1.99204,2.69023,2.83558,2.11037,3.00218,3.14467,2.32631,3.52567,5.15305,3.07215,5.7089,5.29956,2.77407,4.83436,3.18696,2.66384,3.03002,0.795611,0.795611,0.766811,0.766811,1.19487,0.823825,1.34597,1.14445,0.763561
2019-10-08,-1.56831,2.54929,1.99204,2.69023,2.6327,1.95809,2.78768,2.92023,2.15896,3.2751,4.6122,2.7497,5.10971,4.07264,2.13184,3.71514,3.26613,2.74009,3.10832,0.855157,0.855157,0.889978,0.889978,1.25108,0.823825,1.24702,1.02434,0.586786
2019-10-09,0.906328,2.54929,1.99204,2.69023,3.01308,2.2436,3.18985,3.34104,2.47272,3.74559,5.2978,3.15844,5.86927,4.64757,2.43279,4.2396,3.24204,2.74283,3.09227,0.821393,0.821393,0.921854,0.921854,1.31217,0.839359,1.43506,1.1766,0.669622
2019-10-10,0.639521,2.54929,1.99204,2.69023,2.88135,2.14473,3.05058,3.19531,2.36406,3.58223,4.84776,2.89014,5.37068,4.25406,2.2268,3.88064,2.92662,2.47589,2.7914,0.835322,0.835322,0.910242,0.910242,1.17435,0.839359,1.37071,1.07665,0.612926
2019-10-11,1.08796,2.54929,1.99204,2.69023,2.68434,1.99685,2.84228,2.97736,2.20156,3.3381,4.34395,2.58977,4.81252,4.27719,2.23891,3.90173,2.77204,2.32404,2.63764,0.759854,0.759854,0.853565,0.853565,1.05205,0.839359,1.27447,0.964758,0.616258
2019-10-14,-0.138808,2.54929,1.99204,2.69023,2.68576,1.99791,2.84377,2.97892,2.20272,3.33969,3.91428,2.33361,4.33651,4.14253,2.16842,3.77889,2.77302,2.31913,2.63686,0.754472,0.754472,0.727487,0.727487,1.04301,0.839359,1.27516,0.869332,0.596856
2019-10-15,0.990644,2.54929,1.99204,2.69023,2.44539,1.8175,2.58964,2.713,2.00446,3.0441,3.87281,2.30889,4.29056,3.5878,1.87805,3.27286,2.53822,2.13414,2.417,0.70758,0.70758,0.839625,0.839625,0.995397,0.839359,1.15774,0.860121,0.516931
2019-10-16,-0.200155,2.54929,1.99204,2.69023,2.44687,1.81861,2.5912,2.71464,2.00568,3.04646,3.43698,2.04906,3.80772,3.53907,1.85254,3.2284,2.56003,2.1387,2.43363,0.705308,0.705308,0.789461,0.789461,0.967714,0.839359,1.15846,0.763327,0.509909
2019-10-17,0.275905,2.54929,1.99204,2.69023,2.24265,1.66533,2.37528,2.48871,1.83723,2.79289,3.08044,1.8365,3.41272,3.20095,1.67555,2.91997,2.18606,1.82912,2.07898,0.706839,0.706839,0.759528,0.759528,0.841507,0.839359,1.0587,0.684143,0.461194
2019-10-18,-0.392705,2.54929,1.99204,2.69023,2.05368,1.52349,2.17548,2.27966,1.68136,2.55823,3.23436,1.92826,3.58325,3.10815,1.62697,2.83531,2.08723,1.73192,1.98063,0.668241,0.668241,0.745507,0.745507,0.767467,0.839359,0.966388,0.718327,0.447822
2019-10-21,0.684811,2.54929,1.99204,2.69023,1.94444,1.44149,2.05998,2.1588,1.59125,2.42416,2.79655,1.66725,3.09821,2.9631,1.55104,2.70299,1.94835,1.62411,1.85108,0.650702,0.650702,0.823913,0.823913,0.740845,0.839359,0.913022,0.621093,0.426924
2019-10-22,-0.357506,2.54929,1.99204,2.69023,1.90446,1.41148,2.01771,2.11457,1.55827,2.37337,2.84205,1.69437,3.14862,3.19585,1.67288,2.91531,1.85499,1.54848,1.76304,0.592297,0.592297,0.721347,0.721347,0.707625,0.839359,0.89349,0.631199,0.460459
2019-10-23,0.284309,2.54929,1.99204,2.69023,1.80712,1.33843,1.9148,2.00689,1.47798,2.2522,2.49168,1.48549,2.76045,3.13954,1.6434,2.86395,1.93776,1.62388,1.84359,0.635511,0.635511,0.824902,0.824902,0.753154,0.839359,0.845941,0.553383,0.452346
2019-10-24,0.19186,2.54929,1.99204,2.69023,1.67388,1.23842,1.77392,1.85948,1.36808,2.08919,2.36513,1.41004,2.62025,2.98865,1.56442,2.7263,1.904,1.58926,1.80958,0.590952,0.590952,0.737131,0.737131,0.722224,0.839359,0.780851,0.525278,0.430604
2019-10-25,0.406443,2.54929,1.99204,2.69023,1.50773,1.11385,1.59821,1.66194,1.23355,1.87115,2.20977,1.31742,2.44813,2.62817,1.37572,2.39746,1.70974,1.42042,1.62295,0.571258,0.571258,0.757919,0.757919,0.628595,0.839359,0.687989,0.490773,0.378667
2019-10-28,0.556583,2.54929,1.99204,2.69023,1.4407,1.06354,1.52735,1.58837,1.17076,1.78752,2.20567,1.31498,2.44359,2.59669,1.35924,2.36874,1.57333,1.31034,1.49443,0.581491,0.581491,0.736831,0.736831,0.587862,0.839359,0.655754,0.489863,0.374131
2019-10-29,-0.0832742,2.54929,1.99204,2.69023,1.4433,1.06549,1.5301,1.59122,1.17162,1.79072,2.19497,1.3086,2.43174,2.71113,1.41915,2.47314,1.37587,1.15399,1.30931,0.514875,0.514875,0.628757,0.628757,0.529795,0.839359,0.657005,0.487486,0.390619
2019-10-30,0.324808,2.54929,1.99204,2.69023,1.34464,0.991438,1.42578,1.48292,1.09065,1.66942,2.04022,1.21634,2.2603,2.40046,1.25653,2.18974,1.53073,1.26295,1.4504,0.594951,0.594951,0.681109,0.681109,0.534895,0.839359,0.605944,0.453118,0.345859
2019-10-31,-0.302742,2.54929,1.99204,2.69023,1.2822,0.944573,1.35976,1.41439,1.03942,1.59267,1.83614,1.09467,2.0342,2.40138,1.25701,2.19058,1.42802,1.17797,1.35301,0.549681,0.549681,0.708542,0.708542,0.502244,0.823825,0.576076,0.407792,0.34599
2019-11-01,0.961591,2.54929,1.99204,2.69023,1.2707,0.93594,1.3476,1.40176,1.02997,1.57853,1.70825,1.01842,1.89251,2.39443,1.25337,2.18425,1.41408,1.1828,1.3447,0.523264,0.523264,0.708045,0.708045,0.540921,0.823825,0.564137,0.379389,0.34499
2019-11-04,0.369724,2.54929,1.99204,2.69023,1.56818,1.15922,1.66212,1.72829,1.27409,1.94423,2.01165,1.19931,2.22865,2.83147,1.48214,2.58292,1.49854,1.24366,1.42208,0.459213,0.459213,0.620985,0.620985,0.545816,0.823825,0.705013,0.446773,0.407958
2019-11-05,-0.11864,2.54929,1.99204,2.69023,1.48042,1.09335,1.56934,1.63196,1.20209,1.83634,1.93136,1.15144,2.1397,2.52885,1.32373,2.30686,1.36399,1.1284,1.29331,0.453493,0.453493,0.704781,0.704781,0.489573,0.820485,0.663452,0.428941,0.364356
2019-11-06,0.0702247,2.54929,1.99204,2.69023,1.38201,1.01949,1.46529,1.52394,1.12134,1.71537,1.75303,1.04512,1.94213,2.44581,1.28027,2.23111,1.39051,1.16182,1.32191,0.459898,0.459898,0.664984,0.664984,0.528292,0.816335,0.606212,0.389336,0.352393
2019-11-07,0.272637,2.54929,1.99204,2.69023,1.28046,0.943267,1.35792,1.41248,1.03802,1.59053,1.56886,0.935323,1.73809,2.16101,1.13119,1.97131,1.28594,1.06795,1.22054,0.457464,0.457464,0.670331,0.670331,0.464835,0.816335,0.558865,0.348432,0.311358
2019-11-08,0.255742,2.54929,1.99204,2.69023,1.21636,0.895156,1.29015,1.34212,0.985405,1.51173,1.56417,0.932528,1.7329,2.13085,1.1154,1.9438,1.19327,0.990533,1.13245,0.468179,0.468179,0.662358,0.662358,0.426874,0.816335,0.528979,0.347391,0.307013
2019-11-11,-0.196441,2.54929,1.99204,2.69023,1.15952,0.852488,1.23005,1.27972,0.938781,1.44185,1.4104,0.840851,1.56254,2.03564,1.06556,1.85695,1.17426,0.965879,1.11175,0.429218,0.429218,0.652872,0.652872,0.401318,0.816335,0.502475,0.313239,0.293295
2019-11-12,0.156343,2.54929,1.99204,2.69023,1.13465,0.833826,1.20376,1.25243,0.918365,1.41128,1.28354,0.765221,1.42199,1.99157,1.04249,1.81675,1.04861,0.860254,0.992104,0.381219,0.381219,0.680578,0.680578,0.352397,0.816335,0.490882,0.285065,0.286946
2019-11-13,0.0711265,2.54929,1.99204,2.69023,1.0759,0.789726,1.14164,1.18794,0.870135,1.33905,1.26316,0.753072,1.39942,1.84772,0.967197,1.68553,0.993698,0.809308,0.938381,0.359794,0.359794,0.563034,0.563034,0.317076,0.816335,0.463488,0.280539,0.26622
2019-11-14,0.0836711,2.54929,1.99204,2.69023,1.02252,0.749661,1.0852,1.12935,0.826313,1.27343,1.21301,0.723173,1.34386,1.50643,0.788546,1.37419,0.916727,0.742877,0.864572,0.340341,0.340341,0.548021,0.548021,0.280878,0.816335,0.4386,0.269401,0.217046
2019-11-15,0.766604,2.54929,1.99204,2.69023,0.978394,0.71654,1.03855,1.08091,0.79008,1.21918,1.09498,0.652803,1.21309,1.24691,0.652699,1.13745,0.867173,0.695891,0.815788,0.393324,0.393324,0.551663,0.551663,0.248957,0.816335,0.418026,0.243186,0.179655
2019-11-18,0.0503004,2.54929,1.99204,2.69023,1.23327,0.907849,1.30803,1.36068,0.999211,1.53251,1.50734,0.898647,1.66994,1.75301,0.917618,1.59913,1.13498,0.921736,1.07101,0.383636,0.383636,0.575659,0.575659,0.354411,0.816335,0.536864,0.334769,0.252574
2019-11-19,-0.0592771,2.54929,1.99204,2.69023,1.1546,0.848797,1.22485,1.27433,0.934612,1.43579,1.43173,0.85357,1.58617,1.51206,0.791493,1.37933,0.956925,0.770609,0.90103,0.410226,0.410226,0.638443,0.638443,0.284872,0.816335,0.500182,0.317977,0.217858
2019-11-20,-0.376323,2.54929,1.99204,2.69023,1.09846,0.806658,1.16549,1.2127,0.888521,1.36677,1.44219,0.859806,1.59776,1.36995,0.717103,1.24969,0.887165,0.720892,0.837283,0.444225,0.444225,0.633816,0.633816,0.277451,0.816335,0.474006,0.3203,0.197382
2019-11-21,-0.158403,2.54929,1.99204,2.69023,1.16081,0.853455,1.23141,1.28114,0.939719,1.44342,1.54057,0.918458,1.70675,1.69387,0.886662,1.54518,1.19836,0.966721,1.12887,0.482727,0.482727,0.650308,0.650308,0.365278,0.816335,0.503075,0.34215,0.244053
2019-11-22,0.217257,2.54929,1.99204,2.69023,1.1042,0.810962,1.17101,1.24235,0.905326,1.39769,1.53225,0.913497,1.69753,1.59975,0.837393,1.45932,1.18147,0.960587,1.11521,0.499212,0.499212,0.651002,0.651002,0.37822,0.815458,0.48233,0.340301,0.230492
2019-11-25,0.747927,2.54929,1.99204,2.69023,1.05641,0.775058,1.12051,1.18896,0.875665,1.33857,1.52694,0.910332,1.69165,1.62561,0.850929,1.48291,1.19056,0.970762,1.12462,0.522718,0.522718,0.623281,0.623281,0.390293,0.81507,0.445712,0.339123,0.234217
2019-11-26,0.219316,2.54929,1.99204,2.69023,1.25375,0.923327,1.32903,1.40942,1.04148,1.59421,1.70216,1.01479,1.88577,2.06056,1.07861,1.87968,1.4703,1.19758,1.38849,0.481761,0.481761,0.611026,0.611026,0.481263,0.81507,0.53654,0.378037,0.296885
2019-11-27,0.416575,2.54929,1.99204,2.69023,1.18201,0.869426,1.25323,1.32927,0.9812,1.50408,1.75084,1.04382,1.9397,1.91858,1.00429,1.75017,1.40055,1.14303,1.32329,0.509984,0.509984,0.682098,0.682098,0.460838,0.81507,0.503521,0.388849,0.276429
2019-11-29,-0.401929,2.54929,1.99204,2.69023,1.17366,0.863154,1.24441,1.31995,0.974186,1.49317,1.66704,0.993853,1.84686,1.9365,1.01367,1.76651,1.43583,1.17373,1.3572,0.514862,0.514862,0.67975,0.67975,0.476044,0.81507,0.499679,0.370236,0.279011
2019-12-02,-0.86685,2.54929,1.99204,2.69023,1.22484,0.901603,1.29848,1.37712,1.01718,1.55829,1.71587,1.02297,1.90096,2.035,1.06523,1.85637,1.28757,1.05881,1.21894,0.606913,0.606913,0.746501,0.746501,0.439252,0.81507,0.523232,0.381082,0.293204
2019-12-03,-0.66602,2.54929,1.99204,2.69023,1.55854,1.15233,1.65109,1.74992,1.29759,1.97171,1.97822,1.17938,2.19161,2.23558,1.17022,2.03934,1.75959,1.45277,1.66754,0.733705,0.733705,0.853074,0.853074,0.621279,0.815458,0.697087,0.439348,0.322103
2019-12-04,0.630364,2.54929,1.99204,2.69023,1.65737,1.22659,1.75552,1.86032,1.37,2.0891,2.13506,1.27288,2.36536,2.4922,1.26201,2.27265,2.05588,1.70435,1.95042,0.753993,0.753993,0.905008,0.905008,0.745544,0.81507,0.722316,0.47418,0.359077
2019-12-05,0.149912,2.54929,1.99204,2.69023,1.64168,1.2148,1.73894,1.8428,1.35634,2.06943,2.33246,1.39056,2.58406,2.56478,1.29876,2.33883,1.7788,1.4764,1.68808,0.826419,0.826419,0.740128,0.740128,0.650647,0.81507,0.715095,0.518021,0.369533
2019-12-06,0.909425,2.54929,1.99204,2.69023,1.50688,1.11352,1.59651,1.69221,1.24449,1.90111,2.1177,1.26253,2.34613,2.27099,1.15,2.07093,1.77026,1.46129,1.67757,0.730486,0.730486,0.691,0.691,0.629153,0.81507,0.653051,0.470325,0.327205
2019-12-09,-0.316782,2.54929,1.99204,2.69023,1.67526,1.24002,1.77442,1.8803,1.38758,2.11177,2.44271,1.45629,2.7062,2.58841,1.31073,2.36038,1.7145,1.42434,1.62745,0.708972,0.708972,0.65856,0.65856,0.63111,0.81507,0.730549,0.542508,0.372938
2019-12-10,-0.109755,2.54929,1.99204,2.69023,1.59576,1.18029,1.69041,1.79149,1.32885,2.01489,2.38756,1.42342,2.6451,2.53081,1.28157,2.30786,1.89007,1.57227,1.79473,0.730983,0.730983,0.852296,0.852296,0.701242,0.81485,0.683781,0.53026,0.36464
2019-12-11,0.290395,2.54929,1.99204,2.69023,1.47939,1.09286,1.56746,1.66149,1.23108,1.86896,2.26572,1.35077,2.51012,2.41447,1.22265,2.20176,1.88061,1.56035,1.78453,0.709546,0.709546,0.869103,0.869103,0.677806,0.810986,0.630931,0.503199,0.347877
2019-12-12,0.853867,2.54929,1.99204,2.69023,1.38546,1.02228,1.4682,1.55655,1.15215,1.75142,2.18285,1.30137,2.4183,2.15993,1.09376,1.96965,1.90505,1.57528,1.80612,0.715043,0.715043,0.84374,0.84374,0.680979,0.810986,0.588266,0.484793,0.311203
2019-12-13,0.00725538,2.54929,1.99204,2.69023,1.55284,1.14804,1.64506,1.74354,1.29279,1.96078,2.29547,1.36851,2.54308,2.5626,1.29766,2.33684,1.80479,1.49483,1.7118,0.710413,0.710413,0.729062,0.729062,0.651045,0.810986,0.664287,0.509807,0.369219
2019-12-16,0.712239,2.54929,1.99204,2.69023,1.42966,1.05549,1.5149,1.60593,1.18929,1.80748,2.03847,1.21529,2.25835,2.40403,1.21737,2.19225,1.81926,1.49495,1.72197,0.787781,0.787781,0.749583,0.749583,0.626003,0.810986,0.608341,0.452728,0.346373
2019-12-17,0.0335215,2.54929,1.99204,2.69023,1.50248,1.11021,1.59186,1.68729,1.25048,1.89789,2.08535,1.24324,2.31029,2.57654,1.30472,2.34956,1.80113,1.4829,1.70566,0.662014,0.662014,0.697599,0.697599,0.627023,0.810986,0.641418,0.46314,0.371229
2019-12-18,-0.0432385,2.54929,1.99204,2.69023,1.38494,1.0219,1.46766,1.55598,1.15172,1.75014,1.96247,1.16998,2.17416,2.39479,1.21269,2.18382,1.61565,1.32368,1.52806,0.690917,0.690917,0.772226,0.772226,0.540988,0.810986,0.58727,0.435849,0.345042
2019-12-19,0.444937,2.54929,1.99204,2.69023,1.28988,0.950475,1.36721,1.44978,1.07184,1.63195,1.94633,1.16036,2.15627,2.32874,1.17924,2.12359,1.68722,1.38009,1.59508,0.605407,0.605407,0.692522,0.692522,0.560727,0.810986,0.544859,0.432264,0.335525
2019-12-20,0.493261,2.54929,1.99204,2.69023,1.27093,0.936237,1.34719,1.42861,1.05592,1.60835,1.94301,1.15838,2.15259,2.15275,1.09012,1.9631,1.73782,1.42805,1.64489,0.594103,0.594103,0.649364,0.649364,0.602687,0.810986,0.536252,0.431527,0.310168
2019-12-23,0.0865757,2.54929,1.99204,2.69023,1.26813,0.932747,1.34469,1.44912,1.04222,1.61192,2.19031,1.30582,2.42658,2.37976,1.20507,2.17011,1.54862,1.27,1.46503,0.525921,0.525921,0.718798,0.718798,0.529227,0.796216,0.533955,0.486451,0.342876
2019-12-24,-0.0195459,2.54929,1.99204,2.69023,1.18557,0.870728,1.25744,1.35547,0.973493,1.51625,2.07273,1.23572,2.29631,2.29698,1.16316,2.09462,1.38518,1.1357,1.31034,0.556195,0.556195,0.706039,0.706039,0.464989,0.788462,0.496247,0.460337,0.330949
2019-12-26,0.511505,2.54929,1.99204,2.69023,1.12125,0.822413,1.18946,1.28252,0.919954,1.43208,1.91466,1.14148,2.12119,1.95774,0.991369,1.78527,1.27615,1.04716,1.20746,0.595111,0.595111,0.67578,0.67578,0.430802,0.788462,0.466969,0.425232,0.282071
2019-12-27,0.00339818,2.54929,1.99204,2.69023,1.16352,0.854164,1.23413,1.36285,0.955138,1.49589,2.08408,1.24248,2.30888,2.09263,1.05968,1.90828,1.43804,1.17938,1.36044,0.549153,0.549153,0.616001,0.616001,0.487483,0.765588,0.479142,0.462857,0.301507
2019-12-30,-0.57976,2.54929,1.92869,2.67388,1.1006,0.806905,1.16765,1.38095,0.882084,1.41591,2.05187,1.21405,2.26601,2.01226,1.00318,1.83306,1.37817,1.13112,1.30406,0.586031,0.586031,0.650983,0.650983,0.462433,0.759968,0.450861,0.455704,0.289927
2019-12-31,0.294169,2.54929,1.92869,2.67388,1.27274,0.936208,1.34956,1.59455,1.02235,1.63949,2.06855,1.22392,2.28443,2.29405,1.14367,2.08976,1.74751,1.44179,1.65579,0.611846,0.611846,0.76848,0.76848,0.613403,0.758111,0.529056,0.459408,0.330527
2020-01-02,0.834391,2.54929,1.92869,2.67388,1.21276,0.891152,1.28617,1.51978,0.973474,1.5582,2.04205,1.20824,2.25517,2.21311,1.10331,2.01602,1.83552,1.51837,1.74038,0.597153,0.597153,0.661353,0.661353,0.648642,0.758111,0.501276,0.453523,0.318865
2020-01-03,-0.708491,2.54929,1.92869,2.67388,1.41168,1.04058,1.49639,1.74969,1.13557,1.80912,2.25707,1.33546,2.49263,2.67461,1.33339,2.43643,1.6579,1.36618,1.57038,0.530547,0.530547,0.673598,0.673598,0.571699,0.758111,0.590693,0.501278,0.385358
2020-01-06,0.352714,2.54929,1.91597,2.64984,1.57292,1.16169,1.66679,1.79483,1.26695,1.98903,2.30579,1.35342,2.53412,2.67142,1.32142,2.42894,1.76728,1.45824,1.67457,0.59884,0.59884,0.788196,0.788196,0.616227,0.753535,0.67257,0.512098,0.384898
2020-01-07,-0.280718,2.54929,1.91597,2.64984,1.4772,1.08979,1.56564,1.68627,1.18896,1.88244,2.06079,1.20962,2.26485,2.73796,1.35433,2.48945,1.69041,1.40218,1.60394,0.616882,0.616882,0.768817,0.768817,0.608428,0.753535,0.629001,0.457685,0.394486
2020-01-08,0.489047,2.54929,1.89269,2.63912,1.42091,1.04751,1.50615,1.62242,1.13986,1.79607,1.83781,1.07874,2.0198,2.45781,1.21576,2.23473,1.53346,1.27412,1.45566,0.618071,0.618071,0.761705,0.761705,0.557491,0.733152,0.603381,0.408164,0.354122
2020-01-09,0.663324,2.54929,1.89269,2.63912,1.39137,1.02532,1.47493,1.58891,1.11585,1.75914,1.93997,1.1387,2.13208,2.26872,1.12223,2.0628,1.56249,1.28363,1.47883,0.647853,0.647853,0.777475,0.777475,0.529403,0.733152,0.589932,0.430853,0.326878
2020-01-10,-0.285928,2.54929,1.89269,2.63912,1.44313,1.0642,1.52962,1.64761,1.15791,1.82384,2.0145,1.18245,2.21398,2.53548,1.25418,2.30535,1.42882,1.17676,1.3532,0.63235,0.63235,0.693166,0.693166,0.489433,0.723969,0.605245,0.447404,0.365313
2020-01-13,0.6952,2.54929,1.89269,2.63912,1.39454,1.0277,1.47828,1.59251,1.11843,1.76311,2.00438,1.1765,2.20286,2.48028,1.22687,2.25516,1.59659,1.31302,1.51152,0.586559,0.586559,0.69974,0.69974,0.545726,0.723969,0.58299,0.445157,0.357359
2020-01-14,-0.151569,2.54929,1.89269,2.63912,1.46174,1.07818,1.5493,1.66873,1.17304,1.84711,1.89361,1.11149,2.08112,2.59806,1.28513,2.36224,1.72566,1.42687,1.63602,0.500847,0.500847,0.616922,0.616922,0.613131,0.723969,0.62044,0.420556,0.374328
2020-01-15,0.186844,2.54929,1.89269,2.63912,1.37446,1.01262,1.45706,1.56973,1.10211,1.73801,1.8909,1.1099,2.07815,2.48703,1.23021,2.26129,1.61024,1.32057,1.52334,0.493556,0.493556,0.636341,0.636341,0.540166,0.714859,0.582245,0.419955,0.358331
2020-01-16,0.833177,2.54929,1.89269,2.63912,1.28132,0.942654,1.35863,1.46408,1.02641,1.62158,1.77535,1.04207,1.95115,2.45469,1.21422,2.23189,1.38296,1.14313,1.31101,0.507143,0.507143,0.639048,0.639048,0.484354,0.714859,0.539849,0.394292,0.353672
2020-01-17,0.385471,2.54929,1.89269,2.63912,1.45859,1.07581,1.54597,1.66516,1.17048,1.84317,1.78893,1.05005,1.96608,2.64819,1.30993,2.40782,1.49318,1.23984,1.41718,0.541,0.541,0.635347,0.635347,0.537159,0.712148,0.61178,0.397308,0.381552
2020-01-21,-0.265551,2.54929,1.89269,2.63912,1.38959,1.02398,1.47305,1.58689,1.1144,1.75692,1.88477,1.1063,2.07141,2.37489,1.17474,2.15933,1.35905,1.131,1.29063,0.572801,0.572801,0.606823,0.606823,0.492573,0.712148,0.580764,0.418594,0.342175
2020-01-22,0.0289046,2.54929,1.89269,2.63912,1.34415,0.989853,1.42503,1.53535,1.09476,1.71285,1.7442,1.02379,1.91692,2.50324,1.23823,2.27603,1.43527,1.17357,1.35676,0.666463,0.666463,0.61926,0.61926,0.474927,0.712148,0.568474,0.387374,0.360668
2020-01-23,0.114031,2.54929,1.89269,2.63912,1.24861,0.917037,1.3245,1.45523,1.00806,1.59028,1.64804,0.967347,1.81124,2.36709,1.17088,2.15224,1.33065,1.09211,1.25909,0.63631,0.63631,0.561784,0.561784,0.454885,0.712148,0.523211,0.366017,0.341051
2020-01-24,-0.908327,2.54929,1.86668,2.63912,1.17019,0.858147,1.24161,1.36463,0.943808,1.49915,1.46007,0.857017,1.60466,2.22451,1.10036,2.0226,1.08556,0.883313,1.02489,0.684213,0.684213,0.580619,0.580619,0.346756,0.708837,0.486315,0.324271,0.320508
2020-01-27,-1.58558,2.54929,1.86668,2.63912,1.55822,1.14953,1.65176,1.81289,1.26172,1.98477,1.85953,1.10025,2.04595,2.71777,1.34435,2.47109,1.51363,1.25398,1.43574,0.76387,0.76387,0.660555,0.660555,0.551802,0.712148,0.664111,0.412989,0.391577
2020-01-28,1.00034,2.54929,1.86668,2.63912,2.35206,1.74564,2.49085,2.72993,1.92865,2.99433,2.75697,1.64365,3.06169,3.03846,1.51478,2.77301,2.18585,1.83668,2.0811,1.05607,1.05607,0.981199,0.981199,0.872489,0.714859,1.03485,0.612302,0.437781
2020-01-29,-0.0867254,2.54929,1.83658,2.63912,2.35302,1.74636,2.49187,2.73105,1.9129,2.98466,2.80245,1.67076,3.1122,2.89674,1.44413,2.64367,2.20694,1.84252,2.09762,0.936662,0.936662,0.765215,0.765215,0.841839,0.712148,1.02581,0.622403,0.417363
2020-01-30,0.312945,2.54929,1.83658,2.63912,2.12484,1.57501,2.25068,2.46745,1.72595,2.6973,2.25256,1.34293,2.50153,2.56761,1.28004,2.34329,1.92811,1.61124,1.83305,0.811483,0.811483,0.848939,0.848939,0.743801,0.708837,0.92197,0.500277,0.369941
2020-01-31,-1.78644,2.54929,1.83658,2.63912,1.93547,1.43281,2.05051,2.24868,1.5708,2.45882,2.17169,1.29472,2.41172,2.59687,1.29463,2.37,1.9001,1.58192,1.80465,0.841595,0.841595,0.74944,0.74944,0.709976,0.708837,0.835436,0.482315,0.374157
2020-02-03,0.722843,2.54929,1.83658,2.63912,2.73522,2.03336,2.89586,3.17256,2.24518,3.47732,3.30824,2.04493,3.70097,3.28233,1.66212,3.01946,2.95622,2.50448,2.8207,1.01344,1.01344,1.03816,1.03816,1.23605,0.712148,1.19974,0.734736,0.472918
2020-02-04,1.48693,2.54929,1.83658,2.63912,2.55327,1.89673,2.70354,2.96237,2.09487,3.24745,3.32654,2.05625,3.72144,3.1724,1.60646,2.91833,2.86948,2.43643,2.73957,1.02132,1.02132,0.881685,0.881685,1.20609,0.708837,1.11694,0.7388,0.457079
2020-02-05,1.11878,2.54929,1.83658,2.63912,2.78272,2.06904,2.94607,3.22744,2.28442,3.53734,3.82821,2.36634,4.28266,3.77877,1.91351,3.47614,3.24189,2.76211,3.09795,1.05567,1.05567,0.949984,0.949984,1.39551,0.708837,1.22137,0.850217,0.544445
2020-02-06,0.332016,2.54929,1.83658,2.63912,2.75064,2.04494,2.91216,3.19038,2.25792,3.4968,4.36604,2.69879,4.88433,3.87159,1.96052,3.56153,3.13567,2.67956,2.99883,1.03046,1.03046,0.757667,0.757667,1.3754,0.708837,1.20676,0.969664,0.557819
2020-02-07,-0.541547,2.54929,1.83658,2.63912,2.47902,1.84098,2.62505,2.87659,2.03353,3.15364,3.73534,2.30894,4.17877,3.11773,1.57877,2.86805,3.02665,2.59611,2.89749,1.04449,1.04449,0.83725,0.83725,1.34774,0.708837,1.08315,0.829592,0.449203
2020-02-10,0.729968,2.54929,1.83658,2.63912,2.33378,1.73191,2.47153,2.70881,1.91355,2.97016,3.66776,2.26716,4.10316,3.02495,1.53179,2.78269,3.18207,2.71156,3.04092,1.14932,1.14932,1.01034,1.01034,1.37599,0.708837,1.01706,0.814581,0.435834
2020-02-11,0.168705,2.54929,1.83658,2.63912,2.22166,1.64772,2.35303,2.5793,1.82094,2.82852,3.75994,2.32414,4.20628,3.12452,1.58221,2.87429,2.96392,2.51389,2.82891,1.2426,1.2426,0.923013,0.923013,1.24535,0.708837,0.966034,0.835054,0.450181
2020-02-12,0.644187,2.54929,1.83658,2.63912,2.00451,1.48466,2.12349,2.32844,1.64154,2.55417,3.69262,2.28253,4.13098,2.73694,1.38595,2.51775,2.77062,2.33134,2.63883,1.2739,1.2739,0.869091,0.869091,1.10687,0.708837,0.867209,0.820104,0.394339
2020-02-13,-0.16318,2.54929,1.83658,2.63912,1.91979,1.42104,2.03394,2.23057,1.57156,2.44714,3.72626,2.30332,4.16861,2.94245,1.49001,2.7068,2.94217,2.47399,2.80172,1.21513,1.21513,0.813116,0.813116,1.15396,0.695082,0.828654,0.827574,0.423949
2020-02-14,0.184184,2.54929,1.83658,2.63912,1.76247,1.3029,1.86766,2.04884,1.4416,2.24839,3.62072,2.23808,4.05053,2.79804,1.41689,2.57396,2.87508,2.40423,2.73382,1.26496,1.26496,0.880859,0.880859,1.0973,0.695082,0.755284,0.804134,0.403142
2020-02-18,-0.292422,2.54929,1.83658,2.63912,1.60958,1.1881,1.70605,1.87222,1.3153,2.05523,3.02764,1.87148,3.38705,2.51676,1.27445,2.31521,2.6462,2.20557,2.51401,1.03827,1.03827,0.730157,0.730157,0.990563,0.695082,0.687483,0.672415,0.362615
2020-02-19,0.469476,2.54929,1.83658,2.63912,1.53266,1.13034,1.62475,1.78336,1.25176,1.95806,2.90094,1.79316,3.24531,2.37226,1.20128,2.18228,2.58894,2.16915,2.46301,1.02742,1.02742,0.729791,0.729791,0.997244,0.695082,0.650923,0.644276,0.341795
2020-02-20,-0.382281,2.54929,1.83658,2.63912,1.47338,1.08582,1.56208,1.71488,1.20278,1.88316,3.10709,1.92059,3.47593,2.51385,1.27298,2.31253,2.67551,2.2482,2.54731,1.08681,1.08681,0.625454,0.625454,1.04948,0.692432,0.624,0.69006,0.362196
2020-02-21,-1.05738,2.54929,1.83658,2.63912,1.45376,1.0638,1.54753,1.68933,1.17252,1.82314,2.96065,1.83007,3.31211,2.49236,1.26209,2.29276,2.47762,2.0594,2.35215,1.03041,1.03041,0.714572,0.714572,0.905169,0.692432,0.613838,0.657538,0.359099
2020-02-24,-3.40881,2.54929,1.83658,2.63912,1.88104,1.38268,2.00087,2.18209,1.52162,2.35309,3.26608,2.01887,3.6538,2.82237,1.42921,2.59634,3.01245,2.54149,2.87116,1.00967,1.00967,0.912565,0.912565,1.20877,0.695082,0.815261,0.725372,0.406648
2020-02-25,-3.07479,2.63009,1.91597,2.69884,4.4266,3.28248,4.70171,5.44829,3.68587,5.68041,6.94775,4.14229,7.55106,5.54489,2.88869,5.21921,4.1273,3.56142,3.95753,1.51462,1.51462,1.47724,1.47724,1.87632,0.708837,1.98842,1.47682,0.793823
2020-02-26,-0.378571,2.7509,1.92869,2.74475,5.3858,3.99834,5.71942,6.62479,4.48753,6.90627,7.97019,4.75188,8.6623,9.56188,5.30367,9.00025,4.85525,4.17303,4.65058,1.87387,1.87387,2.21496,2.21496,2.16594,0.712148,2.48652,1.69415,1.36891
2020-02-27,-4.51681,2.7509,1.92869,2.74475,4.76973,3.53856,5.06578,5.86916,3.97265,6.11894,6.96414,4.15206,7.56888,3.98583,2.21081,3.75172,4.05122,3.50189,3.88642,1.23536,1.23536,1.33464,1.33464,1.85882,0.712148,2.19703,1.4803,0.570623
2020-02-28,-0.827245,2.97354,1.99204,2.84583,6.8541,5.09416,7.27729,8.42571,5.96689,8.80384,8.05035,5.05424,8.75627,10.5082,5.54282,9.53787,5.2823,4.55078,5.06284,2.24954,2.24954,2.8311,2.8311,2.35753,0.712148,3.17647,1.71119,1.41619
2020-03-02,4.50109,2.97354,1.99204,2.84583,6.11775,4.54461,6.49602,7.52255,5.3247,7.86054,7.0695,4.43843,7.6894,5.8969,3.11048,5.35239,4.54221,3.93323,4.35952,1.55356,1.55356,2.07433,2.07433,2.11731,0.714859,2.83046,1.50269,0.794728
2020-03-03,-2.85105,2.97354,1.99204,2.84583,7.48575,5.56558,7.94747,9.20046,6.51776,9.61301,8.02043,5.03546,8.72372,12.3617,6.52053,11.2203,4.59147,3.95592,4.40081,1.39107,1.39107,1.27533,1.27533,2.03371,0.714859,3.44239,1.70483,1.666
2020-03-04,4.13363,2.97354,2.0788,2.87672,7.43079,5.52455,7.88916,9.13304,6.46983,9.5426,8.80085,5.52543,9.57258,13.3285,7.03048,12.0978,4.994,4.28981,4.78274,1.5798,1.5798,2.21678,2.21678,2.21723,0.723969,3.44745,1.87071,1.79629
2020-03-05,-3.45108,2.97354,2.0788,2.87672,8.08903,6.01581,8.58755,9.9404,7.04389,10.3858,9.41611,5.91171,10.2418,17.8441,9.41237,16.1965,5.81335,4.9572,5.5565,1.37962,1.37962,1.46076,1.46076,2.49766,0.723969,3.75676,2.00149,2.40486
2020-03-06,-1.72009,3.02353,2.08078,2.93155,8.23771,6.12678,8.74531,10.1228,7.17356,10.5763,9.92335,6.23016,10.7935,18.3659,9.6876,16.6701,5.42135,4.6543,5.19124,1.73944,1.73944,1.96377,1.96377,2.39196,0.733152,3.76469,2.10931,2.47518
2020-03-09,-7.90104,3.02353,2.08078,2.93155,7.54086,5.6067,8.00594,9.26804,6.56582,9.6836,8.40303,5.27567,9.13987,14.304,7.54505,12.9832,5.48374,4.68475,5.24404,1.72,1.72,2.357,2.357,2.42196,0.753535,3.41909,1.78615,1.92776
2020-03-10,4.8215,3.07539,2.09973,3.16363,11.5223,8.57811,12.2302,14.1514,10.1047,14.8627,12.3067,7.98799,13.5294,26.9321,14.3267,24.4673,11.1354,9.32257,10.5915,2.9494,2.9494,3.64661,3.64661,4.46512,0.758111,5.37002,2.61591,3.62965
2020-03-11,-5.01029,3.07539,2.09973,3.16363,11.5598,8.6061,12.27,14.1974,10.1376,14.911,14.355,9.3175,15.7812,24.5104,13.0384,22.2672,12.0226,10.044,11.429,1.71268,1.71268,1.71569,1.71569,4.89482,0.758111,5.38765,3.0513,3.30328
2020-03-12,-9.99449,3.13663,2.1196,3.27928,11.7975,8.78353,12.5223,14.489,10.3463,15.2172,15.7133,10.1992,17.2745,27.6791,14.724,25.1459,13.8432,11.5476,13.1545,2.15365,2.15365,2.99613,2.99613,5.60969,0.759968,5.49936,3.34003,3.73032
2020-03-13,8.88084,3.29054,2.14549,3.59331,15.7867,11.7608,16.7548,19.3819,13.8483,20.3546,25.7651,16.7236,28.325,37.7092,20.0596,34.2581,19.7182,16.245,18.6762,3.42348,3.42348,4.89335,4.89335,7.32083,0.765588,7.4138,5.47663,5.08209
2020-03-16,-12.7652,3.29054,2.14549,3.59331,17.3276,12.9107,18.3897,21.2719,15.2009,22.3389,32.9738,21.4026,36.2499,42.2962,22.4996,38.4253,28.1714,22.7843,26.5553,2.51065,2.51065,2.45564,2.45564,9.65666,0.765588,8.14172,7.00893,5.70028
2020-03-17,5.82263,3.34231,2.21747,4.01526,21.5045,16.028,22.8214,26.395,18.8677,27.7181,58.8531,38.2003,64.7004,60.8668,32.3784,55.2963,33.758,27.4206,31.8568,3.90677,3.90677,2.40297,2.40297,11.8992,0.788462,10.138,12.5098,8.20305
2020-03-18,-5.32223,3.34231,2.21747,4.01526,20.0562,14.9471,21.2847,24.6185,17.5962,25.8528,38.4331,24.9461,42.2516,41.3866,22.0158,37.5989,23.9828,19.9959,22.7868,2.78214,2.78214,2.95801,2.95801,9.91973,0.788462,9.45202,8.16935,5.57769
2020-03-19,0.469676,3.40923,2.26158,4.13779,18.7264,13.9547,19.8738,22.9876,16.4289,24.1404,34.4089,22.3341,37.8276,37.4143,19.9027,33.9901,23.2282,19.3506,22.0649,3.46415,3.46415,2.31275,2.31275,9.48398,0.796216,8.82228,7.31396,5.04234
2020-03-20,-4.43276,3.40923,2.26158,4.13779,17.3948,12.9517,18.4696,20.6491,14.5061,21.7554,22.6798,14.721,24.9331,17.7933,9.46521,16.1648,18.8294,15.7293,17.8993,2.93466,2.93466,3.25638,3.25638,7.60335,0.796216,7.84001,4.82082,2.39801
2020-03-23,-2.97315,3.45315,2.36171,4.22072,16.1557,12.0277,17.1543,19.1793,13.4405,20.2071,22.1632,14.3857,24.3652,27.9595,14.8732,25.4007,17.0105,14.4288,16.236,3.50546,3.50546,3.73843,3.73843,7.47641,0.810986,7.27819,4.71102,3.76812
2020-03-24,8.96832,3.45315,2.44365,4.24194,14.5065,10.7977,15.4036,17.2228,12.0379,18.1463,18.9907,12.3265,20.8776,23.1078,12.2923,20.993,18.3643,15.3537,17.4611,3.14752,3.14752,4.01799,4.01799,7.54488,0.81485,6.52771,4.03668,3.11425
2020-03-25,1.1469,3.45315,2.44365,4.24194,17.2374,12.8343,18.3024,20.4623,14.3039,21.5586,24.7391,16.0576,27.1971,38.6097,20.5386,35.0762,19.2063,16.2486,18.319,3.35025,3.35025,3.86075,3.86075,8.51045,0.81485,7.6778,5.25855,5.20345
2020-03-26,6.05438,3.45315,2.44365,4.24194,14.9215,11.1072,15.8442,17.7152,12.3803,18.6649,21.8118,14.1576,23.9789,14.4896,7.70779,13.1635,16.993,14.2991,16.1848,2.93823,2.93823,1.63601,1.63601,7.1244,0.810986,6.6403,4.63632,1.95277
2020-03-27,-3.42678,3.45315,2.44365,4.24194,15.1311,11.2635,16.0667,17.9638,12.5544,18.9268,22.6047,14.6722,24.8505,26.4241,14.0564,24.0058,19.0703,15.9837,18.1443,3.65181,3.65181,2.90786,2.90786,7.79443,0.810986,6.73419,4.80486,3.56119
2020-03-30,3.29666,3.45315,2.48337,4.2797,13.8542,10.3113,14.7112,16.4491,11.4938,17.3313,22.0628,14.3205,24.2549,23.2807,12.3843,21.1501,17.8798,15.1324,17.0556,3.53233,3.53233,1.95967,1.95967,7.74546,0.810986,6.16215,4.68968,3.13755
2020-03-31,-1.61423,3.45315,2.48337,4.2797,12.6872,9.44095,13.4724,15.0648,10.5245,15.8731,20.5309,13.3262,22.5707,23.1649,12.3227,21.0449,18.1961,15.2837,17.3224,3.6908,3.6908,2.99185,2.99185,7.5851,0.810986,5.6392,4.36405,3.12195
2020-04-01,-4.51464,3.45315,2.48337,4.2797,11.1653,8.30606,11.857,13.2596,9.26042,13.9715,18.833,12.2241,20.7042,19.2786,10.2553,17.5142,14.507,12.2599,13.8328,2.94832,2.94832,2.00376,2.00376,6.22107,0.81485,4.95731,4.00315,2.59819
2020-04-02,2.25727,3.65976,2.50787,4.36001,11.4099,8.48841,12.1165,13.5496,9.46352,14.277,18.3271,11.8957,20.148,24.4861,13.0255,22.2452,16.3431,13.7624,15.5688,3.53266,3.53266,3.05146,3.05146,6.91477,0.815118,5.06675,3.89561,3.30001
2020-04-03,-1.52529,3.65976,2.50787,4.36001,10.2535,7.62608,10.8891,12.178,8.50307,12.8322,18.1428,11.7761,19.9454,21.1727,11.2629,19.235,13.9571,11.8083,13.3125,3.22691,3.22691,2.22153,2.22153,6.10746,0.815118,4.54867,3.85645,2.85345
2020-04-06,6.79682,3.65976,2.50787,4.36001,9.09417,6.76147,9.65844,10.8027,7.54007,11.3835,16.6462,10.8047,18.3,15.3224,8.15083,13.9201,13.9893,11.7656,13.3222,2.89604,2.89604,2.17933,2.17933,5.6955,0.816335,4.02901,3.53831,2.06501
2020-04-07,-0.160433,3.65976,2.50787,4.36001,11.9035,8.85651,12.6405,14.1351,9.87351,14.8938,20.3502,13.2089,22.3721,25.8081,13.7288,23.4462,15.018,12.6791,14.3163,3.64421,3.64421,3.09445,3.09445,6.38947,0.816335,5.28679,4.32564,3.47818
2020-04-08,3.34894,3.65976,2.50787,4.36001,10.2641,7.63398,10.9004,12.1905,8.51186,12.8454,18.1439,11.7768,19.9466,11.9534,6.35867,10.8594,12.9151,10.8066,12.2825,2.84842,2.84842,1.97447,1.97447,5.04044,0.816335,4.5521,3.85667,1.61097
2020-04-09,1.43835,3.65976,2.50787,4.36001,9.8625,7.33446,10.474,11.7141,8.17826,12.3436,16.9854,11.0249,18.673,16.1578,8.5952,14.679,11.2396,9.4391,10.6994,3.11062,3.11062,2.22162,2.22162,4.4531,0.816335,4.37142,3.61042,2.17759
2020-04-13,-1.01561,3.65976,2.50787,4.36001,8.69242,6.46187,9.23198,10.3261,7.20637,10.8815,17.4532,11.3285,19.1872,15.1163,8.04116,13.7328,9.50691,8.0035,9.05589,2.63667,2.63667,1.70084,1.70084,3.72594,0.816335,3.84655,3.70985,2.03723
2020-04-14,3.01146,3.65976,2.50787,4.36001,7.63603,5.67407,8.11062,9.07302,6.32892,9.56154,12.8456,8.33778,14.1218,13.0497,6.94186,11.8554,9.59564,8.00772,9.11927,2.35305,2.35305,1.24316,1.24316,3.60853,0.820485,3.37283,2.73046,1.75872
2020-04-15,-2.22767,3.65976,2.50787,4.36001,7.65565,5.68869,8.13144,9.09629,6.34522,9.58605,14.9562,9.70773,16.4421,16.0477,8.53666,14.5791,9.55522,8.08445,9.11399,2.64833,2.64833,1.59857,1.59857,3.98172,0.820485,3.37333,3.17909,2.16276
2020-04-16,0.579982,3.65976,2.50787,4.36001,7.28341,5.4111,7.73631,8.65473,6.03603,9.12093,14.4931,9.40716,15.9331,15.5345,8.26364,14.1128,11.2561,9.48383,10.7244,2.20552,2.20552,1.34447,1.34447,4.70753,0.822633,3.1887,3.08066,2.09359
2020-04-17,2.6441,3.65976,2.50787,4.36001,6.31833,4.69139,6.71188,7.50994,5.23442,7.91504,13.6083,8.83289,14.9604,10.3942,5.52922,9.44289,8.33982,7.05293,7.95375,2.77426,2.77426,1.63988,1.63988,3.46009,0.822633,2.7528,2.89259,1.40083
2020-04-20,-1.80429,3.65976,2.50787,4.36001,6.51213,4.84537,6.90915,7.7843,5.45041,8.23175,13.6654,8.86993,15.0231,11.7811,6.26701,10.7029,9.5368,8.05763,9.09305,2.66416,2.66416,1.50303,1.50303,3.93165,0.822633,2.84011,2.90473,1.58774
2020-04-21,-3.11551,3.65976,2.50787,4.36001,6.16762,4.58795,6.5439,7.37332,5.16138,7.7974,14.4698,9.39207,15.9075,11.0765,5.89221,10.0628,9.26483,7.84559,8.83906,2.86917,2.86917,1.78765,1.78765,3.86775,0.822633,2.68746,3.07572,1.49279
2020-04-22,2.26713,3.65976,2.5505,4.38269,6.77841,5.04434,7.19147,8.10196,5.67382,8.56748,14.9099,9.67773,16.3913,15.0716,8.01743,13.6923,9.48132,8.05945,9.05476,2.88687,2.88687,3.19437,3.19437,4.13083,0.828437,2.98559,3.16926,2.03121
2020-04-23,-0.05396,3.65976,2.5505,4.38269,6.53939,4.86574,6.93806,7.81682,5.47329,8.26612,13.8594,8.99585,15.2364,14.1439,7.52392,12.8495,10.8492,9.21761,10.3597,2.70339,2.70339,1.53674,1.53674,4.67018,0.828437,2.85219,2.94596,1.90618
2020-04-24,1.38221,3.65976,2.5505,4.38269,5.68926,4.23051,6.03674,6.80266,4.76005,7.19427,13.3777,8.6832,14.7069,9.76288,5.19341,8.86939,9.3215,7.89947,8.89489,2.60656,2.60656,2.02292,2.02292,3.94106,0.822633,2.47551,2.84357,1.31575
2020-04-27,1.46069,3.65976,2.5505,4.38269,5.22912,3.8867,5.54889,6.25374,4.37401,6.61412,12.4319,8.06929,13.6671,8.82856,4.69639,8.02057,8.36865,7.13463,7.99845,2.17257,2.17257,1.5072,1.5072,3.66418,0.822633,2.27164,2.64253,1.18983
2020-04-28,-0.525617,3.65976,2.5505,4.38269,4.88974,3.63311,5.18908,5.84888,4.08928,6.18622,11.0931,7.20029,12.1952,10.2489,5.45192,9.31088,7.086,5.99627,6.75908,1.71102,1.71102,1.13168,1.13168,2.88636,0.822633,2.12127,2.35795,1.38124
2020-04-29,2.62367,3.65976,2.5505,4.38269,4.33074,3.21542,4.59641,5.18202,3.62029,5.48141,9.51022,6.17288,10.4551,7.02782,3.73848,6.38464,5.92512,4.96378,5.63671,1.49558,1.49558,1.4086,1.4086,2.26561,0.822633,1.87358,2.02149,0.947143
2020-04-30,-0.925515,3.65976,2.5505,4.38269,5.00645,3.72031,5.31281,5.9881,4.18719,6.33334,12.6316,8.19892,13.8866,9.35144,4.97454,8.4956,6.6688,5.61609,6.35299,1.33513,1.33513,1.45672,1.45672,2.62511,0.822633,2.17297,2.68498,1.2603
2020-05-01,-2.84602,3.65976,2.5505,4.38269,4.55016,3.37937,4.82905,5.44378,3.80438,5.75805,10.184,6.61024,11.1959,7.74339,4.11913,7.03472,5.86816,4.93926,5.58949,1.20926,1.20926,1.38364,1.38364,2.29157,0.828437,1.97081,2.16472,1.04358
2020-05-04,0.424081,3.65976,2.63188,4.39137,5.48346,4.07674,5.81854,6.55715,4.58739,6.93475,13.064,8.47955,14.3619,11.3497,6.03753,10.311,6.19187,5.29829,5.9238,1.52625,1.52625,2.2756,2.2756,2.67526,0.828437,2.40664,2.77688,1.52961
2020-05-05,0.899992,3.65976,2.63188,4.39137,4.79304,3.56085,5.08655,5.73351,4.00814,6.06423,11.8689,7.70387,13.0482,8.33082,4.43162,7.56839,6.1146,5.26253,5.85898,1.5893,1.5893,1.75263,1.75263,2.71873,0.828437,2.09796,2.52286,1.12275
2020-05-06,-0.700387,3.65976,2.63188,4.39137,4.30752,3.19806,4.57179,5.15431,3.6008,5.45208,8.83664,5.73567,9.7146,8.13449,4.32718,7.39002,4.61313,3.90419,4.40045,1.20769,1.20769,1.18002,1.18002,1.88957,0.822633,1.88089,1.87832,1.09629
2020-05-07,1.14389,3.65976,2.63188,4.39137,3.88948,2.8857,4.12858,4.65562,3.25008,4.925,8.57181,5.56378,9.42345,7.16975,3.81398,6.51357,4.0378,3.41492,3.85093,1.23111,1.23111,1.37735,1.37735,1.64369,0.822633,1.69399,1.82203,0.96627
2020-05-08,1.67308,3.65976,2.63188,4.39137,3.662,2.71573,3.8874,4.38425,3.05923,4.63818,7.88011,5.11481,8.66303,7.38453,3.92823,6.7087,3.4574,2.92856,3.29875,1.04514,1.04514,1.22497,1.22497,1.42567,0.820485,1.59229,1.675,0.995216
2020-05-11,0.0133072,3.65976,2.63188,4.39137,3.80193,2.82029,4.03576,4.55118,3.17663,4.81454,8.27293,5.36978,9.09489,7.64356,4.06603,6.94403,3.07828,2.56721,2.92496,1.07628,1.07628,1.14368,1.14368,1.15623,0.820485,1.65485,1.7585,1.03013
2020-05-12,-2.07134,3.65976,2.63188,4.39137,3.32149,2.4613,3.52639,3.97804,2.77356,4.20875,6.77485,4.39741,7.44797,6.04303,3.21462,5.48997,2.55873,2.12878,2.42975,1.02344,1.02344,0.89336,0.89336,0.94317,0.820485,1.44005,1.44006,0.814422
2020-05-13,-1.7617,3.65976,2.63188,4.39137,4.01971,2.98302,4.26666,4.81098,3.35934,5.08891,8.01682,5.20355,8.81333,7.38342,3.92764,6.70769,3.44654,2.87962,3.27646,1.20477,1.20477,1.75526,1.75526,1.32474,0.822633,1.75385,1.70406,0.995067
2020-05-14,1.14589,3.65976,2.63188,4.39137,4.23906,3.14692,4.49922,5.07265,3.54337,5.36528,8.04701,5.22315,8.84652,7.61445,4.05054,6.91758,3.63764,3.06225,3.46502,1.2268,1.2268,1.93732,1.93732,1.46409,0.828437,1.86067,1.71048,1.0262
2020-05-15,0.391869,3.65976,2.63188,4.39137,3.94444,2.92677,4.18686,4.72119,3.29619,4.99389,7.7193,5.01043,8.48625,8.02173,4.26719,7.28758,3.18351,2.67748,3.0317,0.890999,0.890999,1.48293,1.48293,1.26219,0.828437,1.72824,1.64082,1.08109
2020-05-18,3.10152,3.65976,2.63188,4.39137,3.49614,2.58655,3.71614,4.17607,2.93268,4.42413,6.52546,4.23554,7.1738,6.90538,3.67335,6.27341,2.8859,2.41529,2.74472,0.962689,0.962689,1.22867,1.22867,1.10422,0.828437,1.52068,1.38705,0.930642
2020-05-19,-1.05398,3.65976,2.63188,4.39137,4.93168,3.65713,5.23995,5.88442,4.14213,6.23142,8.32711,5.40495,9.15445,8.06624,4.29087,7.32802,3.25,2.73387,3.09516,0.910963,0.910963,1.20444,1.20444,1.29214,0.828437,2.16358,1.77001,1.08709
2020-05-20,1.6514,3.65976,2.63188,4.39137,4.55207,3.37402,4.83699,5.43266,3.8223,5.75273,8.23948,5.34807,9.05811,7.77018,4.13338,7.05906,3.45746,2.90781,3.29256,0.942633,0.942633,1.2949,1.2949,1.37353,0.839359,1.99357,1.75139,1.04719
2020-05-21,-0.780397,3.65976,2.63188,4.39137,4.46159,3.30655,4.74095,5.32499,3.74608,5.63792,8.44743,5.48305,9.28672,8.69657,4.62618,7.90067,3.02945,2.52251,2.87737,0.948431,0.948431,1.50989,1.50989,1.13189,0.839359,1.95305,1.79559,1.17204
2020-05-22,0.235097,3.65976,2.63188,4.39137,4.05839,3.00585,4.31295,4.84516,3.40637,5.12923,7.83571,5.086,8.61423,7.29735,3.88186,6.6295,2.53724,2.12286,2.41293,0.935253,0.935253,1.43097,1.43097,0.963683,0.839359,1.76105,1.66556,0.983468
2020-05-26,1.22143,3.65976,2.63188,4.39137,3.56181,2.63552,3.78584,4.25421,2.98801,4.50302,6.01727,3.90568,6.61511,6.66833,3.54725,6.05805,2.24737,1.8663,2.13305,1.00526,1.00526,1.53784,1.53784,0.820712,0.839359,1.54003,1.27903,0.898694
2020-05-27,1.47185,3.65976,2.63188,4.39137,3.44798,2.55064,3.66502,4.11875,2.8921,4.35838,5.20731,3.37995,5.72468,6.83698,3.63696,6.21126,2.37449,1.98757,2.25841,0.856546,0.856546,1.26535,1.26535,0.90265,0.839359,1.48937,1.10687,0.921423
2020-05-28,-0.211014,3.65976,2.63188,4.39137,3.509,2.59614,3.72978,4.19136,2.94351,4.43333,5.86511,3.80692,6.44783,7.05461,3.75273,6.40898,2.49041,2.06079,2.36152,0.98598,0.98598,1.12471,1.12471,0.880403,0.839359,1.51481,1.24669,0.950754
2020-05-29,0.48008,3.65976,2.63188,4.39137,3.1034,2.29366,3.29924,3.70868,2.60179,3.92101,4.16279,2.70198,4.57639,6.39032,3.39936,5.80548,2.30723,1.91747,2.1903,0.877391,0.877391,1.3039,1.3039,0.841056,0.839359,1.33447,0.884845,0.861227
2020-06-01,0.374421,3.65976,2.63188,4.39137,2.77737,2.05052,2.95317,3.3207,2.32711,3.50878,3.95709,2.56846,4.35025,5.50951,2.93081,5.00528,2.29744,1.92862,2.18679,0.742481,0.742481,1.15175,1.15175,0.904723,0.839359,1.18952,0.84112,0.742519
2020-06-02,0.817731,3.65976,2.63188,4.39137,2.47803,1.82728,2.63542,2.96446,2.07491,3.13002,2.93904,1.90767,3.23105,4.88298,2.59752,4.43609,1.62432,1.35977,1.54495,0.664655,0.664655,1.07668,1.07668,0.610084,0.839359,1.05643,0.624724,0.658081
2020-06-03,1.35567,3.65976,2.63188,4.39137,2.38356,1.75682,2.53514,2.85204,1.99531,3.0104,3.08985,2.00556,3.39684,5.04131,2.68175,4.57993,1.48502,1.22174,1.40604,0.576374,0.576374,0.994714,0.994714,0.504413,0.828437,1.01443,0.656779,0.67942
2020-06-04,-0.337438,3.65976,2.63188,4.39137,2.6603,1.96321,2.8289,3.18138,2.22848,3.35523,3.4615,2.24679,3.80542,5.44218,2.89499,4.94411,1.76875,1.4617,1.67663,0.527577,0.527577,0.792877,0.792877,0.619433,0.828437,1.13747,0.735778,0.733445
2020-06-05,2.5874,3.65976,2.63188,4.39137,2.40883,1.77567,2.56196,2.88211,2.01661,3.03456,3.05515,1.98303,3.35869,4.86464,2.58777,4.41943,1.78964,1.48357,1.69782,0.586757,0.586757,0.961652,0.961652,0.639829,0.828437,1.02566,0.649404,0.65561
2020-06-08,1.19697,3.65976,2.63188,4.39137,3.83936,2.84251,4.08046,4.58451,3.22185,4.81424,4.28054,2.77841,4.70584,6.37612,3.39181,5.79258,2.60209,2.15637,2.46837,0.604382,0.604382,1.11892,1.11892,0.953567,0.828437,1.66169,0.909874,0.859313
2020-06-09,-0.782976,3.65976,2.63188,4.39137,3.65532,2.70526,3.8851,4.36549,3.06679,4.57319,4.40274,2.85772,4.84017,5.82263,3.09737,5.28974,2.13828,1.75907,2.02452,0.53669,0.53669,0.817124,0.817124,0.73938,0.828437,1.57986,0.935848,0.784719
2020-06-10,-0.532724,3.65976,2.63188,4.39137,3.3917,2.50866,3.60527,4.05178,2.84469,4.23402,4.26823,2.77042,4.6923,5.51656,2.93456,5.01168,2.18229,1.79031,2.0647,0.502174,0.502174,0.967512,0.967512,0.745701,0.828437,1.46266,0.907257,0.743469
2020-06-11,-6.07527,3.65976,2.63188,4.39137,3.08063,2.27668,3.27508,3.68159,2.58261,3.83732,3.45797,2.24449,3.80153,5.29509,2.81675,4.81048,2.00797,1.66102,1.90389,0.60132,0.60132,1.00706,1.00706,0.726248,0.828437,1.32435,0.735027,0.713622
2020-06-12,1.29763,3.82949,2.75109,4.52444,8.34369,6.20168,8.86175,10.1618,7.21882,10.6866,8.77067,5.28958,9.042,10.8788,5.73751,10.0386,9.58279,7.67719,9.01111,1.22126,1.22126,1.67105,1.67105,2.66159,0.839359,3.66838,1.68167,1.44999
2020-06-15,0.827785,3.82949,2.75109,4.52444,7.44819,5.53384,7.91119,8.87916,6.44287,9.51127,7.28406,4.393,7.5094,7.97201,4.20444,7.3563,6.32621,5.05067,5.94355,0.865161,0.865161,1.4684,1.4684,1.83275,0.839359,3.26981,1.39663,1.06255
2020-06-16,1.87849,3.82949,2.75109,4.52444,6.50726,4.84112,6.90414,7.8074,5.5968,8.38264,6.58501,3.97141,6.78872,6.96945,3.67569,6.43117,4.15119,3.36141,3.91426,0.766719,0.766719,0.852482,0.852482,1.30351,0.839359,2.87057,1.2626,0.928926
2020-06-17,-0.36068,3.82949,2.63188,4.48806,6.15289,4.57633,6.52843,7.38312,5.26838,7.86278,5.91238,3.8376,6.60388,7.43831,3.95685,6.75407,5.36274,4.33857,5.05549,0.888337,0.888337,0.870038,0.870038,1.68793,0.828437,2.71173,1.25674,1.00247
2020-06-18,0.0594044,3.82949,2.63188,4.48806,5.45113,4.05197,5.78441,6.54293,4.66615,6.96862,5.26232,3.41566,5.87779,6.12713,3.25935,5.5635,4.30519,3.52295,4.07052,0.787422,0.787422,1.16829,1.16829,1.45538,0.822633,2.37842,1.11856,0.825756
2020-06-19,-0.566551,3.82949,2.63188,4.48806,4.80715,3.57078,5.10166,5.77193,4.11351,6.14809,4.17997,2.71313,4.66885,4.9543,2.63546,4.49856,3.88262,3.14612,3.66167,0.729724,0.729724,1.32654,1.32654,1.23856,0.822633,2.09195,0.888495,0.667693
2020-06-22,0.647409,3.82949,2.63188,4.48806,4.31808,3.20534,4.58314,5.18638,3.6938,5.52492,3.56259,2.3124,3.97926,5.68759,3.02554,5.16439,3.29937,2.67245,3.11129,0.686844,0.686844,1.52394,1.52394,1.05292,0.822633,1.87439,0.757265,0.766519
2020-06-23,0.429816,3.82949,2.63188,4.48806,3.87698,2.87575,4.11548,4.65827,3.31526,4.96289,3.68746,2.39345,4.11874,4.9152,2.61466,4.46306,3.09594,2.52339,2.92418,0.740319,0.740319,0.921927,0.921927,1.019,0.822633,1.67817,0.783807,0.662424
2020-06-24,-2.61952,3.82949,2.63188,4.48806,3.45419,2.55984,3.66723,4.15208,2.95243,4.42418,3.38489,2.19706,3.78078,4.89711,2.60504,4.44663,3.18389,2.59381,3.00687,0.638795,0.638795,0.926576,0.926576,1.04356,0.822633,1.4901,0.719492,0.659986
2020-06-25,1.08998,3.82949,2.63188,4.48806,4.53318,3.36607,4.81119,5.44391,3.87839,5.79899,4.81407,3.21865,5.39742,5.72427,3.05218,5.1981,4.34082,3.50949,4.09142,0.950239,0.950239,1.18756,1.18756,1.35829,0.828437,1.98573,1.02328,0.771462
2020-06-26,-2.45252,3.82949,2.63188,4.48806,4.19175,3.11095,4.4492,5.03513,3.58539,5.36396,4.50139,3.00959,5.04684,5.78348,3.08375,5.25187,4.55259,3.72187,4.30338,0.865675,0.865675,1.1393,1.1393,1.51858,0.828437,1.83269,0.956816,0.779443
2020-06-29,1.45789,3.82949,2.63188,4.48806,4.85733,3.60828,5.15486,5.832,4.15657,6.21201,5.60311,3.7462,6.28207,6.75641,3.60251,6.13537,4.36824,3.57251,4.12952,1.03976,1.03976,1.39635,1.39635,1.46337,0.839359,2.16848,1.191,0.910564
2020-06-30,1.52923,3.82949,2.63188,4.48806,4.61242,3.42528,4.89521,5.53879,3.9464,5.89996,5.74642,3.84202,6.44275,6.4409,3.43428,5.84886,5.03276,4.15609,4.76976,0.984014,0.984014,1.28732,1.28732,1.79828,0.839359,2.05685,1.22146,0.868043
2020-07-01,0.500957,3.82949,2.63188,4.48806,4.44824,3.3026,4.72114,5.34222,3.8055,5.69076,6.05223,4.04647,6.78561,7.65423,4.08123,6.95067,4.61039,3.82081,4.37352,0.889709,0.889709,1.12295,1.12295,1.65891,0.839359,1.98201,1.28646,1.03156
2020-07-02,0.453097,3.82949,2.63188,4.48806,3.96151,2.93891,4.20509,4.75947,3.3878,5.07057,5.26422,3.51962,5.90211,6.74441,3.59612,6.12447,4.51862,3.68783,4.26938,0.907767,0.907767,0.987569,0.987569,1.48304,0.839359,1.76015,1.11896,0.908948
2020-07-06,1.57569,3.82949,2.63188,4.48806,3.5312,2.61738,3.74887,4.24428,3.01852,4.52227,4.46957,2.98832,5.01117,5.81354,3.09978,5.27916,3.73845,3.06232,3.53561,0.738942,0.738942,0.997849,0.997849,1.26646,0.839359,1.56401,0.950052,0.783493
2020-07-07,-1.08775,3.82949,2.63188,4.48806,3.62902,2.69047,3.85258,4.36139,3.10246,4.64689,4.78192,3.19715,5.36137,6.49953,3.46555,5.90211,3.74425,3.08784,3.54733,0.672768,0.672768,0.849833,0.849833,1.32491,0.839359,1.60859,1.01645,0.875946
2020-07-08,0.779696,3.82949,2.63188,4.48806,3.52225,2.6107,3.73939,4.23357,3.01084,4.51084,4.60089,3.07612,5.1584,6.20614,3.30911,5.63568,4.13386,3.40596,3.91549,0.738156,0.738156,1.19567,1.19567,1.45817,0.841506,1.55992,0.977967,0.836405
2020-07-09,-0.565959,3.82949,2.63188,4.48806,3.2339,2.39523,3.43367,3.88833,2.76338,4.1434,4.50978,3.0152,5.05625,5.624,2.99871,5.10705,3.19889,2.62166,3.02572,0.681587,0.681587,0.95993,0.95993,1.08661,0.841506,1.42848,0.958599,0.757949
2020-07-10,1.04118,3.82949,2.63188,4.48806,2.97582,2.2024,3.16005,3.57935,2.54191,3.81455,4.27516,2.85834,4.79321,5.51182,2.9389,5.00518,3.65468,2.99601,3.45708,0.764079,0.764079,1.24258,1.24258,1.24887,0.841506,1.31084,0.90873,0.742831
2020-07-13,-0.940662,3.82949,2.63188,4.48806,2.89276,2.14034,3.072,3.47991,2.47063,3.70869,4.55938,3.04837,5.11187,5.6065,2.98939,5.09116,3.10064,2.54028,2.93253,0.741842,0.741842,1.06381,1.06381,1.06514,0.841506,1.27297,0.969144,0.755591
2020-07-14,1.33173,3.82949,2.63188,4.48806,2.86218,2.11748,3.03956,3.44328,2.44438,3.66968,4.69482,3.13892,5.26372,5.54767,2.95802,5.03774,3.37285,2.74879,3.18563,0.898693,0.898693,1.21741,1.21741,1.12292,0.84641,1.23673,0.997932,0.747663
2020-07-15,0.904108,3.82949,2.63188,4.48806,3.03862,2.25326,3.22355,3.68145,2.54581,3.92709,4.64433,3.10517,5.20711,6.18131,3.29587,5.61313,3.43901,2.83616,3.25815,0.817276,0.817276,1.12797,1.12797,1.22545,0.84641,1.30814,0.987201,0.833059
2020-07-16,-0.341192,3.82949,2.63188,4.48806,2.90073,2.15008,3.07749,3.51516,2.4297,3.74973,4.81461,3.21901,5.39802,5.76438,3.07357,5.23453,3.54685,2.91883,3.35845,0.844158,0.844158,0.90578,0.90578,1.24101,0.84641,1.24672,1.02339,0.776869
2020-07-17,0.284456,3.82949,2.63188,4.48806,2.66471,1.97346,2.82747,3.2305,2.23095,3.44625,4.31806,2.88703,4.84131,5.39926,2.87888,4.90297,3.39904,2.80584,3.22108,0.918745,0.918745,0.981521,0.981521,1.20967,0.84641,1.1416,0.917849,0.727661
2020-07-20,0.837179,3.82949,2.63188,4.48806,2.42175,1.79166,2.57012,2.93749,2.02637,3.13387,4.11789,2.75319,4.61688,4.72191,2.51772,4.28788,3.0651,2.50312,2.89651,0.822731,0.822731,1.0936,1.0936,1.02403,0.84641,1.03218,0.8753,0.636374
2020-07-21,0.167761,3.82949,2.63188,4.48806,2.35903,1.74473,2.50368,2.86185,1.97356,3.05296,3.73671,2.49834,4.18951,4.68343,2.4972,4.25294,3.0885,2.53404,2.92216,0.781597,0.781597,0.966156,0.966156,1.0606,0.84641,0.993996,0.794276,0.631188
2020-07-22,0.573064,3.82949,2.63188,4.48806,2.14187,1.58222,2.27364,2.59994,1.79069,2.77365,3.32616,2.22384,3.7292,4.65685,2.48303,4.2288,2.64906,2.16931,2.50513,0.704585,0.704585,1.0655,1.0655,0.895273,0.84641,0.898293,0.707009,0.627606
2020-07-23,-1.23964,3.82949,2.63188,4.48806,2.02669,1.49604,2.15165,2.46104,1.69371,2.6253,3.14183,2.1006,3.52254,4.36875,2.32942,3.96718,2.5945,2.1289,2.45482,0.634514,0.634514,0.882515,0.882515,0.892083,0.84641,0.847539,0.667828,0.588779
2020-07-24,-0.620963,3.82949,2.63188,4.48806,2.38402,1.76342,2.53015,2.89198,1.9946,3.08364,3.54797,2.37214,3.97789,5.01778,2.67548,4.55655,3.08921,2.54182,2.92499,0.65704,0.65704,0.917158,0.917158,1.07621,0.857835,1.01659,0.754157,0.676249
2020-07-27,0.736792,3.82949,2.63188,4.48806,2.30601,1.70505,2.44751,2.7979,1.92891,2.98272,3.4326,2.29501,3.84855,4.70614,2.50931,4.27356,2.88164,2.36633,2.72705,0.703868,0.703868,1.04308,1.04308,1.00524,0.857835,0.981843,0.729635,0.63425
2020-07-28,-0.649444,3.82949,2.63188,4.48806,2.2225,1.64256,2.35906,2.69719,1.85859,2.87459,3.42232,2.28814,3.83702,4.70065,2.50638,4.26857,2.75998,2.27811,2.61542,0.574044,0.574044,0.932975,0.932975,0.984633,0.857835,0.94465,0.72745,0.633509
2020-07-29,1.23518,3.82949,2.63188,4.48806,2.18453,1.61415,2.31883,2.65139,1.82661,2.82519,3.64566,2.43746,4.08743,4.56565,2.4344,4.14598,2.74589,2.26677,2.60215,0.673551,0.673551,1.01321,1.01321,0.988211,0.857835,0.926465,0.774923,0.615315
2020-07-30,-0.375728,3.82949,2.63188,4.48806,2.38298,1.76265,2.52905,2.89074,1.99372,3.07825,3.61607,2.41767,4.05424,4.90511,2.6154,4.45424,2.88461,2.39774,2.73855,0.654525,0.654525,0.99288,0.99288,1.07498,0.857835,1.00455,0.768632,0.661064
2020-07-31,0.764122,3.82949,2.63188,4.48806,2.22306,1.64298,2.35965,2.69787,1.85906,2.87149,3.79884,2.53987,4.25916,4.63557,2.47168,4.20947,2.63547,2.17274,2.49665,0.675443,0.675443,0.985915,0.985915,0.938019,0.857835,0.934075,0.807482,0.624738
2020-08-03,0.715537,3.82949,2.63188,4.48806,2.16447,1.59914,2.29759,2.62721,1.80973,2.79456,3.44183,2.30118,3.85889,4.63836,2.47317,4.21201,2.73142,2.24816,2.58644,0.708523,0.708523,1.0099,1.0099,0.96112,0.857835,0.908256,0.731596,0.625114
2020-08-04,0.360542,3.82949,2.63188,4.48806,2.09634,1.54816,2.22542,2.54504,1.75236,2.70518,3.77961,2.52702,4.23761,4.67654,2.49353,4.24668,2.66322,2.2069,2.52633,0.614431,0.614431,0.952754,0.952754,0.975518,0.857835,0.878232,0.803395,0.630259
2020-08-05,0.640916,3.82949,2.63188,4.48806,1.93378,1.42651,2.05323,2.34899,1.61547,2.49459,3.57338,2.38913,4.00638,4.29878,2.29211,3.90364,2.54086,2.06755,2.39887,0.672239,0.672239,0.901733,0.901733,0.833259,0.857835,0.806593,0.759558,0.579349
2020-08-06,0.640713,3.82949,2.63188,4.48806,1.87567,1.38303,1.99167,2.2789,1.56654,2.41736,3.27904,2.19234,3.67638,4.37928,2.33503,3.97674,2.62542,2.14855,2.48236,0.606991,0.606991,0.738036,0.738036,0.886504,0.857835,0.780983,0.696993,0.590198
2020-08-07,0.0632824,3.82949,2.63188,4.48806,1.82749,1.34697,1.94063,2.22079,1.52597,2.35329,3.45412,2.3094,3.87268,4.24582,2.26387,3.85555,2.29671,1.8872,2.17386,0.553326,0.553326,0.703004,0.703004,0.783192,0.857835,0.75975,0.734209,0.572211
2020-08-10,0.273848,3.82949,2.63188,4.48806,1.67099,1.22987,1.77486,2.03206,1.39419,2.15,2.63171,1.75954,2.95061,3.83196,2.0432,3.47973,2.12625,1.74349,2.01142,0.601103,0.601103,0.812731,0.812731,0.709379,0.857835,0.690786,0.559398,0.516435
2020-08-11,-0.800108,3.82949,2.63188,4.48806,1.54923,1.13875,1.64588,1.8852,1.29166,1.99105,2.50358,1.67387,2.80695,3.64477,1.94339,3.30975,2.10804,1.70998,1.98862,0.52646,0.52646,0.775658,0.775658,0.662704,0.857835,0.637125,0.532161,0.491208
2020-08-12,1.38995,3.82949,2.63188,4.48806,1.73091,1.27617,1.83608,2.10744,1.44819,2.22162,2.76343,1.84761,3.09829,4.12425,2.19905,3.74516,2.55529,2.10569,2.42041,0.591859,0.591859,0.909897,0.909897,0.892841,0.857835,0.734136,0.587395,0.555828
2020-08-13,-0.204928,3.82949,2.63188,4.48806,2.17835,1.61174,2.30938,2.6475,1.82606,2.78303,3.67924,2.45991,4.12507,4.66175,2.48564,4.23325,2.79971,2.3093,2.65259,0.57339,0.57339,0.861626,0.861626,0.991544,0.857835,0.93635,0.78206,0.628266
2020-08-14,-0.0171887,3.82949,2.63188,4.48806,2.00275,1.48004,2.12363,2.43555,1.67776,2.55373,3.3856,2.26358,3.79585,4.14277,2.20893,3.76198,2.61962,2.14738,2.47794,0.6023,0.6023,0.875227,0.875227,0.881726,0.857835,0.856989,0.719643,0.558324
2020-08-17,0.270618,3.82949,2.63188,4.48806,1.82384,1.34587,1.93438,2.21961,1.52667,2.32246,2.89772,1.93739,3.24885,3.71776,1.98231,3.37603,2.57826,2.1186,2.44036,0.588689,0.588689,0.987501,0.987501,0.87905,0.857835,0.776135,0.61594,0.501044
2020-08-18,0.230073,3.82949,2.63188,4.48806,1.67629,1.23521,1.77829,2.0415,1.40205,2.12971,2.62421,1.75453,2.9422,3.51382,1.87357,3.19084,2.56473,2.10944,2.42814,0.61091,0.61091,0.924278,0.924278,0.881692,0.857835,0.709447,0.557803,0.47356
2020-08-19,-0.441411,3.82949,2.63188,4.48806,1.54297,1.13522,1.63727,1.88059,1.28946,1.95572,2.72391,1.82118,3.05398,3.16178,1.68586,2.87115,2.36912,1.93949,2.24023,0.58649,0.58649,0.80924,0.80924,0.785083,0.857835,0.649198,0.578994,0.426114
2020-08-20,0.315365,3.82949,2.63188,4.48806,1.54215,1.13461,1.6364,1.8796,1.28877,1.94865,2.8213,1.8863,3.16318,3.61316,1.92653,3.28104,2.36306,1.94293,2.23702,0.626133,0.626133,0.875612,0.875612,0.807125,0.857835,0.648507,0.599697,0.486947
2020-08-21,0.34352,3.82949,2.63188,4.48806,1.44142,1.05907,1.52985,1.75802,1.2037,1.81657,2.86747,1.91717,3.21494,3.50916,1.87108,3.1866,2.29285,1.89084,2.17224,0.619095,0.619095,0.756132,0.756132,0.793675,0.857835,0.594731,0.609511,0.472931
2020-08-24,0.999361,3.82949,2.63188,4.48806,1.36221,0.999659,1.44606,1.6622,1.1368,1.71216,2.52027,1.68503,2.82566,3.22309,1.71855,2.92682,2.0218,1.66408,1.91448,0.553281,0.553281,0.806825,0.806825,0.690608,0.857835,0.556631,0.535709,0.434377
2020-08-25,0.35899,3.82949,2.63188,4.48806,1.63653,1.20539,1.73624,1.84311,1.36848,2.04554,2.84263,1.90056,3.18709,3.61721,1.92869,3.28472,2.15199,1.75535,2.033,0.594379,0.594379,0.785401,0.785401,0.700524,0.857835,0.678552,0.604231,0.487493
2020-08-26,1.0144,3.82949,2.63188,4.48806,1.53151,1.12663,1.62514,1.70749,1.27978,1.9096,2.82448,1.88843,3.16674,3.35346,1.78806,3.04521,1.99101,1.61976,1.87963,0.590313,0.590313,0.843313,0.843313,0.636475,0.857835,0.631873,0.600373,0.451947
2020-08-27,0.167163,3.82949,2.63188,4.48806,1.76361,1.30069,1.87066,1.96482,1.4758,2.18904,3.11116,2.0801,3.48816,3.52854,1.88142,3.2042,2.26104,1.83079,2.13197,0.596709,0.596709,0.86067,0.86067,0.706243,0.857835,0.735028,0.66131,0.475544
2020-08-28,0.671001,3.82949,2.63188,4.48806,1.61306,1.18779,1.71141,1.79791,1.34808,1.9979,2.69142,1.79946,3.01755,3.1992,1.70581,2.90513,2.42008,1.97426,2.28634,0.59554,0.59554,0.736771,0.736771,0.791059,0.857835,0.668121,0.572088,0.431157
2020-08-31,-0.219736,3.82949,2.63188,4.48806,1.62299,1.19524,1.72191,1.80892,1.35362,2.00998,2.64961,1.77151,2.97067,3.5588,1.89755,3.23168,2.01358,1.64346,1.90254,0.634135,0.634135,0.693929,0.693929,0.65343,0.857835,0.672533,0.563201,0.479621
2020-09-01,0.749682,3.82949,2.63188,4.48806,1.52901,1.12475,1.6225,1.70472,1.27444,1.89474,2.5124,1.70583,2.79124,3.24145,1.83168,3.01692,2.01809,1.64376,1.90579,0.667919,0.667919,0.799573,0.799573,0.65117,0.84641,0.630763,0.558624,0.464056
2020-09-02,1.52491,3.82949,2.63188,4.48806,1.59717,1.17587,1.6946,1.78029,1.33186,1.97831,2.81345,1.91023,3.12571,3.3123,1.87172,3.08287,2.07989,1.68746,1.96216,0.735557,0.735557,0.712826,0.712826,0.656609,0.84641,0.661055,0.625561,0.474199
2020-09-03,-3.57576,3.82949,2.63188,4.48806,2.20827,1.63418,2.34103,2.4578,1.85054,2.72775,3.21479,2.18272,3.57159,3.68262,2.08098,3.42753,2.44538,1.98913,2.3085,0.828394,0.828394,0.790649,0.790649,0.776987,0.841506,0.919154,0.714798,0.527215
2020-09-04,-0.816628,3.82949,2.75109,4.52115,4.70202,3.50442,4.97898,5.69364,3.95743,5.92945,5.68335,3.80156,6.12875,5.86406,3.32142,5.55278,5.8242,4.76999,5.50794,1.09403,1.09403,1.26301,1.26301,1.96826,0.84641,2.04099,1.2086,0.839516
2020-09-08,-2.81488,3.82949,2.75109,4.52115,4.34434,3.23617,4.60061,5.26191,3.65534,5.48011,4.99751,3.34281,5.38916,4.54242,2.57284,4.30129,4.71795,3.88258,4.46734,1.05683,1.05683,1.32792,1.32792,1.63465,0.84641,1.88201,1.06275,0.650306
2020-09-09,1.99448,3.82949,2.81566,4.52115,5.15954,3.84754,5.46295,6.24588,4.34382,6.50421,6.87584,4.59921,7.41469,6.23853,3.54539,5.92021,4.51702,3.7459,4.28569,1.33766,1.33766,1.36797,1.36797,1.63755,0.857835,2.28367,1.46219,0.893126
2020-09-10,-1.77413,3.82949,2.81566,4.52115,5.15518,3.87367,5.43282,6.27949,4.43126,6.53819,7.23381,4.83865,7.80072,7.62736,4.33467,7.23818,6.04239,5.00109,5.73,1.47255,1.47255,1.26586,1.26586,2.16881,0.857835,2.28489,1.53831,1.09196
2020-09-11,0.0532951,3.82949,2.81566,4.52115,5.09917,3.83134,5.37385,6.21148,4.38298,6.46742,7.0261,4.69972,7.57673,8.54063,4.85368,8.10485,4.62204,3.83251,4.38518,1.30031,1.30031,1.01585,1.01585,1.66589,0.862606,2.24798,1.49414,1.2227
2020-09-14,1.26613,3.82949,2.81566,4.52115,4.54538,3.41274,4.79077,5.53908,3.90556,5.76773,5.61907,3.75856,6.05943,5.21491,2.96366,4.94883,5.00924,4.13492,4.74694,1.25367,1.25367,1.20864,1.20864,1.75117,0.862606,1.99822,1.19493,0.746583
2020-09-15,0.520581,3.82949,2.81566,4.52115,4.28391,3.21511,4.51548,5.22161,3.68015,5.43738,5.26472,3.52154,5.67731,5.67312,3.22406,5.38366,4.09028,3.39055,3.88036,1.19617,1.19617,1.03902,1.03902,1.48654,0.862606,1.88028,1.11957,0.812181
2020-09-16,-0.462966,3.82949,2.81566,4.52115,3.85511,2.89099,4.06399,4.70096,3.31048,4.89559,4.91385,3.28685,5.29895,5.00852,2.84637,4.75296,3.61147,2.94846,3.41257,1.12102,1.12102,0.772848,0.772848,1.19872,0.862606,1.68687,1.04496,0.717035
2020-09-17,-0.844796,3.82949,2.81566,4.52115,3.50437,2.62588,3.69471,4.27511,3.00812,4.45246,4.12896,2.76183,4.45254,3.91227,2.22336,3.71265,3.79003,3.11624,3.58789,1.26138,1.26138,1.08463,1.08463,1.30927,0.857958,1.52869,0.878048,0.560092
2020-09-18,-1.12456,3.82949,2.81566,4.52115,3.32147,2.48762,3.50213,4.05303,2.85043,4.22136,4.27203,2.85754,4.60683,3.96564,2.25369,3.7633,3.48616,2.86567,3.30001,1.22717,1.22717,1.02194,1.02194,1.20855,0.857958,1.44616,0.908474,0.567733
2020-09-21,-1.16386,3.82949,2.81566,4.52115,3.29868,2.4704,3.47813,4.02536,2.83079,4.19257,4.67574,3.12758,5.04218,4.80333,2.72976,4.55824,3.7293,3.06161,3.52899,1.4262,1.4262,1.31905,1.31905,1.29167,0.863762,1.43584,0.994325,0.687659
2020-09-22,1.0463,3.82949,2.81566,4.52115,3.30104,2.47218,3.48062,4.02822,2.83282,4.19555,4.83463,3.23385,5.21351,5.158,2.93132,4.89482,3.80745,3.12418,3.60247,1.27044,1.27044,1.31287,1.31287,1.31703,0.863762,1.43688,1.02811,0.738435
2020-09-23,-2.40074,3.82949,2.81566,4.52115,3.15774,2.36387,3.32974,3.85424,2.70929,4.0145,4.72342,3.15947,5.09359,5.23691,2.97616,4.9697,3.49882,2.90053,3.31933,1.37574,1.37574,1.00028,1.00028,1.26542,0.863762,1.3722,1.00446,0.749731
2020-09-24,0.298302,3.82949,2.81566,4.52115,4.07874,3.06003,4.29946,4.9725,3.50328,5.17815,5.51432,3.68849,5.94647,6.61691,3.76042,6.27929,3.87279,3.22464,3.67834,1.553,1.553,1.10738,1.10738,1.45216,0.864429,1.80253,1.17265,0.947297
2020-09-25,1.58504,3.82949,2.81566,4.52115,3.64827,2.73464,3.84621,4.44982,3.13216,4.63426,5.02563,3.36162,5.41949,4.82814,2.74385,4.58179,3.76115,3.13416,3.57305,1.43196,1.43196,1.12322,1.12322,1.41,0.864429,1.60686,1.06873,0.691211
2020-09-28,1.59822,3.82949,2.81566,4.52115,3.70308,2.77607,3.90392,4.51637,3.17942,4.70351,4.81289,3.21932,5.19008,5.46077,3.10338,5.18213,3.7477,3.11454,3.55775,1.35494,1.35494,1.17898,1.17898,1.37557,0.864429,1.63178,1.02349,0.781779
2020-09-29,-0.482427,3.82949,2.81566,4.52115,3.7533,2.81403,3.9568,4.57735,3.22271,4.76697,5.07534,3.39486,5.47309,5.70081,3.2398,5.40993,3.76621,3.10809,3.56877,1.18617,1.18617,0.861555,0.861555,1.33377,0.864429,1.65461,1.0793,0.816145
2020-09-30,0.821983,3.82949,2.81566,4.52115,3.42034,2.56236,3.60623,4.17308,2.93567,4.34628,4.54922,3.04294,4.90574,5.15202,2.92792,4.88914,3.55606,2.9349,3.36971,1.15457,1.15457,1.07384,1.07384,1.27293,0.864429,1.48968,0.967419,0.737578
2020-10-01,0.527894,3.82949,2.81566,4.52115,3.17543,2.37724,3.34837,3.87572,2.72454,4.03685,4.35598,2.91369,4.69736,5.38126,3.0582,5.10669,3.28343,2.72456,3.11577,1.12499,1.12499,1.0779,1.0779,1.20224,0.864429,1.37898,0.926326,0.770397
2020-10-02,-0.96238,3.82949,2.81566,4.52115,2.88667,2.15897,3.04433,3.5251,2.4756,3.67201,4.06104,2.71641,4.3793,5.1315,2.91626,4.86967,3.37833,2.79643,3.20376,1.08017,1.08017,0.88826,0.88826,1.22293,0.863762,1.24895,0.863606,0.734641
2020-10-05,1.78131,3.82949,2.81566,4.52115,2.8689,2.14554,3.02562,3.50353,2.46028,3.64956,4.00874,2.68142,4.3229,5.23402,2.97452,4.96695,3.17929,2.63288,3.01536,1.05199,1.05199,1.10326,1.10326,1.15448,0.864429,1.24043,0.852483,0.749317
2020-10-06,-1.40721,3.82949,2.81566,4.52115,3.24751,2.43172,3.42425,3.96323,2.78667,4.12791,4.45322,2.97873,4.80222,5.72497,3.25353,5.43286,3.28763,2.73718,3.12249,1.19882,1.19882,1.00107,1.00107,1.23025,0.864429,1.41029,0.947005,0.819604
2020-10-07,1.72471,3.82949,2.81566,4.52115,3.40055,2.5474,3.58539,4.14905,2.91861,4.32128,4.45204,2.97794,4.80094,5.90043,3.35324,5.59936,3.40429,2.81086,3.22626,1.3093,1.3093,0.93326,0.93326,1.20116,0.87056,1.4781,0.946754,0.844723
2020-10-08,0.797823,3.82949,2.81566,4.52115,3.58368,2.69061,3.77397,4.38729,3.09651,4.57053,4.88508,3.2676,5.26792,6.41717,3.64691,6.08974,3.5686,2.95219,3.38368,1.42531,1.42531,1.24696,1.24696,1.28698,0.87056,1.5661,1.03884,0.918701
2020-10-09,0.875509,3.82949,2.81566,4.52115,3.30909,2.48265,3.48517,4.05274,2.85826,4.22231,4.58719,3.06834,4.94668,6.17586,3.50977,5.86074,3.36176,2.77391,3.18541,1.32641,1.32641,1.0747,1.0747,1.17897,0.87056,1.44129,0.975494,0.884154
2020-10-12,1.62825,3.82949,2.81566,4.52115,3.09928,2.32376,3.26452,3.79713,2.67623,3.95625,4.439,2.96922,4.78688,6.32451,3.59425,6.0018,2.95352,2.43945,2.7993,1.04347,1.04347,0.947133,0.947133,1.04663,0.87056,1.34437,0.94398,0.905435
2020-10-13,-0.632691,3.82949,2.81566,4.52115,3.30374,2.4786,3.47955,4.04622,2.85362,4.21552,4.67111,3.12448,5.03719,6.7892,3.85834,6.44279,3.07805,2.53676,2.91567,1.08761,1.08761,0.994618,0.994618,1.08044,0.87056,1.43408,0.993341,0.971963
2020-10-14,-0.664517,3.82949,2.81566,4.52115,3.07826,2.30783,3.24241,3.77151,2.65799,3.92958,4.63229,3.09851,4.99532,5.94243,3.37711,5.63923,3.31277,2.73988,3.1409,1.13369,1.13369,1.00079,1.00079,1.18505,0.87056,1.33208,0.985085,0.850737
2020-10-15,-0.152891,3.82949,2.81566,4.52115,2.89804,2.17135,3.05287,3.55194,2.50162,3.70104,4.41574,2.95366,4.7618,5.32128,3.02411,5.04976,3.15693,2.61086,2.99311,1.04831,1.04831,1.37558,1.37558,1.12527,0.87056,1.25098,0.939034,0.76181
2020-10-16,0.0134919,3.82949,2.81566,4.52115,2.61548,1.95735,2.75571,3.20769,2.25647,3.34272,3.61302,2.41673,3.89617,4.43666,2.52138,4.21029,3.18225,2.62832,3.01607,1.00682,1.00682,0.940308,0.940308,1.14494,0.87056,1.12382,0.768331,0.635166
2020-10-19,-1.64647,3.82949,2.81566,4.52115,2.35195,1.75777,2.47855,2.88661,2.02782,3.00852,3.32642,2.22502,3.58711,3.70088,2.10323,3.51205,2.71037,2.22431,2.56455,1.06171,1.06171,0.870664,0.870664,0.930198,0.87056,1.00523,0.707384,0.52983
2020-10-20,0.47162,3.82949,2.81566,4.52115,2.93403,2.1986,3.09072,3.59578,2.53285,3.74668,4.02185,2.69019,4.33704,5.03349,2.86055,4.77666,3.49174,2.9091,3.31695,1.31061,1.31061,1.23157,1.23157,1.30505,0.904389,1.27018,0.855272,0.720609
2020-10-21,-0.21981,3.82949,2.81566,4.52115,2.6671,1.99644,2.80999,3.27057,2.30125,3.40817,3.88996,2.60197,4.19481,4.59717,2.61259,4.3626,3.40921,2.82547,3.23409,1.24219,1.24219,1.20769,1.20769,1.23419,0.904389,1.14979,0.827224,0.658144
2020-10-22,0.520534,3.82949,2.81566,4.52115,2.42361,1.81204,2.55392,2.97392,2.08999,3.0994,3.71682,2.48616,4.0081,4.23275,2.40549,4.01677,3.12634,2.59989,2.9684,1.27134,1.27134,1.18563,1.18563,1.14752,0.904389,1.03998,0.790404,0.605973
2020-10-23,0.343984,3.82949,2.81566,4.52115,2.23589,1.66987,2.35649,2.74521,1.92712,2.86134,3.37319,2.25631,3.63755,4.10428,2.33248,3.89486,2.74518,2.26973,2.60254,1.3021,1.3021,1.01764,1.01764,0.97959,0.904389,0.955314,0.71733,0.58758
2020-10-26,-1.87645,3.82949,2.81566,4.52115,2.03632,1.51873,2.1466,2.50206,1.75397,2.60826,3.07654,2.05788,3.31764,3.82323,2.17276,3.62815,2.64568,2.21134,2.51538,1.36939,1.36939,0.98683,0.98683,1.00541,0.904389,0.865306,0.654245,0.547345
2020-10-27,-0.303022,3.82949,2.81566,4.52115,2.94296,2.20537,3.10012,3.60667,2.56078,3.76422,3.94028,2.63563,4.24908,4.86114,2.76261,4.61311,3.39253,2.84183,3.22732,1.5255,1.5255,1.16877,1.16877,1.32102,0.90991,1.278,0.837925,0.695936
2020-10-28,-3.59255,3.82949,2.81566,4.52115,2.67977,2.00604,2.82331,3.28601,2.33068,3.42991,3.94655,2.63982,4.25584,4.18341,2.37745,3.96995,3.20243,2.71045,3.05484,1.59512,1.59512,1.35941,1.35941,1.31462,0.90991,1.15897,0.839258,0.598909
2020-10-29,1.18765,3.82949,2.84614,4.55101,4.94708,3.72317,5.20785,6.22145,4.3756,6.39908,5.53451,3.7334,6.02055,6.28958,3.59592,6.04092,3.89636,3.20802,3.68986,2.3162,2.3162,1.11034,1.11034,1.31755,0.924295,2.21317,1.17695,0.900435
2020-10-30,-1.22037,3.82949,2.84614,4.55101,4.598,3.4588,4.84073,5.78417,4.06608,5.94951,5.51226,3.71839,5.99634,5.8581,3.34924,5.6265,4.32514,3.64791,4.12197,2.02879,2.02879,1.32909,1.32909,1.79379,0.924295,2.0533,1.17222,0.838663
2020-11-02,1.22429,3.82949,2.84614,4.55101,4.38711,3.29908,4.61893,5.51999,3.87908,5.6779,5.54712,3.74191,6.03427,6.07455,3.47299,5.8344,3.96049,3.30453,3.7637,1.87707,1.87707,1.08501,1.08501,1.49816,0.926976,1.95672,1.17963,0.869651
2020-11-03,1.76427,3.82949,2.84614,4.55101,4.13568,3.10866,4.3545,5.20503,3.65614,5.35409,5.61378,3.78688,6.10679,6.16399,3.52412,5.9203,3.7332,3.13589,3.55401,1.674,1.674,1.34378,1.34378,1.49493,0.926976,1.84157,1.19381,0.882456
2020-11-04,2.18075,3.82949,2.84614,4.55101,4.18078,3.14282,4.40193,5.26153,3.69613,5.41217,6.004,4.05011,6.53127,6.84102,3.9112,6.57056,4.10294,3.48515,3.9176,1.54692,1.54692,1.45537,1.45537,1.73101,0.926976,1.86223,1.27679,0.979381
2020-11-05,1.92733,3.82949,2.84614,4.55101,4.43509,3.34175,4.66398,5.56629,3.96085,5.77203,6.88265,4.64282,7.48709,8.44949,4.83081,8.11545,4.40145,3.70924,4.19379,1.49217,1.49217,1.05214,1.05214,1.76557,0.926976,2.00366,1.46364,1.20965
2020-11-06,-0.0287782,3.82949,2.84614,4.55101,4.50038,3.3913,4.73257,5.64787,4.01931,5.85657,7.16,4.82991,7.78879,8.78441,5.02229,8.43712,4.35846,3.71577,4.16566,1.54042,1.54042,1.27568,1.27568,1.88002,0.926976,2.03394,1.52262,1.2576
2020-11-09,1.1632,3.82949,2.84614,4.55101,4.03734,3.03992,4.24616,5.06932,3.6047,5.257,5.93983,4.00682,6.46147,5.80167,3.31697,5.5723,4.55623,3.85971,4.34728,1.42588,1.42588,1.167,1.167,1.8991,0.926976,1.8192,1.26314,0.830584
2020-11-10,-0.140078,3.82949,2.84614,4.55101,3.82327,2.87747,4.02129,4.80184,3.41303,4.97982,6.11131,4.12249,6.64801,6.50856,3.72112,6.25125,4.35175,3.68738,4.15244,1.77278,1.77278,0.971043,0.971043,1.82233,0.926976,1.71993,1.29961,0.931785
2020-11-11,0.762273,3.82949,2.84614,4.55101,3.44211,2.58821,3.62088,4.32558,3.07173,4.48626,5.84856,3.94525,6.36218,5.24191,2.99694,5.03467,3.95894,3.3312,3.77062,1.70919,1.70919,1.04404,1.04404,1.56785,0.926976,1.54316,1.24373,0.750448
2020-11-12,-1.00287,3.82949,2.84614,4.55101,3.18416,2.39247,3.34991,4.00329,2.84076,4.15226,5.17426,3.49039,5.62866,5.31157,3.03677,5.10157,4.00694,3.35336,3.81087,1.72111,1.72111,0.936001,0.936001,1.5683,0.926976,1.42353,1.10034,0.76042
2020-11-13,1.35185,3.82949,2.84614,4.55101,3.12923,2.35078,3.29221,3.93465,2.79158,4.08113,5.35519,3.61244,5.82548,5.25112,3.00221,5.04352,3.67989,3.04507,3.48944,1.79683,1.79683,1.06691,1.06691,1.30611,0.940175,1.39806,1.13881,0.751766
2020-11-16,1.15807,3.82949,2.84614,4.55101,3.15944,2.3737,3.32394,3.97239,2.81862,4.12024,5.98485,4.03719,6.51044,5.60279,3.20327,5.38129,3.81761,3.22609,3.64016,2.038,2.038,0.942848,0.942848,1.5877,0.940175,1.41206,1.27272,0.802113
2020-11-17,-0.480345,3.82949,2.84614,4.55101,3.08931,2.32048,3.25027,3.88476,2.75582,4.02944,5.89888,3.9792,6.41692,5.92826,3.38935,5.69389,3.54541,3.00386,3.38294,2.01115,2.01115,0.944412,0.944412,1.46051,0.940175,1.37954,1.25443,0.848707
2020-11-18,-1.16312,3.82949,2.84614,4.55101,2.85643,2.14376,3.00564,3.59379,2.54731,3.7279,5.51417,3.71968,5.99842,5.36911,3.06967,5.15685,3.83447,3.20675,3.64615,1.82113,1.82113,0.826518,0.826518,1.47838,0.940175,1.27154,1.17262,0.768658
2020-11-19,0.393868,3.82949,2.84614,4.55101,2.95022,2.21493,3.10416,3.71098,2.63128,3.84934,5.5058,3.71403,5.98932,5.68059,3.24775,5.45601,3.75636,3.19099,3.58675,1.93316,1.93316,1.19108,1.19108,1.58839,0.940726,1.31504,1.17084,0.81325
2020-11-20,-0.681574,3.82949,2.84614,4.55101,2.676,2.00683,2.81609,3.36834,2.38574,3.49426,5.2175,3.51956,5.67571,5.18242,2.96293,4.97753,3.86977,3.26467,3.68824,1.74505,1.74505,1.01756,1.01756,1.56291,0.940726,1.18734,1.10953,0.74193
2020-11-23,0.562012,3.82949,2.84614,4.55101,2.5714,1.92746,2.70621,3.23765,2.29209,3.35882,5.23248,3.52967,5.692,4.93542,2.82171,4.7403,3.64192,3.06592,3.46912,1.85236,1.85236,0.96873,0.96873,1.46324,0.940726,1.11412,1.11272,0.70657
2020-11-24,1.60325,3.82949,2.84614,4.55101,2.37829,1.78091,2.50335,2.99636,2.11917,3.10877,4.67282,3.15214,5.08319,4.88539,2.79311,4.69225,3.65181,3.05275,3.47209,1.83685,1.83685,1.01122,1.01122,1.40697,0.940726,1.02639,0.993705,0.699407
2020-11-25,-0.158567,3.82949,2.84614,4.55101,2.75148,2.06411,2.89538,3.46265,2.45333,3.59199,5.07168,3.42119,5.51707,5.49511,3.1417,5.27786,3.55961,3.00171,3.39224,1.59882,1.59882,0.9085,0.9085,1.4553,0.940726,1.19594,1.07852,0.786696
2020-11-27,0.239411,3.82949,2.84614,4.55101,2.49578,1.87007,2.62677,3.14316,2.22437,3.2609,5.06222,3.41481,5.50679,4.67495,2.6728,4.49013,3.72652,3.14109,3.55089,1.49179,1.49179,0.862821,0.862821,1.49917,0.940726,1.07977,1.07651,0.66928
2020-11-30,-0.460614,3.82949,2.84614,4.55101,2.25751,1.68926,2.37648,2.84545,2.01103,2.95238,4.51784,3.04759,4.9146,4.45521,2.54716,4.27907,3.97146,3.32114,3.77636,1.32823,1.32823,1.01196,1.01196,1.53756,0.940726,0.971523,0.960747,0.637821
2020-12-01,1.12081,3.82949,2.84614,4.55101,2.13858,1.599,2.25155,2.69685,1.90454,2.79839,3.63636,2.45298,3.95571,4.25729,2.43401,4.08898,3.79147,3.21972,3.61995,1.29588,1.29588,0.98289,0.98289,1.5935,0.940726,0.917491,0.773295,0.609486
2020-12-02,0.178955,3.82949,2.84614,4.55101,2.25943,1.69071,2.37849,2.84785,2.01274,2.95486,4.39748,2.9664,4.78367,4.69672,2.68524,4.51103,3.64181,3.06883,3.46992,1.1853,1.1853,1.05761,1.05761,1.45974,0.940726,0.972393,0.935152,0.672396
2020-12-03,-0.0624341,3.82949,2.84614,4.55101,2.04497,1.52797,2.15321,2.57989,1.82072,2.67717,3.89992,2.63076,4.24241,4.22511,2.41561,4.05807,3.26022,2.72081,3.0984,0.961186,0.961186,0.773577,0.773577,1.23506,0.940726,0.874962,0.829342,0.60488
2020-12-04,0.879745,3.82949,2.84614,4.55101,1.86304,1.38979,1.96255,2.35481,1.65706,2.44117,3.51106,2.36845,3.8194,3.88147,2.21914,3.72802,2.97723,2.45695,2.82114,0.922719,0.922719,0.859978,0.859978,1.03606,0.940726,0.790793,0.746649,0.555683
2020-12-07,-0.19375,3.82949,2.84614,4.55101,1.91395,1.4284,2.01604,2.41849,1.70262,2.5071,3.48649,2.35188,3.79268,4.14897,2.37208,3.98494,2.9727,2.46251,2.81964,0.864173,0.864173,1.05114,1.05114,1.07299,0.940726,0.813845,0.741424,0.593979
2020-12-08,0.278326,3.82949,2.84614,4.55101,1.76913,1.31856,1.86387,2.23733,1.57302,2.31955,3.30996,2.23279,3.60064,3.71116,2.12177,3.56444,2.57752,2.13534,2.44487,0.773819,0.773819,0.844274,0.844274,0.921207,0.940726,0.748267,0.703883,0.5313
2020-12-09,-0.798096,3.82949,2.84614,4.55101,1.62427,1.20868,1.71165,2.05612,1.44339,2.13195,2.80149,1.88979,3.04751,3.77973,2.16098,3.6303,2.57819,2.13471,2.44515,0.65461,0.65461,0.949827,0.949827,0.933149,0.940726,0.682671,0.595753,0.541118
2020-12-10,-0.128594,3.82949,2.84614,4.55101,1.79925,1.34141,1.89552,2.27502,1.59998,2.35857,3.20169,2.15976,3.48287,3.77466,2.15808,3.62543,2.26946,1.87817,2.15207,0.702078,0.702078,0.76596,0.76596,0.803781,0.940726,0.76191,0.68086,0.540392
2020-12-11,-0.126579,3.82949,2.84614,4.55101,1.65733,1.23376,1.74639,2.09748,1.47297,2.17477,2.81775,1.90076,3.0652,3.60364,2.0603,3.46117,2.82694,2.36909,2.68959,0.750646,0.750646,1.03052,1.03052,1.11499,0.940726,0.697642,0.599211,0.515908
2020-12-14,-0.43688,3.82949,2.84614,4.55101,1.53442,1.14054,1.61724,1.94373,1.36299,2.01561,2.47601,1.67024,2.69345,3.63442,2.0779,3.49074,2.32534,1.92957,2.20661,0.704322,0.704322,0.880755,0.880755,0.840226,0.940726,0.641988,0.526539,0.520315
2020-12-15,1.28385,3.82949,2.84614,4.55101,1.53067,1.13769,1.6133,1.93903,1.35963,2.01075,2.19743,1.48232,2.39041,3.36954,1.92646,3.23633,2.45227,2.01586,2.32134,0.776072,0.776072,0.778153,0.778153,0.838417,0.940726,0.640289,0.467297,0.482393
2020-12-16,0.177122,3.82949,2.84614,4.55101,1.94694,1.45343,2.05071,2.45977,1.73214,2.54983,3.22996,2.17883,3.51362,3.73186,2.13361,3.58432,2.81566,2.35381,2.6771,0.66255,0.66255,0.94562,0.94562,1.08443,0.940726,0.828786,0.686872,0.534264
2020-12-17,0.574115,3.82949,2.84614,4.55101,1.76934,1.31872,1.86409,2.23759,1.57321,2.31982,2.60479,1.75711,2.83355,3.19078,1.82426,3.06464,2.21404,1.81974,2.09575,0.710548,0.710548,0.852494,0.852494,0.750053,0.940726,0.748362,0.553925,0.456802
2020-12-18,-0.351731,3.82949,2.84614,4.55101,1.70022,1.26629,1.79146,2.15114,1.51136,2.23032,2.65599,1.79165,2.88924,3.54099,2.02448,3.401,2.2489,1.8588,2.13187,0.585054,0.585054,0.848934,0.848934,0.788486,0.940726,0.717066,0.564813,0.506939
2020-12-21,-0.391393,3.82949,2.84614,4.55101,1.63223,1.21472,1.72001,2.06608,1.45051,2.14226,2.49755,1.68477,2.71688,3.25544,1.86122,3.12673,1.98959,1.64323,1.88568,0.675626,0.675626,0.811741,0.811741,0.698029,0.940726,0.686275,0.531119,0.466058
2020-12-22,-0.207524,3.82949,2.84614,4.55101,1.59089,1.18337,1.67658,2.01437,1.41352,2.08873,2.51945,1.69954,2.74071,3.38235,1.93378,3.24863,2.29003,1.89819,2.17248,0.652046,0.652046,0.887937,0.887937,0.829543,0.940726,0.667559,0.535776,0.484228
2020-12-23,0.0745533,3.82949,2.84614,4.55101,1.49572,1.11118,1.57658,1.89532,1.32836,1.96549,2.58185,1.74163,2.80859,3.2676,1.86818,3.13842,2.12915,1.76931,2.0212,0.58109,0.58109,0.857348,0.857348,0.780659,0.940726,0.624464,0.549046,0.4678
2020-12-24,0.353036,3.82949,2.84614,4.55101,1.37303,1.01812,1.44766,1.74183,1.21856,1.8066,2.35949,1.59164,2.5667,3.08809,1.76554,2.966,1.7892,1.46733,1.69264,0.616639,0.616639,0.795734,0.795734,0.599163,0.940726,0.568905,0.50176,0.4421
2020-12-28,0.868469,3.82949,2.84614,4.55101,1.29919,0.962114,1.37007,1.64947,1.15248,1.71097,2.09298,1.41186,2.27678,2.887,1.65058,2.77287,1.93866,1.5673,1.82725,0.604288,0.604288,0.761794,0.761794,0.602212,0.940726,0.535469,0.445085,0.413312
2020-12-29,-0.222987,3.82949,2.84614,4.55101,1.4856,1.1035,1.56594,1.88265,1.31929,1.95237,2.61204,1.762,2.84143,3.14891,1.80031,3.02441,2.29093,1.8605,2.1618,0.500296,0.500296,0.85921,0.85921,0.726097,0.940726,0.619877,0.555467,0.450807
2020-12-30,0.134065,3.82949,2.84614,4.55101,1.41104,1.04695,1.4876,1.78939,1.25257,1.85582,2.55024,1.72031,2.7742,3.07489,1.758,2.95333,1.92757,1.56713,1.81944,0.556724,0.556724,0.925182,0.925182,0.617538,0.940726,0.586118,0.542324,0.440211
2020-12-31,0.641822,3.82949,2.84614,4.55101,1.30014,0.962829,1.37106,1.65065,1.15333,1.71219,2.45752,1.65777,2.67335,3.13818,1.79418,3.01411,1.58001,1.27679,1.48905,0.59841,0.59841,0.939963,0.939963,0.481318,0.940726,0.534806,0.522608,0.449271
2021-01-04,-1.48648,3.82949,2.84614,4.55101,1.35164,1.00189,1.42518,1.71507,1.19941,1.77889,2.44869,1.65181,2.66374,2.98823,1.70845,2.87009,1.66224,1.35774,1.57089,0.562231,0.562231,0.909926,0.909926,0.54364,0.940726,0.557289,0.52073,0.427804
2021-01-05,0.705763,3.82949,2.84614,4.55101,2.19445,1.64042,2.31101,2.76062,1.97963,2.87644,3.39984,2.29343,3.69842,3.80237,2.17392,3.65204,2.30974,1.90343,2.18784,0.754639,0.754639,0.94673,0.94673,0.825272,0.942585,0.939436,0.722998,0.544358
2021-01-06,0.569361,3.82949,2.84614,4.55101,2.10309,1.57112,2.215,2.64671,1.89683,2.75791,3.20838,2.16427,3.49014,3.72273,2.12838,3.57555,2.8056,2.37132,2.67532,0.77768,0.77768,1.06552,1.06552,1.18498,0.942585,0.898064,0.682282,0.532956
2021-01-07,1.47382,3.82949,2.84614,4.55101,1.97942,1.47732,2.08505,2.49251,1.78474,2.59746,3.63848,2.4544,3.95802,3.4915,1.99618,3.35346,2.19389,1.8174,2.08094,0.680847,0.680847,0.871201,0.871201,0.79288,0.942585,0.84206,0.773746,0.499853
2021-01-08,0.547684,3.82949,2.84614,4.55101,2.38533,1.78519,2.51158,2.99861,2.15263,3.12405,4.06497,2.7421,4.42195,4.37526,2.50145,4.20228,2.97868,2.47567,2.82778,0.700901,0.700901,1.01297,1.01297,1.10365,0.942585,1.02587,0.86444,0.626375
2021-01-11,-0.657632,3.82949,2.84614,4.55101,2.2145,1.65562,2.33208,2.78562,1.99781,2.90243,4.10616,2.76988,4.46676,4.01246,2.29403,3.85382,2.84063,2.35308,2.69437,0.642023,0.642023,0.832946,0.832946,1.02073,0.942585,0.948515,0.8732,0.574435
2021-01-12,0.0415693,3.82949,2.84614,4.55101,2.18197,1.63095,2.29789,2.74505,1.96832,2.86021,4.07311,2.74759,4.43082,4.31505,2.46703,4.14445,3.1731,2.62261,3.00796,0.71237,0.71237,0.964796,0.964796,1.12577,0.942585,0.933783,0.866173,0.617755
2021-01-13,0.227307,3.82949,2.84614,4.55101,1.97612,1.47482,2.08158,2.4884,1.78175,2.59315,3.63088,2.44928,3.94975,3.92103,2.24176,3.76602,2.69154,2.23654,2.55504,0.671296,0.671296,1.12935,1.12935,0.995834,0.942585,0.840567,0.77213,0.561347
2021-01-14,-0.376053,3.82949,2.84614,4.55101,1.79984,1.34112,1.89635,2.26861,1.62198,2.36446,2.98443,2.0132,3.24653,3.54163,2.02485,3.40161,3.05475,2.50677,2.89035,0.705345,0.705345,0.778838,0.778838,1.04748,0.942585,0.760742,0.634658,0.50703
2021-01-15,-0.721599,3.82949,2.84614,4.55101,1.72588,1.28503,1.81862,2.17638,1.55495,2.26849,2.71001,1.82809,2.948,3.51072,2.00717,3.37192,2.62679,2.16623,2.48862,0.670636,0.670636,0.808953,0.808953,0.92713,0.942585,0.727248,0.5763,0.502605
2021-01-19,0.810345,3.82949,2.84614,4.55101,1.82986,1.36389,1.92789,2.30603,1.64919,2.40338,3.21559,2.16914,3.49799,3.21185,1.8363,3.08487,2.48774,2.05429,2.3577,0.693242,0.693242,0.759787,0.759787,0.881345,0.942585,0.774336,0.683815,0.459818
2021-01-20,1.38394,3.82949,2.84614,4.55101,1.85137,1.3802,1.95049,2.33284,1.66868,2.43125,2.99217,2.01842,3.25494,3.57836,2.04585,3.43689,2.44449,2.04207,2.32376,0.710791,0.710791,0.903607,0.903607,0.9236,0.942585,0.784073,0.636303,0.512289
2021-01-21,0.0316681,3.82949,2.84614,4.55101,2.23177,1.66872,2.35022,2.80715,2.01346,2.92472,3.51392,2.37038,3.82251,4.2921,2.45391,4.12242,2.97638,2.45168,2.81897,0.730214,0.730214,1.0313,1.0313,1.04578,0.942585,0.956335,0.747257,0.61447
2021-01-22,-0.301515,3.82949,2.84614,4.55101,2.02039,1.5084,2.1281,2.54359,1.82187,2.65046,3.2254,2.17575,3.50865,3.76354,2.15172,3.61475,2.69507,2.22361,2.55364,0.751736,0.751736,0.922759,0.922759,0.943701,0.942585,0.860614,0.685901,0.5388
2021-01-25,0.360931,3.82949,2.84614,4.55101,1.88873,1.40854,1.98975,2.37943,1.70255,2.47962,3.1264,2.10897,3.40097,3.92892,2.24627,3.77359,2.57739,2.14501,2.44768,0.727524,0.727524,1.05619,1.05619,0.956194,0.942585,0.800994,0.664849,0.562476
2021-01-26,-0.148995,3.82949,2.84614,4.55101,1.7428,1.29786,1.8364,2.19748,1.57028,2.29026,2.86685,1.93389,3.11862,3.65425,2.08923,3.50978,2.26154,1.8695,2.14393,0.719384,0.719384,0.897008,0.897008,0.803389,0.942585,0.734909,0.609653,0.523153
2021-01-27,-2.60133,3.82949,2.84614,4.55101,1.61422,1.20034,1.70129,2.03716,1.45375,2.12343,2.78885,1.88127,3.03377,3.30386,1.88891,3.17324,2.08984,1.73179,1.98243,0.700367,0.700367,0.834012,0.834012,0.743156,0.942585,0.676685,0.593067,0.47299
2021-01-28,0.971331,3.82949,2.84614,4.55101,3.42723,2.57542,3.60643,4.36056,3.13544,4.56803,4.46161,3.10427,4.89574,4.52109,2.62165,4.3799,3.20618,2.66596,3.04412,1.11378,1.11378,1.07556,1.07556,1.18418,0.954997,1.52905,0.948788,0.647252
2021-01-29,-1.95004,3.82949,2.84614,4.55101,3.23755,2.43155,3.40711,4.12067,2.96145,4.31681,4.45512,3.09975,4.88862,4.4216,2.56396,4.28352,3.45377,2.93739,3.29886,0.878512,0.878512,1.15772,1.15772,1.49169,0.954997,1.44146,0.947408,0.633009
2021-02-01,1.59243,3.82949,2.84614,4.55101,3.74565,2.81692,3.94103,4.76325,3.42751,4.98899,4.6838,3.25887,5.13956,6.05763,3.51265,5.86846,3.12316,2.62109,2.97254,0.992271,0.992271,0.921051,0.921051,1.19339,0.966429,1.70527,0.99604,0.867228
2021-02-02,1.38025,3.82949,2.84614,4.55101,3.77618,2.84008,3.97311,4.80186,3.45552,5.02912,5.05286,3.51565,5.54453,6.34328,3.67829,6.14519,3.60869,3.03901,3.43779,0.887214,0.887214,1.3066,1.3066,1.49057,0.966429,1.7196,1.07452,0.908123
2021-02-03,0.100824,3.82949,2.84614,4.55101,3.70196,2.78129,3.89685,4.69035,3.38242,4.90836,5.2314,3.63987,5.74044,6.63979,3.85023,6.43244,3.24036,2.71201,3.08185,0.843815,0.843815,0.719667,0.719667,1.2181,0.966429,1.68182,1.11249,0.950572
2021-02-04,1.07949,3.82949,2.84614,4.55101,3.32128,2.49278,3.49667,4.21073,3.03373,4.40655,4.06839,2.83068,4.46426,4.54727,2.63684,4.40527,3.03518,2.50785,2.87698,0.783516,0.783516,0.824989,0.824989,1.06561,0.966429,1.50336,0.865168,0.651
2021-02-05,0.388992,3.82949,2.84614,4.55101,3.18909,2.39259,3.3577,4.04419,2.91264,4.23197,4.12592,2.87071,4.52739,4.92812,2.85768,4.77422,3.14629,2.63013,2.99144,0.719093,0.719093,0.870316,0.870316,1.1929,0.966429,1.44139,0.877403,0.705524
2021-02-08,0.73721,3.82949,2.84614,4.55101,2.88478,2.16194,3.03779,3.66078,2.6339,3.8307,3.70446,2.57747,4.06492,4.3074,2.49774,4.17289,3.00874,2.46861,2.8467,0.719493,0.719493,0.887855,0.887855,1.01915,0.966429,1.29872,0.787776,0.61666
2021-02-09,-0.111414,3.82949,2.84614,4.55101,2.69689,2.01954,2.84028,3.42406,2.4618,3.58265,3.5452,2.46666,3.89016,4.75467,2.75711,4.60619,2.78788,2.29192,2.63909,0.662945,0.662945,0.985581,0.985581,0.956005,0.966429,1.21064,0.753909,0.680693
2021-02-10,-0.0345245,3.82949,2.84614,4.55101,2.44169,1.82612,2.572,3.10254,2.22804,3.24595,3.25427,2.26423,3.57092,4.06701,2.35835,3.94001,2.4809,2.04383,2.34978,0.697349,0.697349,0.687173,0.687173,0.857433,0.966429,1.091,0.69204,0.582245
2021-02-11,0.166107,3.82949,2.84614,4.55101,2.20941,1.65007,2.32781,2.80988,2.01527,2.93953,2.7411,1.90718,3.00782,3.39114,1.96643,3.28524,2.20361,1.81915,2.08828,0.677713,0.677713,1.00986,1.00986,0.764723,0.966429,0.982106,0.582911,0.485486
2021-02-12,0.469997,3.82949,2.84614,4.55101,2.00055,1.49178,2.10825,2.54675,1.82397,2.66382,2.36198,1.64341,2.59182,3.14902,1.82603,3.05068,2.0374,1.64664,1.92017,0.610623,0.610623,0.840702,0.840702,0.621261,0.966429,0.884195,0.50229,0.450823
2021-02-16,-0.0569437,3.82949,2.84614,4.55101,1.86373,1.38808,1.96442,2.37436,1.69864,2.48282,2.42328,1.68606,2.65908,3.60884,2.09267,3.49615,1.61895,1.30311,1.5242,0.612471,0.612471,0.629312,0.629312,0.474192,0.966429,0.820051,0.515326,0.516653
2021-02-17,-0.0320451,3.82949,2.84614,4.55101,1.70522,1.26794,1.79778,2.17466,1.55345,2.27327,1.94904,1.35609,2.13869,2.69353,1.5619,2.60941,1.57254,1.26868,1.48138,0.589948,0.589948,0.672994,0.672994,0.466546,0.966429,0.745741,0.414475,0.385613
2021-02-18,-0.442561,3.82949,2.84614,4.55101,1.56459,1.16136,1.64995,1.99748,1.42464,2.08722,1.6685,1.1609,1.83086,2.11989,1.22926,2.05369,1.52654,1.23852,1.44013,0.569616,0.569616,0.587165,0.587165,0.470982,0.966429,0.679813,0.354818,0.303489
2021-02-19,-0.185662,3.82949,2.84614,4.55101,1.56173,1.15919,1.64694,1.99387,1.41722,2.08237,1.6507,1.14852,1.81132,2.23547,1.29629,2.16566,1.48902,1.21329,1.4063,0.621881,0.621881,0.73911,0.73911,0.473125,0.966429,0.678471,0.351032,0.320036
2021-02-22,-0.77629,3.82949,2.84614,4.55101,1.46883,1.08878,1.54928,1.87683,1.33173,1.96038,1.59791,1.11179,1.7534,2.35239,1.36408,2.27893,1.45292,1.18603,1.37285,0.595491,0.595491,0.912469,0.912469,0.473225,0.966429,0.634921,0.339806,0.336775
2021-02-23,0.125553,3.82949,2.84614,4.55101,1.67872,1.24786,1.76992,2.14127,1.50735,2.23598,1.90472,1.32525,2.09006,2.84889,1.65199,2.75992,1.86091,1.53844,1.76417,0.686691,0.686691,0.79103,0.79103,0.65675,0.966429,0.746738,0.40505,0.407855
2021-02-24,1.12877,3.82949,2.84614,4.55101,1.53444,1.13851,1.61825,1.9595,1.37697,2.04653,1.81539,1.2631,1.99203,2.62483,1.52206,2.54286,1.62676,1.33799,1.54013,0.581643,0.581643,0.827759,0.827759,0.554983,0.966429,0.678013,0.386053,0.375778
2021-02-25,-2.47834,3.82949,2.84614,4.55101,1.83,1.36252,1.92896,2.33187,1.64408,2.43464,1.98487,1.38102,2.17801,3.07415,1.78262,2.97815,1.93023,1.59193,1.82874,0.591271,0.591271,0.806031,0.806031,0.675452,0.966429,0.818803,0.422096,0.440105
2021-02-26,-0.476154,3.82949,2.84614,4.55101,3.39926,2.55187,3.57864,4.54379,3.10515,4.55402,3.55724,2.34216,3.74102,4.15928,2.44315,4.0659,2.14811,1.69132,2.01107,0.900842,0.900842,0.711028,0.711028,0.507033,1.00414,1.5774,0.710795,0.595455
2021-03-01,2.35122,3.82949,2.84614,4.55101,3.12393,2.3432,3.2892,4.17843,2.85296,4.18785,3.01167,1.98295,3.16726,3.6792,2.16115,3.5966,2.68824,2.21647,2.54671,0.773235,0.773235,1.24431,1.24431,0.955402,1.00414,1.44537,0.601781,0.526725
2021-03-02,-0.81137,3.82949,2.84614,4.55101,3.82439,2.87408,4.02556,5.10793,3.49456,5.11939,4.4486,2.92905,4.67843,5.13447,3.01596,5.01919,3.48498,2.82627,3.28737,0.687772,0.687772,1.19265,1.19265,1.11286,1.00414,1.78125,0.888904,0.735065
2021-03-03,-1.31523,3.82949,2.84614,4.55101,3.58836,2.6952,3.77743,4.79473,3.27837,4.80549,4.25585,2.80214,4.47572,4.87897,2.86589,4.76943,3.27644,2.64608,3.08733,0.820316,0.820316,1.04644,1.04644,1.01544,1.00414,1.66807,0.850389,0.698488
2021-03-04,-1.3508,3.82949,2.84614,4.55101,3.64101,2.73664,3.83177,4.85529,3.33306,4.85157,4.47947,2.94937,4.71089,5.22904,3.07152,5.11164,4.00101,3.26613,3.78055,0.823492,0.823492,1.18079,1.18079,1.34555,1.01944,1.70294,0.895071,0.748605
2021-03-05,1.93083,3.82949,2.84614,4.55101,3.67349,2.76127,3.8659,4.89831,3.36287,4.89456,5.19452,3.42018,5.46288,5.41362,3.17994,5.29208,3.77514,3.07977,3.56653,0.858619,0.858619,1.41176,1.41176,1.25814,1.05432,1.71859,1.03795,0.77503
2021-03-08,-0.537363,3.82949,2.84614,4.55101,3.92826,2.95445,4.13368,5.2358,3.59667,5.23178,6.05491,3.98668,6.36773,6.40915,3.76471,6.26526,3.66263,3.00336,3.46485,0.809081,0.809081,1.83944,1.83944,1.26475,1.05432,1.84136,1.20987,0.917553
2021-03-09,1.40554,3.82949,2.84614,4.55101,3.58358,2.69311,3.77142,4.77922,3.28037,4.77554,5.1087,3.36368,5.37263,4.83176,2.83816,4.72328,3.47735,2.81794,3.27953,0.821018,0.821018,0.931704,0.931704,1.10415,1.05432,1.66591,1.0208,0.691729
2021-03-10,0.601223,3.82949,2.84614,4.55101,3.5513,2.66863,3.73749,4.73646,3.25075,4.73279,5.21678,3.43484,5.4863,5.15842,3.03003,5.04261,3.69418,3.0129,3.4898,0.839155,0.839155,1.22898,1.22898,1.23582,1.05432,1.62622,1.0424,0.738495
2021-03-11,1.03418,3.82949,2.84614,4.55101,3.22542,2.42153,3.39498,4.30478,2.95169,4.30142,4.87745,3.21141,5.12943,4.64606,2.72908,4.54176,3.2623,2.65972,3.08153,0.888867,0.888867,1.08641,1.08641,1.06118,1.05432,1.47218,0.974594,0.665144
2021-03-12,0.101488,3.82949,2.84614,4.55101,3.08627,2.31604,3.24875,4.12047,2.824,4.11725,5.07767,3.3196,5.32073,4.69923,2.72495,4.58896,3.31886,2.7097,3.13611,0.940474,0.940474,1.17945,1.17945,1.10129,1.01944,1.40641,1.0146,0.672755
2021-03-15,0.647093,3.82949,2.84614,4.55101,2.76042,2.06897,2.90627,3.68883,2.52498,3.68592,4.08944,2.67353,4.28519,4.24084,2.45915,4.14133,2.70297,2.19891,2.55176,1.18717,1.18717,1.05845,1.05845,0.87351,1.01944,1.25238,0.817137,0.607132
2021-03-16,-0.15709,3.82949,2.84614,4.55101,2.5559,1.91389,2.69132,3.41792,2.33729,3.41518,3.79742,2.48262,3.9792,3.97634,2.30577,3.88303,2.72673,2.22584,2.57646,1.07048,1.07048,0.930012,0.930012,0.900785,1.01944,1.15571,0.758788,0.569264
2021-03-17,0.287523,3.82949,2.84614,4.55101,2.3136,1.73018,2.43666,3.09695,2.11494,3.09443,3.23467,2.11471,3.38951,3.60531,2.09062,3.52071,2.403,1.9646,2.27148,1.03899,1.03899,0.904445,0.904445,0.801365,1.01944,1.04118,0.64634,0.516147
2021-03-18,-1.48705,3.82949,2.84614,4.55101,2.09321,1.56307,2.20503,2.80502,1.91269,2.80269,3.01823,1.97321,3.16271,3.25093,1.88513,3.17465,1.83993,1.48549,1.7336,0.818374,0.818374,0.844382,0.844382,0.561251,1.01944,0.937002,0.603092,0.465413
2021-03-19,-0.0602895,3.82949,2.84614,4.55101,2.65096,1.98597,2.79123,3.54384,2.42453,3.54086,4.07472,2.66391,4.26977,3.94348,2.28672,3.85095,3.26112,2.66303,3.08169,0.952415,0.952415,0.837833,0.837833,1.09755,1.05432,1.22588,0.814197,0.564561
2021-03-22,0.700056,3.82949,2.84614,4.55101,2.38479,1.78416,2.51149,3.19126,2.18027,3.1885,3.9021,2.55106,4.08889,3.2841,1.90436,3.20704,2.84722,2.29804,2.68247,0.942335,0.942335,0.987709,0.987709,0.878312,1.05432,1.09762,0.779704,0.470162
2021-03-23,-0.766013,3.82949,2.84614,4.55101,2.25646,1.68685,2.37661,3.02126,2.0625,3.01856,3.57439,2.33681,3.74549,3.42435,1.98569,3.344,3.08102,2.48247,2.90145,0.793891,0.793891,0.947599,0.947599,0.945621,1.05432,1.03578,0.714222,0.490241
2021-03-24,-0.548233,3.82949,2.84614,4.55101,2.27034,1.69738,2.3912,3.03966,2.07525,3.03683,4.16365,2.72205,4.36296,3.73379,2.16512,3.64618,3.37231,2.70014,3.17066,0.910307,0.910307,0.983797,0.983797,0.996626,1.05432,1.02073,0.831967,0.534541
2021-03-25,0.522658,3.82949,2.84614,4.55101,2.17983,1.62875,2.29607,2.91976,1.99218,2.9169,3.88638,2.54078,4.07241,3.62329,2.10104,3.53826,3.8127,3.04805,3.58331,1.11789,1.11789,0.973394,0.973394,1.12447,1.05432,0.977946,0.776562,0.51872
2021-03-26,1.64944,3.82949,2.84614,4.55101,2.02598,1.5121,2.13438,2.71597,1.851,2.71314,3.81207,2.4922,3.99455,3.45436,2.00309,3.3733,3.42012,2.75199,3.21968,0.961034,0.961034,0.941503,0.941503,1.05261,1.05432,0.905225,0.761715,0.494536
2021-03-29,-0.0868377,3.82949,2.84614,4.55101,2.57843,1.93098,2.715,3.44776,2.35797,3.44396,4.47292,2.92424,4.68703,3.85023,2.23264,3.75988,3.36034,2.71617,3.16709,0.962389,0.962389,1.01679,1.01679,1.06804,1.05432,1.16636,0.893763,0.551211
2021-03-30,-0.316284,3.82949,2.84614,4.55101,2.32402,1.73808,2.44762,3.11076,2.1245,3.10703,4.23568,2.76914,4.43843,3.10857,1.80257,3.03562,3.44592,2.80138,3.25256,1.0267,1.0267,0.82353,0.82353,1.14136,1.05432,1.0461,0.846358,0.445032
2021-03-31,0.361597,3.82949,2.84614,4.55101,2.14661,1.60356,2.26116,2.87576,1.9617,2.87196,3.83331,2.50608,4.01681,2.98654,1.73182,2.91646,3.78574,3.06459,3.56939,1.18995,1.18995,1.08542,1.08542,1.20643,1.05432,0.962244,0.765959,0.427563
2021-04-01,1.17558,3.82949,2.84614,4.55101,1.95044,1.45577,2.05334,2.6185,1.78617,2.61835,3.06118,2.00129,3.20771,3.08904,1.79125,3.01655,3.64133,2.93622,3.4298,1.35068,1.35068,1.2326,1.2326,1.14063,1.05432,0.878257,0.611674,0.442236
2021-04-05,1.4335,3.82949,2.84614,4.55101,2.1602,1.61506,2.27359,2.8964,1.97916,2.89572,3.95087,2.58294,4.13999,3.51367,2.03748,3.43122,3.7353,3.00536,3.51632,1.4697,1.4697,1.09352,1.09352,1.14751,1.05432,0.978639,0.789449,0.503027
2021-04-06,-0.0974012,3.82949,2.84614,4.55101,2.48984,1.8654,2.61974,3.33315,2.28248,3.3317,4.48565,2.93256,4.70037,3.92451,2.27572,3.83242,3.64627,2.93831,3.43388,1.2085,1.2085,1.04136,1.04136,1.1502,1.05432,1.1364,0.896306,0.561845
2021-04-07,0.147417,3.82949,2.84614,4.55101,2.24778,1.68157,2.36556,3.01245,2.05975,3.01058,4.4313,2.89703,4.64342,3.49886,2.0289,3.41676,3.14208,2.52078,2.95569,1.13428,1.13428,0.96588,0.96588,0.963227,1.05432,1.02056,0.885446,0.500908
2021-04-08,0.421173,3.82949,2.84614,4.55101,2.0238,1.51147,2.13037,2.71569,1.85366,2.71335,3.38809,2.21501,3.55027,3.17241,1.83959,3.09797,3.17218,2.54671,2.98454,1.10735,1.10735,1.01253,1.01253,0.968144,1.05432,0.913363,0.676996,0.454172
2021-04-09,0.769029,3.82949,2.84614,4.55101,1.86422,1.39028,1.9628,2.50426,1.70683,2.50106,3.26455,2.13424,3.42081,3.02394,1.7535,2.95298,3.1496,2.52597,2.96251,0.780917,0.780917,0.92015,0.92015,0.932128,1.05432,0.836992,0.65231,0.432916
2021-04-12,-0.0196105,3.82949,2.84614,4.55101,1.85662,1.38451,1.95482,2.4942,1.69984,2.48967,3.26609,2.13526,3.42244,3.15865,1.83161,3.08453,2.92334,2.36203,2.75495,0.676238,0.676238,0.912561,0.912561,0.914966,1.05432,0.833356,0.65262,0.452202
2021-04-13,0.328907,3.82949,2.84614,4.55101,1.68863,1.25694,1.77843,2.27163,1.54527,2.26632,3.08743,2.01845,3.23522,3.0076,1.74402,2.93702,3.04079,2.42818,2.85701,0.685636,0.685636,0.762702,0.762702,0.870895,1.05432,0.752963,0.61692,0.430577
2021-04-14,-0.409608,3.82949,2.84614,4.55101,1.55842,1.15805,1.6417,2.09911,1.42546,2.09258,2.96679,1.93958,3.10881,2.79526,1.62089,2.72966,2.85195,2.25224,2.67204,0.687779,0.687779,0.81012,0.81012,0.754615,1.05432,0.690646,0.592814,0.400177
2021-04-15,1.10331,3.82949,2.84614,4.55101,1.54423,1.14728,1.6268,2.08032,1.41241,2.07293,2.88609,1.88682,3.02424,2.90695,1.68566,2.83874,2.97484,2.37144,2.79382,0.701248,0.701248,0.77549,0.77549,0.848163,1.05432,0.683857,0.576688,0.416168
2021-04-16,0.360233,3.82949,2.84614,4.55101,1.82553,1.3609,1.92218,2.45301,1.67123,2.44177,3.32892,2.17633,3.48827,3.10422,1.80005,3.03137,3.20022,2.54923,3.00492,0.816699,0.816699,0.778585,0.778585,0.908792,1.05432,0.818477,0.665173,0.444409
2021-04-19,-0.532068,3.82949,2.84614,4.55101,1.6815,1.25152,1.77094,2.26218,1.53871,2.2485,3.14084,2.05337,3.29119,2.94962,1.71041,2.88041,2.73544,2.18761,2.57109,0.849072,0.849072,0.834944,0.834944,0.793011,1.05432,0.749549,0.627592,0.422277
2021-04-20,-0.682558,3.82949,2.84614,4.55101,1.69999,1.26556,1.79035,2.28667,1.55572,2.26899,3.0674,2.00536,3.21423,2.78083,1.61252,2.71557,2.66271,2.12732,2.5021,0.927154,0.927154,0.979706,0.979706,0.773685,1.05432,0.758396,0.612918,0.398111
2021-04-21,0.926303,3.82949,2.84614,4.55101,1.79704,1.33927,1.89226,2.41526,1.64502,2.39226,3.18968,2.0853,3.34236,2.84815,1.65156,2.78131,3.09069,2.48195,2.90806,1.1873,1.1873,1.15413,1.15413,0.944341,1.05432,0.804843,0.63735,0.407749
2021-04-22,-0.925333,3.82949,2.84614,4.55101,1.88907,1.40916,1.9889,2.5372,1.7297,2.50772,3.76544,2.46171,3.94568,3.28369,1.90412,3.20664,2.88454,2.33208,2.7188,0.982397,0.982397,1.1144,1.1144,0.917469,1.05432,0.848888,0.752397,0.470103
2021-04-23,1.08694,3.82949,2.84614,4.55101,2.09007,1.5618,2.19995,2.77272,1.91464,2.76462,3.78282,2.47308,3.9639,3.56736,2.06862,3.48365,3.00833,2.40843,2.82836,1.23369,1.23369,1.04118,1.04118,0.89264,1.05432,0.960936,0.75587,0.510714
2021-04-26,0.178069,3.82949,2.84614,4.55101,2.20589,1.64976,2.32157,2.7959,2.02121,2.90903,4.19741,2.74412,4.39833,3.74658,2.17254,3.65866,2.76581,2.22399,2.60327,1.41111,1.41111,1.06743,1.06743,0.845112,1.05432,1.0172,0.838712,0.536371
2021-04-27,-0.0214918,3.82949,2.84614,4.55101,1.98839,1.48458,2.09318,2.52289,1.82108,2.61856,3.45378,2.25796,3.6191,3.54019,2.05286,3.45712,2.70988,2.17792,2.55029,1.56903,1.56903,0.845061,0.845061,0.81418,1.05432,0.91154,0.690121,0.506825
2021-04-28,-0.0845888,3.82949,2.84614,4.55101,1.80298,1.34378,1.8985,2.29016,1.65048,2.37134,3.10885,2.03246,3.25767,3.07953,1.78573,3.00726,3.07131,2.46842,2.89045,1.63537,1.63537,0.977475,0.977475,0.931704,1.05432,0.82147,0.6212,0.440874
2021-04-29,0.674003,3.82949,2.84614,4.55101,1.65066,1.2281,1.73856,2.09896,1.51033,2.16779,2.59854,1.69883,2.72293,2.86241,1.65984,2.79525,2.58348,2.08085,2.43269,1.28016,1.28016,1.05565,1.05565,0.7846,1.05432,0.747475,0.519231,0.409792
2021-04-30,-0.722072,3.82949,2.84614,4.55101,1.6452,1.22374,1.73232,2.09019,1.47396,2.15432,2.76663,1.80872,2.89906,2.89271,1.6774,2.82483,2.50602,2.0259,2.36199,1.20895,1.20895,0.913325,0.913325,0.780173,1.05432,0.741479,0.552818,0.414129
2021-05-03,0.274434,3.82949,2.84614,4.55101,1.77983,1.32606,1.87364,2.25894,1.59546,2.32799,2.91986,1.9089,3.05963,3.11078,1.80385,3.03778,2.51611,2.04716,2.37542,1.29112,1.29112,1.03977,1.03977,0.813561,1.05432,0.806816,0.583437,0.445348
2021-05-04,-0.670074,3.82949,2.84614,4.55101,1.63107,1.213,1.71749,2.07248,1.4612,2.13609,2.7487,1.79701,2.88028,3.16081,1.83287,3.08664,2.42279,1.97163,2.28744,1.31141,1.31141,0.98469,0.98469,0.787534,1.05432,0.734622,0.549236,0.452511
2021-05-05,0.0703195,3.82949,2.84614,4.55101,1.73798,1.29424,1.8297,2.20647,1.55768,2.27399,2.79398,1.8266,2.92772,3.11863,1.80841,3.04544,2.5525,2.06938,2.40756,1.33024,1.33024,0.829855,0.829855,0.807348,1.05432,0.786502,0.558283,0.446472
2021-05-06,0.813231,3.82949,2.84614,4.55101,1.58458,1.17767,1.6687,2.01421,1.41925,2.07612,2.49525,1.6313,2.61469,2.91938,1.69287,2.85087,2.32313,1.87722,2.18936,1.27207,1.27207,0.972198,0.972198,0.711964,1.05432,0.712061,0.498592,0.417947
2021-05-07,0.73463,3.82949,2.84614,4.55101,1.65809,1.23354,1.74585,2.10634,1.48559,2.17094,2.60248,1.70141,2.72706,2.93584,1.70241,2.86694,2.27765,1.86031,2.15244,1.08507,1.08507,0.866076,0.866076,0.740888,1.05432,0.747735,0.520018,0.420303
2021-05-10,-1.04905,3.82949,2.84614,4.55101,1.67413,1.24573,1.76269,2.12645,1.50007,2.19164,2.67182,1.80232,2.86252,3.02652,1.74143,2.90451,2.19123,1.76591,2.06364,0.989748,0.989748,0.936108,0.936108,0.641232,1.01944,0.741645,0.568178,0.436061
2021-05-11,-0.871176,3.82949,2.84614,4.55101,2.02603,1.51316,2.13205,2.56753,1.81764,2.64557,2.94777,1.98847,3.15817,2.99729,1.72461,2.87645,2.7551,2.22266,2.59536,1.1028,1.1028,0.979703,0.979703,0.843561,1.04954,0.926296,0.62686,0.431849
2021-05-12,-2.16828,3.82949,2.84614,4.55101,2.15466,1.61091,2.26706,2.72876,1.93373,2.8115,2.99844,2.02265,3.21246,3.25427,1.87247,3.12307,2.79518,2.26833,2.63713,1.08738,1.08738,1.01343,1.01343,0.903132,1.04954,0.98872,0.637637,0.468875
2021-05-13,1.20997,3.82949,2.84614,4.55101,3.27904,2.4654,3.44723,4.13809,2.98755,4.2744,4.19884,2.92144,4.50315,3.9921,2.32974,3.8444,5.23778,4.16149,4.91489,1.41845,1.41845,1.26649,1.26649,1.49379,1.05432,1.54309,0.892909,0.575182
2021-05-14,1.48078,3.82949,2.84614,4.55101,3.20363,2.40809,3.36808,4.04357,2.91862,4.17685,4.15783,2.89291,4.45917,4.01105,2.3408,3.86265,3.90625,3.14796,3.67876,1.32633,1.32633,1.24972,1.24972,1.23191,1.05432,1.5063,0.884187,0.577913
2021-05-17,-0.253327,3.82949,2.84614,4.55101,3.2829,2.46833,3.45129,4.14293,2.99108,4.2794,4.79375,3.33537,5.14118,4.47644,2.6124,4.31082,3.93738,3.16617,3.70602,1.2857,1.2857,0.95564,0.95564,1.21247,1.05432,1.54498,1.01942,0.644966
2021-05-18,-0.855376,3.82949,2.84614,4.55101,2.97192,2.232,3.12487,3.75314,2.70684,3.8771,3.62165,2.51985,3.88413,3.81135,2.22426,3.67034,3.48354,2.83704,3.28959,1.43472,1.43472,0.87768,0.87768,1.14848,1.05432,1.39326,0.770166,0.54914
2021-05-19,-0.294775,3.82949,2.84614,4.55101,2.89231,2.1715,3.04131,3.65335,2.63408,3.77411,3.50533,2.43892,3.75938,3.80136,2.21843,3.66072,3.46331,2.85195,3.27991,1.53898,1.53898,0.989051,0.989051,1.22058,1.05432,1.35442,0.74543,0.547701
2021-05-20,1.04994,3.82949,2.84614,4.55101,2.63859,1.97868,2.775,3.33533,2.40218,3.44588,3.23847,2.25324,3.47318,3.43558,2.00496,3.30847,3.26764,2.65864,3.08494,1.58773,1.58773,1.25155,1.25155,1.06887,1.05432,1.23064,0.688681,0.494999
2021-05-21,-0.0784175,3.82949,2.84614,4.55101,2.60958,1.95663,2.74455,3.29896,2.37566,3.40835,3.38515,2.3553,3.63049,4.04533,2.3608,3.89566,3.31846,2.72058,3.1391,1.54593,1.54593,1.39964,1.39964,1.14219,1.05432,1.21648,0.719873,0.582852
2021-05-24,0.986249,3.82949,2.84614,4.55101,2.35731,1.76492,2.47977,2.98277,2.14508,3.082,3.12471,2.17409,3.35117,3.68641,2.15134,3.55002,3.00395,2.45544,2.8394,1.5394,1.5394,1.10593,1.10593,1.01098,1.05432,1.09341,0.664489,0.531138
2021-05-25,-0.212754,3.82949,2.84614,4.55101,2.35313,1.76174,2.47538,2.97753,2.14126,3.07659,3.20032,2.2267,3.43227,3.84726,2.24521,3.70492,2.89963,2.36002,2.73774,1.54724,1.54724,1.12555,1.12555,0.946051,1.05432,1.08504,0.680569,0.554314
2021-05-26,0.187505,3.82949,2.84614,4.55101,2.15406,1.61046,2.26644,2.72801,1.95932,2.81907,2.95632,2.05693,3.17058,3.59852,2.10005,3.46538,2.99461,2.43358,2.8263,1.44785,1.44785,1.00245,1.00245,0.977042,1.05432,0.98843,0.628679,0.518475
2021-05-27,0.116465,3.82949,2.84614,4.55101,1.94895,1.45458,2.05115,2.47092,1.77184,2.55372,2.65553,1.84765,2.848,3.2898,1.91989,3.16808,2.54276,2.07067,2.40113,1.13295,1.13295,0.907146,0.907146,0.821667,1.05432,0.888889,0.564716,0.473995
2021-05-28,0.0768591,3.82949,2.84614,4.55101,1.73405,1.3011,1.81809,2.20677,1.58746,2.28029,2.39287,1.66489,2.56629,2.91014,1.69832,2.80247,2.24725,1.82348,2.12012,1.16351,1.16351,0.953281,0.953281,0.698767,1.05432,0.786247,0.508858,0.419293
2021-06-01,-0.0492473,3.82949,2.84614,4.55101,1.57514,1.17949,1.65193,2.00711,1.44118,2.0743,2.10973,1.4679,2.26263,2.80398,1.63637,2.70023,1.94354,1.57612,1.83331,1.05068,1.05068,1.08005,1.08005,0.594652,1.05432,0.709003,0.448647,0.403997
2021-06-02,0.144589,3.82949,2.84614,4.55101,1.44975,1.08354,1.52083,1.84959,1.32575,1.91177,1.85511,1.29074,1.98956,2.60423,1.51979,2.50787,1.84539,1.49386,1.73993,1.09354,1.09354,1.0141,1.0141,0.550899,1.05432,0.648055,0.394501,0.375217
2021-06-03,-0.36353,3.82949,2.84614,4.55101,1.33133,0.992922,1.39702,1.70082,1.21675,1.75828,1.79603,1.24963,1.9262,2.5936,1.51359,2.49764,1.65023,1.32422,1.55243,1.10106,1.10106,0.934588,0.934588,0.467231,1.05432,0.590498,0.381936,0.373686
2021-06-04,0.879529,3.82949,2.84614,4.55101,1.34549,1.00376,1.41183,1.71861,1.22979,1.77662,1.8714,1.30207,2.00703,2.67407,1.56056,2.57514,1.87476,1.51534,1.76693,1.08281,1.08281,0.921417,0.921417,0.566174,1.05432,0.597381,0.397966,0.385281
2021-06-07,-0.0797052,3.82949,2.84614,4.55101,1.52685,1.14254,1.60144,1.94645,1.39673,2.01168,2.28363,1.58889,2.44913,2.90139,1.69321,2.79404,2.12958,1.72064,2.0069,1.18553,1.18553,0.954437,0.954437,0.64749,1.05432,0.685345,0.485627,0.418033
2021-06-08,0.0175022,3.82949,2.84614,4.55101,1.41372,1.05597,1.48317,1.80433,1.2926,1.86504,1.96375,1.36632,2.10607,2.74953,1.60459,2.6478,2.15913,1.74807,2.03581,1.23821,1.23821,0.856797,0.856797,0.662324,1.05432,0.625876,0.417603,0.396153
2021-06-09,-0.182554,3.82949,2.84614,4.55101,1.30442,0.972328,1.36888,1.66701,1.19198,1.72335,1.89827,1.32076,2.03584,2.49269,1.4547,2.40047,2.18692,1.74271,2.05366,1.17734,1.17734,0.964492,0.964492,0.602659,1.05432,0.566653,0.403678,0.359147
2021-06-10,0.464146,3.82949,2.84614,4.55101,1.25325,0.933173,1.31538,1.60273,1.14488,1.65702,1.67389,1.16465,1.7952,2.68761,1.56845,2.58817,2.0563,1.65156,1.93488,1.29261,1.29261,1.0382,1.0382,0.593412,1.05432,0.542172,0.355962,0.387231
2021-06-11,0.194652,3.82949,2.84614,4.55101,1.23293,0.917619,1.29413,1.57719,1.12617,1.63066,1.80949,1.25899,1.94063,2.76868,1.61577,2.66624,1.95027,1.5636,1.83427,1.29158,1.29158,1.0875,1.0875,0.555109,1.05432,0.532447,0.384798,0.398912
2021-06-14,0.181357,3.82949,2.84614,4.55101,1.15104,0.854953,1.20851,1.47431,1.05079,1.52449,1.60602,1.11743,1.72242,2.73357,1.59528,2.63243,1.82189,1.42945,1.70416,1.59635,1.59635,0.830269,0.830269,0.442626,1.05432,0.493265,0.34153,0.393853
2021-06-15,-0.201373,3.82949,2.84614,4.55101,1.08132,0.801606,1.13562,1.38673,0.986617,1.4341,1.65019,1.14816,1.76979,2.75693,1.60891,2.65493,1.68739,1.2927,1.56899,1.51579,1.51579,0.841558,0.841558,0.339906,1.05432,0.45991,0.350923,0.397219
2021-06-16,-0.540469,3.82949,2.84614,4.55101,1.08032,0.800834,1.13457,1.38546,0.985689,1.43275,1.76435,1.22759,1.89222,2.49936,1.45859,2.40689,1.86302,1.41953,1.72997,1.89573,1.89573,0.926266,0.926266,0.335113,1.05432,0.459428,0.3752,0.360108
2021-06-17,-0.0435803,3.82949,2.84614,4.55101,1.26264,0.940352,1.32519,1.61451,1.15352,1.66899,1.73392,1.20642,1.85959,2.63088,1.53535,2.53355,3.66291,2.85376,3.42017,2.16159,2.16159,1.0754,1.0754,0.684559,1.05432,0.548793,0.368729,0.379058
2021-06-18,-1.32114,3.82949,2.84614,4.55101,1.18518,0.881082,1.24421,1.51721,1.08222,1.56857,1.68453,1.13633,1.80631,2.50459,1.46164,2.41192,2.77018,2.15634,2.58603,1.90167,1.90167,0.990021,0.990021,0.62506,1.05432,0.509602,0.358226,0.360861
2021-06-21,1.39052,3.82949,2.84614,4.55101,1.99397,1.49999,2.08985,2.5333,1.82945,2.63209,2.50499,1.7442,2.69496,3.01426,1.75908,2.90273,7.12425,5.60847,6.66952,2.73241,2.73241,0.999631,0.999631,1.67823,1.06042,0.906135,0.532702,0.434294
2021-06-22,0.511141,3.82949,2.84614,4.55101,2.34026,1.76499,2.45193,2.96836,2.14867,3.08332,3.22093,2.2427,3.4652,3.1604,1.84437,3.04347,7.28445,5.75455,6.82548,2.46279,2.46279,1.28991,1.28991,1.83263,1.06042,1.0734,0.684951,0.45535
2021-06-23,-0.108387,3.82949,2.84614,4.55101,2.15276,1.62151,2.25588,2.73279,1.97582,2.8387,3.09358,2.15402,3.32819,3.36225,1.96216,3.23785,4.3305,3.40903,4.05406,1.39253,1.39253,0.861779,0.861779,0.913189,1.06042,0.982832,0.657868,0.484433
2021-06-24,0.579443,3.82949,2.84614,4.55101,1.95431,1.46965,2.04839,2.48348,1.79289,2.5798,2.7372,1.90588,2.94478,3.18848,1.86076,3.07052,3.88204,3.03754,3.62869,1.82748,1.82748,1.00904,1.00904,0.877306,1.06042,0.886982,0.582082,0.459397
2021-06-25,0.332507,3.82949,2.84614,4.55101,1.84778,1.38813,1.93701,2.34965,1.69469,2.44064,2.71072,1.88744,2.91629,3.01721,1.7608,2.90557,3.4034,2.69508,3.19091,1.52245,1.52245,0.935694,0.935694,0.870488,1.06042,0.835529,0.57645,0.434719
2021-06-28,0.23123,3.82949,2.84614,4.55101,1.68223,1.25931,1.76466,2.14434,1.54875,2.22925,2.6204,1.82456,2.81913,3.08285,1.79911,2.96879,2.68572,2.13857,2.52158,1.31973,1.31973,0.768927,0.768927,0.734581,1.06042,0.75928,0.557245,0.444177
2021-06-29,0.0277288,3.82949,2.84614,4.55101,1.53352,1.14556,1.60914,1.95742,1.41107,2.03493,2.49446,1.73687,2.68364,2.80687,1.63805,2.70302,2.30642,1.83119,2.16385,1.43924,1.43924,0.892471,0.892471,0.61054,1.06042,0.686871,0.530463,0.404414
2021-06-30,0.132728,3.82949,2.84614,4.55101,1.40394,1.04645,1.47362,1.79456,1.29111,1.86545,2.10473,1.4655,2.26435,2.59428,1.51399,2.4983,2.02519,1.60879,1.90027,1.37782,1.37782,0.838603,0.838603,0.534782,1.06042,0.623778,0.447583,0.373784
2021-07-01,0.520803,3.82949,2.84614,4.55101,1.2898,0.959148,1.35425,1.6511,1.18544,1.71607,2.00722,1.3976,2.15944,2.42223,1.41358,2.33261,1.84599,1.45341,1.72821,1.15152,1.15152,0.839257,0.839257,0.457898,1.06042,0.568203,0.426847,0.348994
2021-07-02,0.74721,3.82949,2.84614,4.55101,1.28048,0.952018,1.3445,1.63938,1.17681,1.70334,2.03261,1.41529,2.18676,2.81518,1.6429,2.71102,1.75672,1.40056,1.64987,1.00467,1.00467,0.751362,0.751362,0.468599,1.06042,0.563664,0.432248,0.405611
2021-07-06,-0.20239,3.82949,2.84614,4.55101,1.39038,1.03608,1.45944,1.77751,1.27855,1.84548,2.3993,1.67061,2.58126,3.01074,1.75703,2.89935,1.89367,1.52198,1.78216,0.875132,0.875132,0.720903,0.720903,0.538347,1.06042,0.617174,0.510226,0.433788
2021-07-07,0.335336,3.82949,2.84614,4.55101,1.33006,0.989943,1.39636,1.7017,1.22271,1.76584,2.33271,1.62424,2.50962,2.80389,1.63631,2.70015,2.03697,1.63744,1.91711,1.05146,1.05146,0.763206,0.763206,0.587,1.06042,0.587806,0.496065,0.403984
2021-07-08,-0.859789,3.82949,2.84614,4.55101,1.25257,0.930669,1.31531,1.6043,1.15097,1.66363,2.19284,1.52685,2.35914,2.54156,1.48322,2.44752,1.9225,1.54139,1.80816,0.937777,0.937777,0.75502,0.75502,0.544768,1.06042,0.550073,0.466321,0.366188
2021-07-09,1.12148,3.82949,2.84614,4.55101,1.62003,1.21174,1.69962,2.06616,1.49116,2.13928,2.52245,1.75636,2.71375,2.81396,1.64219,2.70985,3.5464,2.78692,3.31855,1.54412,1.54412,0.919311,0.919311,0.791362,1.06042,0.735418,0.536415,0.405435
2021-07-12,0.344524,3.82949,2.84614,4.55101,1.88216,1.41224,1.97376,2.39563,1.73384,2.47714,2.89832,2.01807,3.11812,3.08996,1.80326,2.97563,2.63403,2.08544,2.46945,1.6951,1.6951,0.960567,0.960567,0.73777,1.06042,0.864021,0.616346,0.445202
2021-07-13,-0.352301,3.82949,2.84614,4.55101,1.72081,1.28882,1.80501,2.19265,1.58447,2.26459,2.65523,1.8488,2.85659,3.05766,1.78441,2.94453,2.06233,1.62805,1.93205,1.34006,1.34006,0.758667,0.758667,0.542338,1.06042,0.784862,0.56465,0.440548
2021-07-14,0.116425,3.82949,2.84614,4.55101,1.6534,1.23726,1.73451,2.10713,1.52206,2.17369,2.55444,1.77863,2.74816,3.34206,1.95038,3.21841,2.30192,1.80373,2.15247,1.32492,1.32492,0.787605,0.787605,0.575284,1.06042,0.751789,0.543218,0.481524
2021-07-15,-0.326757,3.82949,2.84614,4.55101,1.50295,1.12218,1.57717,1.91616,1.38277,1.97535,2.29111,1.59528,2.46487,3.01853,1.76157,2.90684,2.1822,1.72596,2.04533,1.15743,1.15743,0.862021,0.862021,0.58021,1.06042,0.677977,0.487219,0.434909
2021-07-16,-0.756741,3.82949,2.84614,4.55101,1.46675,1.0945,1.53931,1.87072,1.34898,1.92451,2.13649,1.48761,2.29852,2.92899,1.70932,2.82062,2.38703,1.85195,2.22651,0.901705,0.901705,0.775057,0.775057,0.545128,1.06042,0.660217,0.454338,0.422009
2021-07-19,-1.59968,3.82949,2.84614,4.55101,1.68248,1.25951,1.76493,2.1415,1.54824,2.1974,2.53086,1.76221,2.72279,2.93287,1.71159,2.82436,2.95255,2.31878,2.76242,1.10632,1.10632,0.979397,0.979397,0.736174,1.06042,0.776801,0.538203,0.422568
2021-07-20,1.50488,3.82949,2.84614,4.55101,2.52447,1.90354,2.64551,3.19831,2.32849,3.27606,3.72818,2.59589,4.01091,3.59412,2.09748,3.46114,7.18718,5.66695,6.73111,1.25412,1.25412,1.21906,1.21906,1.87321,1.08842,1.19894,0.79282,0.517841
2021-07-21,0.820802,3.82949,2.84614,4.55101,2.78826,2.10531,2.92138,3.5294,2.5727,3.60697,5.07049,3.53053,5.45502,4.28323,2.49964,4.12476,7.77967,6.13771,7.28708,1.03143,1.03143,1.38456,1.38456,1.93153,1.08842,1.33033,1.07827,0.617128
2021-07-22,0.201465,3.82949,2.84614,4.55101,2.62438,1.97995,2.74999,3.3237,2.3997,3.39238,3.87583,2.6987,4.16976,4.00528,2.33743,3.85709,6.53438,5.185,6.12956,0.824609,0.824609,0.936126,0.936126,1.65337,1.08842,1.2487,0.824219,0.577082
2021-07-23,1.00943,3.82949,2.84614,4.55101,2.34855,1.76898,2.46152,2.9775,2.14648,3.03927,3.04789,2.12221,3.27903,3.42402,1.99822,3.29734,3.40885,2.72826,3.20467,0.874776,0.874776,0.921389,0.921389,0.959737,1.08842,1.11131,0.648152,0.493334
2021-07-26,0.237937,3.82949,2.84614,4.55101,2.35187,1.77151,2.46499,2.98167,2.14953,3.04352,3.36998,2.34648,3.62555,3.89124,2.27088,3.74727,3.55149,2.85249,3.34179,0.779615,0.779615,0.926285,0.926285,1.03723,1.08842,1.11296,0.716646,0.56065
2021-07-27,-0.472357,3.82949,2.84614,4.55101,2.12448,1.59733,2.22698,2.66299,1.91751,2.71534,2.8868,2.01005,3.10573,3.39243,1.97978,3.26691,3.78577,3.01665,3.55503,0.698035,0.698035,0.832427,0.832427,0.966062,1.08842,0.987957,0.613896,0.488781
2021-07-28,-0.0186296,3.82949,2.84614,4.55101,2.03315,1.52745,2.13148,2.54975,1.8346,2.59996,2.97487,2.07137,3.20048,3.38863,1.97756,3.26325,3.62658,2.90284,3.40946,0.81608,0.81608,1.03179,1.03179,0.98927,1.08842,0.942879,0.632625,0.488234
2021-07-29,0.419734,3.82949,2.84614,4.55101,1.83588,1.37652,1.9252,2.30515,1.65553,2.35076,2.51252,1.74944,2.70306,2.90607,1.69595,2.79855,3.61112,2.86861,3.38837,0.790045,0.790045,0.758742,0.758742,0.899183,1.08842,0.845519,0.534302,0.418707
2021-07-30,-0.542071,3.82949,2.84614,4.55101,1.69692,1.2702,1.77989,2.13283,1.52938,2.1752,2.76624,1.9261,2.97602,3.1433,1.83439,3.02701,4.06451,3.23514,3.8157,0.712881,0.712881,0.912336,0.912336,0.97402,1.08842,0.776933,0.588258,0.452888
2021-08-02,-0.18445,3.82949,2.84614,4.55101,1.72819,1.29413,1.81259,2.17161,1.55777,2.21471,3.03742,2.11492,3.26777,3.14653,1.83627,3.03011,3.77214,2.99428,3.53878,0.793608,0.793608,0.81453,0.81453,0.94153,1.08842,0.782927,0.645926,0.453352
2021-08-03,0.816995,3.82949,2.84614,4.55101,1.60799,1.20216,1.6869,2.02256,1.44866,2.06286,2.80555,1.97878,3.07376,3.19293,1.84286,3.03094,3.22518,2.56971,3.02854,0.815968,0.815968,0.839,0.839,0.88508,1.06042,0.724215,0.623806,0.461461
2021-08-04,-0.464314,3.82949,2.84614,4.55101,1.68091,1.25795,1.76315,2.11298,1.51485,2.15497,3.22609,2.27539,3.53451,3.3384,1.92682,3.16903,2.92237,2.34121,2.74802,0.689472,0.689472,0.899499,0.899499,0.857782,1.06042,0.759831,0.717311,0.482484
2021-08-05,0.598748,3.82949,2.84614,4.55101,1.67587,1.2541,1.75788,2.10673,1.51028,2.14861,3.30867,2.33363,3.62498,3.48643,2.01226,3.30955,2.93166,2.33456,2.75253,0.656331,0.656331,0.854707,0.854707,0.8219,1.06042,0.757372,0.735672,0.503878
2021-08-06,0.167386,3.82949,2.84614,4.55101,1.62458,1.21486,1.70425,2.04314,1.46372,2.08382,3.15546,2.22557,3.45712,3.24328,1.87192,3.07874,2.476,1.99362,2.33129,0.641248,0.641248,0.844491,0.844491,0.750518,1.06042,0.73232,0.701607,0.468737
2021-08-09,-0.0940345,3.82949,2.84614,4.55101,1.48021,1.1044,1.55328,1.86412,1.33266,1.90144,2.62984,1.85485,2.88125,3.2418,1.87107,3.07733,2.26086,1.78507,2.11812,0.560715,0.560715,0.788528,0.788528,0.585383,1.06042,0.655175,0.584737,0.468523
2021-08-10,0.0992186,3.82949,2.84614,4.55101,1.38,1.02773,1.4485,1.73986,1.24169,1.77484,2.37457,1.68821,2.59149,2.99992,1.75547,2.84065,1.88848,1.49756,1.7712,0.65489,0.65489,0.85924,0.85924,0.502991,1.05432,0.600595,0.53672,0.442225
2021-08-11,0.127494,3.82949,2.84614,4.55101,1.27291,0.945793,1.33651,1.60707,1.14448,1.63955,2.07366,1.47428,2.26309,2.63407,1.54138,2.49422,1.7442,1.38982,1.63788,0.593756,0.593756,0.772492,0.772492,0.476694,1.05432,0.549162,0.468706,0.388293
2021-08-12,0.41378,3.82949,2.84614,4.55101,1.18327,0.877215,1.24279,1.49593,1.06311,1.52632,2.01078,1.42958,2.19447,2.86387,1.67585,2.71182,1.62544,1.29706,1.52693,0.510308,0.510308,0.672297,0.672297,0.447947,1.05432,0.506114,0.454494,0.422168
2021-08-13,0.160601,3.82949,2.84614,4.55101,1.16077,0.859995,1.21925,1.46802,1.04268,1.49789,2.02103,1.43686,2.20565,2.91534,1.70597,2.76056,1.45087,1.16192,1.36418,0.483283,0.483283,0.761539,0.761539,0.400816,1.05432,0.495305,0.456809,0.429756
2021-08-16,0.261743,3.82949,2.84614,4.55101,1.09144,0.806952,1.14676,1.38206,0.979746,1.41031,2.03803,1.44895,2.22421,2.61967,1.53296,2.48059,1.30166,1.03672,1.22218,0.488725,0.488725,0.68533,0.68533,0.34074,1.05432,0.462008,0.460654,0.386171
2021-08-17,-0.708575,3.82949,2.84614,4.55101,1.04659,0.772637,1.09986,1.32644,0.939031,1.35365,1.93918,1.37867,2.11633,2.71259,1.58733,2.56857,1.36715,1.08856,1.28357,0.491199,0.491199,0.722217,0.722217,0.365173,1.05432,0.43852,0.43831,0.399868
2021-08-18,-1.08067,3.82949,2.84614,4.55101,1.38947,1.03497,1.4584,1.7516,1.25029,1.7868,2.49497,1.77381,2.72289,2.90397,1.69932,2.74979,2.06443,1.67311,1.94703,0.6039,0.6039,0.727228,0.727228,0.643523,1.05432,0.605143,0.563934,0.42808
2021-08-19,0.125591,3.82949,2.84614,4.55101,1.9115,1.43437,2.00427,2.3989,1.72417,2.44628,3.21499,2.28572,3.50869,3.16387,1.85141,2.99589,2.93007,2.34355,2.75412,0.770782,0.770782,0.907298,0.907298,0.870301,1.05971,0.872461,0.72668,0.466393
2021-08-20,0.81086,3.82949,2.84614,4.55101,1.72406,1.29097,1.80827,2.16649,1.55403,2.20949,2.91052,2.06925,3.1764,2.75687,1.61324,2.6105,2.46269,1.993,2.32178,0.708608,0.708608,0.866823,0.866823,0.77304,1.05971,0.780911,0.657859,0.406395
2021-08-23,0.848768,3.82949,2.84614,4.55101,1.76499,1.32228,1.85107,2.21723,1.59117,2.26119,2.86809,2.03908,3.13009,3.02604,1.77075,2.86538,2.53821,2.04007,2.38877,0.627393,0.627393,0.782374,0.782374,0.760577,1.05971,0.800899,0.64827,0.446074
2021-08-24,0.149462,3.82949,2.84614,4.55101,1.81494,1.36665,1.89864,2.29005,1.64405,2.33471,3.07076,2.18317,3.35128,3.51359,2.05605,3.32704,2.39428,1.94802,2.2604,0.61946,0.61946,0.909336,0.909336,0.77611,1.05971,0.824792,0.694079,0.517945
2021-08-25,0.221764,3.82949,2.84614,4.55101,1.63451,1.22801,1.71041,2.06533,1.47955,2.10582,2.87287,2.04248,3.13531,3.24119,1.89665,3.06911,2.22445,1.80093,2.0974,0.609425,0.609425,0.741178,0.741178,0.691673,1.05971,0.73667,0.64935,0.47779
2021-08-26,-0.584194,3.82949,2.84614,4.55101,1.48616,1.11402,1.55564,1.88056,1.3443,1.91763,2.52285,1.79364,2.75332,2.82561,1.65347,2.67559,2.01933,1.64669,1.90754,0.541189,0.541189,0.792167,0.792167,0.650423,1.05971,0.664214,0.570236,0.416529
2021-08-27,0.876907,3.82949,2.84614,4.55101,1.59635,1.19869,1.6706,2.0178,1.44476,2.05741,2.77021,1.9695,3.02328,3.20916,1.87791,3.03878,2.1704,1.75622,2.04615,0.509967,0.509967,0.807148,0.807148,0.669854,1.05971,0.718032,0.626147,0.473069
2021-08-30,0.429732,3.82949,2.84614,4.55101,1.70886,1.28514,1.78798,2.15794,1.54734,2.20014,2.93621,2.08752,3.20444,3.05197,1.78593,2.88994,2.2202,1.80582,2.09588,0.483788,0.483788,0.742333,0.742333,0.709086,1.05971,0.772984,0.663668,0.449897
2021-08-31,-0.135001,3.82949,2.84614,4.55101,1.58788,1.19218,1.66176,2.00725,1.43704,2.04667,2.76322,1.96453,3.01565,3.08506,1.80529,2.92127,2.01125,1.62594,1.89566,0.410303,0.410303,0.757831,0.757831,0.605702,1.05971,0.713895,0.624567,0.454775
2021-09-01,0.0311625,3.82949,2.84614,4.55101,1.4738,1.10452,1.54275,1.86516,1.33303,1.90195,2.3909,1.69983,2.60932,2.87678,1.68341,2.72405,1.94009,1.57674,1.83109,0.460182,0.460182,0.595442,0.595442,0.601792,1.05971,0.658175,0.540413,0.424072
2021-09-02,0.283862,3.82949,2.84614,4.55101,1.35019,1.00954,1.41379,1.71121,1.22033,1.74514,1.98631,1.41218,2.16777,2.72606,1.59521,2.58133,1.73091,1.41605,1.63645,0.433461,0.433461,0.681431,0.681431,0.558524,1.05971,0.597804,0.448963,0.401854
2021-09-03,-0.0335083,3.82949,2.84614,4.55101,1.25783,0.938573,1.31743,1.59617,1.13612,1.62798,2.05789,1.46307,2.24589,2.59807,1.52032,2.46013,1.7075,1.3861,1.61108,0.408435,0.408435,0.70295,0.70295,0.523685,1.05971,0.552693,0.465143,0.382986
2021-09-07,-0.340135,3.82949,2.84614,4.55101,1.1804,0.879084,1.23666,1.49975,1.06554,1.52976,1.7817,1.26671,1.94446,2.35828,1.38,2.23307,1.51108,1.23709,1.42888,0.425613,0.425613,0.65773,0.65773,0.484228,1.05971,0.51488,0.402714,0.347638
2021-09-08,-0.131945,3.82949,2.84614,4.55101,1.22981,0.91705,1.28821,1.56129,1.11058,1.59244,2.14532,1.52523,2.3413,2.65226,1.55203,2.51145,1.70346,1.39152,1.60988,0.445832,0.445832,0.672011,0.672011,0.544561,1.05971,0.539012,0.484904,0.390975
2021-09-09,-0.461624,3.82949,2.84614,4.55101,1.18149,0.879921,1.2378,1.5011,1.06653,1.53114,1.87756,1.33486,2.04908,2.41649,1.41406,2.2882,1.59606,1.30717,1.50939,0.437611,0.437611,0.723474,0.723474,0.526719,1.05971,0.515412,0.424382,0.35622
2021-09-10,-0.775255,3.82949,2.84614,4.55101,1.30114,0.971856,1.36262,1.65012,1.17561,1.68292,1.92683,1.36989,2.10285,2.56484,1.50087,2.42866,1.70111,1.39975,1.6107,0.478253,0.478253,0.79497,0.79497,0.58108,1.05971,0.573849,0.435518,0.378088
2021-09-13,0.22739,3.82949,2.84614,4.55101,1.60799,1.20763,1.68274,2.0323,1.45537,2.07218,2.20692,1.56902,2.40853,2.82026,1.65034,2.67053,1.80657,1.4904,1.71172,0.632553,0.632553,0.829941,0.829941,0.633171,1.05971,0.738777,0.498827,0.41574
2021-09-14,-0.576322,3.82949,2.84614,4.55101,1.46441,1.09731,1.53295,1.85347,1.32447,1.89004,2.14991,1.52849,2.34631,2.64173,1.54587,2.50147,1.79085,1.4722,1.69525,0.545552,0.545552,0.797674,0.797674,0.611192,1.05971,0.667402,0.485941,0.389423
2021-09-15,0.84383,3.82949,2.84614,4.55101,1.57569,1.18281,1.64904,1.99206,1.42592,2.0312,2.23453,1.58865,2.43866,2.82495,1.65308,2.67497,1.75513,1.43871,1.6602,0.544921,0.544921,0.819906,0.819906,0.592967,1.05971,0.722718,0.505067,0.416432
2021-09-16,-0.155235,3.82949,2.84614,4.55101,1.673,1.25759,1.75057,2.11327,1.51464,2.15465,2.51992,1.79155,2.75012,2.88044,1.68555,2.72751,1.79159,1.48251,1.69887,0.494584,0.494584,0.876464,0.876464,0.642132,1.05971,0.771097,0.569573,0.424611
2021-09-17,-0.915264,3.82949,2.84614,4.55101,1.54927,1.16251,1.62149,1.95917,1.40184,1.99769,2.17055,1.54317,2.36884,2.90333,1.69895,2.74919,1.77015,1.45317,1.67506,0.558601,0.558601,0.82741,0.82741,0.599985,1.05971,0.70639,0.490606,0.427986
2021-09-20,-1.71231,3.82949,2.84614,4.55101,1.87859,1.41555,1.96504,2.36932,1.70207,2.41545,2.37297,1.68708,2.58975,2.95051,1.72656,2.79386,1.92115,1.57901,1.81851,0.645133,0.645133,0.947193,0.947193,0.662939,1.05971,0.873297,0.536359,0.434941
2021-09-21,-0.0812703,3.82949,2.84614,4.55101,2.78753,2.11396,2.9133,3.5014,2.54577,3.5685,3.39606,2.43342,3.707,3.79039,2.21803,3.58915,2.93249,2.37758,2.76602,0.803683,0.803683,1.21696,1.21696,0.947954,1.08137,1.32703,0.767606,0.558748
2021-09-22,0.947459,3.82949,2.84614,4.55101,2.49811,1.89671,2.60787,3.12254,2.2557,3.17619,2.60005,1.86304,2.83811,2.91249,1.70431,2.75786,2.11665,1.74983,2.0066,0.672886,0.672886,0.985606,0.985606,0.761202,1.08137,1.16878,0.587686,0.429336
2021-09-23,1.20617,3.82949,2.84614,4.55101,2.43694,1.8496,2.54413,3.04677,2.20019,3.09916,2.77411,1.98776,3.02811,3.2658,1.91105,3.09241,2.13801,1.76243,2.02534,0.58828,0.58828,0.900037,0.900037,0.744571,1.08137,1.13868,0.627028,0.481418
2021-09-24,0.145994,3.82949,2.84614,4.55101,2.53951,1.9286,2.651,3.17382,2.29326,3.22831,3.1538,2.25983,3.44257,3.57564,2.09236,3.3858,2.29089,1.88503,2.16913,0.580396,0.580396,0.863119,0.863119,0.786355,1.08137,1.18915,0.71285,0.527092
2021-09-27,-0.278024,3.82949,2.84614,4.55101,2.2526,1.70763,2.35206,2.81845,2.03294,2.86706,2.61894,1.87658,2.85873,3.14906,1.84274,2.98187,1.99869,1.65945,1.89692,0.536388,0.536388,0.890032,0.890032,0.716931,1.08137,1.04799,0.591956,0.464209
2021-09-28,-2.05743,3.82949,2.84614,4.55101,2.06408,1.56244,2.15564,2.58494,1.86188,2.62969,2.37168,1.69941,2.58883,3.28743,1.92371,3.11289,1.97787,1.63495,1.87499,0.529444,0.529444,0.84832,0.84832,0.695201,1.08137,0.955242,0.536067,0.484606
2021-09-29,0.156796,3.82949,2.84614,4.55101,3.24009,2.46816,3.38096,4.04157,2.96544,4.12104,3.27906,2.36759,3.59843,3.85919,2.27189,3.66006,2.96,2.40107,2.79232,0.70643,0.70643,1.19912,1.19912,0.945794,1.08842,1.53937,0.741161,0.568891
2021-09-30,-1.19812,3.82949,2.84614,4.55101,2.85604,2.17238,2.98081,3.56588,2.6128,3.63626,2.80926,2.02838,3.08287,3.15957,1.86003,2.99655,2.5926,2.12863,2.45341,0.608396,0.608396,1.01226,1.01226,0.891713,1.08842,1.34979,0.634974,0.465759
2021-10-01,1.1426,3.82949,2.84614,4.55101,2.99625,2.28037,3.12691,3.73955,2.74155,3.81326,3.03038,2.18804,3.32553,3.60555,2.12257,3.41951,2.63108,2.15241,2.48748,0.672837,0.672837,0.877842,0.877842,0.885273,1.09465,1.419,0.684953,0.531502
2021-10-04,-1.30709,3.82949,2.84614,4.55101,2.92796,2.22777,3.05575,3.65496,2.67884,3.72705,3.18275,2.29805,3.49274,3.73304,2.19762,3.54042,2.46821,2.02241,2.33447,0.590946,0.590946,0.913116,0.913116,0.847118,1.09465,1.38529,0.719392,0.550295
2021-10-05,1.04695,3.82949,2.84614,4.55101,3.12207,2.37727,3.25799,3.89539,2.85707,3.97207,3.5227,2.54351,3.86579,4.10206,2.41486,3.8904,2.84675,2.31373,2.68685,0.785438,0.785438,0.916258,0.916258,0.934877,1.09786,1.48111,0.79623,0.604692
2021-10-06,0.40944,3.82949,2.84614,4.55101,2.97989,2.26777,3.10986,3.71929,2.72653,3.7926,3.55312,2.56547,3.89918,4.32466,2.54591,4.10152,2.70947,2.20956,2.55949,0.675917,0.675917,1.08368,1.08368,0.916083,1.09786,1.41093,0.803106,0.637507
2021-10-07,0.826405,3.82949,2.84614,4.55101,2.65509,2.01761,2.77143,3.31698,2.42828,3.38261,3.02892,2.18698,3.32393,3.72143,2.19079,3.52941,2.24247,1.8514,2.12514,0.627708,0.627708,0.766348,0.766348,0.793159,1.09786,1.25059,0.684623,0.548583
2021-10-08,-0.191557,3.82949,2.84614,4.55101,2.50564,1.90251,2.61572,3.13187,2.29105,3.19396,3.0771,2.22177,3.37679,3.75413,2.21004,3.56043,2.28674,1.88774,2.16704,0.614835,0.614835,1.00055,1.00055,0.817705,1.09786,1.17682,0.695512,0.553404
2021-10-11,-0.688944,3.82949,2.84614,4.55101,2.25529,1.7097,2.35486,2.82178,2.06117,2.87795,2.97322,2.14676,3.2628,3.52018,2.07231,3.33855,2.15735,1.77191,2.04171,0.655994,0.655994,1.02742,1.02742,0.740816,1.09786,1.05323,0.672032,0.518916
2021-10-12,-0.24197,3.82949,2.84614,4.55101,2.23709,1.69568,2.3359,2.79923,2.04446,2.85497,2.72619,1.9684,2.99171,3.58944,2.11309,3.40423,2.14899,1.76071,2.0325,0.61429,0.61429,0.846934,0.846934,0.733795,1.09786,1.04425,0.616196,0.529126
2021-10-13,0.301796,3.82949,2.84614,4.55101,2.04131,1.5449,2.13191,2.55674,1.86469,2.60784,2.644,1.90906,2.90152,3.36275,1.97964,3.18924,1.9668,1.62473,1.86418,0.562413,0.562413,0.881785,0.881785,0.698345,1.09786,0.947602,0.597621,0.495709
2021-10-14,1.69192,3.82949,2.84614,4.55101,1.8404,1.39016,1.92257,2.30788,1.68021,2.35424,2.58182,1.86416,2.83328,2.97237,1.74982,2.819,1.80124,1.48377,1.706,0.519181,0.519181,0.714564,0.714564,0.623643,1.09786,0.848424,0.583564,0.438162
2021-10-15,0.743251,3.82949,2.84614,4.55101,2.53291,1.92351,2.64413,3.16564,2.31609,3.22838,3.28448,2.3715,3.60437,3.84292,2.26231,3.64463,2.46654,2.04454,2.33994,0.529648,0.529648,0.93174,0.93174,0.901584,1.09786,1.19028,0.742385,0.566492
2021-10-18,0.33691,3.82949,2.84614,4.55101,2.37257,1.80003,2.47706,2.96704,2.16886,3.02599,3.48688,2.51765,3.82649,3.72972,2.19567,3.53727,2.29929,1.89255,2.17726,0.565481,0.565481,0.867326,0.867326,0.795045,1.09786,1.11113,0.788135,0.549805
2021-10-19,0.736614,3.82949,2.84614,4.55101,2.12605,1.61016,2.2202,2.6617,1.9425,2.71481,3.12543,2.25667,3.42984,3.30438,1.94527,3.13388,1.93308,1.59727,1.83233,0.533248,0.533248,0.933848,0.933848,0.675982,1.09786,0.989433,0.706437,0.487104
2021-10-20,0.365732,3.82949,2.84614,4.55101,2.04156,1.54642,2.13113,2.54764,1.87083,2.59457,3.27239,2.36278,3.59111,3.43602,2.02277,3.25872,2.17939,1.78943,2.0624,0.513451,0.513451,0.891089,0.891089,0.742242,1.09786,0.935183,0.739654,0.50651
2021-10-21,0.299141,3.82949,2.84614,4.55101,1.85578,1.40321,1.93765,2.31835,1.69973,2.36125,2.98393,2.1545,3.27455,3.16416,1.86272,3.00089,1.71734,1.41763,1.62743,0.490727,0.490727,0.645681,0.645681,0.590611,1.09786,0.840073,0.674453,0.466434
2021-10-22,-0.107313,3.82949,2.84614,4.55101,1.6896,1.27511,1.76458,2.11325,1.54668,2.15254,2.88603,2.08381,3.16712,3.12579,1.84014,2.96451,1.81475,1.49808,1.71975,0.523231,0.523231,0.824433,0.824433,0.628242,1.09786,0.759353,0.652326,0.460779
2021-10-25,0.473696,3.82949,2.84614,4.55101,1.56078,1.1758,1.63042,1.95426,1.42804,1.99074,2.58108,1.86363,2.83247,2.94533,1.7339,2.79336,1.63325,1.34071,1.54549,0.512184,0.512184,0.704434,0.704434,0.545615,1.09786,0.696779,0.583397,0.434177
2021-10-26,0.181813,3.82949,2.84614,4.55101,1.49159,1.12247,1.55836,1.86886,1.36431,1.90385,2.69181,1.94358,2.95398,3.36747,1.98241,3.19371,1.60814,1.3269,1.52376,0.549354,0.549354,0.773949,0.773949,0.553936,1.09786,0.66317,0.608425,0.496404
2021-10-27,-0.506436,3.82949,2.84614,4.55101,1.37532,1.03284,1.43727,1.72536,1.25723,1.75782,2.47279,1.78544,2.71363,3.22252,1.89708,3.05625,1.57017,1.29834,1.48862,0.487997,0.487997,0.669661,0.669661,0.538671,1.09786,0.606693,0.55892,0.475038
2021-10-28,0.978128,3.82949,2.84614,4.55101,1.47972,1.11332,1.54601,1.85422,1.35339,1.88895,2.49886,1.80426,2.74224,3.21701,1.89384,3.05102,1.84473,1.53473,1.75173,0.562082,0.562082,0.867501,0.867501,0.668877,1.09786,0.657409,0.564814,0.474226
2021-10-29,0.194745,3.82949,2.84614,4.55101,1.70733,1.28877,1.78305,2.13513,1.56301,2.1748,2.68531,1.93889,2.94685,3.42805,2.01807,3.25117,1.87422,1.56905,1.78267,0.55135,0.55135,0.882033,0.882033,0.704879,1.09786,0.767965,0.606958,0.505335
2021-11-01,0.179845,3.82949,2.84614,4.55101,1.55441,1.17089,1.62379,1.9464,1.42217,1.98275,2.53833,1.83276,2.78555,3.3176,1.95306,3.14642,1.72279,1.44598,1.63975,0.563207,0.563207,0.707037,0.707037,0.657745,1.09786,0.693686,0.573735,0.489054
2021-11-02,0.367361,3.82949,2.84614,4.55101,1.42686,1.07257,1.49096,1.78898,1.3047,1.82256,2.34818,1.69547,2.57688,3.28599,1.93445,3.11644,1.74708,1.45425,1.65923,0.544623,0.544623,0.772322,0.772322,0.632848,1.09786,0.631731,0.530756,0.484395
2021-11-03,0.644049,3.82949,2.84614,4.55101,1.35284,1.01551,1.41386,1.69762,1.23652,1.72959,2.29536,1.65733,2.51892,3.13556,1.84589,2.97377,1.62958,1.35624,1.54758,0.467549,0.467549,0.644864,0.644864,0.594889,1.09786,0.595774,0.518817,0.462219
2021-11-04,0.417324,3.82949,2.84614,4.55101,1.40611,1.05658,1.46935,1.76337,1.28559,1.7965,2.35806,1.7026,2.58773,3.22592,1.89908,3.05947,1.60327,1.33004,1.5213,0.414309,0.414309,0.595015,0.595015,0.568021,1.09786,0.621653,0.53299,0.475539
2021-11-05,0.372584,3.82949,2.84614,4.55101,1.35065,1.01382,1.41158,1.69491,1.23451,1.72684,2.39997,1.73286,2.63371,2.96193,1.74367,2.8091,1.56402,1.29039,1.48193,0.347252,0.347252,0.583905,0.583905,0.528891,1.09786,0.59471,0.542461,0.436624
2021-11-08,0.0887392,3.82949,2.84614,4.55101,1.29357,0.969822,1.35214,1.62447,1.18194,1.65515,2.31686,1.67285,2.54252,3.10901,1.83026,2.94859,1.49745,1.22117,1.41456,0.292113,0.292113,0.494503,0.494503,0.462719,1.09786,0.566985,0.523677,0.458305
2021-11-09,-0.350491,3.82949,2.84614,4.55101,1.21239,0.907244,1.26759,1.52428,1.10717,1.5532,2.15122,1.55325,2.36074,3.02719,1.78209,2.87099,1.3942,1.14333,1.31894,0.295891,0.295891,0.615308,0.615308,0.44473,1.09786,0.527553,0.486237,0.446244
2021-11-10,-0.825983,3.82949,2.84614,4.55101,1.27452,0.955142,1.3323,1.60096,1.1644,1.63123,2.11643,1.52813,2.32256,3.0619,1.80253,2.90391,1.47943,1.21785,1.40095,0.357543,0.357543,0.602057,0.602057,0.488454,1.09786,0.557735,0.478373,0.45136
2021-11-11,0.0550776,3.82949,2.84614,4.55101,1.6441,1.24003,1.71719,2.05709,1.50477,2.09539,2.3756,1.71526,2.60697,3.28066,1.93131,3.11138,1.63779,1.35702,1.55356,0.444478,0.444478,0.727998,0.727998,0.577123,1.09786,0.741271,0.536953,0.483608
2021-11-12,0.71967,3.82949,2.84614,4.55101,1.5012,1.12988,1.56838,1.88073,1.37317,1.91593,2.15479,1.55583,2.36466,2.99826,1.76506,2.84356,1.41335,1.17144,1.34077,0.430407,0.430407,0.59347,0.59347,0.491938,1.09786,0.671538,0.487045,0.44198
2021-11-15,-0.00107414,3.82949,2.84614,4.55101,1.55626,1.17232,1.62572,1.94868,1.42387,1.98507,2.24159,1.6185,2.45991,2.85431,1.68032,2.70704,1.54191,1.2789,1.46301,0.431338,0.431338,0.530321,0.530321,0.545287,1.09786,0.698405,0.506662,0.42076
2021-11-16,0.385778,3.82949,2.84614,4.55101,1.43377,1.0779,1.49815,1.79751,1.31106,1.83124,2.07071,1.49512,2.27239,2.72706,1.60541,2.58635,1.35492,1.11406,1.28266,0.429361,0.429361,0.648065,0.648065,0.450829,1.09786,0.638629,0.46804,0.402001
2021-11-17,-0.260502,3.82949,2.84614,4.55101,1.36167,1.0205,1.42309,1.71338,1.23826,1.74651,2.05472,1.48357,2.25484,2.89347,1.70337,2.74418,1.34022,1.09988,1.26812,0.417183,0.417183,0.593,0.593,0.437821,1.09786,0.604366,0.464425,0.426532
2021-11-18,0.337906,3.82949,2.84614,4.55101,1.35034,1.01177,1.4113,1.69938,1.22788,1.73226,2.04883,1.47933,2.24838,2.77385,1.63295,2.63073,1.37084,1.13175,1.29911,0.437301,0.437301,0.729075,0.729075,0.462678,1.09786,0.598791,0.463095,0.408899
2021-11-19,-0.139963,3.82949,2.84614,4.55101,1.28251,0.959458,1.34067,1.61556,1.16566,1.64693,2.10728,1.52153,2.31252,2.82418,1.66258,2.67845,1.38035,1.13877,1.30787,0.429185,0.429185,0.593013,0.593013,0.464818,1.09786,0.565407,0.476305,0.416317
2021-11-22,-0.320228,3.82949,2.84614,4.55101,1.24613,0.931399,1.30279,1.5706,1.13229,1.60116,1.91733,1.38437,2.10407,2.8548,1.68061,2.7075,1.36439,1.12437,1.29239,0.413692,0.413692,0.63783,0.63783,0.459155,1.09786,0.5475,0.43337,0.420832
2021-11-23,0.165577,3.82949,2.84614,4.55101,1.29166,0.966516,1.3502,1.62687,1.17406,1.65845,2.0559,1.48443,2.25614,2.65362,1.56217,2.5167,1.30873,1.07734,1.23931,0.456493,0.456493,0.691933,0.691933,0.438862,1.09786,0.569912,0.464693,0.391175
2021-11-24,0.229123,3.82949,2.84614,4.55101,1.21206,0.905121,1.26732,1.52849,1.10104,1.5583,1.88475,1.36085,2.06831,2.82764,1.66462,2.68174,1.29656,1.06725,1.22777,0.476263,0.476263,0.592425,0.592425,0.433549,1.09786,0.53073,0.426007,0.416827
2021-11-26,-2.2987,3.82949,2.84614,4.55101,1.15423,0.860523,1.20711,1.45702,1.04799,1.48555,1.92824,1.39225,2.11604,2.69781,1.58819,2.55861,1.3374,1.09839,1.2657,0.49172,0.49172,0.55495,0.55495,0.441101,1.09786,0.502268,0.435837,0.397689
2021-11-29,1.31138,3.82949,2.84614,4.55101,3.15301,2.40205,3.28822,4.01792,2.95873,4.12498,2.77683,2.02159,3.04712,3.6436,2.17553,3.49279,2.47015,2.01796,2.33449,0.775309,0.775309,1.01746,1.01746,0.814096,1.11666,1.50074,0.61742,0.53711
2021-11-30,-1.91434,3.82949,2.84614,4.55101,3.12181,2.37799,3.25573,3.97849,2.92937,4.08454,3.20028,2.32987,3.51178,3.78706,2.26119,3.63031,2.18528,1.82498,2.07719,0.62976,0.62976,0.949484,0.949484,0.825674,1.11666,1.48275,0.711573,0.558257
2021-12-01,-1.18856,3.82949,2.84614,4.55101,3.71548,2.83585,3.87385,4.72859,3.48791,4.85399,4.28553,3.11995,4.70266,5.11837,3.05609,4.90652,2.70483,2.21555,2.55805,0.718972,0.718972,0.812054,0.812054,0.904209,1.12841,1.78398,0.952874,0.754509
2021-12-02,1.40946,3.82949,2.84614,4.55101,3.62817,2.76851,3.78294,4.61826,3.40576,4.74082,4.1068,2.98982,4.50653,4.66693,2.78654,4.47376,2.82053,2.3331,2.6743,0.766708,0.766708,1.21763,1.21763,1.02029,1.16313,1.73797,0.913133,0.687961
2021-12-03,-0.848445,3.82949,2.84614,4.55101,3.5399,2.70043,3.69104,4.50674,3.32271,4.62641,4.13275,3.00872,4.53501,5.12006,3.0571,4.90814,2.92611,2.42039,2.7744,0.661751,0.661751,0.850427,0.850427,1.04565,1.16313,1.6941,0.918903,0.754758
2021-12-06,1.16626,3.82949,2.84614,4.55101,3.32047,2.5312,3.46257,4.2295,3.11627,4.342,3.81258,2.77563,4.18368,4.53202,2.70599,4.34444,2.83857,2.31814,2.68244,0.677778,0.677778,1.00224,1.00224,0.949401,1.16313,1.58504,0.847715,0.668074
2021-12-07,2.04956,3.82949,2.84614,4.55101,3.174,2.41824,3.31006,4.04443,2.97847,4.15216,3.91322,2.8489,4.29411,4.36392,2.60562,4.18329,2.53777,2.08163,2.40093,0.627179,0.627179,1.19294,1.19294,0.859648,1.16313,1.51225,0.870091,0.643293
2021-12-08,0.308054,3.82949,2.84614,4.55101,3.64793,2.78375,3.80352,4.64324,3.42435,4.76641,5.23334,3.80997,5.74272,5.92699,3.5389,5.68167,3.2422,2.63999,3.06153,0.628292,0.628292,0.836902,0.836902,1.06732,1.16313,1.74779,1.16362,0.873709
2021-12-09,-0.7207,3.82949,2.84614,4.55101,3.19544,2.43477,3.33239,4.07152,2.99864,4.17993,3.67202,2.6733,4.02943,4.27666,2.55352,4.09964,2.55059,2.07998,2.40941,0.59079,0.59079,1.23895,1.23895,0.834763,1.16313,1.52291,0.816462,0.63043
2021-12-10,0.950376,3.82949,2.84614,4.55101,2.98894,2.27551,3.11738,3.81061,2.80436,3.91227,3.4085,2.48146,3.74027,4.22932,2.52525,4.05426,2.49594,2.03998,2.35916,0.606029,0.606029,0.920971,0.920971,0.825793,1.16313,1.42027,0.75787,0.623452
2021-12-13,-0.917816,3.82949,2.84614,4.55101,2.81104,2.13831,2.93216,3.58584,2.63699,3.68168,3.46626,2.5235,3.80364,4.06801,2.42894,3.89963,2.47647,2.02701,2.34163,0.554011,0.554011,0.993151,0.993151,0.822986,1.16313,1.33186,0.770711,0.599673
2021-12-14,-0.749873,3.82949,2.84614,4.55101,2.78623,2.11917,2.90632,3.55449,2.61365,3.64949,3.44474,2.50784,3.78004,3.98723,2.3807,3.82219,2.55274,2.06864,2.40751,0.617741,0.617741,1.00791,1.00791,0.800614,1.16313,1.31953,0.765928,0.587765
2021-12-15,1.62163,3.82949,2.84614,4.55101,2.67839,2.03601,2.79404,3.41823,2.51219,3.50969,3.35789,2.44461,3.68473,4.18339,2.49783,4.01023,2.41646,1.97282,2.28337,0.678311,0.678311,0.944114,0.944114,0.79697,1.16313,1.26593,0.746616,0.616681
2021-12-16,-0.878187,3.82949,2.84614,4.55101,3.02982,2.29727,3.16727,3.80326,2.77013,3.88642,3.98727,2.90281,4.37538,4.67709,2.79261,4.48349,2.81553,2.29365,2.65896,0.659519,0.659519,1.0901,1.0901,0.9258,1.16313,1.40473,0.886558,0.689458
2021-12-17,-1.0341,3.82949,2.84614,4.55101,2.93864,2.22725,3.07213,3.68974,2.68645,3.77045,3.86811,2.81606,4.24462,4.40261,2.62872,4.22038,2.6092,2.11738,2.46165,0.677669,0.677669,0.984336,0.984336,0.826773,1.16313,1.36048,0.860063,0.648998
2021-12-20,-1.14534,3.82949,2.84614,4.55101,2.95969,2.24342,3.09409,3.71594,2.70577,3.79713,3.75162,2.73125,4.11678,4.51677,2.69688,4.32981,3.27143,2.61575,3.07472,0.698412,0.698412,1.08137,1.08137,0.958747,1.16313,1.3707,0.83416,0.665825
2021-12-21,1.76218,3.82949,2.84614,4.55101,3.04588,2.30961,3.18403,3.82324,2.78487,3.90662,3.9672,2.88819,4.35334,5.0477,3.0139,4.83877,3.60366,2.88314,3.3875,0.654203,0.654203,1.11316,1.11316,1.07738,1.16313,1.41253,0.882093,0.744092
2021-12-22,1.01287,3.82949,2.84614,4.55101,3.36458,2.55436,3.5166,4.22,3.07735,4.31165,4.84404,3.52655,5.31553,5.97035,3.56479,5.72323,4.57552,3.66258,4.30164,0.526694,0.526694,1.08873,1.08873,1.39734,1.16313,1.56718,1.07706,0.880101
2021-12-23,0.62044,3.82949,2.84614,4.55101,3.142,2.38343,3.28434,3.94289,2.87308,4.02854,4.50792,3.28185,4.94669,5.5877,3.33632,5.35642,3.21338,2.57914,3.02311,0.47669,0.47669,0.880422,0.880422,0.968468,1.16313,1.45917,1.00232,0.823694
2021-12-27,1.37441,3.82949,2.84614,4.55101,2.81908,2.13543,2.94736,3.54086,2.57673,3.61783,4.00747,2.91751,4.39753,4.90411,2.92816,4.70112,3.05065,2.45095,2.87074,0.507565,0.507565,0.771146,0.771146,0.920255,1.16313,1.30247,0.891047,0.722924
2021-12-28,-0.101066,3.82949,2.84614,4.55101,2.92725,2.21851,3.06024,3.67551,2.676,3.75506,4.44768,3.238,4.8806,5.57293,3.3275,5.34226,2.75391,2.22438,2.59505,0.518021,0.518021,0.956559,0.956559,0.861097,1.16313,1.35496,0.988928,0.821517
2021-12-29,0.140092,3.82949,2.84614,4.55101,2.58493,1.95561,2.70301,3.24931,2.36183,3.31957,3.61857,2.63439,3.97079,4.32991,2.58531,4.15069,3.08532,2.45376,2.89585,0.554672,0.554672,0.903656,0.903656,0.879434,1.16313,1.18884,0.804578,0.63828
2021-12-30,-0.299424,3.82949,2.84614,4.55101,2.28079,1.72203,2.38563,2.87065,2.08271,2.93259,2.87022,2.08957,3.14959,3.95705,2.36269,3.79327,2.15492,1.74686,2.0325,0.563474,0.563474,1.045,1.045,0.665977,1.16313,1.04124,0.638184,0.583317
2021-12-31,-0.262963,3.82949,2.84614,4.55101,2.09425,1.57877,2.19097,2.63838,1.91151,2.69501,2.68194,1.9525,2.94298,3.5904,2.14376,3.44179,2.03113,1.66176,1.92032,0.618937,0.618937,0.869589,0.869589,0.667031,1.16313,0.950717,0.59632,0.529268
2022-01-03,0.635383,3.82949,2.84614,4.55101,1.93243,1.4545,2.02211,2.4369,1.763,2.48888,2.53149,1.84297,2.77789,3.27844,1.9575,3.14274,1.78428,1.46797,1.68939,0.624872,0.624872,0.985036,0.985036,0.606908,1.16313,0.872191,0.562868,0.483281
2022-01-04,-0.0629837,3.82949,2.84614,4.55101,1.8472,1.38905,1.93317,2.33076,1.68479,2.3799,2.64478,1.92545,2.90221,3.50601,2.09338,3.36089,1.71702,1.41142,1.62534,0.634759,0.634759,0.88454,0.88454,0.582412,1.16313,0.830832,0.588058,0.516828
2022-01-05,-1.95833,3.82949,2.84614,4.55101,1.68363,1.26343,1.76248,2.12708,1.53467,2.17128,2.26664,1.65016,2.48727,3.16701,1.89097,3.03592,1.59804,1.29837,1.50814,0.621006,0.621006,0.828132,0.828132,0.499589,1.16313,0.751454,0.503981,0.466855
2022-01-06,-0.0964239,3.82949,2.84614,4.55101,3.01503,2.28592,3.15184,3.78439,2.84072,3.88572,3.28181,2.4736,3.61573,4.25006,2.56929,4.07656,3.34403,2.71645,3.15576,0.846038,0.846038,1.14198,1.14198,1.09484,1.16323,1.44829,0.729701,0.62651
2022-01-07,-0.405844,3.82949,2.84614,4.55101,2.65809,2.01179,2.77936,3.33991,2.50358,3.42722,2.83053,2.13346,3.11853,3.47186,2.09884,3.33012,2.64219,2.17862,2.50312,0.724801,0.724801,1.05281,1.05281,0.941111,1.16323,1.26931,0.62936,0.511793
2022-01-10,-0.144208,3.82949,2.84614,4.55101,2.43467,1.84021,2.54621,3.04502,2.29256,3.13901,2.69934,2.03457,2.97398,3.49243,2.11128,3.34985,2.39706,1.98275,2.27276,0.702335,0.702335,1.13969,1.13969,0.861345,1.16323,1.15729,0.600189,0.514826
2022-01-11,0.911829,3.82949,2.84614,4.55101,2.18101,1.64541,2.28151,2.71393,2.05297,2.81285,2.37326,1.7888,2.61473,3.61205,2.18359,3.46459,2.26136,1.85645,2.13989,0.644076,0.644076,0.913601,0.913601,0.772611,1.16323,1.0081,0.527687,0.532459
2022-01-12,0.28138,3.82949,2.84614,4.55101,2.17331,1.63949,2.27347,2.67433,2.04569,2.79836,2.71706,2.04793,2.99351,3.43435,2.07617,3.29414,2.26128,1.87335,2.1449,0.523633,0.523633,0.886364,0.886364,0.815686,1.16323,0.989085,0.604129,0.506264
2022-01-13,-1.4346,3.82949,2.84614,4.55101,1.94602,1.46494,2.03629,2.39159,1.83101,2.50428,2.63946,1.98944,2.90801,3.44831,2.08461,3.30753,2.06284,1.71126,1.95737,0.507974,0.507974,0.785644,0.785644,0.73869,1.16323,0.878784,0.586875,0.508322
2022-01-14,0.0819642,3.82949,2.84614,4.55101,2.56739,1.94726,2.68205,3.16641,2.37139,3.30421,3.06783,2.31232,3.37998,3.94292,2.38362,3.78195,2.87668,2.37232,2.72537,0.607298,0.607298,0.967867,0.967867,1.02161,1.16633,1.21716,0.682123,0.581234
2022-01-18,-1.85591,3.82949,2.84614,4.55101,2.28805,1.7324,2.39079,2.82478,2.11243,2.94717,2.64325,1.9923,2.91219,3.5845,2.16694,3.43816,2.48807,2.0587,2.35926,0.564604,0.564604,1.08213,1.08213,0.889079,1.16633,1.07823,0.587717,0.528398
2022-01-19,-0.973679,3.82949,2.84614,4.55101,3.12996,2.37996,3.26864,3.85442,2.89292,4.01634,3.46156,2.60909,3.81377,3.95291,2.38966,3.79153,3.27445,2.69954,3.10198,0.821299,0.821299,1.23214,1.23214,1.17972,1.18951,1.52696,0.769668,0.582706
2022-01-20,-1.10987,3.82949,2.84614,4.55101,3.06386,2.32911,3.19971,3.77358,2.83164,3.93122,3.56013,2.68338,3.92236,4.10179,2.47966,3.93433,3.06503,2.52971,2.90443,0.875226,0.875226,1.42422,1.42422,1.10707,1.18951,1.49348,0.791583,0.604652
2022-01-21,-1.9096,3.82949,2.84614,4.55101,3.0873,2.34714,3.22415,3.80225,2.85337,3.95348,3.65782,2.75702,4.03,4.1426,2.50433,3.97348,3.39191,2.80753,3.2166,0.925196,0.925196,1.24871,1.24871,1.28736,1.18951,1.50535,0.813305,0.610668
2022-01-24,0.276792,3.82949,2.84614,4.55101,3.66279,2.78978,3.8242,4.50606,3.38686,4.67464,4.38075,3.30191,4.82648,5.18379,3.13376,4.97217,6.4371,5.15925,6.05375,1.17021,1.17021,1.50368,1.50368,2.02453,1.19817,1.802,0.974047,0.764153
2022-01-25,-1.22466,3.82949,2.84614,4.55101,3.23305,2.45924,3.37612,3.99616,2.98848,4.15606,3.77055,2.79049,4.11709,3.75631,2.35479,3.7056,4.06064,3.37947,3.85629,1.01376,1.01376,1.41767,1.41767,1.62032,1.18951,1.57919,0.852253,0.581366
2022-01-26,-0.149775,3.59489,2.81566,4.49748,3.28203,2.49692,3.42719,4.04042,3.03388,4.21244,3.37404,2.45706,3.58623,3.95301,2.62973,4.01662,3.85103,3.16354,3.64478,1.01424,1.01424,1.38862,1.38862,1.39161,1.18951,1.5726,0.769167,0.658497
2022-01-27,-0.539863,3.59489,2.81566,4.49748,2.91745,2.2165,3.04705,3.64234,2.6959,3.75502,3.30333,2.40557,3.51107,3.62574,2.41201,3.68408,3.30638,2.77227,3.14615,0.920798,0.920798,1.48489,1.48489,1.36691,1.18951,1.39127,0.753049,0.603979
2022-01-28,2.4056,3.59489,2.81566,4.49748,2.70441,2.05264,2.82492,3.334,2.49841,3.47106,3.00014,2.18478,3.18882,3.45156,2.29614,3.50709,2.95101,2.44978,2.80064,0.99313,0.99313,1.40231,1.40231,1.12269,1.18951,1.28531,0.683932,0.574963
2022-01-31,1.87098,3.57593,2.75031,4.45704,3.65072,2.7805,3.81162,4.49139,3.33954,4.64375,4.01944,2.95427,4.312,4.262,2.92591,4.39241,3.59358,3.01419,3.41976,0.898206,0.898206,1.22821,1.22821,1.47553,1.16633,1.75597,0.935284,0.737072
2022-02-01,0.683955,3.57593,2.75031,4.45704,3.84756,2.93189,4.01686,4.73212,3.52013,4.89243,4.57893,3.3655,4.91221,5.03648,3.4576,5.19059,3.79247,3.16104,3.60304,0.896973,0.896973,0.96769,0.96769,1.4735,1.16633,1.85387,1.06547,0.871011
2022-02-02,0.937841,3.57593,2.75031,4.45704,3.45455,2.62961,3.60707,4.25146,3.15956,4.39589,4.11466,3.02426,4.41415,4.2445,2.9139,4.37438,3.1389,2.59629,2.97612,0.932967,0.932967,0.867244,0.867244,1.14063,1.16633,1.6584,0.957441,0.734046
2022-02-03,-2.46935,3.57593,2.75031,4.45704,3.20302,2.43615,3.34481,3.94383,2.9288,4.07805,3.976,2.92235,4.2654,4.11183,2.82281,4.23764,2.92532,2.42577,2.77546,0.96439,0.96439,1.03596,1.03596,1.07242,1.16633,1.53109,0.925176,0.711101
2022-02-04,0.514369,3.57593,2.75031,4.45704,4.21165,3.21194,4.3965,5.17739,3.85417,5.35236,4.93467,3.62697,5.29385,5.75239,3.94908,5.9284,4.30008,3.49831,4.05955,1.3896,1.3896,1.59173,1.59173,1.40331,1.18951,2.04103,1.14825,0.994821
2022-02-07,-0.370859,3.57593,2.75031,4.45704,3.73215,2.84313,3.89653,4.59095,3.41425,4.74651,4.31624,3.17243,4.6304,4.56827,3.13616,4.70805,3.87175,3.24098,3.68252,1.26527,1.26527,1.41891,1.41891,1.51815,1.18951,1.79647,1.00435,0.790039
2022-02-08,0.836611,3.57593,2.75031,4.45704,3.33971,2.54128,3.48734,4.11096,3.05421,4.25058,3.80137,2.794,4.07806,3.95808,2.71726,4.07919,3.61655,2.98784,3.42794,1.20252,1.20252,1.22028,1.22028,1.30557,1.18951,1.60129,0.884542,0.684512
2022-02-09,1.44129,3.57593,2.75031,4.45704,3.07259,2.33583,3.20881,3.78425,2.80913,3.913,3.88664,2.85667,4.16953,4.22648,2.90152,4.3558,3.7209,3.09397,3.53282,1.06747,1.06747,1.12967,1.12967,1.39684,1.18951,1.46843,0.904382,0.730929
2022-02-10,-1.82818,3.57593,2.75031,4.45704,3.14915,2.39471,3.28864,3.87784,2.87938,4.00957,4.20814,3.09297,4.51444,4.41477,3.03079,4.54985,3.62649,3.04267,3.45135,0.989242,0.989242,0.979089,0.979089,1.44616,1.18951,1.50651,0.979194,0.763492
2022-02-11,-1.91517,3.57593,2.75031,4.45704,3.63892,2.77142,3.79932,4.47674,3.32872,4.62798,4.79033,3.52088,5.139,5.02153,3.44733,5.17518,4.18213,3.511,3.98079,1.11174,1.11174,1.06788,1.06788,1.65562,1.19817,1.7848,1.11466,0.868426
2022-02-14,-0.384799,3.57593,2.75031,4.45704,4.03963,3.09438,4.20685,4.9845,3.69336,5.15427,5.36574,3.9438,5.75629,6.07377,4.16971,6.25962,4.40252,3.70955,4.19463,1.24185,1.24185,1.96992,1.96992,1.85759,1.20075,2.00457,1.24855,1.0504
2022-02-15,1.56437,3.57593,2.75031,4.45704,3.60386,2.75772,3.75356,4.44963,3.2939,4.60146,4.82244,3.54448,5.17344,4.6147,3.16804,4.75591,4.03466,3.39476,3.84269,1.06737,1.06737,1.43965,1.43965,1.64746,1.20075,1.78217,1.12213,0.798069
2022-02-16,0.0880833,3.57593,2.75031,4.45704,3.62441,2.77359,3.77493,4.47487,3.31273,4.62761,5.0535,3.7143,5.42132,5.30121,3.63933,5.46342,3.8423,3.27567,3.67231,1.02293,1.02293,1.28388,1.28388,1.71228,1.19817,1.79265,1.1759,0.916793
2022-02-17,-2.14005,3.57593,2.75031,4.45704,3.19408,2.44113,3.32729,3.9467,2.91826,4.0818,4.36313,3.20689,4.6807,4.17793,2.86819,4.30576,3.24999,2.77462,3.10738,1.02361,1.02361,1.04905,1.04905,1.43635,1.19817,1.57303,1.01526,0.722532
2022-02-18,-0.719197,3.57593,2.75031,4.45704,3.92135,3.00301,4.08382,4.83936,3.58494,5.00437,4.97849,3.65918,5.34086,5.20793,3.5753,5.36728,3.98712,3.38545,3.80662,1.30499,1.30499,1.34139,1.34139,1.70468,1.19817,1.97794,1.15845,0.900662
2022-02-22,-1.01947,3.57593,2.75031,4.45704,3.59483,2.75074,3.74416,4.43825,3.28562,4.58885,4.79277,3.52267,5.14162,4.80614,3.29946,4.9532,3.76211,3.1897,3.59039,1.25764,1.25764,1.65731,1.65731,1.59601,1.19817,1.80856,1.11523,0.831176
2022-02-23,-1.85837,3.57593,2.75031,4.45704,3.4518,2.64024,3.59538,4.26251,3.1545,4.40666,4.63312,3.40533,4.97035,4.63917,3.18484,4.78113,3.5632,3.05004,3.40925,1.33446,1.33446,1.45715,1.45715,1.61663,1.19817,1.73437,1.07808,0.802301
2022-02-24,1.48461,3.57593,2.75031,4.45704,3.86654,2.96066,4.0268,4.72268,3.53469,4.92965,5.01763,3.68794,5.38284,5.22416,3.58644,5.38402,3.97081,3.4273,3.80776,1.72781,1.72781,1.7208,1.7208,1.85083,1.20075,1.96765,1.16755,0.903469
2022-02-25,2.21261,3.57593,2.75031,4.45704,3.78244,2.89568,3.93932,4.53848,3.4576,4.8198,5.07757,3.732,5.44714,5.45137,3.74242,5.61817,3.75256,3.25748,3.60404,1.4253,1.4253,1.64087,1.64087,1.80452,1.20075,1.92364,1.1815,0.942762
2022-02-28,-0.24456,3.57593,2.75031,4.45704,4.18341,3.20547,4.35642,4.9099,3.82516,5.32311,5.41458,3.9797,5.80868,6.17434,4.23875,6.36327,3.92072,3.38412,3.75974,1.29672,1.29672,1.43034,1.43034,1.81095,1.20075,2.13346,1.25992,1.06779
2022-03-01,-1.55945,3.57593,2.75031,4.45704,3.70285,2.8342,3.85653,4.41324,3.38464,4.71782,4.92085,3.61681,5.27902,5.24946,3.60381,5.41009,3.3549,2.87383,3.21058,1.16336,1.16336,1.35593,1.35593,1.47889,1.20075,1.88199,1.14503,0.907844
2022-03-02,1.8471,3.57593,2.75031,4.45704,3.83808,2.93868,3.9972,4.41738,3.50861,4.88227,4.5867,3.37121,4.92054,5.52197,3.79089,5.69093,3.6494,3.15389,3.50075,1.00581,1.00581,1.75757,1.75757,1.71595,1.2208,1.95276,1.06728,0.954972
2022-03-03,-0.526852,3.57593,2.75031,4.45704,3.97238,3.04243,4.1369,4.57135,3.63171,5.04628,5.04767,3.71002,5.41507,6.05718,4.15832,6.24252,3.34381,2.91326,3.21464,1.042,1.042,1.58624,1.58624,1.64374,1.2208,2.02303,1.17454,1.04753
2022-03-04,-0.796568,3.57593,2.75031,4.45704,3.57977,2.73911,3.7285,4.12123,3.27181,4.54404,4.65184,3.41909,4.99043,5.23017,3.59056,5.3902,3.34577,2.87231,3.20373,0.924512,0.924512,1.38807,1.38807,1.51299,1.2208,1.81758,1.08244,0.904507
2022-03-07,-2.99626,3.57593,2.75031,4.45704,3.34186,2.5553,3.48101,3.84847,3.05372,4.23483,4.38639,3.22398,4.70565,5.25411,3.607,5.41488,3.03024,2.61919,2.90693,1.01264,1.01264,1.41058,1.41058,1.42967,1.2208,1.67734,1.02067,0.908649
2022-03-08,-0.726003,3.57593,2.81566,4.46429,4.78099,3.66714,4.97804,5.4984,4.37266,6.03108,5.55503,4.08293,5.95936,7.21599,4.95386,7.43679,4.32676,3.72915,4.14748,1.73409,1.73409,1.67931,1.67931,2.02314,1.22553,2.44617,1.2926,1.24794
2022-03-09,2.53736,3.57593,2.81566,4.46429,4.31707,3.30873,4.49547,4.96653,3.94769,5.45475,5.11093,3.75652,5.48294,5.98121,4.10616,6.16422,3.98585,3.45193,3.82567,1.50547,1.50547,1.779,1.779,1.92696,1.2208,2.20341,1.18926,1.03439
2022-03-10,-0.430106,3.57593,2.81566,4.46429,4.79245,3.676,4.98996,5.51154,4.3678,6.04409,5.66642,4.1648,6.07886,7.38126,5.06732,7.60712,4.26372,3.72381,4.10175,1.47002,1.47002,1.70484,1.70484,2.1458,1.2208,2.44089,1.31852,1.27652
2022-03-11,-1.30463,3.57593,2.81566,4.46429,4.25657,3.26199,4.43253,4.89717,3.87828,5.37159,5.30615,3.90001,5.69237,6.00621,4.12333,6.18999,4.02741,3.49223,3.86686,1.47917,1.47917,1.54727,1.54727,1.95433,1.2208,2.15183,1.23469,1.03872
2022-03-14,-0.744868,3.57593,2.81566,4.46429,4.11613,3.15349,4.28644,4.73616,3.74999,5.19535,5.26011,3.84957,5.60095,5.75009,4.03878,5.9818,3.83439,3.34404,3.68729,1.49106,1.49106,1.57537,1.57537,1.91538,1.2208,2.07898,1.22398,1.02084
2022-03-15,2.11826,3.57593,2.81566,4.46429,3.75527,2.88562,3.90345,4.34109,3.45666,4.78366,4.93266,3.60993,5.25228,5.32701,3.74162,5.54167,3.70293,3.22675,3.56008,1.42586,1.42586,1.71822,1.71822,1.83834,1.20075,1.88619,1.14778,0.945724
2022-03-16,2.21369,3.57593,2.81566,4.46429,4.08501,3.1413,4.2458,4.72071,3.76097,5.20096,5.43606,3.97833,5.7883,6.33957,4.45282,6.59503,3.97109,3.45848,3.8173,1.37857,1.37857,1.60954,1.60954,1.96157,1.20075,2.08949,1.26492,1.12549
2022-03-17,1.22722,3.57593,2.81566,4.46429,4.38582,3.37455,4.55812,5.06703,4.03859,5.58166,5.86978,4.29575,6.25012,7.09237,4.98158,7.37817,3.80997,3.3338,3.66712,1.28462,1.28462,1.78748,1.78748,1.93872,1.19817,2.21238,1.36584,1.25914
2022-03-18,1.15948,3.57593,2.81566,4.46429,4.08163,3.13868,4.24229,4.71683,3.75785,5.19669,5.85889,4.28778,6.23853,6.47396,4.54722,6.73484,3.84024,3.33891,3.68984,1.26341,1.26341,1.58477,1.58477,1.84838,1.19817,2.05502,1.36331,1.14935
2022-03-21,-0.0434746,3.57593,2.81566,4.46429,3.8051,2.92425,3.95518,4.39846,3.50265,4.84672,5.39607,3.94907,5.74571,6.49491,4.56194,6.75664,3.92465,3.39439,3.76557,1.21665,1.21665,1.15013,1.15013,1.82656,1.19817,1.91197,1.25561,1.15307
2022-03-22,1.12407,3.57593,2.81566,4.46429,3.36125,2.58008,3.49434,3.88746,3.09302,4.28499,5.10296,3.73456,5.43361,5.11229,3.5908,5.3183,3.83546,3.30479,3.67626,1.10409,1.10409,1.38716,1.38716,1.74523,1.18951,1.66607,1.18741,0.907604
2022-03-23,-1.23486,3.57593,2.81566,4.46429,3.20451,2.45855,3.33162,3.70702,2.94838,4.08663,4.77405,3.49385,5.08339,5.23704,3.67842,5.44808,3.76108,3.23449,3.6031,1.05798,1.05798,1.3521,1.3521,1.69791,1.18951,1.58572,1.11087,0.929751
2022-03-24,1.4242,3.57593,2.81566,4.46429,3.26118,2.50249,3.39045,3.77226,3.00068,4.15835,5.01766,3.67213,5.34279,5.42366,3.8095,5.64222,3.68604,3.18378,3.53536,1.11333,1.11333,1.45769,1.45769,1.73066,1.19817,1.61477,1.16756,0.962883
2022-03-25,0.505338,3.57593,2.81566,4.46429,3.27834,2.51579,3.40826,3.79201,3.01651,4.18006,5.10216,3.73398,5.43277,5.70363,4.00615,5.93347,3.74263,3.23291,3.58971,1.25077,1.25077,1.16077,1.16077,1.75735,1.19817,1.62357,1.18722,1.01259
2022-03-28,0.711954,3.57593,2.81566,4.46429,2.9366,2.25081,3.05345,3.39857,2.70112,3.74757,4.87647,3.5688,5.19245,5.13959,3.60998,5.3467,3.51279,3.0289,3.36762,1.16887,1.16887,1.20029,1.20029,1.6375,1.18951,1.43596,1.13471,0.912451
2022-03-29,1.2182,3.57593,2.81566,4.46429,2.69945,2.06692,2.80723,3.12555,2.48226,3.44744,4.48946,3.28557,4.78036,4.71186,3.30954,4.90173,3.27687,2.80266,3.1346,1.07037,1.07037,1.15367,1.15367,1.43502,1.18951,1.31535,1.04465,0.836514
2022-03-30,-0.631359,3.57593,2.81566,4.46429,2.73397,2.09368,2.84307,3.16528,2.51412,3.49112,4.75313,3.47854,5.06111,4.85592,3.41073,5.0516,3.32982,2.85418,3.18712,0.986046,0.986046,1.17739,1.17739,1.46617,1.18951,1.3329,1.10601,0.862089
2022-03-31,-1.57763,3.57593,2.81566,4.46429,2.58815,1.98061,2.69166,2.9974,2.37954,3.30658,4.58443,3.35508,4.88149,4.69168,3.29537,4.88074,3.1383,2.68027,3.00089,1.16104,1.16104,1.18176,1.18176,1.37168,1.18951,1.25874,1.06675,0.832932
2022-04-01,0.340442,3.57593,2.81566,4.46429,3.06086,2.34716,3.18246,3.54163,2.8158,3.90483,4.81463,3.52355,5.1266,5.08854,3.57412,5.29359,3.49606,3.02886,3.3559,1.31253,1.31253,1.4235,1.4235,1.67027,1.19817,1.51208,1.12032,0.903388
2022-04-04,0.805837,3.57593,2.81566,4.46429,2.72538,2.08702,2.83414,3.15539,2.50619,3.48025,4.86468,3.56017,5.17989,4.53757,3.18713,4.72042,3.58324,3.08282,3.43312,1.29626,1.29626,1.36159,1.36159,1.65498,1.19817,1.3401,1.13196,0.805572
2022-04-05,-1.26312,3.57593,2.81566,4.46429,2.55773,1.95702,2.66008,2.96238,2.35147,3.26808,4.43426,3.24517,4.72158,4.80313,3.37365,4.99669,3.48451,3.004,3.34035,1.18821,1.18821,1.12015,1.12015,1.62895,1.19817,1.25415,1.03181,0.852719
2022-04-06,-0.976443,3.57593,2.81566,4.46429,2.80701,2.15031,2.9189,3.24937,2.58152,3.58356,4.71988,3.4542,5.02571,4.87198,3.42201,5.06831,3.57643,3.11332,3.43749,1.19634,1.19634,1.38665,1.38665,1.76295,1.20075,1.39189,1.09827,0.864941
2022-04-07,0.424437,3.57593,2.81566,4.46429,2.81165,2.15392,2.92372,3.25472,2.58581,3.58943,4.58123,3.35273,4.87807,4.93079,3.46332,5.12949,3.79535,3.30838,3.64926,1.15499,1.15499,1.35553,1.35553,1.88312,1.20075,1.39429,1.06601,0.875382
2022-04-08,-0.265455,3.57593,2.81566,4.46429,2.5244,1.93118,2.62548,2.92401,2.32071,3.2259,4.63718,3.39368,4.93766,4.51323,3.17003,4.6951,3.60738,3.13045,3.4643,1.08404,1.08404,1.32013,1.32013,1.74774,1.20075,1.23693,1.07903,0.801251
2022-04-11,-1.70213,3.57593,2.81566,4.46429,2.29662,1.75455,2.38898,2.66177,2.11049,2.93762,4.4731,3.2736,4.76295,4.04976,2.8445,4.21296,3.41981,2.95849,3.28141,1.15062,1.15062,1.34992,1.34992,1.6068,1.20075,1.12017,1.04085,0.71897
2022-04-12,-0.34233,3.57593,2.81566,4.46429,2.98148,2.28758,3.09871,3.43962,2.73643,3.80325,4.88067,3.57187,5.19692,4.63413,3.25495,4.82087,3.78067,3.28757,3.63274,1.29967,1.29967,1.51784,1.51784,1.85975,1.2208,1.47697,1.13568,0.822715
2022-04-13,1.11126,3.57593,2.81566,4.46429,2.70385,2.07212,2.81058,3.12094,2.48076,3.45199,4.7509,3.47691,5.05875,4.16923,2.92841,4.33724,3.84441,3.34848,3.69563,1.25507,1.25507,1.41545,1.41545,1.90274,1.20075,1.33415,1.10549,0.740179
2022-04-14,-1.22185,3.57593,2.81566,4.46429,2.68011,2.0537,2.78594,3.09369,2.4589,3.42195,4.70542,3.44362,5.01032,4.40982,3.09739,4.58752,3.72428,3.26329,3.58598,1.31471,1.31471,1.32105,1.32105,1.89846,1.20075,1.32194,1.09491,0.782892
2022-04-18,-0.0204889,3.57593,2.81566,4.46429,2.86503,2.1972,2.97785,3.30595,2.62919,3.65591,4.93799,3.61383,5.25796,4.7243,3.31828,4.91467,3.84446,3.36287,3.69999,1.37873,1.37873,1.33098,1.33098,1.94635,1.22052,1.41707,1.14902,0.838723
2022-04-19,1.59301,3.57593,2.81566,4.46429,2.55349,1.95543,2.65452,2.94834,2.34229,3.26174,4.55545,3.33387,4.85063,3.95792,2.77999,4.11741,3.63783,3.1844,3.5018,1.3604,1.3604,1.44354,1.44354,1.84769,1.22052,1.2568,1.06001,0.702665
2022-04-20,-0.0618674,3.57593,2.81566,4.46429,2.86994,2.20101,2.98295,3.31158,2.63371,3.66212,4.97539,3.6412,5.29778,4.55411,3.19874,4.73762,3.89553,3.40514,3.74841,1.40802,1.40802,1.26242,1.26242,1.95871,1.22052,1.41959,1.15772,0.808508
2022-04-21,-1.48628,3.57593,2.81566,4.46429,2.56128,1.96148,2.66261,2.95728,2.34946,3.27159,4.49341,3.28846,4.78457,4.12316,2.89605,4.28931,3.8527,3.36099,3.70519,1.32633,1.32633,1.27824,1.27824,1.89672,1.22052,1.26081,1.04557,0.731999
2022-04-22,-2.81321,3.57593,2.81566,4.46429,2.96922,2.27806,3.08599,3.42555,2.72514,3.78772,4.79892,3.51205,5.10988,4.49232,3.15535,4.67335,4.13679,3.59822,3.97522,1.33146,1.33146,1.3914,1.3914,2.00903,1.22213,1.48369,1.11666,0.797539
2022-04-25,0.568176,3.57593,2.81566,4.46429,4.36678,3.36263,4.53642,5.02975,4.02584,5.5605,6.12346,4.4814,6.52024,5.81517,4.0845,6.0495,4.4255,3.88387,4.26301,1.59385,1.59385,1.53031,1.53031,2.26421,1.22553,2.23725,1.42487,1.03239
2022-04-26,-2.855,3.57593,2.81566,4.46429,3.88834,2.99134,4.03988,4.48057,3.58378,4.95468,5.62109,4.11375,5.98532,5.28959,3.71534,5.50275,4.31611,3.78289,4.15614,1.41077,1.41077,1.44151,1.44151,2.17197,1.22553,1.98605,1.30797,0.939081
2022-04-27,0.209586,3.57593,2.84614,4.46465,4.93155,3.80092,5.12256,5.67803,4.54766,6.2756,6.35815,4.65315,6.77013,6.23206,4.37731,6.48319,4.45866,3.91207,4.29468,1.69032,1.69032,1.37384,1.37384,2.25869,1.23356,2.53824,1.47948,1.1064
2022-04-28,2.44456,3.57593,2.84614,4.46465,4.34486,3.34562,4.51367,5.00459,4.00559,5.5327,5.87614,4.3004,6.2569,5.21275,3.66136,5.42281,4.52328,3.96595,4.35608,1.48917,1.48917,1.54077,1.54077,2.27045,1.23356,2.22968,1.36732,0.92544
2022-04-29,-3.69592,3.57593,2.84614,4.46465,4.72971,3.64429,4.91308,5.44635,4.36117,6.01998,6.28198,4.59741,6.68903,5.81709,4.08584,6.0515,4.54144,4.00459,4.38039,1.57837,1.57837,1.50818,1.50818,2.33484,1.23356,2.43209,1.46175,1.03273
2022-05-02,0.56592,3.59359,2.85115,4.49845,6.17137,4.76308,6.40929,7.10118,5.69321,7.8454,7.588,5.55322,8.07968,7.45792,5.23834,7.75845,5.28621,4.62999,5.08934,1.85757,1.85757,1.91882,1.91882,2.60533,1.23532,3.22072,1.76565,1.32403
2022-05-03,0.482547,3.59359,2.85115,4.49845,5.4529,4.20551,5.66363,6.27646,5.02937,6.93559,6.65431,4.8699,7.08549,6.07071,4.26398,6.31534,4.85286,4.22356,4.66407,1.57209,1.57209,1.57025,1.57025,2.35006,1.23532,2.83937,1.54839,1.07776
2022-05-04,2.94252,3.59359,2.85115,4.49845,4.81834,3.71307,5.00507,5.54808,4.44307,6.13204,6.0552,4.43144,6.44755,5.49109,3.85687,5.71236,4.4647,3.88626,4.29117,1.57056,1.57056,1.31489,1.31489,2.14731,1.23532,2.50256,1.40899,0.974854
2022-05-05,-3.63007,3.59359,2.85115,4.49845,5.42014,4.18009,5.62963,6.23886,4.9991,6.89394,6.59308,4.82509,7.02029,6.7281,4.72573,6.99923,4.68364,4.07725,4.50172,1.6723,1.6723,1.47286,1.47286,2.29095,1.23532,2.82198,1.53415,1.19447
2022-05-06,-0.569039,3.63073,2.85795,4.52945,6.54215,5.05082,6.7941,7.52677,6.0358,8.31442,7.36026,5.38654,7.83718,9.01066,6.32896,9.37376,5.46613,4.77381,5.25844,1.78915,1.78915,1.71353,1.71353,2.65427,1.2394,3.42898,1.71266,1.5997
2022-05-09,-3.25615,3.63073,2.85795,4.52945,5.80889,4.48178,6.03309,6.6851,5.35829,7.3858,6.66359,4.87669,7.09537,6.69714,4.70398,6.96702,4.89031,4.26974,4.70414,1.7578,1.7578,1.69313,1.69313,2.41998,1.2394,3.03852,1.55055,1.18897
2022-05-10,0.245487,3.63073,2.97304,4.54077,6.50864,5.02482,6.75932,7.48831,6.00484,8.27148,7.06109,5.1676,7.51862,8.35647,5.86947,8.69321,5.48178,4.80573,5.27897,1.91795,1.91795,1.9456,1.9456,2.74917,1.24199,3.4271,1.64305,1.48356
2022-05-11,-1.66002,3.63073,2.97304,4.54077,5.83255,4.49854,6.05897,6.60846,5.30005,7.33953,6.91591,5.06135,7.36403,6.2569,4.39476,6.50904,5.09766,4.43401,4.89857,1.74548,1.74548,2.02017,2.02017,2.44924,1.24199,3.05466,1.60926,1.11081
2022-05-12,-0.129679,3.63073,2.97304,4.54077,5.5625,4.28907,5.77864,6.30318,5.05418,7.00069,6.7576,4.94549,7.19547,6.67406,4.68777,6.94301,5.15879,4.52327,4.96813,1.76632,1.76632,2.03933,2.03933,2.56785,1.26727,2.90417,1.57243,1.18487
2022-05-13,2.35893,3.63073,2.97304,4.54077,4.89156,3.76861,5.08216,5.54471,4.44331,6.15934,6.40348,4.68633,6.81841,5.60409,3.93624,5.82992,4.80705,4.16689,4.615,1.65145,1.65145,1.81012,1.81012,2.2709,1.26727,2.54738,1.49003,0.994916
2022-05-16,-0.395421,3.63073,2.97304,4.54077,5.10324,3.93282,5.3019,5.78401,4.63604,6.42404,6.50342,4.75948,6.92482,6.39696,4.49313,6.65474,5.13973,4.45161,4.93329,1.61301,1.61301,1.82618,1.82618,2.40672,1.26727,2.65995,1.51328,1.13568
2022-05-17,1.99689,3.63073,2.97304,4.54077,4.5257,3.48481,4.70237,5.13112,4.11021,5.69965,6.56381,4.80367,6.98912,5.7531,4.0409,5.98493,4.85553,4.1972,4.65803,1.52345,1.52345,1.64663,1.64663,2.25162,1.26727,2.35282,1.52733,1.02137
2022-05-18,-4.12338,3.63073,2.97304,4.54077,4.59901,3.54168,4.77847,5.214,4.17696,5.79145,6.2986,4.60958,6.70673,6.36444,4.47029,6.62091,4.88187,4.23528,4.68789,1.74288,1.74288,1.69125,1.69125,2.30867,1.26727,2.39181,1.46562,1.1299
2022-05-19,-0.585087,3.70019,2.97373,4.58678,6.59023,5.08628,6.84549,7.46499,5.98989,8.28586,6.77085,4.95519,7.20958,8.07891,5.67452,8.40447,5.30034,4.6271,5.09837,2.0998,2.0998,2.09226,2.09226,2.56084,1.30487,3.45069,1.57551,1.43428
2022-05-20,0.0146139,3.70019,2.97373,4.58678,5.84238,4.50617,6.06918,6.61958,5.30901,7.34763,6.96709,5.0988,7.41853,6.50686,4.57033,6.76907,5.16412,4.50378,4.96602,1.7902,1.7902,2.17448,2.17448,2.53254,1.30487,3.053,1.62117,1.15519
2022-05-23,1.8385,3.70019,2.97373,4.58678,5.1278,3.95187,5.32739,5.81177,4.6584,6.45143,6.36009,4.65458,6.7722,5.30823,3.72842,5.52213,4.78245,4.17813,4.60116,1.79701,1.79701,1.89102,1.89102,2.36346,1.30487,2.67301,1.47993,0.942389
2022-05-24,-0.815395,3.70019,2.97373,4.58678,4.97492,3.83328,5.16869,5.63894,4.51921,6.25732,6.48568,4.74649,6.90593,6.48427,4.55446,6.74557,4.63535,4.03684,4.4558,1.48071,1.48071,1.69491,1.69491,2.23732,1.30487,2.59171,1.50916,1.15118
2022-05-25,0.940639,3.70019,2.97373,4.58678,4.51677,3.47789,4.6931,5.12102,4.10208,5.68059,6.20476,4.5409,6.60681,6.17327,4.33602,6.42204,4.48834,3.89372,4.30995,1.52374,1.52374,1.73359,1.73359,2.1657,1.30487,2.34808,1.44379,1.09596
2022-05-26,1.96882,3.70019,2.97373,4.58678,4.0985,3.15343,4.2589,4.64819,3.72126,5.15475,5.71148,4.1799,6.08157,6.28803,4.41663,6.54142,4.28104,3.70518,4.10828,1.40325,1.40325,1.66282,1.66282,2.00797,1.30487,2.12565,1.32901,1.11634
2022-05-27,2.44411,3.70019,2.97373,4.58678,4.26208,3.28032,4.42871,4.8331,3.86563,5.35504,5.90165,4.31908,6.28406,6.41139,4.50327,6.66975,4.25885,3.71,4.09419,1.45755,1.45755,1.54718,1.54718,2.09459,1.30487,2.21264,1.37326,1.13824
2022-05-31,-0.629413,3.70019,2.97373,4.58678,4.71189,3.62925,4.89565,5.3416,4.25282,5.91717,6.02208,4.40721,6.4123,7.18612,5.04743,7.4757,4.00563,3.46741,3.84416,1.27241,1.27241,1.62009,1.62009,1.8806,1.30487,2.45184,1.40128,1.27578
2022-06-01,-0.75109,3.70019,2.97373,4.58678,4.24076,3.26379,4.40659,4.80901,3.8265,5.3284,5.53622,4.05164,5.89495,6.4147,4.5056,6.67319,4.04882,3.53435,3.89448,1.25322,1.25322,1.74137,1.74137,1.99762,1.30487,2.2013,1.28823,1.13883
2022-06-02,1.82632,3.70019,2.97373,4.58678,3.87947,2.98354,4.03154,4.40059,3.49957,4.8769,5.10408,3.73537,5.4348,6.30268,4.42691,6.55666,3.79911,3.28946,3.64621,1.20682,1.20682,1.41717,1.41717,1.7781,1.30487,2.00918,1.18767,1.11894
2022-06-03,-1.64824,3.70019,2.97373,4.58678,4.00778,3.08306,4.16473,4.54563,3.61567,5.03724,5.2328,3.82958,5.57187,6.39822,4.49402,6.65605,4.20291,3.62623,4.0299,1.274,1.274,1.36047,1.36047,1.93171,1.30487,2.07741,1.21762,1.1359
2022-06-06,0.31325,3.70019,2.97373,4.58678,4.13629,3.18275,4.29814,4.69091,3.73196,5.19785,5.19976,3.8054,5.53669,6.84689,4.80916,7.1228,4.07384,3.52957,3.91056,1.43111,1.43111,1.67326,1.67326,1.92472,1.30791,2.14575,1.20993,1.21555
2022-06-07,0.947833,3.70019,2.97373,4.58678,3.6495,2.80514,3.79281,4.14061,3.29147,4.5895,5.04811,3.69442,5.37521,6.1609,4.32733,6.40917,3.97263,3.42326,3.80782,1.36438,1.36438,1.46079,1.46079,1.82987,1.30791,1.88688,1.17465,1.09377
2022-06-08,-1.08526,3.70019,2.97373,4.58678,3.37585,2.59287,3.50874,3.83126,3.04384,4.24752,4.692,3.4338,4.99602,6.02497,4.23185,6.26776,3.94075,3.4002,3.77859,1.28781,1.28781,1.41177,1.41177,1.81531,1.30791,1.74136,1.09178,1.06964
2022-06-09,-2.40864,3.70019,2.97373,4.58678,3.33908,2.56746,3.46815,3.79364,3.01017,4.21855,4.58573,3.35603,4.88287,5.39849,3.79182,5.61603,4.12069,3.535,3.94498,1.44641,1.44641,1.70941,1.70941,1.85652,1.30791,1.71629,1.06705,0.958414
2022-06-10,-2.95424,3.70019,2.97373,4.58678,4.23362,3.26231,4.39609,4.80581,3.8196,5.34068,5.01389,3.66937,5.33877,6.01022,4.2215,6.25242,4.72708,4.08399,4.53415,1.75632,1.75632,1.93391,1.93391,2.24221,1.31582,2.19089,1.16668,1.06702
2022-06-13,-3.95399,3.70019,2.97373,4.58678,5.25495,4.05566,5.45555,5.96144,4.74375,6.62186,5.56224,4.07067,5.92265,7.18707,5.0481,7.47669,4.75364,4.14239,4.57027,1.97986,1.97986,1.80838,1.80838,2.37778,1.32185,2.76375,1.29428,1.27595
2022-06-14,-0.378082,3.95569,2.99693,4.62509,6.74692,5.21459,7.00323,7.6496,6.09376,8.49342,6.86919,5.02716,7.31429,9.20451,6.46512,9.57542,5.63796,4.92683,5.42462,2.33728,2.33728,2.38505,2.38505,2.86731,1.33057,3.56812,1.59839,1.63411
2022-06-15,1.44871,3.95569,2.99693,4.62509,5.97705,4.61658,6.20462,6.7785,5.39714,7.52768,5.76504,4.1016,6.13859,7.06772,4.94043,7.30644,5.60169,4.85302,5.37709,2.04015,2.04015,2.29024,2.29024,2.71812,1.32185,3.15476,1.34147,1.25476
2022-06-16,-3.30522,3.95569,2.99693,4.62509,5.50926,4.25321,5.71936,6.24919,4.97386,6.94087,5.6366,4.01023,6.00183,7.40802,5.1783,7.65824,5.2065,4.51996,5.00054,1.74382,1.74382,1.87647,1.87647,2.54156,1.32185,2.90356,1.31158,1.31517
2022-06-17,0.219846,3.95569,3.02431,4.63638,6.37127,4.9228,6.61356,7.22456,5.75386,8.0222,6.42036,4.56785,6.83638,8.98866,6.28319,9.29227,5.45606,4.77085,5.2505,2.21301,2.21301,2.40491,2.40491,2.74966,1.33057,3.3783,1.49396,1.59579
2022-06-21,2.41825,3.95569,3.02431,4.63638,5.61881,4.3383,5.833,6.37315,5.07299,7.0783,5.85516,4.16572,6.23455,6.7961,4.75056,7.02565,5.66778,4.88988,5.43441,2.08093,2.08093,2.31421,2.31421,2.67658,1.33057,2.97255,1.36244,1.20654
2022-06-22,-0.130241,3.95569,3.02431,4.63638,5.67702,4.38352,5.89338,6.43902,5.12566,7.15132,6.5382,4.65168,6.96185,8.04792,5.6256,8.31975,5.41473,4.7317,5.20982,2.20167,2.20167,2.16012,2.16012,2.73927,1.33057,3.00336,1.52138,1.42878
2022-06-23,0.948708,3.95569,3.02431,4.63638,5.01733,3.87109,5.20906,5.69258,4.52874,6.32379,6.51746,4.63693,6.93977,6.41423,4.48363,6.63088,5.25466,4.51205,5.03188,1.98901,1.98901,2.00764,2.00764,2.41533,1.33057,2.64744,1.51655,1.13874
2022-06-24,3.01055,3.95569,3.02431,4.63638,4.54126,3.50129,4.71522,5.15391,4.09797,5.7266,6.11656,4.3517,6.51289,6.36313,4.44791,6.57806,5.09959,4.44177,4.90225,1.99745,1.99745,2.10892,2.10892,2.54611,1.33057,2.39051,1.42326,1.12967
2022-06-27,-0.29775,3.95569,3.02431,4.63638,5.30786,4.09677,5.51044,6.02132,4.79163,6.68824,6.53741,4.65112,6.96101,7.96616,5.56845,8.23523,5.61625,4.87034,5.39248,2.02356,2.02356,1.99614,1.99614,2.71719,1.33057,2.80244,1.52119,1.41426
2022-06-28,-2.03487,3.95569,3.02431,4.63638,4.7114,3.63344,4.89171,5.34641,4.25191,5.94002,6.41575,4.56457,6.83147,6.3266,4.42238,6.54029,5.14618,4.44327,4.93531,1.99103,1.99103,2.15026,2.15026,2.4559,1.33057,2.48052,1.49288,1.12319
2022-06-29,-0.071198,3.95569,3.02431,4.63638,4.89915,3.77928,5.08647,5.55885,4.4218,6.17554,6.48181,4.61156,6.90181,7.74302,5.41247,8.00456,5.32785,4.66613,5.12933,2.13574,2.13574,2.27762,2.27762,2.69169,1.35644,2.58037,1.50825,1.37465
2022-06-30,-0.879787,3.95569,3.02431,4.63638,4.33286,3.33941,4.49904,4.9181,3.9094,5.46518,6.76992,4.81654,7.20859,6.28162,4.39094,6.4938,5.84687,5.06782,5.61315,2.07593,2.07593,2.1145,2.1145,2.79404,1.35644,2.27397,1.57529,1.1152
2022-07-01,1.04985,3.95569,3.02431,4.63638,4.01352,3.09135,4.16777,4.55677,3.62044,5.06459,6.11346,4.3495,6.50959,6.06509,4.23958,6.26995,5.18127,4.50828,4.97937,2.03443,2.03443,2.22763,2.22763,2.55843,1.35644,2.10093,1.42254,1.07676
2022-07-05,0.158287,3.95569,3.02431,4.63638,3.72354,2.86609,3.86696,4.22865,3.35805,4.70083,6.20341,4.41349,6.60537,5.88681,4.11496,6.08565,5.34506,4.64395,5.13472,2.09812,2.09812,2.03008,2.03008,2.61069,1.35644,1.94493,1.44347,1.04511
2022-07-06,0.35668,3.95569,3.02431,4.63638,3.29994,2.53705,3.42755,3.74935,2.97476,4.16946,5.85572,4.16613,6.23516,5.4771,3.82856,5.6621,5.08634,4.45474,4.89686,1.90269,1.90269,1.77377,1.77377,2.57625,1.35644,1.71745,1.36257,0.97237
2022-07-07,1.48537,3.95569,3.02431,4.63638,2.94455,2.26099,3.05888,3.34723,2.65318,3.72364,5.73303,4.07883,6.10451,4.88179,3.41243,5.04668,4.79942,4.20734,4.62179,1.92318,1.92318,1.86511,1.86511,2.45014,1.35644,1.52659,1.33402,0.866683
2022-07-08,-0.0830608,3.95569,3.02431,4.63638,3.08717,2.37178,3.20684,3.50861,2.78223,3.90256,5.80778,4.13201,6.1841,5.93962,4.15187,6.14024,4.82434,4.24294,4.64992,1.87934,1.87934,1.98219,1.98219,2.50359,1.35644,1.60315,1.35141,1.05448
2022-07-11,-1.15944,3.95569,3.02431,4.63638,2.74492,2.10865,2.85007,3.11975,2.47511,3.4678,5.9189,4.21107,6.30243,5.1667,3.61159,5.34121,4.95568,4.32373,4.76609,1.83741,1.83741,1.76721,1.76721,2.46862,1.35644,1.4165,1.37727,0.917263
2022-07-12,-0.928687,3.95569,3.02431,4.63638,2.88466,2.21732,2.99494,3.27779,2.60167,3.64284,5.76266,4.09992,6.13606,4.97455,3.47727,5.14257,4.94045,4.31584,4.75307,1.90533,1.90533,1.91116,1.91116,2.48658,1.35644,1.49133,1.34092,0.88315
2022-07-13,-0.446686,3.95569,3.02431,4.63638,2.85619,2.19518,2.96542,3.24559,2.57588,3.60717,5.71857,4.06855,6.08911,4.71179,3.2936,4.87094,4.53077,3.97448,4.36388,1.81271,1.81271,1.59951,1.59951,2.31824,1.35644,1.47603,1.33066,0.836501
2022-07-14,-0.300313,3.95569,3.02431,4.63638,2.62991,2.01921,2.73083,2.98967,2.37094,3.32374,5.53369,3.93701,5.89225,4.68633,3.2758,4.84462,4.7736,4.12597,4.57931,1.78812,1.78812,1.70445,1.70445,2.24712,1.35644,1.35473,1.28764,0.831982
2022-07-15,1.90192,3.95569,3.02431,4.63638,2.39895,1.8396,2.49139,2.72847,2.16176,3.03444,4.7985,3.41395,5.10942,3.94136,2.75506,4.07449,4.57569,3.95586,4.38974,1.72333,1.72333,1.43126,1.43126,2.18067,1.35644,1.23092,1.11656,0.699725
2022-07-18,-0.839874,3.95569,3.02431,4.63638,3.03054,2.33076,3.14618,3.44277,2.73379,3.82556,5.59333,3.97944,5.95576,4.85123,3.39107,5.01509,4.9309,4.23727,4.72281,1.78792,1.78792,1.65946,1.65946,2.26766,1.35644,1.56919,1.30151,0.861257
2022-07-19,2.72535,3.95569,3.02431,4.63638,2.92709,2.25031,3.03892,3.32577,2.6401,3.69598,5.21204,3.70817,5.54977,4.87797,3.40976,5.04273,4.31112,3.7497,4.1427,1.87195,1.87195,1.61792,1.61792,2.1203,1.35644,1.51194,1.21279,0.866004
2022-07-20,0.58785,3.95569,3.02431,4.63638,4.07827,3.14555,4.2324,4.62773,3.68274,5.13794,5.94743,4.23137,6.3328,5.98547,4.18392,6.18764,5.31365,4.57357,5.09163,1.83899,1.83899,1.8472,1.8472,2.44888,1.35644,2.12791,1.38391,1.06262
2022-07-21,0.981308,3.95569,3.02431,4.63638,3.64757,2.81061,3.78587,4.14062,3.29265,4.59845,5.92066,4.21233,6.3043,5.31136,3.71271,5.49076,4.6445,4.02852,4.4597,1.74587,1.74587,1.85008,1.85008,2.24308,1.35644,1.89742,1.37768,0.942945
2022-07-22,-0.93763,3.95569,3.02431,4.63638,3.39161,2.61155,3.52051,3.85113,3.06082,4.27783,5.51659,3.92484,5.87405,5.07864,3.55004,5.25018,4.64081,4.02001,4.45457,1.53586,1.53586,1.7881,1.7881,2.20318,1.35644,1.76042,1.28366,0.901631
2022-07-25,0.13143,3.95569,3.02431,4.63638,3.26213,2.51086,3.38628,3.7047,2.94355,4.11565,5.24075,3.7286,5.58034,5.33955,3.73241,5.5199,4.76428,4.11224,4.56867,1.66954,1.66954,1.79731,1.79731,2.23366,1.35644,1.69078,1.21947,0.94795
2022-07-26,-1.16104,3.95569,3.02431,4.63638,2.89339,2.22411,3.00399,3.28766,2.60958,3.65377,4.99147,3.55124,5.3149,4.43635,3.10106,4.58619,4.56261,3.94995,4.37881,1.45744,1.45744,1.71079,1.71079,2.14961,1.35644,1.493,1.16147,0.787601
2022-07-27,2.58201,3.95569,3.02431,4.63638,2.99585,2.30379,3.11021,3.40354,2.70238,3.78211,5.16189,3.67249,5.49636,4.75781,3.32577,4.91851,4.38266,3.80984,4.21081,1.54432,1.54432,1.86221,1.86221,2.12224,1.35644,1.5471,1.20112,0.844672
2022-07-28,1.20603,3.95569,3.02431,4.63638,3.9863,3.07403,4.13705,4.52372,3.59944,5.02274,5.63115,4.00635,5.99603,6.06831,4.24182,6.27327,4.81144,4.18487,4.62347,1.80067,1.80067,1.8759,1.8759,2.32085,1.35644,2.07533,1.31031,1.07733
2022-07-29,1.41078,3.95569,3.02431,4.63638,3.75961,2.89774,3.90203,4.26734,3.39413,4.73879,5.68174,4.04234,6.04989,5.98925,4.18657,6.19155,4.32787,3.78595,4.1653,1.77508,1.77508,1.86744,1.86744,2.14466,1.35644,1.95268,1.32208,1.06329
2022-08-01,-0.282706,3.95569,3.02431,4.63638,3.67268,2.83013,3.81191,4.16902,3.31539,4.62989,5.52472,3.93063,5.88271,5.6828,3.97235,5.87475,4.48228,3.9107,4.3108,1.7018,1.7018,1.84321,1.84321,2.18855,1.35644,1.90433,1.28555,1.00889
2022-08-02,-0.66847,3.95569,3.02431,4.63638,3.28535,2.52892,3.41035,3.73096,2.96458,4.14473,5.44727,3.87552,5.80023,5.25334,3.67215,5.43078,4.43691,3.86596,4.26562,1.66158,1.66158,1.93893,1.93893,2.15038,1.35644,1.69557,1.26753,0.932645
2022-08-03,1.55175,3.95569,3.02431,4.63638,3.0624,2.35554,3.17921,3.47881,2.76265,3.86546,5.26743,3.74757,5.60874,4.84437,3.38628,5.008,4.34608,3.7973,4.18145,1.5586,1.5586,1.75832,1.75832,2.11702,1.35644,1.57507,1.22568,0.86004
2022-08-04,-0.0777647,3.95569,3.02431,4.63638,3.22015,2.47822,3.34275,3.65722,2.90553,4.06305,5.5218,3.92855,5.8796,5.13266,3.5878,5.30603,4.31714,3.75781,4.14934,1.60726,1.60726,1.70537,1.70537,2.09606,1.35644,1.65585,1.28487,0.911221
2022-08-05,-0.162707,3.95569,3.02431,4.63638,2.86646,2.20317,2.97607,3.25721,2.58519,3.62002,5.08892,3.62058,5.41867,4.83552,3.38009,4.99885,4.18167,3.59055,4.00434,1.48541,1.48541,1.61576,1.61576,1.84533,1.35644,1.46723,1.18414,0.858468
2022-08-08,-0.12383,3.95569,3.02431,4.63638,2.58412,1.98116,2.68431,2.93994,2.32067,3.26287,4.62415,3.28991,4.92378,4.19648,2.93339,4.33822,4.14389,3.575,3.97322,1.4622,1.4622,1.54771,1.54771,1.87588,1.35644,1.31302,1.076,0.745017
2022-08-09,-0.425776,3.95569,3.02431,4.63638,2.33161,1.7849,2.42246,2.65424,2.09274,2.94704,4.04367,2.87692,4.30569,3.60551,2.5203,3.72729,3.90788,3.33809,3.73694,1.26085,1.26085,1.55098,1.55098,1.66561,1.35644,1.17907,0.940923,0.640099
2022-08-10,2.10672,3.95569,3.02431,4.63638,2.19308,1.67722,2.2788,2.4975,1.96769,2.77376,3.43168,2.44151,3.65405,3.35291,2.34373,3.46617,3.76803,3.23344,3.60765,1.27688,1.27688,1.56396,1.56396,1.66324,1.35644,1.10559,0.79852,0.595256
2022-08-11,-0.0705719,3.95569,3.02431,4.63638,3.06868,2.35779,3.1868,3.48818,2.75807,3.86886,4.43905,3.15822,4.72669,4.23267,2.95869,4.37563,4.04434,3.42625,3.85891,1.36739,1.36739,1.48057,1.48057,1.66004,1.35644,1.57005,1.03292,0.751442
2022-08-12,1.71741,3.95569,3.02431,4.63638,2.74292,2.10459,2.84899,3.11961,2.46402,3.4614,4.23563,3.01349,4.51008,3.7591,2.62766,3.88607,3.80344,3.20821,3.62487,1.2572,1.2572,1.55964,1.55964,1.53617,1.35644,1.39725,0.985589,0.667367
2022-08-15,0.396168,3.95569,3.02431,4.63638,3.09524,2.37844,3.21434,3.51823,2.78205,3.902,4.6141,3.28276,4.91308,4.37291,3.05672,4.52061,3.82819,3.25581,3.65648,1.30586,1.30586,1.47483,1.47483,1.63452,1.35644,1.58414,1.07366,0.776339
2022-08-16,0.187393,3.95569,3.02431,4.63638,2.77537,2.12981,2.88263,3.15632,2.4933,3.5019,4.15255,2.95438,4.42162,3.92701,2.74503,4.05966,3.46855,2.91501,3.30249,1.24318,1.24318,1.45642,1.45642,1.36362,1.35644,1.41446,0.966257,0.697178
2022-08-17,-0.726413,3.95569,3.02431,4.63638,2.47997,1.90021,2.57631,2.8221,2.22666,3.13241,3.89215,2.76912,4.14435,3.80477,2.65958,3.93328,3.23045,2.69864,3.07091,1.1058,1.1058,1.19959,1.19959,1.21415,1.35644,1.25777,0.905666,0.675475
2022-08-18,0.226699,3.95569,3.02431,4.63638,2.43922,1.86854,2.53405,2.77599,2.18987,3.08139,3.74904,2.6673,3.99197,3.7797,2.64206,3.90737,3.33368,2.82066,3.17977,1.28646,1.28646,1.25797,1.25797,1.37135,1.35644,1.23615,0.872366,0.671024
2022-08-19,-1.29839,3.95569,3.02431,4.63638,2.19167,1.67612,2.27734,2.4959,1.96641,2.77171,3.42697,2.43816,3.64903,3.6321,2.53889,3.75479,3.10358,2.60951,2.95536,1.32165,1.32165,1.10391,1.10391,1.22538,1.35644,1.10484,0.797424,0.644821
2022-08-22,-2.16324,3.95569,3.02431,4.63638,2.59171,1.98706,2.69218,2.94852,2.32752,3.27188,3.56036,2.53306,3.79106,3.53801,2.47312,3.65752,3.18842,2.69523,3.04046,1.48449,1.48449,1.38006,1.38006,1.31805,1.35644,1.33428,0.828462,0.628117
2022-08-23,-0.224036,3.95569,3.02431,4.63638,3.57061,2.74793,3.70731,4.05609,3.21116,4.49587,4.26622,3.03525,4.54265,4.24549,2.96765,4.38889,3.8105,3.28485,3.65281,1.65577,1.65577,1.48858,1.48858,1.76474,1.40907,1.86821,0.992707,0.753717
2022-08-24,0.291191,3.95569,3.02431,4.63638,3.19709,2.4576,3.31996,3.63347,2.87398,4.02852,3.99948,2.84548,4.25864,3.75077,2.62184,3.87746,3.78669,3.25412,3.62692,1.6188,1.6188,1.41169,1.41169,1.73,1.40907,1.66684,0.93064,0.665888
2022-08-25,1.39932,3.95569,3.02431,4.63638,2.85195,2.18934,2.96205,3.24297,2.56244,3.59668,3.38,2.40474,3.59902,3.55505,2.48503,3.67513,3.67761,3.13954,3.51619,1.55321,1.55321,1.34675,1.34675,1.56669,1.40907,1.48079,0.786494,0.631141
2022-08-26,-3.42686,3.95569,3.02431,4.63638,2.96106,2.27414,3.0752,3.36642,2.66092,3.73274,3.94552,2.80709,4.20117,3.99854,2.79503,4.13359,3.88648,3.33617,3.72138,1.60906,1.60906,1.1848,1.1848,1.72716,1.40907,1.5396,0.918083,0.709875
2022-08-29,-0.668867,3.95569,3.07581,4.65046,4.98947,3.85076,5.17868,5.76524,4.55205,6.31637,5.12938,3.77008,5.48919,5.14045,3.61058,5.34588,4.89547,4.22844,4.69536,1.94628,1.94628,1.65159,1.65159,2.25176,1.42672,2.66711,1.19356,0.912603
2022-08-30,-1.10894,3.95569,3.07581,4.65046,4.51204,3.47967,4.68358,5.21538,4.11547,5.71413,4.86415,3.57513,5.20535,4.55019,3.19599,4.73203,4.3519,3.76407,4.17555,1.89036,1.89036,1.62528,1.62528,2.0218,1.42672,2.40656,1.13184,0.807812
2022-08-31,-0.784774,3.95569,3.07581,4.65046,4.25562,3.28036,4.41767,4.92004,3.88099,5.39005,4.77728,3.51129,5.11239,4.26554,2.99606,4.43601,4.24983,3.65665,4.07187,1.8056,1.8056,1.67436,1.67436,1.9013,1.42672,2.26662,1.11163,0.757278
2022-09-01,0.299175,3.95569,3.07581,4.65046,3.9213,3.0205,4.07098,4.53499,3.57527,4.9678,4.58656,3.37111,4.9083,4.25927,2.99165,4.42949,4.05344,3.49871,3.88702,1.84848,1.84848,1.56835,1.56835,1.85691,1.42672,2.08416,1.06725,0.756165
2022-09-02,-1.07946,3.95569,3.07581,4.65046,3.48284,2.6797,3.61629,4.02999,3.17432,4.41435,4.45942,3.27766,4.77223,4.10809,2.88546,4.27227,4.18967,3.57751,4.00602,1.69412,1.69412,1.52213,1.52213,1.80372,1.42672,1.84488,1.03766,0.729324
2022-09-06,-0.410347,3.95569,3.07581,4.65046,3.43018,2.63148,3.56692,3.93261,3.07896,4.27413,4.43339,3.25853,4.74437,4.23129,2.972,4.4004,4.01591,3.42997,3.84013,1.69517,1.69517,1.49994,1.49994,1.74997,1.42672,1.78142,1.03161,0.751198
2022-09-07,1.81749,3.95569,3.07581,4.65046,3.11597,2.38795,3.24061,3.57393,2.79582,3.88321,4.42933,3.25555,4.74004,4.04253,2.83942,4.20409,3.78837,3.23719,3.62302,1.51459,1.51459,1.56853,1.56853,1.65472,1.42672,1.61311,1.03066,0.717685
2022-09-08,0.658896,3.95569,3.07581,4.65046,3.43839,2.63784,3.57544,3.94197,3.08635,4.27992,4.47082,3.28604,4.78443,4.25142,2.98614,4.42133,4.0904,3.51716,3.91843,1.61698,1.61698,1.58812,1.58812,1.8452,1.42672,1.78582,1.04032,0.754771
2022-09-09,1.5156,3.95569,3.07581,4.65046,3.12479,2.39479,3.24977,3.58401,2.80378,3.88924,4.47506,3.28916,4.78897,4.02571,2.8276,4.1866,3.92789,3.38842,3.76605,1.51698,1.51698,1.53206,1.53206,1.79342,1.42672,1.61784,1.0413,0.7147
2022-09-12,1.05287,3.95569,3.07581,4.65046,3.24515,2.48807,3.37476,3.72139,2.91222,4.03378,4.57534,3.36286,4.89628,4.18804,2.94162,4.35541,3.71704,3.20972,3.56484,1.62919,1.62919,1.62647,1.62647,1.71814,1.42672,1.68231,1.06464,0.743518
2022-09-13,-4.41992,3.95569,3.07581,4.65046,3.09673,2.37304,3.22063,3.55197,2.77849,3.84682,4.56359,3.35423,4.88372,4.31277,3.02923,4.48513,3.66921,3.16275,3.51727,1.46368,1.46368,1.55964,1.55964,1.67112,1.42672,1.60281,1.0619,0.765662
2022-09-14,0.33813,4.12635,3.116,4.70264,6.11153,4.70969,6.35153,7.38737,5.55049,7.67763,5.91148,4.39409,6.37951,5.92742,4.076,6.08887,4.71069,4.09851,4.52703,2.01436,2.01436,1.97309,1.97309,2.25774,1.43611,3.21769,1.37554,1.02679
2022-09-15,-1.13823,4.12635,3.116,4.70264,5.4027,4.16031,5.61541,6.53343,4.90548,6.77975,5.26578,3.91413,5.68269,4.7571,3.27123,4.88668,4.48315,3.89722,4.30737,1.79575,1.79575,1.87309,1.87309,2.16837,1.43611,2.83801,1.2253,0.824062
2022-09-16,-0.720804,4.12635,3.116,4.70264,5.00874,3.85496,5.20627,6.05882,4.54698,6.27439,5.13343,3.81575,5.53986,5.03964,3.46551,5.17691,4.137,3.57705,3.96902,1.8173,1.8173,1.81185,1.81185,1.94096,1.43611,2.62698,1.1945,0.873005
2022-09-19,0.683369,4.12635,3.116,4.70264,4.54323,3.49416,4.72284,5.49801,4.12338,5.68117,4.87493,3.62361,5.2609,4.9923,3.43296,5.12828,3.81832,3.30793,3.66521,1.75902,1.75902,1.74601,1.74601,1.77882,1.43611,2.37763,1.13435,0.864805
2022-09-20,-1.13361,4.12635,3.116,4.70264,4.07826,3.13379,4.23996,4.93785,3.70027,5.08825,4.84105,3.59842,5.22433,4.52701,3.113,4.65032,4.00279,3.46734,3.84216,1.78267,1.78267,1.76547,1.76547,1.88042,1.43611,2.12857,1.12646,0.784204
2022-09-21,-1.72647,4.12635,3.116,4.70264,3.91542,3.00757,4.07085,4.74167,3.55208,4.87071,4.77108,3.54641,5.14882,4.6,3.1632,4.7253,4.05733,3.48151,3.88458,1.71833,1.71833,1.74416,1.74416,1.78768,1.43611,2.04134,1.11018,0.796848
2022-09-22,-0.846328,4.12635,3.116,4.70264,4.11859,3.16504,4.28184,4.98643,3.73697,5.10469,5.09756,3.78909,5.50115,4.8141,3.31042,4.94522,4.01326,3.48916,3.85603,1.83705,1.83705,1.83892,1.83892,1.93514,1.45331,2.15017,1.18615,0.833935
2022-09-23,-1.73828,4.12635,3.116,4.70264,3.83019,2.94151,3.98234,4.63899,3.47453,4.73191,4.82863,3.58919,5.21093,4.81918,3.31391,4.95044,3.97216,3.41031,3.80361,1.78157,1.78157,1.83082,1.83082,1.7766,1.45331,1.99569,1.12358,0.834815
2022-09-26,-1.03944,4.12635,3.116,4.70264,4.06351,3.12235,4.22464,4.92008,3.68684,4.99924,5.14719,3.82598,5.55471,5.10855,3.5129,5.2477,3.90223,3.39907,3.75128,1.95884,1.95884,1.92729,1.92729,1.9021,1.4863,2.12066,1.1977,0.884943
2022-09-27,-0.212261,4.12635,3.116,4.70264,3.86144,2.96573,4.01479,4.67528,3.50296,4.74147,4.97579,3.69858,5.36974,5.31513,3.65496,5.4599,4.02601,3.44296,3.8511,1.75167,1.75167,1.9258,1.9258,1.77609,1.4863,2.01242,1.15782,0.920728
2022-09-28,1.94811,4.12635,3.116,4.70264,3.44952,2.64647,3.58701,4.00332,3.12813,4.22424,4.81659,3.58024,5.19794,4.72857,3.2516,4.85736,3.73094,3.19976,3.57158,1.64404,1.64404,1.89192,1.89192,1.68933,1.4863,1.79178,1.12077,0.819119
2022-09-29,-2.13528,4.12635,3.116,4.70264,3.76683,2.89241,3.91654,4.3169,3.41688,4.59035,5.0411,3.74712,5.44022,5.1493,3.54092,5.28956,3.89095,3.35034,3.72877,1.62322,1.62322,1.93706,1.93706,1.77571,1.4863,1.96175,1.17302,0.892002
2022-09-30,-1.51814,4.12635,3.116,4.70264,4.29985,3.30553,4.47008,4.92534,3.90191,5.21505,5.30386,3.94244,5.72379,5.59226,3.84552,5.74458,4.08477,3.53856,3.92091,1.81756,1.81756,1.89963,1.89963,1.92901,1.48653,2.26439,1.23416,0.968734
2022-10-03,2.55546,4.12635,3.07581,4.69359,4.2863,3.29503,4.45601,4.90987,3.85039,5.21151,5.35412,3.95068,5.4481,5.50797,3.86878,5.48359,3.96177,3.44384,3.80639,1.72528,1.72528,1.8674,1.8674,1.92383,1.48653,2.25708,1.25073,0.977865
2022-10-04,3.01253,4.12635,3.07581,4.69359,4.71241,3.65672,4.8772,5.47969,4.32971,5.83295,5.77639,4.12578,5.86528,6.51059,4.57301,6.48176,4.05004,3.53074,3.89425,1.78599,1.78599,1.92633,1.92633,1.99877,1.4863,2.5196,1.34938,1.15586
2022-10-05,-0.201999,4.12635,3.07581,4.69359,5.37563,4.17518,5.56302,6.23918,4.94045,6.64856,6.23783,4.45536,6.33381,7.43759,5.22413,7.40466,4.2179,3.66636,4.05244,1.96709,1.96709,2.08741,2.08741,2.03467,1.4863,2.88211,1.45717,1.32044
2022-10-06,-1.02979,4.12635,3.07581,4.69359,4.79443,3.72085,4.96202,5.56672,4.40524,5.92644,5.66186,4.04397,5.74898,6.23239,4.3776,6.20479,3.7874,3.30674,3.6432,1.71303,1.71303,2.00783,2.00783,1.87451,1.4863,2.56444,1.32262,1.10647
2022-10-07,-2.84032,4.12635,3.07581,4.69359,4.47234,3.46906,4.62895,5.31408,4.10863,5.54181,5.37132,3.83646,5.45397,5.9963,4.21178,5.96976,3.73702,3.26915,3.59666,1.69051,1.69051,1.99696,1.99696,1.85659,1.4863,2.38838,1.25475,1.06456
2022-10-10,-0.752067,4.12635,3.07581,4.69359,5.26832,4.09129,5.45205,6.11501,4.84163,6.5071,6.01943,4.29937,6.11206,6.8205,4.79069,6.79031,4.06641,3.56716,3.91664,2.01524,2.01524,2.0796,2.0796,2.06017,1.48653,2.82578,1.40615,1.21089
2022-10-11,-0.654052,4.12635,3.07581,4.69359,4.79429,3.72074,4.96187,5.56655,4.40512,5.92898,5.61886,4.01327,5.70532,6.22115,4.36971,6.19361,4.00785,3.50752,3.85775,1.77821,1.77821,2.08524,2.08524,2.00349,1.48653,2.56648,1.31258,1.10448
2022-10-12,-0.329621,4.12635,3.07581,4.69359,4.36113,3.38212,4.51395,5.06537,4.00623,5.37815,5.39199,3.85122,5.47496,5.69158,3.99774,5.66638,3.79092,3.30468,3.64505,1.87045,1.87045,1.94637,1.94637,1.85849,1.48653,2.32953,1.25958,1.01046
2022-10-13,2.56343,4.12635,3.07581,4.69359,3.92002,3.03731,4.05781,4.555,3.60003,4.8237,5.11371,3.65246,5.19239,4.98362,3.50047,4.96156,3.89204,3.3782,3.73789,1.8184,1.8184,1.87717,1.87717,1.8242,1.48653,2.08824,1.19457,0.884773
2022-10-14,-2.39471,4.12635,3.07581,4.69359,4.4998,3.49053,4.65735,5.22582,4.08411,5.52712,5.53341,3.95223,5.61855,6.01138,4.22237,5.98477,4.11646,3.60092,3.9618,1.92612,1.92612,1.88058,1.88058,2.05281,1.48653,2.40539,1.29261,1.06724
2022-10-17,2.61355,4.12635,3.02431,4.69118,4.96326,3.85282,5.1366,5.76206,4.50591,6.0938,5.61271,4.11354,5.74325,6.27166,4.48709,6.25563,4.2321,3.69304,4.07039,1.95782,1.95782,2.04194,2.04194,2.09394,1.48653,2.65672,1.34809,1.13962
2022-10-18,1.13628,4.12635,3.02431,4.69118,5.28182,4.10185,5.46602,6.13064,4.79583,6.48319,5.89399,4.31969,6.03107,7.08852,5.07152,7.07041,4.47648,3.90563,4.30523,2.06496,2.06496,2.02469,2.02469,2.2325,1.48653,2.83084,1.41565,1.28805
2022-10-19,-0.669446,4.12635,3.02431,4.69118,4.84217,3.75816,5.01138,5.62195,4.3957,5.9459,5.51835,4.04438,5.6467,6.55571,4.69032,6.53896,4.48116,3.88233,4.30151,1.84484,1.84484,2.03319,2.03319,2.12578,1.4863,2.59053,1.32543,1.19124
2022-10-20,-0.798269,4.12635,3.02431,4.69118,4.40618,3.41734,4.56054,5.1175,3.99891,5.41294,5.28055,3.8701,5.40337,6.18002,4.42153,6.16423,4.21562,3.66788,4.0513,1.77226,1.77226,2.05519,2.05519,2.06044,1.4863,2.35222,1.26831,1.12297
2022-10-21,2.34478,4.12635,3.02431,4.69118,4.06767,3.15272,4.21049,4.72583,3.69083,4.9992,5.17857,3.79536,5.29901,5.97853,4.27737,5.96325,4.06341,3.53939,3.90621,1.69612,1.69612,2.06476,2.06476,2.0053,1.4863,2.16719,1.24382,1.08636
2022-10-24,1.18119,4.12635,3.02431,4.69118,4.44987,3.4515,4.60572,5.16805,4.03867,5.46626,5.30451,3.88767,5.42789,6.30354,4.5099,6.28743,4.07497,3.53783,3.91383,1.85831,1.85831,2.00873,2.00873,1.96371,1.4863,2.3761,1.27407,1.14542
2022-10-25,1.61358,4.12635,3.02431,4.69118,4.14863,3.21601,4.29421,4.81951,3.76451,5.09797,5.22255,3.8276,5.34402,6.30992,4.51447,6.2938,3.95663,3.43636,3.80055,1.61043,1.61043,2.00071,2.00071,1.92141,1.4863,2.21145,1.25438,1.14657
2022-10-26,-0.741514,4.12635,3.02431,4.69118,4.08173,3.16372,4.22503,4.7421,3.70363,5.01604,5.32392,3.90188,5.44774,6.43249,4.60216,6.41605,4.06558,3.54061,3.90809,1.79717,1.79717,2.0067,2.0067,2.00726,1.4863,2.17488,1.27873,1.16885
2022-10-27,-0.61012,4.12635,3.02431,4.69118,3.7744,2.92347,3.90723,4.38651,3.42393,4.64018,5.11774,3.75078,5.23677,6.11374,4.3741,6.09811,4.05466,3.52773,3.89658,1.97231,1.97231,2.04114,2.04114,1.99568,1.4863,2.0069,1.22921,1.11093
2022-10-28,2.43281,4.12635,3.02431,4.69118,3.47385,2.68852,3.59643,4.03877,3.1504,4.27259,4.78048,3.50361,4.89167,5.53708,3.96153,5.52293,3.72055,3.2554,3.581,1.84757,1.84757,2.00576,2.00576,1.88314,1.4863,1.84262,1.14821,1.00614
2022-10-31,-0.748233,4.12635,3.02431,4.69118,4.0989,3.17714,4.24279,4.76197,3.71926,5.03691,5.11046,3.74544,5.22932,6.04071,4.32186,6.02527,4.07496,3.55867,3.92007,1.88208,1.88208,2.07624,2.07624,2.02799,1.4863,2.18427,1.22746,1.09766
2022-11-01,-0.410967,4.12635,3.02431,4.69118,3.77391,2.9312,3.9015,4.40105,3.4328,4.66182,4.94011,3.62059,5.05501,5.8643,4.19565,5.84932,3.88939,3.38369,3.73768,1.71063,1.71063,2.05502,2.05502,1.91094,1.4863,2.01581,1.18654,1.0656
2022-11-02,-2.53199,4.12635,3.02431,4.69118,3.41827,2.65244,3.53422,3.9882,3.10828,4.22491,4.79069,3.51108,4.90211,5.42336,3.88017,5.4095,3.84038,3.33603,3.68907,1.65882,1.65882,2.02364,2.02364,1.86691,1.4863,1.82057,1.15066,0.985478
2022-11-03,-1.06424,4.12635,3.02431,4.69118,4.34373,3.37783,4.48997,5.06255,3.95275,5.3624,5.10677,3.74274,5.22555,6.0216,4.30818,6.00621,4.13092,3.6167,3.97665,2.04401,2.04401,2.10097,2.10097,2.09399,1.4863,2.32863,1.22657,1.09418
2022-11-04,1.35268,4.12635,3.02431,4.69118,4.10271,3.18891,4.24106,4.78275,3.73283,5.06524,5.07641,3.72049,5.19448,6.0541,4.33143,6.03862,4.3116,3.74856,4.14269,1.96668,1.96668,2.06361,2.06361,2.10774,1.4863,2.19632,1.21928,1.10009
2022-11-07,0.956806,4.12635,3.02431,4.69118,3.92043,3.04604,4.05282,4.57115,3.5665,4.84057,5.1494,3.77398,5.26917,6.06217,4.33721,6.04668,3.95069,3.47227,3.80717,1.97915,1.97915,2.07464,2.07464,2.0355,1.4863,2.09625,1.23681,1.10156
2022-11-08,0.558229,4.12635,3.02431,4.69118,3.6218,2.81197,3.74441,4.22447,3.294,4.47304,5.03326,3.68886,5.15033,5.69027,4.07113,5.67573,3.97728,3.46814,3.82454,1.88315,1.88315,2.08409,2.08409,1.94611,1.4863,1.91084,1.20892,1.03398
2022-11-09,-2.09968,4.12635,3.02431,4.69118,3.26694,2.53383,3.37794,3.81252,2.9702,4.03562,4.98422,3.65292,5.10015,5.46738,3.91167,5.45341,4.06909,3.56137,3.91678,1.869,1.869,2.12121,2.12121,2.05232,1.4863,1.71741,1.19714,0.993476
2022-11-10,5.39525,4.12635,3.02431,4.69118,3.89848,3.02883,4.03014,4.54566,3.54646,4.81221,5.19136,3.80474,5.3121,5.75481,4.11731,5.7401,4.11992,3.59581,3.96269,1.91998,1.91998,2.10088,2.10088,2.04714,1.4863,2.07472,1.24689,1.04571
2022-11-11,0.919831,4.12635,3.02431,4.69118,7.07803,5.52101,7.31377,8.23676,6.44778,8.7202,6.35638,4.65858,6.50422,7.99182,5.71779,7.97139,4.56617,3.98781,4.39266,2.19235,2.19235,2.16955,2.16955,2.29133,1.43977,3.81274,1.52671,1.45219
2022-11-14,-0.897593,4.12635,3.02431,4.69118,6.3414,4.94362,6.55302,7.38161,5.77561,7.80777,5.90655,4.3289,6.04393,6.72525,4.81162,6.70807,4.32384,3.76827,4.15717,1.99285,1.99285,2.27284,2.27284,2.14267,1.43977,3.41008,1.41867,1.22204
2022-11-15,0.867538,4.12635,3.02431,4.69118,5.74798,4.4785,5.94019,6.69273,5.23412,7.07385,5.73787,4.20527,5.87133,5.97287,4.27332,5.95761,4.29236,3.75357,4.13073,1.98317,1.98317,2.22427,2.22427,2.16034,1.43977,3.0857,1.37816,1.08533
2022-11-16,-0.82863,4.12635,3.02431,4.69118,5.17212,4.02713,5.34548,6.02422,4.70866,6.36811,5.41266,3.96693,5.53855,6.21746,4.44831,6.20157,4.11764,3.61671,3.96736,1.86657,1.86657,2.15555,2.15555,2.12744,1.43977,2.77092,1.30005,1.12977
2022-11-17,-0.309408,4.12635,3.02431,4.69118,4.7239,3.67581,4.88259,5.50389,4.29966,5.80857,5.2288,3.83217,5.35041,5.81344,4.15926,5.79858,4.09442,3.58699,3.94219,1.89394,1.89394,2.08018,2.08018,2.09646,1.43977,2.52592,1.25588,1.05636
2022-11-18,0.474729,4.12635,3.02431,4.69118,4.22649,3.28594,4.36889,4.92645,3.84578,5.21654,4.86454,3.56521,4.97768,5.17147,3.69996,5.15825,3.94011,3.45659,3.79505,1.82403,1.82403,2.12715,2.12715,2.02972,1.43977,2.25402,1.16839,0.939707
2022-11-21,-0.389126,4.12635,3.02431,4.69118,3.78071,2.93653,3.90852,4.40895,3.439,4.65572,4.66238,3.41704,4.77082,4.77498,3.41628,4.76277,3.79717,3.32428,3.6553,1.67667,1.67667,2.06787,2.06787,1.92756,1.43977,2.01034,1.11984,0.86766
2022-11-22,1.34886,4.12635,3.02431,4.69118,3.41962,2.6535,3.53561,3.98976,3.10951,4.20361,4.46592,3.27306,4.56979,4.67405,3.34407,4.66211,3.70728,3.23589,3.56587,1.62899,1.62899,2.09619,2.09619,1.85492,1.43977,1.79817,1.07265,0.849321
2022-11-23,0.589726,4.12635,3.02431,4.69118,3.36612,2.61157,3.48036,3.92766,3.05981,4.13092,4.47956,3.28306,4.58375,5.20246,3.72213,5.18917,3.49127,3.03988,3.35585,1.72497,1.72497,2.094,2.094,1.71981,1.43977,1.76894,1.07593,0.945338
2022-11-25,-0.0283086,4.12635,2.99693,4.6805,3.05201,2.36536,3.15597,3.56301,2.73442,3.74768,4.46774,3.21262,4.56221,4.92911,3.50532,4.91583,3.29135,2.8574,3.16116,1.60303,1.60303,2.0819,2.0819,1.59204,1.42672,1.61202,1.07309,0.895668
2022-11-28,-1.55647,4.12635,2.99693,4.6805,2.73491,2.11681,2.82849,3.19489,2.44902,3.36113,3.9727,2.85665,4.0567,4.28238,3.0454,4.27084,3.20072,2.77683,3.07355,1.4945,1.4945,1.99608,1.99608,1.53001,1.42672,1.43868,0.954187,0.77815
2022-11-29,-0.159312,4.12635,2.99693,4.6805,3.13161,2.42776,3.23818,3.65542,2.80606,3.84472,4.43341,3.18793,4.52715,4.94534,3.51686,4.93201,3.56972,3.09925,3.42858,1.63671,1.63671,2.05494,2.05494,1.7164,1.42672,1.65553,1.06484,0.898617
2022-11-30,3.04786,4.12635,2.99693,4.6805,2.81034,2.16787,2.91129,3.26882,2.52217,3.43473,4.26438,3.06639,4.35455,3.98107,2.83113,3.97034,3.34098,2.91237,3.2124,1.62538,1.62538,2.0398,2.0398,1.65471,1.42672,1.47441,1.02424,0.723399
2022-12-01,-0.0868,4.12635,2.99693,4.6805,4.26161,3.30168,4.41245,4.94664,3.83105,5.19453,5.04244,3.62586,5.14906,5.30796,3.77474,5.29366,3.7567,3.26781,3.61003,1.6968,1.6968,2.10382,2.10382,1.84035,1.42672,2.26026,1.21112,0.964509
2022-12-02,-0.119537,4.12635,2.99693,4.6805,3.7879,2.93159,3.92246,4.39898,3.40382,4.62011,4.93706,3.55009,5.04146,4.64933,3.30635,4.6368,3.63577,3.16069,3.49325,1.6574,1.6574,2.12559,2.12559,1.77985,1.42672,1.98781,1.18581,0.844828
2022-12-05,-1.80563,4.12635,2.99693,4.6805,3.37735,2.61085,3.4978,3.92434,3.03355,4.12228,4.56436,3.28209,4.66087,3.87902,2.75855,3.86857,3.43547,2.96862,3.29541,1.48295,1.48295,2.06782,2.06782,1.61872,1.42672,1.75367,1.09629,0.704856
2022-12-06,-1.45039,4.12635,2.99693,4.6805,3.77114,2.9185,3.90512,4.3796,3.3887,4.59978,5.04174,3.62536,5.14835,5.11672,3.63874,5.10293,3.80746,3.31184,3.65878,1.71089,1.71089,2.09779,2.09779,1.87672,1.42672,1.98224,1.21095,0.929758
2022-12-07,-0.186411,4.12635,2.99693,4.6805,3.83194,2.966,3.96802,4.4499,3.44354,4.67352,5.18246,3.72655,5.29204,4.94691,3.51798,4.93358,4.07898,3.55915,3.92303,1.78621,1.78621,2.09987,2.09987,2.03891,1.42672,2.0116,1.24475,0.898902
2022-12-08,0.749364,4.12635,2.99693,4.6805,3.42332,2.64677,3.54535,3.97749,3.07501,4.17803,5.1219,3.683,5.2302,4.26933,3.03612,4.25783,3.82339,3.33538,3.67698,1.74942,1.74942,2.04222,2.04222,1.91354,1.42672,1.79088,1.23021,0.775779
2022-12-09,-0.737671,4.12635,2.99693,4.6805,3.13322,2.42013,3.24528,3.64211,2.81338,3.82626,5.13852,3.69495,5.24717,4.57664,3.25467,4.56431,3.9311,3.43324,3.78174,1.51268,1.51268,2.03361,2.03361,1.97536,1.40907,1.63418,1.2342,0.831621
2022-12-12,1.41783,4.12635,2.99693,4.6805,2.97232,2.29442,3.07885,3.45609,2.66826,3.63114,5.12879,3.68796,5.23724,4.59396,3.26698,4.58158,3.69242,3.22389,3.55186,1.39703,1.39703,2.08803,2.08803,1.85833,1.35644,1.54727,1.23186,0.834768
2022-12-13,0.726321,4.12635,2.99693,4.6805,3.05622,2.35997,3.16563,3.55308,2.74393,3.73288,5.25549,3.77906,5.36661,4.67262,3.32292,4.66003,3.8541,3.36002,3.70588,1.57102,1.57102,2.06155,2.06155,1.91336,1.33057,1.56343,1.26229,0.849061
2022-12-14,-0.607111,4.12635,2.99693,4.6805,2.8159,2.17222,2.91705,3.27525,2.52719,3.44147,5.17135,3.71856,5.2807,4.60632,3.27577,4.59391,3.78541,3.30687,3.64184,1.44708,1.44708,2.04594,2.04594,1.89605,1.32185,1.43035,1.24209,0.837014
2022-12-15,-2.52375,4.12635,2.99693,4.6805,2.6605,2.05081,2.75631,3.09559,2.39355,3.26516,5.05244,3.63306,5.15928,4.47896,3.1852,4.46689,3.6844,3.21399,3.54328,1.52867,1.52867,2.04869,2.04869,1.8238,1.32185,1.34812,1.21353,0.813871
2022-12-16,-1.12002,4.12635,2.99693,4.6805,3.92492,3.03864,4.06419,4.55739,3.59177,4.79854,5.5184,3.96811,5.63508,5.22543,3.71605,5.21135,3.92131,3.44032,3.77701,1.8578,1.8578,2.08554,2.08554,2.01193,1.33057,2.02471,1.32544,0.949512
2022-12-19,-0.904833,4.12635,2.99693,4.6805,3.78236,2.92726,3.91673,4.39258,3.40796,4.62075,5.53728,3.98169,5.65437,5.1653,3.67329,5.15138,3.70417,3.24634,3.56682,1.80772,1.80772,2.09207,2.09207,1.8767,1.33057,1.94901,1.32998,0.938586
2022-12-20,0.10368,4.12635,2.99693,4.6805,3.57325,2.7639,3.70043,4.15082,3.21888,4.36679,5.16318,3.71269,5.27236,4.91795,3.49739,4.9047,3.49268,3.05464,3.36126,1.72932,1.72932,2.06163,2.06163,1.74644,1.33057,1.83798,1.24012,0.89364
2022-12-21,1.47585,4.12635,2.99693,4.6805,3.17741,2.45464,3.29098,3.69319,2.86095,3.88605,4.96216,3.56814,5.06708,4.57217,3.25149,4.55985,3.75848,3.27643,3.61386,1.72526,1.72526,2.05603,2.05603,1.79819,1.33057,1.62779,1.19184,0.830809
2022-12-22,-1.45571,4.12635,2.99693,4.6805,3.2461,2.50831,3.36203,3.7726,2.92306,3.96947,4.9974,3.59348,5.10307,4.5133,3.20962,4.50113,3.88255,3.39133,3.73518,1.75643,1.75643,2.076,2.076,1.90912,1.32185,1.65798,1.2003,0.82011
2022-12-23,0.585096,4.12635,2.99693,4.6805,3.43953,2.65943,3.56212,3.99623,3.09797,4.2044,4.96311,3.56882,5.06805,4.92226,3.50045,4.90899,3.92216,3.42429,3.7728,1.77354,1.77354,2.09967,2.09967,1.92867,1.33057,1.76034,1.19207,0.894422
2022-12-27,-0.405785,4.12635,2.99693,4.6805,3.10769,2.40018,3.21887,3.61259,2.79791,3.80138,4.76015,3.42288,4.8608,4.86637,3.46071,4.85326,3.70486,3.2383,3.56489,1.70001,1.70001,2.1155,2.1155,1.84371,1.33057,1.58475,1.14332,0.884268
2022-12-28,-1.20935,4.12635,2.99693,4.6805,2.84095,2.19179,2.94296,3.30421,2.55672,3.47744,4.62947,3.32891,4.72736,4.49428,3.1961,4.48217,3.75502,3.26805,3.60893,1.51219,1.51219,2.08421,2.08421,1.79211,1.33057,1.44361,1.11193,0.816655
2022-12-29,1.73106,4.12635,2.99693,4.6805,2.9992,2.31694,3.10591,3.49349,2.73363,3.67157,4.71759,3.39227,4.81734,4.44903,3.16391,4.43704,3.5645,3.09546,3.42379,1.54644,1.54644,2.05084,2.05084,1.69038,1.33057,1.52115,1.1331,0.808431
2022-12-30,-0.254397,4.12635,2.99693,4.6805,3.25674,2.51822,3.37224,3.79178,2.96927,3.98454,4.93548,3.54896,5.03984,4.83293,3.43692,4.8199,3.59087,3.13291,3.45348,1.65711,1.65711,2.0525,2.0525,1.77289,1.33057,1.65683,1.18543,0.87819
2023-01-03,-0.400857,4.12635,2.99693,4.6805,2.95891,2.28545,3.06424,3.44682,2.69676,3.62261,4.6142,3.31793,4.71176,4.51976,3.21422,4.50758,3.37535,2.93318,3.2427,1.54918,1.54918,2.04346,2.04346,1.62939,1.33057,1.49993,1.10827,0.821285
2023-01-04,0.75107,4.12635,2.99693,4.6805,2.7308,2.10716,2.82834,3.18262,2.48805,3.3454,4.43776,3.19106,4.53159,4.33925,3.08585,4.32756,3.36308,2.92516,3.2317,1.45777,1.45777,1.99976,1.99976,1.63784,1.33057,1.36581,1.06589,0.788484
2023-01-05,-1.17139,4.12635,2.99693,4.6805,2.56454,1.97721,2.65639,2.99005,2.33592,3.14334,4.23066,3.04214,4.32012,4.42012,3.14336,4.40821,3.18731,2.77016,3.06216,1.50524,1.50524,2.04172,2.04172,1.55451,1.33057,1.27883,1.01615,0.803179
2023-01-06,2.25838,4.12635,2.99693,4.6805,2.74209,2.11598,2.84001,3.1957,2.49838,3.35911,4.12086,2.96319,4.208,4.36734,3.10582,4.35557,3.18215,2.75922,3.05527,1.6801,1.6801,2.02664,2.02664,1.5277,1.33057,1.37097,0.989774,0.793589
2023-01-09,-0.076793,4.12635,2.99693,4.6805,3.45933,2.67657,3.58175,4.02643,3.15464,4.23073,4.6123,3.31656,4.70983,4.95648,3.52479,4.94313,3.51023,3.05713,3.3743,1.70974,1.70974,2.01363,2.01363,1.73235,1.33057,1.74286,1.10781,0.900642
2023-01-10,0.695399,4.12635,2.99693,4.6805,3.11468,2.40719,3.22533,3.62724,2.83929,3.8119,4.32738,3.11169,4.41888,4.36626,3.10505,4.35449,3.32493,2.88263,3.19224,1.67931,1.67931,2.06361,2.06361,1.60155,1.33057,1.55849,1.03938,0.793392
2023-01-11,1.27676,4.12635,2.99693,4.6805,2.87601,2.22065,2.9785,3.3508,2.62091,3.52185,4.04594,2.90932,4.1315,4.41031,3.13638,4.39843,3.18066,2.75972,3.05438,1.49457,1.49457,1.97671,1.97671,1.54014,1.32185,1.43907,0.971779,0.801397
2023-01-12,0.341008,4.12635,2.99693,4.6805,2.9016,2.24065,3.00497,3.38044,2.64432,3.55295,4.45703,3.20491,4.55127,4.64368,3.30234,4.63116,2.99129,2.58606,2.86972,1.50516,1.50516,1.9649,1.9649,1.40902,1.32185,1.44261,1.07052,0.843801
2023-01-13,0.39889,4.12635,2.99693,4.6805,2.6265,2.02564,2.72047,3.06181,2.39261,3.21862,4.10414,2.95116,4.19092,4.32979,3.07912,4.31812,3.16196,2.72523,3.03094,1.46136,1.46136,1.8098,1.8098,1.4701,1.32185,1.29997,0.985757,0.786765
2023-01-17,-0.203255,4.12635,2.99693,4.6805,2.39375,1.84373,2.47977,2.79224,2.17965,2.93578,4.08272,2.93576,4.16905,4.30917,3.06446,4.29756,3.15584,2.71055,3.02225,1.36492,1.36492,1.84547,1.84547,1.43176,1.32185,1.17931,0.980613,0.783019
2023-01-18,-1.5685,4.12635,2.99693,4.6805,2.2012,1.69323,2.28064,2.56921,2.00347,2.70177,3.80715,2.7376,3.88765,3.71695,2.6433,3.70693,3.02402,2.61848,2.90235,1.31485,1.31485,1.7795,1.7795,1.4298,1.32185,1.07949,0.914423,0.675406
2023-01-19,-0.766767,4.12635,2.99693,4.6805,2.76587,2.13457,2.8646,3.22324,2.52013,3.38797,4.48418,3.22444,4.579,4.0831,2.90368,4.07209,3.34123,2.90355,3.20993,1.55369,1.55369,1.80106,1.80106,1.59678,1.33057,1.37416,1.07704,0.741938
2023-01-20,1.87417,4.12635,2.99693,4.6805,2.6912,2.07621,2.78738,3.13675,2.45181,3.29723,4.59357,3.3031,4.69071,3.9754,2.8271,3.96469,3.27799,2.86913,3.15533,1.551,1.551,1.74315,1.74315,1.65889,1.33057,1.33544,1.10331,0.72237
2023-01-23,1.18113,4.12635,2.99693,4.6805,3.13424,2.42248,3.24556,3.6499,2.85718,3.83561,4.54833,3.27056,4.6445,4.45137,3.16558,4.43937,3.98984,3.47745,3.83613,1.56017,1.56017,1.81096,1.81096,1.9489,1.33057,1.56515,1.09244,0.808857
2023-01-24,-0.0711755,4.12635,2.99693,4.6805,3.06311,2.36688,3.17199,3.5675,2.7921,3.74914,4.42586,3.1825,4.51945,4.5407,3.2291,4.52846,3.77269,3.30075,3.63111,1.50628,1.50628,1.81613,1.81613,1.87862,1.33057,1.52827,1.06303,0.82509
2023-01-25,-0.0181746,4.12635,2.99693,4.6805,2.76598,2.13465,2.86471,3.22336,2.52023,3.38803,4.44047,3.19301,4.53437,3.9448,2.80533,3.93417,3.2045,2.79634,3.08205,1.42237,1.42237,1.78296,1.78296,1.55073,1.33057,1.37421,1.06654,0.716809
2023-01-26,1.09477,4.12635,2.99693,4.6805,2.50117,1.92768,2.59086,2.91665,2.27794,3.0662,3.91465,2.8149,3.99742,3.70604,2.63554,3.69606,3.20027,2.79565,3.07888,1.31127,1.31127,1.81194,1.81194,1.54775,1.33057,1.23691,0.940243,0.673424
2023-01-27,0.249175,4.12635,2.99693,4.6805,2.5143,1.93794,2.60443,2.93185,2.28995,3.08211,4.08931,2.9405,4.17578,4.04471,2.87638,4.03381,3.19682,2.79566,3.07647,1.26491,1.26491,1.82063,1.82063,1.56207,1.33057,1.24371,0.982196,0.734964
2023-01-30,-1.30536,4.12635,2.99693,4.6805,2.2897,1.75987,2.37364,2.6713,2.06917,2.80829,3.74442,2.6925,3.8236,3.64874,2.59479,3.6389,2.82188,2.46777,2.71564,1.29697,1.29697,1.72661,1.72661,1.38527,1.33057,1.12274,0.899358,0.663011
2023-01-31,1.45363,4.12635,2.99693,4.6805,2.62534,2.0219,2.72095,3.05995,2.37417,3.21589,3.7602,2.70385,3.83971,3.75548,2.6707,3.74536,3.06102,2.68086,2.94697,1.39566,1.39566,1.70934,1.70934,1.5382,1.33057,1.32316,0.903148,0.682408
2023-02-01,1.03981,4.12635,2.99693,4.6805,2.8034,2.1609,2.90519,3.26613,2.53598,3.43204,3.86382,2.77836,3.94552,3.92034,2.78794,3.90978,2.87104,2.51957,2.7656,1.32089,1.32089,1.69538,1.69538,1.45079,1.33057,1.41695,0.928036,0.712365
2023-02-02,1.45924,4.12635,2.99693,4.6805,2.73309,2.10602,2.83244,3.18472,2.47209,3.34661,3.82119,2.7477,3.90199,4.01407,2.85459,4.00325,2.87355,2.5139,2.76565,1.32632,1.32632,1.66127,1.66127,1.421,1.33057,1.37992,0.917797,0.729395
2023-02-03,-1.04086,4.12635,2.99693,4.6805,2.88805,2.22699,2.99278,3.36415,2.6129,3.53463,3.88069,2.79049,3.96275,4.36397,3.10342,4.35221,2.75367,2.4123,2.65126,1.32396,1.32396,1.62719,1.62719,1.38231,1.33057,1.45226,0.932087,0.792976
2023-02-06,-0.615939,4.12635,2.99693,4.6805,2.91826,2.25058,3.02405,3.39915,2.64036,3.57111,3.83905,2.76055,3.92023,4.62248,3.28726,4.61002,2.71147,2.38505,2.61355,1.42413,1.42413,1.62119,1.62119,1.40302,1.33057,1.44767,0.922087,0.839949
2023-02-07,1.27904,4.12635,2.99693,4.6805,2.76372,2.12993,2.86413,3.22019,2.49992,3.38328,3.63,2.61023,3.70676,4.23221,3.00972,4.22081,2.72729,2.39383,2.62725,1.36604,1.36604,1.7004,1.7004,1.38571,1.33057,1.36778,0.871876,0.769034
2023-02-08,-1.11426,4.12635,2.99693,4.6805,2.81304,2.16843,2.91516,3.2773,2.54474,3.44282,3.96671,2.85234,4.05058,4.396,3.1262,4.38416,2.98504,2.61103,2.87283,1.45034,1.45034,1.47004,1.47004,1.50437,1.33057,1.39327,0.952748,0.798797
2023-02-09,-0.886902,4.12635,2.99693,4.6805,2.89758,2.23443,3.00264,3.37519,2.62156,3.54503,3.8669,2.78057,3.94866,4.41142,3.13717,4.39953,2.73916,2.40684,2.63946,1.40143,1.40143,1.57284,1.57284,1.41948,1.33057,1.43697,0.928775,0.801599
2023-02-10,0.219287,4.12635,2.99693,4.6805,2.85285,2.19951,2.95636,3.3234,2.58091,3.49025,3.79384,2.72803,3.87406,4.39824,3.1278,4.38639,2.73994,2.40652,2.63992,1.43986,1.43986,1.71128,1.71128,1.40588,1.33057,1.41385,0.911226,0.799203
2023-02-13,1.13836,4.12635,2.99693,4.6805,2.58045,1.98685,2.67449,3.00797,2.33338,3.15904,3.49192,2.51093,3.56576,4.06188,2.8886,4.05094,2.96155,2.60009,2.85311,1.38074,1.38074,1.5383,1.5383,1.52411,1.33057,1.27304,0.83871,0.738084
2023-02-14,-0.028044,4.12635,2.99693,4.6805,2.59764,2.00027,2.69228,3.02787,2.349,3.17914,3.60756,2.59409,3.68384,4.12053,2.9303,4.10942,2.88349,2.5175,2.77369,1.30836,1.30836,1.58888,1.58888,1.4329,1.33057,1.28192,0.866485,0.748741
2023-02-15,0.276933,4.12635,2.99693,4.6805,2.36007,1.8148,2.44645,2.75277,2.13311,2.89002,3.21783,2.31385,3.28587,3.6242,2.57734,3.61443,2.77491,2.41946,2.66828,1.20346,1.20346,1.67156,1.67156,1.37315,1.33057,1.15911,0.772878,0.658552
2023-02-16,-1.38847,4.12635,2.99693,4.6805,2.15199,1.65236,2.23114,2.51182,1.94403,2.63666,3.02737,2.17689,3.09138,3.49721,2.48703,3.48778,2.58286,2.24087,2.48026,1.25481,1.25481,1.51303,1.51303,1.23065,1.33057,1.05155,0.727132,0.635476
2023-02-17,-0.277124,4.12635,2.99693,4.6805,2.58948,1.9939,2.68384,3.01843,2.34159,3.16599,3.28943,2.36533,3.35899,4.09706,2.91361,4.08601,2.7099,2.37559,2.60961,1.38762,1.38762,1.52842,1.52842,1.37768,1.35457,1.30428,0.790076,0.744475
2023-02-21,-2.02448,4.12635,2.99693,4.6805,2.38936,1.83767,2.47676,2.78669,2.15973,2.92211,3.44282,2.47563,3.51562,3.69581,2.62826,3.68585,2.72401,2.38844,2.62334,1.28382,1.28382,1.42833,1.42833,1.38018,1.35457,1.19887,0.826918,0.671565
2023-02-22,-0.157481,4.12635,2.99693,4.6805,3.24152,2.50293,3.35853,3.77346,2.9341,3.95261,3.88039,2.79027,3.96244,4.10731,2.9209,4.09624,2.89955,2.55278,2.79552,1.54795,1.54795,1.72563,1.72563,1.52177,1.39034,1.65885,0.932015,0.746338
2023-02-23,0.53153,4.12635,2.99693,4.6805,2.93862,2.26647,3.04511,3.42272,2.65885,3.5832,3.60779,2.59425,3.68408,3.73694,2.65751,3.72687,2.86672,2.52288,2.76357,1.37603,1.37603,1.59765,1.59765,1.49469,1.39034,1.49831,0.86654,0.679038
2023-02-24,-1.05935,4.12635,2.99693,4.6805,2.69245,2.07429,2.79038,3.13765,2.43515,3.28328,3.68808,2.65199,3.76606,3.64537,2.59239,3.63554,2.72676,2.4008,2.62897,1.40539,1.40539,1.57516,1.57516,1.42537,1.39034,1.36783,0.885825,0.662399
2023-02-27,0.30683,4.12635,2.99693,4.6805,2.77435,2.13823,2.87513,3.23249,2.50958,3.38043,4.02843,2.89672,4.11361,3.97799,2.82894,3.96727,2.85993,2.5097,2.75486,1.37328,1.37328,1.57194,1.57194,1.45858,1.39034,1.41124,0.967572,0.72284
2023-02-28,-0.304062,4.12635,2.99693,4.6805,2.51239,1.93986,2.6004,2.93532,2.26856,3.06599,3.88694,2.79498,3.96913,3.76137,2.67489,3.75123,2.64888,2.32861,2.5528,1.34257,1.34257,1.52883,1.52883,1.37811,1.39034,1.27249,0.933589,0.683478
2023-03-01,-0.473646,4.12635,2.99693,4.6805,2.32982,1.79695,2.41173,2.72345,2.10287,2.84472,3.89639,2.80178,3.97878,3.75064,2.66726,3.74053,2.5527,2.24858,2.46146,1.34853,1.34853,1.52394,1.52394,1.32851,1.39034,1.17581,0.935859,0.681528
2023-03-02,0.755359,4.12635,2.99693,4.6805,2.22135,1.71204,2.29964,2.59757,1.96888,2.71195,3.73883,2.68848,3.81789,3.55457,2.52782,3.54499,2.37861,2.09301,2.29293,1.28048,1.28048,1.3943,1.3943,1.21214,1.39034,1.11837,0.898015,0.6459
2023-03-03,1.60188,4.12635,2.99693,4.6805,2.14303,1.65073,2.21871,2.50669,1.89899,2.61723,3.93921,2.83256,4.0225,3.53514,2.51401,3.52562,2.66939,2.3479,2.57294,1.27903,1.27903,1.38058,1.38058,1.35394,1.39034,1.0769,0.946142,0.64237
2023-03-06,0.0686924,4.12635,2.99693,4.6805,2.55179,1.9707,2.64112,2.98104,2.26374,3.1115,4.13281,2.97178,4.22019,3.76899,2.68031,3.75883,2.57825,2.26843,2.4853,1.26177,1.26177,1.33497,1.33497,1.3182,1.39034,1.29336,0.992642,0.684863
2023-03-07,-1.54456,4.12635,2.99693,4.6805,2.31667,1.78666,2.39815,2.70819,2.05394,2.82716,3.79687,2.73021,3.87715,3.45934,2.4601,3.45001,2.49416,2.18511,2.40145,1.26461,1.26461,1.37722,1.37722,1.24571,1.39034,1.16885,0.911955,0.628596
2023-03-08,0.14138,4.12635,2.99693,4.6805,2.80589,2.16961,2.90371,3.27592,2.49048,3.41871,3.98886,2.86827,4.0732,3.96742,2.82142,3.95672,2.75374,2.42716,2.65577,1.40267,1.40267,1.42829,1.42829,1.41647,1.40995,1.45353,0.958068,0.720918
2023-03-09,-1.86318,4.12635,2.99693,4.6805,2.53974,1.96127,2.62867,2.96705,2.25298,3.09683,3.85028,2.76862,3.93169,3.52174,2.50448,3.51225,2.63635,2.3055,2.53709,1.2576,1.2576,1.43487,1.43487,1.29633,1.40995,1.31026,0.924783,0.639935
2023-03-10,-1.4584,4.12635,2.99693,4.6805,3.19296,2.47259,3.3037,3.72509,2.83586,3.88665,4.15057,2.98455,4.23834,3.92737,2.79294,3.91678,2.7666,2.42929,2.66541,1.38349,1.38349,1.50352,1.50352,1.4205,1.43618,1.67958,0.996909,0.713641
2023-03-13,-0.151091,4.12635,2.99693,4.6805,3.37846,2.6178,3.4954,3.94036,3.00139,4.11092,4.22988,3.04158,4.31932,4.12322,2.93221,4.11211,2.9517,2.61182,2.84973,1.51107,1.51107,1.4618,1.4618,1.57079,1.45092,1.78042,1.01596,0.749229
2023-03-14,1.63424,4.12635,2.99693,4.6805,3.06115,2.36941,3.16749,3.57213,2.71825,3.72734,4.04767,2.8901,4.08955,3.79085,2.66881,3.76023,2.71195,2.39028,2.61545,1.33289,1.33289,1.52894,1.52894,1.41243,1.43618,1.59093,0.972193,0.688834
2023-03-15,-0.700536,4.12635,2.99693,4.6805,3.23727,2.50727,3.34949,3.7765,2.8754,3.94017,4.20684,3.00375,4.25036,4.03859,2.84322,4.00597,2.94772,2.59321,2.84137,1.34576,1.34576,1.53729,1.53729,1.50951,1.43618,1.68573,1.01042,0.73385
2023-03-16,1.74096,4.12635,2.99693,4.6805,3.0616,2.36977,3.16796,3.57264,2.71865,3.72764,4.18987,2.99164,4.23323,4.10508,2.89003,4.07192,2.78042,2.45687,2.68335,1.3098,1.3098,1.55737,1.55737,1.47075,1.43618,1.59117,1.00635,0.745932
2023-03-17,-1.10806,4.12635,2.99693,4.6805,3.30121,2.55732,3.41556,3.85068,2.93246,4.01719,4.34526,3.10258,4.39022,4.16654,2.9333,4.13288,2.766,2.43738,2.66741,1.25017,1.25017,1.6122,1.6122,1.42795,1.43618,1.72015,1.04367,0.7571
2023-03-20,0.887888,4.12635,2.99693,4.6805,3.27872,2.53972,3.39233,3.82458,2.91239,3.98977,4.24669,3.0322,4.29063,4.38862,3.08965,4.35318,2.68507,2.37084,2.5908,1.30537,1.30537,1.65195,1.65195,1.40994,1.43618,1.70805,1.01999,0.797456
2023-03-21,1.28986,4.12635,2.99693,4.6805,3.07782,2.38246,3.18472,3.59142,2.73312,3.74663,4.06456,2.90216,4.10661,4.29305,3.02237,4.25837,2.68033,2.3471,2.58036,1.23344,1.23344,1.58888,1.58888,1.34637,1.43618,1.5999,0.976249,0.780089
2023-03-22,-1.66002,4.12635,2.99693,4.6805,3.0684,2.37509,3.17498,3.58048,2.72472,3.73508,4.09251,2.92212,4.13486,4.57443,3.22046,4.53748,2.65229,2.32873,2.55522,1.19612,1.19612,1.55693,1.55693,1.35306,1.43618,1.59483,0.982964,0.831219
2023-03-23,0.298008,4.12635,2.99693,4.6805,3.41072,2.64305,3.52873,3.97769,3.03017,4.14841,4.29849,3.06919,4.34296,4.69906,3.30821,4.66111,2.7078,2.38923,2.61223,1.31861,1.31861,1.62442,1.62442,1.41431,1.45092,1.79796,1.03244,0.853866
2023-03-24,0.562396,4.12635,2.99693,4.6805,3.08059,2.38463,3.18758,3.59456,2.7356,3.74882,4.00271,2.858,4.04413,4.24038,2.98528,4.20613,2.53593,2.23078,2.44438,1.21793,1.21793,1.70764,1.70764,1.30372,1.45092,1.61849,0.961395,0.770518
2023-03-27,0.164559,4.12635,2.99693,4.6805,2.82481,2.18442,2.92326,3.29771,2.50736,3.43906,3.74848,2.67647,3.78726,4.08586,2.8765,4.05286,2.56084,2.22394,2.45977,1.17087,1.17087,1.58574,1.58574,1.21656,1.45092,1.47944,0.900332,0.742441
2023-03-28,-0.157508,4.12635,2.99693,4.6805,2.56355,1.99001,2.64776,2.99748,2.2748,3.12109,3.62305,2.58692,3.66054,3.75348,2.6425,3.72317,2.35632,2.04517,2.26297,1.18233,1.18233,1.57829,1.57829,1.11729,1.45092,1.31989,0.870206,0.682045
2023-03-29,1.41369,4.12635,2.99693,4.6805,2.34931,1.82165,2.42678,2.74848,2.08366,2.86143,3.25013,2.32065,3.28376,3.53569,2.48918,3.50714,2.13425,1.86039,2.05209,1.13289,1.13289,1.61724,1.61724,1.03573,1.45092,1.20512,0.780636,0.64247
2023-03-30,0.569899,4.12635,2.99693,4.6805,2.57434,1.99849,2.65888,3.0099,2.28443,3.1324,3.35429,2.39502,3.38899,3.78027,2.66136,3.74974,2.44336,2.11192,2.34392,1.20287,1.20287,1.57158,1.57158,1.13447,1.45092,1.32567,0.805653,0.686912
2023-03-31,1.43333,4.12635,2.99693,4.6805,2.39254,1.85561,2.47136,2.79856,2.12222,2.91163,3.31699,2.36838,3.35131,3.44677,2.42657,3.41893,2.36673,2.02847,2.26525,1.10872,1.10872,1.48048,1.48048,1.03464,1.45092,1.22828,0.796693,0.626312
2023-04-03,0.369202,4.12635,2.99693,4.6805,2.61822,2.03298,2.70415,3.06067,2.32358,3.18236,3.38354,2.4159,3.41855,3.83256,2.69817,3.8016,2.23646,1.91153,2.13899,1.03965,1.03965,1.50162,1.50162,0.965362,1.45092,1.34918,0.812678,0.696413
2023-04-04,-0.581385,4.12635,2.99693,4.6805,2.39468,1.85729,2.47357,2.80082,2.12413,2.91108,3.33731,2.38289,3.37184,3.70712,2.60986,3.67717,1.9885,1.7132,1.90591,1.03732,1.03732,1.44887,1.44887,0.897111,1.45092,1.22145,0.801574,0.673619
2023-04-05,-0.249548,4.12635,2.99693,4.6805,2.31183,1.79219,2.38812,2.70441,2.05021,2.80905,3.27482,2.33828,3.3087,3.64186,2.56392,3.61244,1.95904,1.68473,1.87675,1.03707,1.03707,1.40042,1.40042,0.877949,1.45092,1.17734,0.786566,0.661761
2023-04-06,0.357276,4.12635,2.99693,4.6805,2.14645,1.66222,2.21754,2.5121,1.90266,2.60737,3.17343,2.26588,3.20626,3.52456,2.48134,3.49609,1.95274,1.68295,1.87181,1.038,1.038,1.38802,1.38802,0.884035,1.45092,1.08927,0.762213,0.640447
2023-04-10,0.0995821,4.12635,2.99693,4.6805,1.98185,1.53286,2.04776,2.32069,1.75574,2.40673,2.81568,2.01044,2.84482,3.57563,2.51729,3.54675,1.73794,1.47041,1.65768,1.04885,1.04885,1.44752,1.44752,0.711348,1.45092,1.00161,0.676287,0.649727
2023-04-11,-0.00413723,4.12635,2.99693,4.6805,1.82044,1.40602,1.88128,2.13297,1.6006,2.21095,2.55074,1.82127,2.57713,3.32488,2.34076,3.29803,1.79801,1.53315,1.71855,1.01263,1.01263,1.30899,1.30899,0.758914,1.45092,0.91566,0.612651,0.604163
2023-04-12,-0.414343,4.12635,2.99693,4.6805,1.68512,1.29967,1.74171,1.96972,1.48065,2.0473,2.26564,1.61771,2.28909,2.69891,1.90007,2.67712,1.70349,1.45751,1.6297,0.937814,0.937814,1.29482,1.29482,0.73814,1.45092,0.843601,0.544176,0.490419
2023-04-13,1.31755,4.12635,2.99693,4.6805,1.66588,1.28455,1.72186,1.92628,1.4636,2.02334,2.20326,1.57316,2.22605,2.90254,2.04343,2.8791,1.8212,1.55427,1.74112,0.897215,0.897215,1.25159,1.25159,0.779159,1.45092,0.833355,0.529191,0.52742
2023-04-14,-0.207152,4.12635,2.99693,4.6805,2.02865,1.56965,2.09604,2.30107,1.78517,2.45727,2.51223,1.79377,2.53823,2.97656,2.09554,2.95252,1.8427,1.59037,1.767,1.01828,1.01828,1.31162,1.31162,0.839266,1.45092,1.02654,0.603403,0.540869
2023-04-17,0.330071,4.12635,2.99693,4.6805,1.89418,1.46397,1.95734,2.10233,1.66597,2.29401,2.45386,1.75209,2.47925,2.79108,1.96496,2.76853,1.46617,1.25662,1.40331,1.00853,1.00853,1.25773,1.25773,0.643413,1.45092,0.954931,0.589382,0.507166
2023-04-18,0.0854857,4.12635,2.99693,4.6805,1.75982,1.35838,1.81876,1.90556,1.54687,2.13095,2.3384,1.66965,2.36259,2.80386,1.97396,2.78122,1.62763,1.39022,1.55641,0.941525,0.941525,1.17385,1.17385,0.698098,1.45092,0.883381,0.56165,0.509489
2023-04-19,-0.00842661,4.12635,2.99693,4.6805,1.62795,1.25474,1.68274,1.71673,1.42998,1.97074,2.14854,1.53409,2.17077,2.65436,1.86871,2.63292,1.56979,1.32162,1.49534,0.944282,0.944282,1.1482,1.1482,0.620948,1.45092,0.813156,0.51605,0.482324
2023-04-20,-0.597034,4.12635,2.99693,4.6805,1.5198,1.16975,1.57119,1.60307,1.33411,1.83896,1.8737,1.33785,1.89308,2.25767,1.58943,2.23944,1.37967,1.159,1.31347,0.90511,0.90511,1.1247,1.1247,0.546543,1.45092,0.755565,0.450036,0.410241
2023-04-21,0.0902786,4.12635,2.99693,4.6805,1.61784,1.2468,1.67232,1.70611,1.42102,1.95439,1.98203,1.4152,2.00254,2.47841,1.74483,2.45839,1.56541,1.32711,1.49392,0.905023,0.905023,1.0939,1.0939,0.65695,1.45092,0.807774,0.476056,0.450351
2023-04-24,0.0851212,4.12635,2.99693,4.6805,1.50543,1.15846,1.55637,1.58797,1.32137,1.81733,1.93903,1.3845,1.95909,2.06812,1.45598,2.05141,1.53518,1.29081,1.46187,0.857342,0.857342,1.07855,1.07855,0.614125,1.45092,0.744971,0.465728,0.375797
2023-04-25,-1.59372,4.12635,2.99693,4.6805,1.40918,1.08282,1.45709,1.48682,1.23606,1.7006,1.82921,1.30608,1.84813,2.03924,1.43565,2.02277,1.42072,1.19333,1.35251,0.822137,0.822137,1.04934,1.04934,0.560385,1.45092,0.682682,0.43935,0.37055
2023-04-26,-0.384859,4.12635,2.99693,4.6805,2.28092,1.76742,2.35633,2.5662,2.01276,2.76384,2.12619,1.52888,2.16116,2.6368,1.87515,2.62293,1.86328,1.56685,1.77435,1.04695,1.04695,1.20074,1.20074,0.754399,1.45598,1.14307,0.51068,0.479132
2023-04-27,1.93772,4.12635,2.99693,4.6805,2.15429,1.66791,2.22572,2.42451,1.91406,2.61235,2.09714,1.49739,2.11092,2.63071,1.8528,2.58753,1.79212,1.52975,1.71341,1.13532,1.13532,1.17933,1.17933,0.781668,1.45092,1.07834,0.503704,0.478217
2023-04-28,0.821934,4.12635,2.99693,4.6805,2.7997,2.17511,2.89143,3.14671,2.47353,3.3871,2.45818,1.75518,2.47433,3.26469,2.29931,3.21111,1.98971,1.70434,1.9041,1.10778,1.10778,1.3231,1.3231,0.879591,1.45092,1.41568,0.590421,0.593465
2023-05-01,-0.038619,4.12635,2.99693,4.6805,2.65544,2.06175,2.74263,2.98529,2.3454,3.21379,2.52623,1.80377,2.54282,3.268,2.30164,3.21436,2.01058,1.72078,1.92364,1.18095,1.18095,1.2637,1.2637,0.885604,1.45092,1.33987,0.606764,0.594065
2023-05-02,-1.16539,4.12635,2.99693,4.6805,2.41971,1.87649,2.49948,2.7215,2.13603,2.93058,2.30096,1.64293,2.31608,2.94304,2.07277,2.89474,1.77277,1.52727,1.69912,1.1469,1.1469,1.25582,1.25582,0.805607,1.45092,1.216,0.552659,0.534994
2023-05-03,-0.702291,4.12635,2.99693,4.6805,2.61236,2.02789,2.6982,2.93708,2.30714,3.16203,2.17494,1.64247,2.2919,2.9634,2.14742,2.98454,2.0377,1.78142,1.96081,1.16902,1.16902,1.27061,1.27061,1.01003,1.43618,1.31723,0.559329,0.56693
2023-05-04,-0.724491,4.12635,2.99693,4.6805,2.5385,1.96985,2.62202,2.85443,2.24154,3.0733,2.31829,1.75073,2.44296,3.14416,2.2784,3.16658,2.03687,1.78809,1.96224,1.21496,1.21496,1.2218,1.2218,1.04206,1.43618,1.27261,0.596196,0.60151
2023-05-05,1.83062,4.12635,2.99693,4.6805,2.48632,1.92884,2.56819,2.79604,2.19519,3.01061,2.58246,1.95022,2.72134,3.07037,2.22494,3.09227,2.11989,1.85731,2.04112,1.11497,1.11497,1.2057,1.2057,1.07971,1.43618,1.24531,0.664132,0.587394
2023-05-08,0.0452022,4.12635,2.99693,4.6805,2.93892,2.28451,3.03502,3.30249,2.59717,3.55435,2.76265,2.0863,2.91122,3.75112,2.71824,3.77787,2.2392,1.96513,2.15698,1.31291,1.31291,1.23896,1.23896,1.14935,1.43618,1.48215,0.710472,0.717628
2023-05-09,-0.458994,4.12635,2.99693,4.6805,2.66551,2.06965,2.75301,2.99655,2.35434,3.22588,2.88472,2.17848,3.03985,3.26229,2.36401,3.28556,2.10833,1.8603,2.03392,1.29051,1.29051,1.29878,1.29878,1.11223,1.43618,1.33907,0.741865,0.62411
2023-05-10,0.447394,4.12635,2.99693,4.6805,2.5029,1.94187,2.5853,2.8146,2.20992,3.03053,2.87214,2.16898,3.02659,3.08966,2.23891,3.11169,2.12842,1.86893,2.05057,1.18327,1.18327,1.20443,1.20443,1.08906,1.43618,1.25399,0.738629,0.591084
2023-05-11,-0.169806,4.12635,2.99693,4.6805,2.3075,1.78831,2.38374,2.59594,2.03637,2.79577,2.9311,2.21351,3.08873,2.97495,2.15578,2.99616,2.21148,1.93482,2.12848,1.13252,1.13252,1.21172,1.21172,1.10921,1.43618,1.15173,0.753792,0.569138
2023-05-12,-0.158455,4.12635,2.99693,4.6805,2.13029,1.64905,2.20096,2.39765,1.87897,2.58287,2.92061,2.20559,3.07767,2.93103,2.12396,2.95193,2.11642,1.84791,2.03587,1.13535,1.13535,1.14269,1.14269,1.0634,1.43618,1.05119,0.751093,0.560736
2023-05-15,0.29538,4.12635,2.99693,4.6805,1.97471,1.52679,2.04049,2.22356,1.74079,2.39596,2.84125,2.14566,2.99405,2.79028,2.02197,2.81019,2.30314,1.99629,2.21109,1.05967,1.05967,1.17563,1.17563,1.10868,1.43618,0.962317,0.730686,0.53381
2023-05-16,-0.639811,4.12635,2.99693,4.6805,1.82628,1.41014,1.88739,2.05747,1.60896,2.21764,2.853,2.15453,3.00643,2.76856,2.00623,2.7883,2.31537,1.99042,2.21788,1.06019,1.06019,1.14031,1.14031,1.05997,1.43618,0.884212,0.733707,0.529654
2023-05-17,1.18207,4.12635,2.99693,4.6805,1.87526,1.44864,1.93791,2.11228,1.65247,2.27648,2.94835,2.22653,3.1069,2.95861,2.14394,2.97971,2.25464,1.94873,2.16287,1.05792,1.05792,1.14817,1.14817,1.0738,1.43618,0.909448,0.758226,0.566012
2023-05-18,0.940073,4.12635,2.99693,4.6805,2.07976,1.60934,2.14885,2.34112,1.8341,2.52217,2.98094,2.25115,3.14124,2.99895,2.17318,3.02034,2.28393,1.97775,2.19208,1.08266,1.08266,1.10692,1.10692,1.08964,1.43618,1.01481,0.766608,0.573731
2023-05-19,-0.144691,4.12635,2.99693,4.6805,2.10685,1.63063,2.17679,2.37143,1.85816,2.55471,3.05754,2.30899,3.22196,3.16913,2.2965,3.19173,2.1606,1.88536,2.07802,1.13579,1.13579,1.20952,1.20952,1.0626,1.43618,1.02877,0.786307,0.606288
2023-05-22,0.0155022,4.12635,2.99693,4.6805,1.9522,1.5091,2.01727,2.19838,1.7208,2.36891,2.94207,2.22179,3.10028,2.88955,2.09391,2.91016,2.19274,1.90473,2.10634,1.06063,1.06063,1.10375,1.10375,1.0599,1.43618,0.949088,0.756612,0.552802
2023-05-23,-1.12855,4.12635,2.99693,4.6805,1.79976,1.3893,1.86004,2.0278,1.58541,2.18577,2.68819,2.03007,2.83275,2.63027,1.90602,2.64903,2.30414,2.00386,2.21406,1.10267,1.10267,1.09628,1.09628,1.11883,1.43618,0.870551,0.691322,0.503198
2023-05-24,-0.734553,4.12635,2.99693,4.6805,2.13808,1.65714,2.20706,2.42454,1.89324,2.6029,2.93607,2.21726,3.09396,2.84095,2.05868,2.86121,2.30453,2.00342,2.2142,1.1788,1.1788,1.11524,1.11524,1.12805,1.43618,1.07088,0.755068,0.543503
2023-05-25,0.871947,4.12635,2.99693,4.6805,2.16805,1.68074,2.23795,2.45831,1.91997,2.63902,2.81678,2.12718,2.96826,2.90392,2.10432,2.92463,2.02453,1.78147,1.95161,1.08575,1.08575,1.14228,1.14228,1.04248,1.43618,1.08671,0.724392,0.55555
2023-05-26,1.29647,4.12635,2.99693,4.6805,2.14293,1.66096,2.21206,2.43,1.89757,2.60873,2.95482,2.23142,3.11372,2.96144,2.146,2.98256,2.06504,1.80424,1.9868,1.06405,1.06405,1.144,1.144,1.01376,1.43618,1.07344,0.759891,0.566555
2023-05-30,0.00165974,4.12635,2.99693,4.6805,2.34044,1.81648,2.4156,2.65253,2.0737,2.84683,3.03738,2.29377,3.20072,3.10913,2.25302,3.13131,2.01787,1.74444,1.93584,1.06389,1.06389,1.15093,1.15093,0.934482,1.43618,1.17777,0.781123,0.594809
2023-05-31,-0.612735,4.12635,2.99693,4.6805,2.13711,1.65637,2.20606,2.42345,1.89238,2.60171,2.83497,2.14091,2.98742,2.80041,2.02931,2.82038,1.96979,1.7136,1.89294,1.09551,1.09551,1.18994,1.18994,0.941207,1.43618,1.07036,0.729069,0.535748
2023-06-01,0.980621,4.12635,2.99693,4.6805,2.11323,1.63757,2.18146,2.39654,1.87108,2.57291,2.73034,2.0619,2.87717,3.01459,2.18452,3.03609,1.70074,1.47956,1.63438,1.07712,1.07712,1.17988,1.17988,0.802475,1.43618,1.05775,0.702162,0.576723
2023-06-02,1.44298,4.12635,2.99693,4.6805,2.14733,1.66442,2.2166,2.43496,1.90149,2.61401,2.68827,2.03013,2.83284,2.89281,2.09627,2.91345,1.72187,1.48172,1.64983,0.938942,0.938942,1.10965,1.10965,0.765975,1.43618,1.05654,0.691344,0.553425
2023-06-05,-0.20056,4.12635,2.99693,4.6805,2.43514,1.89105,2.51319,2.75922,2.15816,2.96094,2.73334,2.06416,2.88033,3.19733,2.31693,3.22013,1.81892,1.55842,1.74077,0.863955,0.863955,1.11822,1.11822,0.786179,1.43618,1.20614,0.702934,0.611682
2023-06-06,0.235114,4.12635,2.99693,4.6805,2.2443,1.74078,2.31653,2.54422,1.98797,2.73087,2.52471,1.90661,2.66048,2.81837,2.04232,2.83847,1.67339,1.44436,1.60468,0.951142,0.951142,1.1122,1.1122,0.7628,1.43618,1.10695,0.649279,0.539183
2023-06-07,-0.38193,4.12635,2.99693,4.6805,2.05219,1.58951,2.11855,2.32777,1.81665,2.49927,2.3967,1.80994,2.52559,2.83879,2.05712,2.85904,1.53171,1.30841,1.46472,0.850749,0.850749,1.07948,1.07948,0.654526,1.43618,1.00709,0.616359,0.54309
2023-06-08,0.616958,4.12635,2.99693,4.6805,1.95952,1.51654,2.02306,2.22337,1.73401,2.38754,2.09184,1.57971,2.20433,2.69279,1.95132,2.712,1.58228,1.33231,1.50729,0.877052,0.877052,1.04044,1.04044,0.62723,1.43618,0.958922,0.537958,0.515159
2023-06-09,0.11474,4.12635,2.99693,4.6805,1.87778,1.45218,1.93883,2.13128,1.66112,2.28899,2.0064,1.5152,2.1143,2.6731,1.93705,2.69217,1.52289,1.28983,1.45297,0.824368,0.824368,1.03289,1.03289,0.615877,1.43618,0.915883,0.515987,0.511392
2023-06-12,0.927797,4.12635,2.99693,4.6805,1.72883,1.3349,1.78534,1.96347,1.52829,2.10941,1.94018,1.46518,2.04451,2.61805,1.89716,2.63672,1.41629,1.18954,1.34827,0.76232,0.76232,1.03857,1.03857,0.546143,1.43618,0.837629,0.498956,0.500859
2023-06-13,0.690857,4.12635,2.99693,4.6805,1.82146,1.40783,1.88079,2.06782,1.61089,2.22102,1.98519,1.49917,2.09195,2.67112,1.93562,2.69018,1.20672,1.02151,1.15116,0.742478,0.742478,0.992076,0.992076,0.480492,1.43618,0.875675,0.510531,0.511014
2023-06-14,0.0819072,4.12635,2.99693,4.6805,1.78876,1.38209,1.84709,2.03099,1.58173,2.18155,2.00777,1.51623,2.11574,2.63767,1.91138,2.65648,1.15646,0.968586,1.1001,0.683304,0.683304,0.978271,0.978271,0.429366,1.43618,0.858874,0.516339,0.504613
2023-06-15,1.21046,4.12635,2.99693,4.6805,1.65224,1.27459,1.70641,1.87717,1.45998,2.01696,1.98569,1.49955,2.09248,2.5521,1.84937,2.5703,1.24208,1.03726,1.18063,0.712406,0.712406,0.945496,0.945496,0.455752,1.43618,0.788716,0.510661,0.488244
2023-06-16,-0.367838,4.12635,2.99693,4.6805,1.93371,1.49622,1.99646,2.19429,1.71099,2.35614,1.93909,1.46437,2.04337,2.72715,1.97622,2.7466,1.18961,0.999932,1.13271,0.735885,0.735885,0.930913,0.930913,0.455125,1.43618,0.93336,0.498677,0.521732
2023-06-20,-0.474634,4.12635,2.99693,4.6805,1.85594,1.43498,1.91632,2.10667,1.64164,2.26228,1.9268,1.45508,2.03042,2.35917,1.70957,2.376,1.30442,1.1105,1.24625,0.751735,0.751735,0.959292,0.959292,0.547289,1.43618,0.893393,0.495516,0.451335
2023-06-21,-0.52591,4.12635,2.99693,4.6805,1.82906,1.41381,1.88862,2.07639,1.61767,2.22976,1.85503,1.40088,1.95478,2.5529,1.84995,2.57111,1.29397,1.11306,1.23969,0.752252,0.752252,0.896265,0.896265,0.580693,1.43618,0.87958,0.477058,0.488397
2023-06-22,0.370393,4.12635,2.99693,4.6805,1.82795,1.41294,1.88748,2.07514,1.61668,2.22829,1.86427,1.40786,1.96453,2.64888,1.9195,2.66777,1.34162,1.16204,1.28775,0.763171,0.763171,0.914041,0.914041,0.627675,1.43618,0.879011,0.479435,0.506758
2023-06-23,-0.768827,4.12635,2.99693,4.6805,1.7144,1.32521,1.76985,1.93949,1.51806,2.08343,1.8368,1.38711,1.93557,2.41038,1.74668,2.42758,1.26801,1.09116,1.21495,0.797332,0.797332,0.862482,0.862482,0.571961,1.43618,0.818761,0.472369,0.461132
2023-06-26,-0.449694,4.12635,2.99693,4.6805,1.86105,1.44074,1.92092,2.10413,1.64901,2.25938,2.00318,1.51276,2.1109,2.62137,1.89957,2.64007,1.30664,1.14083,1.2569,0.919485,0.919485,0.937865,0.937865,0.645656,1.43618,0.893809,0.515157,0.501496
2023-06-27,1.13907,4.12635,2.99693,4.6805,1.8237,1.41131,1.88245,2.0622,1.61566,2.21423,1.92535,1.45399,2.02889,2.60557,1.88812,2.62415,1.42578,1.24249,1.37079,0.866263,0.866263,0.893619,0.893619,0.702033,1.43618,0.874695,0.495143,0.498473
2023-06-28,-0.0354141,4.12635,2.99693,4.6805,2.01818,1.56453,2.0828,2.28054,1.78932,2.44744,2.19622,1.65854,2.31433,2.74089,1.98618,2.76044,1.49651,1.29907,1.43728,0.860249,0.860249,0.92687,0.92687,0.716089,1.43618,0.974223,0.564803,0.52436
2023-06-29,0.446355,4.12635,2.99693,4.6805,1.85795,1.4383,1.91774,2.10066,1.64624,2.25457,1.98789,1.50121,2.09479,2.54708,1.84574,2.56525,1.37476,1.18848,1.31887,0.91442,0.91442,0.920422,0.920422,0.649201,1.43618,0.892225,0.511225,0.487284
2023-06-30,1.21944,4.12635,2.99693,4.6805,1.74805,1.35171,1.80451,1.97727,1.5481,2.12211,1.99427,1.50603,2.10151,2.69719,1.95451,2.71642,1.39155,1.19593,1.33286,0.860674,0.860674,0.919861,0.919861,0.630209,1.43618,0.83598,0.512867,0.516
2023-07-03,0.116998,4.12635,2.99693,4.6805,2.01504,1.56206,2.07957,2.27701,1.78652,2.44178,2.16462,1.63467,2.28102,2.89958,2.10117,2.92026,1.55427,1.33383,1.48814,0.836898,0.836898,0.919285,0.919285,0.698277,1.43618,0.972617,0.556675,0.55472
2023-07-05,-0.197025,4.12635,2.99693,4.6805,1.84741,1.43,1.90688,2.08882,1.63683,2.23983,1.8828,1.42185,1.98405,2.65952,1.92721,2.67849,1.35944,1.16534,1.30121,0.820596,0.820596,0.916689,0.916689,0.60158,1.43618,0.886831,0.4842,0.508793
2023-07-06,-0.795407,4.12635,2.99693,4.6805,1.7371,1.34309,1.79323,1.96497,1.53832,2.10651,1.78649,1.34912,1.88256,2.56205,1.85658,2.58032,1.35613,1.15932,1.29708,0.793879,0.793879,0.867308,0.867308,0.592579,1.43618,0.830375,0.459432,0.490147
2023-07-07,-0.28692,4.12635,2.99693,4.6805,1.89316,1.46604,1.95401,2.14018,1.67768,2.29243,1.78469,1.34776,1.88067,2.59011,1.87692,2.60858,1.31183,1.12687,1.25634,0.930071,0.930071,0.925487,0.925487,0.596166,1.43618,0.910242,0.458969,0.495515
2023-07-10,0.240214,4.12635,2.99693,4.6805,1.79771,1.39084,1.85567,2.03302,1.59245,2.177,1.78347,1.34684,1.87938,2.64871,1.91938,2.6676,1.32916,1.14495,1.2739,0.85752,0.85752,0.857267,0.857267,0.61777,1.43618,0.861395,0.458654,0.506725
2023-07-11,0.671959,4.12635,2.99693,4.6805,1.66448,1.28587,1.71841,1.88344,1.47348,2.01576,1.64714,1.24388,1.73571,2.5649,1.85865,2.5832,1.38393,1.18621,1.32462,0.91986,0.91986,0.852758,0.852758,0.618198,1.43618,0.793209,0.423594,0.490693
2023-07-12,0.738391,4.12635,2.99693,4.6805,1.65765,1.2805,1.71138,1.87578,1.46738,2.00614,1.63652,1.23587,1.72453,2.58893,1.87606,2.6074,1.36197,1.1747,1.30579,0.87316,0.87316,0.846376,0.846376,0.631646,1.43618,0.789717,0.420864,0.495289
2023-07-13,0.843446,4.12635,2.99693,4.6805,1.67996,1.29807,1.73436,1.90082,1.4873,2.03046,1.77071,1.33721,1.86594,2.56359,1.8577,2.58187,1.27733,1.10584,1.22588,0.82255,0.82255,0.883801,0.883801,0.600931,1.43618,0.801131,0.455374,0.490441
2023-07-14,-0.102493,4.12635,2.99693,4.6805,1.74645,1.35045,1.80286,1.97547,1.54667,2.1075,1.86133,1.40564,1.96143,2.67513,1.93853,2.69421,1.3447,1.16899,1.29198,0.75017,0.75017,0.894731,0.894731,0.644077,1.43618,0.825281,0.478679,0.511781
2023-07-17,0.384797,4.12635,2.99693,4.6805,1.63327,1.26128,1.68626,1.8482,1.44561,1.96956,1.77212,1.33827,1.86742,2.69502,1.95294,2.71424,1.27969,1.11879,1.23142,0.769085,0.769085,0.846021,0.846021,0.635421,1.43618,0.767957,0.455737,0.515585
2023-07-18,0.709208,4.12635,2.99693,4.6805,1.54504,1.19177,1.59536,1.73809,1.36682,1.86183,1.71514,1.29524,1.80738,2.56775,1.86071,2.58606,1.28134,1.12072,1.23316,0.813715,0.813715,0.783797,0.783797,0.638132,1.43618,0.72327,0.441083,0.491237
2023-07-19,0.235513,4.12635,2.99693,4.6805,1.57842,1.21807,1.62975,1.70077,1.39663,1.89855,1.88594,1.42422,1.98735,2.64596,1.91739,2.66483,1.28552,1.1319,1.23943,0.830625,0.830625,0.76634,0.76634,0.663713,1.43618,0.740177,0.485006,0.506199
2023-07-20,-0.677983,4.12635,2.99693,4.6805,1.47637,1.13768,1.52463,1.57279,1.30551,1.77363,1.8193,1.3739,1.91713,2.68289,1.94415,2.70203,1.26974,1.10336,1.21983,0.739184,0.739184,0.782075,0.782075,0.611135,1.43618,0.688494,0.467869,0.513266
2023-07-21,0.0324036,4.12635,2.99693,4.6805,1.6337,1.26162,1.6867,1.73962,1.44599,1.95617,1.96663,1.48516,2.07239,2.58169,1.87081,2.6001,1.39329,1.22679,1.34334,0.823558,0.823558,0.852412,0.852412,0.726773,1.43618,0.768174,0.505758,0.493904
2023-07-24,0.402604,4.12635,2.99693,4.6805,1.49382,1.15364,1.54076,1.58719,1.33027,1.81864,1.803,1.36159,1.89996,2.45252,1.77721,2.47002,1.34009,1.17119,1.28942,0.788878,0.788878,0.780457,0.780457,0.672406,1.43618,0.706561,0.463678,0.469193
2023-07-25,0.281074,4.12635,2.99693,4.6805,1.42958,1.1029,1.47466,1.51926,1.27228,1.73929,1.87786,1.41812,1.97884,2.64543,1.91701,2.6643,1.38508,1.20384,1.33071,0.790567,0.790567,0.712422,0.712422,0.67411,1.43618,0.673564,0.482929,0.506099
2023-07-26,-0.015546,4.12635,2.99693,4.6805,1.35465,1.04371,1.39755,1.44,1.20324,1.64921,1.87095,1.41291,1.97157,2.40822,1.74511,2.4254,1.34946,1.15926,1.2924,0.785155,0.785155,0.579663,0.579663,0.616952,1.43618,0.635067,0.481153,0.460718
2023-07-27,-0.644538,4.12635,2.97373,4.67943,1.28899,0.991854,1.33,1.37056,1.14614,1.57111,1.71832,1.28426,1.80934,1.99731,1.51479,2.12348,1.30417,1.12417,1.25017,0.730736,0.730736,0.623603,0.623603,0.603947,1.40995,0.596289,0.447509,0.413404
2023-07-28,0.982937,4.12635,2.97373,4.67943,1.46159,1.12818,1.50759,1.5531,1.30093,1.77748,1.8657,1.39442,1.96454,2.20175,1.66984,2.34084,1.36977,1.19681,1.31788,0.773211,0.773211,0.668448,0.668448,0.690554,1.40995,0.690005,0.485894,0.455719
2023-07-31,0.146764,4.12635,2.97373,4.67943,1.63745,1.26709,1.68855,1.73911,1.45731,1.98831,2.08309,1.55689,2.19344,2.34323,1.77714,2.49126,1.33584,1.16154,1.28355,0.817599,0.817599,0.761207,0.761207,0.651004,1.40995,0.780349,0.542508,0.485003
2023-08-01,-0.266865,4.12635,2.97373,4.67943,1.52465,1.17799,1.57249,1.6198,1.35612,1.85306,2.07027,1.54731,2.17994,2.23019,1.69141,2.37108,1.24382,1.07724,1.19385,0.741103,0.741103,0.721645,0.721645,0.589976,1.40995,0.722402,0.53917,0.461606
2023-08-02,-1.39362,4.12635,2.97373,4.67943,1.48391,1.14582,1.53057,1.57672,1.31941,1.80421,1.86188,1.39156,1.96051,2.15231,1.63234,2.28828,1.29008,1.11828,1.23854,0.753399,0.753399,0.699667,0.699667,0.612288,1.40995,0.701474,0.484898,0.445487
2023-08-03,-0.255123,4.12635,2.97373,4.67943,2.11289,1.64263,2.17778,2.24197,1.88681,2.56243,2.1651,1.62145,2.27979,2.36966,1.79718,2.51935,1.62621,1.42729,1.56654,0.975549,0.975549,0.922135,0.922135,0.837339,1.40995,1.03564,0.563866,0.490472
2023-08-04,-0.531416,4.12635,2.97373,4.67943,1.981,1.53845,2.04207,2.10247,1.76824,2.40405,2.14716,1.60802,2.26091,2.30939,1.75147,2.45528,1.49725,1.31484,1.44253,0.892239,0.892239,0.793594,0.793594,0.768428,1.40995,0.967237,0.559195,0.477998
2023-08-07,0.898361,4.12635,2.97373,4.67943,1.95014,1.51408,2.01031,2.06983,1.76105,2.3756,2.09374,1.56801,2.20465,2.26877,1.71383,2.40736,1.46686,1.29863,1.41639,0.869278,0.869278,0.818539,0.818539,0.793808,1.39498,0.940987,0.545282,0.469591
2023-08-08,-0.422719,4.12635,2.97373,4.67943,1.97196,1.53131,2.03276,2.09291,1.78088,2.39752,2.17137,1.62614,2.28639,2.19939,1.66142,2.33374,1.44338,1.26934,1.39117,0.880852,0.880852,0.771224,0.771224,0.744124,1.39498,0.952195,0.565499,0.45523
2023-08-09,-0.706361,4.12635,2.97373,4.67943,1.90519,1.47857,1.96405,2.02229,1.72019,2.31654,2.11846,1.58652,2.23068,2.2925,1.73175,2.43254,1.36196,1.20888,1.31604,0.933939,0.933939,0.770738,0.770738,0.73809,1.39498,0.917893,0.551719,0.474501
2023-08-10,0.0250679,4.12635,2.97373,4.67943,1.96237,1.52374,2.0229,2.08277,1.77217,2.38294,2.12625,1.59235,2.23888,2.24327,1.69456,2.3803,1.29168,1.14208,1.2468,0.944412,0.944412,0.858517,0.858517,0.683512,1.39498,0.947272,0.553748,0.464313
2023-08-11,-0.107027,4.12635,2.97373,4.67943,1.8111,1.40426,1.86724,1.92278,1.61551,2.20003,2.00114,1.49866,2.10715,2.17772,1.64505,2.31075,1.25291,1.10219,1.20769,0.818309,0.818309,0.770493,0.770493,0.64025,1.39498,0.869561,0.521167,0.450744
2023-08-14,0.5734,4.12635,2.97373,4.67943,1.69316,1.3111,1.74588,1.79803,1.50948,2.05839,1.88521,1.41184,1.98508,2.04139,1.54206,2.16609,1.23214,1.08356,1.18757,0.796466,0.796466,0.819843,0.819843,0.621074,1.39498,0.80897,0.490974,0.422528
2023-08-15,-1.16181,4.12635,2.97373,4.67943,1.64098,1.26988,1.69219,1.74284,1.46257,1.99573,1.78155,1.33421,1.87592,1.97165,1.48939,2.0921,1.25814,1.09885,1.21035,0.824223,0.824223,0.755978,0.755978,0.609899,1.39498,0.782164,0.463976,0.408094
2023-08-16,-0.758409,4.12635,2.97373,4.67943,2.03722,1.58286,2.09992,2.16194,1.82006,2.47156,1.9675,1.47347,2.07173,2.19036,1.64241,2.32264,1.37108,1.20304,1.32067,0.905034,0.905034,0.888685,0.888685,0.685705,1.38898,0.985722,0.512405,0.458703
2023-08-17,-0.774281,4.12635,2.97373,4.67943,2.09119,1.62549,2.15545,2.21902,1.8673,2.53637,1.92778,1.44372,2.02991,2.30331,1.7271,2.44242,1.41117,1.23052,1.35698,0.893918,0.893918,0.904693,0.904693,0.687023,1.38898,1.01345,0.502061,0.482358
2023-08-18,-0.0148717,4.12635,2.97373,4.67943,2.14141,1.66516,2.20713,2.27214,1.91245,2.59668,1.85134,1.38648,1.94942,2.34321,1.75702,2.48473,1.37063,1.20019,1.31949,0.892496,0.892496,0.865568,0.865568,0.685303,1.38898,1.03925,0.482154,0.490714
2023-08-21,0.685562,4.12635,2.97373,4.67943,1.96145,1.52816,2.01945,2.09764,1.75541,2.37989,1.73127,1.29655,1.82298,2.26822,1.70079,2.40521,1.18876,1.03655,1.1431,0.81769,0.81769,0.789491,0.789491,0.574954,1.38898,0.93534,0.450882,0.475008
2023-08-22,-0.278133,4.12635,2.97373,4.67943,1.90429,1.48291,1.96069,2.03674,1.70386,2.31116,1.67312,1.25301,1.76176,2.23286,1.67428,2.36772,1.04181,0.904732,1.00069,0.787764,0.787764,0.832555,0.832555,0.485004,1.38898,0.906367,0.43574,0.467605
2023-08-23,1.09843,4.12635,2.97373,4.67943,1.80921,1.40763,1.86297,1.93544,1.6125,2.19696,1.55579,1.16513,1.6382,2.15356,1.61481,2.28363,1.04805,0.902382,1.00435,0.763143,0.763143,0.901251,0.901251,0.467964,1.38898,0.858177,0.405181,0.450997
2023-08-24,-1.35494,4.12635,2.97373,4.67943,1.95854,1.52586,2.01645,2.09454,1.74598,2.37631,1.71876,1.28718,1.80981,2.34022,1.75478,2.48156,1.0692,0.90867,1.02104,0.713644,0.713644,0.857634,0.857634,0.437403,1.38898,0.933865,0.447624,0.490087
2023-08-25,0.66955,4.12635,2.97373,4.67943,2.36676,1.84908,2.43605,2.52948,2.11244,2.8666,1.97612,1.51127,2.08269,2.40668,1.80462,2.55204,1.35486,1.16818,1.29886,0.960098,0.960098,0.924565,0.924565,0.624827,1.38898,1.17044,0.51465,0.504006
2023-08-28,0.624508,4.12635,2.97373,4.67943,2.24461,1.75237,2.31051,2.39934,2.0028,2.7199,1.91498,1.46451,2.01825,2.53437,1.90036,2.68744,1.14905,0.988699,1.10094,0.827268,0.827268,0.909917,0.909917,0.510966,1.38898,1.10708,0.498728,0.530746
2023-08-29,1.44041,4.12635,2.97373,4.67943,2.12792,1.65997,2.19055,2.27501,1.89804,2.57974,1.94264,1.48567,2.0474,2.52617,1.89421,2.67874,1.08819,0.935272,1.04231,0.705933,0.705933,0.947895,0.947895,0.478725,1.38898,1.04653,0.505932,0.529029
2023-08-30,0.382585,4.12635,2.97373,4.67943,2.38971,1.86725,2.45964,2.55393,2.13305,2.89417,2.34968,1.79695,2.47639,2.66258,1.9965,2.82339,1.37326,1.16804,1.3117,0.674966,0.674966,0.955052,0.955052,0.566746,1.38898,1.18235,0.611937,0.557596
2023-08-31,-0.15982,4.12635,2.97373,4.67943,2.20832,1.72363,2.2732,2.36068,1.97022,2.67631,2.07916,1.59007,2.19128,2.65202,1.98857,2.81219,1.16196,0.996057,1.11219,0.727132,0.727132,0.91513,0.91513,0.506606,1.38898,1.06047,0.541485,0.555383
2023-09-01,0.17975,4.12635,2.97373,4.67943,2.05102,1.59909,2.11152,2.19308,1.82901,2.48738,1.87803,1.43625,1.9793,2.56744,1.92515,2.7225,1.12633,0.952872,1.07429,0.761701,0.761701,0.907252,0.907252,0.45969,1.38898,0.980742,0.489103,0.537671
2023-09-05,-0.420299,4.12635,2.97373,4.67943,1.89261,1.47366,1.94869,2.0243,1.6868,2.29712,1.70237,1.30192,1.79418,2.42351,1.81723,2.56988,1.06591,0.911666,1.01964,0.653923,0.653923,0.749132,0.749132,0.461845,1.38898,0.900449,0.443357,0.507529
2023-09-06,-0.699601,4.12635,2.97373,4.67943,1.83807,1.43048,1.89263,1.96619,1.63784,2.23162,1.65909,1.26882,1.74856,2.36463,1.77309,2.50745,1.11675,0.951775,1.06726,0.672506,0.672506,0.82476,0.82476,0.473074,1.38898,0.872804,0.432085,0.4952
2023-09-07,-0.321645,4.12635,2.97373,4.67943,1.90145,1.48066,1.95777,2.03372,1.69473,2.30774,1.76371,1.34883,1.85882,2.28958,1.71681,2.42786,1.20935,1.04083,1.15879,0.819451,0.819451,0.885387,0.885387,0.552489,1.38898,0.904929,0.459331,0.479482
2023-09-08,0.142561,4.12635,2.97373,4.67943,1.81746,1.41416,1.87144,1.94423,1.61933,2.20686,1.74332,1.33323,1.83733,2.32663,1.74459,2.46714,1.21936,1.05064,1.16875,0.77901,0.77901,0.860163,0.860163,0.564183,1.38898,0.862357,0.45402,0.48724
2023-09-11,0.670097,4.12635,2.97373,4.67943,1.68623,1.31026,1.73656,1.80441,1.50153,2.04925,1.68269,1.28686,1.77343,2.2975,1.72274,2.43626,1.2664,1.08468,1.21188,0.722727,0.722727,0.727444,0.727444,0.563796,1.38898,0.795842,0.438231,0.48114
2023-09-12,-0.571218,4.12635,2.97373,4.67943,1.66979,1.29724,1.71966,1.7869,1.48677,2.02951,1.67052,1.27756,1.76061,2.16524,1.62358,2.29602,1.25432,1.07208,1.19965,0.653737,0.653737,0.760863,0.760863,0.543016,1.38898,0.78751,0.435062,0.453444
2023-09-13,0.124085,4.12635,2.97373,4.67943,1.71067,1.3296,1.76168,1.83045,1.52347,2.0786,1.65855,1.2684,1.74798,2.12307,1.59195,2.2513,1.23274,1.0623,1.18161,0.742181,0.742181,0.877178,0.877178,0.567776,1.38898,0.808229,0.431943,0.444612
2023-09-14,0.83946,4.12635,2.97373,4.67943,1.59256,1.23609,1.64028,1.70461,1.41744,1.93675,1.60445,1.22703,1.69097,2.09922,1.57407,2.226,1.16163,0.998044,1.11256,0.788254,0.788254,0.796809,0.796809,0.522391,1.38898,0.748124,0.417854,0.439617
2023-09-15,-1.22342,4.12635,2.97373,4.67943,1.66252,1.29148,1.71218,1.77915,1.48024,2.02077,1.66642,1.27442,1.75629,1.9626,1.47163,2.08114,1.1401,0.969518,1.08893,0.620051,0.620051,0.754685,0.754685,0.482051,1.38898,0.77837,0.433995,0.411007
2023-09-18,0.0721036,4.12635,2.97373,4.67943,2.07781,1.6203,2.13905,2.22162,1.85305,2.51956,1.96613,1.50363,2.07216,2.37237,1.77889,2.51565,1.5608,1.3372,1.49372,0.87137,0.87137,0.890802,0.890802,0.702911,1.38898,0.99432,0.512048,0.49682
2023-09-19,-0.215333,4.12635,2.97373,4.67943,1.90799,1.48816,1.9633,2.05696,1.6984,2.3202,1.7398,1.33054,1.83362,2.18503,1.63841,2.317,1.36379,1.18649,1.3106,0.836985,0.836985,0.865528,0.865528,0.664572,1.38898,0.90245,0.453103,0.457588
2023-09-20,-0.94392,4.12635,2.97373,4.67943,1.80125,1.40354,1.85365,1.94237,1.60271,2.19174,1.6634,1.27211,1.7531,2.19864,1.64862,2.33143,1.28658,1.11886,1.23627,0.808978,0.808978,0.898461,0.898461,0.625646,1.38898,0.848699,0.433207,0.460438
2023-09-21,-1.65369,4.12635,2.97373,4.67943,1.99105,1.55401,2.04864,2.14613,1.77287,2.42017,1.88362,1.44053,1.98519,2.15605,1.61668,2.28627,1.40782,1.23417,1.35572,0.875712,0.875712,0.949982,0.949982,0.720069,1.38898,0.954814,0.490559,0.451519
2023-09-22,-0.229823,4.12635,2.97373,4.67943,2.57922,2.02027,2.65287,2.77756,2.30018,3.12803,2.39353,1.85309,2.53254,2.5377,1.93957,2.69125,1.96161,1.73135,1.89253,1.07798,1.07798,1.07399,1.07399,1.04824,1.39498,1.28615,0.623357,0.531444
2023-09-25,0.401498,4.12635,2.97373,4.67943,2.39216,1.87198,2.4607,2.57674,2.13248,2.90291,2.29033,1.7732,2.42336,2.49512,1.87093,2.63892,1.75552,1.54575,1.69259,0.999995,0.999995,0.922146,0.922146,0.916789,1.38898,1.18878,0.596482,0.522526
2023-09-26,-1.48442,4.12635,2.97373,4.67943,2.21786,1.73381,2.28164,2.38962,1.97621,2.69313,2.15517,1.66856,2.28035,2.50931,1.88157,2.65393,1.6259,1.43072,1.56734,0.95238,0.95238,0.845466,0.845466,0.845146,1.38898,1.06082,0.561282,0.525498
2023-09-27,0.0229292,4.12635,2.97373,4.67943,2.61687,2.05012,2.69155,2.81798,2.33394,3.17335,2.47059,1.91276,2.61409,2.58106,1.93537,2.72982,1.88683,1.67145,1.82221,1.09981,1.09981,1.13787,1.13787,1.0237,1.39498,1.30575,0.643428,0.540524
2023-09-28,0.587587,4.12635,2.97373,4.67943,2.40131,1.87924,2.4701,2.58656,2.14068,2.91392,2.20708,1.70874,2.33527,2.48663,1.86456,2.62994,1.91376,1.68405,1.84485,0.980037,0.980037,1.00609,1.00609,0.993695,1.39498,1.19354,0.5748,0.520748
2023-09-29,-0.271326,4.12635,2.97373,4.67943,2.25844,1.76598,2.32333,2.43319,2.0126,2.74197,2.2463,1.73911,2.37676,2.59357,1.94475,2.74305,1.75242,1.54795,1.69108,0.919402,0.919402,0.976238,0.976238,0.923122,1.38898,1.11918,0.585013,0.543143
2023-10-02,0.00793569,4.12635,2.97373,4.67943,2.11722,1.65403,2.17825,2.28158,1.88599,2.57201,2.19305,1.69788,2.32042,2.46688,1.84975,2.60905,1.73753,1.53452,1.67662,0.935073,0.935073,1.03849,1.03849,0.922024,1.38898,1.04567,0.571145,0.516611
2023-10-03,-1.38394,4.12635,2.97373,4.67943,1.9577,1.52757,2.01437,2.11033,1.74297,2.38003,2.05319,1.5896,2.17244,2.29723,1.72255,2.42963,1.66003,1.45572,1.59874,0.866551,0.866551,0.97414,0.97414,0.844771,1.38898,0.962637,0.534722,0.481085
2023-10-04,0.807705,4.12635,2.97373,4.67943,2.37098,1.85519,2.43894,2.554,2.11349,2.87741,2.3615,1.8283,2.49866,2.55694,1.91728,2.70431,1.78384,1.58149,1.72314,0.999806,0.999806,1.18402,1.18402,0.973519,1.38898,1.18371,0.615016,0.535472
2023-10-05,-0.130489,4.12635,2.97373,4.67943,2.29069,1.79154,2.35645,2.4678,2.0415,2.78078,2.3611,1.82799,2.49823,2.54577,1.9089,2.69249,1.75301,1.55391,1.69328,0.885235,0.885235,1.11103,1.11103,0.952816,1.38898,1.14172,0.614912,0.533133
2023-10-06,1.17457,4.12635,2.97373,4.67943,2.12365,1.65912,2.18485,2.28848,1.89175,2.57975,2.25991,1.74965,2.39116,2.591,1.94282,2.74033,1.70484,1.50819,1.64584,0.960977,0.960977,1.09188,1.09188,0.91381,1.38898,1.05438,0.588558,0.542604
2023-10-09,0.628408,4.12635,2.97373,4.67943,2.23585,1.74806,2.30012,2.40893,1.99234,2.71478,2.44721,1.89466,2.58934,2.50634,1.87934,2.65079,1.92102,1.69037,1.85182,0.842886,0.842886,1.0776,1.0776,0.992302,1.38898,1.11305,0.637338,0.524876
2023-10-10,0.519446,4.12635,2.97373,4.67943,2.12439,1.65971,2.18561,2.28927,1.89241,2.58063,2.42193,1.87509,2.5626,2.64183,1.98094,2.79409,1.85086,1.6266,1.78358,0.826196,0.826196,1.05498,1.05498,0.948856,1.38898,1.05476,0.630755,0.55325
2023-10-11,0.428383,4.12635,2.97373,4.67943,2.00293,1.56342,2.06084,2.15888,1.78352,2.43446,2.41457,1.86939,2.55481,2.57851,1.93346,2.72712,1.75799,1.54328,1.69358,0.822041,0.822041,1.03347,1.03347,0.895832,1.38898,0.991252,0.628837,0.53999
2023-10-12,-0.626602,4.12635,2.97373,4.67943,1.87992,1.46591,1.93447,2.02682,1.67324,2.28642,2.3037,1.78355,2.4375,2.50288,1.87674,2.64713,1.60165,1.39576,1.53989,0.750467,0.750467,0.995248,0.995248,0.779473,1.38898,0.926928,0.599963,0.524151
2023-10-13,-0.50315,4.12635,2.97373,4.67943,1.90066,1.48235,1.95578,2.04909,1.69183,2.31138,2.36624,1.83197,2.50367,2.63849,1.97843,2.79056,1.71409,1.50169,1.65037,0.875548,0.875548,0.970852,0.970852,0.870052,1.38898,0.937774,0.616251,0.55255
2023-10-16,1.05386,4.12635,2.97373,4.67943,1.87179,1.45946,1.92612,2.0181,1.66595,2.27663,2.28053,1.76561,2.41299,2.50784,1.88046,2.65237,1.71465,1.50979,1.65319,0.93551,0.93551,0.987094,0.987094,0.894338,1.38898,0.922676,0.593929,0.525189
2023-10-17,-0.00982527,4.12635,2.97373,4.67943,1.9897,1.55421,2.04674,2.16089,1.7643,2.41051,2.5333,1.96131,2.68044,2.54516,1.90845,2.69185,1.69338,1.48628,1.63125,0.838243,0.838243,0.902822,0.902822,0.864597,1.38898,0.984265,0.659759,0.533005
2023-10-18,-1.34904,4.12635,2.97373,4.67943,1.86069,1.45189,1.91423,2.02139,1.64911,2.25571,2.33272,1.80602,2.4682,2.63672,1.97711,2.78869,1.57938,1.38858,1.52214,0.915298,0.915298,0.980641,0.980641,0.813798,1.38898,0.916884,0.607521,0.552181
2023-10-19,-0.851903,4.12635,2.97373,4.67943,2.24334,1.75537,2.30725,2.43516,1.99078,2.71486,2.48106,1.92086,2.62516,2.53562,1.9013,2.68176,1.84684,1.62537,1.7804,1.02038,1.02038,1.09902,1.09902,0.960197,1.38898,1.11899,0.646153,0.531008
2023-10-20,-1.26651,4.12635,2.97373,4.67943,2.28488,1.78832,2.34992,2.48008,2.02788,2.76471,2.50505,1.93944,2.65055,2.45092,1.83779,2.59218,1.90184,1.67379,1.83343,0.993436,0.993436,1.07775,1.07775,0.988454,1.38898,1.14073,0.652402,0.513271
2023-10-23,-0.168701,4.12635,2.97373,4.67943,2.5091,1.96614,2.58021,2.72254,2.22808,3.03375,2.7126,2.10013,2.87015,2.73628,2.05176,2.89399,1.91891,1.7057,1.85494,1.13753,1.13753,1.13226,1.13226,1.05655,1.38898,1.25978,0.706456,0.573031
2023-10-24,0.723954,4.12635,2.97373,4.67943,2.33985,1.83191,2.40637,2.53952,2.07695,2.83066,2.50061,1.936,2.64584,2.52681,1.89469,2.67244,2.01272,1.78183,1.94345,1.0125,1.0125,1.04129,1.04129,1.08756,1.38898,1.17111,0.651245,0.529162
2023-10-25,-1.44434,4.12635,2.97373,4.67943,2.24974,1.76044,2.31382,2.44208,1.99649,2.72253,2.59302,2.00754,2.74362,2.72777,2.04537,2.88498,1.97248,1.74325,1.90371,0.963149,0.963149,1.04984,1.04984,1.04618,1.38898,1.1239,0.675311,0.571247
2023-10-26,-1.19031,4.12635,2.97373,4.67943,2.57972,2.02216,2.65275,2.79891,2.29114,3.11849,2.8,2.16779,2.96262,2.86127,2.14548,3.02618,2.07691,1.84783,2.00818,1.07559,1.07559,1.29065,1.29065,1.1521,1.39498,1.2981,0.729216,0.599206
2023-10-27,-0.481185,4.12635,2.97373,4.67943,2.70333,2.12019,2.77971,2.93257,2.40151,3.26681,2.872,2.22353,3.03881,2.89627,2.17173,3.0632,2.13629,1.91066,2.0686,1.10169,1.10169,1.28941,1.28941,1.21615,1.39498,1.36222,0.747968,0.606535
2023-10-30,1.19385,4.12635,2.97373,4.67943,2.56524,2.01067,2.63788,2.78324,2.27821,3.10111,2.71724,2.10372,2.87506,2.6631,1.99689,2.81659,2.06931,1.85479,2.00495,1.02998,1.02998,1.23296,1.23296,1.18971,1.39498,1.2892,0.707664,0.557705
2023-10-31,0.645409,4.12635,2.97373,4.67943,2.59509,2.03434,2.66853,2.81552,2.30486,3.13691,2.85026,2.2067,3.01581,3.04941,2.28655,3.22516,2.12722,1.8897,2.05596,0.954777,0.954777,1.14762,1.14762,1.16604,1.39498,1.30484,0.742307,0.638604
2023-11-01,1.04512,4.12635,2.97373,4.67943,2.45575,1.92383,2.52542,2.66485,2.18045,2.96971,2.78759,2.15819,2.9495,3.03366,2.27474,3.2085,2.05419,1.81684,1.98298,0.958472,0.958472,1.29939,1.29939,1.09582,1.39498,1.23183,0.725986,0.635306
2023-11-02,1.86829,4.12635,2.97373,4.67943,2.44779,1.91752,2.51724,2.65624,2.17333,2.96015,2.79966,2.16753,2.96227,3.13343,2.34955,3.31402,1.94097,1.71588,1.87344,0.832199,0.832199,1.08836,1.08836,1.03136,1.39498,1.22766,0.729129,0.6562
2023-11-03,0.934987,4.12635,2.97373,4.67943,2.83676,2.22601,2.91675,3.07684,2.52065,3.42687,3.08363,2.38738,3.26273,3.59615,2.69652,3.80341,2.11997,1.86837,2.04449,0.703331,0.703331,1.11858,1.11858,1.10683,1.39498,1.43145,0.803084,0.753102
2023-11-06,0.175147,4.12635,2.97373,4.67943,2.73833,2.14794,2.81565,2.97041,2.43276,3.30875,3.14499,2.43488,3.32765,3.43203,2.57346,3.62984,1.92927,1.68135,1.85489,0.704864,0.704864,1.08876,1.08876,0.936719,1.39498,1.378,0.819063,0.718734
2023-11-07,0.283609,4.12635,2.97373,4.67943,2.53129,1.98374,2.603,2.74653,2.24789,3.06031,2.91324,2.25546,3.08244,3.07157,2.30317,3.2486,2.00073,1.75914,1.92825,0.812782,0.812782,0.988449,0.988449,1.02874,1.39498,1.26966,0.758708,0.643246
2023-11-08,0.100441,4.12635,2.97373,4.67943,2.34931,1.83942,2.4161,2.54975,2.08541,2.84195,2.88306,2.2321,3.05051,2.96081,2.22012,3.13145,1.90973,1.67094,1.83809,0.735058,0.735058,0.992106,0.992106,0.948899,1.39498,1.17444,0.750849,0.62005
2023-11-09,-0.811669,4.12635,2.97373,4.67943,2.17966,1.70487,2.24185,2.3663,1.93392,2.63837,2.602,2.01449,2.75312,2.70188,2.02596,2.8576,1.76086,1.53404,1.69281,0.719411,0.719411,0.957508,0.957508,0.847758,1.39498,1.08567,0.67765,0.565825
2023-11-10,1.54958,4.12635,2.97373,4.67943,2.2165,1.73409,2.27969,2.40614,1.96682,2.68256,2.61917,2.02779,2.77129,2.94191,2.20594,3.11146,1.81181,1.58047,1.74241,0.849709,0.849709,1.10296,1.10296,0.883796,1.39498,1.10495,0.682122,0.616092
2023-11-13,-0.0836182,4.12635,2.97373,4.67943,2.48531,1.94727,2.55578,2.69681,2.20684,3.00507,2.8215,2.18444,2.98537,3.03817,2.27812,3.21327,2.03588,1.77937,1.95893,0.820426,0.820426,0.995891,0.995891,1.00499,1.39498,1.2456,0.734817,0.63625
2023-11-14,1.88954,4.12635,2.97373,4.67943,2.31839,1.82384,2.37991,2.45612,2.08974,2.77052,2.79889,2.16693,2.96145,2.86308,2.14684,3.02809,1.97484,1.74693,1.90647,0.872103,0.872103,1.01883,1.01883,1.0493,1.39498,1.1201,0.728928,0.599584
2023-11-15,0.159574,4.12635,2.97373,4.67943,2.76467,2.17914,2.8375,2.92774,2.49395,3.29994,3.03774,2.35185,3.21417,3.06143,2.29556,3.23787,2.25396,1.98806,2.17419,0.829359,0.829359,0.989958,0.989958,1.18693,1.39498,1.34595,0.791132,0.641122
2023-11-16,0.118971,4.12635,2.97373,4.67943,2.55214,2.00994,2.61958,2.70314,2.30145,3.04778,2.92401,2.2638,3.09384,2.93163,2.19824,3.10059,2.08714,1.84671,2.01501,0.884317,0.884317,0.994764,0.994764,1.11519,1.39498,1.23839,0.761514,0.61394
2023-11-17,0.128123,4.12635,2.97373,4.67943,2.36131,1.85801,2.42392,2.50148,2.1286,2.82136,2.85693,2.21186,3.02286,2.81546,2.11113,2.97773,2.04402,1.80084,1.97107,0.826685,0.826685,0.936592,0.936592,1.06271,1.39498,1.14182,0.744042,0.589612
2023-11-20,0.736311,4.12635,2.97373,4.67943,2.19094,1.72237,2.24922,2.32143,1.97428,2.61921,2.7589,2.13597,2.91914,2.6898,2.01691,2.84483,1.92942,1.70917,1.86334,0.78538,0.78538,0.940683,0.940683,1.03196,1.39498,1.0556,0.718513,0.563296
2023-11-21,-0.202299,4.12635,2.97373,4.67943,2.12836,1.67255,2.18506,2.25531,1.9176,2.54494,2.73731,2.11926,2.89629,2.77637,2.08182,2.93639,1.96862,1.73343,1.89806,0.736022,0.736022,0.903455,0.903455,1.01661,1.39498,1.02394,0.712891,0.581426
2023-11-22,0.405291,4.12635,2.97373,4.67943,2.00615,1.57525,2.05975,2.12616,1.80691,2.39994,2.68086,2.07555,2.83656,2.87461,2.15548,3.04029,1.93536,1.70016,1.8648,0.764598,0.764598,0.964679,0.964679,0.990244,1.39498,0.962088,0.698188,0.601999
2023-11-24,0.059669,4.12635,2.97373,4.67943,1.89721,1.48851,1.94804,2.01102,1.70822,2.27065,2.5897,2.00497,2.74011,2.64383,1.98244,2.79621,1.95878,1.70935,1.88395,0.77734,0.77734,0.875838,0.875838,0.96851,1.39498,0.906954,0.674447,0.55367
2023-11-27,-0.195605,4.12635,2.97373,4.67943,1.77955,1.39484,1.8274,1.88668,1.60165,2.13103,2.41981,1.87344,2.56035,2.59809,1.94814,2.74783,1.77207,1.55548,1.70709,0.762716,0.762716,0.870602,0.870602,0.898049,1.39498,0.84741,0.630201,0.54409
2023-11-28,0.0979625,4.12635,2.97373,4.67943,1.70067,1.33204,1.74652,1.80333,1.53019,2.03739,2.38089,1.84331,2.51917,2.38417,1.78774,2.52158,1.7967,1.57287,1.72955,0.739438,0.739438,0.842519,0.842519,0.896255,1.39498,0.807492,0.620066,0.499292
2023-11-29,-0.0946684,4.12635,2.97373,4.67943,1.60615,1.25679,1.64961,1.70344,1.44458,1.92522,2.30418,1.78392,2.43801,2.23136,1.67315,2.35996,1.78255,1.55428,1.71407,0.724839,0.724839,0.905119,0.905119,0.881841,1.39498,0.759661,0.600088,0.46729
2023-11-30,0.377693,4.12635,2.97373,4.67943,1.53586,1.20083,1.57753,1.62916,1.38091,1.84175,2.13865,1.65577,2.26287,2.3605,1.76999,2.49655,1.65845,1.4333,1.59091,0.72779,0.72779,0.924902,0.924902,0.781205,1.39498,0.724089,0.556979,0.494335
2023-12-01,0.585656,4.12635,2.97373,4.67943,1.48511,1.16042,1.52549,1.57553,1.33492,1.78145,2.26964,1.75718,2.40146,2.32378,1.74245,2.45771,1.69071,1.46571,1.62321,0.707963,0.707963,0.863456,0.863456,0.806972,1.39498,0.698405,0.591093,0.486645
2023-12-04,-0.542319,4.12635,2.97373,4.67943,1.49061,1.16481,1.53114,1.58135,1.33989,1.78785,2.17241,1.6819,2.29858,2.29966,1.72437,2.4322,1.52918,1.31355,1.46449,0.700337,0.700337,0.843572,0.843572,0.690772,1.39498,0.701191,0.56577,0.481594
2023-12-05,-0.056903,4.12635,2.97373,4.67943,1.55394,1.21522,1.59607,1.64827,1.39701,1.86285,2.24118,1.73514,2.37135,2.43639,1.82689,2.57681,1.66607,1.44379,1.59939,0.770224,0.770224,0.93149,0.93149,0.792482,1.39498,0.733238,0.58368,0.510228
2023-12-06,-0.391387,4.12635,2.97373,4.67943,1.48643,1.16148,1.52685,1.57693,1.33486,1.78265,2.20014,1.70337,2.32792,2.23277,1.67421,2.36145,1.66573,1.44416,1.59926,0.801399,0.801399,0.941236,0.941236,0.796995,1.39498,0.699075,0.572992,0.467585
2023-12-07,0.793661,4.12635,2.97373,4.67943,1.49803,1.17071,1.53875,1.58919,1.34433,1.79627,2.04421,1.58265,2.16294,2.27094,1.70283,2.40183,1.61885,1.40815,1.55564,0.764975,0.764975,0.916336,0.916336,0.787415,1.39498,0.704946,0.532384,0.475579
2023-12-08,0.408714,4.12635,2.97373,4.67943,1.57412,1.23129,1.61676,1.66959,1.41157,1.88627,2.12652,1.64638,2.25003,2.29613,1.72171,2.42846,1.7018,1.48203,1.63587,0.667826,0.667826,0.864251,0.864251,0.835973,1.39498,0.743449,0.55382,0.480853
2023-12-11,0.391681,4.12635,2.97373,4.67943,1.52331,1.19084,1.56466,1.6159,1.36386,1.82579,2.14417,1.66004,2.2687,2.29793,1.72307,2.43037,1.58543,1.38308,1.52472,0.633893,0.633893,0.793472,0.793472,0.779659,1.39498,0.717737,0.558416,0.481231
2023-12-12,0.458882,4.12635,2.97373,4.67943,1.47678,1.15379,1.51696,1.56673,1.31988,1.77036,2.13619,1.65386,2.26025,2.35941,1.76917,2.49539,1.49671,1.29949,1.43754,0.589017,0.589017,0.728056,0.728056,0.717641,1.39498,0.694191,0.556336,0.494105
2023-12-13,1.35583,4.12635,2.97373,4.67943,1.45929,1.13567,1.50127,1.56084,1.29382,1.73539,2.11701,1.63901,2.23996,2.26996,1.7021,2.40079,1.45416,1.26035,1.39602,0.606907,0.606907,0.71685,0.71685,0.68969,1.39498,0.682843,0.551341,0.475373
2023-12-14,0.264357,4.12635,2.97373,4.67943,1.88337,1.47225,1.9367,2.01237,1.67316,2.23378,2.41511,1.8698,2.55538,2.34838,1.7609,2.48373,1.64025,1.42695,1.57626,0.575781,0.575781,0.73194,0.73194,0.79621,1.39498,0.896994,0.628978,0.491797
2023-12-15,-0.00762602,4.12635,2.97373,4.67943,1.76468,1.37805,1.81483,1.886,1.56699,2.09384,2.39791,1.85648,2.53718,2.4384,1.8284,2.57894,1.4657,1.26478,1.40542,0.579393,0.579393,0.679772,0.679772,0.675752,1.39498,0.83706,0.624498,0.510648
2023-12-18,0.451814,4.12635,2.97373,4.67943,1.65924,1.29437,1.70657,1.77373,1.47267,1.96947,2.23806,1.73273,2.36805,2.34805,1.76065,2.48338,1.51687,1.30011,1.45184,0.59434,0.59434,0.694664,0.694664,0.680113,1.39498,0.783812,0.582868,0.491727
2023-12-19,0.584926,4.12635,2.97373,4.67943,1.60245,1.2493,1.64826,1.71327,1.42188,1.90222,2.09755,1.62394,2.21937,2.33869,1.75363,2.47348,1.35808,1.17904,1.30437,0.588789,0.588789,0.607189,0.607189,0.649852,1.39498,0.755137,0.546274,0.489767
2023-12-20,-1.47931,4.12635,2.97373,4.67943,1.59059,1.23988,1.63608,1.70063,1.41126,1.8878,2.10883,1.63268,2.23131,2.25279,1.68922,2.38263,1.31411,1.12371,1.25699,0.518018,0.518018,0.556225,0.556225,0.576731,1.39498,0.749144,0.549211,0.471777
2023-12-21,1.02488,4.12635,2.97373,4.67943,2.21169,1.73283,2.2738,2.36195,1.97919,2.61973,2.51041,1.94358,2.65621,2.52548,1.8937,2.67104,1.74849,1.5347,1.68435,0.842589,0.842589,0.842646,0.842646,0.89951,1.40995,1.07004,0.653797,0.528885
2023-12-22,0.165869,4.12635,2.97373,4.67943,2.24839,1.76196,2.31148,2.40102,1.99967,2.66285,2.56388,1.98498,2.71279,2.61996,1.96454,2.77096,1.71942,1.50834,1.6561,0.712977,0.712977,0.711463,0.711463,0.871508,1.40995,1.08869,0.667723,0.548671
2023-12-26,0.422276,4.12635,2.97373,4.67943,2.0766,1.62562,2.1351,2.21812,1.84601,2.46084,2.63942,2.04347,2.79272,2.48232,1.86133,2.62539,1.70204,1.47759,1.63471,0.712537,0.712537,0.764604,0.764604,0.819778,1.40995,1.0014,0.687397,0.519846
2023-12-27,0.142944,4.12635,2.97373,4.67943,1.95197,1.5267,2.00714,2.08542,1.73452,2.31425,2.44847,1.89563,2.59068,2.59715,1.94743,2.74683,1.67044,1.43743,1.60054,0.75375,0.75375,0.742668,0.742668,0.771054,1.40995,0.938079,0.637666,0.543892
2023-12-28,0.0370102,4.12635,2.97373,4.67943,1.81745,1.41994,1.86901,1.94219,1.61419,2.15603,2.35927,1.82657,2.49629,2.43131,1.82308,2.57144,1.64795,1.42205,1.58018,0.690898,0.690898,0.761631,0.761631,0.7643,1.40995,0.869728,0.614435,0.509164
2023-12-29,-0.283047,4.12635,2.97373,4.67943,1.70213,1.32841,1.75061,1.8194,1.51104,2.02038,2.23021,1.72665,2.35974,2.22567,1.66888,2.35394,1.66256,1.43223,1.59346,0.737776,0.737776,0.765457,0.765457,0.764779,1.40995,0.811132,0.580824,0.466098
2024-01-02,-0.567666,4.12635,2.97373,4.67943,1.64996,1.287,1.69704,1.76385,1.46437,1.95898,2.03508,1.57558,2.15328,2.26436,1.6979,2.39487,1.59579,1.38769,1.53336,0.775814,0.775814,0.850867,0.850867,0.769098,1.40995,0.784626,0.530005,0.474202
2024-01-03,-0.804861,4.12635,2.97373,4.67943,1.70148,1.3279,1.74994,1.81871,1.51046,2.01946,2.0374,1.57738,2.15574,2.25773,1.69292,2.38785,1.77357,1.54758,1.70578,0.755224,0.755224,0.875176,0.875176,0.88476,1.40995,0.805146,0.53061,0.472811
2024-01-04,-0.343428,4.12635,2.97373,4.67943,1.8513,1.4468,1.90377,1.97822,1.64447,2.19547,2.26528,1.7538,2.39684,2.25498,1.69086,2.38494,1.75687,1.55458,1.69618,0.812261,0.812261,0.892873,0.892873,0.944141,1.40995,0.881131,0.589956,0.472236
2024-01-05,0.182401,4.12635,2.97373,4.67943,1.79019,1.3983,1.84102,1.91316,1.58981,2.12347,2.17821,1.68639,2.30472,2.21946,1.66423,2.34737,1.75979,1.54947,1.69669,0.812652,0.812652,0.937115,0.937115,0.941832,1.40995,0.850261,0.56728,0.464797
2024-01-08,1.40159,4.12635,2.97373,4.67943,1.67864,1.30976,1.72649,1.79439,1.49003,1.99216,1.9995,1.54803,2.11563,2.27338,1.70466,2.40441,1.60529,1.41825,1.54918,0.752736,0.752736,0.864252,0.864252,0.857607,1.40995,0.793913,0.520738,0.47609
2024-01-09,-0.147899,4.12635,2.97373,4.67943,2.05784,1.61073,2.11584,2.19814,1.82922,2.43765,2.29928,1.78013,2.43282,2.25548,1.69124,2.38547,1.73834,1.5318,1.67638,0.689314,0.689314,0.799709,0.799709,0.90305,1.40995,0.985465,0.598811,0.472341
2024-01-10,0.564998,4.12635,2.97373,4.67943,1.92722,1.50706,1.98172,2.05906,1.71238,2.28382,2.21236,1.71283,2.34085,2.33079,1.74771,2.46512,1.67339,1.4622,1.61003,0.681791,0.681791,0.827017,0.827017,0.82629,1.40995,0.919483,0.576174,0.488112
2024-01-11,-0.0671289,4.12635,2.97373,4.67943,1.85477,1.44955,1.90733,1.98191,1.64757,2.19833,2.26977,1.75728,2.4016,2.34463,1.75809,2.47977,1.63517,1.41508,1.56914,0.689239,0.689239,0.740533,0.740533,0.769295,1.40995,0.882883,0.591126,0.491012
2024-01-12,0.0750706,4.12635,2.97373,4.67943,1.74635,1.36479,1.79533,1.8443,1.54529,2.07559,2.02396,1.56697,2.14151,2.26275,1.69669,2.39316,1.48125,1.29143,1.42431,0.647983,0.647983,0.698829,0.698829,0.723826,1.40995,0.823669,0.527108,0.473863
2024-01-16,-0.373832,4.12635,2.97373,4.67943,1.64576,1.28489,1.69208,1.7384,1.4556,1.95657,2.08271,1.61246,2.20367,2.27271,1.70416,2.4037,1.51236,1.30117,1.44901,0.585672,0.585672,0.694836,0.694836,0.68577,1.40995,0.771166,0.54241,0.47595
2024-01-17,-0.563273,4.12635,2.97373,4.67943,1.62964,1.27209,1.67554,1.72143,1.44123,1.93725,1.90697,1.47639,2.01772,2.253,1.68937,2.38285,1.47741,1.28918,1.42094,0.568334,0.568334,0.691705,0.691705,0.726146,1.40995,0.763083,0.49664,0.471821
2024-01-18,0.87667,4.12635,2.97373,4.67943,1.68102,1.31289,1.72827,1.77552,1.48704,1.99803,1.88468,1.4418,1.97776,2.19582,1.62264,2.31372,1.44326,1.26214,1.38892,0.626926,0.626926,0.701674,0.701674,0.720877,1.39498,0.788845,0.490995,0.459847
2024-01-19,1.22383,4.12635,2.97373,4.67943,1.76086,1.37631,1.81022,1.85957,1.55822,2.09134,2.16641,1.65733,2.2734,2.28988,1.69215,2.41284,1.50503,1.31262,1.44731,0.585263,0.585263,0.543382,0.543382,0.73676,1.39498,0.828884,0.56439,0.479546
2024-01-22,0.219192,4.12635,2.97373,4.67943,1.99221,1.56008,2.04768,2.10314,1.7645,2.36214,2.23717,1.71147,2.34766,2.10021,1.55198,2.21298,1.47785,1.27416,1.41674,0.551036,0.551036,0.520498,0.520498,0.675874,1.39498,0.944906,0.582826,0.439824
2024-01-23,0.291711,4.12635,2.97373,4.67943,1.86246,1.45701,1.9145,1.96653,1.64881,2.20793,2.12382,1.62475,2.22871,2.32493,1.71805,2.44977,1.48349,1.28546,1.42408,0.54749,0.54749,0.539676,0.539676,0.697793,1.39498,0.879835,0.553295,0.486886
2024-01-24,0.0811598,4.12635,2.97373,4.67943,1.75551,1.37206,1.80473,1.85394,1.55346,2.0836,2.06923,1.55016,2.15486,2.18233,1.65697,2.34986,1.44294,1.24441,1.38338,0.54796,0.54796,0.522802,0.522802,0.662865,1.38898,0.825378,0.539074,0.471707
2024-01-25,0.524659,4.12635,2.97373,4.67943,1.65358,1.2911,1.7001,1.74662,1.46257,1.96195,1.87458,1.40433,1.95215,2.2731,1.72588,2.44759,1.4683,1.27538,1.41042,0.548406,0.548406,0.535801,0.535801,0.696815,1.38898,0.774305,0.488363,0.491325
2024-01-26,-0.065201,4.12635,2.97373,4.67943,1.61822,1.26302,1.66382,1.7094,1.43105,1.92018,1.8263,1.36817,1.90188,2.41468,1.83339,2.60005,1.36997,1.17463,1.31137,0.447945,0.447945,0.521609,0.521609,0.606732,1.38898,0.756593,0.475786,0.521929
2024-01-29,0.752837,4.12635,2.97373,4.67943,1.54444,1.20441,1.58808,1.63172,1.36526,1.83201,1.87647,1.40575,1.95412,2.21032,1.67822,2.37999,1.34093,1.15936,1.28646,0.472394,0.472394,0.546534,0.546534,0.621442,1.38898,0.719622,0.488856,0.477755
2024-01-30,-0.0600838,4.12635,2.97373,4.67943,1.60266,1.25065,1.64784,1.693,1.41717,1.89696,1.9156,1.43506,1.99487,2.20376,1.67324,2.37293,1.19019,1.02843,1.14166,0.403971,0.403971,0.438002,0.438002,0.549719,1.38898,0.748792,0.49905,0.476338
2024-01-31,-1.62368,4.12635,2.97373,4.67943,1.53058,1.1934,1.57386,1.61711,1.35291,1.80949,1.77981,1.33334,1.85346,2.12865,1.61621,2.29206,1.21555,1.05373,1.167,0.460892,0.460892,0.515744,0.515744,0.569818,1.38898,0.71268,0.463675,0.460104
2024-02-01,1.24163,4.12635,2.97373,4.67943,2.25334,1.76749,2.31571,2.38857,2.03075,2.6645,2.05946,1.57552,2.15684,2.33588,1.78097,2.51523,1.57878,1.38786,1.5215,0.762958,0.762958,0.823084,0.823084,0.808492,1.39498,1.07586,0.536528,0.504896
2024-02-02,1.06278,4.12635,2.97373,4.67943,2.37334,1.86281,2.43887,2.51542,2.13945,2.79829,2.14553,1.64136,2.24697,2.13631,1.62881,2.30034,1.6552,1.44462,1.59203,0.609131,0.609131,0.577721,0.577721,0.810668,1.39498,1.13494,0.558951,0.46176
2024-02-05,-0.319142,4.12635,2.97373,4.67943,2.39093,1.87678,2.45693,2.534,2.15538,2.81219,2.25001,1.72129,2.3564,2.31927,1.7683,2.49734,1.72971,1.50315,1.66174,0.555612,0.555612,0.558581,0.558581,0.83266,1.39498,1.14375,0.586171,0.501305
2024-02-06,0.230774,4.12635,2.97373,4.67943,2.25007,1.7649,2.31235,2.38505,2.02779,2.64001,2.09111,1.59973,2.18998,2.34393,1.7871,2.52389,1.59863,1.40234,1.53975,0.599804,0.599804,0.676012,0.676012,0.8087,1.39498,1.07317,0.544774,0.506635
2024-02-07,0.820769,4.12635,2.97373,4.67943,2.08884,1.63683,2.14685,2.21456,1.88175,2.44445,2.10972,1.61396,2.20947,2.22706,1.698,2.39805,1.58075,1.36811,1.51696,0.547367,0.547367,0.664378,0.664378,0.741443,1.39498,0.992388,0.549622,0.481374
2024-02-08,0.0570421,4.12635,2.97373,4.67943,2.06838,1.62058,2.12586,2.1929,1.86322,2.41332,2.17422,1.66331,2.27703,2.57078,1.96007,2.76816,1.59004,1.39044,1.53016,0.494648,0.494648,0.645486,0.645486,0.7931,1.39498,0.982141,0.566427,0.555669
2024-02-09,0.572592,4.12635,2.97373,4.67943,1.92652,1.5079,1.98026,2.04071,1.73473,2.24172,2.07348,1.58624,2.17152,2.59948,1.98195,2.79907,1.51458,1.32356,1.45728,0.503715,0.503715,0.72396,0.72396,0.751924,1.39498,0.911064,0.540181,0.561872
2024-02-12,-0.094942,4.12635,2.97373,4.67943,1.81588,1.43086,1.86041,1.94897,1.67703,2.1738,2.128,1.62795,2.22862,2.38601,1.81919,2.56921,1.50723,1.31359,1.44914,0.487024,0.487024,0.693927,0.693927,0.730018,1.39498,0.883131,0.554385,0.515732
2024-02-13,-1.37686,4.12635,2.97373,4.67943,1.73732,1.36799,1.78003,1.86499,1.60413,2.07798,2.02955,1.55263,2.12551,2.47671,1.88834,2.66687,1.48941,1.28098,1.42688,0.561993,0.561993,0.724451,0.724451,0.673292,1.39498,0.84259,0.528736,0.535335
2024-02-14,0.953417,4.12635,2.95472,4.66201,2.06713,1.63192,2.11747,2.26908,1.91009,2.4811,2.13891,1.64734,2.2625,2.20017,1.78426,2.43177,1.66883,1.4595,1.60603,0.740331,0.740331,0.841274,0.841274,0.829065,1.38898,1.01521,0.572869,0.507945
2024-02-15,0.580438,4.12635,2.85748,4.65718,2.07761,1.64031,2.12819,2.28258,1.91992,2.5159,2.15398,1.65894,2.27845,2.24376,1.80039,2.47246,1.70041,1.48517,1.63584,0.662426,0.662426,0.730533,0.730533,0.842457,1.38439,1.0182,0.576905,0.518008
2024-02-16,-0.481505,4.12635,2.85748,4.65718,2.00397,1.58138,2.05285,2.20189,1.85156,2.42013,2.12167,1.63406,2.24428,2.08674,1.6744,2.29944,1.68439,1.47492,1.62155,0.589016,0.589016,0.709059,0.709059,0.836618,1.38439,0.980198,0.568253,0.481757
2024-02-20,-0.602341,3.95569,2.85115,4.59071,1.96173,1.54757,2.00963,2.1049,1.80382,2.35024,2.12835,1.63503,2.2473,2.16335,1.74659,2.3113,1.73665,1.51399,1.66985,0.647716,0.647716,0.792567,0.792567,0.846057,1.37757,0.958397,0.570041,0.502961
2024-02-21,0.126339,3.95569,2.85115,4.59071,1.95272,1.54036,2.00041,2.09527,1.7955,2.3387,2.15929,1.65879,2.27997,2.08295,1.68168,2.2254,1.64879,1.45313,1.59009,0.644494,0.644494,0.798736,0.798736,0.861305,1.37757,0.953748,0.578328,0.484268
2024-02-22,2.09029,3.95569,2.85115,4.59071,1.85258,1.46023,1.89796,2.00477,1.70298,2.23338,2.11651,1.62593,2.23479,2.209,1.78345,2.36008,1.59413,1.39916,1.53564,0.585338,0.585338,0.749012,0.749012,0.814179,1.37757,0.902071,0.566869,0.513575
2024-02-23,0.0347883,3.95569,2.84624,4.59071,2.4113,1.90733,2.46959,2.63742,2.21915,2.90989,2.3299,1.78986,2.46011,2.44068,1.9705,2.6076,1.74019,1.52967,1.67704,0.59025,0.59025,0.711701,0.711701,0.896231,1.35713,1.185,0.624024,0.567439
2024-02-26,-0.379394,3.95569,2.84624,4.59071,2.27035,1.79454,2.32538,2.49085,2.09877,2.77705,2.3946,1.83956,2.52842,2.21363,1.78719,2.36502,1.67422,1.47877,1.61559,0.63647,0.63647,0.906452,0.906452,0.882955,1.35713,1.11256,0.641351,0.514651
2024-02-27,0.17049,3.95569,2.84046,4.56651,2.17963,1.72194,2.23256,2.39243,2.00512,2.7004,2.33097,1.79068,2.46124,2.23964,1.80819,2.39281,1.73236,1.51743,1.66788,0.608215,0.608215,0.849179,0.849179,0.869854,1.35122,1.06576,0.624309,0.520698
2024-02-28,-0.165953,3.95569,2.84046,4.56651,2.059,1.62541,2.10914,2.26069,1.89368,2.55944,2.23904,1.72006,2.36418,2.05159,1.65636,2.1919,1.71551,1.49981,1.6508,0.550851,0.550851,0.701575,0.701575,0.847578,1.34922,0.996949,0.599689,0.476977
2024-02-29,0.521546,3.6985,2.81552,4.36408,1.96242,1.54812,2.01033,2.10563,1.80445,2.37449,2.04955,1.58641,2.15607,2.06313,1.6523,2.19222,1.6287,1.42755,1.56836,0.588627,0.588627,0.675041,0.675041,0.815446,1.32393,0.929232,0.55567,0.479661
2024-03-01,0.797594,3.6985,2.81552,4.36408,1.89214,1.49188,1.93844,2.08027,1.73953,2.35619,2.12234,1.64274,2.23264,2.13735,1.71174,2.27109,1.61138,1.39241,1.54569,0.567152,0.567152,0.686914,0.686914,0.745684,1.32393,0.893967,0.575403,0.496918
2024-03-04,-0.119398,3.63073,2.81325,4.27626,1.8856,1.48665,1.93174,2.07068,1.72431,2.39418,2.19277,1.69726,2.30673,2.12948,1.70543,2.26272,1.62632,1.41823,1.56389,0.519128,0.519128,0.623387,0.623387,0.794326,1.31582,0.888639,0.594498,0.495087
2024-03-05,-1.02454,3.59293,2.62437,3.98901,1.80202,1.41977,1.84623,1.93416,1.61192,2.17046,2.0868,1.59538,2.19213,2.12039,1.69815,2.25306,1.63354,1.42519,1.57104,0.578578,0.578578,0.631738,0.631738,0.801721,1.30791,0.838966,0.565767,0.492973
2024-03-06,0.512794,3.59293,2.62437,3.98901,1.95781,1.54443,2.00561,2.1007,1.75223,2.54904,2.21572,1.69394,2.32756,2.0226,1.61984,2.14916,1.6122,1.41197,1.55213,0.758029,0.758029,0.705218,0.705218,0.809311,1.30791,0.924802,0.600719,0.470239
2024-03-07,1.02514,3.57593,2.60179,3.58318,1.88674,1.48756,1.93291,1.96162,1.68822,2.22128,2.21767,1.69543,2.32961,2.19816,1.76044,2.33569,1.61787,1.4069,1.55458,0.742666,0.742666,0.659467,0.659467,0.777111,1.30553,0.908833,0.601248,0.511054
2024-03-08,-0.654994,3.57593,2.60179,3.58318,1.94645,1.53534,1.99399,2.08856,1.742,2.35679,2.24243,1.71437,2.35562,2.24793,1.8003,2.38858,1.64462,1.43885,1.58289,0.62504,0.62504,0.677895,0.677895,0.818614,1.30553,0.939472,0.607963,0.522625
2024-03-11,-0.112287,3.42835,2.53372,3.47435,1.95331,1.54084,2.00102,2.0959,1.74818,2.34975,2.18313,1.66903,2.29333,2.14046,1.71423,2.27439,1.64526,1.44558,1.58535,0.721354,0.721354,0.858529,0.858529,0.843115,1.3047,0.944125,0.591885,0.497639
2024-03-12,1.11395,3.42835,2.53372,3.47435,1.86289,1.46789,1.90885,1.97661,1.68066,2.23287,2.13488,1.63214,2.24264,2.18987,1.7538,2.32688,1.62471,1.42579,1.56503,0.704539,0.704539,0.720058,0.720058,0.822704,1.3047,0.890678,0.578802,0.509126
2024-03-13,-0.192637,3.42679,2.52395,3.39832,1.94099,1.53037,1.98877,2.03848,1.75155,2.28721,2.18503,1.67048,2.29532,2.13921,1.71323,2.27306,1.72811,1.50958,1.66255,0.693051,0.693051,0.615174,0.615174,0.856987,1.29902,0.929562,0.5924,0.497349
2024-03-14,-0.287523,3.42679,2.47947,3.38034,1.87036,1.47387,1.9165,1.9645,1.65481,2.19652,2.15365,1.64649,2.26236,2.16298,1.73226,2.29831,1.65236,1.45811,1.59408,0.690526,0.690526,0.80095,0.80095,0.865146,1.2697,0.892251,0.583892,0.502874
2024-03-15,-0.650404,3.42679,2.47947,3.38034,1.81678,1.43101,1.86167,1.90837,1.60705,2.13452,2.18459,1.67014,2.29486,2.32284,1.86029,2.46817,1.59005,1.40181,1.53358,0.658265,0.658265,0.728148,0.728148,0.83626,1.2697,0.867278,0.59228,0.540041
2024-03-18,0.629819,3.42679,2.47947,3.38034,1.83601,1.44639,1.88135,1.92851,1.62419,2.15691,2.01225,1.53839,2.11382,2.13471,1.70962,2.26827,1.63892,1.4473,1.58143,0.725377,0.725377,0.75537,0.75537,0.872438,1.2697,0.877036,0.545557,0.496302
2024-03-19,0.563326,3.42679,2.47947,3.38034,1.80352,1.4204,1.8481,1.91382,1.64232,2.15263,2.12627,1.62556,2.2336,2.18651,1.75111,2.32332,1.62343,1.43414,1.56665,0.710099,0.710099,0.775507,0.775507,0.866303,1.2697,0.860548,0.57647,0.508345
2024-03-20,0.886476,3.30644,2.46957,3.3424,1.76394,1.38875,1.8076,1.87197,1.59085,2.09739,2.14723,1.64158,2.25561,2.06279,1.65203,2.19186,1.62172,1.42085,1.56146,0.655356,0.655356,0.761338,0.761338,0.808164,1.26346,0.838363,0.582151,0.479583
2024-03-21,0.323132,3.30644,2.46957,3.3424,1.79355,1.41243,1.8379,1.90328,1.61773,2.15376,2.16785,1.65734,2.27727,2.07837,1.6645,2.20841,1.66606,1.45513,1.60278,0.60438,0.60438,0.815237,0.815237,0.815507,1.26346,0.85549,0.587741,0.483205
2024-03-22,-0.140317,3.30644,2.46957,3.3424,1.72854,1.36043,1.77138,1.83453,1.55872,2.0829,2.11601,1.61772,2.22282,2.22149,1.77912,2.36048,1.55857,1.36579,1.50074,0.58075,0.58075,0.763701,0.763701,0.77879,1.24199,0.820437,0.573687,0.516477
2024-03-25,-0.305965,3.25664,2.45294,3.26059,1.67258,1.31566,1.71411,1.75731,1.47854,1.96714,2.10842,1.61191,2.21485,2.12984,1.70573,2.2631,1.56039,1.35306,1.49819,0.620519,0.620519,0.708674,0.708674,0.729921,1.23534,0.792098,0.57163,0.495171
2024-03-26,-0.280371,3.25664,2.45294,3.26059,1.6414,1.29073,1.68221,1.72466,1.45076,1.93085,2.05553,1.57148,2.15929,2.36645,1.89522,2.51451,1.52787,1.34093,1.47179,0.568563,0.568563,0.711139,0.711139,0.766357,1.23534,0.776313,0.55729,0.55018
2024-03-27,0.859358,3.25664,2.45294,3.26059,1.60984,1.26548,1.64992,1.6916,1.42263,1.8941,1.97501,1.50992,2.0747,2.2931,1.83648,2.43658,1.51472,1.32317,1.45726,0.55716,0.55716,0.708988,0.708988,0.745936,1.22568,0.747297,0.53546,0.533128
2024-03-28,0.111587,3.25664,2.45294,3.26059,1.65388,1.30071,1.69498,1.73773,1.46187,1.94608,2.10036,1.60575,2.20638,2.34457,1.87769,2.49127,1.50713,1.32005,1.45101,0.569174,0.569174,0.622957,0.622957,0.750819,1.22568,0.78263,0.569446,0.545093
2024-04-01,-0.201562,3.25664,2.45294,3.26059,1.59362,1.2525,1.63331,1.6746,1.40817,1.87582,2.01403,1.53975,2.11569,2.105,1.68583,2.23671,1.52334,1.31233,1.46003,0.563125,0.563125,0.606298,0.606298,0.692785,1.22568,0.752115,0.546039,0.489395
2024-04-02,-0.726538,3.25664,2.45294,3.26059,1.55692,1.22315,1.59576,1.63617,1.37547,1.83323,1.95325,1.49328,2.05184,2.09379,1.67685,2.22479,1.48146,1.27583,1.41977,0.552698,0.552698,0.593707,0.593707,0.673234,1.22568,0.733535,0.529559,0.486788
2024-04-03,0.109051,3.25664,2.45294,3.26059,1.63377,1.28462,1.6744,1.71666,1.44395,1.92282,1.95272,1.49288,2.05128,2.05405,1.64502,2.18256,1.45724,1.27062,1.40125,0.634828,0.634828,0.61944,0.61944,0.710792,1.22568,0.772447,0.529416,0.477549
2024-04-04,-1.2411,3.25664,2.45294,3.26059,1.57532,1.23787,1.61459,1.65543,1.39186,1.85469,1.89631,1.44975,1.99203,2.11664,1.69515,2.24908,1.43597,1.25328,1.38116,0.576368,0.576368,0.508303,0.508303,0.697357,1.22568,0.74285,0.514122,0.492102
2024-04-05,1.1038,3.25664,2.45294,3.26059,1.836,1.44639,1.88134,1.9285,1.62418,2.15879,2.00425,1.53228,2.10542,1.86458,1.49328,1.98124,1.60086,1.40134,1.541,0.688448,0.688448,0.663122,0.663122,0.797869,1.23534,0.891296,0.543388,0.433499
2024-04-08,-0.03747,3.25664,2.45294,3.26059,1.91521,1.50975,1.96239,2.01147,1.72815,2.25467,2.09282,1.59999,2.19846,1.99418,1.59708,2.11895,1.56874,1.38078,1.51235,0.613136,0.613136,0.549405,0.549405,0.809376,1.22568,0.930738,0.5674,0.46363
2024-04-09,0.144446,3.25664,2.45294,3.26059,1.83586,1.44627,1.88119,1.92835,1.65613,2.16046,2.07621,1.58728,2.18101,2.26645,1.81513,2.40826,1.47723,1.30041,1.42418,0.612949,0.612949,0.651716,0.651716,0.770571,1.22568,0.887822,0.562896,0.526931
2024-04-10,-0.9502,3.25664,2.45294,3.26059,1.73316,1.36572,1.77549,1.86005,1.54464,2.05332,1.95344,1.49343,2.05204,2.16977,1.73771,2.30553,1.48429,1.30369,1.43011,0.60682,0.60682,0.545254,0.545254,0.755841,1.22568,0.842963,0.529611,0.504455
2024-04-11,0.741724,3.25664,2.45294,3.26059,1.83693,1.44878,1.88165,1.97211,1.63779,2.18241,2.00725,1.53456,2.10856,2.14462,1.71756,2.2788,1.49687,1.32292,1.44469,0.724378,0.724378,0.641067,0.641067,0.792906,1.22354,0.903108,0.544199,0.498606
2024-04-12,-1.46576,3.25664,2.40974,3.23407,1.82412,1.43853,1.86854,1.9521,1.62553,2.14825,2.07314,1.58494,2.17778,2.14679,1.7193,2.28111,1.55147,1.3596,1.49391,0.628752,0.628752,0.513036,0.513036,0.779956,1.222,0.868585,0.562064,0.499111
2024-04-15,-1.20942,3.25664,2.40974,3.23407,2.09347,1.65412,2.14409,2.23929,1.86808,2.46715,2.11488,1.61685,2.22163,1.70347,1.36425,1.81005,1.62997,1.43599,1.57178,0.836521,0.836521,0.751165,0.751165,0.847362,1.22354,1.03689,0.57338,0.396042
2024-04-16,-0.205861,3.25664,2.40974,3.23407,2.22187,1.7569,2.27544,2.37619,1.98334,2.61546,2.15055,1.64412,2.2591,1.83441,1.46913,1.94919,1.67343,1.4819,1.61597,0.909748,0.909748,0.849819,0.849819,0.896778,1.22354,1.11023,0.583051,0.426487
2024-04-17,-0.579738,3.25664,2.40974,3.23407,2.13591,1.6881,2.1875,2.28454,1.90618,2.51566,2.18247,1.66853,2.29264,2.15503,1.7259,2.28987,1.66734,1.4636,1.60622,0.770625,0.770625,0.795962,0.795962,0.852931,1.22354,1.06528,0.591707,0.501027
2024-04-18,-0.221061,3.25664,2.40974,3.23407,2.10393,1.66249,2.15478,2.25044,1.87747,2.47943,2.15623,1.64846,2.26506,2.13464,1.70957,2.2682,1.65746,1.46235,1.59893,0.757528,0.757528,0.84792,0.84792,0.874271,1.22354,1.04855,0.584591,0.496286
2024-04-19,-0.879712,3.25664,2.40974,3.23407,2.02783,1.60158,2.07693,2.1693,1.80916,2.38878,2.06516,1.57884,2.16941,1.96289,1.57202,2.0857,1.65351,1.45881,1.5951,0.760443,0.760443,0.841659,0.841659,0.871363,1.22354,1.00876,0.559902,0.456355
2024-04-22,0.869335,3.25664,2.40974,3.23407,2.07141,1.63647,2.12152,2.22179,1.84829,2.45377,2.11967,1.62051,2.22666,1.84154,1.47483,1.95676,1.63662,1.44389,1.5788,0.839823,0.839823,0.900711,0.900711,0.862052,1.22354,1.03155,0.574679,0.428143
2024-04-23,1.18936,3.25664,2.40974,3.23407,2.05922,1.62671,2.10904,2.20863,1.83734,2.43891,2.05841,1.57368,2.16231,1.5678,1.2556,1.66589,1.6741,1.47011,1.6129,0.760674,0.760674,0.891853,0.891853,0.856071,1.22354,1.02517,0.558072,0.364501
2024-04-24,0.0212992,3.25664,2.40093,3.21658,2.12321,1.67793,2.17451,2.271,1.89217,2.50066,2.1692,1.65838,2.27869,1.93314,1.54819,2.05409,1.65293,1.45417,1.5933,0.680004,0.680004,0.74498,0.74498,0.85492,1.222,1.05236,0.588108,0.449438
2024-04-25,-0.458694,3.25664,2.40093,3.21658,2.03258,1.60539,2.0818,2.17437,1.81093,2.39436,2.09951,1.6051,2.20549,2.02752,1.62377,2.15438,1.60498,1.4201,1.54951,0.74115,0.74115,0.835848,0.835848,0.854396,1.222,1.00522,0.569215,0.471381
2024-04-26,1.01574,3.25664,2.40093,3.21658,1.99032,1.57156,2.03856,2.1293,1.77304,2.34475,2.03008,1.55202,2.13255,2.00616,1.60667,2.13168,1.60829,1.42231,1.55249,0.74364,0.74364,0.883996,0.883996,0.856487,1.222,0.983242,0.550389,0.466415
2024-04-29,0.31734,3.25664,2.40093,3.21658,2.01873,1.5943,2.06763,2.1596,1.79851,2.37775,2.07595,1.58709,2.18073,1.97212,1.57941,2.09552,1.65518,1.45511,1.59516,0.685759,0.685759,0.738071,0.738071,0.853971,1.222,0.998021,0.562826,0.458502
2024-04-30,-1.58556,3.25664,2.40093,3.21658,1.94024,1.53148,1.98734,2.07591,1.72815,2.28596,2.07966,1.58993,2.18464,2.12816,1.70438,2.26131,1.61344,1.42678,1.55744,0.641378,0.641378,0.86904,0.86904,0.858756,1.222,0.9572,0.563833,0.494779
2024-05-01,-0.344135,3.25664,2.40093,3.21658,2.23251,1.76542,2.28632,2.38753,1.99015,2.62822,2.1715,1.66014,2.28111,1.84328,1.47623,1.95861,1.73405,1.53296,1.67372,0.85334,0.85334,0.991839,0.991839,0.918474,1.22354,1.11579,0.588731,0.428547
2024-05-02,0.908703,3.25664,2.40093,3.21658,2.15885,1.70646,2.21097,2.309,1.92413,2.54142,2.15095,1.64442,2.25952,2.23387,1.78904,2.37365,1.66145,1.48074,1.60724,0.811807,0.811807,0.893074,0.893074,0.919396,1.22354,1.07727,0.583159,0.519358
2024-05-03,1.24785,3.25664,2.40093,3.21658,2.14559,1.69584,2.1974,2.29486,1.91223,2.52828,2.21069,1.6901,2.32227,2.20374,1.7649,2.34162,1.62949,1.44659,1.57462,0.790027,0.790027,0.874558,0.874558,0.883869,1.222,1.064,0.599356,0.512351
2024-05-06,1.02732,3.25664,2.40093,3.21658,2.21408,1.75067,2.26747,2.36789,1.97363,2.61022,2.27334,1.738,2.38809,2.05028,1.64201,2.17856,1.721,1.52712,1.66283,0.776211,0.776211,0.886668,0.886668,0.92812,1.22052,1.0657,0.616342,0.476673
2024-05-07,0.134254,3.25664,2.40093,3.21658,2.21987,1.7553,2.27339,2.37406,1.97882,2.61689,2.29571,1.7551,2.41159,2.21067,1.77045,2.34898,1.75059,1.54622,1.68928,0.770078,0.770078,0.839792,0.839792,0.924674,1.22052,1.06863,0.622406,0.513962
2024-05-08,-0.000584076,3.25664,2.40093,3.21658,2.13364,1.68834,2.18425,2.25796,1.88659,2.50603,2.2087,1.68858,2.32019,2.25417,1.8053,2.39521,1.64511,1.45907,1.5893,0.736606,0.736606,0.743978,0.743978,0.885656,1.22052,1.02399,0.598818,0.524076
2024-05-09,0.507804,3.25664,2.40093,3.21658,2.04027,1.61353,2.08876,2.1594,1.80351,2.40509,2.2421,1.71411,2.35527,2.24655,1.79919,2.38712,1.66234,1.4647,1.60305,0.686053,0.686053,0.754305,0.754305,0.865367,1.22052,0.976869,0.607871,0.522305
2024-05-10,0.164804,3.25664,2.40093,3.21658,1.97475,1.56103,2.02176,2.09025,1.74522,2.32864,2.20851,1.68843,2.31998,2.27195,1.81953,2.4141,1.66216,1.46759,1.60379,0.647072,0.647072,0.709682,0.709682,0.876611,1.22052,0.94381,0.598765,0.528209
2024-05-13,-0.0241342,3.25664,2.40093,3.21658,1.89205,1.49478,1.93719,2.00296,1.67165,2.23347,2.13122,1.62934,2.2388,2.30067,1.84254,2.44462,1.65484,1.4612,1.59675,0.672866,0.672866,0.789205,0.789205,0.867181,1.22052,0.902083,0.577811,0.534887
2024-05-14,0.482616,3.25664,2.40093,3.21658,1.81766,1.43518,1.86113,1.92444,1.60546,2.14583,2.11599,1.6177,2.2228,2.15042,1.7222,2.28496,1.64832,1.45167,1.58933,0.711965,0.711965,0.693211,0.693211,0.854399,1.22052,0.86455,0.573682,0.499954
2024-05-15,1.16478,3.25664,2.40093,3.21658,1.76846,1.39576,1.81081,1.87251,1.56169,2.08646,2.03763,1.55779,2.14048,2.14568,1.71841,2.27993,1.61911,1.41938,1.55919,0.72002,0.72002,0.660181,0.660181,0.812252,1.22052,0.839723,0.552438,0.498853
2024-05-16,-0.208384,3.25664,2.40093,3.21658,1.87242,1.47905,1.91712,1.98224,1.65419,2.20818,2.18555,1.67088,2.29587,2.04211,1.63547,2.16989,1.61445,1.41367,1.55422,0.660155,0.660155,0.565558,0.565558,0.812655,1.22052,0.892181,0.592541,0.474775
2024-05-17,0.116409,3.25664,2.40093,3.21658,1.81197,1.43062,1.85531,1.91843,1.6004,2.13886,2.1046,1.60899,2.21083,2.23595,1.7907,2.37585,1.54541,1.36279,1.49062,0.711933,0.711933,0.729019,0.729019,0.807962,1.22052,0.861677,0.570593,0.519841
2024-05-20,0.0915977,3.25664,2.40093,3.21658,1.74122,1.37394,1.78296,1.84376,1.53746,2.05377,2.04306,1.56194,2.14618,1.95729,1.56753,2.07975,1.52895,1.34246,1.47301,0.665352,0.665352,0.591961,0.591961,0.778879,1.22052,0.82598,0.553908,0.455054
2024-05-21,0.249875,3.25664,2.40093,3.21658,1.67606,1.32173,1.71632,1.77498,1.47948,1.9753,1.99798,1.52748,2.09883,2.08246,1.66778,2.21275,1.53938,1.34831,1.48206,0.649324,0.649324,0.651712,0.651712,0.769217,1.22052,0.793099,0.541688,0.484154
2024-05-22,-0.270979,3.25664,2.40093,3.21658,1.61955,1.27646,1.65854,1.71534,1.42921,1.90678,1.99246,1.52326,2.09304,2.12257,1.6999,2.25538,1.50654,1.32469,1.45199,0.592039,0.592039,0.689039,0.689039,0.772726,1.22052,0.764588,0.540192,0.49348
2024-05-23,-0.740818,3.25664,2.40093,3.21658,1.58866,1.25171,1.62695,1.68273,1.40172,1.86913,1.9645,1.50188,2.06366,2.19785,1.76019,2.33536,1.45616,1.27809,1.40274,0.567377,0.567377,0.729059,0.729059,0.743247,1.22052,0.749002,0.532609,0.510981
2024-05-24,0.697665,3.25664,2.40093,3.21658,1.65777,1.30708,1.69762,1.75568,1.46321,1.9508,1.95691,1.49608,2.05569,2.28209,1.82765,2.42487,1.54052,1.35867,1.48596,0.654679,0.654679,0.771983,0.771983,0.80931,1.22052,0.783872,0.530552,0.530566
2024-05-28,0.0248766,3.25664,2.40093,3.21658,1.65765,1.30698,1.6975,1.75555,1.4631,1.94759,2.01504,1.54052,2.11675,2.24107,1.79481,2.38129,1.46735,1.29326,1.41512,0.656331,0.656331,0.624649,0.624649,0.764245,1.22052,0.783811,0.546313,0.521031
2024-05-29,-0.739431,3.25664,2.40093,3.21658,1.6003,1.26103,1.63885,1.69501,1.41207,1.90113,1.98036,1.51401,2.08033,2.00668,1.60709,2.13224,1.51295,1.32543,1.45669,0.58871,0.58871,0.727905,0.727905,0.762827,1.22052,0.754871,0.536912,0.466537
2024-05-30,-0.599295,3.25664,2.40093,3.21658,1.66732,1.31473,1.70739,1.76576,1.4717,1.98014,1.98777,1.51968,2.08811,2.10817,1.68837,2.24007,1.50806,1.32412,1.45288,0.678205,0.678205,0.768997,0.768997,0.769364,1.22052,0.78869,0.53892,0.490132
2024-05-31,0.799583,3.25664,2.40093,3.21658,1.6901,1.33298,1.73069,1.7898,1.49198,2.00453,1.9591,1.49775,2.05799,1.95538,1.566,2.07772,1.45491,1.28617,1.40429,0.702925,0.702925,0.768536,0.768536,0.771461,1.22052,0.800187,0.531146,0.45461
2024-06-03,0.111545,3.25664,2.40093,3.21658,1.70741,1.34685,1.74839,1.80807,1.50738,2.01966,2.01808,1.54284,2.11994,2.1595,1.72948,2.29462,1.48545,1.30027,1.4299,0.652423,0.652423,0.639938,0.639938,0.746616,1.22052,0.80892,0.547136,0.502067
2024-06-04,0.150167,2.99886,2.39486,3.0696,1.64492,1.29678,1.68448,1.74211,1.45177,1.8679,1.95953,1.51409,1.96787,1.98343,1.60197,2.04016,1.46391,1.29298,1.41263,0.609477,0.609477,0.858266,0.858266,0.77429,1.21052,0.769825,0.538146,0.467115
2024-06-05,1.1778,2.99886,2.39486,3.0696,1.58781,1.25103,1.62608,1.68184,1.40097,1.80409,1.91636,1.48073,1.92451,2.01698,1.62907,2.07467,1.46771,1.29188,1.41496,0.585897,0.585897,0.781104,0.781104,0.761977,1.21052,0.741258,0.526288,0.475016
2024-06-06,-0.0199832,2.99886,2.39486,3.0696,1.68687,1.34218,1.72143,1.82533,1.51258,1.95132,2.04578,1.58073,2.05448,2.02443,1.63508,2.08233,1.49661,1.32108,1.44395,0.615041,0.615041,0.679897,0.679897,0.785937,1.21052,0.80959,0.561831,0.476769
2024-06-07,-0.111586,2.99886,2.39486,3.0696,1.62565,1.29274,1.65903,1.75938,1.45731,1.88622,1.93607,1.49596,1.9443,2.07255,1.67395,2.13182,1.45891,1.27984,1.40519,0.627469,0.627469,0.774797,0.774797,0.741242,1.21052,0.778354,0.531701,0.488102
2024-06-10,0.257753,2.99886,2.39486,3.0696,1.57452,1.25145,1.60691,1.7043,1.41116,1.82477,1.94466,1.5026,1.95294,2.03074,1.64018,2.08882,1.42706,1.25304,1.37486,0.633204,0.633204,0.713872,0.713872,0.728126,1.21052,0.752268,0.534062,0.478256
2024-06-11,0.270672,2.99886,2.39486,3.0696,1.5237,1.21041,1.55512,1.64956,1.36529,1.76321,1.90795,1.47423,1.91607,1.91116,1.5436,1.96582,1.42735,1.25229,1.37484,0.656577,0.656577,0.701551,0.701551,0.725582,1.21052,0.726341,0.523979,0.450095
2024-06-12,0.846773,2.99886,2.39486,3.0696,1.47785,1.17338,1.50838,1.60016,1.3239,1.70874,1.843,1.42405,1.85084,2.02857,1.63843,2.08659,1.40374,1.22823,1.35109,0.614015,0.614015,0.687811,0.687811,0.700647,1.21052,0.702947,0.506143,0.477744
2024-06-13,0.23419,2.99886,2.39486,3.0696,1.5287,1.21444,1.56021,1.65486,1.3698,1.76454,1.88708,1.45811,1.89511,1.90383,1.53768,1.95828,1.43867,1.25456,1.38343,0.582687,0.582687,0.59624,0.59624,0.702156,1.21052,0.728888,0.518249,0.448367
2024-06-14,-0.0393932,2.99886,2.39486,3.0696,1.48051,1.17553,1.51109,1.56953,1.32629,1.70647,1.85527,1.43353,1.86316,1.94689,1.57246,2.00258,1.42334,1.24944,1.37117,0.566182,0.566182,0.622207,0.622207,0.722084,1.21052,0.704301,0.509511,0.45851
2024-06-17,0.763517,2.99886,2.3011,3.0606,1.43705,1.14043,1.46679,1.52363,1.28707,1.65364,1.85101,1.43473,1.84877,1.81938,1.46895,1.86216,1.32423,1.15968,1.27487,0.565899,0.565899,0.550197,0.550197,0.666191,1.20935,0.679944,0.510194,0.428478
2024-06-18,0.251815,2.99886,2.3011,3.0606,1.47293,1.16941,1.50336,1.56152,1.31945,1.6942,1.82663,1.41583,1.82442,1.85518,1.49785,1.8988,1.38827,1.21606,1.33661,0.57358,0.57358,0.550434,0.550434,0.696347,1.20935,0.6982,0.503473,0.43691
2024-06-20,-0.252913,2.99886,2.17154,3.05445,1.43032,1.135,1.45994,1.51652,1.27868,1.64143,1.84064,1.4267,1.83842,1.91441,1.54568,1.95943,1.32049,1.15601,1.27115,0.561422,0.561422,0.590465,0.590465,0.652784,1.19924,0.673763,0.507336,0.45086
2024-06-21,-0.156335,2.99886,2.17154,3.05445,1.41116,1.11952,1.4404,1.49628,1.26151,1.61965,1.86862,1.44838,1.86636,1.67446,1.35195,1.71384,1.39147,1.21241,1.33775,0.557414,0.557414,0.583303,0.583303,0.6693,1.19924,0.664046,0.515048,0.39435
2024-06-24,-0.306988,2.99886,2.17154,3.05445,1.38266,1.09651,1.41135,1.46618,1.23596,1.58727,1.79347,1.39014,1.7913,1.82289,1.47179,1.86576,1.35941,1.18548,1.30723,0.555648,0.555648,0.558657,0.558657,0.659566,1.19924,0.649596,0.494335,0.429307
2024-06-25,0.392588,2.99886,2.17154,3.05445,1.37618,1.09128,1.40475,1.45934,1.22997,1.57986,1.74583,1.35321,1.74372,1.87447,1.51343,1.91855,1.28822,1.13053,1.24091,0.535064,0.535064,0.595719,0.595719,0.654238,1.19924,0.646313,0.481204,0.441454
2024-06-26,0.15712,2.99886,2.17154,3.05445,1.3539,1.07329,1.38204,1.43581,1.20971,1.55446,1.69327,1.31247,1.69123,1.6716,1.34964,1.71091,1.30809,1.13737,1.25687,0.494578,0.494578,0.475171,0.475171,0.625997,1.19924,0.635016,0.466717,0.393676
2024-06-27,0.0906907,2.99886,2.17154,3.05445,1.31799,1.04429,1.34544,1.39788,1.17757,1.51368,1.65093,1.27965,1.64893,1.81386,1.4645,1.85651,1.27231,1.10852,1.22317,0.512338,0.512338,0.507312,0.507312,0.61767,1.19924,0.616812,0.455045,0.427179
2024-06-28,-0.409201,2.99886,2.17154,3.05445,1.28474,1.01743,1.31154,1.36276,1.14767,1.47587,1.59852,1.23903,1.59659,1.84496,1.4896,1.88834,1.2588,1.08794,1.20755,0.499006,0.499006,0.524923,0.524923,0.587047,1.19924,0.59995,0.440601,0.434502
2024-07-01,0.267198,2.99886,2.17154,3.05445,1.30793,1.03616,1.33518,1.38726,1.16841,1.50221,1.62795,1.26184,1.62598,1.64718,1.32992,1.68591,1.2478,1.0904,1.20058,0.551016,0.551016,0.620467,0.620467,0.616423,1.19924,0.61171,0.448712,0.387925
2024-07-02,0.617622,2.99886,2.17154,3.05445,1.28093,1.01436,1.30766,1.35874,1.1439,1.47144,1.52182,1.17958,1.51998,1.78089,1.43788,1.82277,1.21135,1.04339,1.16096,0.547524,0.547524,0.573116,0.573116,0.553835,1.19924,0.598021,0.41946,0.419415
2024-07-03,0.507155,2.99886,2.17154,3.05445,1.30457,1.03345,1.33176,1.38371,1.16514,1.49831,1.63691,1.26879,1.63494,1.74001,1.40487,1.78092,1.17108,1.01092,1.12303,0.514407,0.514407,0.521343,0.521343,0.539885,1.19924,0.610007,0.451183,0.409786
2024-07-05,0.543397,2.99886,2.17154,3.05445,1.30523,1.03398,1.33243,1.3844,1.16573,1.49906,1.61719,1.2535,1.61524,1.87584,1.51454,1.91995,1.16892,1.0152,1.1228,0.502099,0.502099,0.528575,0.528575,0.554408,1.19924,0.610341,0.445747,0.441776
2024-07-08,0.101619,2.99886,2.17154,3.05445,1.2378,0.975986,1.26505,1.34845,1.10048,1.43835,1.55686,1.20674,1.55498,1.79535,1.44955,1.83756,1.09187,0.940946,1.04659,0.44977,0.44977,0.467221,0.467221,0.491701,1.19924,0.586358,0.429117,0.422819
2024-07-09,0.0740801,2.99886,2.17154,3.05445,1.20299,0.947937,1.22953,1.31078,1.06921,1.39827,1.50495,1.1665,1.50313,1.86141,1.50288,1.90518,1.10365,0.946214,1.05642,0.445385,0.445385,0.520119,0.520119,0.482663,1.19924,0.568373,0.414809,0.438377
2024-07-10,1.01563,2.99886,2.17154,3.05445,1.17125,0.922361,1.19715,1.27643,1.04069,1.36162,1.47827,1.14582,1.47648,1.77691,1.43466,1.81869,1.07487,0.925024,1.02992,0.425349,0.425349,0.465218,0.465218,0.4809,1.19924,0.551973,0.407456,0.418476
2024-07-11,-0.880166,2.99886,2.17154,3.05445,1.31387,1.03727,1.34265,1.43076,1.16875,1.52516,1.61905,1.25494,1.61709,1.93356,1.56114,1.97902,1.09223,0.942904,1.04743,0.446866,0.446866,0.415621,0.415621,0.502687,1.19924,0.625657,0.446258,0.455369
2024-07-12,0.550187,2.99886,2.17154,3.05445,1.45944,1.15457,1.49117,1.58828,1.29948,1.69216,1.62981,1.26328,1.62784,1.96418,1.58586,2.01037,1.19933,1.04578,1.15327,0.561702,0.561702,0.693684,0.693684,0.582578,1.19924,0.705272,0.449225,0.462582
2024-07-15,0.282221,2.99886,2.17154,3.05445,1.44316,1.14145,1.47455,1.57066,1.28482,1.67307,1.66768,1.29263,1.66567,2.00931,1.6223,2.05655,1.14268,0.993807,1.09802,0.479282,0.479282,0.501424,0.501424,0.546874,1.19924,0.696811,0.459663,0.473208
2024-07-16,0.636905,2.99886,2.17154,3.05445,1.39818,1.1052,1.42866,1.52198,1.2444,1.62111,1.63843,1.26997,1.63645,1.8738,1.51289,1.91786,1.19859,1.03541,1.14964,0.449375,0.449375,0.525841,0.525841,0.54473,1.19924,0.66961,0.451602,0.441295
2024-07-17,-1.40254,2.99886,2.17154,3.05445,1.40338,1.1094,1.43398,1.52762,1.2491,1.6274,1.62094,1.25641,1.61898,1.73704,1.40247,1.77789,1.22352,1.05421,1.17273,0.425723,0.425723,0.474219,0.474219,0.552722,1.19109,0.671906,0.446781,0.409088
2024-07-18,-0.784712,2.99886,2.17154,3.05445,1.74273,1.38282,1.78018,1.89482,1.56368,2.02379,1.75641,1.36209,1.7606,1.90958,1.54186,1.95448,1.33915,1.17349,1.28945,0.627663,0.627663,0.699302,0.699302,0.674216,1.19924,0.852426,0.48412,0.449721
2024-07-19,-0.716587,2.99886,2.17154,3.05445,1.79312,1.42343,1.83159,1.94935,1.60788,2.08142,1.79013,1.38824,1.79439,1.96747,1.58861,2.01374,1.35891,1.18626,1.30711,0.614917,0.614917,0.674341,0.674341,0.668824,1.19924,0.878602,0.493413,0.463356
2024-07-22,1.07342,2.99886,2.17154,3.05445,1.82021,1.44525,1.85922,1.97866,1.63124,2.11228,1.83906,1.42619,1.84345,1.90132,1.5352,1.94603,1.41493,1.24082,1.3627,0.655695,0.655695,0.69236,0.69236,0.721536,1.19924,0.892674,0.506902,0.447776
2024-07-23,-0.155933,2.99886,2.17154,3.05445,1.87905,1.49266,1.91925,2.04233,1.68476,2.18016,1.90561,1.47779,1.91015,2.12432,1.71526,2.17428,1.45237,1.27222,1.39833,0.595795,0.595795,0.526703,0.526703,0.73253,1.19924,0.923238,0.525242,0.500296
2024-07-24,-2.34212,2.99886,2.17154,3.05445,1.80879,1.43605,1.84757,1.9663,1.61913,2.09859,1.8343,1.42249,1.83867,2.0147,1.62674,2.06208,1.37877,1.21271,1.32895,0.614491,0.614491,0.70871,0.70871,0.7101,1.19924,0.886742,0.505588,0.474479
2024-07-25,-0.515589,2.99886,2.29979,3.05619,2.49204,1.98658,2.54464,2.73971,2.26555,2.92219,2.27394,1.73845,2.28676,2.38653,1.90286,2.44481,2.51363,2.13037,2.39865,0.944752,0.944752,1.08998,1.08998,1.07861,1.20935,1.24914,0.616504,0.554849
2024-07-26,1.10294,2.99886,2.29979,3.05619,2.41677,1.92593,2.46785,2.65728,2.19684,2.83356,2.15749,1.64943,2.16966,2.26707,1.8076,2.32243,1.85319,1.6062,1.77909,0.762239,0.762239,0.806121,0.806121,0.879779,1.20935,1.20982,0.584933,0.527075
2024-07-29,0.0812972,2.99886,2.29979,3.05619,2.41433,1.92396,2.46536,2.6546,2.19461,2.82927,2.19072,1.67483,2.20308,2.23971,1.7858,2.29441,1.78857,1.56057,1.72017,0.705682,0.705682,0.680473,0.680473,0.885203,1.20935,1.20855,0.593943,0.520715
2024-07-30,-0.497251,2.99886,2.29979,3.05619,2.30004,1.83187,2.34876,2.52943,2.09026,2.69502,2.07059,1.58299,2.08227,2.16231,1.72407,2.21511,1.72644,1.51039,1.66163,0.680746,0.680746,0.847222,0.847222,0.862581,1.20935,1.14885,0.561374,0.502718
2024-07-31,1.567,2.99886,2.29979,3.05619,2.23717,1.78122,2.28462,2.46058,2.03287,2.6206,2.05041,1.56757,2.06198,2.1146,1.68604,2.16624,1.61944,1.42102,1.55991,0.668502,0.668502,0.797275,0.797275,0.828005,1.20935,1.11601,0.555903,0.491627
2024-08-01,-1.37881,2.99886,2.29979,3.05619,2.38512,1.90043,2.43556,2.62261,2.16794,2.79074,2.35391,1.79959,2.36718,2.21925,1.76948,2.27345,1.79166,1.56458,1.72354,0.705056,0.705056,0.598659,0.598659,0.891504,1.20935,1.19329,0.638185,0.515958
2024-08-02,-1.85529,2.99886,2.29979,3.05619,2.52067,2.00964,2.57384,2.77106,2.29169,2.94612,2.7418,2.09614,2.75727,2.32447,1.85337,2.38124,2.63332,2.2835,2.52837,0.812086,0.812086,0.918842,0.918842,1.27679,1.21052,1.27828,0.743351,0.540421
2024-08-05,-3.0427,2.99886,2.29979,3.05619,2.87368,2.29757,2.93295,3.07753,2.57196,3.3075,3.18651,2.43612,3.20448,3.02324,2.41321,3.09707,3.25549,2.79081,3.11609,0.959307,0.959307,1.27976,1.27976,1.48222,1.22052,1.46633,0.863918,0.702879
2024-08-06,1.03008,3.04484,2.34344,3.08421,3.64059,2.91594,3.71513,3.89699,3.30769,4.20965,6.78155,5.24908,6.86887,4.91704,3.91304,5.04552,6.33366,5.35269,6.03937,1.43238,1.43238,2.12443,2.12443,2.67581,1.222,1.88393,1.8386,1.13595
2024-08-07,-0.776472,3.04484,2.34344,3.08421,3.51127,2.81167,3.58324,3.75881,3.18988,4.05733,4.83797,3.74471,4.90027,3.71097,2.95324,3.80794,4.79976,4.08308,4.58475,0.959606,0.959606,1.03521,1.03521,2.08671,1.222,1.81533,1.31166,0.857323
2024-08-08,2.27811,3.04484,2.34344,3.08421,3.3845,2.70945,3.45394,3.62335,3.07439,3.90763,4.44785,3.44275,4.50513,3.31474,2.63791,3.40136,4.18589,3.61217,4.01378,0.946818,0.946818,1.54722,1.54722,1.96339,1.222,1.74808,1.20589,0.765785
2024-08-09,0.46608,3.04484,2.34344,3.08421,3.61111,2.89217,3.68507,3.86549,3.28083,4.16385,6.02776,4.66563,6.10538,4.69634,3.7374,4.81905,5.32117,4.58962,5.10171,1.16659,1.16659,1.19328,1.19328,2.49859,1.222,1.86829,1.63423,1.08497
2024-08-12,0.0043018,3.04484,2.34344,3.08421,3.42143,2.73923,3.49161,3.66281,3.10803,3.94156,4.68755,3.62828,4.74791,3.82856,3.04682,3.9286,4.50908,3.88129,4.32074,1.09085,1.09085,1.18312,1.18312,2.0831,1.222,1.76767,1.27088,0.88449
2024-08-13,1.67072,3.04484,2.34344,3.08421,3.23312,2.58739,3.29955,3.4616,2.93648,3.72215,4.2246,3.26994,4.279,3.01051,2.3958,3.08917,3.70788,3.18976,3.55245,0.914107,0.914107,1.08121,1.08121,1.71152,1.222,1.66778,1.14536,0.6955
2024-08-14,0.381644,3.04484,2.34344,3.08421,3.28635,2.63031,3.35384,3.51848,2.98498,3.77839,4.51297,3.49315,4.57108,3.49277,2.77959,3.58404,3.9268,3.41908,3.77448,0.998121,0.998121,0.995295,0.995295,1.92664,1.222,1.69602,1.22354,0.806914
2024-08-15,1.60045,3.04484,2.34344,3.08421,3.11341,2.49087,3.17745,3.33368,2.82742,3.57566,3.98251,3.08256,4.03379,3.01448,2.39896,3.09325,3.53033,3.02547,3.37887,0.788679,0.788679,1.10723,1.10723,1.59587,1.222,1.60428,1.07973,0.696417
2024-08-16,0.198781,3.04484,2.34344,3.08421,3.16213,2.53015,3.22714,3.38574,2.87181,3.62986,4.23396,3.27719,4.28848,3.12576,2.48752,3.20743,3.85465,3.28966,3.68515,0.862777,0.862777,0.995126,0.995126,1.70614,1.222,1.63013,1.1479,0.722125
2024-08-19,0.967533,3.04484,2.34344,3.08421,2.99067,2.3919,3.05227,3.20254,2.71561,3.42867,4.02647,3.11659,4.07832,2.6807,2.13333,2.75074,3.3499,2.86984,3.20588,0.865387,0.865387,0.957198,0.957198,1.50803,1.222,1.53917,1.09165,0.619305
2024-08-20,-0.198653,3.04484,2.34344,3.08421,2.90682,2.3243,2.96675,3.11294,2.63922,3.33152,3.85716,2.98553,3.90682,2.81461,2.2399,2.88815,3.57122,3.05815,3.4173,0.885456,0.885456,0.892149,0.892149,1.58497,1.222,1.49469,1.04574,0.650241
2024-08-21,0.423072,3.04484,2.34344,3.08421,2.76074,2.2065,2.81775,2.95684,2.50613,3.15904,3.72536,2.88352,3.77333,2.59299,2.06353,2.66074,3.27101,2.80652,3.13166,0.868357,0.868357,0.988645,0.988645,1.45618,1.222,1.4172,1.01001,0.599042
2024-08-22,-0.897295,3.04484,2.34344,3.08421,2.62644,2.09822,2.68078,2.81334,2.38378,3.00203,3.23978,2.50767,3.2815,2.64057,2.1014,2.70957,2.72914,2.33063,2.60959,0.758774,0.758774,0.880388,0.880388,1.1806,1.222,1.34596,0.87836,0.610036
2024-08-23,1.1418,3.04484,2.34344,3.08421,2.60447,2.0805,2.65837,2.78986,2.36377,2.9717,3.28143,2.53991,3.32369,2.6692,2.12418,2.73895,2.95422,2.55854,2.83552,0.840038,0.840038,1.10445,1.10445,1.41007,1.222,1.3343,0.889653,0.616649
2024-08-26,-0.315872,3.04484,2.34344,3.08421,2.59484,2.07274,2.64855,2.77958,2.355,2.957,3.4408,2.66327,3.48511,2.72949,2.17217,2.80081,3.33195,2.88023,3.19643,0.834726,0.834726,0.849175,0.849175,1.57715,1.222,1.3292,0.932862,0.630579
2024-08-27,0.159393,3.04484,2.34344,3.08421,2.48067,1.98069,2.53211,2.65758,2.25098,2.83309,3.33597,2.58212,3.37892,2.63746,2.09892,2.70638,2.84596,2.45682,2.72922,0.806477,0.806477,0.961498,0.961498,1.33029,1.222,1.26863,0.904439,0.609316
2024-08-28,-0.59939,2.99672,2.29979,3.03487,2.35409,1.87862,2.403,2.52232,2.13566,2.66371,3.08512,2.39787,3.1038,2.3083,1.84253,2.312,2.89524,2.49747,2.77591,0.700801,0.700801,0.940885,0.940885,1.34116,1.22052,1.20149,0.850352,0.53666
2024-08-29,-0.00393772,2.99672,2.29979,3.03487,2.29908,1.83426,2.34689,2.46354,2.08555,2.60055,2.99194,2.32545,3.01006,2.27755,1.81798,2.2812,2.81195,2.43321,2.69833,0.702928,0.702928,0.991392,0.991392,1.31863,1.22052,1.1723,0.824669,0.529511
2024-08-30,1.00424,2.99672,2.17154,3.01422,2.18612,1.74319,2.23168,2.31633,1.98223,2.45656,2.47369,1.92264,2.48867,2.14053,1.72872,2.15372,2.58583,2.23914,2.48182,0.687876,0.687876,0.941739,0.941739,1.2088,1.21052,1.1041,0.681823,0.504112
2024-09-03,-2.1378,2.99672,2.17154,3.01422,2.15789,1.73304,2.19679,2.33491,1.99781,2.46697,2.81127,2.18503,2.82829,2.31741,1.87157,2.33169,2.66564,2.30333,2.55695,0.721963,0.721963,0.866844,0.866844,1.24223,1.21052,1.10575,0.774871,0.545769
2024-09-04,-0.160384,2.99672,2.17154,3.01422,2.64863,2.1314,2.69598,2.86413,2.49004,3.03508,3.49472,2.71623,3.51588,2.76798,2.23812,2.79766,3.27847,2.82035,3.14104,0.980738,0.980738,1.27389,1.27389,1.50844,1.21052,1.36774,0.96325,0.651883
2024-09-05,-0.302257,2.99672,2.17154,3.01422,2.51866,2.0259,2.56378,2.72398,2.36757,2.88438,3.2069,2.49252,3.22632,2.29235,1.85354,2.31693,3.10907,2.69462,2.98474,0.905531,0.905531,1.09066,1.09066,1.49205,1.21052,1.29835,0.883918,0.539867
2024-09-06,-1.7411,2.99672,2.17154,3.01422,2.40871,1.93664,2.45193,2.6054,2.26397,2.7597,2.98142,2.31727,2.99947,2.29942,1.85925,2.32407,2.882,2.50976,2.77033,0.801927,0.801927,1.10221,1.10221,1.42042,1.21052,1.23965,0.821768,0.541532
2024-09-09,1.15135,2.99672,2.17154,3.01422,2.66995,2.14872,2.71768,2.88714,2.51014,3.05478,3.27354,2.54432,3.29336,2.47519,2.00138,2.50173,3.0665,2.64983,2.9415,0.954763,0.954763,1.30582,1.30582,1.45642,1.22052,1.38872,0.902287,0.582928
2024-09-10,0.44627,2.99672,2.17154,3.01422,2.65084,2.1332,2.69824,2.86652,2.49177,3.03061,3.24235,2.52008,3.26198,2.43782,1.97116,2.46396,3.15919,2.75767,3.03873,0.972404,0.972404,1.07445,1.07445,1.57483,1.22052,1.37845,0.89369,0.574127
2024-09-11,1.06086,2.99672,2.17154,3.01422,2.5266,2.03235,2.57185,2.73254,2.37168,2.88866,3.32847,2.58701,3.34862,2.46225,1.99092,2.48865,2.91986,2.53453,2.80426,0.826302,0.826302,1.10281,1.10281,1.41389,1.22052,1.31169,0.917426,0.579881
2024-09-12,0.746736,2.99672,2.17154,3.01422,2.50291,2.01312,2.54776,2.70699,2.35274,2.86297,3.1846,2.47519,3.20388,2.5664,2.07513,2.59392,3.01916,2.62822,2.90188,0.854677,0.854677,1.05133,1.05133,1.48189,1.22052,1.29897,0.877771,0.604409
2024-09-13,0.539313,2.99672,2.17154,3.01422,2.42407,1.94912,2.46756,2.62197,2.27845,2.77521,3.2388,2.51731,3.25841,2.67925,2.16638,2.70798,2.85704,2.47639,2.74285,0.78581,0.78581,1.03705,1.03705,1.367,1.22052,1.2566,0.89271,0.630986
2024-09-16,0.125584,2.99672,2.17154,3.01422,2.32512,1.86879,2.36691,2.51526,2.18521,2.66159,3.12565,2.42937,3.14457,2.43173,1.96624,2.4578,2.65998,2.29739,2.5512,0.76526,0.76526,0.914346,0.914346,1.24011,1.22052,1.20343,0.861522,0.572692
2024-09-17,0.0264527,2.99672,2.16336,3.00492,2.2097,1.77509,2.24949,2.39078,2.04594,2.53001,2.97369,2.31126,2.99169,2.2858,1.84825,2.31031,2.57927,2.23757,2.47676,0.745465,0.745465,0.961931,0.961931,1.2293,1.21052,1.14141,0.819638,0.538326
2024-09-18,-0.290066,2.99672,2.16336,3.00492,2.10292,1.68842,2.14087,2.27563,1.94674,2.40802,2.77019,2.15309,2.78696,2.13835,1.72902,2.16127,2.48835,2.15733,2.38905,0.66872,0.66872,0.856277,0.856277,1.17859,1.21052,1.08404,0.763548,0.503598
2024-09-19,1.68343,2.99672,2.16336,3.00492,2.02389,1.62426,2.06048,2.19041,1.87332,2.3185,2.72567,2.11849,2.74217,2.14425,1.73379,2.16725,2.39177,2.06972,2.29516,0.71338,0.71338,0.873578,0.873578,1.12298,1.21052,1.04157,0.751276,0.504989
2024-09-20,-0.194291,2.99672,2.16336,3.00492,2.26246,1.81792,2.30316,2.44768,2.09496,2.59076,3.04681,2.36809,3.06526,2.36886,1.9154,2.39426,2.51762,2.19448,2.42068,0.731266,0.731266,0.731641,0.731641,1.24145,1.21052,1.16976,0.839792,0.557885
2024-09-23,0.280533,2.99672,2.16336,3.00492,2.16241,1.73671,2.20139,2.33979,2.00201,2.47639,2.95234,2.29467,2.97022,2.34506,1.89616,2.3702,2.54381,2.21241,2.44439,0.702063,0.702063,0.916,0.916,1.22752,1.21052,1.116,0.813754,0.552281
2024-09-24,0.250804,2.99672,2.16336,3.00492,2.0627,1.65576,2.09996,2.23225,1.90937,2.36249,2.74723,2.13525,2.76387,2.11529,1.71037,2.13797,2.35968,2.04276,2.2646,0.64729,0.64729,0.817476,0.817476,1.0957,1.21052,1.06242,0.75722,0.498168
2024-09-25,-0.186298,2.99672,2.16336,3.00492,1.96889,1.57961,2.00453,2.13109,1.82221,2.25509,2.64115,2.0528,2.65714,2.25991,1.82731,2.28414,2.20961,1.91337,2.12074,0.72505,0.72505,0.759835,0.759835,1.02579,1.21052,1.01202,0.72798,0.532227
2024-09-26,0.403053,2.99672,2.16336,3.00492,1.89061,1.51606,1.9249,2.04667,1.74949,2.16601,2.49855,1.94197,2.51368,2.04172,1.65088,2.06361,2.21383,1.89745,2.11892,0.730366,0.730366,0.872747,0.872747,0.972248,1.21052,0.969953,0.688676,0.480841
2024-09-27,-0.1254,2.99672,2.16336,3.00492,1.82017,1.45888,1.85325,1.9707,1.68404,2.08716,2.37276,1.8442,2.38713,2.17956,1.76234,2.20293,2.05645,1.78075,1.97374,0.687557,0.687557,0.800852,0.800852,0.958944,1.21052,0.932103,0.654005,0.513305
2024-09-30,0.422761,2.99672,2.16336,3.00492,1.74891,1.40104,1.78076,1.89386,1.61784,2.00702,2.27905,1.77137,2.29285,2.06134,1.66675,2.08345,2.09248,1.79744,2.00397,0.748679,0.748679,0.852437,0.852437,0.943999,1.20935,0.887409,0.628176,0.485463
2024-10-01,-0.936785,2.99672,2.16336,3.00492,1.68642,1.34193,1.72103,1.80534,1.54842,1.92961,2.21079,1.71831,2.22417,1.9492,1.57607,1.9701,2.00353,1.71453,1.91683,0.728818,0.728818,0.808398,0.808398,0.8871,1.20935,0.850523,0.60936,0.459052
2024-10-02,0.0138374,2.99672,2.16336,3.00492,1.79644,1.43076,1.83317,1.92266,1.64995,2.05389,2.3051,1.79161,2.31906,2.11594,1.7109,2.13863,2.16589,1.88066,2.08032,0.862687,0.862687,0.983974,0.983974,1.03461,1.20935,0.915417,0.635356,0.498322
2024-10-03,-0.168283,2.99672,2.16336,3.00492,1.71867,1.36797,1.7539,1.83973,1.57818,1.965,2.22104,1.72628,2.23449,1.99388,1.6122,2.01526,2.04067,1.7722,1.96013,0.81584,0.81584,0.928388,0.928388,0.969057,1.20935,0.873725,0.612186,0.469575
2024-10-04,0.893026,2.99672,2.16336,3.00492,1.65837,1.31927,1.69243,1.77542,1.52646,1.89824,2.1039,1.63523,2.11664,2.055,1.66163,2.07704,1.96906,1.70016,1.88839,0.818351,0.818351,0.913345,0.913345,0.915828,1.20935,0.841394,0.579898,0.48397
2024-10-07,-0.963227,2.99672,2.16336,3.00492,1.69817,1.35141,1.733,1.81786,1.55926,1.9426,2.25029,1.74901,2.26391,1.97421,1.5963,1.99538,2.0031,1.73241,1.9219,0.810921,0.810921,0.843939,0.843939,0.93356,1.20935,0.862733,0.620247,0.464943
2024-10-08,0.964272,2.99672,2.16336,3.00492,1.81501,1.44576,1.8521,1.94247,1.66708,2.07436,2.31286,1.79764,2.32687,2.01942,1.63285,2.04107,1.98872,1.73085,1.91136,0.88163,0.88163,0.96149,0.96149,0.961442,1.20935,0.926236,0.637494,0.47559
2024-10-09,0.708822,2.99672,2.16336,3.00492,1.85264,1.47614,1.89046,1.9826,1.70181,2.11496,2.47742,1.92555,2.49242,1.93088,1.56126,1.95158,2.11323,1.83596,2.03005,0.882194,0.882194,0.856213,0.856213,1.00867,1.20935,0.946427,0.682852,0.454737
2024-10-10,-0.207226,2.99672,2.16336,3.00492,1.82752,1.45586,1.86486,1.95582,1.67864,2.08413,2.44252,1.89841,2.45731,2.14086,1.73105,2.16382,2.05855,1.78588,1.97675,0.881396,0.881396,0.888443,0.888443,0.981502,1.20935,0.932952,0.673231,0.504191
2024-10-11,0.603361,2.99672,2.16336,3.00492,1.76166,1.40268,1.79773,1.88558,1.61785,2.01443,2.34945,1.82608,2.36367,2.21746,1.79298,2.24123,1.99618,1.71588,1.91209,0.841899,0.841899,0.916171,0.916171,0.897445,1.19924,0.896774,0.647579,0.522229
2024-10-14,0.767811,2.99672,2.16336,3.00492,1.72712,1.3748,1.76252,1.84875,1.58598,1.97254,2.24628,1.7459,2.25989,2.10849,1.70487,2.1311,1.81965,1.58291,1.74863,0.780198,0.780198,0.834656,0.834656,0.863809,1.19924,0.878257,0.619144,0.496567
2024-10-15,-0.763856,2.99672,2.16336,3.00492,1.72794,1.37546,1.76336,1.84962,1.58674,1.97057,2.36295,1.83658,2.37726,2.12133,1.71526,2.14408,1.9772,1.69723,1.89321,0.70281,0.70281,0.860565,0.860565,0.869794,1.19924,0.878697,0.651302,0.499591
2024-10-16,0.466822,2.99672,2.16336,3.00492,1.77891,1.41661,1.81531,1.90398,1.63377,2.0254,2.27221,1.76605,2.28597,2.05546,1.66199,2.0775,2.03266,1.743,1.94577,0.711915,0.711915,0.894505,0.894505,0.901541,1.19924,0.906022,0.62629,0.484077
2024-10-17,-0.0171175,2.99672,2.16336,3.00492,1.72325,1.37166,1.75857,1.84461,1.5824,1.95917,2.16344,1.68151,2.17654,2.05881,1.66471,2.08089,1.88142,1.61671,1.80201,0.697761,0.697761,0.840324,0.840324,0.840279,1.19924,0.876177,0.59631,0.484867
2024-10-18,0.396369,2.99672,2.16336,3.00492,1.65241,1.31446,1.68636,1.76906,1.51703,1.89032,2.13208,1.65342,2.14383,1.96576,1.58947,1.98684,1.82862,1.55336,1.74604,0.678491,0.678491,0.788206,0.788206,0.76638,1.19109,0.832399,0.587665,0.462954
2024-10-21,-0.182443,2.99672,2.16336,3.00492,1.60012,1.27224,1.63306,1.7133,1.46877,1.82662,2.03755,1.58011,2.04878,1.90441,1.53986,1.92483,1.86063,1.58498,1.77793,0.653593,0.653593,0.81456,0.81456,0.80242,1.19109,0.80454,0.56161,0.448504
2024-10-22,-0.0474969,2.95466,2.14063,2.94775,1.55167,1.23312,1.58368,1.64629,1.39832,1.73873,1.97849,1.57926,2.01574,1.94517,1.59,1.9423,1.78765,1.51772,1.70667,0.620235,0.620235,0.782324,0.782324,0.758224,1.18873,0.761593,0.561587,0.463662
2024-10-23,-0.923383,2.95466,2.14063,2.94775,1.4966,1.18865,1.52753,1.58806,1.34835,1.67743,1.85076,1.4773,1.8856,1.84803,1.51061,1.84531,1.64904,1.3981,1.57376,0.62266,0.62266,0.721122,0.721122,0.69381,1.18873,0.732817,0.52533,0.440509
2024-10-24,0.214348,2.95466,2.14063,2.94775,1.6356,1.30089,1.66922,1.73501,1.47447,1.83219,1.97813,1.57897,2.01537,1.80648,1.47664,1.80382,1.8153,1.55606,1.73753,0.687527,0.687527,0.824574,0.824574,0.812178,1.1731,0.823443,0.561483,0.430603
2024-10-25,-0.0299501,2.95466,2.14063,2.94775,1.57157,1.24919,1.60396,1.66732,1.41638,1.76093,1.8877,1.50678,1.92323,1.77626,1.45193,1.77364,1.75107,1.49717,1.6749,0.663723,0.663723,0.788089,0.788089,0.767627,1.1731,0.789329,0.535815,0.423399
2024-10-28,0.264793,2.95466,2.14063,2.94775,1.51386,1.20259,1.54513,1.60631,1.36402,1.69681,1.82203,1.45437,1.85633,1.77425,1.45029,1.77163,1.5182,1.30501,1.45424,0.682003,0.682003,0.827103,0.827103,0.68197,1.1731,0.75858,0.517177,0.42292
2024-10-29,0.161283,2.95466,2.14063,2.94775,1.44686,1.15562,1.4735,1.58048,1.33021,1.64467,1.75577,1.40148,1.78882,1.75899,1.43782,1.7564,1.68176,1.42464,1.60462,0.671503,0.671503,0.853812,0.853812,0.701405,1.1731,0.735918,0.498368,0.419284
2024-10-30,-0.330569,2.95466,2.14063,2.94775,1.3974,1.11547,1.42319,1.52675,1.28449,1.58916,1.71106,1.36579,1.74327,1.73234,1.41604,1.72979,1.54601,1.31708,1.47733,0.65597,0.65597,0.836547,0.836547,0.658265,1.1731,0.709183,0.485676,0.412932
2024-10-31,-1.87901,2.95466,2.14063,2.94775,1.38613,1.10632,1.41173,1.51451,1.27406,1.57631,1.67326,1.33561,1.70476,1.74692,1.42795,1.74435,1.63625,1.377,1.55847,0.648121,0.648121,0.827087,0.827087,0.659406,1.1731,0.703087,0.474947,0.416407
2024-11-01,0.408416,2.95466,2.14063,2.94775,1.95934,1.57166,1.9948,2.15661,1.8204,2.25573,2.14201,1.66112,2.14616,1.99918,1.61649,1.99263,2.17169,1.86653,2.08014,0.875087,0.875087,1.01399,1.01399,0.980964,1.18873,1.01848,0.590402,0.470823
2024-11-04,-0.281605,2.95466,2.14063,2.94775,1.88546,1.51168,1.91965,2.07565,1.75151,2.17101,2.04295,1.5843,2.04691,2.01547,1.62966,2.00887,1.93952,1.65849,1.85521,0.814911,0.814911,0.9572,0.9572,0.854729,1.18873,0.978343,0.5631,0.474661
2024-11-05,1.2191,2.95466,2.14063,2.94775,1.82453,1.46222,1.85767,2.00889,1.69469,2.10118,1.90721,1.47903,1.9109,1.90641,1.54148,1.90017,1.7547,1.50944,1.68112,0.731896,0.731896,0.935245,0.935245,0.792271,1.18873,0.945239,0.525685,0.448976
2024-11-06,2.49813,2.95466,2.14063,2.94775,1.92516,1.54391,1.96004,2.11916,1.78853,2.21631,2.15534,1.67146,2.15952,2.01977,1.63314,2.01315,1.93792,1.66253,1.8553,0.756066,0.756066,0.94431,0.94431,0.860757,1.18873,0.999913,0.594077,0.475672
2024-11-07,0.740376,2.95466,2.14063,2.94775,2.53443,2.03853,2.5798,2.78677,2.35671,2.91332,2.59351,2.01125,2.59853,2.23474,1.80695,2.22742,2.2447,1.92378,2.14843,0.76489,0.76489,0.853039,0.853039,0.984792,1.18873,1.33093,0.714849,0.526299
2024-11-08,0.374979,2.95466,2.14063,2.94775,2.45444,1.97359,2.49843,2.69912,2.28211,2.82185,2.4764,1.92043,2.48119,2.19011,1.77087,2.18294,2.08775,1.78511,1.99696,0.783832,0.783832,0.845823,0.845823,0.895827,1.18873,1.28747,0.682569,0.51579
2024-11-11,0.0968601,2.95466,2.14063,2.94775,2.3434,1.88345,2.38548,2.57745,2.17856,2.69451,2.41275,1.87108,2.41742,2.08447,1.68545,2.07764,1.94966,1.6566,1.86174,0.715571,0.715571,0.865527,0.865527,0.806974,1.18873,1.22714,0.665027,0.49091
2024-11-12,-0.289686,2.95466,2.14063,2.94775,2.23095,1.79216,2.27109,2.45423,2.0737,2.56618,2.20481,1.70982,2.20909,2.23805,1.80963,2.23071,1.8888,1.61609,1.80699,0.716577,0.716577,0.854234,0.854234,0.826736,1.18873,1.16605,0.607714,0.527079
2024-11-13,0.0232209,2.95466,2.14063,2.94775,2.14463,1.72208,2.18328,2.35964,1.9932,2.46693,2.15596,1.67194,2.16013,2.08951,1.68953,2.08267,1.93188,1.6457,1.84602,0.683378,0.683378,0.886227,0.886227,0.831185,1.18873,1.11915,0.594247,0.492097
2024-11-14,-0.606812,2.95466,2.14063,2.94775,2.0459,1.64193,2.08286,2.25146,1.90113,2.35378,2.06236,1.59935,2.06636,1.89832,1.53493,1.8921,1.78441,1.51169,1.70259,0.648437,0.648437,0.867473,0.867473,0.748069,1.18873,1.06551,0.56845,0.447069
2024-11-15,-1.32914,2.95466,2.14063,2.94775,2.01926,1.62031,2.05576,2.22227,1.87629,2.32279,2.10061,1.62901,2.10468,1.93368,1.56352,1.92734,1.87272,1.59123,1.78827,0.699451,0.699451,0.859669,0.859669,0.792825,1.18873,1.05103,0.578992,0.455397
2024-11-18,0.391016,2.95466,2.14063,2.94775,2.18971,1.75868,2.22914,2.40904,2.03524,2.51854,2.26386,1.75561,2.26824,1.90554,1.54078,1.8993,2.00941,1.72583,1.92434,0.809236,0.809236,0.989942,0.989942,0.904126,1.19109,1.1489,0.623987,0.448772
2024-11-19,0.395576,2.95466,2.14063,2.94775,2.09786,1.68411,2.13571,2.30839,1.94958,2.4127,2.19019,1.69849,2.19444,2.01832,1.63197,2.01171,1.92891,1.65866,1.84783,0.744515,0.744515,0.922759,0.922759,0.874925,1.19109,1.09878,0.603683,0.475331
2024-11-20,0.00219535,2.95466,2.14063,2.94775,2.01285,1.6151,2.04924,2.21525,1.87031,2.31463,2.1214,1.64514,2.12551,1.97262,1.59501,1.96615,1.88794,1.61098,1.80485,0.685821,0.685821,0.905009,0.905009,0.813195,1.19109,1.0524,0.584722,0.464568
2024-11-21,0.532625,2.95466,2.14063,2.94775,1.92347,1.54254,1.95831,2.1173,1.78695,2.21181,2.08893,1.61996,2.09298,2.04375,1.65253,2.03706,1.8258,1.55467,1.74446,0.659147,0.659147,0.800338,0.800338,0.772208,1.19109,1.00364,0.575773,0.481321
2024-11-22,0.346195,2.95466,2.14063,2.94775,1.86522,1.49525,1.89906,2.05347,1.73263,2.14525,2.04693,1.58738,2.05089,1.96704,1.5905,1.9606,1.8517,1.56855,1.76675,0.647851,0.647851,0.787646,0.787646,0.766632,1.19109,0.971855,0.564195,0.463255
2024-11-25,0.301593,2.95466,2.14063,2.94775,1.79339,1.43694,1.826,1.97477,1.66565,2.06211,2.01334,1.56134,2.01724,1.89834,1.53495,1.89212,1.81053,1.53403,1.72758,0.581153,0.581153,0.812813,0.812813,0.750895,1.19109,0.932669,0.554938,0.447074
2024-11-26,0.57057,2.95466,2.14063,2.94775,1.7686,1.40801,1.80527,1.9353,1.62956,1.99088,1.96045,1.52032,1.96425,1.91657,1.54969,1.91029,1.7498,1.483,1.66976,0.561,0.561,0.865706,0.865706,0.727014,1.19109,0.897227,0.540359,0.451369
2024-11-27,-0.380849,2.95466,2.14063,2.94775,1.73323,1.37947,1.7692,1.89677,1.59682,1.95079,1.91779,1.48724,1.9215,1.92707,1.55818,1.92076,1.62979,1.39481,1.55929,0.570179,0.570179,0.876422,0.876422,0.70939,1.19109,0.878364,0.5286,0.453842
2024-11-29,0.559213,2.95466,2.14063,2.94775,1.70195,1.35423,1.73731,1.8627,1.56754,1.91457,1.93264,1.49876,1.93639,1.91631,1.54948,1.91003,1.74426,1.47823,1.66445,0.609712,0.609712,0.879398,0.879398,0.720101,1.19109,0.861681,0.532695,0.451307
2024-12-02,0.244546,2.95466,2.14063,2.94775,1.67074,1.32905,1.70549,1.8287,1.51488,1.87928,1.90913,1.48052,1.91283,2.0173,1.63114,2.01069,1.70095,1.44063,1.62286,0.600554,0.600554,0.837403,0.837403,0.701237,1.19109,0.845037,0.526214,0.475091
2024-12-03,0.045135,2.95466,2.14063,2.94775,1.61259,1.28213,1.6462,1.76536,1.46015,1.81421,1.87192,1.45167,1.87555,1.87893,1.51926,1.87277,1.60284,1.35797,1.52938,0.621522,0.621522,0.80978,0.80978,0.657921,1.19109,0.814026,0.515958,0.442504
2024-12-04,0.603317,2.95466,2.14063,2.94775,1.55569,1.23622,1.58818,1.70338,1.40832,1.75026,1.8525,1.43661,1.85609,1.88694,1.52574,1.88076,1.58801,1.33348,1.51165,0.613428,0.613428,0.818314,0.818314,0.618578,1.19109,0.783679,0.510605,0.444391
2024-12-05,-0.187151,2.95466,2.14063,2.94775,1.54456,1.22724,1.57683,1.69126,1.39818,1.73746,1.8559,1.43924,1.85949,1.82719,1.47742,1.8212,1.5215,1.2904,1.45217,0.612042,0.612042,0.795138,0.795138,0.633454,1.19109,0.777746,0.511541,0.430318
2024-12-06,0.249234,2.95466,2.14063,2.94775,1.50582,1.19598,1.53733,1.64906,1.36289,1.69386,1.83236,1.42099,1.83591,1.84358,1.49067,1.83754,1.58287,1.33325,1.50798,0.645836,0.645836,0.817164,0.817164,0.636388,1.19109,0.757085,0.505053,0.434178
2024-12-09,-0.616316,2.95466,2.14063,2.94775,1.46014,1.15912,1.49075,1.5993,1.32128,1.64298,1.79253,1.3901,1.796,1.7253,1.39504,1.71965,1.50973,1.27034,1.43791,0.636918,0.636918,0.810329,0.810329,0.604203,1.19109,0.732721,0.494075,0.406323
2024-12-10,-0.296828,2.95466,2.14063,2.94775,1.50202,1.19291,1.53345,1.64492,1.35943,1.68926,1.86384,1.4454,1.86745,1.75044,1.41537,1.74471,1.64373,1.3863,1.5665,0.723738,0.723738,0.866898,0.866898,0.666183,1.19109,0.755055,0.513732,0.412244
2024-12-11,0.813261,2.95466,2.14063,2.94775,1.4795,1.17474,1.51049,1.62039,1.33892,1.66367,1.74926,1.35654,1.75265,1.81638,1.46868,1.81043,1.59291,1.34901,1.51974,0.716296,0.716296,0.860917,0.860917,0.663419,1.19109,0.743048,0.482149,0.427772
2024-12-12,-0.542872,2.95466,2.14063,2.94775,1.51892,1.20654,1.55068,1.66332,1.37482,1.70717,1.8474,1.43265,1.85098,1.7733,1.43385,1.76749,1.5297,1.30365,1.46188,0.6787,0.6787,0.833877,0.833877,0.661247,1.19109,0.764067,0.509199,0.417627
2024-12-13,-0.00264742,2.95466,2.14063,2.94775,1.53727,1.22135,1.56939,1.68331,1.39153,1.72711,1.83005,1.4192,1.8336,1.79671,1.45278,1.79083,1.5902,1.34549,1.51678,0.738287,0.738287,0.890986,0.890986,0.659518,1.19109,0.773854,0.504418,0.423141
2024-12-16,0.379217,2.95466,2.14063,2.94775,1.48709,1.18086,1.51823,1.62865,1.34583,1.67042,1.82953,1.4188,1.83308,1.67964,1.35811,1.67413,1.57393,1.33626,1.50263,0.732299,0.732299,0.901292,0.901292,0.665693,1.19109,0.747093,0.504275,0.395569
2024-12-17,-0.387148,2.95466,2.14063,2.94775,1.45257,1.15301,1.48303,1.59105,1.31438,1.63111,1.7536,1.35991,1.757,1.65591,1.33893,1.65049,1.56098,1.32247,1.48943,0.67188,0.67188,0.868172,0.868172,0.652805,1.19109,0.728682,0.483345,0.389982
2024-12-18,-2.99365,2.95466,2.14063,2.94775,1.44841,1.14966,1.47879,1.58652,1.3106,1.62566,1.75236,1.35895,1.75575,1.7817,1.44064,1.77586,1.56857,1.33351,1.49805,0.676878,0.676878,0.875301,0.875301,0.669481,1.19109,0.726466,0.483003,0.419605
2024-12-19,-0.086549,2.99368,2.16336,2.98096,2.61887,2.09407,2.67224,2.86872,2.41651,3.04604,2.21873,1.69625,2.26794,2.3177,1.85617,2.36006,2.59721,2.20737,2.48026,1.04622,1.04622,1.07908,1.07908,1.10416,1.19924,1.37778,0.601538,0.538846
2024-12-20,1.08105,2.99368,2.16336,2.98096,2.49994,1.99811,2.55097,2.73885,2.30643,2.90683,1.98438,1.51709,2.02839,1.93694,1.55124,1.97235,2.09835,1.79178,2.00638,0.78078,0.78078,0.93228,0.93228,0.913604,1.19924,1.31317,0.538001,0.450324
2024-12-23,0.726085,2.99368,2.16336,2.98096,2.48685,1.98754,2.53762,2.72456,2.29432,2.88978,2.08124,1.59113,2.12739,2.05628,1.64681,2.09387,2.08118,1.76616,1.98667,0.727584,0.727584,0.907937,0.907937,0.862678,1.19924,1.30606,0.564259,0.478069
2024-12-24,1.09822,2.99368,2.16336,2.98096,2.41477,1.92939,2.46413,2.64586,2.22761,2.80504,2.0991,1.60478,2.14565,1.98559,1.5902,2.02188,1.99824,1.69169,1.90627,0.70085,0.70085,0.871504,0.871504,0.820508,1.19924,1.2669,0.569102,0.461634
2024-12-26,-0.0405742,2.99368,2.16336,2.98096,2.44485,1.93682,2.50336,2.64805,2.22148,2.80806,2.20331,1.68068,2.25132,2.11375,1.68724,2.15178,1.84744,1.57333,1.76521,0.663425,0.663425,0.882747,0.882747,0.780183,1.19109,1.24377,0.597356,0.49143
2024-12-27,-1.11173,2.99368,2.16336,2.98096,2.33589,1.84961,2.3919,2.5304,2.12208,2.68198,2.09794,1.60031,2.14366,1.82912,1.46004,1.86203,1.91891,1.61257,1.82701,0.65492,0.65492,0.889015,0.889015,0.744988,1.19109,1.18621,0.568789,0.425255
2024-12-30,-1.07597,2.99368,2.16336,2.98096,2.399,1.90012,2.45646,2.59855,2.17965,2.7519,2.21819,1.69203,2.26653,2.1008,1.6769,2.1386,2.00904,1.70807,1.91875,0.756383,0.756383,0.947692,0.947692,0.848353,1.19109,1.21955,0.60139,0.488418
2024-12-31,-0.4294,2.99368,2.16336,2.98096,2.4451,1.93703,2.50362,2.64833,2.22171,2.80696,2.29563,1.75111,2.34566,2.0839,1.66341,2.12139,2.12348,1.8091,2.02916,0.802209,0.802209,0.982272,0.982272,0.914815,1.19109,1.2439,0.622386,0.48449
2025-01-02,-0.222637,2.99368,2.16336,2.98096,2.36547,1.87329,2.42217,2.56235,2.14907,2.71336,2.20857,1.6847,2.2567,2.06631,1.64937,2.10348,2.00842,1.71037,1.919,0.777973,0.777973,0.93403,0.93403,0.85938,1.19109,1.20184,0.598782,0.480399
2025-01-03,1.25174,2.99368,2.16336,2.98096,2.27132,1.79793,2.32585,2.46068,2.06318,2.60442,2.13914,1.63173,2.18575,2.06086,1.64502,2.09794,1.97523,1.67801,1.88607,0.775555,0.775555,0.951966,0.951966,0.835811,1.19109,1.15211,0.579958,0.479133
2025-01-06,0.552277,2.99368,2.16336,2.98096,2.32601,1.8417,2.38179,2.51973,2.11307,2.66307,2.25022,1.71647,2.29926,2.025,1.6164,2.06144,1.9005,1.6236,1.81743,0.780866,0.780866,0.904827,0.904827,0.830147,1.19109,1.181,0.610074,0.470796
2025-01-07,-1.1166,2.99368,2.16336,2.98096,2.24612,1.77775,2.30007,2.43346,2.04018,2.56845,2.19162,1.67177,2.23938,2.11039,1.68455,2.14836,1.78676,1.53591,1.7115,0.792621,0.792621,0.912171,0.912171,0.802763,1.19109,1.13879,0.594187,0.490649
2025-01-08,0.155914,2.99368,2.16336,2.98096,2.322,1.83849,2.3777,2.51541,2.10941,2.65161,2.29702,1.75217,2.34708,2.05528,1.64056,2.09226,1.95058,1.66555,1.86507,0.861022,0.861022,0.934697,0.934697,0.850309,1.19109,1.17888,0.622762,0.477835
2025-01-10,-1.55316,2.99368,2.16336,2.98096,2.21871,1.75581,2.27203,2.40387,2.01518,2.53285,2.22691,1.69869,2.27544,1.94934,1.556,1.98441,1.8291,1.57446,1.75271,0.838841,0.838841,0.914232,0.914232,0.82973,1.19109,1.12432,0.603754,0.453205
2025-01-13,0.157421,2.99368,2.16336,2.98096,2.43801,1.93135,2.49637,2.64067,2.21524,2.77927,2.3608,1.80082,2.41225,2.06705,1.64996,2.10424,2.19908,1.88817,2.10581,0.916369,0.916369,0.95253,0.95253,0.991178,1.19924,1.26162,0.640055,0.480572
2025-01-14,0.114563,2.99368,2.16336,2.98096,2.32756,1.84294,2.38338,2.52141,2.11448,2.65693,2.27546,1.73572,2.32504,2.14318,1.71073,2.18174,2.02881,1.73851,1.94172,0.87013,0.87013,0.914311,0.914311,0.89675,1.19924,1.20234,0.616917,0.498271
2025-01-15,1.81471,2.99368,2.16336,2.98096,2.22359,1.75972,2.27702,2.40913,2.01963,2.53361,2.18524,1.6669,2.23286,2.21768,1.77019,2.25758,2.06186,1.77641,1.97623,0.859782,0.859782,0.960225,0.960225,0.931237,1.19924,1.14654,0.592456,0.515592
2025-01-16,-0.211494,2.99368,2.16336,2.98096,2.46359,1.95182,2.52253,2.66829,2.23857,2.8005,2.36256,1.80216,2.41405,2.25099,1.79678,2.29148,2.13975,1.84204,2.05044,0.846627,0.846627,0.950548,0.950548,0.962427,1.19924,1.27534,0.640532,0.523336
2025-01-17,0.994149,2.99368,2.16336,2.98096,2.36216,1.87064,2.41878,2.55877,2.14605,2.68047,2.3071,1.75986,2.35738,2.12597,1.69699,2.16422,2.07295,1.77559,1.98375,0.856152,0.856152,0.960025,0.960025,0.901394,1.19924,1.22091,0.625496,0.494271
2025-01-21,0.873,2.99368,2.16336,2.98096,2.34743,1.85884,2.4037,2.53437,2.13261,2.65851,2.32751,1.77542,2.37823,2.16248,1.72613,2.20139,2.02993,1.73706,1.94207,0.803208,0.803208,0.960429,0.960429,0.882814,1.19924,1.213,0.631029,0.502759
2025-01-22,0.611918,2.99368,2.14063,2.96344,2.3112,1.82985,2.36665,2.49538,2.06928,2.61193,2.30036,1.78303,2.34972,2.13769,1.72642,2.16277,1.86984,1.61534,1.79349,0.80199,0.80199,0.939114,0.939114,0.846793,1.19109,1.17318,0.634048,0.503444
2025-01-23,0.529943,2.99368,2.14063,2.96344,2.23914,1.77216,2.29293,2.41781,2.00444,2.53053,2.29868,1.78173,2.348,2.024,1.63461,2.04774,1.96553,1.67124,1.87725,0.758484,0.758484,0.927145,0.927145,0.814092,1.19109,1.13511,0.633586,0.476669
2025-01-24,-0.285923,2.99368,2.14063,2.96344,2.16314,1.71133,2.21518,2.33601,1.93607,2.44948,2.27572,1.76393,2.32455,2.10669,1.70139,2.1314,1.79169,1.53454,1.71454,0.776898,0.776898,0.920505,0.920505,0.784146,1.18873,1.08905,0.627257,0.496143
2025-01-27,-1.46881,2.99368,2.14063,2.96344,2.08838,1.65149,2.1387,2.25554,1.8688,2.36719,2.22732,1.72642,2.27512,2.03779,1.64574,2.06169,1.89633,1.61242,1.81116,0.79937,0.79937,0.913099,0.913099,0.803425,1.18873,1.05,0.613918,0.479916
2025-01-28,0.917564,2.99368,2.14063,2.96344,2.3001,1.82651,2.35264,2.47644,2.0596,2.61239,2.32086,1.79892,2.37066,2.19467,1.77244,2.22042,2.06681,1.76448,1.97611,0.88198,0.88198,0.963282,0.963282,0.896198,1.19109,1.1668,0.639698,0.516863
2025-01-29,-0.468987,2.99368,2.14063,2.96344,2.27605,1.8072,2.32806,2.45062,2.03796,2.58291,2.3521,1.82313,2.40257,2.07544,1.67615,2.09979,2.02241,1.72312,1.93262,0.804244,0.804244,0.953652,0.953652,0.865857,1.19109,1.15412,0.648309,0.488784
2025-01-30,0.526154,2.99368,2.14063,2.96344,2.2115,1.75541,2.26209,2.38132,1.97989,2.50986,2.28788,1.77336,2.33697,2.10461,1.69971,2.1293,1.92458,1.64545,1.84084,0.722587,0.722587,0.941949,0.941949,0.839071,1.19109,1.12008,0.630609,0.495653
2025-01-31,-0.50596,2.99368,2.14063,2.96344,2.13489,1.69393,2.18381,2.29908,1.91097,2.42103,2.26631,1.75664,2.31494,2.13764,1.72638,2.16271,1.85028,1.58724,1.77137,0.686921,0.686921,0.916578,0.916578,0.824864,1.19109,1.07968,0.624664,0.503431
2025-02-03,-0.76377,2.99368,2.14063,2.96344,2.08765,1.65602,2.13553,2.24837,1.86847,2.36615,2.23251,1.73044,2.28041,2.07433,1.67525,2.09866,1.99024,1.70132,1.90356,0.660038,0.660038,0.944304,0.944304,0.867323,1.19109,1.05478,0.615347,0.488522
2025-02-04,0.719891,2.99368,2.14063,2.96344,2.094,1.66112,2.14202,2.25519,1.87418,2.37061,2.26988,1.7594,2.31859,2.18587,1.76534,2.21152,1.93615,1.66276,1.85414,0.704254,0.704254,0.945536,0.945536,0.871348,1.19109,1.05812,0.625647,0.514791
2025-02-05,0.390105,2.99368,2.14063,2.96344,2.05343,1.62856,2.10056,2.21163,1.83768,2.3221,2.28939,1.77453,2.33852,2.15484,1.74028,2.18012,1.91599,1.64016,1.83324,0.614005,0.614005,0.914587,0.914587,0.845819,1.19109,1.03673,0.631025,0.507483
2025-02-06,0.363767,2.99368,2.14063,2.96344,1.9756,1.5661,2.02102,2.12807,1.76765,2.23172,2.22422,1.72402,2.27195,2.16895,1.75167,2.1944,1.93491,1.64995,1.84942,0.563842,0.563842,0.92977,0.92977,0.835453,1.19109,0.995687,0.613063,0.510806
2025-02-07,-0.950985,2.99368,2.14063,2.96344,1.90138,1.50654,1.94518,2.04839,1.70088,2.14588,2.19195,1.699,2.23898,2.14467,1.73206,2.16983,1.92481,1.64306,1.84029,0.57452,0.57452,0.912998,0.912998,0.82325,1.19109,0.95655,0.604167,0.505087
2025-02-10,0.669011,2.99368,2.14063,2.96344,1.9783,1.56827,2.02379,2.13097,1.77009,2.22923,2.23082,1.72913,2.27869,2.05043,1.65595,2.07449,1.92736,1.66093,1.84743,0.654126,0.654126,0.912229,0.912229,0.871966,1.19109,0.997112,0.614882,0.482894
2025-02-11,0.0339532,2.99368,2.14063,2.96344,1.93983,1.5374,1.98447,2.08967,1.73547,2.18312,2.27109,1.76034,2.31982,2.10159,1.69727,2.12624,1.91772,1.64182,1.83495,0.599148,0.599148,0.919928,0.919928,0.835123,1.19109,0.976824,0.62598,0.494941
2025-02-12,-0.272759,2.99368,2.14063,2.96344,1.85855,1.47218,1.90141,2.00241,1.66234,2.08999,2.16474,1.67791,2.21119,1.99147,1.60834,2.01484,1.8885,1.61311,1.80588,0.633321,0.633321,0.916395,0.916395,0.815942,1.19109,0.933963,0.596667,0.469009
2025-02-13,1.03723,2.99368,2.14063,2.96344,1.80289,1.42751,1.84453,1.90795,1.61227,2.025,2.1086,1.63439,2.15384,2.03566,1.64402,2.05954,1.80916,1.55737,1.73362,0.654368,0.654368,0.914782,0.914782,0.809927,1.19109,0.904615,0.581193,0.479415
2025-02-14,-0.00719396,2.99368,2.14063,2.96344,1.8629,1.47567,1.90585,1.97127,1.66626,2.09115,2.15758,1.67236,2.20388,2.11152,1.70529,2.13629,1.86649,1.59463,1.78493,0.640411,0.640411,0.902882,0.902882,0.80279,1.19109,0.936255,0.594695,0.497281
2025-02-18,0.2442,2.99368,2.14063,2.96344,1.78801,1.41557,1.82933,1.89225,1.59888,2.00435,2.09677,1.62523,2.14176,2.08191,1.68138,2.10634,1.7896,1.53654,1.71368,0.670083,0.670083,0.907891,0.907891,0.793007,1.19109,0.896766,0.577933,0.490308
2025-02-19,0.237414,2.99368,2.14063,2.96344,1.72012,1.36109,1.75995,1.8206,1.5378,1.92876,2.08844,1.61877,2.13325,1.90764,1.54063,1.93002,1.84334,1.573,1.76224,0.685747,0.685747,0.897811,0.897811,0.792835,1.19109,0.860966,0.575636,0.449265
2025-02-20,-0.434361,2.99368,2.13785,2.94991,1.6569,1.31036,1.69534,1.75389,1.471,1.85139,2.00178,1.56835,2.03614,1.8881,1.54302,1.89378,1.83685,1.56377,1.75493,0.658226,0.658226,0.90013,0.90013,0.778586,1.18873,0.826267,0.568196,0.450058
2025-02-21,-1.72114,2.99368,2.13785,2.94991,1.64188,1.29831,1.68,1.73804,1.45757,1.8347,2.00362,1.5698,2.03802,1.87456,1.53196,1.88021,1.85133,1.57871,1.76954,0.716981,0.716981,0.898824,0.898824,0.789816,1.18873,0.81786,0.56872,0.446832
2025-02-24,-0.49815,2.99368,2.13785,2.94991,2.06931,1.64131,2.11679,2.1891,1.85197,2.3223,2.12818,1.69874,2.16989,1.88032,1.537,1.89356,1.99094,1.7132,1.90762,0.873073,0.873073,0.923277,0.923277,0.890855,1.19109,1.07049,0.604075,0.448205
2025-02-25,-0.469072,2.99368,2.13785,2.94991,2.02658,1.60702,2.07312,2.14401,1.81352,2.27457,2.09061,1.66875,2.13159,2.01645,1.64827,2.03065,1.89975,1.64227,1.8225,0.794822,0.794822,0.919571,0.919571,0.87405,1.19109,1.04677,0.593411,0.480654
2025-02-26,0.0136022,2.99368,2.13785,2.94991,1.94491,1.55009,1.98553,2.12116,1.77877,2.20644,2.07633,1.65736,2.11703,2.01283,1.64531,2.02701,1.94372,1.67169,1.86211,0.809871,0.809871,0.921979,0.921979,0.872396,1.18873,1.0121,0.589359,0.479791
2025-02-27,-1.59918,2.99368,2.13785,2.94991,1.87221,1.49148,1.91139,2.04219,1.712,2.12449,2.00987,1.60431,2.04927,1.94728,1.59173,1.961,1.90204,1.63042,1.82056,0.814981,0.814981,0.928497,0.928497,0.83732,1.1731,0.954265,0.570494,0.464166
2025-02-28,1.57298,2.99368,2.13785,2.94991,2.1401,1.70747,2.18462,2.33324,1.95806,2.42696,2.15231,1.718,2.19449,2.08152,1.70349,2.09642,2.22112,1.91083,2.12804,0.966908,0.966908,0.95754,0.95754,0.99789,1.18873,1.11796,0.610923,0.496164
2025-03-03,-1.77534,2.99368,2.13785,2.94991,2.29005,1.82838,2.33756,2.49616,2.09579,2.5961,2.16794,1.73048,2.21044,2.14949,1.75911,2.16487,2.22193,1.89778,2.12468,0.873211,0.873211,0.948124,0.948124,0.963125,1.18873,1.19929,0.615362,0.512365
2025-03-04,-1.23103,2.99368,2.13785,2.94991,2.54135,2.031,2.59386,2.76918,2.3266,2.87974,2.45597,1.96137,2.50611,2.38332,1.95657,2.40086,2.36964,2.03507,2.26927,0.892573,0.892573,0.981766,0.981766,1.049,1.19109,1.34065,0.697117,0.568103
2025-03-05,1.10975,2.99368,2.13785,2.94991,2.59757,2.07632,2.6512,2.83026,2.37823,2.94307,2.48667,1.98588,2.53743,2.50825,2.05913,2.52671,2.30215,1.98443,2.20684,0.916669,0.916669,0.944576,0.944576,1.05219,1.19924,1.37124,0.70583,0.597882
2025-03-06,-1.79797,2.99368,2.13785,2.94991,2.58291,2.06451,2.63625,2.81434,2.36477,2.9265,2.63193,2.10189,2.68566,2.7007,2.21712,2.72058,2.13786,1.8423,2.04919,0.820943,0.820943,0.943821,0.943821,0.965181,1.19924,1.36327,0.747063,0.643757
2025-03-07,0.550544,2.99368,2.13785,2.94991,2.79233,2.23336,2.84985,3.04187,2.55712,3.16262,3.04837,2.43446,3.1106,3.35129,2.75121,3.37595,2.36969,2.03338,2.2688,0.957493,0.957493,0.952904,0.952904,1.05346,1.20935,1.4792,0.865266,0.798834
2025-03-10,-2.73435,2.99368,2.13785,2.94991,2.69003,2.15088,2.74551,2.93073,2.46316,3.04705,2.46848,1.97136,2.51888,2.74396,2.25264,2.76416,2.08155,1.80188,1.99765,0.777444,0.777444,0.934207,0.934207,0.972271,1.20935,1.42345,0.700669,0.654069
2025-03-11,-0.759666,2.99368,2.14063,2.97368,3.22402,2.58143,3.29014,3.51089,2.96345,3.66182,3.7124,2.88592,3.72289,3.60316,2.95946,3.65494,2.79728,2.39641,2.67702,1.04193,1.04193,1.05671,1.05671,1.21008,1.21066,1.72361,1.02325,0.858872
2025-03-12,0.487497,2.99368,2.14063,2.97368,3.13595,2.51042,3.20032,3.4152,2.8823,3.56186,3.11435,2.42101,3.12315,3.14916,2.58657,3.19442,2.52176,2.17576,2.41796,1.07006,1.07006,1.02129,1.02129,1.16138,1.21066,1.67537,0.85841,0.750654
2025-03-13,-1.39884,2.99368,2.14063,2.97368,3.00944,2.40842,3.07129,3.27775,2.76572,3.41907,2.77844,2.15988,2.78629,2.629,2.15934,2.66678,2.41923,2.06809,2.31388,0.86841,0.86841,1.02667,1.02667,1.04672,1.20935,1.59751,0.765823,0.626666
2025-03-14,2.10429,2.99368,2.14063,2.97368,3.0542,2.44451,3.11694,3.32638,2.80696,3.4694,2.87939,2.23835,2.88752,2.96573,2.43591,3.00835,2.53999,2.17477,2.43042,1.11123,1.11123,1.05124,1.05124,1.10744,1.21066,1.6219,0.793647,0.706931
2025-03-17,0.639564,2.99368,2.14063,2.97368,3.22989,2.58617,3.29613,3.51726,2.96886,3.668,3.3965,2.64034,3.4061,3.94214,3.23788,3.99878,2.53871,2.18927,2.43388,1.02871,1.02871,0.97594,0.97594,1.14491,1.21066,1.71765,0.936178,0.939672
2025-03-18,-1.07107,2.99368,2.14063,2.97368,3.10902,2.48871,3.17285,3.38594,2.85748,3.53107,3.13311,2.43559,3.14196,3.1996,2.628,3.24558,2.36392,2.03364,2.26484,0.965438,0.965438,1.00344,1.00344,1.04798,1.21066,1.65178,0.86358,0.762678
2025-03-19,1.07406,2.99368,2.14063,2.97368,3.07738,2.4632,3.14058,3.35156,2.82833,3.49497,3.22012,2.50323,3.22922,3.13679,2.57641,3.18187,2.47733,2.13775,2.37546,1.09605,1.09605,1.00256,1.00256,1.12516,1.21066,1.63453,0.887564,0.747705
2025-03-20,-0.218728,2.99368,2.14063,2.97368,3.01778,2.41514,3.07979,3.28681,2.77341,3.42711,3.18735,2.47776,3.19636,3.27718,2.69172,3.32428,2.46059,2.13328,2.3624,0.993991,0.993991,1.0097,1.0097,1.14322,1.21066,1.60205,0.878531,0.78117
2025-03-21,0.0824327,2.99368,2.14063,2.97368,2.89319,2.31469,2.95272,3.15145,2.6586,3.28679,2.85956,2.22294,2.86764,2.75626,2.26386,2.79587,2.33286,2.00531,2.23459,1.04738,1.04738,1.02193,1.02193,1.03197,1.21066,1.53416,0.788181,0.657
2025-03-24,1.74921,2.99368,2.14063,2.97368,2.76724,2.21314,2.82426,3.01461,2.54255,3.14372,2.5807,2.00616,2.58799,2.5003,2.05362,2.53623,2.13877,1.83562,2.04783,0.949807,0.949807,1.03687,1.03687,0.940647,1.21066,1.46553,0.71132,0.595986
2025-03-25,0.15731,2.99368,2.14063,2.97368,2.88108,2.30492,2.94037,3.13829,2.64744,3.272,2.78623,2.16594,2.79411,2.80629,2.30495,2.84662,2.46572,2.12561,2.36369,0.95731,0.95731,0.99589,0.99589,1.11084,1.21066,1.52756,0.767971,0.668925
2025-03-26,-1.12196,2.99368,2.14063,2.97368,2.77681,2.22333,2.83292,2.96991,2.54564,3.13109,2.59201,2.01495,2.59933,2.44838,2.01098,2.48356,2.35031,2.02308,2.25214,0.938495,0.938495,0.985947,0.985947,1.04425,1.21066,1.47145,0.714435,0.583611
2025-03-27,-0.331245,2.99368,2.14063,2.97368,2.78755,2.232,2.84387,2.98137,2.55551,3.14322,2.67364,2.07841,2.6812,2.65379,2.1797,2.69192,2.38255,2.05129,2.28317,0.889889,0.889889,0.983593,0.983593,1.06034,1.21066,1.4773,0.736937,0.632574
2025-03-28,-1.99346,2.99368,2.14063,2.97368,2.67361,2.14004,2.7277,2.85976,2.45075,3.01564,2.52896,1.96594,2.5361,2.55895,2.1018,2.59572,2.34303,2.01335,2.24412,0.887474,0.887474,0.973175,0.973175,1.03332,1.21066,1.41522,0.697057,0.609967
2025-03-31,0.552325,2.99368,2.14063,2.97368,2.9612,2.37214,3.02092,3.16671,2.71517,3.33806,2.84618,2.24379,2.85422,2.90077,2.38255,2.94245,2.56429,2.21216,2.45865,1.06497,1.06497,1.0213,1.0213,1.16396,1.222,1.58535,0.784493,0.691445
2025-04-01,0.37741,2.99368,2.14063,2.97368,2.83923,2.27371,2.89656,3.03653,2.60303,3.20025,2.70805,2.1349,2.7157,2.52833,2.07665,2.56466,2.43986,2.11246,2.34164,1.02277,1.02277,1.01145,1.01145,1.12688,1.222,1.51834,0.746419,0.602669
2025-04-02,0.670566,2.99368,2.14063,2.97368,2.71264,2.17155,2.7675,2.90142,2.48665,3.05733,2.5568,2.01566,2.56403,2.41868,1.98659,2.45344,2.19193,1.87609,2.09718,0.933869,0.933869,1.00274,1.00274,0.936,1.222,1.4488,0.704732,0.576533
2025-04-03,-4.96059,2.99368,2.14063,2.97368,2.61926,2.09618,2.67229,2.80175,2.40079,2.95197,2.57332,2.02869,2.5806,2.35928,1.9378,2.39318,2.26113,1.93719,2.16395,0.927036,0.927036,1.00106,1.00106,0.980737,1.222,1.3975,0.709286,0.562373
2025-04-04,-6.16091,2.99672,2.16336,3.08558,4.43474,3.56133,4.52328,4.81236,4.0999,5.15807,4.2422,3.30586,4.37406,4.49482,3.66813,4.73153,4.96062,4.11623,4.7073,1.49079,1.49079,1.39162,1.39162,1.7933,1.22354,2.40062,1.15013,1.05857
2025-04-07,-0.23342,3.04484,2.17154,3.24528,6.20242,4.98789,6.32555,6.73165,5.74641,7.31923,15.6872,12.1269,16.3942,9.35632,7.55593,9.92713,10.7513,8.75026,10.151,2.4006,2.4006,3.53105,3.53105,3.5405,1.2253,3.38195,4.20153,2.17527
2025-04-08,-1.58251,3.04484,2.17154,3.24528,5.88667,4.73307,6.00361,6.38914,5.45353,6.94538,6.04196,4.67071,6.31428,3.48237,2.81228,3.69483,5.62196,4.65321,5.33134,1.23619,1.23619,1.36123,1.36123,1.95784,1.2253,3.2077,1.61823,0.809623
2025-04-09,9.08949,3.04484,2.17154,3.24528,5.71491,4.59446,5.8285,6.20288,5.29422,6.74291,5.36001,4.14353,5.60159,3.63968,2.93931,3.86173,4.86253,4.02743,4.612,1.25406,1.25406,1.6706,1.6706,1.72612,1.23141,3.11291,1.43559,0.846195
2025-04-10,-3.52206,3.04484,2.17154,3.24528,8.51697,6.85579,8.68537,9.23517,7.8929,10.033,16.0604,12.4154,16.7842,9.08603,7.33765,9.64036,12.4265,10.1886,11.7551,1.59015,1.59015,1.55257,1.55257,4.29293,1.23141,4.65927,4.30149,2.11243
2025-04-11,1.79304,3.25664,2.29979,3.29421,8.4939,6.83718,8.66186,9.21018,7.87125,10.0017,12.1648,9.40394,12.7131,7.75436,6.26223,8.22744,9.92867,8.21935,9.41587,1.57264,1.57264,2.13297,2.13297,3.72821,1.23549,4.64654,3.25813,1.80282
2025-04-14,0.791331,3.25664,2.29979,3.29421,8.14659,6.55689,8.30774,8.83388,7.54894,9.59038,9.25016,7.15079,9.66707,6.67288,5.38885,7.07999,10.4541,8.58227,9.89257,1.51648,1.51648,1.39483,1.39483,3.76699,1.23549,4.45487,2.47749,1.55139
2025-04-15,-0.172927,3.25664,2.29979,3.29421,7.73917,6.22809,7.89235,8.39247,7.17092,9.10903,8.20068,6.33949,8.57029,4.84233,3.91055,5.13776,8.69503,7.24755,8.26079,1.42763,1.42763,1.26327,1.26327,3.31684,1.23549,4.23003,2.19641,1.1258
2025-04-16,-2.26633,3.25664,2.29979,3.29421,7.33904,5.90518,7.4844,7.95897,6.79977,8.63795,6.20977,4.80043,6.48965,3.48908,2.81769,3.70194,7.10247,5.98172,6.76625,1.08153,1.08153,1.21867,1.21867,2.74851,1.23549,4.00803,1.66318,0.811182
2025-04-17,0.132596,3.25664,2.29979,3.29421,7.16749,5.76673,7.30949,7.7731,6.64057,8.43485,7.23052,5.58951,7.5564,4.54245,3.66837,4.81958,6.66839,5.61736,6.35308,1.31271,1.31271,1.61771,1.61771,2.72454,1.2433,3.90521,1.93657,1.05608
2025-04-21,-2.38496,3.25664,2.29979,3.29421,6.79536,5.46641,6.93009,7.36993,6.29502,7.99113,6.61165,5.1111,6.90963,3.32833,2.68788,3.53139,6.12796,5.20386,5.85073,1.08018,1.08018,1.49739,1.49739,2.49529,1.2433,3.70033,1.77081,0.77381
2025-04-22,2.4807,3.25664,2.34319,3.29593,6.6917,5.38275,6.8244,7.25762,6.19839,7.86229,7.34813,5.68043,7.67931,4.07335,3.28954,4.32186,6.27384,5.33233,5.99139,1.58145,1.58145,1.56861,1.56861,2.58881,1.26346,3.64326,1.96807,0.94702
2025-04-23,1.65239,3.25664,2.34319,3.29593,6.58013,5.29271,6.71064,7.13674,6.08658,7.72492,7.27155,5.62123,7.59928,4.87798,3.93934,5.17558,6.80137,5.739,6.48266,1.6825,1.6825,1.29389,1.29389,2.77648,1.26346,3.58183,1.94756,1.13409
2025-04-24,2.00566,3.25664,2.34319,3.29593,6.67599,5.28788,6.85271,6.87685,5.94605,7.57951,6.69239,5.17351,6.99402,4.96236,4.00748,5.26511,6.29298,5.32575,6.00281,1.63308,1.63308,1.13618,1.13618,2.59782,1.26346,3.53086,1.79244,1.15371
2025-04-25,0.73461,3.25664,2.34319,3.29593,6.48564,5.1366,6.65739,6.68085,5.77625,7.36008,7.17643,5.5477,7.49988,5.59925,4.52181,5.94085,6.47641,5.47424,6.17576,1.38665,1.38665,1.06838,1.06838,2.56419,1.26346,3.42902,1.92208,1.30178
2025-04-28,0.0640494,3.25664,2.34319,3.29593,6.14503,4.86588,6.30788,6.33011,5.43269,6.96814,5.5652,4.30215,5.81602,5.00666,4.04325,5.31211,5.89712,4.96728,5.61816,1.22889,1.22889,1.07614,1.07614,2.29762,1.26346,3.24677,1.49054,1.16401
2025-04-29,0.578565,3.25664,2.34319,3.29593,5.80251,4.59365,5.95641,5.97742,5.12644,6.57987,4.90407,3.79107,5.1251,3.59524,2.90343,3.81459,6.32431,5.18233,5.98171,1.10995,1.10995,1.11589,1.11589,2.09554,1.26346,3.06351,1.31347,0.835865
2025-04-30,0.14789,3.25664,2.34319,3.29593,5.49376,4.34825,5.63959,5.65948,4.85312,6.22928,4.22146,3.26337,4.41172,3.56449,2.8786,3.78196,5.71561,4.71033,5.41402,1.04623,1.04623,0.947803,0.947803,1.98486,1.26346,2.89831,1.13064,0.828715
2025-05-01,0.627933,3.25664,2.34319,3.29593,5.18929,4.10627,5.32717,5.34597,4.5836,5.88407,3.42085,2.64447,3.57502,2.99084,2.41533,3.17331,4.18109,3.40361,3.94785,1.01189,1.01189,1.12736,1.12736,1.35508,1.26346,2.73541,0.916214,0.695345
2025-05-02,1.46192,3.25664,2.34319,3.29593,4.92119,3.89318,5.05206,5.0699,4.34626,5.57989,3.04019,2.3502,3.17721,2.74829,2.21945,2.91596,3.9746,3.24817,3.75667,0.908386,0.908386,0.970363,0.970363,1.31224,1.26346,2.59196,0.814262,0.638955
2025-05-05,-0.640204,3.25664,2.34319,3.29593,4.77677,3.7784,4.90388,4.9212,4.21842,5.41659,3.31004,2.55881,3.45923,3.18665,2.57346,3.38106,3.24,2.65289,3.06387,0.9392,0.9392,1.08097,1.08097,1.08167,1.26346,2.5147,0.886537,0.740869
2025-05-06,-0.772298,3.25664,2.34319,3.29593,4.55118,3.5991,4.67238,4.6889,4.01871,5.16101,2.87539,2.2228,3.00498,3.15099,2.54466,3.34322,3.76264,3.09128,3.56124,0.997472,0.997472,1.39284,1.39284,1.29275,1.26346,2.39399,0.770122,0.732578
2025-05-07,0.433693,3.25664,2.34319,3.29593,4.35594,3.44392,4.47205,4.48793,3.84588,4.94528,2.71171,2.08758,2.81896,2.95965,2.41531,3.14885,3.4249,2.82792,3.24581,1.07877,1.07877,1.26038,1.26038,1.22552,1.2433,2.28581,0.726285,0.697023
2025-05-08,0.578301,3.25664,2.34319,3.29593,4.12732,3.26222,4.23745,4.25252,3.6435,4.68647,2.42247,1.86491,2.51827,2.8956,2.36304,3.0807,3.17749,2.65988,3.02221,1.1649,1.1649,1.12545,1.12545,1.22448,1.2433,2.16368,0.648816,0.681938
2025-05-09,-0.0711719,3.25664,2.34319,3.29593,3.92253,3.09946,4.02732,4.04166,3.46222,4.45574,2.32086,1.78669,2.41264,2.73252,2.22995,2.9072,2.65109,2.19847,2.51531,1.17539,1.17539,1.10181,1.10181,0.961801,1.2433,2.05428,0.621601,0.643532
2025-05-12,3.204,3.25664,2.34319,3.29593,3.71283,2.93279,3.81213,3.82571,3.27658,4.21637,2.16907,1.66983,2.25485,2.32403,1.8966,2.4726,2.28674,1.8977,2.17003,1.0248,1.0248,1.003,1.003,0.82647,1.2433,1.94225,0.580948,0.547329
2025-05-13,0.722207,3.25664,2.34319,3.29593,4.2976,3.39756,4.41218,4.42784,3.79424,4.8778,3.26716,2.51518,3.39637,3.46007,2.82369,3.68125,4.12569,3.43586,3.91874,1.22647,1.22647,1.08044,1.08044,1.53855,1.2433,2.25464,0.875051,0.814876
2025-05-14,0.10239,3.25664,2.34319,3.29593,4.09441,3.23606,4.20368,4.21858,3.61437,4.64541,2.74085,2.11001,2.84925,2.81951,2.30094,2.99975,3.4673,2.89555,3.29578,1.04677,1.04677,1.03303,1.03303,1.29956,1.2433,2.14609,0.734089,0.664019
2025-05-15,0.412382,3.25664,2.34319,3.29593,3.87225,3.0595,3.97573,3.98983,3.41771,4.39341,2.53122,1.94863,2.63133,2.69572,2.19992,2.86804,3.15924,2.63097,3.00076,0.920779,0.920779,1.0019,1.0019,1.1719,1.2433,2.02742,0.677944,0.634865
2025-05-16,0.698085,3.25664,2.34319,3.29593,3.67243,2.90068,3.77068,3.78404,3.24051,4.16452,2.32763,1.7919,2.41968,2.56009,2.08924,2.72374,2.57958,2.16012,2.45374,0.785702,0.785702,0.915609,0.915609,0.981647,1.2433,1.92066,0.623415,0.602922
2025-05-19,0.0875727,3.25664,2.34319,3.29593,3.50914,2.77089,3.60312,3.61589,3.08714,3.97928,2.39501,1.84377,2.48973,2.62445,2.14176,2.79221,2.6535,2.17462,2.50983,0.696231,0.696231,0.902445,0.902445,0.882563,1.2433,1.83343,0.641463,0.618079
2025-05-20,-0.388777,3.25664,2.34319,3.29593,3.32228,2.62238,3.41138,3.42345,2.89087,3.76777,2.35482,1.81283,2.44795,2.40684,1.96417,2.5607,2.23924,1.84014,2.11951,0.666244,0.666244,0.904276,0.904276,0.759136,1.2433,1.73361,0.630698,0.566831
2025-05-21,-1.62667,3.25664,2.34319,3.29593,3.16949,2.50094,3.2546,3.26608,2.7574,3.59474,2.17621,1.67533,2.26228,2.32069,1.89387,2.46904,2.61565,2.15052,2.47611,0.630314,0.630314,0.80013,0.80013,0.905352,1.2433,1.65198,0.58286,0.546543
2025-05-22,-0.044497,3.25664,2.34319,3.29593,3.17467,2.49439,3.26572,3.24432,2.78139,3.57296,2.63532,2.02877,2.73954,2.38134,1.94336,2.53356,3.38913,2.80657,3.21437,0.914041,0.914041,0.96252,0.96252,1.22916,1.26346,1.65434,0.705825,0.560825
2025-05-23,-0.673091,3.25664,2.34319,3.29593,3.00059,2.35656,3.08679,3.06653,2.62827,3.37742,2.37103,1.82531,2.46479,2.08899,1.70478,2.22253,3.04106,2.51566,2.88344,0.820127,0.820127,0.977504,0.977504,1.0903,1.26346,1.56127,0.635038,0.491974
2025-05-27,2.02526,3.25664,2.34319,3.29593,2.9029,2.27921,2.98638,2.96675,2.54233,3.26757,2.43245,1.87259,2.52865,2.25767,1.84244,2.40199,2.86236,2.38666,2.71965,0.888521,0.888521,0.992035,0.992035,1.06841,1.26346,1.50904,0.651488,0.531701
2025-05-28,-0.55868,3.25664,2.34319,3.29593,3.15809,2.48127,3.24868,3.22738,2.76681,3.55351,2.7928,2.15,2.90325,2.62723,2.14403,2.79518,3.35084,2.79515,3.18413,1.0257,1.0257,0.957973,0.957973,1.26964,1.26346,1.64548,0.748002,0.618735
2025-05-29,0.400317,3.25664,2.34319,3.29593,3.0291,2.37913,3.11609,3.09564,2.65334,3.40854,2.62994,2.02463,2.73395,2.35574,1.92247,2.50633,3.26381,2.73903,3.10638,0.96674,0.96674,0.921762,0.921762,1.27253,1.26346,1.57652,0.704383,0.554797
2025-05-30,-0.00811918,3.25664,2.34319,3.29593,2.87371,2.2561,2.95637,2.93694,2.51666,3.23408,2.62182,2.01838,2.72551,2.25776,1.84251,2.40209,3.04728,2.53884,2.89474,0.952183,0.952183,0.877244,0.877244,1.14709,1.26346,1.49344,0.702208,0.531722
2025-06-02,0.409365,3.25664,2.34319,3.29593,2.7195,2.134,2.79787,2.77944,2.38101,3.06075,2.51485,1.93603,2.61431,2.06949,1.68887,2.20178,2.80004,2.3475,2.66428,0.864686,0.864686,0.966142,0.966142,1.08741,1.26346,1.41099,0.67356,0.487383
2025-06-03,0.578354,3.25664,2.34319,3.29593,2.58752,2.0295,2.66221,2.64465,2.26492,2.91234,2.32942,1.79328,2.42154,2.09069,1.70617,2.22433,2.55369,2.12549,2.42523,0.875482,0.875482,0.920821,0.920821,0.956964,1.26346,1.34038,0.623894,0.492374
2025-06-04,0.00736946,3.25664,2.34319,3.29593,2.48329,1.94697,2.55507,2.53819,2.17323,2.79505,2.29902,1.76987,2.38994,2.03115,1.65758,2.16099,2.45537,2.04829,2.33325,0.855736,0.855736,0.946107,0.946107,0.920247,1.26346,1.28459,0.615751,0.478353
2025-06-05,-0.529137,3.25664,2.34319,3.29593,2.35652,1.8466,2.42477,2.40872,2.06173,2.65251,2.27888,1.75437,2.369,2.05775,1.67929,2.18929,2.24498,1.86979,2.13242,0.803152,0.803152,0.921786,0.921786,0.834118,1.26346,1.21675,0.610358,0.484617
2025-06-06,1.02282,3.25664,2.34319,3.29593,2.29307,1.79636,2.35955,2.34392,2.00591,2.58088,2.32503,1.78989,2.41698,1.94144,1.58437,2.06554,2.31108,1.94799,2.20215,0.851038,0.851038,0.872637,0.872637,0.926659,1.26346,1.18032,0.622718,0.457224
2025-06-09,0.0919522,3.25664,2.34319,3.29593,2.30394,1.80497,2.37073,2.35503,2.01548,2.59248,2.36863,1.82346,2.46231,1.9342,1.57846,2.05785,2.3333,1.96702,2.22342,0.908537,0.908537,0.933911,0.933911,0.939624,1.26346,1.18508,0.634396,0.455521
2025-06-10,0.546802,3.25664,2.34319,3.29593,2.18929,1.7142,2.25288,2.23793,1.91463,2.46345,2.29232,1.76471,2.38297,1.94321,1.58582,2.06743,2.07901,1.75707,1.98243,0.957529,0.957529,0.87549,0.87549,0.838667,1.26346,1.12387,0.613957,0.457643
2025-06-11,-0.274767,3.25664,2.34319,3.29593,2.11489,1.65529,2.17641,2.16194,1.84918,2.37966,2.32964,1.79345,2.42177,1.92521,1.57112,2.04828,2.10291,1.75949,1.99988,0.908457,0.908457,0.95974,0.95974,0.791945,1.26346,1.0752,0.623953,0.453403
2025-06-12,0.381514,3.25664,2.34319,3.29593,2.03584,1.5927,2.09515,2.08121,1.77959,2.29043,2.30455,1.77413,2.3957,1.80595,1.4738,1.92139,2.19451,1.83558,2.08683,0.92043,0.92043,1.05373,1.05373,0.830465,1.26346,1.03331,0.617235,0.425316
2025-06-13,-1.13607,3.25664,2.34319,3.29593,1.95524,1.52888,2.0123,1.99889,1.70875,2.20069,2.23962,1.71566,2.30866,1.80324,1.46334,1.91518,2.28025,1.90101,2.16648,0.969415,0.969415,1.04488,1.04488,0.853356,1.2433,0.990743,0.599843,0.424679
2025-06-16,0.934883,3.25664,2.34319,3.29593,2.1109,1.65213,2.17231,2.15787,1.84568,2.37539,2.44518,1.87313,2.52056,1.97823,1.60535,2.10104,2.40499,2.0153,2.28808,0.98435,0.98435,1.05326,1.05326,0.928723,1.2433,1.08205,0.654899,0.465891
2025-06-17,-0.838727,3.25664,2.34319,3.29593,2.12133,1.66038,2.18303,2.16852,1.85478,2.38613,2.38014,1.82331,2.45352,2.06646,1.67694,2.19474,2.54684,2.12645,2.42072,0.965837,0.965837,0.990485,0.990485,0.972003,1.2433,1.08686,0.637479,0.486668
2025-06-18,-0.0309288,3.25664,2.34319,3.29593,2.15411,1.68634,2.21672,2.202,1.88263,2.42168,2.45297,1.8791,2.52859,1.99671,1.62034,2.12066,2.35206,1.97434,2.23875,0.860948,0.860948,1.06923,1.06923,0.9179,1.2433,1.10253,0.656986,0.470242
2025-06-20,-0.218104,3.25664,2.34319,3.29593,2.05306,1.60633,2.11286,2.0988,1.76959,2.30859,2.37547,1.81973,2.4487,1.8765,1.52279,1.99299,2.14191,1.81159,2.04281,0.922314,0.922314,1.03741,1.03741,0.882366,1.2433,1.04719,0.636227,0.441932
2025-06-23,0.956066,3.25664,2.34319,3.29593,1.92155,1.5045,1.97626,1.95502,1.68836,2.16824,2.30431,1.76522,2.37535,1.86397,1.51262,1.97968,2.2282,1.88095,2.12402,0.838406,0.838406,1.04222,1.04222,0.903412,1.2433,0.980255,0.61717,0.43898
2025-06-24,1.10603,3.25664,2.34319,3.29593,1.96562,1.53945,2.02153,1.99982,1.72733,2.2177,2.42709,1.85927,2.50191,1.99358,1.61779,2.11733,2.33386,1.96479,2.22314,0.848323,0.848323,0.980897,0.980897,0.933898,1.2433,1.00373,0.650052,0.469504
2025-06-25,-0.00032829,3.25664,2.34319,3.29593,2.05139,1.60747,2.10963,2.08702,1.80317,2.31397,2.40199,1.84004,2.47603,2.07554,1.68431,2.20438,2.47601,2.0896,2.36009,0.8161,0.8161,0.915453,0.915453,1.00557,1.2433,1.04943,0.64333,0.488807
2025-06-26,0.798812,3.25664,2.34319,3.29593,1.94928,1.52649,2.00474,1.98321,1.71288,2.19935,2.3406,1.79302,2.41276,1.95396,1.58565,2.07526,2.4501,2.05611,2.3319,0.764379,0.764379,0.972343,0.972343,0.966019,1.2433,0.995028,0.626889,0.460175
2025-06-27,0.52054,3.25664,2.34319,3.29593,1.94563,1.5236,2.001,1.9795,1.70965,2.19525,2.36842,1.81433,2.44144,2.00243,1.62498,2.12674,2.38767,2.00559,2.27305,0.77243,0.77243,0.882738,0.882738,0.933787,1.2433,0.993084,0.63434,0.47159
2025-06-30,0.515114,3.25664,2.34319,3.29593,1.88529,1.47575,1.93901,1.91816,1.65629,2.12751,2.30393,1.76492,2.37495,1.98942,1.61442,2.11292,2.28041,1.91241,2.17001,0.79554,0.79554,0.781743,0.781743,0.88588,1.2433,0.959675,0.617067,0.468526
2025-07-01,-0.111915,3.25664,2.34319,3.29593,1.83052,1.43232,1.88276,1.86248,1.60787,2.06603,2.34204,1.79412,2.41424,2.03531,1.65167,2.16166,2.15738,1.80936,2.05297,0.73111,0.73111,0.709194,0.709194,0.836177,1.2433,0.927775,0.627273,0.479333
2025-07-02,0.473387,3.25664,2.34319,3.29593,1.75511,1.37252,1.80531,1.78582,1.54119,1.98139,2.38575,1.8276,2.4593,1.88523,1.52988,2.00227,2.13077,1.78526,2.02712,0.833424,0.833424,0.828269,0.828269,0.824618,1.2433,0.88466,0.638982,0.443989
2025-07-03,0.830438,3.25664,2.34319,3.29593,1.70794,1.33511,1.75685,1.73786,1.49947,1.92843,2.32759,1.78305,2.39935,1.84582,1.49789,1.96041,2.00729,1.69596,1.91389,0.863172,0.863172,0.797844,0.797844,0.812481,1.2433,0.858757,0.623406,0.434707
2025-07-07,-0.789337,3.25664,2.34319,3.29593,1.74667,1.36583,1.79664,1.77724,1.53372,1.97191,2.35516,1.80417,2.42777,1.94021,1.57449,2.06065,2.0871,1.7451,1.9845,0.817912,0.817912,0.70096,0.70096,0.792129,1.2433,0.878635,0.630788,0.456936
2025-07-08,-0.071615,3.25664,2.34319,3.29593,1.82477,1.42776,1.87686,1.85664,1.60278,2.05955,2.37631,1.82037,2.44957,2.0467,1.6609,2.17375,2.17912,1.81471,2.0698,0.825198,0.825198,0.846787,0.846787,0.812744,1.2433,0.915061,0.636454,0.482014
2025-07-09,0.604381,3.25664,2.34319,3.29593,1.74698,1.36607,1.79695,1.77755,1.53399,1.97222,2.25671,1.72875,2.32628,1.96381,1.59364,2.08572,2.15726,1.79379,2.04822,0.847569,0.847569,0.831275,0.831275,0.804604,1.2433,0.870624,0.604419,0.462494
2025-07-10,0.274244,3.25664,2.34319,3.29593,1.72423,1.34803,1.77359,1.75442,1.51388,1.94667,2.3587,1.80689,2.43142,1.9181,1.55655,2.03717,2.1538,1.80808,2.05008,0.870849,0.870849,0.733614,0.733614,0.84378,1.2433,0.858692,0.631738,0.451729
2025-07-11,-0.330298,3.25664,2.34319,3.29593,1.65737,1.29501,1.70491,1.68645,1.45476,1.87161,2.26429,1.73456,2.3341,1.83188,1.48657,1.94559,2.25121,1.87239,2.13756,0.824585,0.824585,0.840798,0.840798,0.829515,1.2433,0.823657,0.606451,0.431422
2025-07-14,0.140643,3.25664,2.34319,3.29593,1.62846,1.27208,1.67521,1.65706,1.42919,1.83915,2.31603,1.7742,2.38743,1.84972,1.50106,1.96455,2.17534,1.81743,2.06797,0.811183,0.811183,0.874012,0.874012,0.81807,1.2433,0.808505,0.620309,0.435625
2025-07-15,-0.396415,3.25664,2.34319,3.29593,1.56455,1.22141,1.60957,1.5921,1.37269,1.76746,2.23704,1.6896,2.30331,1.88415,1.52823,1.99507,2.0445,1.72154,1.94761,0.82505,0.82505,0.77722,0.77722,0.811466,1.23549,0.769709,0.599151,0.443733
2025-07-16,0.318856,3.25664,2.34319,3.29593,1.56014,1.21791,1.60504,1.58761,1.36878,1.76253,2.18611,1.65113,2.25087,1.85717,1.50635,1.96651,2.0739,1.74658,1.9757,0.911394,0.911394,0.867091,0.867091,0.824786,1.23549,0.771415,0.585511,0.43738
2025-07-17,0.535939,3.25664,2.34319,3.29593,1.51414,1.18143,1.55779,1.54084,1.3281,1.71087,2.17834,1.64527,2.24287,1.83854,1.49124,1.94677,2.01415,1.68543,1.91553,0.878404,0.878404,0.916877,0.916877,0.772584,1.23549,0.743298,0.583431,0.432991
2025-07-18,-0.00905023,3.25664,2.34319,3.29593,1.50649,1.17536,1.54993,1.53306,1.32134,1.70225,2.12567,1.60548,2.18864,1.84712,1.4982,1.95586,2.02242,1.70102,1.926,0.934358,0.934358,0.870151,0.870151,0.792777,1.23549,0.737409,0.569323,0.435013
2025-07-21,0.139816,3.25664,2.34319,3.29593,1.45683,1.13598,1.49892,1.48258,1.27743,1.6465,2.07533,1.56747,2.13681,1.81979,1.47603,1.92692,2.1089,1.76455,2.00559,0.955633,0.955633,0.913278,0.913278,0.811957,1.23549,0.711625,0.555842,0.428575
2025-07-22,0.0637325,3.25664,2.34319,3.29593,1.37051,1.06731,1.41013,1.40646,1.19363,1.56562,2.04101,1.54154,2.10147,1.84309,1.49493,1.9516,2.03876,1.6983,1.93662,0.84139,0.84139,0.865149,0.865149,0.755828,1.23549,0.673014,0.546649,0.434064
2025-07-23,0.778154,3.25664,2.34319,3.29593,1.32681,1.03265,1.36526,1.36142,1.15521,1.51607,1.89796,1.4335,1.95419,1.78663,1.44913,1.89181,1.94374,1.61419,1.84487,0.772574,0.772574,0.841465,0.841465,0.709975,1.23549,0.6501,0.508336,0.420765
2025-07-24,0.0697973,3.25664,2.34319,3.29593,1.40557,1.09512,1.44614,1.44166,1.22447,1.60524,2.11673,1.59873,2.17943,1.84899,1.49971,1.95784,1.99476,1.66401,1.89554,0.69705,0.69705,0.710024,0.710024,0.738939,1.23549,0.691388,0.566929,0.435451
2025-07-25,0.396644,3.25664,2.34319,3.29593,1.35819,1.05754,1.39748,1.39269,1.1828,1.55148,2.00011,1.51065,2.05936,1.74696,1.41696,1.84981,1.88333,1.56316,1.78728,0.654961,0.654961,0.721136,0.721136,0.674439,1.23549,0.666536,0.535695,0.411424
2025-07-28,0.0176845,3.25664,2.34319,3.29593,1.33878,1.04214,1.37755,1.37246,1.16573,1.52944,1.989,1.50226,2.04793,1.83493,1.48831,1.94295,1.80492,1.50637,1.71535,0.576966,0.576966,0.630919,0.630919,0.66983,1.23549,0.656354,0.53272,0.432141
2025-07-29,-0.296382,3.25664,2.34319,3.29593,1.29973,1.01117,1.33744,1.3319,1.13139,1.4851,1.87523,1.41633,1.93078,1.55359,1.26012,1.64505,1.86533,1.5386,1.76731,0.596386,0.596386,0.710878,0.710878,0.641265,1.23549,0.635867,0.502246,0.365883
2025-07-30,-0.125022,3.25664,2.34319,3.29593,1.30403,1.01458,1.34186,1.3359,1.13518,1.4899,1.75398,1.32475,1.80594,1.54902,1.25641,1.64021,1.90943,1.57365,1.8087,0.577677,0.577677,0.764847,0.764847,0.662656,1.23549,0.638116,0.469773,0.364807
2025-07-31,-0.370167,3.25664,2.34319,3.29593,1.28009,0.995586,1.31727,1.31081,1.11412,1.46269,1.7203,1.29931,1.77126,1.53738,1.24697,1.62789,1.89542,1.56904,1.79751,0.537137,0.537137,0.798125,0.798125,0.6814,1.23549,0.625551,0.460752,0.362066
2025-08-01,-1.61214,3.25664,2.34319,3.29593,1.30368,1.0143,1.3415,1.33418,1.13487,1.48929,1.64627,1.2434,1.69504,1.53019,1.24114,1.62028,1.78399,1.4778,1.69213,0.651983,0.651983,0.692021,0.692021,0.646082,1.23549,0.637907,0.440925,0.360373
2025-08-04,1.46296,3.25664,2.34319,3.29593,1.90228,1.48913,1.95628,2.00477,1.68206,2.19347,2.16274,1.65677,2.24526,1.72062,1.3784,1.81503,2.42377,2.01093,2.29992,0.911102,0.911102,1.00096,1.00096,0.878942,1.2433,0.954075,0.579251,0.400029
2025-08-05,-0.48697,3.25664,2.34319,3.29593,2.1389,1.67682,2.19929,2.25353,1.8926,2.46425,2.29797,1.76036,2.38565,1.91301,1.53253,2.01798,2.43907,2.028,2.31575,0.753659,0.753659,0.793856,0.793856,0.893309,1.2433,1.07808,0.615472,0.444759
2025-08-06,0.725554,3.25664,2.34319,3.29593,2.08259,1.63215,2.14146,2.19433,1.8425,2.39938,2.23103,1.70908,2.31616,1.8254,1.46234,1.92556,2.17367,1.81376,2.06569,0.790498,0.790498,0.875038,0.875038,0.817162,1.2433,1.04601,0.597542,0.42439
2025-08-07,-0.0797805,3.25664,2.34319,3.29593,2.04215,1.60008,2.09993,2.15182,1.80652,2.35267,2.22638,1.70552,2.31133,1.86102,1.49088,1.96314,2.14419,1.7917,2.03844,0.786143,0.786143,0.866304,0.866304,0.817281,1.2433,1.0244,0.596298,0.432672
2025-08-08,0.776946,3.25664,2.34319,3.29593,1.94168,1.52037,1.99673,2.04619,1.71711,2.2372,2.20671,1.69045,2.29091,1.68963,1.35358,1.78234,2.06413,1.72347,1.96193,0.778444,0.778444,0.828195,0.828195,0.780008,1.2433,0.971329,0.59103,0.392824
2025-08-11,-0.250727,3.25664,2.34319,3.29593,1.92989,1.51103,1.98463,2.0338,1.70663,2.22321,2.19297,1.67993,2.27665,1.68175,1.34727,1.77403,1.95863,1.63879,1.86268,0.733179,0.733179,0.76975,0.76975,0.746971,1.2433,0.964635,0.58735,0.390993
2025-08-12,1.12816,3.25664,2.34319,3.29593,1.85615,1.45253,1.9089,1.95627,1.64101,2.13826,2.10068,1.60923,2.18084,1.86011,1.49015,1.96217,1.97712,1.64689,1.87805,0.755976,0.755976,0.867635,0.867635,0.738956,1.2433,0.917511,0.562631,0.432459
2025-08-13,0.322487,3.25664,2.34319,3.29593,1.96508,1.53894,2.02077,2.07079,1.73794,2.26263,2.17441,1.66571,2.25737,1.93274,1.54833,2.03879,2.11123,1.75399,2.00406,0.754345,0.754345,0.731357,0.731357,0.772248,1.2433,0.966219,0.582377,0.449345
2025-08-14,0.0303035,3.25664,2.34319,3.29593,1.8752,1.46764,1.92846,1.9763,1.65796,2.15986,2.13479,1.63536,2.21624,1.96264,1.57229,2.07033,2.09509,1.73482,1.98701,0.714593,0.714593,0.830115,0.830115,0.747366,1.2433,0.92226,0.571766,0.456297
2025-08-15,-0.290133,3.25664,2.34319,3.29593,1.7844,1.39562,1.83521,1.88085,1.57717,2.05519,2.13277,1.63381,2.21415,1.94314,1.55667,2.04976,2.09845,1.73753,1.99018,0.747298,0.747298,0.836077,0.836077,0.750725,1.2433,0.866043,0.571225,0.451764
2025-08-18,-0.0100768,3.25664,2.34319,3.29593,1.73093,1.35321,1.78029,1.82463,1.52959,1.99352,2.06379,1.58096,2.14253,1.81384,1.45309,1.91337,1.94889,1.61291,1.84809,0.755617,0.755617,0.914439,0.914439,0.692382,1.2433,0.838627,0.55275,0.421703
2025-08-19,-0.587533,3.25664,2.34319,3.29593,1.67039,1.30001,1.72084,1.74769,1.47718,1.90777,1.9638,1.50437,2.03873,1.58834,1.27243,1.67549,1.82083,1.50982,1.72753,0.800525,0.800525,0.872036,0.872036,0.661645,1.2433,0.798536,0.525969,0.369275
2025-08-20,-0.243463,3.25664,2.34319,3.29593,1.69956,1.32307,1.75084,1.77814,1.50317,1.93987,2.02656,1.55245,2.10388,1.60939,1.2893,1.6977,1.96113,1.61766,1.85809,0.863412,0.863412,1.03058,1.03058,0.684419,1.2433,0.813214,0.542778,0.374171
2025-08-21,-0.401223,3.25664,2.34319,3.29593,1.64987,1.28378,1.69973,1.72628,1.4589,1.88247,1.99503,1.5283,2.07116,1.71471,1.37367,1.8088,1.88987,1.55922,1.79067,0.865772,0.865772,1.04135,1.04135,0.670839,1.2433,0.787874,0.534335,0.398655
2025-08-22,1.50723,3.25664,2.34319,3.29593,1.63474,1.27182,1.68417,1.71049,1.44543,1.86459,1.98684,1.52202,2.06265,1.75985,1.40983,1.85641,1.99208,1.64643,1.88839,0.895856,0.895856,1.0689,1.0689,0.717941,1.2433,0.780107,0.532141,0.409149
2025-08-25,-0.427552,3.25664,2.34319,3.29593,1.96587,1.53364,2.02474,2.05608,1.7404,2.23878,2.25589,1.72812,2.34196,1.75123,1.40293,1.84732,2.04865,1.71464,1.94845,0.85133,0.85133,1.00304,1.00304,0.79116,1.2433,0.947913,0.6042,0.407147
2025-08-26,0.412547,3.25664,2.34319,3.29593,1.91853,1.49621,1.97606,2.00668,1.69624,2.18364,2.18269,1.67205,2.26597,1.79651,1.4392,1.89509,2.07695,1.72227,1.97055,0.818907,0.818907,0.91745,0.91745,0.756521,1.2433,0.923695,0.584596,0.417674
2025-08-27,0.238814,3.25664,2.34319,3.29593,1.84217,1.43583,1.89752,1.92699,1.60051,2.09673,2.18752,1.67575,2.27098,1.86433,1.49354,1.96663,1.99518,1.66007,1.89464,0.723548,0.723548,0.786189,0.786189,0.743946,1.2433,0.884736,0.585888,0.433442
2025-08-28,0.315175,3.25664,2.34319,3.29593,1.75761,1.36897,1.81055,1.83873,1.52648,2.00049,2.11289,1.61858,2.19351,1.73053,1.38634,1.82549,1.74974,1.46596,1.6646,0.7093,0.7093,0.781985,0.781985,0.678302,1.2433,0.839548,0.565901,0.402334
2025-08-29,-0.641874,3.25664,2.34319,3.29593,1.68683,1.31301,1.73775,1.76486,1.4645,1.91983,2.00563,1.53642,2.08216,1.70599,1.36668,1.79959,1.91311,1.59309,1.81711,0.622253,0.622253,0.674467,0.674467,0.718981,1.2433,0.803763,0.537174,0.396627
2025-09-02,-0.694636,3.25664,2.34319,3.29593,1.72962,1.34684,1.78176,1.80951,1.50197,1.96747,2.13463,1.63524,2.21608,1.7151,1.37398,1.80921,1.96917,1.63913,1.87016,0.71202,0.71202,0.781075,0.781075,0.736472,1.2433,0.825395,0.571724,0.398747
2025-09-03,0.508712,3.25664,2.34319,3.29593,1.78217,1.38839,1.8358,1.86436,1.54797,2.02614,2.12335,1.62659,2.20436,1.75984,1.40982,1.8564,2.06773,1.72544,1.96504,0.73336,0.73336,0.931886,0.931886,0.791703,1.2433,0.851906,0.568701,0.409148
2025-09-04,0.831185,3.25664,2.34319,3.29593,1.73398,1.35029,1.78624,1.81406,1.50578,1.97082,2.06008,1.57812,2.13868,1.82801,1.46444,1.92832,2.16624,1.80149,2.05682,0.677429,0.677429,0.798385,0.798385,0.811507,1.2433,0.823902,0.551756,0.424998
2025-09-05,-0.317018,3.25664,2.34319,3.29593,1.76694,1.37635,1.82014,1.84846,1.53464,2.00726,2.13938,1.63887,2.22101,1.8348,1.46988,1.93548,2.20396,1.83518,2.09333,0.654136,0.654136,0.691472,0.691472,0.825903,1.2433,0.840007,0.572995,0.426576
2025-09-08,0.210376,3.25664,2.34319,3.29593,1.72157,1.34047,1.77348,1.80111,1.49492,1.95562,2.05478,1.57406,2.13318,1.80611,1.44689,1.90521,2.31916,1.92435,2.20072,0.677063,0.677063,0.756764,0.756764,0.853553,1.2433,0.817174,0.550336,0.419906
2025-09-09,0.268455,3.25664,2.34319,3.29593,1.64701,1.28152,1.69679,1.72329,1.42964,1.87026,2.08112,1.59424,2.16053,1.68912,1.35317,1.78181,2.14712,1.77111,2.03432,0.632738,0.632738,0.651211,0.651211,0.75683,1.2433,0.779648,0.557392,0.392707
2025-09-10,0.297902,3.25664,2.34319,3.29593,1.58337,1.2312,1.63134,1.65688,1.37348,1.79768,2.03083,1.55571,2.10831,1.66659,1.33512,1.75804,2.10582,1.73126,1.99345,0.611638,0.611638,0.674759,0.674759,0.719302,1.2433,0.747622,0.543921,0.387468
2025-09-11,0.845009,3.25664,2.34319,3.29593,1.52873,1.18799,1.57514,1.59984,1.31504,1.73575,1.98996,1.52441,2.06588,1.77046,1.41833,1.8676,1.8885,1.56425,1.79123,0.613844,0.613844,0.660581,0.660581,0.678971,1.2433,0.72012,0.532975,0.411617
2025-09-12,-0.0482882,3.25664,2.34319,3.29593,1.59853,1.24319,1.64694,1.6727,1.36424,1.81441,2.10438,1.61206,2.18468,1.76325,1.41256,1.86,2.07034,1.70069,1.95945,0.643044,0.643044,0.654064,0.654064,0.705622,1.2433,0.755253,0.563622,0.409941
2025-09-15,0.469559,3.25664,2.34319,3.29593,1.53823,1.19551,1.58492,1.60977,1.31226,1.74644,2.0104,1.54007,2.08711,1.72022,1.37809,1.81461,2.03565,1.673,1.92685,0.65244,0.65244,0.725074,0.725074,0.701959,1.2433,0.724905,0.538451,0.399937
2025-09-16,-0.128876,3.25664,2.34319,3.29593,1.51133,1.17424,1.55725,1.58169,1.31085,1.71757,2.01034,1.51838,2.07988,1.68833,1.35187,1.77326,1.93026,1.59553,1.82984,0.613508,0.613508,0.667531,0.667531,0.689377,1.23549,0.707535,0.538434,0.392524
2025-09-17,-0.0970644,3.25664,2.34319,3.29593,1.4302,1.10861,1.47393,1.52049,1.22931,1.64657,2.00104,1.51135,2.07026,1.5391,1.23238,1.61652,1.93838,1.60993,1.83985,0.637759,0.637759,0.744581,0.744581,0.711653,1.23549,0.676248,0.535944,0.357829
2025-09-18,0.477769,3.25664,2.34319,3.29593,1.38818,1.07538,1.43072,1.476,1.19278,1.59861,1.96537,1.48441,2.03335,1.58754,1.27116,1.66739,2.00181,1.65166,1.89676,0.62846,0.62846,0.790743,0.790743,0.702569,1.23549,0.654836,0.526389,0.369091
2025-09-19,0.487352,3.25664,2.34319,3.29593,1.37452,1.06457,1.41667,1.46153,1.18091,1.58303,2.02251,1.52757,2.09248,1.54498,1.23708,1.62269,1.85992,1.53952,1.7638,0.585391,0.585391,0.752125,0.752125,0.661171,1.23549,0.647875,0.541695,0.359196
2025-09-22,0.440035,3.25664,2.34319,3.29593,1.36431,1.0565,1.40617,1.45073,1.17203,1.57132,1.98205,1.49701,2.05062,1.55915,1.24842,1.63757,1.6841,1.40244,1.5996,0.636185,0.636185,0.737527,0.737527,0.619099,1.23549,0.642676,0.530859,0.362489
2025-09-23,-0.551736,3.25664,2.34319,3.29593,1.34688,1.04271,1.38824,1.43227,1.15688,1.55137,1.95875,1.47941,2.02651,1.66062,1.32967,1.74415,1.67633,1.39261,1.59121,0.646312,0.646312,0.766046,0.766046,0.609634,1.23549,0.633791,0.524616,0.38608
2025-09-24,-0.285068,3.25664,2.34319,3.29593,1.41167,1.09395,1.45487,1.50086,1.2132,1.62552,1.94132,1.49356,2.02894,1.6683,1.33167,1.73977,1.77525,1.47238,1.68439,0.764737,0.764737,0.875723,0.875723,0.638083,1.23141,0.666805,0.530848,0.387865
2025-09-25,-0.502165,3.25664,2.34319,3.29593,1.39914,1.08405,1.44199,1.48761,1.20231,1.61114,1.8564,1.42822,1.94018,1.67774,1.3392,1.74962,1.75201,1.46557,1.66607,0.812031,0.812031,0.953048,0.953048,0.666915,1.23141,0.656338,0.507625,0.390061
2025-09-26,0.588449,3.25664,2.34319,3.29593,1.44057,1.11681,1.4846,1.53146,1.23833,1.65844,1.87914,1.44572,1.96395,1.59291,1.27149,1.66116,1.84138,1.5359,1.74974,0.824712,0.824712,1.06489,1.06489,0.696891,1.23141,0.677333,0.513845,0.370339
2025-09-29,0.263208,3.25664,2.34319,3.29593,1.44314,1.11884,1.48724,1.53418,1.24056,1.66135,1.91079,1.47007,1.99702,1.68306,1.34345,1.75517,1.89472,1.57353,1.79836,0.735178,0.735178,0.852897,0.852897,0.697105,1.23141,0.678634,0.522498,0.391297
2025-09-30,0.40825,3.25664,2.34319,3.29593,1.39556,1.08121,1.43831,1.48381,1.1992,1.60718,1.84967,1.42305,1.93315,1.71815,1.37146,1.79176,1.75898,1.46381,1.67043,0.61205,0.61205,0.746535,0.746535,0.654548,1.2253,0.654521,0.505787,0.399455
2025-10-01,0.339415,3.25664,2.34319,3.29593,1.36944,1.06056,1.41145,1.45616,1.17649,1.57734,1.84494,1.41941,1.9282,1.73068,1.38146,1.80483,1.7561,1.45092,1.66455,0.591875,0.591875,0.686355,0.686355,0.618543,1.2253,0.641284,0.504492,0.402368
2025-10-02,0.0618163,3.25664,2.34319,3.29593,1.33701,1.03492,1.3781,1.42183,1.1483,1.54017,1.76888,1.36089,1.84871,1.69542,1.35332,1.76806,1.61356,1.32973,1.52841,0.500077,0.500077,0.64768,0.64768,0.549195,1.2253,0.624849,0.483694,0.394172
2025-10-03,0.00655045,3.25664,2.34319,3.29593,1.29463,1.0014,1.33451,1.37695,1.11146,1.4917,1.72729,1.3289,1.80525,1.52407,1.21654,1.58937,1.59191,1.31931,1.51013,0.47461,0.47461,0.676692,0.676692,0.568959,1.2253,0.603369,0.472322,0.354334
2025-10-06,0.363997,3.25664,2.34319,3.29593,1.25881,0.973075,1.29767,1.33903,1.08032,1.45063,1.68784,1.29854,1.76402,1.47121,1.17434,1.53424,1.59805,1.3128,1.51247,0.495602,0.495602,0.737349,0.737349,0.530478,1.2253,0.585216,0.461534,0.342043
2025-10-07,-0.38187,3.25664,2.34319,3.29593,1.24214,0.95989,1.28052,1.32138,1.06583,1.43149,1.63471,1.25767,1.70849,1.53559,1.22574,1.60138,1.56653,1.28613,1.48241,0.488504,0.488504,0.701798,0.701798,0.525124,1.2253,0.576765,0.447006,0.357012
2025-10-08,0.581075,3.25664,2.34319,3.29593,1.27418,0.985227,1.31348,1.3553,1.09368,1.46775,1.66785,1.28317,1.74313,1.44411,1.15272,1.50599,1.73729,1.43669,1.64711,0.512147,0.512147,0.730526,0.730526,0.616412,1.2253,0.593004,0.456069,0.335745
2025-10-09,-0.275937,3.25664,2.34319,3.29593,1.29777,1.00388,1.33774,1.38028,1.11419,1.4943,1.7288,1.33006,1.80682,1.466,1.17019,1.52881,1.70184,1.4085,1.61384,0.546842,0.546842,0.612201,0.612201,0.608849,1.2253,0.60496,0.472734,0.340832
2025-10-10,-2.7486,3.25664,2.34319,3.29593,1.29775,1.00386,1.33771,1.38025,1.11417,1.49472,1.64407,1.26487,1.71828,1.51459,1.20897,1.57948,1.64543,1.34928,1.55658,0.550708,0.550708,0.616143,0.616143,0.551657,1.2253,0.604947,0.449567,0.352129
2025-10-13,1.54783,3.25664,2.38521,3.31047,2.69457,2.10846,2.77427,2.91921,2.35024,3.21627,2.56824,1.93951,2.71936,2.10717,1.67589,2.26757,2.70926,2.20456,2.55785,0.949965,0.949965,1.01745,1.01745,0.867033,1.23141,1.32048,0.687771,0.486605
2025-10-14,-0.156554,3.25664,2.38521,3.31047,2.80941,2.19928,2.89239,3.04326,2.45097,3.35143,2.54122,1.91909,2.69074,2.1454,1.70629,2.30871,2.45747,2.01897,2.32592,0.723605,0.723605,0.651168,0.651168,0.841116,1.23141,1.379,0.680533,0.495433
2025-10-15,0.401792,3.25664,2.38521,3.31047,2.70126,2.09573,2.79229,2.87061,2.30259,3.15743,2.23477,1.68767,2.36627,1.84322,1.46595,1.98352,2.13168,1.76015,2.02022,0.648904,0.648904,0.63259,0.63259,0.750144,1.23141,1.29647,0.598469,0.42565
2025-10-16,-0.631429,3.25664,2.38521,3.31047,2.5566,1.98227,2.64293,2.71721,2.17847,2.98803,2.19342,1.65644,2.32248,1.77671,1.41306,1.91195,2.02493,1.66319,1.91641,0.675949,0.675949,0.703223,0.703223,0.689924,1.23141,1.2242,0.587394,0.410292
2025-10-17,0.525688,3.25664,2.38521,3.31047,2.49124,1.93101,2.57546,2.64792,2.1224,2.9107,2.14589,1.62055,2.27215,1.77483,1.41156,1.90992,2.0527,1.69333,1.94489,0.685969,0.685969,0.888371,0.888371,0.714973,1.23141,1.19155,0.574665,0.409857
2025-10-20,1.06157,3.25664,2.38521,3.31047,2.37725,1.84161,2.45777,2.52704,2.02459,2.77683,2.16249,1.63309,2.28973,1.70147,1.35322,1.83098,2.0824,1.71028,1.97076,0.667441,0.667441,0.746445,0.746445,0.709186,1.23141,1.1346,0.579112,0.392915
2025-10-21,0.00326937,3.25664,2.38521,3.31047,2.38824,1.85023,2.46912,2.5387,2.03402,2.78807,2.31928,1.75149,2.45574,1.98845,1.58146,2.13981,2.17343,1.78755,2.05767,0.639915,0.639915,0.739964,0.739964,0.743992,1.23141,1.14009,0.621099,0.459189
2025-10-22,-0.535184,3.25664,2.38521,3.31047,2.25686,1.74719,2.33348,2.3994,1.9213,2.63384,2.20189,1.66284,2.33145,1.91241,1.52098,2.05797,2.16464,1.77935,2.04905,0.623428,0.623428,0.761391,0.761391,0.739865,1.23141,1.06761,0.589663,0.441627
2025-10-23,0.581047,3.25664,2.38521,3.31047,2.20283,1.70481,2.2777,2.34211,1.87495,2.56985,2.22544,1.68063,2.35639,1.75605,1.39663,1.88972,2.15411,1.76271,2.03669,0.733442,0.733442,0.8002,0.8002,0.713437,1.23141,1.04077,0.59597,0.405522
2025-10-24,0.787136,3.25664,2.38521,3.31047,2.12328,1.64242,2.19556,2.25775,1.80669,2.47689,2.14066,1.6166,2.26662,1.73817,1.38241,1.87048,1.99754,1.63871,1.88989,0.673718,0.673718,0.873286,0.873286,0.66508,1.23141,1.00126,0.573266,0.401392
2025-10-27,1.22152,3.25664,2.38521,3.31047,2.09303,1.6187,2.16434,2.22569,1.78074,2.43954,2.1899,1.65379,2.31876,1.78857,1.42249,1.92471,1.88431,1.55441,1.78534,0.727269,0.727269,0.877156,0.877156,0.656519,1.23141,0.986236,0.586453,0.413029
2025-10-28,0.228532,3.25664,2.38521,3.31047,2.19876,1.70162,2.27349,2.33779,1.87145,2.55927,2.36929,1.78926,2.5087,1.76592,1.40448,1.90034,2.10774,1.71341,1.98944,0.759895,0.759895,0.873441,0.873441,0.66316,1.23141,1.03875,0.634493,0.4078
2025-10-29,-0.00435802,3.25664,2.38521,3.31047,2.08334,1.6111,2.15433,2.2154,1.77242,2.42323,2.23617,1.68872,2.36774,1.68389,1.33924,1.81206,2.06678,1.69424,1.95501,0.746458,0.746458,0.964229,0.964229,0.686694,1.23141,0.98142,0.598842,0.388856
2025-10-30,-0.995419,3.25664,2.38521,3.31047,1.9769,1.52762,2.04444,2.10255,1.6811,2.29814,2.14874,1.6227,2.27517,1.701,1.35284,1.83048,2.13466,1.75753,2.02152,0.840631,0.840631,0.873737,0.873737,0.741552,1.23141,0.928554,0.575429,0.392808
2025-10-31,0.261451,3.25664,2.38521,3.31047,2.09722,1.62198,2.16866,2.23012,1.78433,2.43404,2.28816,1.72799,2.42279,1.86794,1.48562,2.01012,2.40425,1.96798,2.27337,0.875579,0.875579,0.864738,0.864738,0.80795,1.23141,0.9947,0.612765,0.431359
2025-11-03,0.171923,3.25664,2.38521,3.31047,1.9918,1.53931,2.05983,2.11835,1.69389,2.30945,2.11076,1.59402,2.23496,1.76361,1.40264,1.89785,2.11061,1.72657,1.9954,0.695208,0.695208,0.752989,0.752989,0.702846,1.23141,0.942039,0.565259,0.407267
2025-11-04,-1.18062,3.25664,2.38521,3.31047,1.89154,1.46067,1.95631,2.01204,1.60786,2.19071,2.00144,1.51146,2.11921,1.69759,1.35013,1.8268,1.98453,1.62033,1.87527,0.554648,0.554648,0.663943,0.663943,0.643377,1.23141,0.891949,0.535983,0.39202
2025-11-05,0.364689,3.25664,2.38521,3.31047,2.1045,1.62769,2.17618,2.23785,1.79058,2.43237,2.19065,1.65435,2.31954,1.7595,1.39937,1.89343,2.22937,1.83127,2.10994,0.792392,0.792392,0.809643,0.809643,0.759542,1.23141,1.00441,0.586652,0.406317
2025-11-06,-1.12411,3.25664,2.38521,3.31047,2.00619,1.55059,2.07468,2.1336,1.70623,2.3184,2.11172,1.59474,2.23597,1.64864,1.3112,1.77413,2.17206,1.79831,2.05993,0.644144,0.644144,0.754553,0.754553,0.775657,1.23141,0.955025,0.565515,0.380717
2025-11-07,0.126105,3.25664,2.38521,3.31047,2.17201,1.68064,2.24587,2.30943,1.8485,2.50411,2.25144,1.70026,2.38391,1.69069,1.34465,1.81939,2.49222,2.04015,2.3566,0.945841,0.945841,0.890136,0.890136,0.836202,1.23141,1.04679,0.602931,0.390428
2025-11-10,1.52836,3.25664,2.38521,3.31047,2.0562,1.58982,2.12632,2.18664,1.74914,2.36834,2.10055,1.58631,2.22415,1.79908,1.43085,1.93602,2.30489,1.89779,2.18276,0.769633,0.769633,0.810339,0.810339,0.795821,1.23141,0.988192,0.562525,0.415456
2025-11-11,0.20732,3.25664,2.38521,3.31047,2.29473,1.77689,2.37258,2.43955,1.95379,2.6361,2.43879,1.84174,2.58228,2.01747,1.60454,2.17104,2.71247,2.19846,2.55827,0.98598,0.98598,0.854099,0.854099,0.858271,1.23141,1.1089,0.653103,0.46589
2025-11-12,0.0629311,3.25664,2.38521,3.31047,2.13488,1.66252,2.20126,2.26849,1.84019,2.47145,2.33747,1.76523,2.47501,1.82479,1.45129,1.96368,2.63292,2.14477,2.48647,0.707452,0.707452,0.709443,0.709443,0.849734,1.23141,1.039,0.625971,0.421393
2025-11-13,-1.66955,3.25664,2.38521,3.31047,2.03092,1.58053,2.09421,2.15737,1.74993,2.34795,2.20829,1.66768,2.33823,1.83276,1.45764,1.97227,2.52845,2.05386,2.38607,0.682474,0.682474,0.669813,0.669813,0.801246,1.23141,0.985997,0.591377,0.423236
2025-11-14,-0.0501841,3.25664,2.38521,3.31047,2.40154,1.87284,2.47583,2.48584,2.07169,2.7687,2.70711,2.04733,2.8664,2.13154,1.69611,2.30362,3.44164,2.75594,3.23593,0.911346,0.911346,0.838227,0.838227,1.00094,1.23549,1.18026,0.72496,0.492231
2025-11-17,-0.92045,3.25664,2.38521,3.31047,2.28091,1.7777,2.35162,2.36115,1.96696,2.62578,2.40269,1.8171,2.54406,1.80714,1.43798,1.95303,2.67433,2.15934,2.51984,0.735748,0.735748,0.802247,0.802247,0.812816,1.23549,1.1185,0.643435,0.417318
2025-11-18,-0.829072,3.25664,2.38521,3.31047,2.31638,1.80568,2.38815,2.39782,1.99776,2.66219,2.44254,1.84725,2.58626,1.82368,1.45114,1.9709,2.77805,2.25827,2.62211,0.832213,0.832213,0.847839,0.847839,0.891726,1.23549,1.13667,0.654109,0.421137
2025-11-19,0.374682,3.25664,2.38521,3.31047,2.32249,1.8105,2.39444,2.40413,2.00307,2.66435,2.46952,1.86765,2.61483,2.06622,1.64413,2.23303,3.28748,2.67178,3.10277,0.907573,0.907573,0.882569,0.882569,1.025,1.23549,1.13979,0.661334,0.477147
2025-11-20,-1.56897,3.25664,2.38521,3.31047,2.21535,1.72599,2.28412,2.29338,1.90807,2.54051,2.34555,1.77389,2.48356,1.91239,1.52173,2.06678,2.84057,2.33023,2.68747,0.803493,0.803493,0.790556,0.790556,0.95547,1.23549,1.08494,0.628134,0.441624
2025-11-21,0.977509,3.25664,2.38521,3.31047,2.49747,1.94851,2.57462,2.58501,2.15276,2.86331,3.03927,2.34286,3.20449,2.07001,1.65831,2.2094,3.99939,3.23864,3.77116,1.07896,1.07896,0.957149,0.957149,1.23383,1.23549,1.22937,0.831077,0.481261
2025-11-24,1.53488,3.25664,2.38521,3.31047,2.46981,1.92669,2.54613,2.55642,2.12877,2.83182,2.92955,2.25829,3.08881,2.38172,1.90802,2.5421,3.68914,2.98892,3.47908,1.01124,1.01124,0.89549,0.89549,1.16196,1.23549,1.21521,0.801076,0.553731
2025-11-25,0.902089,3.25664,2.38521,3.31047,2.61077,2.03787,2.69128,2.70212,2.25103,2.99355,3.32145,2.56039,3.50201,2.64576,2.11954,2.82392,3.58385,2.89897,3.37839,0.914274,0.914274,0.819511,0.819511,1.10421,1.23141,1.28162,0.90824,0.615117
2025-11-26,0.688297,3.25664,2.38521,3.31047,2.55492,1.99382,2.63377,2.6444,2.20259,2.92998,3.31365,2.55438,3.49379,2.54419,2.03818,2.71551,3.0221,2.4495,2.85032,0.837844,0.837844,0.718521,0.718521,0.943818,1.23141,1.25315,0.906107,0.591503
2025-11-28,0.534048,3.25664,2.38521,3.31047,2.46589,1.9236,2.5421,2.55237,2.12537,2.82858,2.96273,2.28386,3.12379,2.33699,1.87219,2.49436,2.81722,2.29637,2.66096,0.942351,0.942351,0.72153,0.72153,0.910118,1.23141,1.20776,0.810148,0.543332
2025-12-01,-0.533754,3.25664,2.38521,3.31047,2.36326,1.84265,2.43642,2.44627,2.03635,2.7113,2.60687,2.00954,2.74858,2.32874,1.86558,2.48555,2.60294,2.12756,2.46033,0.918607,0.918607,0.693518,0.693518,0.860573,1.23141,1.15543,0.712839,0.541413
2025-12-02,0.245422,3.25664,2.38521,3.31047,2.29956,1.79241,2.37083,2.38043,1.9811,2.63856,2.47357,1.90679,2.60804,2.34003,1.87462,2.4976,2.74786,2.22962,2.59239,1.10556,1.10556,0.7686,0.7686,0.878184,1.23141,1.12296,0.67639,0.544037
2025-12-03,0.297536,3.25664,2.38521,3.31047,2.18622,1.70302,2.25413,2.26327,1.8828,2.51063,2.36287,1.82145,2.49132,2.05254,1.64431,2.19075,2.25662,1.8434,2.13266,0.968184,0.968184,0.835879,0.835879,0.747059,1.23141,1.06517,0.646119,0.477198
2025-12-04,0.107974,3.25664,2.38521,3.31047,2.08418,1.62253,2.14905,2.15779,1.79429,2.39341,2.24219,1.72843,2.36408,2.08748,1.6723,2.22804,2.43926,1.97558,2.30016,1.05152,1.05152,0.78848,0.78848,0.768311,1.23141,1.01315,0.61312,0.485322
2025-12-05,0.193477,3.25664,2.38521,3.31047,1.98383,1.54338,2.04572,2.05406,1.70726,2.27852,2.06308,1.59036,2.17524,1.90176,1.52352,2.02982,2.06724,1.67036,1.94817,0.856248,0.856248,0.704945,0.704945,0.641585,1.23141,0.961988,0.564143,0.442144
2025-12-08,-0.348331,3.25664,2.38521,3.31047,1.89262,1.47145,1.9518,1.95978,1.62815,2.17408,1.88118,1.45013,1.98344,1.7758,1.42261,1.89537,2.02261,1.62353,1.90289,0.662437,0.662437,0.670373,0.670373,0.596667,1.23141,0.915486,0.514401,0.412858
2025-12-09,-0.0876743,3.25664,2.38521,3.31047,1.84249,1.43191,1.90019,1.90796,1.58467,2.11675,1.83722,1.41625,1.9371,1.65274,1.32402,1.76403,2.13535,1.71751,2.01,0.631924,0.631924,0.712821,0.712821,0.636458,1.23141,0.889929,0.502381,0.384247
2025-12-10,0.672688,3.25664,2.38521,3.31047,1.76736,1.37265,1.82283,1.8303,1.51951,2.03063,1.7297,1.33337,1.82373,1.77523,1.42215,1.89476,2.08271,1.66704,1.95801,0.577974,0.577974,0.700915,0.700915,0.599301,1.23141,0.851627,0.472982,0.412725
2025-12-11,0.207719,3.25664,2.38521,3.31047,1.73951,1.35056,1.79418,1.81334,1.50065,2.00919,1.80548,1.39178,1.90363,1.89421,1.51747,2.02176,1.84502,1.49491,1.73999,0.581076,0.581076,0.657991,0.657991,0.579274,1.23141,0.841152,0.493701,0.440389
2025-12-12,-1.07209,3.25664,2.38521,3.31047,1.66731,1.29361,1.71984,1.73825,1.43782,1.92615,1.9395,1.49509,2.04493,1.6191,1.29708,1.72812,2.11446,1.71382,1.99427,0.596688,0.596688,0.654523,0.654523,0.651486,1.23141,0.804185,0.530349,0.376427
2025-12-15,-0.159784,3.25664,2.38521,3.31047,1.85475,1.44144,1.91284,1.9332,1.60093,2.14109,2.11281,1.62869,2.22767,1.86051,1.49048,1.9858,2.63832,2.15966,2.49472,0.681793,0.681793,0.848302,0.848302,0.890032,1.23141,0.903175,0.57774,0.432554
2025-12-16,-0.238676,3.25664,2.38521,3.31047,1.78325,1.38506,1.83922,1.85884,1.53872,2.0596,2.05504,1.58416,2.16675,1.73986,1.39382,1.85701,2.53756,2.0803,2.40038,0.615709,0.615709,0.813939,0.813939,0.868198,1.23141,0.866462,0.561943,0.404502
2025-12-17,-1.16599,3.25664,2.38521,3.31047,1.72686,1.34058,1.78116,1.80019,1.48964,1.99746,1.94491,1.49926,2.05064,1.60727,1.2876,1.71549,2.46919,2.01727,2.33361,0.672937,0.672937,0.787331,0.787331,0.822719,1.23141,0.837503,0.531829,0.373676
2025-12-18,0.790295,3.25664,2.38521,3.31047,1.94081,1.50932,2.00145,2.02271,1.67583,2.24222,2.33635,1.80101,2.46336,1.72539,1.38223,1.84158,3.08639,2.53352,2.92053,0.783124,0.783124,0.925548,0.925548,1.05415,1.23141,0.964265,0.638867,0.401139
2025-12-19,0.87794,3.25664,2.38521,3.31047,1.93102,1.5016,1.99137,2.01253,1.66731,2.22881,2.43094,1.87393,2.56309,1.93217,1.54788,2.06227,2.43765,2.01033,2.30945,0.68922,0.68922,0.772676,0.772676,0.855401,1.23141,0.959156,0.664733,0.449212
2025-12-22,0.641587,3.25664,2.38521,3.31047,1.9438,1.51168,2.00454,2.02583,1.67843,2.2445,2.5356,1.9546,2.67344,2.05239,1.64419,2.19059,2.7515,2.26887,2.60671,0.713448,0.713448,0.774539,0.774539,0.955471,1.23141,0.965829,0.69335,0.477164
2025-12-23,0.454007,3.25664,2.38521,3.31047,1.90293,1.47945,1.96246,1.98332,1.64287,2.19441,2.4481,1.88715,2.58118,2.01181,1.61168,2.14728,2.31581,1.92079,2.1973,0.673846,0.673846,0.738059,0.738059,0.832451,1.23141,0.944502,0.669424,0.46773
2025-12-24,0.321631,3.25664,2.38521,3.31047,1.83715,1.42757,1.89472,1.9149,1.58089,2.11605,2.47833,1.91045,2.61305,2.05184,1.64375,2.19,2.30232,1.90544,2.18326,0.67292,0.67292,0.711978,0.711978,0.817891,1.23141,0.910178,0.67769,0.477036
2025-12-26,-0.0304415,3.25664,2.38521,3.31047,1.76362,1.36957,1.819,1.83841,1.50405,2.03192,2.40322,1.85256,2.53387,1.88414,1.5094,2.01101,2.1994,1.81998,2.08558,0.642044,0.642044,0.685555,0.685555,0.776954,1.23141,0.871806,0.657153,0.438047
2025-12-29,-0.349816,3.25664,2.38521,3.31047,1.69054,1.31193,1.74375,1.7624,1.44114,1.94832,2.30166,1.77427,2.42678,1.7568,1.40739,1.87509,2.09658,1.724,1.9848,0.605886,0.605886,0.654093,0.654093,0.716868,1.23141,0.833672,0.629381,0.408441
2025-12-30,-0.137661,3.25664,2.38521,3.31047,1.65995,1.2878,1.71226,1.73059,1.41481,1.91333,2.29863,1.77193,2.42359,1.76144,1.41111,1.88005,2.20108,1.82008,2.08678,0.604963,0.604963,0.726484,0.726484,0.783897,1.23141,0.817711,0.628553,0.40952
2025-12-31,-0.738486,3.25664,2.38521,3.31047,1.60367,1.24342,1.65431,1.67206,1.36637,1.84895,2.17252,1.67472,2.29062,1.86665,1.49539,1.99235,2.35752,1.93403,2.23047,0.597587,0.597587,0.712145,0.712145,0.797985,1.23141,0.788347,0.594067,0.433981
2026-01-02,0.189291,3.25664,2.38521,3.31047,1.6807,1.30417,1.73362,1.75217,1.43267,1.93708,2.29433,1.7794,2.4116,1.91015,1.52948,2.02546,2.29358,1.89168,2.17301,0.635015,0.635015,0.740114,0.740114,0.804775,1.2253,0.813796,0.632441,0.444094
2026-01-05,0.633403,3.25664,2.38521,3.31047,1.61278,1.25061,1.66369,1.68153,1.37421,1.85938,2.208,1.71245,2.32086,1.7976,1.43936,1.90611,2.43475,2.00697,2.30641,0.669145,0.669145,0.736275,0.736275,0.843501,1.2253,0.77892,0.608646,0.417927
2026-01-06,0.617759,3.25664,2.38521,3.31047,1.60638,1.24556,1.6571,1.67487,1.3687,1.85205,2.28054,1.76871,2.39711,1.85069,1.48186,1.96241,2.11428,1.76438,2.00931,0.695088,0.695088,0.718326,0.718326,0.795446,1.2253,0.775633,0.628642,0.43027
2026-01-07,-0.344585,3.25664,2.38521,3.31047,1.59746,1.23852,1.64791,1.66559,1.36101,1.84182,2.25884,1.75187,2.37429,1.75475,1.40505,1.86068,1.9574,1.60774,1.8525,0.725896,0.725896,0.739374,0.739374,0.656168,1.2253,0.771049,0.622658,0.407966
2026-01-08,0.00765475,3.25664,2.38521,3.31047,1.57589,1.2215,1.6257,1.64315,1.34245,1.81714,2.22709,1.72725,2.34092,1.68204,1.34683,1.78358,2.02708,1.67998,1.92295,0.709267,0.709267,0.807629,0.807629,0.730337,1.2253,0.759971,0.613906,0.39106
2026-01-09,0.645461,3.25664,2.38521,3.31047,1.51728,1.17528,1.56535,1.5822,1.292,1.75008,2.01996,1.56661,2.12321,1.69417,1.35654,1.79644,1.98766,1.64359,1.88444,0.744151,0.744151,0.762178,0.762178,0.710776,1.2253,0.729876,0.556812,0.393881
2026-01-12,0.157639,3.25664,2.38521,3.31047,1.50701,1.16755,1.5544,1.58454,1.29211,1.75659,2.14455,1.66324,2.25417,1.87897,1.50451,1.9924,2.00323,1.66273,1.90108,0.68244,0.68244,0.70868,0.70868,0.729442,1.22354,0.731379,0.591155,0.436844
2026-01-13,-0.194101,3.25664,2.38521,3.31047,1.45249,1.12453,1.49828,1.5274,1.24487,1.69359,1.99657,1.54847,2.09862,1.80389,1.44439,1.91279,1.85903,1.5259,1.75909,0.642025,0.642025,0.656612,0.656612,0.634855,1.22354,0.703127,0.550363,0.41939
2026-01-14,-0.534763,3.25664,2.38521,3.31047,1.42116,1.09979,1.46602,1.49455,1.21773,1.65747,1.97847,1.53366,2.07208,1.83505,1.46477,1.94466,1.80692,1.4922,1.71251,0.596371,0.596371,0.678324,0.678324,0.637445,1.222,0.674336,0.545374,0.426634
2026-01-15,0.25766,3.25664,2.38521,3.31047,1.46114,1.13135,1.50717,1.53646,1.25238,1.70364,2.03659,1.57872,2.13295,1.87738,1.49856,1.98952,1.73804,1.45045,1.65177,0.631135,0.631135,0.703788,0.703788,0.653096,1.222,0.694726,0.561394,0.436475
2026-01-16,-0.0642502,3.25664,2.38521,3.31047,1.41513,1.09504,1.45982,1.48824,1.21251,1.65052,1.96289,1.52159,2.05576,1.72674,1.37832,1.82988,1.7813,1.48262,1.69169,0.609997,0.609997,0.686728,0.686728,0.658159,1.222,0.671264,0.541079,0.401453
2026-01-20,-2.08425,3.25664,2.38521,3.31047,1.37421,1.06275,1.41769,1.44534,1.17709,1.60337,1.89082,1.46572,1.98029,1.60154,1.27838,1.6972,1.7817,1.46929,1.68797,0.633296,0.633296,0.679213,0.679213,0.623212,1.21066,0.648165,0.521214,0.372345
2026-01-21,1.15211,3.25664,2.38521,3.31047,2.17533,1.69494,2.24239,2.35376,1.89415,2.58374,2.51246,1.93297,2.64284,1.80246,1.43354,1.93313,2.57241,2.13565,2.44138,0.77788,0.77788,0.985047,0.985047,0.939105,1.222,1.05895,0.687025,0.416238
2026-01-22,0.54725,3.25664,2.38521,3.31047,2.22799,1.7365,2.2966,2.41055,1.94031,2.64589,2.49187,1.91713,2.62118,2.17114,1.72676,2.32854,2.68267,2.21263,2.54166,0.651593,0.651593,0.791679,0.791679,0.938112,1.21066,1.08581,0.681394,0.501376
2026-01-23,0.0326821,3.25664,2.38521,3.31047,2.14551,1.67142,2.2117,2.32161,1.86801,2.54851,2.47713,1.90579,2.60568,2.1334,1.69675,2.28807,2.24211,1.86724,2.12965,0.669607,0.669607,0.694286,0.694286,0.825969,1.21066,1.04375,0.677363,0.492662
2026-01-26,0.499359,3.25664,2.38521,3.31047,2.04086,1.58883,2.10397,2.20877,1.77628,2.42503,2.21875,1.707,2.33388,1.82262,1.44957,1.95475,2.19322,1.80411,2.07649,0.680137,0.680137,0.728311,0.728311,0.753573,1.21066,0.990379,0.606708,0.420892
2026-01-27,0.407359,3.25664,2.38521,3.31047,1.96825,1.53153,2.02921,2.13046,1.72014,2.34196,2.27229,1.74819,2.39021,1.84883,1.47042,1.98287,2.06484,1.70548,1.95704,0.581028,0.581028,0.656735,0.656735,0.724267,1.21066,0.953345,0.62135,0.426947
2026-01-28,-0.00817246,3.25664,2.38521,3.31047,1.89138,1.47087,1.95008,2.04757,1.65248,2.25632,2.24483,1.72707,2.36132,1.73322,1.37847,1.85887,2.08156,1.72107,1.97341,0.590561,0.590561,0.69003,0.69003,0.725949,1.21066,0.914143,0.613842,0.400249
2026-01-29,-0.129346,3.25664,2.38521,3.31047,1.80722,1.40446,1.86345,1.95683,1.5784,2.15413,2.18222,1.67889,2.29546,1.58535,1.26087,1.70029,1.83499,1.5272,1.74265,0.553115,0.553115,0.70922,0.70922,0.666276,1.21066,0.871224,0.59672,0.366102
2026-01-30,-0.431118,3.25664,2.38521,3.31047,1.73713,1.34914,1.79129,1.88124,1.51671,2.06976,2.00039,1.539,2.10419,1.4942,1.18838,1.60253,1.7066,1.40158,1.6151,0.556852,0.556852,0.72025,0.72025,0.568454,1.21066,0.835478,0.546999,0.345053
2026-02-02,0.537678,3.25664,2.34319,3.3071,1.71511,1.33177,1.76863,1.8575,1.49073,2.04222,2.06895,1.59175,2.17631,1.69624,1.34486,1.81876,1.7834,1.4761,1.69121,0.571883,0.571883,0.763767,0.763767,0.631467,1.20935,0.821506,0.565746,0.391709
2026-02-03,-0.843948,3.25664,2.34319,3.3071,1.67784,1.30235,1.73025,1.81731,1.45805,1.99805,2.00666,1.54383,2.11079,1.82697,1.44851,1.95894,1.88482,1.55796,1.78676,0.540369,0.540369,0.712185,0.712185,0.659844,1.20935,0.802552,0.548714,0.421898
2026-02-04,-0.508531,3.25664,2.34319,3.3071,1.77227,1.37688,1.82747,1.91914,1.54084,2.10925,2.14565,1.65076,2.25699,1.83844,1.4576,1.97123,2.04306,1.69562,1.93883,0.596581,0.596581,0.77243,0.77243,0.736003,1.20935,0.853401,0.586719,0.424546
2026-02-05,-1.23267,3.25664,2.34319,3.3071,1.76219,1.36892,1.81709,1.90827,1.532,2.09719,2.06592,1.58942,2.17312,1.78535,1.41552,1.91431,2.06796,1.70994,1.96056,0.638322,0.638322,0.765195,0.765195,0.736037,1.20935,0.848259,0.564918,0.412288
2026-02-06,1.95043,3.25664,2.34319,3.3071,1.98738,1.54663,2.04891,2.15109,1.72939,2.363,2.26263,1.74076,2.38005,1.83124,1.4519,1.96351,2.08388,1.73206,1.97834,0.71621,0.71621,0.866189,0.866189,0.762961,1.21066,0.980315,0.618709,0.422884
2026-02-09,0.468012,3.25664,2.34319,3.3071,2.39181,1.86578,2.46525,2.58721,2.08392,2.84119,2.64551,2.03533,2.78279,2.04306,1.61984,2.19063,2.06381,1.72205,1.96129,0.722041,0.722041,0.675142,0.675142,0.772846,1.20935,1.16936,0.723405,0.471799
2026-02-10,-0.330917,3.25664,2.34319,3.3071,2.30698,1.78748,2.38489,2.43961,1.99021,2.7045,2.35096,1.80872,2.47296,1.90617,1.51131,2.04386,1.91256,1.59086,1.81605,0.717248,0.717248,0.747818,0.747818,0.699903,1.19221,1.09986,0.642863,0.440188
2026-02-11,-0.00489654,3.25664,2.34319,3.3071,2.21937,1.71875,2.29445,2.34718,1.91411,2.60194,2.31108,1.77803,2.431,1.98148,1.57102,2.12461,2.02064,1.67139,1.91586,0.742481,0.742481,0.865903,0.865903,0.720535,1.19221,1.05613,0.631956,0.457579
2026-02-12,-1.57849,3.25664,2.34319,3.3071,2.11336,1.63559,2.18501,2.23534,1.82203,2.479,2.13659,1.64379,2.24746,1.89276,1.50067,2.02947,1.93206,1.60552,1.83409,0.729247,0.729247,0.82222,0.82222,0.702421,1.19221,1.00322,0.584242,0.43709
2026-02-13,0.0498956,3.25664,2.34319,3.3071,2.4117,1.86962,2.49298,2.55009,2.08116,2.82565,2.34282,1.80245,2.4644,2.08694,1.65979,2.24091,2.53387,2.09551,2.40236,0.876838,0.876838,0.95253,0.95253,0.901157,1.20935,1.16822,0.640636,0.481931
2026-02-17,0.103079,3.25664,2.34319,3.3071,2.29023,1.77433,2.36759,2.42193,1.97565,2.68732,2.25044,1.73138,2.36722,1.87341,1.48996,2.01162,2.28043,1.88368,2.1614,0.739999,0.739999,0.917602,0.917602,0.802881,1.19221,1.10681,0.615374,0.432622
2026-02-18,0.555065,3.25664,2.34319,3.3071,2.17724,1.68571,2.25096,2.30273,1.87752,2.55512,2.07331,1.59511,2.1809,1.80555,1.436,1.93876,2.22867,1.8216,2.10655,0.647122,0.647122,0.764752,0.764752,0.741793,1.19221,1.04969,0.56694,0.416951
2026-02-19,-0.282613,3.25664,2.34319,3.3071,2.10303,1.62749,2.17435,2.22444,1.81306,2.46867,2.02694,1.55943,2.13213,1.76335,1.40243,1.89344,2.09641,1.72402,1.98469,0.611255,0.611255,0.768273,0.768273,0.723193,1.19221,1.01217,0.55426,0.407206
2026-02-20,0.691577,3.25664,2.34319,3.3071,2.02696,1.56781,2.09581,2.14418,1.74699,2.38306,1.86654,1.43603,1.9634,1.69465,1.34779,1.81968,1.92989,1.58205,1.82554,0.620184,0.620184,0.821635,0.821635,0.64492,1.18159,0.960086,0.510399,0.391341
2026-02-23,-1.044,3.25664,2.34319,3.3071,1.98845,1.53761,2.05606,2.10356,1.71354,2.33911,1.79592,1.3817,1.88912,1.83214,1.45715,1.96731,1.72044,1.40826,1.62679,0.61756,0.61756,0.796034,0.796034,0.574424,1.18159,0.940866,0.491088,0.423093
2026-02-24,0.762249,3.25664,2.34319,3.3071,2.10224,1.62687,2.17352,2.26177,1.81237,2.47798,2.17098,1.67025,2.28364,2.02932,1.61397,2.17904,2.08614,1.72243,1.97703,0.714642,0.714642,0.896663,0.896663,0.727695,1.18159,1.01177,0.593648,0.468627
2026-02-25,0.810344,3.25664,2.34319,3.3071,2.06948,1.60117,2.13971,2.18904,1.78392,2.43731,2.11222,1.62504,2.22183,1.87422,1.49061,2.01249,2.02403,1.66789,1.91719,0.674704,0.674704,0.842486,0.842486,0.707403,1.18159,0.995206,0.577579,0.432809
2026-02-26,-0.538002,3.25664,2.34319,3.3071,2.05012,1.58598,2.11973,2.24578,1.76711,2.41863,2.22143,1.70906,2.3367,1.9006,1.51159,2.04082,2.07068,1.70669,1.96148,0.639307,0.639307,0.820526,0.820526,0.719941,1.17231,0.97165,0.607441,0.438902
2026-02-27,-0.43488,3.25664,2.34319,3.3071,2.0193,1.56181,2.08791,2.36024,1.74034,2.38862,2.07465,1.59614,2.18231,1.91749,1.52503,2.05896,2.12261,1.75005,2.01084,0.715114,0.715114,0.82076,0.82076,0.745799,1.17231,0.956265,0.567306,0.442802
2026-03-02,0.039827,3.25664,2.34319,3.3071,1.97271,1.52526,2.03981,2.23345,1.69987,2.33094,2.07027,1.59277,2.1777,1.81822,1.44608,1.95237,2.09893,1.72751,1.9875,0.686591,0.686591,0.800638,0.800638,0.731076,1.17231,0.933008,0.566108,0.419878
2026-03-03,-0.94889,3.25664,2.34319,3.3071,1.88441,1.45599,1.94866,2.09939,1.62317,2.22597,2.01684,1.55166,2.1215,1.76338,1.40246,1.89348,1.95782,1.60952,1.85333,0.607097,0.607097,0.830728,0.830728,0.674968,1.17231,0.888932,0.551497,0.407213
2026-03-04,0.772612,3.25664,2.26822,3.28093,1.98318,1.53347,2.05062,2.098,1.70871,2.32254,2.19801,1.6902,2.30913,2.00273,1.59282,2.15048,1.99306,1.66255,1.8939,0.68807,0.68807,0.913104,0.913104,0.752149,1.16653,0.938236,0.601038,0.462485
2026-03-05,-0.56627,3.25664,2.26822,3.28093,1.96527,1.51942,2.03213,2.07909,1.69315,2.30165,2.19395,1.68708,2.30487,2.00446,1.5942,2.15235,1.969,1.64122,1.87067,0.608829,0.608829,0.765628,0.765628,0.739746,1.16653,0.929293,0.599928,0.462886
2026-03-06,-1.33657,3.25664,2.26822,3.28093,1.94936,1.50694,2.0157,2.06231,1.67944,2.28383,2.20264,1.69376,2.31399,1.88075,1.4958,2.0195,2.1147,1.75618,2.00715,0.65852,0.65852,0.878773,0.878773,0.779863,1.16653,0.934477,0.602304,0.434316
2026-03-09,0.826987,3.25664,2.26822,3.28093,2.18031,1.68811,2.25412,2.30597,1.88,2.55225,2.35021,1.80724,2.46903,2.02241,1.60847,2.17162,2.32531,1.94532,2.21132,0.730295,0.730295,1.0464,1.0464,0.891545,1.17231,1.05204,0.642656,0.46703
2026-03-10,-0.213739,3.25664,2.26822,3.28093,2.15251,1.6663,2.22542,2.27664,1.85588,2.52009,2.32378,1.78691,2.44126,2.05002,1.63043,2.20127,2.45582,2.04418,2.33233,0.65969,0.65969,0.88972,0.88972,0.913365,1.16653,1.03718,0.635429,0.473407
2026-03-11,-0.0837956,3.25664,2.26822,3.28093,2.06377,1.59494,2.13514,2.16398,1.77772,2.41306,2.26553,1.74212,2.38006,1.86401,1.48249,2.00153,2.37692,1.98675,2.25987,0.673166,0.673166,0.855105,0.855105,0.899753,1.16653,0.99394,0.6195,0.430451
2026-03-12,-1.53448,3.25664,2.26822,3.28093,1.9752,1.52556,2.04366,2.07131,1.70093,2.3109,2.17555,1.67293,2.28553,1.75749,1.39778,1.88716,2.55647,2.12495,2.42701,0.69868,0.69868,0.938045,0.938045,0.942798,1.16653,0.950764,0.594895,0.405854
2026-03-13,-0.607755,3.25664,2.26822,3.28093,2.27832,1.76303,2.35676,2.3931,1.964,2.66404,2.48991,1.91466,2.61579,2.17484,1.73057,2.34204,2.50531,2.0939,2.38188,0.826902,0.826902,0.878469,0.878469,0.94677,1.17231,1.12789,0.680857,0.502232
2026-03-16,1.00799,3.25664,2.26822,3.28093,2.2377,1.73121,2.31481,2.35101,1.92875,2.61688,2.43294,1.87085,2.55594,2.17746,1.73265,2.34485,2.59631,2.17153,2.46888,0.870546,0.870546,0.987779,0.987779,0.987691,1.17231,1.10691,0.665278,0.502835
2026-03-17,0.249114,3.25664,2.26822,3.28093,2.24509,1.73699,2.32243,2.35842,1.93516,2.62544,2.54093,1.95389,2.66939,2.18385,1.73774,2.35174,2.35821,1.98336,2.24575,0.898794,0.898794,0.962389,0.962389,0.925733,1.17231,1.11073,0.694808,0.504312
2026-03-18,-1.3701,3.25664,2.26822,3.28093,2.14061,1.65514,2.21451,2.24438,1.84448,2.50353,2.30689,1.77393,2.42352,1.90691,1.51737,2.05351,2.368,1.96788,2.24796,0.910089,0.910089,0.98379,0.98379,0.858764,1.17231,1.05676,0.630811,0.440359
2026-03-19,-0.275259,3.25664,2.26822,3.28093,2.34161,1.81261,2.42214,2.45468,2.01893,2.73699,2.58252,1.98587,2.71308,2.09028,1.66328,2.25098,2.51354,2.10416,2.39073,1.03447,1.03447,1.09325,1.09325,0.968918,1.18159,1.16149,0.706181,0.482704
2026-03-20,-1.52539,3.25664,2.26822,3.28093,2.24615,1.73783,2.32353,2.35615,1.93608,2.62644,2.45302,1.88629,2.57703,1.94593,1.54842,2.09553,2.40862,2.00496,2.28752,0.959657,0.959657,1.17166,1.17166,0.891969,1.17231,1.11239,0.670769,0.44937
2026-03-23,1.13881,3.25664,2.26822,3.28093,2.48749,1.9269,2.57283,2.61462,2.14554,2.90728,2.64231,2.03185,2.77589,2.35532,1.87417,2.53639,2.6736,2.2206,2.5377,0.956917,0.956917,1.11752,1.11752,0.980256,1.18159,1.24673,0.722529,0.543908
2026-03-24,-0.37496,3.25664,2.26822,3.28093,2.49758,1.9348,2.58325,2.61787,2.1543,2.91817,2.60841,2.00579,2.74028,2.57663,2.05027,2.77471,2.65979,2.20981,2.52479,0.948492,0.948492,1.03315,1.03315,0.979247,1.18159,1.24621,0.713261,0.595015
2026-03-25,0.54045,3.25664,2.26822,3.28093,2.40047,1.85873,2.48294,2.51626,2.07001,2.80463,2.52809,1.94402,2.6559,2.33893,1.86114,2.51874,2.54345,2.11139,2.41383,0.894308,0.894308,1.03626,1.03626,0.931663,1.18159,1.19217,0.691298,0.540124
2026-03-26,-1.75594,3.25664,2.26822,3.28093,2.30705,1.78554,2.38644,2.41852,1.98894,2.6962,2.41782,1.85923,2.54005,2.18334,1.73733,2.35119,2.43846,2.03209,2.31655,0.975027,0.975027,0.968751,0.968751,0.90885,1.18159,1.14388,0.661144,0.504193
2026-03-27,-1.68632,3.25664,2.26822,3.28093,2.63166,2.03985,2.72175,2.75816,2.27055,3.07244,2.69449,2.07198,2.83071,2.45991,1.96858,2.64942,2.97349,2.48354,2.8265,1.10549,1.10549,1.12422,1.12422,1.12977,1.19221,1.32181,0.736799,0.568061
2026-03-30,-0.395356,3.25664,2.26822,3.28093,2.86193,2.22025,2.95961,3.0057,2.47052,3.34232,2.91198,2.23922,3.0592,2.65341,2.12343,2.85783,3.40311,2.84402,3.23539,1.35305,1.35305,1.29598,1.29598,1.33485,1.19221,1.46334,0.796271,0.612746
2026-03-31,2.87149,3.25664,2.26822,3.28093,2.7378,2.123,2.83139,2.86921,2.36275,3.19621,2.697,2.0739,2.83335,2.35635,1.8857,2.53788,3.14957,2.65329,3.00069,1.16502,1.16502,1.26367,1.26367,1.28909,1.19221,1.37707,0.737484,0.544146
2026-04-01,0.714294,3.25664,2.26822,3.28093,3.3853,2.63029,3.50024,3.54668,2.92443,3.94654,4.30093,3.30728,4.51837,3.60495,2.88492,3.88268,4.31641,3.59864,4.10108,1.2844,1.2844,1.01842,1.01842,1.6734,1.19221,1.71422,1.17607,0.832484
2026-04-02,0.112025,3.25664,2.26822,3.28093,3.2338,2.5116,3.34375,3.38817,2.79323,3.77232,3.58474,2.75655,3.76597,3.18676,2.55025,3.43227,3.46253,2.90037,3.29388,1.21857,1.21857,1.02423,1.02423,1.34889,1.18159,1.63533,0.980235,0.735911
2026-04-06,0.441702,3.25664,2.26822,3.28093,3.05642,2.37262,3.16051,3.20257,2.63927,3.56624,3.23629,2.48861,3.39991,2.51541,2.01299,2.7092,3.31545,2.76334,3.14982,1.12237,1.12237,0.978046,0.978046,1.26438,1.18159,1.54297,0.884953,0.580878
2026-04-07,0.0758957,3.25664,2.26822,3.28093,2.9034,2.25275,3.00245,3.04248,2.50597,3.38547,2.77959,2.13742,2.92012,2.37201,1.89824,2.55475,3.13246,2.60508,2.97425,0.990157,0.990157,0.838933,0.838933,1.16729,1.18159,1.4633,0.76007,0.547763
2026-04-08,2.4772,3.25664,2.26822,3.28093,2.74868,2.13153,2.84263,2.88059,2.3602,3.20331,2.59837,1.99806,2.72973,2.14563,1.71707,2.31093,2.95718,2.45855,2.80759,0.940394,0.940394,0.900941,0.900941,1.0972,1.18159,1.38273,0.710514,0.495485
2026-04-09,0.615107,3.25664,2.26822,3.28093,3.19832,2.47946,3.31013,3.33347,2.7488,3.70577,3.38085,2.59976,3.55177,2.69068,2.15325,2.89797,3.48724,2.92002,3.31707,1.15371,1.15371,0.821251,0.821251,1.36838,1.17231,1.59738,0.92448,0.621352
2026-04-10,-0.113918,3.25664,2.26822,3.28093,3.05611,2.36825,3.16309,3.17189,2.62597,3.53736,3.10476,2.38746,3.26172,2.57192,2.05822,2.77007,3.12984,2.59197,2.96848,1.03506,1.03506,0.853226,0.853226,1.12555,1.17231,1.52422,0.848986,0.593928
2026-04-13,1.01219,3.25664,2.26822,3.28093,2.90177,2.24756,3.00351,3.01188,2.49267,3.35878,3.13307,2.40923,3.29147,2.20369,1.76353,2.37346,3.10632,2.57381,2.94656,0.982196,0.982196,0.953543,0.953543,1.11787,1.17231,1.44482,0.856728,0.508892
2026-04-14,1.1714,3.25664,2.26822,3.28093,2.84195,2.20079,2.94167,2.94987,2.44101,3.29268,3.37053,2.59183,3.54093,2.53701,2.03028,2.73246,3.24665,2.65667,3.06966,0.828344,0.828344,0.807217,0.807217,1.09077,1.16653,1.41405,0.92166,0.585866
2026-04-15,0.794414,3.25664,2.26822,3.28093,2.82148,2.18478,2.92051,2.92865,2.41962,3.26263,3.43737,2.64323,3.61115,2.77855,2.22357,2.99261,3.19719,2.61472,3.02245,0.839395,0.839395,0.692484,0.692484,1.06009,1.16653,1.40352,0.939937,0.641644
2026-04-16,0.260656,3.25664,2.26822,3.28093,2.73147,2.1144,2.82745,2.83534,2.3456,3.16532,3.07044,2.36107,3.22567,2.63128,2.10572,2.834,3.22529,2.64232,3.0504,0.893601,0.893601,0.678401,0.678401,1.08883,1.16653,1.35722,0.839602,0.607636
2026-04-17,1.19686,3.25664,2.26822,3.28093,2.59735,2.00952,2.68878,2.6963,2.21719,3.00364,2.98773,2.29747,3.13878,2.35476,1.88443,2.53617,3.06666,2.48655,2.89263,0.750295,0.750295,0.654951,0.654951,0.959951,1.16653,1.28822,0.816984,0.543779
2026-04-20,-0.237721,3.25664,2.26822,3.28093,2.61042,2.01974,2.70229,2.73112,2.24105,3.02806,3.14106,2.41537,3.29986,2.37236,1.89851,2.55513,2.86962,2.35674,2.71575,0.839389,0.839389,0.501593,0.501593,0.973658,1.16545,1.28523,0.858911,0.547843
2026-04-21,-0.636844,3.25664,2.16582,3.25906,2.49512,1.92958,2.58308,2.76884,2.12282,2.91102,3.04769,2.34357,3.20176,2.17622,1.73166,2.34262,2.73732,2.24748,2.59037,0.930921,0.930921,0.749356,0.749356,0.930394,1.16217,1.20815,0.833379,0.502549
2026-04-22,1.04058,3.25664,2.16582,3.25906,2.44094,1.88722,2.52707,2.60062,2.07642,2.8419,2.93526,2.25712,3.08365,2.21535,1.7628,2.38475,2.95212,2.41908,2.79221,1.05107,1.05107,0.888107,0.888107,0.99763,1.16217,1.18085,0.802636,0.511586
2026-04-23,-0.414143,3.25664,2.13843,3.23139,2.43442,1.88212,2.52032,2.84915,2.07084,2.83649,3.19141,2.45409,3.35275,2.45276,1.95171,2.64031,2.96277,2.45239,2.80966,1.17203,1.17203,0.893362,0.893362,1.06434,1.16111,1.17012,0.87268,0.566411
2026-04-24,0.794207,3.25664,2.13843,3.23139,2.35129,1.81711,2.43437,2.75205,1.99963,2.73518,2.96087,2.27681,3.11056,2.45145,1.95067,2.6389,2.97866,2.46127,2.82345,1.22444,1.22444,0.941891,0.941891,1.05364,1.16111,1.12848,0.809639,0.566107
2026-04-27,0.123162,3.25664,2.13843,3.23139,2.30366,1.77986,2.38512,2.69698,1.95884,2.7042,2.87044,2.20727,3.01555,2.3575,1.87591,2.53777,2.75453,2.27384,2.61032,1.09576,1.09576,0.764952,0.764952,0.969964,1.16111,1.10462,0.784911,0.544412
2026-04-28,-0.490619,3.04484,2.13534,3.16906,2.19661,1.69615,2.27444,2.5003,1.8483,2.55726,2.7019,2.07767,2.83849,2.2098,1.7575,2.37604,2.74324,2.25756,2.59753,0.928828,0.928828,0.751894,0.751894,0.948618,1.1596,1.02941,0.738824,0.510303
2026-04-29,-0.039925,3.04484,2.13534,3.16906,2.14551,1.6562,2.22162,2.39188,1.80495,2.49566,2.44852,1.88284,2.57231,2.05926,1.63778,2.21419,2.65129,2.18319,2.51086,0.920894,0.920894,0.766587,0.766587,0.922974,1.1596,1.0043,0.66954,0.475541
2026-04-30,1.01862,3.04484,2.13534,3.16906,2.0527,1.58362,2.12566,2.23389,1.72621,2.38564,2.10646,1.6198,2.21295,1.82718,1.4532,1.96464,2.40654,1.98808,2.281,0.759594,0.759594,0.757125,0.757125,0.853645,1.1596,0.958681,0.576004,0.421946
2026-05-01,0.292404,3.04484,2.13534,3.16906,2.08693,1.61038,2.16104,2.44476,1.77322,2.45695,2.27574,1.74997,2.39079,2.1434,1.7047,2.30466,2.37897,1.97032,2.25637,0.919202,0.919202,0.761791,0.761791,0.853025,1.1596,0.975504,0.622292,0.494971
2026-05-04,-0.407046,2.99414,2.10057,3.10927,2.00124,1.54338,2.07245,2.34504,1.68278,2.35611,2.23411,1.71796,2.34706,2.19339,1.74445,2.3584,2.28217,1.88444,2.16285,0.853159,0.853159,0.875948,0.875948,0.793802,1.14035,0.933391,0.610909,0.506514
2026-05-05,0.808723,2.99414,2.10057,3.10927,1.95527,1.50744,2.02493,2.29156,1.64378,2.29875,2.04514,1.57265,2.14853,2.1843,1.73722,2.34863,2.16595,1.78924,2.05294,0.840421,0.840421,0.85363,0.85363,0.762868,1.14035,0.910801,0.559236,0.504415
2026-05-06,1.44823,2.95464,2.08463,3.06301,1.95136,1.50438,2.02088,2.287,1.59769,2.27675,2.15546,1.65748,2.26443,2.10878,1.67716,2.26743,2.23792,1.84527,2.12012,0.750755,0.750755,0.75456,0.75456,0.788919,1.13628,0.898907,0.589403,0.486976
2026-05-07,-0.380982,2.95464,2.08463,3.06301,2.10215,1.62132,2.17661,2.43855,1.74285,2.46989,2.25197,1.7317,2.36583,2.25156,1.79072,2.42095,2.34965,1.92296,2.22164,0.841385,0.841385,0.686013,0.686013,0.786443,1.13628,0.989731,0.615795,0.519948
2026-05-08,0.839093,2.95464,2.08463,3.06301,2.04362,1.57554,2.1161,2.3711,1.69384,2.40596,1.98307,1.52491,2.08332,2.05655,1.63563,2.21127,2.1438,1.7547,2.02707,0.799426,0.799426,0.760916,0.760916,0.714343,1.13386,0.951031,0.542262,0.474915
2026-05-11,0.187818,2.95464,2.08463,3.06301,2.03255,1.56688,2.10466,2.35835,1.68458,2.39029,2.01624,1.55043,2.11818,2.07032,1.64657,2.22607,2.14797,1.75545,2.03022,0.669465,0.669465,0.664403,0.664403,0.708292,1.13386,0.945588,0.551334,0.478094
2026-05-12,-0.160464,2.95464,2.08463,3.06301,1.94736,1.50024,2.0166,2.26018,1.61325,2.30291,1.98505,1.52644,2.0854,2.03398,1.61767,2.187,2.0823,1.71106,1.97092,0.695842,0.695842,0.596437,0.596437,0.711073,1.13386,0.903694,0.542804,0.469703
2026-05-13,0.583285,2.95464,2.08463,3.06301,1.87863,1.44647,1.94556,2.18099,1.5557,2.21901,1.88581,1.45012,1.98114,2.19588,1.74644,2.36108,2.02165,1.65745,1.91239,0.742221,0.742221,0.734283,0.734283,0.683719,1.13386,0.869896,0.515667,0.50709
2026-05-14,0.762659,2.95464,2.08463,3.06301,1.83985,1.41613,1.90546,2.13629,1.52323,2.18464,1.90746,1.46678,2.0039,2.21456,1.76129,2.38117,1.85079,1.50618,1.7474,0.707473,0.707473,0.788408,0.788408,0.596979,1.13386,0.850823,0.521589,0.511404
2026-05-15,-1.24407,2.84146,2.0361,2.98145,1.83624,1.41331,1.90174,1.93578,1.52022,2.12983,2.00985,1.54069,2.11143,2.07028,1.64142,2.22211,1.80704,1.46433,1.70423,0.616372,0.616372,0.650885,0.650885,0.562411,1.12905,0.84906,0.549585,0.478086
2026-05-18,-0.0735696,2.84146,2.0361,2.98145,2.03575,1.56938,2.10796,2.1455,1.68727,2.35912,2.21781,1.70011,2.3299,2.17426,1.72386,2.33371,2.43503,1.99467,2.30292,0.73061,0.73061,0.763895,0.763895,0.824202,1.13386,0.956778,0.606452,0.502097
2026-05-19,-0.670092,2.84146,2.0361,2.98145,1.954,1.50543,2.02347,2.05957,1.61882,2.26436,2.12083,1.62576,2.22802,2.03264,1.61157,2.1817,2.73602,2.26165,2.59371,0.688022,0.688022,0.822845,0.822845,0.98413,1.13386,0.916213,0.579933,0.469392
2026-05-20,1.07335,2.84146,2.0361,2.98145,1.96251,1.51208,2.03225,2.06851,1.62594,2.27548,2.23671,1.7146,2.34976,2.04089,1.61811,2.19055,3.13853,2.61878,2.9826,0.687356,0.687356,0.831695,0.831695,1.2016,1.13386,0.920432,0.611621,0.471297
2026-05-21,0.171413,2.84146,2.0361,2.98145,2.01707,1.55477,2.08866,2.12587,1.67163,2.33808,2.42369,1.85793,2.54619,2.15029,1.70485,2.30798,3.05836,2.5237,2.89796,0.734051,0.734051,0.774944,0.774944,1.09745,1.13386,0.947511,0.66275,0.496561
2026-05-22,0.371987,2.84146,2.0361,2.98145,1.93275,1.48881,2.0015,2.03723,1.60103,2.24065,2.44513,1.87436,2.56871,2.26781,1.79803,2.43412,2.87985,2.41722,2.74106,0.758573,0.758573,0.75569,0.75569,1.12643,1.13386,0.905667,0.668611,0.523701
2026-05-26,0.609068,2.84146,2.0361,2.98145,1.8652,1.43597,1.93167,1.96622,1.55487,2.16527,2.45631,1.88293,2.58046,2.3154,1.83576,2.4852,2.42433,2.02309,2.30396,0.855017,0.855017,0.843147,0.843147,0.922988,1.13386,0.872143,0.671669,0.53469
2026-05-27,0.016474,2.84146,2.0361,2.98145,1.83161,1.40969,1.89695,1.93091,1.57192,2.13447,2.51729,1.92968,2.64452,2.17735,1.72631,2.33703,2.52584,2.11152,2.40154,0.835113,0.835113,0.853903,0.853903,0.962173,1.13386,0.855476,0.688343,0.502811
2026-05-28,0.573638,2.84146,2.0361,2.98145,1.76291,1.35594,1.82592,1.85868,1.51238,2.05359,2.50938,1.92362,2.63621,1.93313,1.53268,2.07489,2.60239,2.16941,2.4725,0.884616,0.884616,0.878701,0.878701,0.980882,1.13386,0.821377,0.686182,0.446413
2026-05-29,0.216972,2.84146,2.0361,2.98145,1.73426,1.33353,1.79631,1.82856,1.48754,2.01948,2.50005,1.91646,2.62641,1.99773,1.5839,2.14424,2.70992,2.247,2.57105,0.854316,0.854316,0.850214,0.850214,0.983978,1.13386,0.807159,0.683629,0.461332
2026-06-01,0.262307,2.84146,2.0361,2.98145,1.67446,1.28676,1.7345,1.76571,1.43593,1.95647,2.60676,1.99826,2.73851,1.89174,1.49986,2.03047,2.60792,2.14824,2.47001,0.765997,0.765997,0.795167,0.795167,0.896791,1.13386,0.777486,0.712808,0.436855
2026-06-02,0.129054,2.84146,2.0361,2.98145,1.62194,1.24567,1.68021,1.7479,1.39063,1.90357,2.56746,1.96814,2.69723,1.86147,1.47586,1.99798,2.73815,2.25884,2.59436,0.739758,0.739758,0.698651,0.698651,0.95581,1.12905,0.743683,0.702064,0.429865
2026-06-03,-0.739988,2.84146,2.0361,2.98145,1.56991,1.20497,1.62642,1.66888,1.34545,1.83839,2.61688,2.00602,2.74914,1.90026,1.50662,2.03961,2.40888,1.96993,2.27719,0.661494,0.661494,0.732416,0.732416,0.792333,1.12905,0.718092,0.715577,0.438822
2026-06-04,0.404801,2.84146,2.0361,2.98145,1.64818,1.26619,1.70733,1.74203,1.41319,1.92729,2.71198,2.07892,2.84905,2.0441,1.62066,2.19401,2.59439,2.15605,2.46289,0.784482,0.784482,0.816879,0.816879,0.947738,1.12905,0.76444,0.741581,0.47204
2026-06-05,-2.68023,2.84146,2.0361,2.98145,1.59665,1.22452,1.65464,1.69336,1.37858,1.88228,2.51586,1.92859,2.64302,1.88666,1.49584,2.02502,2.4869,2.06929,2.36161,0.733968,0.733968,0.832754,0.832754,0.921236,1.12905,0.756879,0.687954,0.435683
2026-06-08,0.297367,2.84146,2.0361,2.99231,2.61735,2.02253,2.71004,3.08199,2.2688,3.18254,3.20404,2.41297,3.33356,2.44609,1.88301,2.60045,3.67069,3.04728,3.48367,1.02875,1.02875,1.12055,1.12055,1.34054,1.12905,1.27505,0.858013,0.546746
2026-06-09,-0.257918,2.74951,2.02474,2.95553,2.48557,1.9195,2.57378,3.00178,2.15391,3.03611,2.8604,2.15417,2.97603,2.05745,1.58383,2.18728,3.13344,2.62166,2.97991,0.83445,0.83445,0.840519,0.840519,1.1939,1.12456,1.20815,0.76599,0.459877
2026-06-10,-1.63325,2.7345,1.99424,2.87835,2.37617,1.83397,2.46067,2.87062,1.98988,2.87699,2.67069,2.00493,2.7717,1.90049,1.46301,2.02043,2.80295,2.32596,2.65985,0.834522,0.834522,0.866669,0.866669,1.016,1.12218,1.13671,0.715187,0.424795
2026-06-11,1.73679,2.7345,1.99424,2.87835,2.61834,2.02331,2.71107,3.16097,2.19441,3.16335,2.99358,2.24733,3.10681,2.16587,1.66813,2.31029,3.12424,2.60604,2.96878,1.01105,1.01105,1.05855,1.05855,1.16872,1.12456,1.27556,0.801655,0.484112
2026-06-12,0.501227,2.7345,1.99424,2.87835,2.77434,2.14527,2.87237,3.348,2.32616,3.35484,3.35132,2.51589,3.47807,2.93771,2.2626,3.13359,3.37171,2.79937,3.20001,0.971027,0.971027,0.998704,0.998704,1.22964,1.12456,1.35476,0.897453,0.656632
2026-06-15,1.63933,2.68077,1.88187,2.82588,2.6435,2.04298,2.73709,3.05908,2.17965,3.1481,3.10696,2.33245,3.22448,2.68773,2.07006,2.86694,3.26466,2.69683,3.09431,0.867967,0.867967,0.840077,0.840077,1.154,1.12218,1.27072,0.832017,0.600756
2026-06-16,-0.57001,2.68077,1.88187,2.82588,2.76311,2.13649,2.86076,3.19674,2.2791,3.28959,3.22312,2.41965,3.34502,2.90672,2.23873,3.10054,3.18969,2.65236,3.02849,0.83789,0.83789,0.819503,0.819503,1.16913,1.12218,1.33067,0.863122,0.649705
2026-06-17,-1.22232,2.68077,1.88187,2.82588,2.66677,2.06117,2.76115,3.08586,2.199,3.17575,3.07835,2.31097,3.19478,2.65284,2.04318,2.82972,2.82569,2.35411,2.68421,0.815145,0.815145,0.954284,0.954284,1.04624,1.12218,1.28238,0.824354,0.592957
2026-06-18,1.07886,2.68077,1.88187,2.82588,2.72269,2.10489,2.81896,3.15022,2.24549,3.24188,3.06846,2.30354,3.18452,2.50758,1.93131,2.67478,3.2285,2.70409,3.07118,0.959956,0.959956,1.00048,1.00048,1.22198,1.12456,1.31041,0.821706,0.560489
2026-06-22,-0.371258,2.68077,1.88187,2.82588,2.68237,2.07337,2.77728,3.10382,2.21197,3.19416,3.25482,2.44344,3.37792,2.71742,2.09292,2.89861,3.40407,2.8343,3.23314,0.923579,0.923579,0.961286,0.961286,1.25486,1.12456,1.2902,0.871611,0.607392
2026-06-23,-1.44662,2.68077,1.88187,2.82588,2.56766,1.98369,2.65867,2.97179,2.15063,3.06023,3.12724,2.34767,3.24552,2.69946,2.07909,2.87945,3.60483,2.96653,3.41334,0.829304,0.829304,0.888422,0.888422,1.23034,1.12456,1.24985,0.837447,0.603378
2026-06-24,-0.0983708,2.68077,1.88187,2.82588,2.70787,2.09331,2.80364,3.13317,2.23317,3.22468,3.23365,2.42756,3.35596,3.30542,2.5458,3.52581,4.08104,3.36098,3.86502,1.02127,1.02127,1.07155,1.07155,1.40485,1.12905,1.32746,0.865943,0.738821
2026-06-25,-0.0100016,2.68077,1.86358,2.81965,2.56996,1.98548,2.66104,2.97443,2.1185,3.0617,2.95215,2.21622,3.0638,2.87342,2.21308,3.06502,3.61717,2.99374,3.43014,1.02212,1.02212,0.975377,0.975377,1.28253,1.12456,1.25102,0.790558,0.642262
2026-06-26,-0.0471699,2.68077,1.86358,2.81965,2.43934,1.88336,2.52599,2.8241,2.0099,2.90704,2.80493,2.1057,2.91102,2.49989,1.92538,2.66657,3.38632,2.79197,3.20802,0.962162,0.962162,0.801776,0.801776,1.17845,1.12456,1.18471,0.751134,0.55877
2026-06-29,1.16814,2.68077,1.86358,2.81965,2.32017,1.79019,2.40276,2.68694,1.91081,2.76599,2.64654,1.9868,2.74664,2.23709,1.72298,2.38625,2.89547,2.38592,2.74261,1.0388,1.0388,0.856435,0.856435,1.00982,1.12456,1.12421,0.708721,0.50003
2026-06-30,0.78895,2.68077,1.86358,2.81965,2.34908,1.81279,2.43266,2.72021,1.93485,2.80019,2.77954,2.08665,2.88467,2.44451,1.88274,2.60751,3.03542,2.51821,2.88026,1.14558,1.14558,0.851716,0.851716,1.09665,1.12456,1.13888,0.744336,0.546393
2026-07-01,-0.215237,2.68077,1.86358,2.81965,2.29274,1.76875,2.3744,2.65536,1.888,2.7334,2.78704,2.09227,2.89245,2.37941,1.8326,2.53807,3.0843,2.54585,2.92277,1.1466,1.1466,0.82268,0.82268,1.08353,1.12456,1.11028,0.746343,0.531843
2026-07-02,6.81523e-05,2.68077,1.86358,2.81965,2.1959,1.69303,2.27426,2.5439,1.80747,2.61868,2.74302,2.05923,2.84677,2.4008,1.84907,2.56088,2.90466,2.40149,2.75371,1.03813,1.03813,0.836179,0.836179,1.02962,1.12456,1.04635,0.734557,0.536622
2026-07-06,0.721567,2.68077,1.86358,2.81965,2.09467,1.61388,2.16959,2.42738,1.7233,2.49898,2.77738,2.08503,2.88243,2.28267,1.75809,2.43487,2.7306,2.25622,2.58828,1.02661,1.02661,0.87241,0.87241,0.966546,1.12456,1.00972,0.743758,0.510218
2026-07-07,-0.446597,2.68077,1.86358,2.81965,2.08073,1.59533,2.16022,2.35631,1.68538,2.44278,2.71782,2.04031,2.82061,2.30011,1.77152,2.45348,2.86168,2.33991,2.70515,1.00218,1.00218,0.769114,0.769114,0.943717,1.12456,0.977956,0.727808,0.514117
2026-07-08,-0.282086,2.68077,1.86358,2.81965,2.03416,1.55909,2.11197,2.30388,1.64722,2.3886,2.71629,2.03916,2.81902,2.27006,1.74837,2.42142,3.09198,2.51628,2.91927,0.922143,0.922143,0.854158,0.854158,1.0048,1.12218,0.954841,0.727397,0.507399
2026-07-09,0.81106,2.68077,1.86358,2.81965,1.9696,1.50883,2.04506,2.23119,1.59432,2.31336,2.62856,1.9733,2.72798,2.12847,1.63932,2.27039,3.16862,2.57208,2.98965,1.02542,1.02542,0.83538,0.83538,1.00917,1.12218,0.922793,0.703905,0.475752
2026-07-10,0.419992,2.68077,1.86358,2.81965,1.96234,1.50318,2.03753,2.22302,1.58837,2.30477,2.63192,1.97583,2.73147,2.16497,1.66743,2.30932,2.92701,2.37509,2.76143,0.913018,0.913018,0.778596,0.778596,0.921734,1.12218,0.91919,0.704805,0.48391
2026-07-13,-0.795877,2.68077,1.86358,2.81965,1.89616,1.45168,1.96895,2.14851,1.53414,2.22747,2.54792,1.91276,2.64428,2.07603,1.59893,2.21445,2.4963,2.03095,2.3567,0.975745,0.975745,0.841277,0.841277,0.788197,1.12218,0.88634,0.682309,0.46403
2026-07-14,0.375164,2.68077,1.86358,2.81965,1.94706,1.49129,2.0217,2.20581,1.57585,2.2873,2.47342,1.85684,2.56697,2.16191,1.66508,2.30607,2.59757,2.10891,2.45097,1.03941,1.03941,0.994482,0.994482,0.81381,1.12218,0.911606,0.662359,0.483227
2026-07-15,0.381206,2.68077,1.86358,2.81965,1.87832,1.43779,1.95047,2.12843,1.51952,2.20716,2.47884,1.86091,2.5726,2.15971,1.66339,2.30372,2.52039,2.04428,2.37756,0.901039,0.901039,0.798654,0.798654,0.794001,1.12218,0.877488,0.663811,0.482735
2026-07-16,-0.511426,2.68077,1.86358,2.81965,1.81654,1.38971,1.88645,2.05887,1.4689,2.13687,2.37123,1.78012,2.46092,2.18087,1.67968,2.32628,2.22767,1.80185,2.09992,0.814716,0.814716,0.850051,0.850051,0.689951,1.12218,0.851952,0.634994,0.487464
2026-07-17,-1.01507,2.68077,1.86358,2.81965,1.81103,1.38542,1.88073,2.05266,1.46438,2.13017,2.28056,1.71205,2.36681,2.13165,1.64178,2.27379,3.31769,2.64745,3.11662,0.872967,0.872967,0.848424,0.848424,0.927553,1.12218,0.849199,0.610712,0.476464
2026-07-20,-0.193404,2.68077,1.86358,2.81965,1.94221,1.48752,2.01667,2.20035,1.57187,2.28304,2.39782,1.80008,2.48851,2.1987,1.69341,2.3453,2.99645,2.40235,2.81822,0.863734,0.863734,0.86293,0.86293,0.894935,1.12218,0.9212,0.642114,0.491449
2026-07-21,0.881747,2.68077,1.86358,2.81965,1.87709,1.43684,1.94919,2.12704,1.51851,2.20714,2.08305,1.56378,2.16184,2.04571,1.57559,2.18212,2.46026,1.98961,2.31906,0.767863,0.767863,0.820542,0.820542,0.766161,1.12218,0.888498,0.557822,0.457254
2026-07-22,-0.136442,2.68077,1.86358,2.81965,1.89717,1.45246,1.97,2.14965,1.53497,2.23002,2.06186,1.54787,2.13985,2.05341,1.58151,2.19032,2.85482,2.30493,2.68985,0.867547,0.867547,0.834937,0.834937,0.884514,1.12218,0.892187,0.552148,0.458974
2026-07-23,-1.21635,2.68077,1.86358,2.81965,1.8314,1.40127,1.90184,2.0756,1.48107,2.15368,2.06932,1.55347,2.14758,2.05433,1.58222,2.1913,2.65327,2.15077,2.50252,0.921686,0.921686,0.850086,0.850086,0.846006,1.12022,0.859365,0.554144,0.459179
2026-07-24,0.0497507,2.68077,1.86358,2.81965,2.0309,1.55655,2.10859,2.30021,1.64455,2.3901,2.29612,1.72373,2.38297,2.27325,1.75083,2.42483,4.01027,3.22265,3.77398,1.02957,1.02957,0.914991,0.914991,1.21621,1.12218,0.965808,0.61488,0.508113
2026-07-27,0.0161239,2.68077,1.86358,2.81965,1.94443,1.48925,2.01898,2.20286,1.57369,2.28928,2.10177,1.57783,2.18127,2.1955,1.69095,2.34189,3.2868,2.68219,3.10542,0.844232,0.844232,0.891201,0.891201,1.0919,1.12218,0.922382,0.562836,0.490733
2026-07-28,0.210267,2.68077,1.86358,2.81965,1.86628,1.42842,1.93799,2.11487,1.50965,2.19864,2.04829,1.53768,2.12576,2.03168,1.56478,2.16715,2.33471,1.91866,2.20989,0.904495,0.904495,0.826044,0.826044,0.809075,1.12218,0.883141,0.548514,0.454118
2026-07-29,-1.52784,2.68077,1.86358,2.81965,1.79537,1.37323,1.86451,2.03504,1.45155,2.11493,1.93614,1.45349,2.00936,1.93502,1.49033,2.06405,2.47643,2.02932,2.3423,0.855714,0.855714,0.832968,0.832968,0.836098,1.12218,0.847513,0.51848,0.432513
2026-07-30,1.64689,2.68077,1.86358,2.81965,2.13251,1.63563,2.21388,2.4146,1.75759,2.51052,2.13215,1.60572,2.21587,2.06199,1.59719,2.20072,3.62931,2.95815,3.42796,0.993836,0.993836,0.966462,0.966462,1.18787,1.12456,1.02606,0.57097,0.460893
2026-07-31,0.69794,2.68077,1.86358,2.81965,2.35222,1.80664,2.44157,2.66197,1.94056,2.76908,2.44306,1.83987,2.53899,2.25855,1.74944,2.41051,4.70274,3.82084,4.43817,0.960129,0.960129,0.793263,0.793263,1.53393,1.12456,1.1376,0.65423,0.504827
2026-08-03,1.46826,2.68077,1.86358,2.81965,2.28351,1.75316,2.37036,2.58461,1.88334,2.68688,2.43054,1.83044,2.52598,2.30427,1.78486,2.4593,4.19527,3.40327,3.95767,0.823559,0.823559,0.689718,0.689718,1.31188,1.12456,1.10251,0.650877,0.515046
2026-08-04,1.77373,2.68077,1.86358,2.81965,2.41565,1.85688,2.50702,2.7078,1.99124,2.83282,2.81607,2.12079,2.92665,2.80912,2.17591,2.99812,3.03632,2.49508,2.87394,0.884798,0.884798,0.815826,0.815826,1.04783,1.12456,1.17806,0.754119,0.62789
2026-08-05,-0.167753,2.68077,1.86358,2.81965,2.62916,2.02308,2.72826,2.94604,2.16881,3.07907,3.56152,2.68219,3.70136,3.08434,2.38909,3.29186,4.21571,3.42477,3.97843,0.936226,0.936226,0.797397,0.797397,1.34123,1.12456,1.28638,0.953743,0.689406
2026-08-06,-0.176132,2.68077,1.86358,2.81965,2.50108,1.92338,2.59554,2.80313,2.06229,2.9279,3.01017,2.26696,3.12836,2.48135,1.92203,2.6483,5.14232,4.1754,4.85225,0.908273,0.908273,0.902918,0.902918,1.60273,1.12456,1.22085,0.806095,0.554628
2026-08-07,0.61654,2.68077,1.86358,2.81965,2.38429,1.83247,2.47452,2.67281,1.96516,2.80134,2.96193,2.23063,3.07822,2.37784,1.84185,2.53783,4.62994,3.74374,4.36408,0.871964,0.871964,0.932128,0.932128,1.41136,1.12456,1.16284,0.793177,0.531491
2026-08-10,-0.0584266,2.68077,1.86358,2.81965,2.30073,1.76742,2.38793,2.57957,1.89566,2.70022,2.61855,1.97203,2.72137,2.20406,1.70724,2.35236,4.74407,3.81716,4.46599,0.809665,0.809665,0.894222,0.894222,1.4095,1.12456,1.11973,0.701224,0.492648
2026-08-11,-0.321837,2.68077,1.86358,2.81965,2.19421,1.68451,2.27755,2.46071,1.80706,2.58237,2.71982,2.0483,2.82661,2.06389,1.59866,2.20275,3.51402,2.8491,3.31454,0.738499,0.738499,0.887027,0.887027,1.10484,1.12456,1.0664,0.728342,0.461317
2026-08-12,0.262365,2.68077,1.86358,2.81965,2.11857,1.62563,2.19918,2.37631,1.74416,2.48977,2.70471,2.03692,2.81091,2.16249,1.67504,2.30798,3.10008,2.51979,2.926,0.747652,0.747652,0.831927,0.831927,0.990324,1.12456,1.02724,0.724296,0.483355
2026-08-13,0.649472,2.68077,1.86358,2.81965,2.02748,1.55472,2.10479,2.27467,1.6684,2.37881,2.78388,2.09654,2.89319,2.14876,1.6644,2.29333,3.38614,2.7358,3.19104,0.781934,0.781934,0.837114,0.837114,1.04205,1.12456,0.980128,0.745497,0.480287
2026-08-14,-0.169749,2.68077,1.86358,2.81965,1.98478,1.52148,2.06054,2.22702,1.63288,2.32747,2.76018,2.07869,2.86855,2.34902,1.81952,2.50707,2.93747,2.41321,2.78019,0.788479,0.788479,1.03751,1.03751,1.00236,1.12456,0.958131,0.73915,0.52505
2026-08-17,-0.524199,2.68077,1.86358,2.81965,1.91362,1.46609,1.9868,2.14761,1.57292,2.23947,2.55926,1.92738,2.65975,2.15087,1.66604,2.29559,2.72093,2.23206,2.57427,0.794417,0.794417,0.900394,0.900394,0.923236,1.12456,0.921039,0.685347,0.480759
2026-08-18,-0.690527,2.68077,1.86358,2.81965,1.89921,1.45487,1.97187,2.13154,1.56171,2.22836,2.7264,2.05325,2.83345,2.10042,1.62696,2.24174,2.47702,2.04552,2.34757,0.724022,0.724022,0.757796,0.757796,0.868718,1.12218,0.896176,0.730105,0.469483
2026-08-19,0.210658,2.68077,1.85549,2.80765,1.92287,1.47328,1.99638,2.15793,1.55451,2.26829,2.78815,2.09976,2.89763,1.98519,1.5377,2.11876,2.45536,2.02296,2.32564,0.812339,0.812339,0.977008,0.977008,0.859068,1.12022,0.906315,0.746641,0.443726
2026-08-20,-0.870663,2.68077,1.85549,2.80765,1.84738,1.41453,1.91816,2.0737,1.49273,2.17559,2.68081,2.01892,2.78607,1.90129,1.47272,2.02921,2.51532,2.07674,2.38375,0.787227,0.787227,0.926265,0.926265,0.88537,1.12022,0.868492,0.717897,0.424973
2026-08-21,0.433657,2.68077,1.85549,2.80765,1.92712,1.4766,2.00079,2.16268,1.55799,2.26355,2.72669,2.05347,2.83375,2.12185,1.64356,2.26461,2.41453,1.99541,2.28879,0.745751,0.745751,0.851538,0.851538,0.860864,1.12022,0.908339,0.730183,0.474272
2026-08-24,-0.280692,2.68077,1.85549,2.80765,1.86634,1.42928,1.9378,2.09485,1.50824,2.19655,2.70963,2.04062,2.81602,2.18669,1.69378,2.33382,2.48074,2.03675,2.34754,0.693853,0.693853,0.769443,0.769443,0.851403,1.12022,0.87917,0.725614,0.488765
2026-08-25,0.318596,2.53347,1.80687,2.74478,1.81842,1.39198,1.88815,1.89871,1.44357,2.11253,2.61289,2.00207,2.7453,2.06728,1.64498,2.25349,2.43624,2.0175,2.31062,0.66966,0.66966,0.757693,0.757693,0.866704,1.11694,0.854101,0.714167,0.477392
2026-08-26,-0.0205393,2.53347,1.80687,2.74478,1.75834,1.34522,1.8259,1.83613,1.39519,2.04263,2.38963,1.831,2.51072,1.96726,1.56539,2.14446,2.4135,1.99037,2.28656,0.629109,0.629109,0.801642,0.801642,0.844401,1.11694,0.824127,0.653144,0.454294
2026-08-27,0.717672,2.53347,1.80687,2.74478,1.69924,1.29921,1.76466,1.77456,1.34761,1.97542,2.29456,1.75816,2.41084,1.86413,1.48332,2.03204,2.07272,1.72394,1.96809,0.656292,0.656292,0.889506,0.889506,0.752839,1.11694,0.794639,0.627161,0.430478
2026-08-28,-0.249019,2.53347,1.80687,2.74478,1.70772,1.30581,1.77344,1.78339,1.35443,1.98477,2.41064,1.8471,2.5328,1.84634,1.46917,2.01266,2.34756,1.93843,2.22482,0.653111,0.653111,0.785376,0.785376,0.816554,1.11694,0.798867,0.658886,0.426372
2026-08-31,-0.332791,2.53347,1.80687,2.74478,1.67274,1.27858,1.73719,1.74695,1.32626,1.94225,2.28399,1.75006,2.39974,1.7758,1.41304,1.93575,2.41968,1.98051,2.28793,0.647176,0.647176,0.782107,0.782107,0.80497,1.11694,0.781412,0.624271,0.41008
2026-09-01,-0.713825,2.53347,1.80687,2.74478,1.63068,1.24924,1.69142,1.72998,1.31346,1.92079,2.09054,1.60183,2.19648,1.81669,1.44557,1.98033,2.55455,2.09891,2.41786,0.691135,0.691135,0.750444,0.750444,0.87286,1.11694,0.776424,0.571395,0.419523
2026-09-02,0.459353,2.53347,1.80687,2.74478,1.6962,1.30036,1.75923,1.79924,1.36701,1.995,2.41949,1.85388,2.5421,2.03425,1.6187,2.21749,2.65228,2.18828,2.51308,0.67833,0.67833,0.784786,0.784786,0.937775,1.11694,0.80971,0.661305,0.469765
2026-09-03,1.05243,2.53347,1.80687,2.74478,1.66073,1.27268,1.72251,1.76174,1.33802,1.96029,2.42482,1.85797,2.5477,1.97304,1.56999,2.15076,2.7542,2.24055,2.60011,0.603587,0.603587,0.627891,0.627891,0.884912,1.11694,0.791689,0.662763,0.455629
2026-09-04,-0.376505,2.53347,1.80687,2.74478,1.75802,1.3486,1.82321,1.8646,1.41754,2.07086,2.60081,1.99281,2.7326,2.08932,1.66251,2.27752,2.3733,1.96003,2.24932,0.604304,0.604304,0.571332,0.571332,0.829549,1.11694,0.841116,0.710864,0.482482
2026-09-08,-0.585734,2.53347,1.80687,2.74478,1.73338,1.32938,1.79771,1.83855,1.3974,2.04702,2.57676,1.97439,2.70734,2.05545,1.63557,2.2406,2.4822,2.0462,2.3514,0.642781,0.642781,0.758354,0.758354,0.866773,1.11694,0.828599,0.704293,0.474661
2026-09-09,-0.485408,2.53347,1.80687,2.74478,1.75181,1.34375,1.81678,1.85803,1.41246,2.06779,2.33406,1.78842,2.45233,1.91338,1.52251,2.08573,2.38504,1.97652,2.26248,0.646339,0.646339,0.837996,0.837996,0.86544,1.11694,0.837959,0.637954,0.441852
2026-09-10,-0.586595,2.52383,1.79816,2.64021,1.74695,1.33997,1.81175,1.78954,1.38738,1.99099,2.51695,1.93652,2.62932,1.8707,1.49324,2.01253,2.289,1.88928,2.16909,0.63612,0.63612,0.894151,0.894151,0.808732,1.11449,0.839812,0.693807,0.434922
2026-09-11,0.856218,2.52383,1.79816,2.64021,1.76371,1.35304,1.82909,1.80668,1.40088,2.00995,2.69088,2.07034,2.81102,2.1632,1.72672,2.32721,2.51681,2.06384,2.38092,0.677836,0.677836,0.889832,0.889832,0.866935,1.11449,0.838931,0.741753,0.502927
2026-09-14,-0.48432,2.52383,1.79816,2.64021,1.79151,1.37474,1.85787,1.83512,1.42329,2.04142,2.78491,2.14269,2.90924,2.25657,1.80125,2.42765,2.58141,2.12271,2.4438,0.613979,0.613979,0.806073,0.806073,0.89268,1.11198,0.858135,0.767672,0.524633
2026-09-15,-0.450506,2.52383,1.79816,2.64021,1.78146,1.3669,1.84747,1.82484,1.41519,2.03004,2.49664,1.9209,2.60811,2.29068,1.82848,2.46435,2.29057,1.89375,2.17153,0.644225,0.644225,0.857573,0.857573,0.820841,1.11198,0.852735,0.68821,0.532564
2026-09-16,-0.448229,2.52383,1.79816,2.64021,1.76646,1.35519,1.83194,1.80949,1.4031,2.01306,2.43622,1.87441,2.54499,2.08118,1.66125,2.23896,2.56309,2.10588,2.42593,0.67567,0.67567,0.802526,0.802526,0.888996,1.11198,0.840322,0.671554,0.483856
2026-09-17,1.13173,2.52383,1.79816,2.64021,1.75288,1.34459,1.81789,1.7956,1.39216,1.9977,2.43531,1.87371,2.54404,2.07515,1.65644,2.23247,2.33903,1.93911,2.21905,0.662341,0.662341,0.825199,0.825199,0.856812,1.10843,0.833462,0.671304,0.482454
2026-09-18,0.166666,2.52383,1.79816,2.64021,1.85858,1.42707,1.92729,1.90373,1.47734,2.11732,2.54414,1.95744,2.65772,2.09379,1.67132,2.25253,2.70354,2.21476,2.55691,0.690914,0.690914,0.888782,0.888782,0.921892,1.07918,0.880204,0.701303,0.48679
