day,RV,RW,HAR,logHAR,GARCH-t,LSTM,Chronos-2,Chronos-2|median,Chronos-Bolt,Chronos-Bolt|median,TimesFM-2.5,TimesFM-2.5|median
2022-10-11,1.55968,1.66815,1.38524,1.6412,2.23385,1.53383,1.43728,1.27524,1.4312,1.26635,1.5868,1.40223
2022-10-12,1.19372,1.55968,1.39249,1.65305,1.85721,1.57703,1.42547,1.26397,1.44992,1.30225,1.52456,1.35257
2022-10-13,3.57446,1.19372,1.23542,1.43975,1.50534,1.53334,1.28188,1.15237,1.25553,1.15009,1.31672,1.1703
2022-10-14,3.39374,3.57446,2.36305,2.67713,1.9956,1.75598,2.29285,1.94729,1.9488,1.73068,2.29107,2.00489
2022-10-17,1.11378,3.39374,2.46933,2.807,2.35538,1.87797,2.64165,2.29622,2.47551,2.22378,2.69266,2.34489
2022-10-18,1.81402,1.11378,1.4762,1.54924,2.59998,1.73194,1.47189,1.28008,1.57244,1.42087,1.53528,1.33502
2022-10-19,1.25061,1.81402,1.78594,2.01073,2.20289,1.74948,1.83343,1.59599,1.81733,1.65182,1.89315,1.64554
2022-10-20,1.58471,1.25061,1.55644,1.6709,1.83699,1.66985,1.46518,1.3125,1.57617,1.435,1.49431,1.31138
2022-10-21,1.78986,1.58471,1.57998,1.81467,1.58249,1.67618,1.69136,1.4943,1.67751,1.52348,1.59284,1.38297
2022-10-24,1.92827,1.78986,1.53934,1.85194,1.91934,1.70926,1.73732,1.5485,1.71525,1.56385,1.73887,1.5287
2022-10-25,0.692267,1.92827,1.64889,1.98426,1.67863,1.74764,1.9207,1.73518,1.89772,1.7379,1.92961,1.7175
2022-10-26,1.13908,0.692267,1.06818,1.11278,1.60926,1.48874,1.21513,1.06457,1.19116,1.06433,1.17599,1.02728
2022-10-27,1.41115,1.13908,1.23884,1.42115,1.38326,1.45875,1.38649,1.21296,1.39188,1.24217,1.31276,1.15519
2022-10-28,0.467575,1.41115,1.3357,1.57086,1.17985,1.49773,1.474,1.32105,1.60218,1.43623,1.48744,1.31427
2022-10-31,0.866938,0.467575,0.862958,0.828259,1.57934,1.17039,0.987122,0.84513,1.04049,0.907724,0.866513,0.757533
2022-11-01,0.960633,0.866938,0.956934,1.0804,1.34692,1.13725,1.14952,0.988287,1.15705,1.026,1.0344,0.916283
2022-11-02,3.76099,0.960633,1.00749,1.15424,1.11851,1.14369,1.1705,1.03221,1.12292,1.00582,1.04172,0.931053
2022-11-03,1.33152,3.76099,2.33493,2.48968,1.82696,1.51513,2.02113,1.70732,1.77752,1.5811,2.16981,1.82405
2022-11-04,2.89796,1.33152,1.34044,1.47094,1.63539,1.51999,1.50982,1.32531,1.51833,1.36337,1.52205,1.32274
2022-11-07,0.666715,2.89796,2.12265,2.41826,1.53319,1.70854,2.15204,1.87309,2.00688,1.78609,2.19974,1.90379
2022-11-08,1.25,0.666715,1.2278,1.13187,1.30413,1.45234,1.26974,1.0817,1.36803,1.2045,1.19551,1.02048
2022-11-09,1.10201,1.25,1.47171,1.57455,1.0604,1.46188,1.50615,1.29544,1.4735,1.30759,1.42655,1.24088
2022-11-10,1.25178,1.10201,1.24535,1.37953,1.48739,1.42684,1.46762,1.26917,1.59337,1.40406,1.37325,1.20094
2022-11-11,0.878522,1.25178,1.29888,1.46821,4.58615,1.4406,1.49594,1.30059,1.6178,1.42663,1.4265,1.26406
2022-11-14,0.747162,0.878522,1.02636,1.14889,3.69017,1.34004,1.31301,1.13657,1.36532,1.20327,1.22474,1.07834
2022-11-15,1.8931,0.747162,0.961661,1.05695,3.03305,1.21445,1.14953,0.997929,1.12927,0.999531,1.05409,0.928936
2022-11-16,0.485598,1.8931,1.43585,1.7165,2.4649,1.40635,1.67352,1.41761,1.54629,1.35524,1.46598,1.28691
2022-11-17,0.697203,0.485598,0.85462,0.831392,2.04804,1.12063,0.962177,0.810227,1.03781,0.884108,0.898635,0.783947
2022-11-18,0.838268,0.697203,0.891642,0.955393,1.64815,1.03454,1.05842,0.906432,0.890933,0.774389,0.938965,0.834464
2022-11-21,0.407856,0.838268,0.940068,1.04147,1.3217,1.02612,1.10324,0.963227,0.851701,0.754895,0.987347,0.871082
2022-11-22,0.242976,0.407856,0.746465,0.698828,1.08473,0.81152,0.726112,0.614499,0.650021,0.573283,0.757796,0.664872
2022-11-23,0.577918,0.242976,0.567642,0.474289,1.0506,0.560823,0.418775,0.349124,0.516643,0.444112,0.523163,0.450022
2022-11-28,0.307822,0.577918,0.693531,0.734523,0.707371,0.574207,0.773688,0.63401,0.72665,0.628743,0.689833,0.602352
2022-11-29,0.582442,0.307822,0.563474,0.511475,0.958059,0.478285,0.503995,0.417747,0.546825,0.470932,0.527526,0.454953
2022-11-30,1.45607,0.582442,0.648141,0.683785,0.780769,0.532247,0.732462,0.60811,0.653223,0.562551,0.64247,0.556942
2022-12-01,0.83387,1.45607,1.05127,1.16476,1.74131,0.782838,1.05301,0.868053,0.903178,0.783059,1.01654,0.87982
2022-12-02,0.209481,0.83387,0.853162,0.946673,1.38749,0.872067,0.967541,0.828024,0.842768,0.739813,0.894233,0.781764
2022-12-05,0.462358,0.209481,0.586787,0.446062,1.11096,0.598246,0.411894,0.334564,0.451719,0.38753,0.510206,0.429267
2022-12-06,0.676554,0.462358,0.68938,0.673289,1.36484,0.576622,0.629056,0.504961,0.579273,0.502151,0.622306,0.532612
2022-12-07,0.848945,0.676554,0.755471,0.809844,1.40083,0.639188,0.710461,0.576796,0.639357,0.559837,0.736785,0.634252
2022-12-08,0.650864,0.848945,0.781258,0.880329,1.13089,0.749992,0.81161,0.678066,0.681698,0.605433,0.842492,0.722147
2022-12-09,0.519736,0.650864,0.67797,0.750253,0.957008,0.775894,0.779202,0.674296,0.667344,0.600181,0.769829,0.6678
2022-12-12,0.419058,0.519736,0.645922,0.701609,0.86634,0.736054,0.685996,0.594197,0.618035,0.559126,0.669565,0.583931
2022-12-13,2.74126,0.419058,0.599028,0.62195,0.907098,0.651727,0.605942,0.518341,0.557926,0.509761,0.623532,0.543784
2022-12-14,3.72598,2.74126,1.6191,1.71333,0.781198,1.04691,1.27784,1.0321,0.960611,0.845262,1.50648,1.24497
2022-12-15,1.00484,3.72598,2.23434,2.20432,0.714167,1.43174,1.81639,1.54669,1.40649,1.20539,2.12195,1.75427
2022-12-16,1.03425,1.00484,1.17724,1.1699,1.43992,1.39592,1.15122,0.960651,1.12471,0.994678,1.16723,0.985109
2022-12-19,0.643803,1.03425,1.22045,1.23518,1.36816,1.37604,1.12207,0.951299,1.12825,1.00169,1.1848,1.01513
2022-12-20,0.708201,0.643803,1.06748,0.986372,1.21266,1.20367,0.887246,0.749194,0.801069,0.719509,0.871846,0.742978
2022-12-21,0.55287,0.708201,0.971311,0.965594,0.968192,1.10394,0.902529,0.766883,0.809484,0.72434,0.832506,0.72563
2022-12-22,0.858831,0.55287,0.727326,0.770988,1.00578,0.951051,0.795039,0.67596,0.678971,0.610143,0.73134,0.638376
2022-12-23,1.07396,0.858831,0.83938,0.954091,1.11783,0.972266,0.945947,0.817775,0.849165,0.76201,0.853642,0.746048
2022-12-27,0.460995,1.07396,0.931345,1.07521,0.920957,1.0594,1.05247,0.918036,1.01467,0.916195,1.0216,0.891413
2022-12-28,0.710048,0.460995,0.682969,0.695926,0.775861,0.876146,0.712028,0.603255,0.673768,0.611865,0.718741,0.628281
2022-12-29,0.302698,0.710048,0.781491,0.865585,0.869581,0.868254,0.853375,0.738013,0.687671,0.627489,0.85463,0.744164
2022-12-30,0.862407,0.302698,0.608162,0.547824,1.04117,0.645381,0.482451,0.414201,0.447763,0.408751,0.545862,0.469363
2023-01-03,1.46639,0.862407,0.826339,0.920256,0.855293,0.738898,0.836787,0.706082,0.595115,0.537015,0.822073,0.715548
2023-01-04,1.4795,1.46639,1.08629,1.22147,0.729649,0.964864,1.14072,0.975326,0.850675,0.75304,1.13255,0.963287
2023-01-05,0.857019,1.4795,1.15417,1.30699,0.641853,1.16356,1.25808,1.10646,1.11564,0.97978,1.19474,1.03068
2023-01-06,1.20566,0.857019,0.924104,1.01701,0.732323,1.1561,1.00997,0.880867,0.885128,0.785808,1.02408,0.881074
2023-01-09,0.55786,1.20566,1.11748,1.30596,1.14648,1.24939,1.19005,1.03411,1.04857,0.929889,1.13102,0.988753
2023-01-10,0.717446,0.55786,0.845561,0.866787,0.933179,1.06963,0.840993,0.725241,0.78425,0.695104,0.766364,0.66426
2023-01-11,0.330862,0.717446,0.864573,0.945686,0.797576,1.01425,0.923105,0.797355,0.901291,0.797517,0.82771,0.725716
2023-01-12,1.41533,0.330862,0.645239,0.590054,0.801952,0.751126,0.595496,0.497149,0.653073,0.565698,0.59516,0.51193
2023-01-13,0.354098,1.41533,1.10895,1.26286,0.663061,0.954857,1.21543,0.989731,1.08153,0.943961,1.0525,0.915525
2023-01-17,0.361378,0.354098,0.644915,0.593428,0.552457,0.738801,0.683888,0.546507,0.779044,0.673945,0.6454,0.544326
2023-01-18,0.4714,0.361378,0.618903,0.575881,0.469532,0.60758,0.578081,0.484712,0.655764,0.568405,0.575897,0.493826
2023-01-19,0.582538,0.4714,0.624337,0.633778,0.748044,0.575245,0.687185,0.566415,0.747186,0.644927,0.607521,0.526037
2023-01-20,0.460276,0.582538,0.679388,0.723649,0.701657,0.60259,0.722296,0.609713,0.789524,0.687373,0.669484,0.582891
2023-01-23,0.616852,0.460276,0.573139,0.60269,0.925314,0.581299,0.660615,0.562582,0.765569,0.660169,0.637109,0.549973
2023-01-24,0.648587,0.616852,0.646799,0.714251,0.884866,0.630263,0.797702,0.67731,0.876266,0.757336,0.713953,0.619403
2023-01-25,0.627077,0.648587,0.6767,0.757268,0.727949,0.681847,0.803554,0.681274,0.848296,0.738152,0.733351,0.642735
2023-01-26,0.951757,0.627077,0.675262,0.752272,0.600989,0.714981,0.807989,0.694113,0.813837,0.715272,0.721042,0.625623
2023-01-27,0.489907,0.951757,0.82403,0.953462,0.60619,0.845821,0.976017,0.863288,0.983992,0.864255,0.884016,0.77196
2023-01-30,0.527164,0.489907,0.637342,0.678377,0.501318,0.770121,0.708463,0.618618,0.752377,0.6524,0.714439,0.622439
2023-01-31,0.421006,0.527164,0.647697,0.698629,0.65092,0.730117,0.732992,0.632451,0.693921,0.604497,0.683631,0.601994
2023-02-01,2.04837,0.421006,0.591639,0.607884,0.747567,0.644336,0.614436,0.532808,0.607276,0.530494,0.591646,0.521707
2023-02-02,0.844352,2.04837,1.32329,1.4508,0.716725,0.967899,1.41077,1.176,1.0048,0.872552,1.14583,0.980037
2023-02-03,1.10232,0.844352,0.849397,0.927725,0.796031,1.00452,0.990249,0.840668,0.955704,0.836728,0.90617,0.792844
2023-02-06,0.401213,1.10232,0.983406,1.10542,0.824775,1.11514,1.14045,0.98448,1.13587,0.997534,1.00021,0.878328
2023-02-07,1.74258,0.401213,0.699867,0.661854,0.742146,0.886706,0.704008,0.59131,0.837706,0.713545,0.673938,0.584704
2023-02-08,0.806267,1.74258,1.29797,1.46333,0.774698,1.14019,1.28742,1.07227,1.19641,1.03099,1.13735,0.987059
2023-02-09,0.766039,0.806267,0.864372,0.955302,0.814789,1.10601,1.00094,0.850816,1.19532,1.03696,0.932952,0.814953
2023-02-10,0.526793,0.766039,0.845884,0.928649,0.786254,1.06735,0.952565,0.829079,1.06951,0.936495,0.836459,0.736959
2023-02-13,0.305356,0.526793,0.719398,0.74015,0.645996,0.920684,0.779246,0.675139,0.888482,0.779354,0.764058,0.663846
2023-02-14,1.42004,0.305356,0.628408,0.556697,0.660902,0.675869,0.564669,0.486257,0.624883,0.543921,0.569113,0.495029
2023-02-15,0.544399,1.42004,1.0321,1.16049,0.54938,0.888779,1.00558,0.823443,0.956378,0.827745,0.994432,0.857813
2023-02-16,0.476508,0.544399,0.687595,0.717574,0.460777,0.810554,0.764784,0.632127,0.748312,0.657256,0.741145,0.641835
2023-02-17,0.617561,0.476508,0.645371,0.655756,0.660092,0.725814,0.713779,0.585721,0.618076,0.548252,0.671955,0.587752
2023-02-21,0.316071,0.617561,0.704932,0.750655,0.561702,0.727103,0.794985,0.674838,0.655776,0.582132,0.70594,0.614056
2023-02-22,0.636633,0.316071,0.587701,0.541435,1.01589,0.57877,0.528041,0.457862,0.529891,0.468853,0.527173,0.455984
2023-02-23,0.534666,0.636633,0.662886,0.723593,0.836195,0.624297,0.748085,0.617213,0.629511,0.560241,0.704302,0.611957
2023-02-24,0.605578,0.534666,0.621127,0.662122,0.706787,0.626153,0.716823,0.593341,0.621851,0.554707,0.680951,0.598046
2023-02-27,0.387708,0.605578,0.651392,0.709895,0.749881,0.65985,0.735045,0.623534,0.665016,0.597319,0.702237,0.616838
2023-02-28,0.273882,0.387708,0.55415,0.55525,0.625039,0.588602,0.638423,0.544748,0.598583,0.536003,0.60525,0.530092
2023-03-01,0.568986,0.273882,0.502667,0.460677,0.545649,0.477707,0.480825,0.413038,0.470225,0.418523,0.504039,0.437329
2023-03-02,0.448918,0.568986,0.611843,0.652955,0.48492,0.529646,0.641536,0.527304,0.599577,0.53401,0.59213,0.520521
2023-03-03,0.319266,0.448918,0.557466,0.574613,0.452121,0.529247,0.607031,0.508575,0.543872,0.489252,0.579136,0.507147
2023-03-06,0.248565,0.319266,0.490014,0.469128,0.632184,0.472605,0.50116,0.432777,0.473877,0.428539,0.470963,0.415485
2023-03-07,0.988563,0.248565,0.440125,0.399137,0.520419,0.400122,0.424486,0.36898,0.405014,0.365064,0.388923,0.344218
2023-03-08,0.527046,0.988563,0.767547,0.834165,0.761145,0.572098,0.713464,0.581936,0.626756,0.562536,0.690882,0.603507
2023-03-09,0.844746,0.527046,0.58408,0.611905,0.626736,0.599408,0.637768,0.530871,0.568145,0.515636,0.603379,0.529667
2023-03-10,1.89826,0.844746,0.732536,0.799093,0.977449,0.729779,0.767272,0.640308,0.69455,0.630818,0.712914,0.622263
2023-03-13,3.65731,1.89826,1.2297,1.31282,1.09011,1.04347,1.26192,1.0187,1.01304,0.897657,1.22485,1.04323
2023-03-14,1.13754,3.65731,2.15584,2.15598,0.90527,1.43539,2.03271,1.59407,1.75541,1.51662,2.173,1.76766
2023-03-15,1.6505,1.13754,1.18873,1.24218,1.00907,1.4371,1.22436,1.0036,1.27931,1.12973,1.25359,1.06589
2023-03-16,1.08142,1.6505,1.46278,1.60831,0.892858,1.53543,1.59059,1.32332,1.54484,1.35699,1.54488,1.33324
2023-03-17,1.18521,1.08142,1.26493,1.34383,1.03739,1.48327,1.2324,1.02173,1.3475,1.18908,1.30127,1.1214
2023-03-20,0.647199,1.18521,1.25773,1.36441,1.04556,1.47,1.28101,1.07658,1.41474,1.24762,1.22862,1.07376
2023-03-21,0.349771,0.647199,0.869282,0.914625,0.935653,1.26556,0.989067,0.82414,0.984744,0.873097,0.860473,0.755213
2023-03-22,1.91992,0.349771,0.70737,0.629015,0.927752,0.921784,0.716058,0.577894,0.692185,0.608563,0.651533,0.55752
2023-03-23,1.07431,1.91992,1.32706,1.46083,1.15784,1.18071,1.40162,1.0987,1.28383,1.12304,1.16014,0.990216
2023-03-24,1.009,1.07431,1.01409,1.11342,0.94666,1.21372,1.1736,0.967046,1.19622,1.054,1.08592,0.931028
2023-03-27,0.439908,1.009,0.981883,1.07348,0.810395,1.22682,1.13274,0.934165,0.999538,0.891497,1.01875,0.890223
2023-03-28,0.298307,0.439908,0.755276,0.705032,0.666477,0.972313,0.812264,0.66022,0.677987,0.606018,0.774678,0.667393
2023-03-29,0.197035,0.298307,0.696046,0.576449,0.565685,0.697016,0.558568,0.467624,0.572548,0.504199,0.559774,0.480374
2023-03-30,0.195059,0.197035,0.553634,0.410362,0.673023,0.461475,0.336455,0.287339,0.393627,0.344298,0.394371,0.337029
2023-03-31,0.203522,0.195059,0.500092,0.368821,0.581807,0.346632,0.319483,0.274891,0.327133,0.288244,0.332144,0.286496
2023-04-03,0.233904,0.203522,0.452477,0.338983,0.67419,0.29941,0.29718,0.258801,0.320923,0.282252,0.304169,0.263319
2023-04-04,0.372179,0.233904,0.450148,0.348086,0.565096,0.290301,0.325844,0.279431,0.321574,0.284779,0.318556,0.275467
2023-04-05,0.304037,0.372179,0.507225,0.441929,0.530209,0.332245,0.46278,0.372998,0.427406,0.377419,0.400942,0.34759
2023-04-06,0.158309,0.304037,0.488185,0.415289,0.461783,0.343354,0.427066,0.356871,0.408896,0.35795,0.387202,0.334886
2023-04-10,0.242077,0.158309,0.42418,0.296744,0.397646,0.289009,0.257644,0.217331,0.270275,0.232496,0.292403,0.252533
2023-04-11,0.128564,0.242077,0.455447,0.364105,0.338063,0.294242,0.34639,0.283912,0.302374,0.262323,0.31053,0.268756
2023-04-12,0.563138,0.128564,0.400566,0.25741,0.291419,0.249218,0.209335,0.176577,0.205906,0.177184,0.238653,0.207121
2023-04-13,0.179611,0.563138,0.566242,0.524078,0.286126,0.617463,0.501895,0.369002,0.410478,0.350503,0.43617,0.373839
2023-04-14,0.545207,0.179611,0.389758,0.290455,0.41449,0.582857,0.288152,0.237414,0.289472,0.25134,0.304506,0.263336
2023-04-17,0.171777,0.545207,0.547136,0.527808,0.36769,0.632416,0.446276,0.344268,0.475029,0.405751,0.469405,0.403065
2023-04-18,0.280129,0.171777,0.3912,0.294192,0.3202,0.590713,0.313488,0.249328,0.332009,0.280614,0.30651,0.266782
2023-04-19,0.127594,0.280129,0.435183,0.384136,0.276513,0.596807,0.338576,0.273585,0.370519,0.31851,0.320513,0.279367
2023-04-20,0.236849,0.127594,0.344091,0.239218,0.243578,0.558001,0.225979,0.190238,0.234625,0.202604,0.240441,0.208983
2023-04-21,0.343875,0.236849,0.383275,0.32051,0.267146,0.566413,0.284761,0.232776,0.273916,0.23884,0.2688,0.236009
2023-04-24,0.146414,0.343875,0.412783,0.373285,0.2342,0.588071,0.351223,0.275388,0.313725,0.276265,0.323444,0.283936
2023-04-25,0.287702,0.146414,0.324577,0.242447,0.207211,0.557224,0.250437,0.206467,0.223453,0.196603,0.259231,0.225711
2023-04-26,0.279207,0.287702,0.373301,0.331558,0.531396,0.575127,0.319066,0.250843,0.300213,0.263593,0.296599,0.260626
2023-04-27,0.22768,0.279207,0.3745,0.340553,0.480167,0.581594,0.329851,0.263614,0.297694,0.262695,0.302927,0.267863
2023-04-28,0.504586,0.22768,0.352835,0.306872,0.797088,0.575802,0.295147,0.24317,0.256621,0.227461,0.279015,0.246338
2023-05-01,0.210075,0.504586,0.468915,0.458675,0.718681,0.619165,0.444357,0.346778,0.334895,0.294346,0.421522,0.369
2023-05-02,0.398497,0.210075,0.362174,0.311795,0.600931,0.593246,0.305384,0.254137,0.281882,0.251003,0.31716,0.279369
2023-05-03,0.496089,0.398497,0.439632,0.428524,0.682116,0.618624,0.396952,0.313116,0.400844,0.356428,0.396687,0.350664
2023-05-04,0.743851,0.496089,0.492992,0.49748,0.642056,0.648211,0.467926,0.375644,0.440942,0.395557,0.478652,0.418488
2023-05-05,0.228309,0.743851,0.621201,0.652249,0.614279,0.701825,0.600085,0.493659,0.577236,0.521483,0.57445,0.505506
2023-05-08,0.189011,0.228309,0.409306,0.353767,0.848381,0.654084,0.379172,0.315618,0.374994,0.338802,0.387713,0.338173
2023-05-09,0.165514,0.189011,0.3922,0.31989,0.698349,0.61642,0.276735,0.237492,0.314185,0.282531,0.307106,0.266922
2023-05-10,0.67763,0.165514,0.364696,0.280792,0.613194,0.585122,0.247604,0.213559,0.283339,0.252271,0.273406,0.237749
2023-05-11,0.369561,0.67763,0.572967,0.567114,0.52515,0.648217,0.489335,0.37074,0.424811,0.374168,0.464682,0.401499
2023-05-12,0.348666,0.369561,0.433888,0.409377,0.449394,0.647633,0.445063,0.353989,0.396557,0.353388,0.415995,0.359744
2023-05-15,0.195713,0.348666,0.43337,0.408185,0.387229,0.647697,0.451216,0.362815,0.392162,0.348538,0.407941,0.355868
2023-05-16,0.307868,0.195713,0.375662,0.310222,0.334088,0.611646,0.316852,0.265076,0.305914,0.27395,0.323312,0.278636
2023-05-17,0.261355,0.307868,0.42556,0.398572,0.361116,0.616403,0.362507,0.300328,0.334158,0.297156,0.343672,0.298524
2023-05-18,0.456176,0.261355,0.379822,0.347156,0.443412,0.607133,0.361133,0.30097,0.32902,0.29587,0.331807,0.287852
2023-05-19,0.37296,0.456176,0.462588,0.463079,0.454999,0.636551,0.492728,0.383817,0.435162,0.388806,0.403638,0.349924
2023-05-22,0.32676,0.37296,0.434361,0.424804,0.391381,0.642174,0.464033,0.376303,0.456895,0.407088,0.402971,0.355709
2023-05-23,0.43567,0.32676,0.426379,0.412243,0.333421,0.639036,0.448636,0.372275,0.417681,0.369531,0.389687,0.342558
2023-05-24,0.352051,0.43567,0.476615,0.484127,0.470357,0.657079,0.54005,0.436012,0.47597,0.421591,0.446547,0.39382
2023-05-25,0.4218,0.352051,0.452565,0.447903,0.48042,0.65426,0.474685,0.394471,0.433448,0.382811,0.417563,0.369063
2023-05-26,0.255603,0.4218,0.478435,0.488012,0.466471,0.666271,0.491418,0.404768,0.448131,0.396543,0.434638,0.388087
2023-05-30,0.371436,0.255603,0.40842,0.376013,0.549004,0.639649,0.387039,0.329435,0.363652,0.323323,0.352341,0.311728
2023-05-31,0.247581,0.371436,0.456047,0.45351,0.458744,0.64805,0.482104,0.391641,0.425951,0.379746,0.394876,0.349001
2023-06-01,0.286051,0.247581,0.396156,0.359968,0.440204,0.62507,0.383283,0.321766,0.374932,0.33211,0.350939,0.31191
2023-06-02,0.314236,0.286051,0.406744,0.380412,0.448568,0.6204,0.389041,0.326909,0.355269,0.317475,0.345632,0.306975
2023-06-05,0.402258,0.314236,0.411187,0.392082,0.574872,0.62164,0.396455,0.328218,0.358556,0.322027,0.360835,0.32085
2023-06-06,0.196769,0.402258,0.453293,0.453259,0.49192,0.638049,0.467501,0.371601,0.392824,0.356198,0.394421,0.352491
2023-06-07,0.242356,0.196769,0.36086,0.305692,0.414367,0.604166,0.319327,0.267195,0.302711,0.272856,0.308083,0.274896
2023-06-08,0.129516,0.242356,0.378392,0.339036,0.377229,0.597292,0.334417,0.27521,0.286605,0.26215,0.295744,0.264749
2023-06-09,0.256583,0.129516,0.325289,0.236644,0.347437,0.560238,0.224885,0.19202,0.212414,0.19298,0.236289,0.211538
2023-06-12,0.109127,0.256583,0.371191,0.330814,0.298118,0.572017,0.280327,0.228279,0.261571,0.23677,0.258385,0.231563
2023-06-13,0.202982,0.109127,0.293637,0.199694,0.327036,0.537121,0.177125,0.151947,0.192399,0.172353,0.190594,0.170301
2023-06-14,0.81689,0.202982,0.328542,0.27084,0.31345,0.545914,0.23535,0.195,0.217091,0.195507,0.216051,0.193281
2023-06-15,0.345947,0.81689,0.59815,0.572585,0.270622,0.625754,0.44232,0.319333,0.395642,0.347465,0.471924,0.410166
2023-06-16,0.343044,0.345947,0.433388,0.39544,0.375497,0.624399,0.370669,0.290485,0.325287,0.287601,0.343246,0.304025
2023-06-20,0.213465,0.343044,0.436531,0.398668,0.345842,0.629763,0.391906,0.311777,0.327866,0.289948,0.364459,0.32879
2023-06-21,0.266195,0.213465,0.394085,0.328672,0.345379,0.604322,0.291572,0.242891,0.285657,0.25376,0.298524,0.266897
2023-06-22,0.281447,0.266195,0.417223,0.371828,0.343535,0.601999,0.320915,0.268696,0.300969,0.267903,0.301346,0.271971
2023-06-23,0.16551,0.281447,0.390725,0.359287,0.3009,0.601953,0.333568,0.283232,0.322499,0.288508,0.314685,0.285032
2023-06-26,0.224285,0.16551,0.335279,0.266946,0.350921,0.573407,0.260812,0.222324,0.271775,0.240413,0.254733,0.228534
2023-06-27,0.144298,0.224285,0.349451,0.300814,0.333848,0.572712,0.289761,0.244868,0.312832,0.273207,0.264285,0.238905
2023-06-28,0.355814,0.144298,0.313595,0.237776,0.393125,0.549765,0.235296,0.203514,0.246883,0.217591,0.216367,0.19567
2023-06-29,0.202577,0.355814,0.399216,0.369222,0.335225,0.580915,0.332946,0.271509,0.326084,0.286586,0.298306,0.268928
2023-06-30,0.20817,0.202577,0.336287,0.278639,0.296108,0.567642,0.292073,0.245666,0.263291,0.235643,0.267432,0.244469
2023-07-05,0.0916868,0.20817,0.340027,0.285608,0.326163,0.564028,0.28521,0.241435,0.24402,0.22151,0.265774,0.241642
2023-07-06,0.16767,0.0916868,0.286867,0.184557,0.290082,0.527429,0.195269,0.166756,0.181693,0.162704,0.192223,0.17288
2023-07-07,0.202192,0.16767,0.315441,0.242017,0.347726,0.532431,0.230922,0.192414,0.203884,0.183266,0.213821,0.191167
2023-07-10,0.185718,0.202192,0.317936,0.252413,0.314915,0.539531,0.249614,0.208178,0.209331,0.189486,0.229338,0.204828
2023-07-11,0.270456,0.185718,0.306919,0.237171,0.273717,0.539521,0.239425,0.20357,0.2016,0.183641,0.214553,0.195313
2023-07-12,0.175973,0.270456,0.344809,0.289679,0.268735,0.557474,0.278719,0.232733,0.223353,0.203056,0.260189,0.234205
2023-07-13,0.104781,0.175973,0.314214,0.248785,0.286858,0.547163,0.236708,0.205283,0.200163,0.182391,0.226011,0.204322
2023-07-14,0.167848,0.104781,0.282845,0.188178,0.29954,0.52308,0.172945,0.150654,0.157656,0.143054,0.181697,0.162555
2023-07-17,0.0869988,0.167848,0.304093,0.230613,0.263867,0.528769,0.20516,0.175141,0.175067,0.159821,0.194652,0.174729
2023-07-18,0.145494,0.0869988,0.266594,0.160783,0.236472,0.506153,0.152372,0.130246,0.143057,0.12951,0.155539,0.138017
2023-07-19,0.177144,0.145494,0.280551,0.195281,0.251993,0.513315,0.19188,0.163433,0.159087,0.144572,0.175317,0.156562
2023-07-20,0.196219,0.177144,0.285368,0.209566,0.222945,0.521885,0.215366,0.182201,0.171881,0.156859,0.184202,0.165947
2023-07-21,0.239637,0.196219,0.297245,0.22806,0.271048,0.530579,0.22686,0.192251,0.196601,0.178383,0.200293,0.180581
2023-07-24,0.187091,0.239637,0.318659,0.257128,0.239103,0.544728,0.26429,0.220476,0.214867,0.195583,0.22906,0.206718
2023-07-25,0.0906514,0.187091,0.305013,0.241577,0.222921,0.542042,0.23847,0.202899,0.205251,0.18813,0.214776,0.195589
2023-07-26,0.453389,0.0906514,0.264187,0.167408,0.201051,0.514485,0.171903,0.144161,0.156707,0.143432,0.170486,0.152827
2023-07-27,0.374484,0.453389,0.420834,0.373312,0.182563,0.569739,0.305324,0.234433,0.253492,0.229863,0.292083,0.257372
2023-07-28,0.28957,0.374484,0.402532,0.358441,0.238566,0.590196,0.349836,0.278881,0.303261,0.27439,0.322773,0.286859
2023-07-31,0.197568,0.28957,0.37402,0.323746,0.292958,0.592814,0.339388,0.27628,0.314177,0.283034,0.298378,0.267678
2023-08-01,0.131646,0.197568,0.340828,0.275334,0.255068,0.575913,0.294917,0.242634,0.260739,0.237331,0.256722,0.231708
2023-08-02,0.249398,0.131646,0.31619,0.231436,0.235165,0.548706,0.227683,0.191429,0.219603,0.198731,0.199368,0.179563
2023-08-03,0.28376,0.249398,0.349009,0.298821,0.462882,0.562211,0.296582,0.241272,0.244038,0.220398,0.238692,0.216347
2023-08-04,0.509436,0.28376,0.356504,0.310364,0.411683,0.57399,0.326524,0.272131,0.278338,0.25106,0.274835,0.249857
2023-08-07,0.240956,0.509436,0.459679,0.430319,0.388546,0.61651,0.448783,0.357112,0.386398,0.345856,0.367944,0.334711
2023-08-08,0.271567,0.240956,0.361778,0.310527,0.390964,0.598962,0.329766,0.272028,0.28876,0.259097,0.282585,0.255342
2023-08-09,0.325555,0.271567,0.38272,0.345892,0.36936,0.598785,0.3371,0.281138,0.288052,0.260242,0.283793,0.258894
2023-08-10,0.616658,0.325555,0.409255,0.38471,0.386872,0.608178,0.369854,0.311779,0.324872,0.295053,0.325717,0.297423
2023-08-11,0.34884,0.616658,0.54281,0.544624,0.332185,0.656498,0.494818,0.39553,0.431535,0.388093,0.459888,0.414874
2023-08-14,0.191909,0.34884,0.433593,0.412595,0.290727,0.650338,0.412848,0.344324,0.386995,0.348881,0.383517,0.348939
2023-08-15,0.323015,0.191909,0.371989,0.311358,0.271956,0.612232,0.328961,0.268087,0.267893,0.24233,0.282149,0.258136
2023-08-16,0.412129,0.323015,0.425987,0.40033,0.422788,0.619871,0.368131,0.296239,0.292172,0.267267,0.319144,0.288741
2023-08-17,0.370794,0.412129,0.467344,0.456826,0.442173,0.637885,0.416426,0.330831,0.333194,0.305744,0.361764,0.328439
2023-08-18,0.354861,0.370794,0.437327,0.419511,0.46317,0.643249,0.403488,0.320957,0.341592,0.313987,0.352945,0.320045
2023-08-21,0.295962,0.354861,0.432327,0.411515,0.393877,0.645201,0.411495,0.330748,0.335975,0.309585,0.35884,0.326143
2023-08-22,0.365205,0.295962,0.415531,0.39111,0.364922,0.634838,0.364816,0.289743,0.305049,0.282165,0.330419,0.300928
2023-08-23,0.174959,0.365205,0.446184,0.434244,0.331166,0.642099,0.3793,0.302199,0.336433,0.31042,0.351907,0.318701
2023-08-24,0.441069,0.174959,0.36049,0.298694,0.38896,0.601148,0.285459,0.230607,0.264615,0.242254,0.267763,0.242159
2023-08-25,1.02305,0.441069,0.468623,0.452558,0.585976,0.632285,0.374913,0.289874,0.340475,0.30964,0.353746,0.315707
2023-08-28,0.252213,1.02305,0.734363,0.695522,0.528001,0.714154,0.587888,0.43922,0.48826,0.435433,0.593047,0.524369
2023-08-29,0.289597,0.252213,0.440799,0.391198,0.472163,0.668298,0.350129,0.27165,0.315994,0.283954,0.353895,0.315308
2023-08-30,0.324979,0.289597,0.450222,0.405232,0.583667,0.653055,0.364163,0.284331,0.31761,0.286634,0.337678,0.30159
2023-08-31,0.195535,0.324979,0.473782,0.448313,0.503402,0.648169,0.336752,0.272787,0.31792,0.287346,0.35655,0.317147
2023-09-01,0.275266,0.195535,0.41037,0.341692,0.436692,0.612343,0.273305,0.231174,0.261806,0.236583,0.284143,0.252147
2023-09-05,0.153714,0.275266,0.395279,0.353388,0.374983,0.610232,0.309008,0.255863,0.294791,0.267757,0.304819,0.272073
2023-09-06,0.304379,0.153714,0.342734,0.267964,0.356505,0.575408,0.254003,0.211152,0.253292,0.228995,0.264511,0.236956
2023-09-07,0.284951,0.304379,0.399191,0.354181,0.375577,0.590782,0.298481,0.246633,0.277057,0.250341,0.289574,0.259412
2023-09-08,0.202369,0.284951,0.390015,0.341804,0.344151,0.593928,0.298621,0.252778,0.289564,0.262373,0.293869,0.265642
2023-09-11,0.166166,0.202369,0.358289,0.296244,0.298858,0.578281,0.267061,0.228244,0.243714,0.224295,0.264459,0.238619
2023-09-12,0.194976,0.166166,0.336436,0.26084,0.291125,0.56048,0.243292,0.20725,0.211128,0.195348,0.235137,0.212858
2023-09-13,0.254634,0.194976,0.346558,0.28155,0.303079,0.557145,0.255337,0.214597,0.220718,0.20371,0.236817,0.216449
2023-09-14,0.134928,0.254634,0.364359,0.306455,0.265162,0.566726,0.286303,0.238806,0.244754,0.22594,0.254889,0.232104
2023-09-15,0.201527,0.134928,0.309683,0.223267,0.290282,0.542452,0.239928,0.201859,0.208487,0.191633,0.216368,0.197464
2023-09-18,0.133166,0.201527,0.333402,0.260672,0.440594,0.547981,0.254204,0.213296,0.212114,0.196091,0.215401,0.198243
2023-09-19,0.191742,0.133166,0.30323,0.21568,0.377834,0.53152,0.208382,0.178813,0.178307,0.164968,0.191391,0.17618
2023-09-20,0.419892,0.191742,0.323138,0.247594,0.337966,0.538361,0.229688,0.194264,0.18879,0.174423,0.210909,0.19322
2023-09-21,0.298284,0.419892,0.417969,0.3518,0.408889,0.579217,0.303533,0.24707,0.242397,0.219809,0.285996,0.260357
2023-09-22,0.433337,0.298284,0.380144,0.326902,0.683057,0.58547,0.30747,0.255549,0.241322,0.219677,0.278587,0.252714
2023-09-25,0.496757,0.433337,0.446374,0.404492,0.588879,0.61537,0.368619,0.302164,0.297227,0.270666,0.341024,0.307076
2023-09-26,0.364883,0.496757,0.495975,0.480916,0.508855,0.645166,0.455294,0.37637,0.398972,0.360621,0.400739,0.360208
2023-09-27,0.631996,0.364883,0.457081,0.450422,0.699668,0.646223,0.416952,0.348155,0.364966,0.330323,0.362149,0.328044
2023-09-28,0.729149,0.631996,0.569251,0.58099,0.577237,0.689333,0.558941,0.453191,0.498002,0.447542,0.459358,0.40972
2023-09-29,0.690493,0.729149,0.634705,0.663993,0.517335,0.733556,0.649586,0.543751,0.597614,0.538445,0.551886,0.495986
2023-10-02,0.764825,0.690493,0.639008,0.678624,0.458164,0.766256,0.668125,0.568685,0.660674,0.597719,0.569451,0.509524
2023-10-03,0.614894,0.764825,0.684545,0.731711,0.399093,0.80395,0.74932,0.660527,0.719985,0.661438,0.630719,0.569971
2023-10-04,0.736772,0.614894,0.645954,0.704484,0.555801,0.815706,0.700557,0.619368,0.685099,0.633001,0.633893,0.568615
2023-10-05,0.526844,0.736772,0.69864,0.764752,0.51221,0.843197,0.796334,0.712923,0.719076,0.664333,0.717313,0.648969
2023-10-06,0.702843,0.526844,0.612368,0.660506,0.444131,0.834835,0.694437,0.613869,0.612829,0.567579,0.599668,0.546656
2023-10-09,0.40543,0.702843,0.679795,0.738345,0.491519,0.855492,0.773316,0.700253,0.724052,0.672579,0.678246,0.614176
2023-10-10,0.32378,0.40543,0.548749,0.567111,0.449787,0.822061,0.589017,0.516863,0.523933,0.483799,0.540835,0.490577
2023-10-11,0.297925,0.32378,0.501329,0.49255,0.404195,0.779073,0.483901,0.416755,0.425154,0.393042,0.439223,0.394557
2023-10-12,0.409522,0.297925,0.465676,0.441992,0.359318,0.524898,0.405736,0.352333,0.386909,0.357935,0.393602,0.356169
2023-10-13,0.661386,0.409522,0.50145,0.490934,0.36592,0.548259,0.485804,0.41512,0.406762,0.374765,0.434506,0.394789
2023-10-16,0.348753,0.661386,0.59672,0.591879,0.356927,0.650877,0.666167,0.563766,0.518029,0.476458,0.569186,0.51216
2023-10-17,0.449533,0.348753,0.477829,0.456851,0.395628,0.578205,0.506409,0.437698,0.405366,0.371181,0.46337,0.415576
2023-10-18,0.740171,0.449533,0.525623,0.521296,0.346219,0.597112,0.55968,0.477736,0.468462,0.427934,0.485173,0.440507
2023-10-19,1.05545,0.740171,0.667005,0.689523,0.510899,0.709746,0.73394,0.6124,0.57475,0.524904,0.615704,0.55284
2023-10-20,0.73609,1.05545,0.832143,0.863938,0.538865,0.865264,0.957525,0.808528,0.754627,0.692377,0.749856,0.666906
2023-10-23,0.796192,0.73609,0.719506,0.760734,0.642315,0.836512,0.880754,0.745737,0.719638,0.665421,0.70369,0.630492
2023-10-24,0.440514,0.796192,0.77334,0.843802,0.55833,0.853053,0.96742,0.839965,0.82045,0.758871,0.764412,0.689582
2023-10-25,0.498205,0.440514,0.638895,0.670173,0.517449,0.704301,0.69282,0.590085,0.581301,0.532569,0.615373,0.555201
2023-10-26,0.915044,0.498205,0.645997,0.677915,0.667921,0.680225,0.62674,0.543224,0.556013,0.513184,0.570865,0.518721
2023-10-27,0.628588,0.915044,0.797996,0.85381,0.73341,0.814819,0.841504,0.724475,0.773676,0.711383,0.74165,0.66887
2023-10-30,0.452451,0.628588,0.684333,0.727618,0.66059,0.772639,0.803118,0.692303,0.725599,0.673534,0.694622,0.628866
2023-10-31,0.439227,0.452451,0.595827,0.609606,0.676294,0.684281,0.659562,0.568788,0.607638,0.559874,0.584307,0.534912
2023-11-01,0.604635,0.439227,0.589314,0.601532,0.607665,0.643698,0.602682,0.517285,0.544751,0.499401,0.546356,0.497341
2023-11-02,0.206908,0.604635,0.656857,0.691616,0.607967,0.692212,0.701396,0.603649,0.611523,0.561765,0.607257,0.555599
2023-11-03,0.263176,0.206908,0.462271,0.401253,0.814376,0.514986,0.414764,0.350338,0.365665,0.327765,0.405979,0.366327
2023-11-06,0.168916,0.263176,0.457824,0.408102,0.75636,0.484426,0.389543,0.330286,0.335316,0.302634,0.374485,0.340138
2023-11-07,0.171866,0.168916,0.402637,0.313984,0.651591,0.418711,0.282157,0.242499,0.254173,0.225274,0.289836,0.264351
2023-11-08,0.244137,0.171866,0.383418,0.289952,0.56508,0.391499,0.251078,0.217689,0.223053,0.198265,0.24323,0.223059
2023-11-09,0.524995,0.244137,0.387989,0.30996,0.490174,0.399464,0.267778,0.231564,0.247977,0.222875,0.264786,0.245183
2023-11-10,0.257577,0.524995,0.514121,0.456594,0.499416,0.48367,0.405813,0.336361,0.361225,0.323673,0.38407,0.348847
2023-11-13,0.145122,0.257577,0.412664,0.341036,0.62144,0.452944,0.347548,0.292771,0.302768,0.272112,0.317492,0.29147
2023-11-14,0.212396,0.145122,0.367497,0.266025,0.540976,0.394002,0.250836,0.213985,0.227518,0.204003,0.245491,0.224724
2023-11-15,0.190631,0.212396,0.392153,0.313734,0.764124,0.39126,0.261729,0.222241,0.233028,0.210484,0.263759,0.241213
2023-11-16,0.222016,0.190631,0.379555,0.293415,0.657493,0.38009,0.24057,0.210801,0.214752,0.195487,0.237212,0.218584
2023-11-17,0.103702,0.222016,0.371736,0.290509,0.567516,0.382875,0.25298,0.221695,0.215706,0.198611,0.248257,0.230233
2023-11-20,0.13902,0.103702,0.313477,0.19652,0.491914,0.347976,0.193206,0.167862,0.171002,0.155616,0.17387,0.160403
2023-11-21,0.115262,0.13902,0.319891,0.217487,0.46721,0.341427,0.191934,0.169322,0.174076,0.159132,0.175511,0.162494
2023-11-22,0.3244,0.115262,0.30075,0.189799,0.417485,0.332079,0.167082,0.147591,0.15262,0.138833,0.161048,0.148584
2023-11-27,0.0835366,0.3244,0.383862,0.29918,0.322138,0.367078,0.256173,0.214172,0.207424,0.188462,0.262535,0.239613
2023-11-28,0.176888,0.0835366,0.280241,0.157968,0.294533,0.335069,0.162436,0.138396,0.143406,0.130239,0.146464,0.133442
2023-11-29,0.179951,0.176888,0.318273,0.221382,0.263649,0.340095,0.206515,0.175848,0.167198,0.153522,0.185492,0.169685
2023-11-30,0.408243,0.179951,0.317026,0.226629,0.242124,0.344435,0.216636,0.185546,0.175503,0.161555,0.213232,0.19621
2023-12-01,0.273918,0.408243,0.416034,0.346443,0.228607,0.394402,0.313459,0.257163,0.239675,0.217507,0.293232,0.266408
2023-12-04,0.137235,0.273918,0.356944,0.288862,0.230617,0.402685,0.30415,0.257485,0.235521,0.214906,0.289083,0.263104
2023-12-05,0.357432,0.137235,0.302945,0.228515,0.250949,0.366837,0.238128,0.20277,0.193428,0.175976,0.218546,0.200489
2023-12-06,0.233554,0.357432,0.389573,0.344659,0.229031,0.409136,0.313993,0.259899,0.270225,0.245568,0.321337,0.293511
2023-12-07,0.164871,0.233554,0.349185,0.302103,0.236035,0.401893,0.30336,0.255293,0.250244,0.228796,0.282202,0.260752
2023-12-08,0.317242,0.164871,0.310343,0.246634,0.25619,0.376833,0.254077,0.217143,0.200046,0.184744,0.220981,0.20355
2023-12-11,0.120878,0.317242,0.371242,0.318276,0.241497,0.407342,0.314516,0.261071,0.241231,0.222672,0.296235,0.274303
2023-12-12,0.0932578,0.120878,0.299442,0.225203,0.227186,0.363518,0.246766,0.207468,0.187271,0.172637,0.216004,0.197973
2023-12-13,0.517722,0.0932578,0.270998,0.178621,0.219421,0.337894,0.183282,0.156017,0.146587,0.135798,0.169063,0.15473
2023-12-14,0.359214,0.517722,0.443621,0.349472,0.352405,0.41208,0.315002,0.253021,0.246836,0.226098,0.31125,0.28058
2023-12-15,0.275411,0.359214,0.399652,0.334369,0.315206,0.440452,0.345117,0.286237,0.278709,0.257119,0.315005,0.286783
2023-12-18,0.0920043,0.275411,0.365256,0.300269,0.288798,0.435965,0.327968,0.27493,0.26872,0.247401,0.301314,0.272996
2023-12-19,0.0667616,0.0920043,0.295131,0.201249,0.27753,0.364344,0.214522,0.182241,0.173894,0.158095,0.217135,0.196345
2023-12-20,0.461273,0.0667616,0.280176,0.171609,0.271993,0.332056,0.146544,0.122478,0.133198,0.118378,0.150148,0.13524
2023-12-21,0.449958,0.461273,0.420533,0.323805,0.464351,0.394825,0.302003,0.239055,0.247034,0.224014,0.293873,0.263203
2023-12-22,0.195911,0.449958,0.425805,0.333034,0.469531,0.450759,0.353826,0.286449,0.294867,0.26868,0.322993,0.290508
2023-12-26,0.0617431,0.195911,0.330638,0.24569,0.417801,0.41055,0.28087,0.23316,0.223289,0.204159,0.253971,0.228807
2023-12-27,0.178923,0.0617431,0.280673,0.164103,0.37373,0.345234,0.179509,0.143951,0.129472,0.113728,0.153977,0.137141
2023-12-28,0.0912761,0.178923,0.329578,0.253594,0.330061,0.349953,0.217117,0.180489,0.182173,0.16343,0.213943,0.192642
2023-12-29,0.172616,0.0912761,0.272926,0.172742,0.293799,0.331191,0.174426,0.144429,0.141333,0.125451,0.161466,0.144712
2024-01-02,0.235378,0.172616,0.283422,0.188541,0.280226,0.336944,0.191717,0.15982,0.170343,0.152252,0.182797,0.163847
2024-01-03,0.284348,0.235378,0.309227,0.21279,0.298368,0.353382,0.224045,0.18614,0.195069,0.176937,0.213049,0.191686
2024-01-04,0.194922,0.284348,0.340731,0.265393,0.35429,0.375782,0.271709,0.227279,0.225134,0.204035,0.252129,0.226432
2024-01-05,0.424763,0.194922,0.308702,0.23768,0.332016,0.369235,0.248952,0.212303,0.212845,0.193432,0.232355,0.209312
2024-01-08,0.207201,0.424763,0.415478,0.357845,0.295022,0.424962,0.332755,0.278997,0.304357,0.276847,0.326593,0.292818
2024-01-09,0.247687,0.207201,0.33876,0.293038,0.433026,0.401271,0.279222,0.239326,0.258134,0.234854,0.266828,0.240069
2024-01-10,0.202127,0.247687,0.352717,0.309809,0.38381,0.404091,0.290624,0.249711,0.271605,0.247918,0.259944,0.236093
2024-01-11,0.579759,0.202127,0.331353,0.280891,0.356545,0.39034,0.274637,0.235063,0.248863,0.228025,0.256331,0.231924
2024-01-12,0.276232,0.579759,0.491812,0.432946,0.317116,0.48625,0.389282,0.318971,0.412667,0.372584,0.361085,0.324627
2024-01-16,0.334885,0.276232,0.375288,0.33293,0.283089,0.461213,0.333048,0.281281,0.327233,0.299211,0.296904,0.268185
2024-01-17,0.236181,0.334885,0.407059,0.37411,0.278338,0.474396,0.346342,0.296054,0.319312,0.292178,0.312068,0.28301
2024-01-18,0.259079,0.236181,0.368211,0.334,0.296604,0.441344,0.313081,0.268579,0.272208,0.250334,0.30663,0.278036
2024-01-19,0.188475,0.259079,0.377336,0.350726,0.323629,0.434049,0.299506,0.259941,0.261821,0.240941,0.286374,0.259922
2024-01-22,0.200124,0.188475,0.324769,0.281123,0.412586,0.402116,0.260842,0.227171,0.225741,0.20816,0.257292,0.232552
2024-01-23,0.0892332,0.200124,0.32376,0.276476,0.361171,0.390325,0.25418,0.220746,0.224038,0.207041,0.242754,0.220611
2024-01-24,0.266852,0.0892332,0.266728,0.188203,0.321393,0.346761,0.1862,0.157788,0.161478,0.147763,0.164827,0.148029
2024-01-25,0.241994,0.266852,0.32535,0.261951,0.277465,0.371427,0.229967,0.194816,0.203806,0.187019,0.217938,0.19614
2024-01-26,0.156985,0.241994,0.300055,0.250144,0.263468,0.380737,0.250097,0.212855,0.208016,0.19171,0.238931,0.216854
2024-01-29,0.163033,0.156985,0.270037,0.21701,0.242956,0.362589,0.208866,0.179109,0.187439,0.172479,0.177975,0.161862
2024-01-30,0.0804604,0.163033,0.270494,0.215977,0.256926,0.35527,0.196884,0.16993,0.174054,0.161251,0.188035,0.171025
2024-01-31,0.554481,0.0804604,0.244701,0.175902,0.235339,0.330626,0.148242,0.128388,0.130318,0.120804,0.15159,0.137012
2024-02-01,0.442249,0.554481,0.400912,0.318015,0.470382,0.407154,0.236848,0.188426,0.211552,0.190117,0.278688,0.250709
2024-02-02,0.502767,0.442249,0.383378,0.322477,0.527717,0.458533,0.322816,0.262924,0.273345,0.246477,0.328307,0.294994
2024-02-05,0.292995,0.502767,0.428075,0.380614,0.53019,0.52337,0.387169,0.320938,0.366537,0.325469,0.321382,0.288655
2024-02-06,0.227516,0.292995,0.388097,0.354513,0.480982,0.490073,0.35457,0.296987,0.288972,0.259141,0.322189,0.290457
2024-02-07,0.169351,0.227516,0.385383,0.373589,0.425887,0.446872,0.28864,0.243736,0.25588,0.231817,0.293777,0.2664
2024-02-08,0.0900924,0.169351,0.334448,0.301046,0.415769,0.401461,0.241481,0.206374,0.246106,0.22216,0.241977,0.218767
2024-02-09,0.0611429,0.0900924,0.282311,0.212769,0.366145,0.351928,0.181252,0.15472,0.199538,0.177875,0.177971,0.158987
2024-02-12,0.177493,0.0611429,0.233773,0.15019,0.342046,0.325634,0.131158,0.111933,0.142991,0.125291,0.136178,0.120683
2024-02-13,0.348731,0.177493,0.250786,0.189376,0.307681,0.334721,0.185893,0.155856,0.176471,0.159305,0.194683,0.174682
2024-02-14,0.334862,0.348731,0.300444,0.238801,0.461274,0.37382,0.256521,0.210952,0.232069,0.210189,0.240897,0.217426
2024-02-15,0.197232,0.334862,0.3124,0.254268,0.455545,0.403162,0.295617,0.248444,0.258412,0.235132,0.254448,0.230057
2024-02-16,0.34645,0.197232,0.288269,0.237958,0.424972,0.385765,0.250891,0.212525,0.222651,0.203616,0.230701,0.209222
2024-02-20,0.390458,0.34645,0.348481,0.332658,0.406218,0.421311,0.310364,0.259733,0.273489,0.249341,0.291877,0.264894
2024-02-21,0.257859,0.390458,0.378184,0.374313,0.394613,0.460352,0.340084,0.281028,0.290572,0.266137,0.342115,0.310731
2024-02-22,0.250972,0.257859,0.338488,0.324138,0.350766,0.441325,0.304319,0.257783,0.259157,0.239062,0.2891,0.26199
2024-02-23,0.196931,0.250972,0.330055,0.312841,0.549315,0.430182,0.297415,0.256348,0.254811,0.238928,0.280212,0.254894
2024-02-26,0.117744,0.196931,0.319737,0.294722,0.490175,0.403418,0.261651,0.223024,0.23323,0.217752,0.259709,0.235665
2024-02-27,0.0958081,0.117744,0.278374,0.227222,0.4556,0.362116,0.209261,0.17809,0.18903,0.176305,0.207724,0.188136
2024-02-28,0.118735,0.0958081,0.248649,0.183729,0.407462,0.33805,0.178054,0.152317,0.163204,0.1506,0.162247,0.146379
2024-02-29,0.262828,0.118735,0.236821,0.178707,0.37402,0.331351,0.18229,0.156657,0.158179,0.145024,0.155824,0.141752
2024-03-01,0.148631,0.262828,0.275157,0.225489,0.342171,0.355143,0.243041,0.205336,0.198927,0.181509,0.207732,0.187638
2024-03-04,0.0980366,0.148631,0.242098,0.187609,0.352904,0.345627,0.213455,0.180904,0.189036,0.172847,0.175932,0.159701
2024-03-05,0.298795,0.0980366,0.223722,0.161782,0.325139,0.329578,0.179388,0.151227,0.15642,0.142889,0.140812,0.128295
2024-03-06,0.552691,0.298795,0.29133,0.24734,0.373473,0.359558,0.233602,0.19241,0.199716,0.182592,0.216777,0.197971
2024-03-07,0.156985,0.552691,0.395959,0.346462,0.347951,0.438426,0.331095,0.26484,0.282427,0.255202,0.327952,0.295006
2024-03-08,0.543885,0.156985,0.286242,0.230649,0.366682,0.388205,0.249333,0.205563,0.209966,0.190445,0.222672,0.198866
2024-03-11,0.316019,0.543885,0.422974,0.372937,0.361857,0.476666,0.348317,0.277506,0.299336,0.268742,0.356759,0.322813
2024-03-12,0.480161,0.316019,0.382943,0.364121,0.334715,0.471268,0.329984,0.274858,0.281598,0.255577,0.354836,0.318526
2024-03-13,0.160101,0.480161,0.447918,0.435209,0.36046,0.531369,0.396084,0.326036,0.345519,0.315516,0.3709,0.33108
2024-03-14,0.49181,0.160101,0.323453,0.283745,0.332931,0.429697,0.2914,0.241978,0.251419,0.228062,0.257934,0.231546
2024-03-15,0.25222,0.49181,0.448035,0.438023,0.310296,0.508221,0.366711,0.303928,0.345858,0.313978,0.362007,0.323223
2024-03-18,0.172018,0.25222,0.354429,0.33659,0.325888,0.463208,0.344015,0.289854,0.288529,0.265656,0.294256,0.265232
2024-03-19,0.136607,0.172018,0.319299,0.283459,0.312546,0.410388,0.301281,0.254802,0.255159,0.233054,0.253217,0.227441
2024-03-20,0.640979,0.136607,0.275803,0.232184,0.298727,0.372828,0.255376,0.220079,0.22106,0.202318,0.222589,0.198779
2024-03-21,0.14728,0.640979,0.462638,0.410428,0.314984,0.484548,0.397224,0.321963,0.357068,0.323845,0.359095,0.319588
2024-03-22,0.139292,0.14728,0.291366,0.242765,0.287094,0.403803,0.300646,0.249972,0.270213,0.243727,0.243769,0.216399
2024-03-25,0.0585539,0.139292,0.277048,0.222971,0.272368,0.371691,0.261173,0.218407,0.243147,0.219025,0.221441,0.197906
2024-03-26,0.0655051,0.0585539,0.242338,0.155712,0.262412,0.331887,0.175358,0.143332,0.151779,0.132534,0.167676,0.148062
2024-03-27,0.180131,0.0655051,0.23629,0.146466,0.250558,0.31821,0.131406,0.109265,0.123323,0.107914,0.127314,0.110779
2024-03-28,0.0979672,0.180131,0.228629,0.171673,0.260865,0.329018,0.194005,0.160105,0.173663,0.154451,0.184547,0.162912
2024-04-01,0.204549,0.0979672,0.201314,0.139149,0.244828,0.321877,0.16092,0.135375,0.145436,0.129154,0.142615,0.126103
2024-04-02,0.147099,0.204549,0.237699,0.178909,0.234464,0.334137,0.210095,0.17086,0.177254,0.158887,0.174352,0.15626
2024-04-03,0.307056,0.147099,0.228247,0.178206,0.249864,0.332723,0.189856,0.156757,0.171405,0.154172,0.179955,0.161746
2024-04-04,0.712177,0.307056,0.295104,0.256144,0.234843,0.361941,0.238638,0.193077,0.209389,0.188106,0.231647,0.204874
2024-04-05,0.529069,0.712177,0.459862,0.37955,0.314115,0.470088,0.393151,0.299857,0.318819,0.277409,0.337136,0.296207
2024-04-08,0.167226,0.529069,0.447463,0.413177,0.334941,0.535327,0.421919,0.33013,0.348561,0.305669,0.365291,0.323168
2024-04-09,0.564598,0.167226,0.338565,0.287368,0.310045,0.435085,0.281511,0.223677,0.220117,0.196218,0.265424,0.236304
2024-04-10,0.86836,0.564598,0.488945,0.469891,0.287381,0.533322,0.389303,0.303608,0.319634,0.284703,0.402033,0.352656
2024-04-11,0.362935,0.86836,0.625856,0.593449,0.332614,0.690686,0.549108,0.440465,0.468147,0.405105,0.512046,0.44378
2024-04-12,0.463606,0.362935,0.454342,0.433987,0.327736,0.6005,0.417921,0.334869,0.397061,0.351319,0.37311,0.331321
2024-04-15,0.767363,0.463606,0.47735,0.459636,0.421259,0.514185,0.45235,0.370427,0.437219,0.387716,0.415222,0.372021
2024-04-16,1.05476,0.767363,0.618863,0.625214,0.483451,0.617289,0.583526,0.489388,0.593109,0.525788,0.583064,0.519862
2024-04-17,0.899927,1.05476,0.747824,0.739211,0.447595,0.779987,0.77187,0.641918,0.682237,0.607285,0.691173,0.610665
2024-04-18,0.655373,0.899927,0.712894,0.719606,0.436819,0.881579,0.813314,0.708305,0.71588,0.643645,0.747503,0.661275
2024-04-19,0.694819,0.655373,0.672623,0.704127,0.405279,0.872651,0.67891,0.593371,0.707174,0.642124,0.677203,0.602572
2024-04-22,0.405176,0.694819,0.708127,0.755192,0.419993,0.868995,0.694083,0.61518,0.72321,0.662356,0.682317,0.614075
2024-04-23,0.245705,0.405176,0.592848,0.6018,0.4187,0.727096,0.534744,0.458505,0.526283,0.484237,0.524018,0.471754
2024-04-24,0.37193,0.245705,0.477853,0.448874,0.443186,0.536762,0.375186,0.322749,0.365416,0.333341,0.37532,0.332125
2024-04-25,0.448238,0.37193,0.468977,0.467355,0.411111,0.478585,0.399874,0.341615,0.402352,0.366451,0.378843,0.340423
2024-04-26,0.250712,0.448238,0.473446,0.481252,0.388414,0.472536,0.478087,0.405317,0.442162,0.402626,0.396313,0.355622
2024-04-29,0.317236,0.250712,0.382729,0.374037,0.396944,0.402777,0.370188,0.313184,0.349984,0.318744,0.316843,0.285007
2024-04-30,0.526132,0.317236,0.393831,0.391734,0.366679,0.382807,0.362039,0.309466,0.347903,0.318813,0.34508,0.311765
2024-05-01,1.18316,0.526132,0.478325,0.492114,0.489648,0.429579,0.452404,0.39464,0.453002,0.416689,0.433049,0.387616
2024-05-02,0.568252,1.18316,0.73659,0.703099,0.467116,0.614398,0.733881,0.622197,0.741865,0.676688,0.669012,0.592386
2024-05-03,0.352995,0.568252,0.577033,0.588714,0.460102,0.653891,0.619616,0.529569,0.611226,0.558893,0.538424,0.48482
2024-05-06,0.0852795,0.352995,0.525164,0.531075,0.485031,0.581016,0.519511,0.434651,0.457622,0.420132,0.45495,0.407185
2024-05-07,0.130776,0.0852795,0.420791,0.306011,0.489572,0.3689,0.246545,0.19601,0.233106,0.201437,0.242714,0.215482
2024-05-08,0.0765504,0.130776,0.403431,0.300745,0.45343,0.299088,0.229633,0.18571,0.235564,0.204393,0.229513,0.205342
2024-05-09,0.112185,0.0765504,0.318647,0.200576,0.412058,0.252339,0.158164,0.128584,0.156791,0.132891,0.139577,0.123735
2024-05-10,0.163216,0.112185,0.294249,0.193398,0.393967,0.236221,0.173054,0.143473,0.158188,0.136738,0.159455,0.142535
2024-05-13,0.0702064,0.163216,0.295268,0.201912,0.359766,0.235272,0.208431,0.171642,0.189123,0.164793,0.187728,0.168906
2024-05-14,0.193185,0.0702064,0.281401,0.149633,0.330455,0.2216,0.149614,0.123689,0.13032,0.112343,0.131246,0.117925
2024-05-15,0.101725,0.193185,0.326884,0.211459,0.308996,0.228438,0.211167,0.172604,0.192584,0.167906,0.188482,0.168816
2024-05-16,0.236202,0.101725,0.284352,0.172805,0.352344,0.22158,0.178682,0.148233,0.151656,0.13273,0.156931,0.14097
2024-05-17,0.101203,0.236202,0.308284,0.234427,0.329398,0.234363,0.23253,0.189187,0.19622,0.173184,0.206074,0.184625
2024-05-20,0.0819602,0.101203,0.254645,0.170288,0.301681,0.223695,0.182333,0.149913,0.154982,0.136898,0.159757,0.143581
2024-05-21,0.0646269,0.0819602,0.240345,0.158488,0.286799,0.216139,0.155085,0.128319,0.13239,0.116475,0.136772,0.123209
2024-05-22,0.248304,0.0646269,0.222934,0.130697,0.26555,0.210945,0.125242,0.102108,0.101101,0.0890613,0.12217,0.110284
2024-05-23,0.412435,0.248304,0.274706,0.211321,0.254843,0.226151,0.196386,0.156207,0.16368,0.144492,0.185488,0.166765
2024-05-24,0.227274,0.412435,0.326354,0.261744,0.276786,0.260226,0.289519,0.227274,0.237332,0.212097,0.238771,0.215426
2024-05-28,0.204851,0.227274,0.286692,0.234107,0.272299,0.258242,0.252381,0.204067,0.217868,0.19449,0.221295,0.199199
2024-05-29,0.174525,0.204851,0.281917,0.243578,0.253404,0.25505,0.241427,0.194503,0.209599,0.189298,0.242451,0.218349
2024-05-30,0.232608,0.174525,0.275051,0.250836,0.27344,0.2479,0.226969,0.183734,0.206039,0.186225,0.246459,0.222259
2024-05-31,0.5033,0.232608,0.282963,0.269777,0.289544,0.254522,0.23322,0.18936,0.237368,0.215107,0.25378,0.231075
2024-06-03,0.334282,0.5033,0.349861,0.346284,0.30192,0.305171,0.332373,0.264223,0.34263,0.308436,0.352614,0.318379
2024-06-04,0.410373,0.334282,0.302914,0.315208,0.279702,0.318227,0.331235,0.270104,0.304854,0.275697,0.292393,0.263691
2024-06-05,0.18058,0.410373,0.32727,0.356537,0.261521,0.350169,0.367406,0.304429,0.352333,0.319563,0.345154,0.312017
2024-06-06,0.141532,0.18058,0.269222,0.278706,0.305169,0.306594,0.275699,0.226994,0.240739,0.216761,0.300829,0.272677
2024-06-07,0.329897,0.141532,0.251943,0.247254,0.283211,0.271397,0.225078,0.18819,0.198052,0.176924,0.235205,0.212628
2024-06-10,0.12466,0.329897,0.286604,0.308278,0.26674,0.292222,0.285005,0.23713,0.255545,0.230831,0.294381,0.263033
2024-06-11,0.220156,0.12466,0.229718,0.213582,0.250819,0.258484,0.227939,0.190041,0.192564,0.17258,0.205135,0.183935
2024-06-12,0.427927,0.220156,0.244823,0.240342,0.237366,0.260895,0.248943,0.207023,0.217857,0.197579,0.203566,0.182347
2024-06-13,0.231533,0.427927,0.31014,0.318116,0.252304,0.300257,0.331723,0.270099,0.294238,0.266776,0.344786,0.310953
2024-06-14,0.234207,0.231533,0.274528,0.28157,0.242211,0.290101,0.287166,0.23253,0.245716,0.2221,0.276898,0.24912
2024-06-17,0.195466,0.234207,0.272629,0.274615,0.226456,0.285264,0.277889,0.23228,0.24386,0.221249,0.254191,0.229687
2024-06-18,0.100913,0.195466,0.276128,0.27331,0.225799,0.272568,0.262895,0.218244,0.231363,0.211202,0.254162,0.231198
2024-06-20,0.421563,0.100913,0.247084,0.209803,0.216129,0.243792,0.202796,0.168226,0.195512,0.175165,0.194821,0.174456
2024-06-21,0.221585,0.421563,0.317776,0.315999,0.210228,0.282596,0.320572,0.251034,0.281758,0.254391,0.289699,0.258091
2024-06-24,0.373758,0.221585,0.275894,0.265066,0.203671,0.275465,0.285822,0.230154,0.24991,0.225761,0.263107,0.23612
2024-06-25,0.13954,0.373758,0.318974,0.324556,0.202167,0.304399,0.322411,0.258499,0.311997,0.282097,0.272642,0.244452
2024-06-26,0.200753,0.13954,0.267772,0.239135,0.194582,0.267891,0.246791,0.200965,0.219242,0.197409,0.2362,0.210161
2024-06-27,0.211988,0.200753,0.28122,0.279311,0.187513,0.263295,0.242494,0.199881,0.218866,0.198534,0.23715,0.212289
2024-06-28,0.38658,0.211988,0.269538,0.265776,0.177846,0.261995,0.258545,0.213337,0.225086,0.205383,0.251014,0.2251
2024-07-01,0.438139,0.38658,0.316213,0.33162,0.184749,0.294217,0.313422,0.256934,0.285627,0.260634,0.288004,0.25834
2024-07-02,0.120222,0.438139,0.33492,0.351624,0.175692,0.333436,0.351171,0.292191,0.319299,0.292384,0.338113,0.303529
2024-07-05,0.107728,0.120222,0.273763,0.243297,0.180408,0.276589,0.243531,0.20117,0.193123,0.175686,0.219903,0.19532
2024-07-08,0.0597197,0.107728,0.259396,0.219466,0.182674,0.247915,0.208743,0.175257,0.180352,0.162723,0.206171,0.184075
2024-07-09,0.0915128,0.0597197,0.23589,0.162566,0.17289,0.225796,0.155208,0.127497,0.128492,0.113851,0.167428,0.148409
2024-07-10,0.0880456,0.0915128,0.21748,0.158078,0.16411,0.218609,0.150172,0.125334,0.12623,0.112838,0.138548,0.124047
2024-07-11,0.407006,0.0880456,0.187582,0.132447,0.198186,0.215032,0.138618,0.116158,0.117167,0.104116,0.119906,0.107642
2024-07-12,0.254079,0.407006,0.268612,0.234278,0.238253,0.24825,0.233805,0.182866,0.213597,0.188708,0.202637,0.180732
2024-07-15,0.33019,0.254079,0.24864,0.221101,0.237451,0.255682,0.244619,0.193217,0.212725,0.189675,0.21586,0.193973
2024-07-16,0.208173,0.33019,0.283935,0.280718,0.223509,0.276643,0.259856,0.208584,0.256073,0.22829,0.259454,0.232883
2024-07-17,0.259946,0.208173,0.272784,0.26393,0.220575,0.267629,0.244154,0.197431,0.221475,0.199232,0.273598,0.245987
2024-07-18,0.828658,0.259946,0.291122,0.308729,0.32854,0.274254,0.264304,0.213618,0.24475,0.220216,0.279582,0.25179
2024-07-19,0.549263,0.828658,0.430158,0.465617,0.348975,0.376452,0.487501,0.382343,0.459186,0.403828,0.45475,0.407645
2024-07-22,0.475689,0.549263,0.404925,0.447735,0.353903,0.438821,0.44467,0.361524,0.456056,0.402959,0.447728,0.403871
2024-07-23,0.263199,0.475689,0.405065,0.447147,0.375379,0.477598,0.441393,0.367757,0.426786,0.382879,0.401115,0.363597
2024-07-24,0.350864,0.263199,0.374468,0.387236,0.347407,0.421334,0.356397,0.294216,0.328445,0.294695,0.37199,0.336135
2024-07-25,0.952662,0.350864,0.39551,0.432329,0.633196,0.412264,0.364466,0.303102,0.36253,0.327345,0.407916,0.369492
2024-07-26,0.863564,0.952662,0.520984,0.593212,0.595591,0.554912,0.585338,0.489706,0.579441,0.518593,0.546576,0.490285
2024-07-29,0.448536,0.863564,0.537201,0.608937,0.593735,0.684865,0.67192,0.570215,0.617987,0.5555,0.566369,0.503643
2024-07-30,0.580886,0.448536,0.468009,0.50543,0.539387,0.653468,0.528928,0.453036,0.481241,0.431178,0.406252,0.364164
2024-07-31,0.561583,0.580886,0.519865,0.591205,0.515939,0.671488,0.57264,0.489834,0.560373,0.50649,0.546669,0.490417
2024-08-01,0.893428,0.561583,0.53661,0.616185,0.592321,0.672971,0.565811,0.488362,0.548956,0.500107,0.584906,0.52607
2024-08-02,1.32083,0.893428,0.599685,0.707437,0.669044,0.775664,0.727548,0.638118,0.652468,0.596564,0.613668,0.551898
2024-08-05,3.90666,1.32083,0.725305,0.838569,0.82024,0.957052,0.98774,0.84633,0.918155,0.841185,0.840992,0.744804
2024-08-06,1.48658,3.90666,1.56856,1.49313,1.25134,1.32871,2.79053,1.74271,1.91524,1.69648,1.45097,1.25021
2024-08-07,1.44164,1.48658,1.1734,1.24619,1.16489,1.37947,1.5842,1.25006,1.2374,1.12029,1.20225,1.05693
2024-08-08,1.02888,1.44164,1.25662,1.38408,1.08138,1.41148,1.69565,1.36048,1.39859,1.28519,1.38351,1.21535
2024-08-09,0.761859,1.02888,1.19055,1.28067,1.22173,1.34461,1.29663,1.05296,1.1091,1.03558,1.2382,1.06628
2024-08-12,0.850946,0.761859,1.09147,1.11425,1.10114,1.21201,0.9745,0.799613,0.892679,0.826547,0.926579,0.804093
2024-08-13,0.228013,0.850946,0.904887,0.999564,0.990389,1.14786,0.972356,0.814703,0.935317,0.868585,0.900967,0.79356
2024-08-14,0.464093,0.228013,0.692553,0.556421,1.01958,0.753335,0.46373,0.356723,0.377896,0.335072,0.452179,0.386451
2024-08-15,0.167955,0.464093,0.67948,0.624092,0.917812,0.64916,0.622913,0.486596,0.535248,0.483184,0.479686,0.417223
2024-08-16,0.153908,0.167955,0.561995,0.384833,0.962828,0.441035,0.352494,0.273913,0.307518,0.270337,0.308621,0.266143
2024-08-19,0.221701,0.153908,0.516889,0.320696,0.869389,0.338438,0.253091,0.206679,0.251508,0.220938,0.241457,0.210729
2024-08-20,0.226117,0.221701,0.478473,0.314347,0.821729,0.307603,0.284218,0.234037,0.282304,0.250891,0.264323,0.230352
2024-08-21,0.411982,0.226117,0.47117,0.313095,0.746608,0.292064,0.301401,0.246732,0.277424,0.245748,0.260174,0.229104
2024-08-22,0.531471,0.411982,0.506086,0.377011,0.679084,0.322735,0.413243,0.327326,0.38246,0.342022,0.336038,0.294545
2024-08-23,0.834592,0.531471,0.560359,0.460266,0.660225,0.378848,0.519616,0.432179,0.45962,0.411683,0.409108,0.363167
2024-08-26,0.226331,0.834592,0.678047,0.626742,0.652773,0.503812,0.719883,0.592798,0.661098,0.590887,0.605707,0.532656
2024-08-27,0.169843,0.226331,0.535851,0.406189,0.597536,0.423169,0.409686,0.322382,0.347877,0.308141,0.370834,0.32317
2024-08-28,0.469449,0.169843,0.508052,0.355893,0.542984,0.343946,0.292548,0.231989,0.264147,0.232765,0.279495,0.244406
2024-08-29,0.460114,0.469449,0.57465,0.500864,0.521478,0.382325,0.457474,0.353177,0.417373,0.369423,0.4466,0.392408
2024-08-30,0.371983,0.460114,0.55816,0.485751,0.483151,0.416319,0.497055,0.395322,0.43487,0.386852,0.435279,0.385079
2024-09-03,0.538749,0.371983,0.504498,0.420989,0.479073,0.419277,0.447568,0.352813,0.449049,0.401461,0.33319,0.295523
2024-09-04,0.432229,0.538749,0.557861,0.511162,0.690794,0.472479,0.526428,0.427733,0.526247,0.472644,0.451571,0.403215
2024-09-05,0.670893,0.432229,0.537902,0.513848,0.630864,0.484226,0.492639,0.398153,0.465648,0.420415,0.459858,0.412817
2024-09-06,0.915017,0.670893,0.555067,0.603888,0.578158,0.566396,0.613525,0.501932,0.597634,0.543498,0.539505,0.483563
2024-09-09,0.404767,0.915017,0.628446,0.706632,0.696366,0.704046,0.762321,0.629679,0.816064,0.742445,0.663131,0.593225
2024-09-10,0.501202,0.404767,0.49937,0.541598,0.68109,0.642269,0.523795,0.432722,0.507657,0.460766,0.506174,0.451077
2024-09-11,0.714975,0.501202,0.511166,0.574998,0.626634,0.628027,0.545904,0.465175,0.517335,0.473251,0.538178,0.480648
2024-09-12,0.525813,0.714975,0.572124,0.670967,0.611058,0.687591,0.622842,0.537679,0.633539,0.580085,0.64723,0.577769
2024-09-13,0.23458,0.525813,0.518841,0.595751,0.585993,0.670621,0.58158,0.511816,0.532618,0.48557,0.565931,0.507188
2024-09-16,0.276048,0.23458,0.413399,0.407803,0.535162,0.509272,0.427506,0.35331,0.342569,0.307714,0.377691,0.336385
2024-09-17,0.392923,0.276048,0.411693,0.413727,0.507369,0.429739,0.404712,0.338345,0.324596,0.292299,0.372533,0.333648
2024-09-18,1.26179,0.392923,0.4339,0.455998,0.461836,0.42136,0.426958,0.35899,0.375155,0.339492,0.445996,0.402327
2024-09-19,0.35096,1.26179,0.678365,0.708351,0.432429,0.605923,0.810563,0.650954,0.663017,0.59386,0.673939,0.596177
2024-09-20,0.223489,0.35096,0.467266,0.453936,0.530414,0.550555,0.506566,0.414052,0.402733,0.364881,0.434868,0.389092
2024-09-23,0.155228,0.223489,0.438371,0.391626,0.487254,0.441073,0.400169,0.319936,0.322616,0.291459,0.336148,0.302175
2024-09-24,0.165292,0.155228,0.411428,0.328451,0.446261,0.344046,0.303652,0.241373,0.260646,0.233731,0.308008,0.275206
2024-09-25,0.100239,0.165292,0.380706,0.304629,0.403084,0.297533,0.277129,0.223043,0.237271,0.212326,0.275257,0.243139
2024-09-26,0.194037,0.100239,0.275942,0.204768,0.373866,0.256899,0.19031,0.155689,0.18195,0.161006,0.191558,0.168239
2024-09-27,0.153404,0.194037,0.295768,0.243124,0.348822,0.253675,0.249321,0.200612,0.224013,0.199838,0.228972,0.201074
2024-09-30,0.279211,0.153404,0.282308,0.217288,0.323274,0.24455,0.242636,0.196084,0.196794,0.177501,0.21445,0.189374
2024-10-01,0.655261,0.279211,0.328492,0.279401,0.301058,0.25993,0.30931,0.239898,0.243829,0.220912,0.268703,0.236055
2024-10-02,0.476528,0.655261,0.468915,0.421878,0.333466,0.33283,0.502386,0.386929,0.384459,0.341551,0.448037,0.382134
2024-10-03,0.589824,0.476528,0.430914,0.430254,0.309585,0.377529,0.474424,0.378299,0.404438,0.361872,0.438457,0.384581
2024-10-04,0.499723,0.589824,0.485315,0.505976,0.2914,0.452013,0.538603,0.44684,0.49754,0.446514,0.527074,0.462339
2024-10-07,0.230983,0.499723,0.47323,0.52486,0.30787,0.495702,0.503079,0.425329,0.501136,0.452033,0.509409,0.446987
2024-10-08,0.149688,0.230983,0.38005,0.393703,0.346468,0.416888,0.371654,0.299078,0.336063,0.301734,0.402968,0.355981
2024-10-09,0.146698,0.149688,0.319553,0.296878,0.355638,0.330282,0.272002,0.222019,0.255242,0.227377,0.270819,0.239375
2024-10-10,0.173132,0.146698,0.299834,0.267016,0.345019,0.284985,0.247764,0.202555,0.222815,0.200903,0.242699,0.215112
2024-10-11,0.135275,0.173132,0.284614,0.256309,0.327519,0.267112,0.248903,0.206286,0.225246,0.204293,0.23681,0.2095
2024-10-14,0.117722,0.135275,0.247498,0.210344,0.309068,0.214587,0.214952,0.181133,0.198765,0.180777,0.200479,0.177498
2024-10-15,0.224664,0.117722,0.230991,0.188243,0.311933,0.208643,0.184267,0.156446,0.186624,0.168937,0.187938,0.166903
2024-10-16,0.134019,0.224664,0.268218,0.244613,0.331133,0.233233,0.256368,0.203809,0.234724,0.214183,0.250439,0.223218
2024-10-17,0.233293,0.134019,0.238889,0.201163,0.310945,0.220153,0.217739,0.176657,0.186647,0.169242,0.210264,0.186581
2024-10-18,0.112101,0.233293,0.273942,0.249859,0.287029,0.241541,0.277156,0.217724,0.245942,0.224999,0.230412,0.206322
2024-10-21,0.165683,0.112101,0.219013,0.187307,0.272841,0.217996,0.207132,0.16737,0.177705,0.16151,0.195102,0.174131
2024-10-22,0.110091,0.165683,0.237502,0.219775,0.256388,0.224339,0.226278,0.182264,0.195103,0.178874,0.193676,0.174291
2024-10-23,0.301995,0.110091,0.210837,0.179202,0.239089,0.213478,0.184036,0.152797,0.162134,0.148266,0.177091,0.158671
2024-10-24,0.267284,0.301995,0.281252,0.27361,0.282066,0.255202,0.280846,0.217197,0.228724,0.208257,0.242727,0.218149
2024-10-25,0.348377,0.267284,0.274832,0.266141,0.263729,0.266149,0.280081,0.226777,0.22814,0.20951,0.272885,0.245648
2024-10-28,0.163631,0.348377,0.315943,0.320964,0.245325,0.297761,0.32427,0.26776,0.263418,0.243159,0.296489,0.265945
2024-10-29,0.237097,0.163631,0.255126,0.245017,0.231833,0.249969,0.238595,0.199737,0.217324,0.199729,0.261737,0.234519
2024-10-30,0.215288,0.237097,0.285514,0.296454,0.216375,0.258297,0.272193,0.221917,0.255677,0.234266,0.273007,0.248332
2024-10-31,0.555168,0.215288,0.274204,0.279082,0.211786,0.253672,0.26758,0.223427,0.246098,0.227011,0.276971,0.250273
2024-11-01,0.467607,0.555168,0.39299,0.411099,0.450747,0.347722,0.388601,0.316337,0.334124,0.306076,0.348415,0.312467
2024-11-04,0.307371,0.467607,0.371442,0.396969,0.415358,0.390141,0.398634,0.335212,0.378379,0.347531,0.403338,0.364662
2024-11-05,0.25566,0.307371,0.324803,0.357494,0.383852,0.354757,0.350214,0.291752,0.333486,0.308967,0.330207,0.299464
2024-11-06,0.321902,0.25566,0.320118,0.336854,0.418534,0.314038,0.327984,0.272279,0.305239,0.283262,0.328345,0.298266
2024-11-07,0.14393,0.321902,0.342837,0.377304,0.685187,0.323271,0.341575,0.282428,0.329396,0.306839,0.376762,0.342719
2024-11-08,0.0885036,0.14393,0.267075,0.256471,0.635943,0.2451,0.266805,0.221012,0.241319,0.221588,0.243643,0.219128
2024-11-11,0.112479,0.0885036,0.217046,0.187558,0.564906,0.206499,0.189174,0.159415,0.185958,0.169595,0.153072,0.136128
2024-11-12,0.191088,0.112479,0.216478,0.189361,0.513493,0.204692,0.190532,0.158613,0.181623,0.165965,0.180025,0.161491
2024-11-13,0.243045,0.191088,0.242255,0.225758,0.481773,0.223576,0.225078,0.185084,0.208466,0.192389,0.215976,0.194751
2024-11-14,0.451863,0.243045,0.259714,0.243053,0.474922,0.244444,0.256744,0.211787,0.236792,0.219846,0.235065,0.212634
2024-11-15,0.291962,0.451863,0.353991,0.334269,0.466677,0.309588,0.33861,0.273337,0.307389,0.283256,0.327025,0.294102
2024-11-18,0.238405,0.291962,0.303621,0.310213,0.532728,0.300501,0.31665,0.259552,0.277922,0.258933,0.306894,0.276374
2024-11-19,0.198531,0.238405,0.293245,0.30357,0.489727,0.279733,0.288136,0.238441,0.253826,0.236492,0.280301,0.253105
2024-11-20,0.493019,0.198531,0.274207,0.2837,0.452786,0.25661,0.265154,0.220493,0.234729,0.21797,0.265037,0.239078
2024-11-21,0.841626,0.493019,0.404819,0.422539,0.416085,0.337706,0.374753,0.305637,0.342589,0.313141,0.380343,0.3425
2024-11-22,0.333268,0.841626,0.567395,0.547457,0.393175,0.495609,0.578473,0.473483,0.463159,0.418684,0.525448,0.470718
2024-11-25,0.263473,0.333268,0.366087,0.388759,0.364896,0.420884,0.37627,0.308111,0.315207,0.288661,0.340408,0.305216
2024-11-26,0.138218,0.263473,0.338852,0.357967,0.342005,0.352892,0.344895,0.282281,0.303558,0.278458,0.31363,0.281447
2024-11-27,0.132547,0.138218,0.284795,0.271519,0.325808,0.250908,0.247208,0.206597,0.218381,0.198947,0.292999,0.262295
2024-12-02,0.0722055,0.132547,0.264847,0.24274,0.305949,0.219816,0.218165,0.185058,0.202426,0.184671,0.214926,0.191899
2024-12-03,0.0676708,0.0722055,0.205814,0.161065,0.284361,0.197212,0.155355,0.130448,0.157523,0.142035,0.144188,0.127482
2024-12-04,0.0635794,0.0676708,0.189534,0.139269,0.271299,0.192436,0.132991,0.109848,0.130345,0.116487,0.116132,0.103113
2024-12-05,0.097322,0.0635794,0.17448,0.121445,0.267363,0.191654,0.116136,0.0957777,0.112048,0.100588,0.111667,0.0995229
2024-12-06,0.0822358,0.097322,0.182444,0.138903,0.254263,0.197297,0.147311,0.123509,0.137397,0.123956,0.139167,0.124478
2024-12-09,0.0936354,0.0822358,0.171938,0.124368,0.240893,0.198081,0.131246,0.110839,0.118719,0.107548,0.126211,0.113672
2024-12-10,0.100734,0.0936354,0.175857,0.132491,0.249001,0.200159,0.134162,0.114962,0.125733,0.113943,0.118574,0.107203
2024-12-11,0.0520177,0.100734,0.178302,0.13933,0.234621,0.202871,0.1391,0.118916,0.133703,0.120928,0.141573,0.127476
2024-12-12,0.111369,0.0520177,0.157137,0.104286,0.2455,0.19625,0.0983617,0.0820516,0.0877585,0.0782568,0.103111,0.0917164
2024-12-13,0.189241,0.111369,0.181321,0.142917,0.252087,0.202278,0.142551,0.119224,0.128898,0.116301,0.125548,0.112822
2024-12-16,0.0742412,0.189241,0.217721,0.188155,0.237519,0.222936,0.183449,0.152929,0.164843,0.14945,0.224305,0.201664
2024-12-17,0.137194,0.0742412,0.169576,0.126575,0.225978,0.205243,0.120939,0.101983,0.111027,0.0997481,0.121602,0.109137
2024-12-18,2.0261,0.137194,0.200554,0.16518,0.223971,0.212167,0.160653,0.131406,0.150879,0.136444,0.136888,0.123849
2024-12-19,0.986565,2.0261,1.00476,0.630163,0.771825,0.460112,0.698774,0.323594,0.611337,0.494793,0.81321,0.684053
2024-12-20,1.17751,0.986565,0.675628,0.562725,0.701115,0.606067,0.755494,0.51804,0.619509,0.530634,0.625271,0.531594
2024-12-23,0.355899,1.17751,0.815595,0.697843,0.703266,0.805194,1.1105,0.899144,0.928867,0.799593,0.863674,0.751264
2024-12-26,0.296198,0.355899,0.542543,0.471402,0.645353,0.580446,0.395423,0.307488,0.398354,0.346896,0.401667,0.352835
2024-12-27,0.72236,0.296198,0.532812,0.456364,0.588512,0.464986,0.334603,0.262511,0.350049,0.312325,0.319475,0.283398
2024-12-30,0.605371,0.72236,0.602037,0.622152,0.613837,0.629986,0.601488,0.475927,0.575012,0.505586,0.531459,0.467355
2024-12-31,0.789384,0.605371,0.538733,0.562492,0.644327,0.652104,0.544884,0.451307,0.520089,0.466195,0.523201,0.466043
2025-01-02,1.45738,0.789384,0.581531,0.615511,0.597645,0.74541,0.68941,0.560749,0.661042,0.590197,0.648381,0.580185
2025-01-03,0.357102,1.45738,0.897016,0.88922,0.554091,0.958008,1.14846,0.916906,1.00609,0.885583,1.03946,0.909856
2025-01-06,0.2616,0.357102,0.513825,0.503454,0.582274,0.625412,0.452208,0.360608,0.384425,0.342109,0.451568,0.39731
2025-01-07,0.818152,0.2616,0.448049,0.409892,0.539837,0.481556,0.362441,0.296849,0.32192,0.287403,0.317784,0.279171
2025-01-08,0.889661,0.818152,0.658509,0.675278,0.577172,0.692979,0.673954,0.542666,0.567331,0.498175,0.594079,0.515294
2025-01-10,1.04911,0.889661,0.68935,0.706636,0.523752,0.785781,0.693455,0.578667,0.705179,0.62186,0.683463,0.59659
2025-01-13,0.656297,1.04911,0.719405,0.741373,0.631515,0.872856,0.897161,0.758382,0.938865,0.826797,0.782134,0.68615
2025-01-14,0.746292,0.656297,0.607414,0.64061,0.577037,0.766804,0.661529,0.567047,0.694335,0.617045,0.646143,0.567551
2025-01-15,0.305725,0.746292,0.677002,0.73175,0.52931,0.779829,0.676452,0.582782,0.719304,0.64098,0.695797,0.613658
2025-01-16,0.347398,0.305725,0.492703,0.473745,0.634844,0.556161,0.432037,0.352595,0.43883,0.39073,0.413114,0.365851
2025-01-17,0.170953,0.347398,0.473011,0.468411,0.587941,0.527136,0.453335,0.375391,0.450769,0.405544,0.404315,0.355585
2025-01-21,0.270644,0.170953,0.340327,0.303519,0.576496,0.368432,0.287068,0.231488,0.28,0.252301,0.285359,0.246873
2025-01-22,0.0673652,0.270644,0.353613,0.34653,0.561548,0.368403,0.357964,0.285832,0.337035,0.305015,0.302495,0.264442
2025-01-23,0.0955237,0.0673652,0.236397,0.163491,0.524646,0.206577,0.162234,0.129303,0.179145,0.155726,0.158453,0.135095
2025-01-24,0.120048,0.0955237,0.230892,0.173063,0.494312,0.189732,0.173033,0.137213,0.171713,0.149667,0.154903,0.132934
2025-01-27,0.597711,0.120048,0.218971,0.176192,0.462005,0.194724,0.182383,0.150871,0.178998,0.158189,0.180981,0.15749
2025-01-28,0.334311,0.597711,0.420088,0.385726,0.550873,0.301486,0.454406,0.335776,0.44037,0.38582,0.386373,0.328826
2025-01-29,0.67053,0.334311,0.327097,0.305293,0.535846,0.3028,0.376615,0.298574,0.32559,0.290537,0.343214,0.29793
2025-01-30,0.722581,0.67053,0.487554,0.480903,0.50747,0.42219,0.579016,0.463201,0.573502,0.507865,0.514906,0.446404
2025-01-31,0.568703,0.722581,0.548841,0.567361,0.476045,0.540653,0.611699,0.516545,0.590112,0.522259,0.706872,0.610921
2025-02-03,1.21539,0.568703,0.521215,0.562986,0.459656,0.576248,0.516217,0.43415,0.531472,0.475947,0.573328,0.501398
2025-02-04,0.249251,1.21539,0.797296,0.822115,0.456288,0.821705,0.871509,0.732078,0.916599,0.82141,0.903322,0.784277
2025-02-05,0.226938,0.249251,0.446153,0.407714,0.438371,0.495882,0.377011,0.296195,0.386482,0.342717,0.444781,0.381926
2025-02-06,0.217329,0.226938,0.405397,0.364437,0.411189,0.380402,0.35025,0.26847,0.329215,0.289485,0.300874,0.259834
2025-02-07,1.08901,0.217329,0.360794,0.327711,0.380667,0.316155,0.33683,0.262945,0.291542,0.258415,0.318956,0.275601
2025-02-10,0.0856953,1.08901,0.714906,0.685057,0.409854,0.59259,0.670658,0.505699,0.681545,0.597275,0.668278,0.564949
2025-02-11,0.113403,0.0856953,0.275296,0.198765,0.395185,0.259351,0.261662,0.182368,0.221277,0.188043,0.19656,0.160518
2025-02-12,0.366019,0.113403,0.275546,0.211391,0.360457,0.210924,0.248511,0.175898,0.194245,0.167514,0.179906,0.152867
2025-02-13,0.226585,0.366019,0.372638,0.355165,0.342684,0.274504,0.415061,0.289041,0.311858,0.272662,0.434792,0.368373
2025-02-14,0.0957256,0.226585,0.320049,0.291498,0.36461,0.257176,0.332529,0.244448,0.257294,0.22627,0.295584,0.25285
2025-02-18,0.190151,0.0957256,0.209869,0.174324,0.337817,0.210246,0.240692,0.180452,0.179891,0.156313,0.170584,0.145453
2025-02-19,0.118111,0.190151,0.252,0.24475,0.314888,0.224924,0.286362,0.216877,0.229265,0.202265,0.253753,0.217865
2025-02-20,0.252399,0.118111,0.224456,0.20098,0.294792,0.212575,0.232658,0.177259,0.178153,0.156182,0.183085,0.156979
2025-02-21,0.316888,0.252399,0.269354,0.270004,0.287104,0.242002,0.309971,0.234319,0.230346,0.203449,0.240938,0.209524
2025-02-24,0.576858,0.316888,0.301215,0.304373,0.438052,0.272774,0.350049,0.270439,0.271892,0.241459,0.302348,0.262262
2025-02-25,0.898241,0.576858,0.433499,0.439949,0.421964,0.363419,0.484523,0.3797,0.42521,0.370522,0.443893,0.378559
2025-02-26,0.503234,0.898241,0.604795,0.586744,0.4081,0.52934,0.690401,0.537219,0.614185,0.52999,0.700131,0.589039
2025-02-27,1.19549,0.503234,0.466365,0.496233,0.382012,0.531725,0.513432,0.404462,0.471668,0.414177,0.513643,0.443505
2025-02-28,1.50874,1.19549,0.800398,0.796426,0.505379,0.784967,0.964993,0.775401,0.952606,0.812139,0.890367,0.759974
2025-03-03,1.47678,1.50874,1.00485,0.973523,0.573475,0.976978,1.24592,1.04633,1.31057,1.13121,1.13844,0.979847
2025-03-04,1.76447,1.47678,1.05013,1.02511,0.707509,1.04622,1.34818,1.18087,1.46937,1.29086,1.09894,0.96891
2025-03-05,1.71792,1.76447,1.23916,1.16836,0.73532,1.11493,1.57496,1.46232,1.79529,1.59165,1.32007,1.16149
2025-03-06,1.81426,1.71792,1.30362,1.25568,0.722989,1.12453,1.60948,1.5419,1.86248,1.67668,1.45276,1.28938
2025-03-07,2.43534,1.81426,1.40325,1.33207,0.846107,1.1407,1.64685,1.56793,1.70026,1.54795,1.60699,1.47286
2025-03-10,1.63989,2.43534,1.78678,1.58879,0.789704,1.21565,2.16434,1.98588,2.13761,1.94294,2.07809,1.87756
2025-03-11,2.85468,1.63989,1.43403,1.3387,1.12846,1.13617,1.56989,1.48862,1.56148,1.44301,1.46849,1.34196
2025-03-12,1.15596,2.85468,2.11871,1.80648,1.08161,1.25057,2.14781,1.97186,2.25683,2.05742,2.12074,1.89445
2025-03-13,1.31277,1.15596,1.29591,1.15277,1.01821,1.04953,1.15782,1.03327,1.28205,1.15786,1.08897,0.965905
2025-03-14,0.633897,1.31277,1.3218,1.19426,1.03731,1.035,1.18555,1.05338,1.21576,1.10807,1.13952,1.02109
2025-03-17,0.606474,0.633897,0.865507,0.769051,1.14706,0.815836,0.717869,0.587127,0.735213,0.661026,0.754329,0.663406
2025-03-18,0.656148,0.606474,0.762657,0.695283,1.06322,0.744007,0.645904,0.536767,0.636264,0.575196,0.651572,0.580786
2025-03-19,0.845906,0.656148,0.604033,0.6388,1.02274,0.738378,0.665473,0.573926,0.665308,0.604678,0.620518,0.55123
2025-03-20,0.7919,0.845906,0.668431,0.698255,0.983934,0.803196,0.763466,0.67381,0.857062,0.777147,0.742022,0.660841
2025-03-21,0.58229,0.7919,0.60838,0.649015,0.898737,0.800842,0.743533,0.671847,0.867005,0.791191,0.759218,0.682788
2025-03-24,0.244158,0.58229,0.515194,0.560967,0.822945,0.718054,0.590701,0.5326,0.688615,0.62353,0.629458,0.561504
2025-03-25,0.149745,0.244158,0.336674,0.353919,0.892519,0.502002,0.360852,0.302396,0.357703,0.315566,0.380074,0.33416
2025-03-26,0.381411,0.149745,0.255328,0.25527,0.812758,0.360008,0.221789,0.191059,0.252563,0.219844,0.262639,0.22752
2025-03-27,0.710813,0.381411,0.324455,0.37209,0.831042,0.441282,0.403096,0.324844,0.407482,0.355452,0.355231,0.310437
2025-03-28,0.610928,0.710813,0.460745,0.489828,0.765531,0.60321,0.620372,0.526922,0.612432,0.534061,0.555341,0.485966
2025-03-31,1.41966,0.610928,0.430272,0.462662,0.927995,0.639928,0.59068,0.505079,0.630276,0.556299,0.485005,0.428636
2025-04-01,0.929734,1.41966,0.908016,0.77998,0.862435,0.903843,1.11695,1.02533,1.12978,0.989128,0.893424,0.77329
2025-04-02,1.07075,0.929734,0.747307,0.731527,0.788172,0.867788,0.89153,0.807981,1.02021,0.905225,0.761453,0.663608
2025-04-03,1.20596,1.07075,0.868834,0.845477,0.735127,0.91184,0.996231,0.925052,1.09175,0.976868,0.915604,0.809563
2025-04-04,8.49571,1.20596,0.974932,0.939928,1.95681,0.959295,1.06996,1.03905,1.19993,1.08946,1.02419,0.909893
2025-04-07,45.0408,8.49571,5.34917,2.87028,3.44693,1.3882,3.52866,3.01509,4.35194,3.77312,3.4861,2.81353
2025-04-08,8.2911,45.0408,152.811,9.38512,3.80509,1.56822,29.1811,12.1869,28.5773,21.0915,33.6589,19.4162
2025-04-09,21.5495,8.2911,11.055,4.61233,3.68319,1.52018,7.11139,5.35075,8.8709,7.04654,5.29206,3.96004
2025-04-10,11.6834,21.5495,25.1882,9.85609,9.44013,1.57374,23.1671,12.6954,26.5892,18.9266,18.0357,12.908
2025-04-11,3.60569,11.6834,19.8547,8.566,9.67294,1.55405,13.8106,9.64514,15.2171,11.3962,10.0754,7.71708
2025-04-14,1.8186,3.60569,10.102,4.25982,8.78846,1.4206,4.77315,3.77982,4.64485,3.54428,3.47314,2.78675
2025-04-15,1.10735,1.8186,7.33656,2.38469,7.85372,1.24345,2.10323,1.70258,2.2765,1.73991,1.81197,1.49991
2025-04-16,1.75312,1.10735,5.12933,1.61314,6.98259,1.05903,1.31881,1.09343,1.42854,1.10997,1.24749,1.03792
2025-04-17,1.25009,1.75312,4.0936,1.79705,6.49676,1.13937,1.55677,1.28323,1.99837,1.5908,1.54289,1.30114
2025-04-21,0.769516,1.25009,2.6422,1.34243,5.7925,1.00259,1.21193,1.03952,1.61673,1.29884,1.14079,0.946433
2025-04-22,1.24867,0.769516,1.76214,0.936342,5.47441,0.773712,0.822829,0.732651,1.01411,0.822523,0.789175,0.680068
2025-04-23,1.75143,1.24867,1.76567,1.2179,5.19109,0.888446,1.15004,0.997436,1.54286,1.24944,1.08107,0.917415
2025-04-24,0.612096,1.75143,1.95872,1.52388,4.73112,1.07965,1.39766,1.21356,2.01614,1.63203,1.34097,1.13963
2025-04-25,0.859612,0.612096,1.31427,0.81061,4.41131,0.707095,0.707046,0.60047,0.700532,0.590703,0.758859,0.646695
2025-04-28,0.807455,0.859612,1.30888,0.964298,3.93994,0.730436,0.800309,0.681171,0.961188,0.800814,0.888207,0.765659
2025-04-29,0.728337,0.807455,1.22775,0.935545,3.49799,0.71065,0.832564,0.724153,0.957982,0.805819,0.832992,0.730824
2025-04-30,1.31296,0.728337,1.11899,0.86231,3.12342,0.669983,0.831695,0.746217,0.931476,0.795215,0.796371,0.688093
2025-05-01,0.941466,1.31296,1.30679,1.19588,2.79374,0.890216,1.2339,1.0947,1.33477,1.10077,1.11818,0.95535
2025-05-02,0.491198,0.941466,1.1665,1.01785,2.50712,0.819012,1.10305,0.991773,1.16294,0.983105,0.924282,0.806051
2025-05-05,0.261276,0.491198,0.944998,0.683563,2.35635,0.563134,0.79633,0.67512,0.663617,0.557851,0.606257,0.52234
2025-05-06,0.910911,0.261276,0.788064,0.446192,2.12138,0.357323,0.468341,0.368448,0.389485,0.327956,0.433507,0.367007
2025-05-07,1.68598,0.910911,1.00933,0.90825,1.94268,0.648064,1.06264,0.827847,0.88319,0.731241,0.760298,0.643968
2025-05-08,0.75176,1.68598,1.29818,1.31144,1.74506,1.00082,1.99058,1.56598,1.5706,1.26252,1.17249,0.974718
2025-05-09,0.3942,0.75176,0.845393,0.818248,1.45749,0.755635,1.24734,0.962919,0.952483,0.785563,0.875332,0.737285
2025-05-12,0.454185,0.3942,0.700437,0.561189,1.29698,0.477555,0.849115,0.589758,0.609427,0.5068,0.561122,0.465959
2025-05-13,0.269232,0.454185,0.673683,0.613088,1.76308,0.475024,0.75103,0.557847,0.632071,0.533138,0.573987,0.475897
2025-05-14,0.337468,0.269232,0.555433,0.427983,1.58149,0.347908,0.465312,0.361321,0.402083,0.3404,0.409786,0.341028
2025-05-15,0.323299,0.337468,0.503532,0.442989,1.40421,0.377629,0.456046,0.366614,0.425485,0.366638,0.434507,0.368387
2025-05-16,0.184903,0.323299,0.473786,0.411843,1.2551,0.373741,0.416028,0.344318,0.402162,0.352186,0.38792,0.33295
2025-05-19,0.235934,0.184903,0.417617,0.290103,1.13237,0.266332,0.308846,0.255674,0.27457,0.24043,0.296069,0.250457
2025-05-20,0.311532,0.235934,0.419254,0.318918,1.00763,0.300568,0.352885,0.283337,0.303313,0.265024,0.325158,0.283796
2025-05-21,1.05626,0.311532,0.44311,0.373008,0.910444,0.362431,0.393032,0.316,0.32904,0.291473,0.364322,0.313128
2025-05-22,0.467868,1.05626,0.714263,0.775862,1.01302,0.732379,0.762407,0.577689,0.577136,0.508536,0.691508,0.577071
2025-05-23,0.489681,0.467868,0.534334,0.503866,0.906273,0.520714,0.48971,0.39834,0.409911,0.365159,0.450323,0.396144
2025-05-27,0.140199,0.489681,0.552834,0.539425,0.848382,0.531091,0.499578,0.412581,0.444786,0.398626,0.502846,0.444046
2025-05-28,0.312644,0.140199,0.436646,0.265242,0.991215,0.240312,0.260524,0.202799,0.230685,0.204483,0.29452,0.252723
2025-05-29,0.715116,0.312644,0.489601,0.409369,0.911758,0.368063,0.337907,0.260021,0.304067,0.270437,0.363818,0.312734
2025-05-30,0.62156,0.715116,0.599769,0.6283,0.821842,0.633532,0.493138,0.382933,0.436423,0.383348,0.518069,0.450259
2025-06-02,0.380808,0.62156,0.577899,0.591282,0.738971,0.63142,0.514076,0.415999,0.488836,0.427057,0.527604,0.45945
2025-06-03,0.140368,0.380808,0.494477,0.446452,0.67599,0.472704,0.411811,0.33326,0.414977,0.365457,0.426753,0.370611
2025-06-04,0.142322,0.140368,0.416817,0.259308,0.621894,0.243207,0.269246,0.214413,0.25971,0.223652,0.280636,0.242458
2025-06-05,0.775234,0.142322,0.40789,0.249502,0.559687,0.232642,0.256716,0.205546,0.244144,0.209096,0.256201,0.216834
2025-06-06,0.295391,0.775234,0.612087,0.628771,0.526601,0.587871,0.598697,0.433294,0.529414,0.437865,0.537347,0.453849
2025-06-09,0.0948651,0.295391,0.44369,0.360101,0.488218,0.365101,0.391877,0.291296,0.344356,0.297046,0.328461,0.279634
2025-06-10,0.16051,0.0948651,0.362624,0.181924,0.440076,0.184059,0.223815,0.173302,0.219367,0.187491,0.220028,0.185114
2025-06-11,0.375517,0.16051,0.382475,0.241174,0.410998,0.225319,0.29895,0.222191,0.260674,0.22346,0.263125,0.224797
2025-06-12,0.209286,0.375517,0.461862,0.398819,0.381948,0.316475,0.404722,0.302266,0.335707,0.284142,0.338548,0.290446
2025-06-13,0.435069,0.209286,0.381364,0.272863,0.352452,0.259627,0.307308,0.238276,0.25751,0.221906,0.260137,0.224259
2025-06-16,0.153852,0.435069,0.46017,0.411562,0.421171,0.345981,0.431203,0.329973,0.397927,0.343022,0.376913,0.319925
2025-06-17,0.254987,0.153852,0.373848,0.242902,0.427784,0.239112,0.291746,0.220224,0.249338,0.215589,0.265391,0.2251
2025-06-18,0.469209,0.254987,0.410418,0.324922,0.447928,0.273633,0.393685,0.289709,0.298614,0.25894,0.318388,0.275118
2025-06-20,0.452075,0.469209,0.483331,0.454421,0.405338,0.358388,0.453699,0.347443,0.397682,0.344713,0.415867,0.354569
2025-06-23,0.482536,0.452075,0.489206,0.462498,0.373867,0.383108,0.434463,0.341775,0.415628,0.363764,0.420454,0.361963
2025-06-24,0.11329,0.482536,0.501987,0.482831,0.392293,0.428187,0.456337,0.365187,0.459675,0.404545,0.425591,0.368854
2025-06-25,0.10357,0.11329,0.381244,0.220118,0.421205,0.231329,0.27629,0.211317,0.224072,0.190715,0.253193,0.215071
2025-06-26,0.0907812,0.10357,0.369903,0.198718,0.380783,0.206854,0.233525,0.183327,0.213049,0.17873,0.223606,0.191028
2025-06-27,0.215697,0.0907812,0.346294,0.168917,0.375936,0.20412,0.199834,0.151905,0.184148,0.155244,0.19733,0.167082
2025-06-30,0.168448,0.215697,0.374289,0.258877,0.351633,0.251823,0.302369,0.222692,0.259218,0.220958,0.253051,0.212929
2025-07-01,0.24124,0.168448,0.343946,0.21473,0.329964,0.24172,0.246822,0.193896,0.217175,0.187934,0.222208,0.190308
2025-07-02,0.0690415,0.24124,0.372031,0.269906,0.302778,0.267947,0.301123,0.232204,0.257633,0.226577,0.261659,0.223893
2025-07-07,0.235441,0.0690415,0.314823,0.13521,0.295385,0.206566,0.161095,0.129115,0.152703,0.131459,0.154198,0.130991
2025-07-08,0.200262,0.235441,0.373611,0.271592,0.319184,0.260111,0.25072,0.192895,0.213485,0.186463,0.240071,0.205504
2025-07-09,0.125245,0.200262,0.362052,0.248832,0.293843,0.256715,0.243266,0.193513,0.206778,0.181509,0.230326,0.200361
2025-07-10,0.0715815,0.125245,0.336175,0.190982,0.282251,0.228587,0.210605,0.169885,0.184644,0.161453,0.182858,0.159366
2025-07-11,0.13886,0.0715815,0.309476,0.132534,0.261323,0.2073,0.152334,0.123058,0.150161,0.127942,0.162517,0.139142
2025-07-14,0.14936,0.13886,0.333626,0.194817,0.255648,0.2279,0.201092,0.157453,0.190806,0.163695,0.196184,0.170839
2025-07-15,0.198852,0.14936,0.332794,0.197799,0.236738,0.235358,0.216141,0.166551,0.182969,0.157495,0.186267,0.162858
2025-07-16,0.664755,0.198852,0.348454,0.230449,0.239406,0.253472,0.248926,0.185948,0.211112,0.181473,0.199561,0.174153
2025-07-17,0.0993622,0.664755,0.522654,0.480642,0.226317,0.392328,0.493278,0.345964,0.508367,0.41729,0.392503,0.323715
2025-07-18,0.0820569,0.0993622,0.345629,0.178731,0.22883,0.22516,0.230171,0.170051,0.185872,0.157326,0.199379,0.17068
2025-07-21,0.0686485,0.0820569,0.336584,0.156392,0.215528,0.206171,0.186341,0.13913,0.175612,0.146759,0.167564,0.144035
2025-07-22,0.192413,0.0686485,0.328003,0.135634,0.202126,0.203256,0.154857,0.117698,0.145867,0.12114,0.156921,0.132599
2025-07-23,0.129435,0.192413,0.366718,0.233922,0.190778,0.243274,0.277308,0.195988,0.225437,0.191033,0.215335,0.186078
2025-07-24,0.0938665,0.129435,0.319985,0.173504,0.218667,0.228642,0.227806,0.173597,0.198945,0.168402,0.178683,0.153437
2025-07-25,0.0373635,0.0938665,0.307537,0.145207,0.204692,0.215012,0.18195,0.141676,0.162843,0.138916,0.157709,0.135335
2025-07-28,0.0596086,0.0373635,0.286269,0.0847066,0.199364,0.200328,0.111029,0.0810792,0.102845,0.0858788,0.110254,0.092344
2025-07-29,0.121822,0.0596086,0.292404,0.106886,0.188771,0.202487,0.11871,0.0899332,0.116999,0.098773,0.117684,0.0995762
2025-07-30,0.340355,0.121822,0.308578,0.152418,0.187946,0.221896,0.170862,0.133244,0.145103,0.124779,0.150758,0.129781
2025-07-31,0.471153,0.340355,0.388782,0.280164,0.181692,0.291941,0.316515,0.230483,0.280393,0.240883,0.256204,0.217447
2025-08-01,0.524901,0.471153,0.448691,0.366094,0.188377,0.351698,0.418358,0.314505,0.359218,0.312283,0.368882,0.3101
2025-08-04,0.139565,0.524901,0.490457,0.445967,0.390518,0.40479,0.474217,0.367408,0.411402,0.363069,0.425705,0.35947
2025-08-05,0.234602,0.139565,0.372541,0.22612,0.487511,0.24731,0.217743,0.167567,0.175547,0.154052,0.218909,0.185741
2025-08-06,0.26996,0.234602,0.408438,0.310809,0.461711,0.274453,0.293266,0.220146,0.262376,0.232765,0.276865,0.238688
2025-08-07,0.416038,0.26996,0.416472,0.332415,0.449403,0.291427,0.295635,0.226732,0.264059,0.234941,0.278791,0.24027
2025-08-08,0.148937,0.416038,0.460461,0.417769,0.407377,0.355816,0.368008,0.280896,0.363806,0.321046,0.34329,0.293563
2025-08-11,0.183713,0.148937,0.357857,0.225423,0.398261,0.243329,0.222788,0.172222,0.19078,0.170643,0.20641,0.17762
2025-08-12,0.175278,0.183713,0.370516,0.255454,0.365323,0.247873,0.261765,0.194519,0.230958,0.207595,0.234972,0.201673
2025-08-13,0.138185,0.175278,0.365162,0.24572,0.394281,0.244577,0.243268,0.187629,0.215253,0.19342,0.238946,0.206461
2025-08-14,0.155094,0.138185,0.346841,0.208812,0.359611,0.229454,0.214721,0.169925,0.182487,0.163509,0.194449,0.16814
2025-08-15,0.182216,0.155094,0.339134,0.211306,0.32662,0.235253,0.232191,0.179062,0.190637,0.171592,0.192398,0.167055
2025-08-18,0.112352,0.182216,0.347347,0.231112,0.305029,0.246553,0.241127,0.184411,0.205359,0.184333,0.206424,0.180474
2025-08-19,0.236371,0.112352,0.32184,0.17383,0.279764,0.222325,0.197133,0.151884,0.174235,0.157486,0.167159,0.14469
2025-08-20,0.453393,0.236371,0.364542,0.264913,0.286414,0.26413,0.271326,0.206429,0.238406,0.213098,0.239475,0.207099
2025-08-21,0.38615,0.453393,0.449345,0.402234,0.273157,0.342445,0.368738,0.279513,0.328335,0.290201,0.360871,0.308927
2025-08-22,0.734635,0.38615,0.439814,0.386227,0.269528,0.347863,0.344248,0.26545,0.328834,0.289882,0.330645,0.288935
2025-08-25,0.0670823,0.734635,0.578503,0.590769,0.388652,0.500089,0.580154,0.438121,0.521338,0.457372,0.55507,0.476945
2025-08-26,0.125278,0.0670823,0.365531,0.158971,0.371163,0.209164,0.182621,0.13393,0.177944,0.151944,0.183166,0.154377
2025-08-27,0.075382,0.125278,0.378401,0.215716,0.342662,0.21485,0.250996,0.175466,0.223514,0.191211,0.208781,0.17957
2025-08-28,0.118577,0.075382,0.343853,0.150142,0.312061,0.199759,0.179649,0.131089,0.158733,0.134022,0.159313,0.134944
2025-08-29,0.220234,0.118577,0.344542,0.181144,0.28979,0.215436,0.221368,0.162153,0.187002,0.159695,0.172174,0.146195
2025-09-02,0.273856,0.220234,0.35083,0.2386,0.300837,0.254273,0.299487,0.21284,0.257585,0.224726,0.228225,0.194553
2025-09-03,0.21112,0.273856,0.37586,0.28552,0.324743,0.279923,0.323698,0.236787,0.284295,0.250004,0.239905,0.205927
2025-09-04,0.11546,0.21112,0.36014,0.253897,0.309174,0.262934,0.293655,0.216628,0.243193,0.215336,0.226755,0.196794
2025-09-05,0.455292,0.11546,0.331728,0.186131,0.31507,0.223853,0.223451,0.171248,0.172809,0.151427,0.18116,0.156275
2025-09-08,0.120478,0.455292,0.45602,0.419026,0.298613,0.335761,0.367939,0.276702,0.401228,0.349714,0.330618,0.277407
2025-09-09,0.107914,0.120478,0.345403,0.198581,0.274805,0.230849,0.24113,0.177785,0.189967,0.167337,0.20844,0.176831
2025-09-10,0.157583,0.107914,0.33243,0.177831,0.253871,0.217296,0.217154,0.16374,0.188272,0.166016,0.178507,0.152969
2025-09-11,0.104705,0.157583,0.345619,0.215169,0.237133,0.23567,0.241334,0.177938,0.202148,0.181451,0.218746,0.188486
2025-09-12,0.0907011,0.104705,0.327858,0.17106,0.25521,0.219003,0.189214,0.151949,0.160203,0.142057,0.171328,0.148046
2025-09-15,0.0741167,0.0907011,0.305273,0.146125,0.237193,0.212938,0.16329,0.132383,0.139437,0.124353,0.14545,0.126685
2025-09-16,0.0580739,0.0741167,0.29756,0.127532,0.232329,0.208181,0.152567,0.12245,0.114839,0.102023,0.12489,0.108598
2025-09-17,0.931089,0.0580739,0.289774,0.107854,0.220262,0.20441,0.131993,0.104019,0.097134,0.0860794,0.105282,0.090291
2025-09-18,0.205306,0.931089,0.605444,0.531778,0.209918,0.398928,0.472943,0.283398,0.456049,0.37307,0.47104,0.366438
2025-09-19,0.0906253,0.205306,0.381766,0.244049,0.205445,0.269826,0.278358,0.184416,0.20362,0.175982,0.228746,0.193429
2025-09-22,0.0504611,0.0906253,0.345278,0.158136,0.20324,0.211834,0.19723,0.133826,0.151624,0.129212,0.167948,0.142002
2025-09-23,0.132665,0.0504611,0.330174,0.112356,0.200437,0.1981,0.131062,0.0898733,0.107778,0.0919367,0.130875,0.109669
2025-09-24,0.143192,0.132665,0.359073,0.194612,0.217322,0.221737,0.217779,0.149814,0.181315,0.157024,0.167167,0.141424
2025-09-25,0.430789,0.143192,0.322537,0.18369,0.215407,0.231007,0.216126,0.155348,0.174974,0.150786,0.164844,0.140708
2025-09-26,0.287223,0.430789,0.424862,0.344153,0.223748,0.322522,0.386886,0.263508,0.326645,0.277287,0.287512,0.238004
2025-09-29,0.12164,0.287223,0.389666,0.294948,0.224495,0.298834,0.317746,0.230633,0.286979,0.247227,0.276782,0.235529
2025-09-30,0.223897,0.12164,0.340505,0.195406,0.211372,0.229035,0.238592,0.173351,0.175451,0.152015,0.214407,0.180377
2025-10-01,0.177492,0.223897,0.376971,0.27692,0.202929,0.263293,0.308665,0.22076,0.254764,0.222569,0.280606,0.24
2025-10-02,0.117467,0.177492,0.363781,0.247445,0.195195,0.249178,0.266367,0.196386,0.22209,0.194059,0.230869,0.199174
2025-10-03,0.230877,0.117467,0.328369,0.185576,0.168234,0.223683,0.218482,0.168633,0.179513,0.158201,0.165737,0.142583
2025-10-06,0.0707853,0.230877,0.360714,0.261798,0.159337,0.26306,0.276329,0.216156,0.245513,0.216409,0.206677,0.17981
2025-10-07,0.198436,0.0707853,0.306951,0.136947,0.154488,0.208287,0.181821,0.145226,0.141032,0.121834,0.146014,0.126257
2025-10-08,0.0762712,0.198436,0.344605,0.23208,0.162248,0.247945,0.249238,0.185927,0.218033,0.190789,0.193682,0.169604
2025-10-09,0.154343,0.0762712,0.300616,0.135231,0.169024,0.210806,0.172062,0.137076,0.137398,0.119227,0.155307,0.134699
2025-10-10,1.82169,0.154343,0.326441,0.197576,0.170135,0.233392,0.200757,0.157863,0.180174,0.159471,0.178468,0.154821
2025-10-13,0.280663,1.82169,0.935552,0.802099,0.704368,0.524689,0.804625,0.471514,0.606426,0.487264,0.708447,0.538034
2025-10-14,0.621926,0.280663,0.460199,0.326571,0.755884,0.324835,0.313124,0.212209,0.275839,0.237939,0.24103,0.203925
2025-10-15,0.599771,0.621926,0.590045,0.524465,0.675125,0.474355,0.502415,0.328684,0.414493,0.357796,0.421598,0.345935
2025-10-16,0.966443,0.599771,0.610301,0.578371,0.607871,0.54654,0.466983,0.33191,0.474085,0.410802,0.447863,0.373881
2025-10-17,0.81838,0.966443,0.768275,0.824002,0.585057,0.617174,0.697224,0.512784,0.686381,0.586119,0.593768,0.47605
2025-10-20,0.124534,0.81838,0.672963,0.727693,0.536008,0.656659,0.623316,0.475514,0.714404,0.610201,0.589311,0.483011
2025-10-21,0.18086,0.124534,0.445993,0.266052,0.533886,0.334368,0.258841,0.181544,0.255823,0.218741,0.227241,0.186582
2025-10-22,0.567466,0.18086,0.442258,0.301887,0.47861,0.317124,0.27892,0.199485,0.279034,0.238613,0.234487,0.197992
2025-10-23,0.219813,0.567466,0.563558,0.544166,0.455901,0.409792,0.44983,0.322745,0.454933,0.386571,0.412236,0.339372
2025-10-24,0.0900652,0.219813,0.41721,0.313131,0.424679,0.329602,0.316598,0.226857,0.312189,0.263838,0.259746,0.219032
2025-10-27,0.0581154,0.0900652,0.3394,0.178169,0.413394,0.256778,0.211951,0.156935,0.205885,0.173328,0.161987,0.135621
2025-10-28,0.0892484,0.0581154,0.324653,0.135715,0.445953,0.23875,0.145146,0.111379,0.149937,0.124572,0.13722,0.112843
2025-10-29,0.796223,0.0892484,0.328687,0.161736,0.400869,0.245669,0.175714,0.130418,0.168071,0.140371,0.157947,0.130582
2025-10-30,0.384673,0.796223,0.564786,0.502816,0.362134,0.385395,0.619025,0.388012,0.559674,0.442635,0.480872,0.38028
2025-10-31,0.350307,0.384673,0.443874,0.359693,0.436844,0.38161,0.409844,0.277159,0.373904,0.312158,0.300225,0.248915
2025-11-03,0.233716,0.350307,0.445337,0.368484,0.397592,0.371919,0.421304,0.296358,0.363459,0.307711,0.307304,0.257317
2025-11-04,0.399751,0.233716,0.417322,0.322903,0.360017,0.327363,0.345407,0.244768,0.284522,0.241049,0.271584,0.230112
2025-11-05,0.251276,0.399751,0.485225,0.457241,0.43865,0.37231,0.467017,0.34189,0.406154,0.341441,0.412486,0.348923
2025-11-06,0.633877,0.251276,0.412331,0.343441,0.399409,0.333283,0.315206,0.237431,0.284482,0.24221,0.289815,0.245964
2025-11-07,0.672938,0.633877,0.545885,0.563424,0.45434,0.431772,0.510354,0.398059,0.492474,0.420231,0.421897,0.353213
2025-11-10,0.230739,0.672938,0.576356,0.607106,0.412785,0.494899,0.568548,0.464149,0.569607,0.491417,0.51918,0.43481
2025-11-11,0.165687,0.230739,0.437352,0.354899,0.510148,0.356808,0.329183,0.252232,0.28917,0.247812,0.307575,0.260748
2025-11-12,0.210753,0.165687,0.401457,0.28479,0.458971,0.301207,0.271882,0.213032,0.259246,0.219619,0.270846,0.229845
2025-11-13,0.629228,0.210753,0.413506,0.318273,0.413721,0.304807,0.276672,0.218594,0.270126,0.229398,0.260255,0.222657
2025-11-14,0.862396,0.629228,0.54528,0.550575,0.582164,0.410362,0.488593,0.385583,0.459271,0.3946,0.462467,0.384975
2025-11-17,0.72314,0.862396,0.628665,0.654495,0.522826,0.523419,0.606543,0.487988,0.626356,0.534421,0.559328,0.46521
2025-11-18,1.1243,0.72314,0.609005,0.636042,0.543505,0.561427,0.594031,0.490359,0.611162,0.530262,0.587165,0.490366
2025-11-19,0.868749,1.1243,0.783821,0.878413,0.548225,0.695181,0.803099,0.680014,0.87893,0.747075,0.935385,0.762651
2025-11-20,1.80926,0.868749,0.737935,0.834325,0.500847,0.721662,0.667127,0.565229,0.718112,0.615428,0.771228,0.643578
2025-11-21,1.46794,1.80926,1.09716,1.299,0.632346,0.94363,1.10921,0.940987,1.18511,0.977248,1.34569,1.06898
2025-11-24,0.343661,1.46794,1.02294,1.20904,0.618698,1.04281,1.18278,1.00895,1.1756,0.990635,1.21717,0.998116
2025-11-25,0.933358,0.343661,0.650854,0.552623,0.674462,0.614184,0.446979,0.348732,0.434748,0.369662,0.499201,0.415894
2025-11-26,0.281173,0.933358,0.829703,0.923889,0.648888,0.698546,0.878859,0.69691,0.743787,0.629053,0.857547,0.713492
2025-12-01,0.265532,0.281173,0.596343,0.478986,0.550772,0.459942,0.401851,0.316777,0.400389,0.338768,0.425137,0.352108
2025-12-02,0.428913,0.265532,0.516199,0.42383,0.506795,0.377059,0.357677,0.287868,0.370872,0.314276,0.357303,0.295588
2025-12-03,0.217765,0.428913,0.516647,0.508648,0.458756,0.40618,0.448232,0.370429,0.460354,0.389694,0.437375,0.370141
2025-12-04,0.218233,0.217765,0.443554,0.350669,0.419255,0.331036,0.338868,0.267939,0.331965,0.280761,0.298442,0.252731
2025-12-05,0.174099,0.218233,0.40859,0.326707,0.38117,0.314285,0.339046,0.261582,0.313326,0.267144,0.29632,0.251778
2025-12-08,0.188664,0.174099,0.388793,0.282935,0.347877,0.291084,0.269459,0.217223,0.274141,0.231024,0.253375,0.214624
2025-12-09,0.0886509,0.188664,0.389035,0.288804,0.328857,0.290593,0.283874,0.230176,0.267007,0.227831,0.253024,0.216754
2025-12-10,0.458365,0.0886509,0.34062,0.180275,0.304158,0.249574,0.193834,0.15194,0.204241,0.170138,0.167895,0.140812
2025-12-11,0.419118,0.458365,0.468179,0.436069,0.299105,0.344468,0.438003,0.325983,0.406469,0.340014,0.399256,0.328732
2025-12-12,0.581059,0.419118,0.465293,0.429649,0.276824,0.376279,0.403126,0.321743,0.388486,0.328494,0.372427,0.314308
2025-12-15,0.430582,0.581059,0.537419,0.541533,0.344349,0.437869,0.472905,0.388248,0.459725,0.388748,0.48295,0.403172
2025-12-16,0.464505,0.430582,0.502422,0.484175,0.319704,0.422651,0.423389,0.346861,0.411284,0.34926,0.435371,0.369791
2025-12-17,0.432169,0.464505,0.532424,0.54571,0.303146,0.432476,0.435159,0.366526,0.424711,0.36476,0.442442,0.383474
2025-12-18,0.64989,0.432169,0.520853,0.523659,0.371108,0.426551,0.430397,0.361916,0.437317,0.382205,0.450362,0.388117
2025-12-19,0.164118,0.64989,0.599762,0.658228,0.365976,0.49118,0.560312,0.478974,0.559266,0.495528,0.554922,0.47851
2025-12-22,0.086394,0.164118,0.425092,0.302359,0.37336,0.32158,0.280994,0.222334,0.264961,0.229026,0.316482,0.27188
2025-12-23,0.0542193,0.086394,0.381158,0.197971,0.356929,0.259432,0.177464,0.137026,0.195966,0.165202,0.187944,0.156633
2025-12-26,0.069376,0.0542193,0.349195,0.137769,0.310031,0.237659,0.122905,0.096582,0.157182,0.130976,0.161064,0.131942
2025-12-29,0.079694,0.069376,0.332273,0.142872,0.28628,0.239151,0.1316,0.10469,0.14916,0.125839,0.144574,0.119974
2025-12-30,0.0688774,0.079694,0.303741,0.137358,0.278472,0.241031,0.149716,0.117958,0.14232,0.121209,0.129998,0.109847
2025-12-31,0.150684,0.0688774,0.294562,0.12087,0.260968,0.23749,0.126992,0.0988366,0.125899,0.107088,0.110435,0.0927772
2026-01-02,0.474631,0.150684,0.3218,0.18865,0.283765,0.2617,0.219183,0.169102,0.181485,0.153853,0.19134,0.161077
2026-01-05,0.0867254,0.474631,0.445461,0.391289,0.26255,0.345892,0.377235,0.29463,0.364052,0.308051,0.468414,0.382527
2026-01-06,0.0906333,0.0867254,0.323621,0.155497,0.262568,0.250325,0.168146,0.121792,0.163984,0.13651,0.153809,0.127898
2026-01-07,0.125867,0.0906333,0.324707,0.159182,0.257986,0.249668,0.180309,0.133337,0.165585,0.138424,0.156686,0.130933
2026-01-08,0.226738,0.125867,0.338229,0.194144,0.250627,0.258306,0.227276,0.169306,0.183687,0.154837,0.193399,0.162938
2026-01-09,0.269359,0.226738,0.373602,0.271163,0.233653,0.289848,0.290281,0.217781,0.235765,0.199731,0.23772,0.202854
2026-01-12,0.0647538,0.269359,0.377173,0.290602,0.237239,0.31096,0.30985,0.236568,0.279944,0.239354,0.270323,0.230358
2026-01-13,0.189261,0.0647538,0.311309,0.133086,0.221065,0.238051,0.143747,0.111342,0.150666,0.123696,0.151169,0.127064
2026-01-14,0.515881,0.189261,0.355002,0.243954,0.212473,0.279231,0.263049,0.194102,0.235051,0.200321,0.243115,0.207526
2026-01-15,0.151689,0.515881,0.47756,0.445434,0.222701,0.366737,0.429038,0.311997,0.353026,0.304736,0.41884,0.351558
2026-01-16,0.207357,0.151689,0.358517,0.226958,0.209926,0.283811,0.269493,0.190471,0.212616,0.179384,0.187769,0.161807
2026-01-20,0.423481,0.207357,0.372207,0.263847,0.199425,0.296756,0.323555,0.227937,0.240987,0.204604,0.249361,0.213106
2026-01-21,0.863549,0.423481,0.457132,0.418114,0.479305,0.359895,0.420088,0.30974,0.355577,0.304969,0.384831,0.325276
2026-01-22,0.218821,0.863549,0.630497,0.660918,0.500978,0.488885,0.680868,0.496905,0.623461,0.532714,0.61145,0.504198
2026-01-23,0.23005,0.218821,0.412381,0.304186,0.46267,0.344713,0.375132,0.273473,0.3014,0.257744,0.272272,0.228287
2026-01-26,0.0996283,0.23005,0.418775,0.317092,0.419065,0.325236,0.377466,0.276634,0.313901,0.27059,0.270967,0.231616
2026-01-27,0.0730998,0.0996283,0.372032,0.19525,0.390587,0.260806,0.195335,0.149847,0.207308,0.172224,0.190456,0.159612
2026-01-28,0.245115,0.0730998,0.346462,0.15248,0.36151,0.243605,0.146825,0.112694,0.1567,0.129758,0.142192,0.118768
2026-01-29,0.648559,0.245115,0.371043,0.278794,0.330788,0.292494,0.322837,0.214347,0.266028,0.225353,0.240461,0.203
2026-01-30,0.66204,0.648559,0.521231,0.498581,0.309333,0.399738,0.537871,0.365991,0.413054,0.353517,0.445051,0.355786
2026-02-02,0.0411318,0.66204,0.548263,0.534721,0.294428,0.468489,0.598955,0.410103,0.526665,0.455264,0.493174,0.397197
2026-02-03,0.691031,0.0411318,0.349621,0.117418,0.280688,0.237245,0.149882,0.100047,0.148443,0.120082,0.136561,0.111146
2026-02-04,1.02983,0.691031,0.586141,0.573636,0.315552,0.396476,0.640962,0.357713,0.510798,0.414824,0.57063,0.442678
2026-02-05,0.968489,1.02983,0.733291,0.759339,0.312901,0.554993,1.20629,0.653629,0.639195,0.523811,0.741395,0.571116
2026-02-06,0.318349,0.968489,0.732725,0.759768,0.401777,0.654155,1.2044,0.705436,0.828621,0.69863,0.698627,0.566215
2026-02-09,0.196459,0.318349,0.511068,0.413372,0.560588,0.460954,0.513165,0.324832,0.417121,0.360649,0.359585,0.299392
2026-02-10,0.245041,0.196459,0.479904,0.345805,0.515255,0.345724,0.368667,0.242415,0.288691,0.245553,0.291977,0.24463
2026-02-11,0.518631,0.245041,0.472931,0.369657,0.474983,0.335371,0.3843,0.25635,0.303807,0.258733,0.307331,0.259634
2026-02-12,0.641762,0.518631,0.53515,0.530276,0.432061,0.40663,0.566952,0.399849,0.497111,0.423488,0.468447,0.390824
2026-02-13,0.787747,0.641762,0.559959,0.587008,0.560671,0.472578,0.590407,0.428399,0.613912,0.525858,0.494003,0.416185
2026-02-17,1.14392,0.787747,0.630969,0.685936,0.507659,0.550222,0.761474,0.566304,0.776454,0.663047,0.542433,0.454527
2026-02-18,0.349296,1.14392,0.791937,0.909016,0.461032,0.688953,1.03368,0.748952,0.944638,0.801776,0.90944,0.736153
2026-02-19,0.598083,0.349296,0.547647,0.503559,0.428325,0.492177,0.521688,0.383513,0.418296,0.351795,0.453997,0.377851
2026-02-20,0.651017,0.598083,0.630875,0.670389,0.398638,0.52309,0.668455,0.51171,0.647617,0.547022,0.560739,0.471281
2026-02-23,0.415413,0.651017,0.648496,0.702094,0.387919,0.549735,0.68963,0.522929,0.720588,0.613273,0.614501,0.519788
2026-02-24,0.40489,0.415413,0.555142,0.539447,0.433559,0.470431,0.537461,0.406586,0.526146,0.452657,0.472198,0.39945
2026-02-25,0.0751126,0.40489,0.516532,0.507023,0.417865,0.435301,0.515598,0.396726,0.484278,0.419613,0.463249,0.390768
2026-02-26,0.543274,0.0751126,0.398519,0.197918,0.412779,0.262014,0.203861,0.143214,0.212784,0.173123,0.224878,0.183246
2026-02-27,0.466193,0.543274,0.544206,0.543769,0.403492,0.381617,0.548537,0.384502,0.471058,0.395453,0.499223,0.41221
2026-03-02,0.557569,0.466193,0.512187,0.498904,0.389391,0.412253,0.483648,0.350394,0.41329,0.352818,0.435556,0.369177
2026-03-03,0.970285,0.557569,0.548896,0.556335,0.359622,0.45347,0.559847,0.421961,0.499336,0.432382,0.488822,0.411519
2026-03-04,0.424336,0.970285,0.707887,0.772295,0.390321,0.582035,0.821011,0.638032,0.746858,0.654703,0.734474,0.604685
2026-03-05,0.836799,0.424336,0.552951,0.553953,0.378956,0.485766,0.486358,0.38879,0.483459,0.420822,0.472328,0.403867
2026-03-06,0.934347,0.836799,0.699479,0.805199,0.374969,0.582379,0.705746,0.584076,0.701561,0.616124,0.727026,0.615102
2026-03-09,1.23419,0.934347,0.754261,0.883695,0.466954,0.667409,0.71625,0.604308,0.762531,0.6649,0.73267,0.618063
2026-03-10,0.69145,1.23419,0.882775,1.06144,0.461022,0.796154,0.91195,0.776555,1.09575,0.948747,0.834171,0.706706
2026-03-11,0.602799,0.69145,0.698415,0.779279,0.42534,0.712654,0.603584,0.502728,0.776858,0.681921,0.661215,0.555882
2026-03-12,0.740374,0.602799,0.680187,0.741753,0.39219,0.632789,0.587034,0.492713,0.645992,0.5713,0.648435,0.562097
2026-03-13,0.663461,0.740374,0.720044,0.821804,0.522018,0.642984,0.65793,0.592357,0.725272,0.632008,0.750991,0.651312
2026-03-16,0.43045,0.663461,0.683272,0.766986,0.501074,0.618857,0.614284,0.54635,0.686897,0.599145,0.68176,0.592124
2026-03-17,0.244953,0.43045,0.57114,0.583436,0.505087,0.505656,0.509485,0.429174,0.511647,0.446855,0.516426,0.450013
2026-03-18,0.445251,0.244953,0.489398,0.413312,0.459648,0.375571,0.37141,0.289121,0.346643,0.297781,0.37645,0.324407
2026-03-19,0.765369,0.445251,0.544179,0.550459,0.555974,0.412742,0.539044,0.444254,0.492417,0.425246,0.476466,0.415987
2026-03-20,0.732148,0.765369,0.645434,0.725572,0.51213,0.51289,0.702829,0.570502,0.62512,0.544366,0.649507,0.563811
2026-03-23,0.939122,0.732148,0.640063,0.716004,0.609826,0.563238,0.688233,0.585173,0.674401,0.587413,0.680123,0.597961
2026-03-24,0.779012,0.939122,0.730863,0.848316,0.603357,0.654852,0.842427,0.727391,0.813947,0.713701,0.796663,0.700752
2026-03-25,0.552756,0.779012,0.707405,0.817283,0.5579,0.667812,0.74793,0.655861,0.76863,0.681385,0.723125,0.645062
2026-03-26,0.473981,0.552756,0.642093,0.69347,0.517632,0.587935,0.585954,0.50397,0.585979,0.52122,0.609306,0.542224
2026-03-27,0.565496,0.473981,0.603569,0.626539,0.688549,0.517041,0.523065,0.450246,0.528434,0.467515,0.556096,0.495297
2026-03-30,0.593509,0.565496,0.624649,0.680547,0.818707,0.51854,0.576061,0.503574,0.613825,0.545475,0.57215,0.511585
2026-03-31,1.24382,0.593509,0.617529,0.682797,0.743413,0.526416,0.577586,0.514718,0.613614,0.550633,0.573964,0.513311
2026-04-01,0.3347,1.24382,0.847633,1.03294,1.11352,0.698518,0.988602,0.853215,1.0029,0.901406,0.906667,0.784375
2026-04-02,1.13262,0.3347,0.550801,0.509292,1.01934,0.482563,0.481965,0.389757,0.471755,0.415504,0.462546,0.404099
2026-04-06,0.401675,1.13262,0.835099,0.995317,0.914523,0.651495,0.93163,0.769352,0.805771,0.714188,0.864396,0.742627
2026-04-07,0.784227,0.401675,0.597357,0.577014,0.828785,0.5088,0.573223,0.475143,0.526497,0.455257,0.584736,0.501311
2026-04-08,0.394449,0.784227,0.727306,0.82288,0.745639,0.584726,0.739287,0.633928,0.714526,0.621874,0.68516,0.589645
2026-04-09,0.326236,0.394449,0.562351,0.54577,1.00723,0.476123,0.571873,0.473131,0.509946,0.445064,0.501721,0.432472
2026-04-10,0.12971,0.326236,0.538619,0.49202,0.914698,0.405685,0.501107,0.412381,0.431638,0.377164,0.442249,0.378538
2026-04-13,0.264502,0.12971,0.426425,0.273282,0.820536,0.291294,0.277195,0.210976,0.264659,0.222088,0.287546,0.239766
2026-04-14,0.154366,0.264502,0.460375,0.383565,0.781103,0.322997,0.412143,0.309975,0.358403,0.304986,0.346371,0.295193
2026-04-15,0.233252,0.154366,0.393487,0.266812,0.773126,0.282611,0.282952,0.220081,0.261759,0.222969,0.272369,0.22983
2026-04-16,0.263942,0.233252,0.409907,0.318953,0.721792,0.303551,0.358028,0.27475,0.282467,0.245564,0.302861,0.260097
2026-04-17,0.201561,0.263942,0.41554,0.335685,0.650167,0.31631,0.400523,0.306411,0.31041,0.272889,0.319639,0.276984
2026-04-20,0.158799,0.201561,0.398283,0.29837,0.655899,0.297539,0.331234,0.257753,0.265699,0.234242,0.273913,0.237297
2026-04-21,0.576649,0.158799,0.379263,0.255792,0.597003,0.278715,0.273361,0.216514,0.222923,0.19578,0.240777,0.207967
2026-04-22,0.128374,0.576649,0.530962,0.530409,0.575004,0.40393,0.557731,0.427272,0.447359,0.386457,0.486953,0.414631
2026-04-23,0.549743,0.128374,0.382676,0.237867,0.56829,0.252713,0.273097,0.211123,0.21989,0.188428,0.242297,0.205175
2026-04-24,0.159246,0.549743,0.527424,0.513828,0.527569,0.406278,0.493267,0.386629,0.463446,0.395291,0.43242,0.366445
2026-04-27,0.116489,0.159246,0.40059,0.271623,0.503733,0.276992,0.32687,0.252397,0.272043,0.230452,0.300125,0.252613
2026-04-28,0.139684,0.116489,0.383747,0.227119,0.457195,0.229824,0.23378,0.17974,0.228506,0.191782,0.209344,0.175456
2026-04-29,0.24229,0.139684,0.368494,0.230001,0.429456,0.232214,0.245026,0.190883,0.22408,0.189491,0.242153,0.20492
2026-04-30,0.238725,0.24229,0.405831,0.311781,0.395025,0.276411,0.330786,0.251709,0.259391,0.221264,0.302946,0.259029
2026-05-01,0.209636,0.238725,0.389171,0.295175,0.4062,0.287238,0.348488,0.264924,0.275905,0.236301,0.297174,0.25717
2026-05-04,0.324803,0.209636,0.380189,0.278878,0.374627,0.278176,0.324938,0.251695,0.252684,0.219715,0.267263,0.230319
2026-05-05,0.0943478,0.324803,0.426409,0.365881,0.357717,0.329725,0.392651,0.313083,0.323867,0.280464,0.358321,0.30849
2026-05-06,0.111477,0.0943478,0.34961,0.192399,0.356617,0.217529,0.229449,0.176856,0.205232,0.173232,0.205751,0.176328
2026-05-07,0.310966,0.111477,0.347709,0.199394,0.416319,0.216113,0.226967,0.172276,0.205339,0.17234,0.194398,0.166823
2026-05-08,0.106016,0.310966,0.412524,0.335507,0.393041,0.296004,0.347312,0.25185,0.287106,0.245585,0.307406,0.261759
2026-05-11,0.137304,0.106016,0.340521,0.188776,0.387804,0.218381,0.249213,0.180494,0.197936,0.16688,0.205839,0.176951
2026-05-12,0.251133,0.137304,0.340743,0.203971,0.357849,0.227497,0.252923,0.181225,0.20039,0.171668,0.195262,0.169127
2026-05-13,0.174931,0.251133,0.384612,0.290434,0.335129,0.277207,0.313655,0.229944,0.247831,0.213841,0.27524,0.236723
2026-05-14,0.169389,0.174931,0.364049,0.248193,0.322202,0.255182,0.263414,0.192428,0.203728,0.177229,0.244956,0.211313
2026-05-15,0.411036,0.169389,0.355629,0.236449,0.324059,0.249963,0.242594,0.18248,0.201598,0.17657,0.226488,0.195624
2026-05-18,0.776393,0.411036,0.44747,0.392582,0.395094,0.34765,0.321309,0.241767,0.293989,0.257112,0.342128,0.291286
2026-05-19,0.506392,0.776393,0.595463,0.591882,0.3662,0.52166,0.4932,0.375736,0.453175,0.384934,0.52025,0.42919
2026-05-20,0.366925,0.506392,0.524131,0.502102,0.371108,0.522238,0.452922,0.348131,0.413123,0.354505,0.421683,0.356344
2026-05-21,0.543571,0.366925,0.490465,0.447069,0.387346,0.454727,0.404979,0.309996,0.35673,0.306572,0.389596,0.32986
2026-05-22,0.19392,0.543571,0.564345,0.5775,0.357626,0.522338,0.467688,0.371258,0.446873,0.381773,0.477853,0.404474
2026-05-26,0.127062,0.19392,0.444073,0.33418,0.335854,0.335445,0.344799,0.252361,0.263101,0.225992,0.293497,0.250354
2026-05-27,0.209412,0.127062,0.390104,0.24474,0.327798,0.250315,0.242401,0.186684,0.207056,0.176378,0.222125,0.188873
2026-05-28,0.195073,0.209412,0.401778,0.299799,0.302508,0.275286,0.333063,0.242341,0.24708,0.211907,0.263286,0.224591
2026-05-29,0.176277,0.195073,0.389198,0.281421,0.292339,0.268561,0.300075,0.221924,0.244577,0.211725,0.22587,0.194681
2026-06-01,0.147775,0.176277,0.365656,0.253969,0.274003,0.256992,0.273653,0.213273,0.221201,0.191336,0.216938,0.187455
2026-06-02,0.0713509,0.147775,0.353931,0.227965,0.258152,0.239241,0.232145,0.186992,0.19796,0.173903,0.215147,0.187018
2026-06-03,0.207147,0.0713509,0.326179,0.153081,0.242941,0.192129,0.179649,0.135054,0.161493,0.136523,0.164234,0.139878
2026-06-04,0.119714,0.207147,0.368833,0.259356,0.266673,0.249783,0.291291,0.20371,0.230586,0.197789,0.240506,0.206054
2026-06-05,0.655257,0.119714,0.337164,0.192124,0.254132,0.21873,0.221519,0.16399,0.187951,0.159454,0.203736,0.175544
2026-06-08,0.593408,0.655257,0.530714,0.480073,0.645779,0.394603,0.502755,0.353729,0.407728,0.338338,0.409043,0.339357
2026-06-09,2.54705,0.593408,0.534503,0.49598,0.584086,0.486169,0.508941,0.370776,0.448185,0.373793,0.428417,0.362269
2026-06-10,1.17299,2.54705,1.27644,1.24839,0.541583,1.0491,1.68492,1.01116,1.40856,1.09658,1.70769,1.24911
2026-06-11,2.05467,1.17299,0.894644,0.929782,0.650639,1.19545,1.035,0.724286,0.976077,0.779048,0.861906,0.687951
2026-06-12,1.27973,2.05467,1.27211,1.44038,0.723446,1.68531,1.68974,1.19111,1.56396,1.21162,1.65876,1.33322
2026-06-15,0.121193,1.27973,1.06218,1.18415,0.664068,1.71553,1.25842,0.986481,1.26159,0.997715,1.24451,1.0046
2026-06-16,0.194374,0.121193,0.673497,0.326468,0.743089,0.536705,0.336233,0.222342,0.275439,0.214847,0.271154,0.219361
2026-06-17,1.52388,0.194374,0.581222,0.366711,0.694966,0.357812,0.39192,0.25278,0.334888,0.268695,0.261727,0.217077
2026-06-18,0.300868,1.52388,1.02058,1.07384,0.730448,0.738892,1.56612,1.00615,0.851381,0.675078,1.00346,0.779025
2026-06-22,0.474392,0.300868,0.549901,0.432242,0.702478,0.489348,0.487594,0.316094,0.417572,0.337125,0.372889,0.30543
2026-06-23,0.402561,0.474392,0.564973,0.517555,0.642988,0.508519,0.562529,0.393723,0.503627,0.415954,0.500065,0.415733
2026-06-24,0.61273,0.402561,0.556312,0.504712,0.715198,0.473815,0.497498,0.377405,0.447263,0.370296,0.458046,0.384383
2026-06-25,1.41526,0.61273,0.643078,0.657828,0.645356,0.568667,0.589145,0.458509,0.530608,0.446838,0.57006,0.478201
2026-06-26,0.853012,1.41526,0.8938,1.00955,0.592254,0.945395,1.03967,0.777235,0.938131,0.784911,1.06698,0.86814
2026-06-29,0.523423,0.853012,0.7463,0.830881,0.576011,0.997961,0.788525,0.614483,0.713402,0.610353,0.765811,0.630798
2026-06-30,0.202958,0.523423,0.645466,0.654384,0.650842,0.789845,0.630421,0.488615,0.541782,0.465834,0.600785,0.505983
2026-07-01,0.168428,0.202958,0.534928,0.392039,0.61011,0.414242,0.389822,0.280976,0.322288,0.271725,0.36443,0.306431
2026-07-02,0.657497,0.168428,0.501831,0.334657,0.553429,0.297431,0.334042,0.23764,0.280751,0.235165,0.294208,0.246897
2026-07-06,0.100179,0.657497,0.620439,0.652021,0.505087,0.470107,0.574581,0.405167,0.634159,0.531847,0.541117,0.45224
2026-07-07,0.186136,0.100179,0.40857,0.229219,0.490576,0.2481,0.275438,0.186264,0.235937,0.192429,0.224418,0.186179
2026-07-08,0.276399,0.186136,0.419007,0.298009,0.465707,0.265963,0.342417,0.222272,0.272391,0.223054,0.265277,0.222492
2026-07-09,0.184079,0.276399,0.450873,0.369891,0.434445,0.305692,0.414961,0.284811,0.340919,0.279765,0.330151,0.278083
2026-07-10,0.164391,0.184079,0.421223,0.300414,0.426655,0.26992,0.327415,0.23457,0.298965,0.244595,0.245201,0.210128
2026-07-13,0.243211,0.164391,0.390429,0.2641,0.396185,0.252618,0.315394,0.222784,0.280232,0.231188,0.247178,0.211042
2026-07-14,0.211062,0.243211,0.417876,0.332444,0.408153,0.285775,0.375426,0.268962,0.319062,0.265869,0.289082,0.247798
2026-07-15,0.270535,0.211062,0.407377,0.309353,0.377529,0.278395,0.377988,0.263657,0.297285,0.247348,0.259298,0.223187
2026-07-16,0.271386,0.270535,0.42261,0.347085,0.352082,0.306096,0.391819,0.277483,0.294912,0.248643,0.299439,0.257211
2026-07-17,0.45345,0.271386,0.425459,0.352345,0.350562,0.315392,0.375485,0.278133,0.317454,0.265156,0.31961,0.275964
2026-07-20,0.337606,0.45345,0.497067,0.477742,0.394225,0.398941,0.495247,0.368048,0.379104,0.316541,0.418645,0.359755
2026-07-21,0.116351,0.337606,0.465692,0.420244,0.366688,0.382838,0.43766,0.320687,0.360681,0.305021,0.365333,0.315878
2026-07-22,0.100292,0.116351,0.38851,0.238141,0.366868,0.244757,0.251466,0.181015,0.227863,0.189831,0.230576,0.19726
2026-07-23,0.48674,0.100292,0.374701,0.209225,0.341284,0.215928,0.224185,0.15869,0.203579,0.167989,0.198604,0.170708
2026-07-24,0.534315,0.48674,0.506886,0.472764,0.421772,0.354354,0.473601,0.321515,0.364062,0.297349,0.377543,0.319248
2026-07-27,0.533961,0.534315,0.525137,0.499083,0.382194,0.442695,0.492187,0.367301,0.46457,0.384596,0.431995,0.368829
2026-07-28,0.286846,0.533961,0.534615,0.510284,0.352368,0.497611,0.483349,0.376406,0.534827,0.454156,0.447407,0.38642
2026-07-29,1.01934,0.286846,0.462949,0.388555,0.327063,0.392586,0.398559,0.300878,0.376241,0.316137,0.346731,0.295368
2026-07-30,0.346981,1.01934,0.739383,0.819096,0.458966,0.655169,0.795696,0.622128,0.627991,0.516356,0.759989,0.626001
2026-07-31,0.521311,0.346981,0.520976,0.471169,0.556837,0.488857,0.424158,0.324326,0.393677,0.327958,0.430006,0.362656
2026-08-03,0.108187,0.521311,0.574533,0.575149,0.523583,0.533324,0.491676,0.395577,0.447942,0.37843,0.490262,0.419837
2026-08-04,0.207856,0.108187,0.422886,0.244512,0.56879,0.265541,0.224531,0.16745,0.230548,0.194282,0.25836,0.214379
2026-08-05,0.274507,0.207856,0.449452,0.330568,0.668113,0.286383,0.317668,0.236159,0.262028,0.224317,0.295244,0.248731
2026-08-06,0.229393,0.274507,0.434049,0.357776,0.605218,0.313437,0.425517,0.315218,0.273415,0.23366,0.3587,0.302835
2026-08-07,0.236912,0.229393,0.413942,0.321382,0.551478,0.297227,0.355059,0.265033,0.259148,0.222477,0.307229,0.261288
2026-08-10,0.112077,0.236912,0.401424,0.31427,0.513263,0.297488,0.359291,0.267519,0.2751,0.237532,0.298185,0.258679
2026-08-11,0.111241,0.112077,0.360416,0.216911,0.467876,0.226248,0.210023,0.166497,0.202798,0.17321,0.231926,0.196918
2026-08-12,0.109824,0.111241,0.34857,0.209205,0.438259,0.216101,0.225595,0.170039,0.204622,0.174027,0.21832,0.186721
2026-08-13,0.141366,0.109824,0.339938,0.198303,0.400428,0.210914,0.193603,0.150342,0.187838,0.159027,0.200433,0.169736
2026-08-14,0.0590769,0.141366,0.344409,0.219077,0.385236,0.224416,0.245197,0.185807,0.226889,0.190686,0.21694,0.186174
2026-08-17,0.0665144,0.0590769,0.309188,0.132831,0.361888,0.181789,0.132427,0.0972624,0.168506,0.135129,0.162038,0.134845
2026-08-18,0.090515,0.0665144,0.308818,0.13581,0.352585,0.183391,0.133524,0.0980296,0.146974,0.119022,0.143492,0.119987
2026-08-19,0.280428,0.090515,0.314222,0.154969,0.359848,0.193351,0.154248,0.117667,0.158193,0.12824,0.154012,0.130837
2026-08-20,0.21385,0.280428,0.382807,0.281312,0.334372,0.269096,0.335709,0.229753,0.263104,0.209262,0.291145,0.24471
2026-08-21,0.11495,0.21385,0.365519,0.252239,0.3609,0.268918,0.296618,0.208362,0.233709,0.187822,0.24021,0.205557
2026-08-24,0.117098,0.11495,0.337567,0.191572,0.334792,0.220932,0.218638,0.161445,0.194523,0.154425,0.186077,0.158611
2026-08-25,0.0940147,0.117098,0.339999,0.196909,0.319766,0.216493,0.210601,0.152723,0.19007,0.154886,0.187198,0.161678
2026-08-26,0.131758,0.0940147,0.331834,0.175309,0.300504,0.201612,0.160414,0.123126,0.176686,0.143783,0.160094,0.13872
2026-08-27,0.190095,0.131758,0.335428,0.197718,0.281457,0.217811,0.202206,0.150709,0.184874,0.154277,0.165661,0.145369
2026-08-28,0.295822,0.190095,0.351969,0.234395,0.280274,0.246318,0.266054,0.194108,0.210481,0.176408,0.196343,0.171642
2026-08-31,0.124405,0.295822,0.392027,0.302349,0.269811,0.299222,0.342508,0.249345,0.268254,0.228229,0.241464,0.211018
2026-09-01,0.151556,0.124405,0.337096,0.197914,0.263505,0.23074,0.20535,0.154585,0.192698,0.162111,0.17328,0.151698
2026-09-02,0.129788,0.151556,0.347897,0.220687,0.283585,0.237224,0.229414,0.169345,0.204571,0.175342,0.178308,0.157766
2026-09-03,0.174397,0.129788,0.341048,0.204342,0.272238,0.224549,0.208071,0.159111,0.189841,0.163558,0.178445,0.157433
2026-09-04,0.0857757,0.174397,0.353699,0.234585,0.302996,0.243866,0.234982,0.176856,0.189541,0.165586,0.190526,0.168338
2026-09-08,0.161538,0.0857757,0.314833,0.155144,0.29615,0.199595,0.14677,0.112362,0.142669,0.123535,0.147668,0.129506
2026-09-09,0.209328,0.161538,0.340102,0.21346,0.301068,0.232521,0.230528,0.166242,0.171751,0.1491,0.177081,0.155781
2026-09-10,0.196512,0.209328,0.357365,0.24597,0.301487,0.258921,0.275548,0.198591,0.21503,0.186384,0.205663,0.180894
2026-09-11,0.171463,0.196512,0.356612,0.244145,0.309256,0.261368,0.24532,0.186463,0.200837,0.175969,0.196308,0.174233
2026-09-14,0.21696,0.171463,0.34803,0.228707,0.317533,0.251271,0.222808,0.178335,0.18758,0.164628,0.193814,0.17108
2026-09-15,0.122232,0.21696,0.367909,0.269081,0.313622,0.271779,0.245688,0.196543,0.203603,0.178369,0.206627,0.185919
2026-09-16,0.556269,0.122232,0.336334,0.200445,0.310552,0.226205,0.184103,0.146286,0.179627,0.154356,0.169725,0.149751
2026-09-17,0.103948,0.556269,0.490722,0.445361,0.306569,0.379243,0.460163,0.296685,0.33967,0.284505,0.324799,0.276454
2026-09-18,0.0923086,0.103948,0.343575,0.192708,0.342071,0.22944,0.20075,0.144778,0.17907,0.152056,0.185981,0.160234
