date,open,high,low,close,adjusted_close,volume
2000-05-26,78.1875,78.1875,78.1406,78.1406,14.9014,41200
2000-05-30,79.4844,79.625,79.4844,79.625,15.1844,4400
2000-05-31,80.9688,82.0938,80.9688,82.0938,15.6552,4000
2000-06-01,82.0469,83.1875,82.0469,82.875,15.8042,20800
2000-06-02,85.5156,85.8906,85.2344,85.8906,16.3793,32000
2000-06-05,85.125,86.0,85.125,85.3906,16.2839,81600
2000-06-06,85.375,85.6719,85.375,85.6094,16.3256,1600
2000-06-07,84.4063,85.2813,84.4063,85.2813,16.2631,4800
2000-06-08,85.625,85.6406,84.75,84.75,16.1618,53600
2000-06-09,85.6563,85.6563,85.0469,85.0469,16.2184,6800
2000-06-12,85.2969,85.375,83.8594,83.8594,15.9919,15200
2000-06-13,83.2188,85.2969,83.2188,85.2969,16.266,30400
2000-06-14,85.9375,85.9375,85.5625,85.5625,16.3167,2400
2000-06-15,85.5,85.5,85.5,85.5,16.3048,10400
2000-06-16,86.5156,86.8281,85.9063,85.9375,16.3882,1128400
2000-06-19,86.1563,88.0,86.1563,88.0,16.7815,38000
2000-06-20,87.9531,88.1719,87.4688,87.5938,16.7041,446800
2000-06-21,87.4375,88.0,87.2188,87.6875,16.7273,64400
2000-06-22,87.5938,87.5938,85.9219,85.9219,16.3905,29200
2000-06-23,85.4375,85.4375,85.25,85.3438,16.2802,2800
2000-06-26,85.5938,85.8125,85.3281,85.7656,16.3607,48000
2000-06-27,85.8438,86.0313,85.6094,85.6094,16.3309,23600
2000-06-28,85.5156,86.6875,85.5156,86.6094,16.5216,24400
2000-06-29,85.2813,85.8438,84.6875,85.1719,16.2474,96400
2000-06-30,85.0,86.5313,85.0,86.5313,16.5067,74400
2000-07-03,86.3906,87.2656,86.3906,87.2656,16.6468,70400
2000-07-05,86.4688,86.4688,84.7188,84.7188,16.161,91600
2000-07-06,84.9375,86.1563,84.1875,86.0625,16.4173,182000
2000-07-07,87.2344,88.3594,87.2344,87.8125,16.7511,24800
2000-07-10,87.3438,88.25,87.2656,87.2656,16.6468,129600
2000-07-11,87.4219,88.375,86.8125,87.2656,16.6468,123600
2000-07-12,88.4219,89.0469,88.0938,88.9219,16.9628,82000
2000-07-13,89.375,90.1719,89.1094,89.6563,17.1028,38800
2000-07-14,90.2969,91.0,89.6406,91.0,17.3592,102000
2000-07-17,90.5938,92.3281,90.5938,91.8594,17.5231,52400
2000-07-18,91.5,91.9219,90.0938,90.5,17.2638,38000
2000-07-19,89.6875,89.6875,88.2656,88.5625,16.8942,271200
2000-07-20,89.4219,90.5,89.4219,90.5,17.2638,32800
2000-07-21,89.0313,89.1875,88.625,89.1406,17.0045,28800
2000-07-24,88.5625,89.0938,87.1563,87.1563,16.6259,26800
2000-07-25,86.75,87.5469,86.75,87.4063,16.6736,120800
2000-07-26,86.875,86.875,85.7813,86.5625,16.5127,63600
2000-07-27,85.5625,85.9375,85.1875,85.3906,16.2891,110800
2000-07-28,85.1875,85.1875,81.6563,82.0156,15.6453,82800
2000-07-31,82.8438,83.6719,81.875,83.1406,15.8599,80000
2000-08-01,83.7031,83.7031,83.2656,83.5469,15.9374,10400
2000-08-02,82.6875,84.1094,82.6563,82.6563,15.7675,34000
2000-08-03,81.3125,83.7188,80.875,83.7188,15.9702,20000
2000-08-04,84.5156,84.5156,83.625,84.2031,16.0626,240400
2000-08-07,84.4688,85.6875,84.4688,85.625,16.3338,98800
2000-08-08,85.1563,86.0938,85.1563,85.875,16.3815,54800
2000-08-09,86.8125,86.8125,85.25,85.4375,16.2981,34000
2000-08-10,84.8125,85.2813,84.0,84.25,16.0715,48400
2000-08-11,84.0,84.5938,83.0,84.4688,16.1133,30400
2000-08-14,84.4063,85.9375,84.4063,85.9375,16.3935,420800
2000-08-15,85.875,86.25,85.8125,86.0938,16.4233,6000
2000-08-16,86.9063,86.9063,85.5625,85.7656,16.3607,168400
2000-08-17,85.9375,87.4063,85.9375,87.2813,16.6498,88000
2000-08-18,87.75,88.0625,87.125,87.2813,16.6498,44000
2000-08-21,87.7813,88.25,87.25,87.5625,16.7034,60400
2000-08-22,87.9688,88.6563,87.75,87.75,16.7392,24000
2000-08-23,87.4375,88.75,87.4375,88.75,16.93,70000
2000-08-24,89.125,89.5,89.0,89.5,17.073,22800
2000-08-25,89.5313,89.6563,89.4375,89.5,17.073,28800
2000-08-28,89.625,90.4375,89.5,90.2813,17.2221,22800
2000-08-29,89.75,90.2813,89.75,89.9844,17.1654,16800
2000-08-30,89.875,89.875,89.375,89.375,17.0492,51200
2000-08-31,90.0625,91.0,90.0625,91.0,17.3592,24800
2000-09-01,91.625,91.8438,91.0,91.125,17.383,131200
2000-09-05,90.5,90.7188,89.5313,89.5938,17.0909,53200
2000-09-06,89.375,89.375,87.4688,87.4688,16.6856,39600
2000-09-07,88.8125,88.9375,88.75,88.8438,16.9479,16800
2000-09-08,88.625,88.625,87.1563,87.4375,16.6796,33200
2000-09-11,87.0625,87.625,85.75,85.75,16.3577,54000
2000-09-12,86.375,86.875,85.0,85.0,16.2146,87600
2000-09-13,84.375,86.0625,84.375,86.0625,16.4173,19600
2000-09-14,87.1875,87.1875,85.9375,85.9375,16.3935,179200
2000-09-15,85.625,85.625,84.625,84.625,16.1431,7200
2000-09-18,84.7813,84.7813,83.3438,83.3438,15.8987,34400
2000-09-19,84.4688,85.5,84.4688,85.5,16.31,12000
2000-09-20,85.25,85.25,84.25,84.25,16.0774,6000
2000-09-21,85.1875,85.1875,84.9688,84.9688,16.2145,102800
2000-09-22,82.3125,84.75,82.3125,84.75,16.1728,109200
2000-09-25,85.5,85.7188,83.7813,83.7813,15.9879,8400
2000-09-26,83.5,84.0625,82.75,82.75,15.7911,31200
2000-09-27,82.6875,83.2813,81.9688,82.0938,15.6659,18000
2000-09-28,82.3125,84.375,82.3125,84.375,16.1012,48000
2000-09-29,83.2344,83.2813,82.5313,82.5313,15.7494,31200
2000-10-02,82.9375,83.0938,81.0938,81.0938,15.4751,93200
2000-10-03,82.125,82.3438,79.4375,79.4375,15.159,32000
2000-10-04,78.9688,81.25,78.9688,81.25,15.5049,16800
2000-10-05,80.8125,81.125,80.375,80.6875,15.3975,226800
2000-10-06,80.9375,80.9375,77.75,78.875,15.0517,130400
2000-10-09,78.875,78.875,77.5313,78.75,15.0278,11600
2000-10-10,78.25,78.25,76.0938,76.0938,14.5209,64400
2000-10-11,75.75,76.5625,74.0,75.4688,14.4017,49600
2000-10-12,75.625,75.625,72.875,72.875,13.9067,345200
2000-10-13,72.8438,76.8906,72.8438,76.8906,14.673,40800
2000-10-16,76.8281,77.7656,76.6406,77.2188,14.7356,93600
2000-10-17,77.7969,77.7969,74.9844,75.5625,14.4195,10400
2000-10-18,72.25,75.9063,72.125,75.9063,14.4851,58800
2000-10-19,77.0,78.5469,76.625,78.3594,14.9533,60000
2000-10-20,78.6719,80.4375,78.5781,79.25,15.1232,81200
2000-10-23,79.0313,79.9531,78.4375,78.4375,14.9682,38800
2000-10-24,79.7813,79.7813,77.7344,77.7813,14.8429,10800
2000-10-25,76.0938,77.4219,75.0781,75.0781,14.3271,11200
2000-10-26,74.8438,75.25,72.8281,75.25,14.3599,46800
2000-10-27,75.6875,76.5,74.9219,76.125,14.5269,52000
2000-10-30,75.0938,75.5,74.1563,75.3281,14.3748,38800
2000-10-31,75.8594,78.4063,75.8594,78.1719,14.9175,48400
2000-11-01,78.3281,78.7969,77.6406,78.1094,14.9056,98800
2000-11-02,78.9688,79.5938,78.6719,79.4688,15.165,74000
2000-11-03,79.4375,79.9688,79.0,79.5938,15.1888,1846800
2000-11-06,79.9063,80.1563,79.3594,79.4063,15.153,344000
2000-11-07,78.6094,79.9688,78.6094,79.5625,15.1829,24400
2000-11-08,78.1563,78.3906,77.0,77.0,14.6939,178800
2000-11-09,74.5938,76.1563,73.4688,75.5938,14.4255,118800
2000-11-10,74.3125,74.375,73.1094,73.4531,14.017,64800
2000-11-13,70.8125,72.625,69.4063,72.0781,13.7546,103200
2000-11-14,73.0,74.9063,73.0,74.5156,14.2198,53600
2000-11-15,74.9063,75.4531,74.2969,74.2969,14.178,895200
2000-11-16,74.7969,75.5,73.5938,73.5938,14.0438,44000
2000-11-17,73.5625,74.0,72.4063,73.0781,13.9455,19200
2000-11-20,72.0313,72.0313,70.5469,71.0156,13.5519,116000
2000-11-21,71.3281,71.5469,70.7344,71.3906,13.6234,132800
2000-11-22,70.3281,70.6563,69.1094,69.4531,13.2537,27600
2000-11-24,70.2813,70.875,70.2813,70.875,13.525,6000
2000-11-27,72.6875,72.875,71.9375,72.2344,13.7844,92400
2000-11-28,71.1719,71.4219,69.25,69.25,13.2149,171600
2000-11-29,69.1094,69.8281,68.2344,69.3594,13.2358,105200
2000-11-30,67.3281,67.5,65.7969,66.5938,12.708,986400
2000-12-01,67.8594,68.8438,67.4219,67.875,12.9525,89600
2000-12-04,67.3594,68.0781,66.9844,68.0,12.9764,24000
2000-12-05,69.3281,72.1563,69.1719,72.1563,13.7695,249600
2000-12-06,71.9688,72.4063,70.6563,70.8438,13.5191,109200
2000-12-07,69.8594,70.4063,69.4063,69.9219,13.3431,137600
2000-12-08,71.7188,73.1719,71.5156,72.4688,13.8292,100800
2000-12-11,72.4063,74.4531,72.4063,74.0313,14.1273,145200
2000-12-12,73.625,73.625,72.7813,72.7813,13.8888,173200
2000-12-13,72.4688,73.25,70.8281,70.8281,13.5434,52000
2000-12-14,70.5,70.8438,70.25,70.25,13.4328,300000
2000-12-15,67.875,68.5938,66.5625,67.5,12.907,233200
2000-12-18,68.8125,68.8125,66.9375,67.0313,12.8174,134000
2000-12-19,67.25,69.0781,65.5781,65.5781,12.5395,636800
2000-12-20,63.375,63.9063,61.9688,62.2813,11.9091,359200
2000-12-21,62.0625,63.625,61.3438,62.0469,11.8643,668800
2000-12-22,63.125,65.0,63.125,65.0,12.429,221200
2000-12-26,65.8125,65.8125,64.0313,64.8281,12.3961,244400
2000-12-27,64.9531,66.1563,64.75,65.6875,12.5604,248800
2000-12-28,65.6875,66.4219,65.375,65.8906,12.5993,211200
2000-12-29,66.1563,66.375,64.4375,64.625,12.3572,1159200
2001-01-02,63.875,64.3438,60.875,61.0,11.6641,161600
2001-01-03,60.75,66.9063,60.5938,66.9063,12.7935,233200
2001-01-04,66.5,67.1875,65.5625,66.0781,12.6351,51200
2001-01-05,64.5938,64.625,62.7969,62.7969,12.0077,44800
2001-01-08,62.5,62.5625,60.9375,62.25,11.9031,37200
2001-01-09,63.375,64.0469,63.125,63.1875,12.0824,96400
2001-01-10,62.625,64.6563,62.625,64.6563,12.3632,34400
2001-01-11,64.5,66.75,64.5,66.7188,12.7576,289200
2001-01-12,66.4063,67.5625,65.9219,66.375,12.6919,24400
2001-01-16,66.0469,66.0938,65.4688,66.0938,12.6381,24000
2001-01-17,68.125,68.5625,66.8125,67.1563,12.8413,87200
2001-01-18,67.4375,69.1875,67.125,69.1875,13.2297,49200
2001-01-19,69.875,69.875,68.3438,69.0625,13.2058,461600
2001-01-22,68.5625,69.375,68.25,68.3594,13.0713,62800
2001-01-23,68.8125,70.0156,68.25,69.9219,13.3701,136400
2001-01-24,70.1563,70.75,69.9063,70.2656,13.4358,372400
2001-01-25,69.875,70.1875,69.0,69.0313,13.1998,61600
2001-01-26,68.125,69.0781,68.0,68.5938,13.1161,156000
2001-01-29,68.56,69.55,68.56,69.51,13.2913,56400
2001-01-30,69.63,69.8,69.27,69.76,13.3391,74000
2001-01-31,70.11,70.46,69.25,69.35,13.2607,37200
2001-02-01,69.12,69.35,68.3,69.08,13.2091,22000
2001-02-02,69.08,69.08,66.92,66.92,12.7961,40000
2001-02-05,66.82,66.89,66.38,66.61,12.7368,126400
2001-02-06,66.85,67.9,66.83,66.83,12.7789,68400
2001-02-07,66.26,66.26,65.07,65.96,12.6125,19200
2001-02-08,66.33,66.49,65.09,65.09,12.4462,39600
2001-02-09,64.62,64.62,63.08,63.13,12.0714,364000
2001-02-12,63.22,63.76,63.21,63.76,12.1918,18800
2001-02-13,64.16,64.69,62.97,62.97,12.0408,56800
2001-02-14,63.02,63.69,62.05,63.46,12.1345,137600
2001-02-15,64.56,65.26,64.4,64.97,12.4232,138800
2001-02-16,62.84,62.88,61.88,62.58,11.9662,30000
2001-02-20,62.53,62.53,60.72,60.72,11.6106,15200
2001-02-21,60.02,60.98,58.92,59.06,11.2931,261600
2001-02-22,59.17,59.55,57.48,58.62,11.209,64400
2001-02-23,58.12,58.8,56.71,58.8,11.2434,82800
2001-02-26,59.16,59.73,58.43,59.56,11.3887,61600
2001-02-27,59.71,59.79,58.25,58.54,11.1937,22800
2001-02-28,58.7,59.06,56.67,57.04,10.9069,84800
2001-03-01,56.97,57.26,55.43,57.26,10.949,126800
2001-03-02,56.38,58.1,56.38,56.88,10.8763,26800
2001-03-05,57.18,57.35,56.82,57.06,10.9107,53600
2001-03-06,58.59,59.27,58.27,58.27,11.1421,420400
2001-03-07,58.95,58.96,58.27,58.42,11.1708,93200
2001-03-08,57.89,58.17,57.56,57.85,11.0618,398000
2001-03-09,56.72,56.72,55.15,55.5,10.6208,2514000
2001-03-12,53.96,54.12,51.89,52.12,9.974,827200
2001-03-13,52.75,53.92,52.26,53.92,10.3185,153600
2001-03-14,52.11,53.93,52.11,52.69,10.0831,76800
2001-03-15,53.92,53.92,52.63,52.63,10.0716,141200
2001-03-16,52.15,52.15,50.92,51.13,9.7846,350000
2001-03-19,51.29,52.5,50.8,52.33,10.0142,104000
2001-03-20,52.7,53.18,50.78,50.78,9.7176,1125600
2001-03-21,50.75,51.62,49.74,49.98,9.5645,218800
2001-03-22,49.85,50.97,48.43,50.77,9.7157,411200
2001-03-23,51.5,52.08,51.0,52.08,9.9663,1133600
2001-03-26,52.68,52.69,51.83,52.27,10.0027,364400
2001-03-27,51.92,53.66,51.92,53.56,10.2496,278000
2001-03-28,52.48,52.48,51.29,51.39,9.8343,1549600
2001-03-29,50.95,51.52,49.83,50.26,9.6181,362800
2001-03-30,51.08,51.29,50.05,50.74,9.7099,890800
2001-04-02,51.0,51.13,49.32,49.61,9.4937,88400
2001-04-03,49.09,49.09,46.98,47.23,9.0382,264400
2001-04-04,46.98,48.16,46.66,46.77,8.9502,127200
2001-04-05,48.75,50.45,48.6,50.27,9.62,118000
2001-04-06,48.8,49.4,48.38,49.0,9.3769,2684800
2001-04-09,49.5,49.67,48.6,49.1,9.3961,1576000
2001-04-10,50.1,51.7,50.1,51.39,9.8343,504000
2001-04-11,52.75,52.86,51.49,51.85,9.9223,2199600
2001-04-12,51.46,52.95,51.46,52.93,10.129,316400
2001-04-16,52.73,53.04,51.78,52.25,9.9989,365600
2001-04-17,51.8,53.39,51.8,52.84,10.1118,302800
2001-04-18,54.72,57.7,54.5,56.45,10.8026,335600
2001-04-19,56.77,58.36,56.47,58.27,11.1509,360800
2001-04-20,57.75,58.35,57.4,57.95,11.0897,336800
2001-04-23,56.96,57.07,55.71,55.98,10.7127,101600
2001-04-24,56.09,56.73,54.8,54.8,10.4869,2258400
2001-04-25,55.19,56.18,54.65,56.13,10.7414,50000
2001-04-26,56.68,57.01,55.9,55.9,10.6974,93600
2001-04-27,56.86,57.02,56.29,57.01,10.9098,260400
2001-04-30,57.75,58.59,57.2,57.3,10.9653,126000
2001-05-01,57.34,58.58,57.07,58.58,11.2102,301200
2001-05-02,59.0,59.63,58.42,59.28,11.3442,827200
2001-05-03,58.05,58.21,57.36,57.69,11.0399,1494800
2001-05-04,56.55,58.8,56.55,58.71,11.2351,458400
2001-05-07,58.99,58.99,58.16,58.39,11.1739,262400
2001-05-08,58.8,58.96,58.03,58.64,11.2217,116000
2001-05-09,57.65,58.61,57.62,58.04,11.1069,544800
2001-05-10,58.76,58.8,57.54,57.66,11.0342,756000
2001-05-11,57.56,57.56,56.85,57.04,10.9155,814400
2001-05-14,56.63,56.91,56.25,56.91,10.8906,229200
2001-05-15,56.94,57.46,56.59,56.66,10.8428,356400
2001-05-16,56.15,59.0,56.15,58.85,11.2619,418800
2001-05-17,58.9,59.97,58.9,59.42,11.371,224400
2001-05-18,59.3,59.65,58.79,59.29,11.3461,346800
2001-05-21,59.71,61.56,59.57,61.56,11.7805,335600
2001-05-22,61.65,61.8,61.17,61.3,11.7307,612400
2001-05-23,60.95,60.95,59.8,59.83,11.4494,115200
2001-05-24,59.91,60.15,59.3,60.05,11.4915,718400
2001-05-25,60.08,60.08,59.15,59.15,11.3193,322400
2001-05-29,59.05,59.05,57.75,57.75,11.0514,440000
2001-05-30,57.12,57.32,56.0,56.13,10.7414,281200
2001-05-31,56.3,57.15,56.3,56.56,10.8237,73600
2001-06-01,56.7,57.62,56.62,57.35,10.9748,89600
2001-06-04,57.36,57.64,57.03,57.26,10.9576,183600
2001-06-05,57.54,59.15,57.54,58.94,11.2791,324400
2001-06-06,58.83,59.1,58.21,58.21,11.1394,2012000
2001-06-07,58.72,59.35,58.51,59.33,11.3538,1814000
2001-06-08,59.03,59.03,57.86,58.22,11.1453,153600
2001-06-11,58.08,58.08,56.93,57.17,10.9443,227200
2001-06-12,56.25,57.74,56.0,57.65,11.0362,68000
2001-06-13,57.23,57.58,56.58,56.61,10.8371,20400
2001-06-14,56.04,56.04,54.84,54.92,10.5136,75600
2001-06-15,53.97,54.91,53.73,54.39,10.4121,186400
2001-06-18,54.4,54.92,54.11,54.13,10.3623,65600
2001-06-19,55.22,55.22,53.66,53.88,10.3145,50400
2001-06-20,54.17,55.02,54.11,55.02,10.5327,106400
2001-06-21,54.9,56.01,54.9,55.58,10.6399,81600
2001-06-22,55.25,55.49,54.52,54.87,10.504,170000
2001-06-25,55.1,55.31,54.32,54.7,10.4715,128800
2001-06-26,54.08,54.95,53.89,54.54,10.4408,60800
2001-06-27,54.63,54.82,54.18,54.47,10.4274,282800
2001-06-28,55.25,56.17,55.25,55.27,10.5806,78400
2001-06-29,56.03,56.52,55.8,55.8,10.682,342400
2001-07-02,55.49,56.24,55.49,55.75,10.6725,53600
2001-07-03,55.78,55.84,55.56,55.62,10.6476,266800
2001-07-05,55.38,55.47,54.54,54.54,10.4408,418000
2001-07-06,54.04,54.04,52.82,52.82,10.1116,153200
2001-07-09,53.2,53.68,53.15,53.45,10.2322,1315600
2001-07-10,53.73,53.73,52.34,52.46,10.0426,600000
2001-07-11,52.35,52.46,51.73,51.99,9.9527,207600
2001-07-12,53.18,53.99,53.18,53.99,10.3355,88000
2001-07-13,53.73,54.57,53.73,54.39,10.4121,208800
2001-07-16,54.28,54.28,53.2,53.32,10.2073,53200
2001-07-17,53.3,54.06,53.08,54.0,10.3375,118400
2001-07-18,53.5,53.66,53.13,53.57,10.2551,324000
2001-07-19,54.0,54.5,53.66,53.68,10.2762,198800
2001-07-20,53.73,54.02,53.62,53.8,10.2992,272400
2001-07-23,53.91,54.04,52.75,52.81,10.1097,83600
2001-07-24,52.56,52.73,51.53,51.78,9.9125,119200
2001-07-25,52.0,52.81,51.89,52.76,10.1001,140000
2001-07-26,52.59,53.54,52.34,53.54,10.2494,88400
2001-07-27,53.29,53.85,53.28,53.6,10.2609,114800
2001-07-30,53.91,53.91,53.33,53.58,10.2571,58400
2001-07-31,53.93,54.44,53.77,53.77,10.2934,141200
2001-08-01,54.27,54.49,53.94,54.08,10.3528,60000
2001-08-02,54.7,54.7,54.14,54.5,10.4332,111200
2001-08-03,54.25,54.28,53.62,54.12,10.3604,165600
2001-08-06,53.98,53.98,53.24,53.5,10.2417,67600
2001-08-07,53.48,53.69,53.11,53.45,10.2322,132000
2001-08-08,53.12,53.74,52.23,52.37,10.0254,81600
2001-08-09,52.28,52.47,51.9,52.38,10.0273,66400
2001-08-10,52.38,52.74,51.63,52.62,10.0733,234800
2001-08-13,52.69,52.79,52.33,52.68,10.0848,286800
2001-08-14,52.86,53.03,52.52,52.56,10.0618,200400
2001-08-15,52.56,52.56,51.85,51.96,9.9469,118000
2001-08-16,51.44,51.99,51.11,51.83,9.922,473200
2001-08-17,51.32,51.37,50.58,50.86,9.7364,662800
2001-08-20,50.82,51.37,50.79,51.37,9.834,256800
2001-08-21,51.45,51.69,50.43,50.44,9.656,83200
2001-08-22,50.75,50.99,50.21,50.83,9.7306,100400
2001-08-23,50.84,51.2,50.82,50.92,9.7478,370000
2001-08-24,51.11,52.22,50.98,52.06,9.9661,399600
2001-08-27,52.17,52.38,51.84,51.9,9.9354,180000
2001-08-28,51.8,51.93,51.1,51.13,9.788,110800
2001-08-29,51.33,51.33,50.32,50.48,9.6636,394400
2001-08-30,49.95,50.01,49.0,49.35,9.4473,103600
2001-08-31,49.25,49.78,49.09,49.37,9.4511,64800
2001-09-04,49.54,50.58,49.37,49.56,9.4875,104400
2001-09-05,48.94,49.56,48.45,49.22,9.4224,215200
2001-09-06,48.6,49.04,47.94,47.94,9.1774,154000
2001-09-07,47.31,47.97,46.8,46.8,8.9591,147200
2001-09-10,46.46,47.64,46.46,47.46,9.0855,220800
2001-09-17,46.0,46.24,44.1,45.0,8.6145,1053600
2001-09-18,44.75,45.35,44.0,44.35,8.4901,326400
2001-09-19,44.6,44.6,42.2,43.8,8.3848,378800
2001-09-20,42.9,43.03,42.2,42.3,8.0977,184000
2001-09-21,40.25,42.2,40.25,41.5,7.9445,821600
2001-09-24,43.1,43.55,42.5,43.2,8.27,424000
2001-09-25,43.4,44.08,42.87,43.65,8.3561,433600
2001-09-26,44.1,44.1,42.92,43.28,8.2853,254400
2001-09-27,43.5,43.8,42.65,43.45,8.3178,151600
2001-09-28,44.25,44.55,43.85,44.5,8.5188,398000
2001-10-01,44.03,44.44,43.93,44.4,8.5147,144800
2001-10-02,44.36,44.85,44.1,44.85,8.601,786800
2001-10-03,44.4,46.42,44.4,46.12,8.8446,1109200
2001-10-04,46.4,46.95,45.95,46.22,8.8637,555600
2001-10-05,46.05,46.48,45.45,46.46,8.9098,172400
2001-10-08,45.65,46.47,45.65,46.17,8.8542,100400
2001-10-09,46.0,46.08,45.6,45.72,8.7679,62000
2001-10-10,45.51,46.98,45.51,46.76,8.9673,391600
2001-10-11,47.56,48.05,47.52,48.03,9.2108,1632800
2001-10-12,47.7,48.04,46.89,47.92,9.1898,190400
2001-10-15,47.5,47.92,47.22,47.86,9.1782,222800
2001-10-16,48.1,48.5,47.65,48.22,9.2473,229200
2001-10-17,48.86,48.87,47.02,47.04,9.021,518400
2001-10-18,46.79,47.08,46.51,46.73,8.9615,86800
2001-10-19,46.75,47.31,46.28,47.28,9.067,141600
2001-10-22,47.07,48.07,47.07,48.03,9.2108,76800
2001-10-23,48.4,48.49,47.64,47.88,9.1821,190400
2001-10-24,47.91,48.24,47.73,47.88,9.1821,201200
2001-10-25,47.25,48.86,46.97,48.83,9.3643,454000
2001-10-26,48.55,49.23,48.46,48.97,9.3911,327600
2001-10-29,48.7,48.7,47.5,47.66,9.1399,636400
2001-10-30,46.85,46.98,46.41,46.73,8.9615,331600
2001-10-31,47.1,47.42,46.45,46.78,8.9711,442400
2001-11-01,47.0,47.99,46.55,47.86,9.1782,654800
2001-11-02,47.7,48.26,47.6,48.06,9.2166,627600
2001-11-05,49.0,49.09,48.59,48.85,9.3681,495200
2001-11-06,48.79,49.97,48.62,49.97,9.5829,543600
2001-11-07,49.65,50.27,49.55,49.9,9.5695,310400
2001-11-08,50.18,50.69,49.49,49.84,9.558,443600
2001-11-09,49.6,50.0,49.39,50.0,9.5886,646000
2001-11-12,49.0,50.09,48.75,49.87,9.5637,322400
2001-11-13,50.5,51.1,50.42,51.1,9.7996,556400
2001-11-14,51.5,51.5,50.71,51.15,9.8092,1311600
2001-11-15,51.12,51.53,50.8,51.13,9.8053,1903200
2001-11-16,51.05,51.24,50.49,51.01,9.7823,1006800
2001-11-19,51.2,51.64,51.1,51.6,9.8955,596800
2001-11-20,51.53,51.6,51.0,51.08,9.7958,443600
2001-11-21,50.96,51.03,50.36,50.9,9.7612,944800
2001-11-23,50.93,51.43,50.75,51.28,9.8341,360400
2001-11-26,51.73,52.05,51.37,51.95,9.9626,443600
2001-11-27,51.8,52.41,51.1,51.76,9.9262,550400
2001-11-28,51.4,51.54,50.68,50.69,9.721,366400
2001-11-29,50.93,51.34,50.57,51.34,9.8456,782000
2001-11-30,51.4,51.42,51.01,51.12,9.8034,490000
2001-12-03,50.9,50.9,50.44,50.76,9.7344,797200
2001-12-04,50.97,51.38,50.68,51.38,9.8533,100800
2001-12-05,51.88,52.94,51.88,52.77,10.1199,1069200
2001-12-06,52.75,52.9,52.47,52.67,10.1007,504400
2001-12-07,52.4,52.45,51.64,52.04,9.9799,231600
2001-12-10,51.75,52.05,51.0,51.08,9.7958,1001200
2001-12-11,51.5,51.78,50.91,51.05,9.79,1137200
2001-12-12,51.25,51.25,50.34,51.11,9.8015,953200
2001-12-13,50.4,50.85,49.97,49.97,9.5829,1638000
2001-12-14,50.11,50.7,49.85,50.57,9.7101,1438800
2001-12-17,50.5,51.24,50.5,51.0,9.7927,478800
2001-12-18,51.5,51.55,51.07,51.5,9.8887,668000
2001-12-19,50.93,51.8,50.92,51.55,9.8983,393200
2001-12-20,51.42,51.55,50.69,50.85,9.7639,1433600
2001-12-21,51.25,51.38,50.81,51.38,9.8656,817600
2001-12-24,51.35,51.35,51.02,51.16,9.8234,348000
2001-12-26,51.25,51.98,51.25,51.44,9.8772,378400
2001-12-27,51.44,51.76,51.31,51.76,9.9386,851200
2001-12-28,51.74,52.09,51.6,51.7,9.9271,574000
2001-12-31,51.79,51.79,50.94,50.94,9.7811,1204400
2002-01-02,51.16,51.44,50.5,51.44,9.8772,397200
2002-01-03,51.46,52.07,51.46,52.07,9.9981,266400
2002-01-04,52.2,52.61,51.73,52.25,10.0327,507200
2002-01-07,52.48,52.55,51.63,51.81,9.9482,456400
2002-01-08,51.9,51.95,51.5,51.5,9.8887,399200
2002-01-09,51.9,52.46,51.35,51.43,9.8752,320400
2002-01-10,51.49,51.71,51.32,51.5,9.8887,1038000
2002-01-11,51.8,51.82,51.03,51.15,9.8215,1098800
2002-01-14,51.1,51.2,50.62,50.81,9.7562,1184800
2002-01-15,50.88,51.15,50.42,50.9,9.7735,992400
2002-01-16,50.68,50.78,50.0,50.0,9.6007,803600
2002-01-17,50.6,50.78,50.21,50.75,9.7447,337200
2002-01-18,50.24,50.39,49.86,50.03,9.6064,401200
2002-01-22,50.3,50.36,49.34,49.59,9.5219,681600
2002-01-23,49.54,50.11,49.36,49.84,9.5699,203600
2002-01-24,50.3,50.53,49.96,50.06,9.6122,483200
2002-01-25,49.96,50.36,49.84,50.17,9.6333,136800
2002-01-28,50.37,50.45,49.67,50.0,9.6007,241200
2002-01-29,50.32,50.32,48.62,48.87,9.3837,564800
2002-01-30,48.7,49.43,48.06,49.42,9.4893,276000
2002-01-31,49.75,50.1,49.34,49.96,9.593,213600
2002-02-01,49.82,50.04,49.53,49.8,9.5622,1990800
2002-02-04,49.4,49.4,48.23,48.23,9.2608,1816000
2002-02-05,47.99,49.05,47.99,48.31,9.2761,1373200
2002-02-06,48.73,48.73,47.8,48.23,9.2608,173600
2002-02-07,48.05,48.34,47.67,47.67,9.1533,210400
2002-02-08,47.98,48.5,47.5,48.5,9.3126,208400
2002-02-11,48.57,49.31,48.52,49.31,9.4682,126000
2002-02-12,48.81,49.38,48.71,49.17,9.4413,735600
2002-02-13,49.5,49.7,49.31,49.65,9.5334,128000
2002-02-14,49.82,50.0,49.32,49.42,9.4893,415200
2002-02-15,49.34,49.49,48.69,48.77,9.3645,302400
2002-02-19,48.2,48.34,47.54,47.66,9.1513,314800
2002-02-20,47.75,48.28,47.25,48.16,9.2473,632800
2002-02-21,48.25,48.35,47.15,47.43,9.1072,476000
2002-02-22,47.17,47.77,46.86,47.61,9.1417,362400
2002-02-25,47.8,48.65,47.8,48.51,9.3146,144800
2002-02-26,48.7,48.77,48.19,48.38,9.2896,400400
2002-02-27,48.81,49.04,47.91,48.23,9.2608,232800
2002-02-28,48.37,48.84,47.98,48.15,9.2454,153600
2002-03-01,48.29,49.38,48.15,49.38,9.4816,428800
2002-03-04,49.61,50.45,49.36,50.45,9.6871,448400
2002-03-05,50.18,50.72,49.96,50.16,9.6314,435200
2002-03-06,50.07,50.84,49.96,50.72,9.7389,230800
2002-03-07,51.02,51.03,50.13,50.51,9.6986,450000
2002-03-08,51.1,51.33,50.8,50.93,9.7913,265200
2002-03-11,50.87,51.36,50.63,50.8,9.7663,459600
2002-03-12,50.28,50.8,50.16,50.8,9.7663,202400
2002-03-13,50.43,50.53,50.06,50.3,9.6702,720000
2002-03-14,50.35,50.43,50.05,50.06,9.624,322000
2002-03-15,50.44,50.68,50.31,50.63,9.7336,253200
2002-03-18,50.86,51.04,50.37,50.7,9.7471,286000
2002-03-19,50.86,51.1,50.75,50.8,9.7663,487600
2002-03-20,50.43,50.43,49.78,49.82,9.5779,268000
2002-03-21,49.8,50.09,49.23,50.08,9.6279,798000
2002-03-22,49.97,50.13,49.69,49.85,9.5837,148800
2002-03-25,49.83,50.0,48.93,49.02,9.4241,218400
2002-03-26,49.08,49.66,48.94,49.17,9.4529,506800
2002-03-27,49.28,49.52,49.0,49.45,9.5068,278800
2002-03-28,49.5,49.89,49.44,49.67,9.549,788400
2002-04-01,49.22,49.86,49.05,49.59,9.5337,290800
2002-04-02,49.15,49.29,48.88,48.97,9.4145,416000
2002-04-03,48.96,49.0,48.01,48.45,9.3145,585200
2002-04-04,48.36,48.61,48.14,48.51,9.326,262400
2002-04-05,48.81,48.81,47.97,48.08,9.2434,228800
2002-04-08,47.34,48.21,47.34,48.16,9.2587,292400
2002-04-09,48.3,48.46,47.65,47.65,9.1607,323200
2002-04-10,47.93,48.39,47.6,48.39,9.303,274800
2002-04-11,48.04,48.15,46.88,47.02,9.0396,2672400
2002-04-12,47.23,47.51,47.04,47.37,9.1069,561200
2002-04-15,47.57,47.57,46.88,47.1,9.055,154400
2002-04-16,47.65,48.36,47.63,48.26,9.278,328400
2002-04-17,48.47,48.49,47.89,48.08,9.2434,157600
2002-04-18,47.91,48.33,47.46,48.16,9.2587,163200
2002-04-19,48.35,48.35,47.91,48.05,9.2376,221200
2002-04-22,47.65,47.73,47.1,47.3,9.0934,181200
2002-04-23,47.4,47.4,46.63,46.72,8.9819,414400
2002-04-24,46.72,47.15,46.28,46.34,8.9089,418000
2002-04-25,46.26,46.59,46.05,46.47,8.9338,136800
2002-04-26,46.47,46.52,45.25,45.25,8.6993,230000
2002-04-29,45.42,45.71,44.97,44.97,8.6455,232000
2002-04-30,45.18,45.87,45.03,45.53,8.7531,171200
2002-05-01,45.57,45.98,44.85,45.84,8.8127,334800
2002-05-02,45.85,46.06,45.2,45.42,8.732,225600
2002-05-03,45.2,45.2,44.46,44.75,8.6032,650400
2002-05-06,44.51,44.86,43.82,43.82,8.4244,1470800
2002-05-07,44.05,44.05,43.0,43.5,8.3629,412000
2002-05-08,44.58,45.92,44.58,45.82,8.8089,362400
2002-05-09,45.52,45.72,44.88,44.98,8.6474,336400
2002-05-10,44.83,44.83,44.0,44.03,8.4648,226800
2002-05-13,44.12,45.02,44.12,44.98,8.6474,494400
2002-05-14,46.0,46.34,45.57,46.29,8.8992,206800
2002-05-15,45.85,46.6,45.79,45.98,8.8396,222800
2002-05-16,45.98,46.25,45.78,46.25,8.8916,367200
2002-05-17,46.6,46.87,46.3,46.84,9.005,430000
2002-05-20,46.6,46.6,45.94,46.17,8.8762,164800
2002-05-21,46.3,46.34,45.21,45.21,8.6916,193600
2002-05-22,45.3,45.56,44.9,45.45,8.7378,261600
2002-05-23,45.6,45.93,45.16,45.93,8.83,183200
2002-05-24,45.85,45.85,45.2,45.3,8.7089,197600
2002-05-28,45.51,45.51,44.65,44.99,8.6493,190400
2002-05-29,44.88,44.94,44.42,44.42,8.5397,443600
2002-05-30,44.02,44.64,44.0,44.59,8.5724,523200
2002-05-31,44.88,45.16,44.34,44.34,8.5244,302000
2002-06-03,44.47,44.57,43.0,43.0,8.2667,371200
2002-06-04,42.93,43.59,42.74,43.32,8.3283,896000
2002-06-05,43.42,43.86,43.18,43.85,8.4302,154400
2002-06-06,43.71,43.71,42.67,42.84,8.236,189600
2002-06-07,41.95,42.89,41.78,42.48,8.1668,734000
2002-06-10,42.73,43.15,42.63,42.69,8.2071,194400
2002-06-11,43.0,43.03,41.75,41.75,8.0264,161600
2002-06-12,41.54,42.18,41.15,42.07,8.0879,402000
2002-06-13,41.82,42.27,41.56,41.67,8.011,558400
2002-06-14,41.04,41.68,40.1,41.68,8.024,1125200
2002-06-17,42.0,42.82,41.96,42.7,8.2204,284800
2002-06-18,42.72,43.14,42.57,43.0,8.2781,769200
2002-06-19,42.55,42.79,41.8,41.92,8.0702,206000
2002-06-20,41.7,41.83,40.92,41.18,7.9278,409600
2002-06-21,40.6,41.17,39.85,40.08,7.716,649200
2002-06-24,39.85,40.98,39.23,40.42,7.7814,453600
2002-06-25,40.96,41.12,39.48,39.48,7.6005,309200
2002-06-26,38.58,39.89,38.58,39.89,7.6794,385600
2002-06-27,40.32,40.63,39.36,40.63,7.8219,544000
2002-06-28,40.73,41.2,40.2,40.2,7.7391,1512400
2002-07-01,40.32,40.55,39.08,39.18,7.5427,436000
2002-07-02,38.87,39.15,38.09,38.24,7.3618,682400
2002-07-03,38.02,38.69,37.67,38.62,7.4349,304400
2002-07-05,39.39,40.35,39.39,40.3,7.7583,163200
2002-07-08,40.44,40.44,39.57,39.62,7.6274,309600
2002-07-09,39.78,39.78,38.38,38.48,7.408,298800
2002-07-10,38.48,38.81,37.08,37.25,7.1712,572800
2002-07-11,36.9,37.89,36.23,37.73,7.2636,1135600
2002-07-12,37.92,38.26,37.25,37.65,7.2482,352800
2002-07-15,37.06,37.77,35.82,37.77,7.2713,465200
2002-07-16,37.43,38.02,36.8,37.14,7.15,693600
2002-07-17,38.35,38.35,36.99,37.59,7.2366,1081600
2002-07-18,37.35,37.55,36.26,36.27,6.9825,519200
2002-07-19,35.6,36.0,34.83,34.86,6.7111,758000
2002-07-22,34.72,35.54,33.77,34.31,6.6052,1861200
2002-07-23,34.2,34.85,33.39,33.59,6.4666,671600
2002-07-24,32.45,35.8,32.43,35.8,6.892,2526800
2002-07-25,35.15,35.89,34.29,35.13,6.763,4111600
2002-07-26,35.2,35.6,34.87,35.6,6.8535,2394400
2002-07-29,36.74,37.75,36.37,37.74,7.2655,2451600
2002-07-30,37.41,38.27,37.21,38.1,7.3348,1575200
2002-07-31,37.75,38.09,37.19,38.09,7.3329,258400
2002-08-01,37.62,38.04,36.73,36.73,7.0711,491200
2002-08-02,36.55,36.73,35.6,35.85,6.9016,694000
2002-08-05,35.85,36.08,34.66,34.66,6.6726,797200
2002-08-06,35.78,36.58,35.61,36.04,6.9382,477600
2002-08-07,36.8,37.0,35.72,36.8,7.0845,725200
2002-08-08,36.7,38.05,36.64,38.01,7.3175,454000
2002-08-09,37.48,38.25,37.37,37.99,7.3136,456400
2002-08-12,37.1,37.93,37.1,37.74,7.2655,766800
2002-08-13,37.7,38.15,36.7,36.7,7.0653,703600
2002-08-14,37.1,38.65,36.56,38.41,7.3945,657200
2002-08-15,39.0,39.21,38.48,39.0,7.5081,570400
2002-08-16,38.85,39.41,38.44,39.05,7.5177,542000
2002-08-19,38.85,40.05,38.85,39.97,7.6948,1219600
2002-08-20,39.68,39.76,39.25,39.44,7.5928,603600
2002-08-21,40.0,40.05,39.17,39.9,7.6813,454400
2002-08-22,39.72,40.66,39.72,40.62,7.8199,1799200
2002-08-23,40.18,40.29,39.42,39.42,7.5889,287600
2002-08-26,39.81,39.93,39.0,39.66,7.6351,5272400
2002-08-27,40.1,40.14,38.81,38.89,7.4869,552800
2002-08-28,38.75,38.75,38.08,38.33,7.3791,403200
2002-08-29,37.77,38.6,37.61,38.3,7.3733,412800
2002-08-30,38.16,38.75,38.01,38.05,7.3252,518800
2002-09-03,37.45,37.51,36.62,36.66,7.0576,544000
2002-09-04,36.59,37.51,36.54,37.39,7.1981,204800
2002-09-05,36.78,37.12,36.3,36.82,7.0884,180800
2002-09-06,37.5,37.64,37.21,37.35,7.1904,221200
2002-09-09,36.9,38.07,36.9,37.95,7.3059,300000
2002-09-10,37.98,38.22,37.66,38.07,7.329,590400
2002-09-11,38.83,38.83,38.02,38.07,7.329,128000
2002-09-12,37.64,37.78,37.13,37.21,7.1635,110000
2002-09-13,36.96,37.37,36.67,37.17,7.1688,404400
2002-09-16,37.31,37.43,36.8,37.26,7.1861,409200
2002-09-17,38.0,38.0,36.53,36.65,7.0685,836000
2002-09-18,36.1,36.87,36.0,36.12,6.9663,215600
2002-09-19,35.73,36.21,35.5,35.5,6.8467,391600
2002-09-20,35.41,35.71,35.17,35.21,6.7908,198800
2002-09-23,34.9,35.2,34.55,34.91,6.7329,365200
2002-09-24,34.42,35.11,34.37,34.46,6.6461,714400
2002-09-25,34.79,35.62,34.42,35.32,6.812,395200
2002-09-26,35.77,36.16,35.41,35.73,6.8911,1024800
2002-09-27,35.3,35.78,34.61,34.74,6.7001,559200
2002-09-30,33.9,34.59,33.52,34.28,6.6114,6640800
2002-10-01,34.27,35.52,34.07,35.37,6.8216,529600
2002-10-02,35.44,35.71,34.66,34.83,6.7175,420400
2002-10-03,35.02,35.25,34.4,34.42,6.6384,2403600
2002-10-04,34.71,34.72,33.39,33.6,6.4803,722000
2002-10-07,33.7,34.11,33.0,33.25,6.4128,800400
2002-10-08,33.65,34.36,33.03,33.85,6.5285,1213200
2002-10-09,33.38,33.7,33.0,33.06,6.3761,371600
2002-10-10,33.0,34.25,32.75,33.9,6.5381,467600
2002-10-11,34.9,35.85,34.73,35.44,6.8351,508400
2002-10-14,35.15,35.97,35.15,35.7,6.8853,1390000
2002-10-15,37.15,37.46,36.86,37.37,7.2074,1077600
2002-10-16,36.9,36.94,36.16,36.37,7.0145,4282000
2002-10-17,37.67,37.67,36.99,37.16,7.1669,574400
2002-10-18,36.97,37.57,36.67,37.5,7.2324,312000
2002-10-21,37.22,38.11,36.92,38.07,7.3424,1034000
2002-10-22,37.4,37.69,37.09,37.5,7.2324,1405600
2002-10-23,37.4,37.69,36.76,37.68,7.2671,668000
2002-10-24,38.1,38.1,36.86,37.0,7.136,874000
2002-10-25,36.9,37.95,36.9,37.85,7.2999,259600
2002-10-28,38.4,38.4,37.11,37.4,7.2131,967200
2002-10-29,37.5,37.5,36.37,37.15,7.1649,286000
2002-10-30,37.2,37.66,36.8,37.5,7.2324,1538000
2002-10-31,37.55,37.75,36.95,37.17,7.1688,2610800
2002-11-01,37.05,38.01,36.84,37.89,7.3076,687200
2002-11-04,38.6,38.99,38.14,38.25,7.3771,1002800
2002-11-05,38.25,38.45,38.0,38.45,7.4157,1762800
2002-11-06,38.7,39.13,38.19,38.85,7.4928,1364400
2002-11-07,38.37,38.64,37.83,38.1,7.3481,706000
2002-11-08,38.21,38.3,37.55,37.7,7.271,1655200
2002-11-11,37.6,37.6,36.83,37.1,7.1553,362800
2002-11-12,37.1,37.79,37.01,37.17,7.1688,721600
2002-11-13,36.97,37.79,36.85,37.62,7.2556,463200
2002-11-14,38.09,38.45,37.8,38.36,7.3983,592400
2002-11-15,37.82,38.58,37.82,38.4,7.406,682400
2002-11-18,38.9,38.9,38.02,38.05,7.3385,604400
2002-11-19,37.62,38.1,37.51,37.7,7.271,1761600
2002-11-20,37.8,38.69,37.8,38.5,7.4253,648800
2002-11-21,39.1,39.53,38.97,39.43,7.6047,1172400
2002-11-22,39.23,39.39,39.0,39.03,7.5275,1200400
2002-11-25,39.22,39.39,38.78,39.11,7.5429,561600
2002-11-26,39.05,39.12,38.31,38.49,7.4234,1239200
2002-11-27,38.88,39.6,38.7,39.56,7.6297,1019600
2002-11-29,39.63,39.64,39.3,39.3,7.5796,679200
2002-12-02,40.15,40.16,39.1,39.3,7.5796,512800
2002-12-03,38.96,39.03,38.5,38.67,7.4581,2016800
2002-12-04,38.1,38.96,38.1,38.6,7.4446,512800
2002-12-05,38.93,38.93,38.02,38.27,7.3809,2358800
2002-12-06,37.8,38.52,37.64,38.25,7.3771,1096800
2002-12-09,38.21,38.22,37.36,37.36,7.2054,3599600
2002-12-10,37.6,38.12,37.5,38.12,7.352,978800
2002-12-11,37.77,38.34,37.66,37.97,7.3231,566000
2002-12-12,37.8,38.24,37.58,37.92,7.3134,663200
2002-12-13,37.49,37.59,37.11,37.2,7.1947,2589600
2002-12-16,37.35,37.95,37.1,37.95,7.3398,722800
2002-12-17,38.03,38.03,37.47,37.47,7.247,1740400
2002-12-18,37.33,37.37,36.81,36.93,7.1425,2140000
2002-12-19,37.05,37.44,36.54,36.74,7.1058,3082400
2002-12-20,37.15,37.32,36.87,37.19,7.1928,2858400
2002-12-23,36.96,37.54,36.96,37.2,7.1947,1235200
2002-12-24,37.34,37.41,37.04,37.23,7.2005,737600
2002-12-26,37.33,37.52,36.88,36.93,7.1425,820400
2002-12-27,36.77,36.89,36.18,36.37,7.0342,3090400
2002-12-30,36.37,36.64,36.01,36.4,7.04,1544000
2002-12-31,36.49,36.67,36.01,36.36,7.0323,4042800
2003-01-02,36.8,37.77,36.7,37.75,7.3011,4804000
2003-01-03,37.7,37.87,37.36,37.72,7.2953,2995200
2003-01-06,37.96,38.5,37.74,38.35,7.4172,958800
2003-01-07,38.4,38.53,38.02,38.02,7.3533,760400
2003-01-08,37.83,38.17,37.54,37.55,7.2624,2011200
2003-01-09,38.13,38.57,37.95,38.24,7.3959,715600
2003-01-10,38.05,38.65,38.0,38.54,7.4539,330400
2003-01-13,38.92,38.92,38.24,38.34,7.4152,3290400
2003-01-14,38.3,38.68,38.23,38.68,7.481,2630400
2003-01-15,38.52,38.52,37.92,37.92,7.334,2087200
2003-01-16,38.25,38.39,37.64,37.75,7.3011,1204800
2003-01-17,37.34,37.6,37.05,37.1,7.1754,2435200
2003-01-21,37.61,37.61,36.71,36.78,7.1135,2063200
2003-01-22,36.6,36.96,36.35,36.54,7.0671,1972400
2003-01-23,36.98,37.1,36.4,36.73,7.1038,1718000
2003-01-24,36.84,36.84,35.74,35.94,6.951,1140000
2003-01-27,35.42,35.81,35.1,35.45,6.8563,3188000
2003-01-28,35.38,35.88,35.33,35.8,6.924,1442800
2003-01-29,35.22,36.24,35.22,35.93,6.9491,980800
2003-01-30,35.92,36.1,35.1,35.23,6.8137,3138000
2003-01-31,34.85,35.69,34.85,35.46,6.8582,1882800
2003-02-03,35.55,35.95,35.5,35.78,6.9201,1419200
2003-02-04,35.4,35.4,34.84,35.11,6.7905,1296400
2003-02-05,35.4,35.82,34.96,34.96,6.7615,1548400
2003-02-06,34.95,35.11,34.61,34.92,6.7538,154800
2003-02-07,35.0,35.2,34.39,34.67,6.7054,1572000
2003-02-10,34.72,34.97,34.25,34.97,6.7634,1325600
2003-02-11,35.15,35.16,34.37,34.63,6.6977,630400
2003-02-12,34.43,34.79,34.15,34.15,6.6048,1437600
2003-02-13,34.35,34.35,33.54,34.09,6.5932,881600
2003-02-14,33.98,34.61,33.97,34.6,6.6919,236800
2003-02-18,35.03,35.66,35.03,35.66,6.8969,582400
2003-02-19,35.37,35.64,35.05,35.4,6.8466,1678800
2003-02-20,35.77,35.77,35.02,35.02,6.7731,2768000
2003-02-21,35.07,35.83,34.95,35.52,6.8698,620400
2003-02-24,35.62,35.62,34.9,34.9,6.7499,1570000
2003-02-25,34.45,35.37,34.25,35.37,6.8408,2006400
2003-02-26,34.91,35.31,34.7,34.7,6.7112,1130000
2003-02-27,35.17,35.35,34.73,35.15,6.7983,736400
2003-02-28,35.46,35.62,35.22,35.37,6.8408,1218000
2003-03-03,35.6,35.82,34.9,35.06,6.7808,861200
2003-03-04,34.9,35.0,34.46,34.46,6.6648,485200
2003-03-05,34.62,34.88,34.37,34.73,6.717,1824800
2003-03-06,34.62,34.91,34.46,34.7,6.7112,550000
2003-03-07,33.81,34.91,33.8,34.67,6.7196,514800
2003-03-10,34.5,34.6,33.9,33.95,6.5801,230400
2003-03-11,34.18,34.19,33.65,33.65,6.5219,1012000
2003-03-12,33.52,34.04,33.32,34.04,6.5975,1557200
2003-03-13,34.8,35.32,34.25,35.28,6.8378,688800
2003-03-14,35.6,35.6,34.99,35.21,6.8243,1085600
2003-03-17,35.15,36.66,34.93,36.62,7.0975,1304000
2003-03-18,36.88,36.89,36.32,36.72,7.1169,1827200
2003-03-19,36.99,37.16,36.42,37.08,7.1867,1607200
2003-03-20,36.85,37.32,36.39,37.01,7.1731,1490400
2003-03-21,37.7,38.04,37.16,38.01,7.367,3310400
2003-03-24,37.2,37.2,36.56,36.68,7.1092,797200
2003-03-25,36.35,37.35,36.35,37.24,7.2177,1233600
2003-03-26,36.86,37.21,36.78,37.02,7.1751,975600
2003-03-27,36.47,37.14,36.36,36.77,7.1266,580000
2003-03-28,36.62,36.96,36.48,36.6,7.0937,891200
2003-03-31,35.87,36.4,35.68,35.85,6.9483,991600
2003-04-01,36.3,36.45,35.89,36.44,7.0627,1585600
2003-04-02,37.17,37.53,36.95,37.34,7.2371,678400
2003-04-03,37.6,37.77,37.17,37.28,7.2255,19115200
2003-04-04,37.6,37.6,37.03,37.32,7.2332,362000
2003-04-07,38.38,38.49,37.28,37.47,7.2623,860800
2003-04-08,37.38,37.44,37.06,37.24,7.2177,506000
2003-04-09,37.4,37.6,36.54,36.54,7.082,788000
2003-04-10,36.8,36.9,36.37,36.7,7.1131,739200
2003-04-11,37.32,37.37,36.56,36.79,7.1305,276400
2003-04-14,36.6,37.56,36.6,37.56,7.2797,2014800
2003-04-15,37.4,37.77,37.28,37.77,7.3204,1535600
2003-04-16,37.66,37.9,37.0,37.16,7.2022,1262800
2003-04-17,37.02,37.89,37.01,37.83,7.3321,420800
2003-04-21,37.98,37.98,37.6,37.75,7.3166,880800
2003-04-22,37.63,38.58,37.48,38.5,7.4619,972800
2003-04-23,38.6,38.85,38.33,38.78,7.5162,1516400
2003-04-24,38.5,38.71,38.15,38.35,7.4328,843600
2003-04-25,38.52,38.52,37.81,37.9,7.3456,656800
2003-04-28,38.15,38.73,37.96,38.64,7.4891,478000
2003-04-29,38.78,39.0,38.51,38.81,7.522,1485600
2003-04-30,38.33,38.85,38.33,38.65,7.491,776400
2003-05-01,38.65,38.81,38.02,38.65,7.491,2558400
2003-05-02,38.6,39.28,37.78,39.24,7.6053,3699600
2003-05-05,39.14,39.59,39.13,39.21,7.5995,1415600
2003-05-06,39.05,39.79,39.05,39.48,7.6519,2349200
2003-05-07,39.47,39.65,39.22,39.24,7.6053,1560000
2003-05-08,38.94,39.26,38.82,38.93,7.5453,1952800
2003-05-09,38.95,39.59,38.95,39.47,7.6499,2440400
2003-05-12,39.6,40.17,39.34,40.08,7.7682,1399200
2003-05-13,39.68,40.14,38.92,39.92,7.7371,434800
2003-05-14,40.32,40.32,39.56,39.79,7.7119,1318000
2003-05-15,40.03,40.15,39.71,40.07,7.7662,784800
2003-05-16,40.0,40.17,39.69,39.81,7.7158,904000
2003-05-19,39.69,39.74,38.76,38.79,7.5181,1086000
2003-05-20,39.08,39.08,38.41,38.83,7.5259,1200800
2003-05-21,38.53,38.87,38.44,38.7,7.5007,1124400
2003-05-22,38.76,39.43,38.76,39.23,7.6034,1456800
2003-05-23,39.2,39.29,38.9,39.15,7.5879,730000
2003-05-27,38.73,40.04,38.73,39.92,7.7371,596400
2003-05-28,40.15,40.3,39.9,40.08,7.7682,840800
2003-05-29,40.2,40.54,39.91,40.06,7.7643,513600
2003-05-30,40.45,40.69,40.14,40.67,7.8825,389600
2003-06-02,41.08,41.17,40.45,40.67,7.8825,1572400
2003-06-03,40.65,40.9,40.46,40.8,7.9077,1209600
2003-06-04,40.97,41.56,40.75,41.5,8.0434,1571600
2003-06-05,41.25,41.7,41.06,41.7,8.0821,1029200
2003-06-06,42.32,42.55,41.38,41.38,8.0201,1936000
2003-06-09,41.38,41.38,40.83,41.07,7.96,1146400
2003-06-10,41.35,41.41,41.04,41.34,8.0124,965200
2003-06-11,41.51,41.98,41.25,41.9,8.1209,688000
2003-06-12,42.19,42.19,41.64,42.0,8.1403,1004800
2003-06-13,42.05,42.05,41.19,41.44,8.0483,704800
2003-06-16,41.74,42.55,41.69,42.55,8.2639,1274800
2003-06-17,42.78,42.84,42.42,42.66,8.2853,816800
2003-06-18,42.5,42.9,42.21,42.64,8.2814,1207600
2003-06-19,42.68,42.69,41.86,41.99,8.1551,6471200
2003-06-20,42.05,42.23,41.73,41.87,8.1318,936000
2003-06-23,41.5,41.57,40.99,41.27,8.0153,694800
2003-06-24,40.95,41.52,40.95,41.21,8.0037,3351600
2003-06-25,41.41,41.71,40.87,40.93,7.9493,1005200
2003-06-26,41.12,41.53,40.94,41.52,8.0639,3866000
2003-06-27,41.55,41.73,41.0,41.0,7.9629,1417600
2003-06-30,41.48,41.49,40.89,41.05,7.9726,550000
2003-07-01,40.9,41.45,40.45,41.45,8.0503,651600
2003-07-02,41.68,41.98,41.4,41.97,8.1513,9756800
2003-07-03,41.76,42.03,41.4,41.57,8.0736,541200
2003-07-07,42.21,42.62,42.21,42.53,8.26,639200
2003-07-08,42.57,42.82,42.36,42.75,8.3027,646000
2003-07-09,42.8,42.96,42.27,42.56,8.2658,812400
2003-07-10,42.32,42.32,41.66,42.03,8.1629,813200
2003-07-11,41.92,42.49,41.92,42.44,8.2425,552800
2003-07-14,43.08,43.19,42.46,42.57,8.2678,3455600
2003-07-15,43.12,43.12,42.35,42.6,8.2736,1618000
2003-07-16,42.8,42.8,42.08,42.39,8.2328,836800
2003-07-17,42.22,42.22,41.5,41.77,8.1124,532800
2003-07-18,41.95,42.17,41.55,42.15,8.1862,325600
2003-07-21,41.95,41.95,41.26,41.35,8.0308,488400
2003-07-22,41.49,41.84,41.27,41.75,8.1085,938400
2003-07-23,41.78,41.98,41.39,41.91,8.1396,712800
2003-07-24,42.48,42.48,41.63,41.65,8.0891,416400
2003-07-25,41.72,42.35,41.3,42.26,8.2076,1332400
2003-07-28,42.17,42.42,42.0,42.26,8.2076,529200
2003-07-29,42.35,42.35,41.71,41.91,8.1396,637600
2003-07-30,41.95,42.08,41.67,41.67,8.093,1635600
2003-07-31,42.36,42.74,41.95,42.07,8.1707,560800
2003-08-01,42.07,42.07,41.51,41.64,8.0872,866400
2003-08-04,41.65,41.86,41.05,41.64,8.0872,883600
2003-08-05,41.67,41.71,40.68,40.68,7.9007,412800
2003-08-06,40.58,41.24,40.58,40.79,7.9221,2012000
2003-08-07,40.97,41.26,40.77,41.12,7.9862,846400
2003-08-08,41.5,41.5,41.05,41.31,8.0231,2023600
2003-08-11,41.22,41.6,41.13,41.45,8.0503,1027200
2003-08-12,41.65,41.85,41.34,41.85,8.1279,444000
2003-08-13,42.07,42.07,41.46,41.51,8.0619,253600
2003-08-14,41.78,41.9,41.36,41.83,8.1241,262400
2003-08-15,41.83,41.98,41.64,41.95,8.1474,235200
2003-08-18,42.07,42.48,41.95,42.45,8.2445,2486000
2003-08-19,42.6,42.65,42.2,42.65,8.2833,1999200
2003-08-20,42.22,42.6,42.22,42.45,8.2445,716800
2003-08-21,42.75,42.86,42.28,42.62,8.2775,2668400
2003-08-22,43.2,43.2,42.34,42.35,8.2251,564400
2003-08-25,42.15,42.45,42.15,42.45,8.2445,554400
2003-08-26,42.11,42.59,41.83,42.41,8.2367,3052800
2003-08-27,42.38,42.68,42.35,42.59,8.2717,709600
2003-08-28,42.87,42.95,42.33,42.87,8.326,500800
2003-08-29,42.88,43.16,42.76,43.08,8.3668,1829600
2003-09-02,43.33,43.82,43.0,43.82,8.5106,409600
2003-09-03,43.92,44.17,43.77,43.98,8.5416,1470400
2003-09-04,43.7,44.17,43.7,44.05,8.5552,1044800
2003-09-05,44.0,44.22,43.61,43.73,8.4931,1004400
2003-09-08,43.76,44.38,43.76,44.38,8.6193,2676400
2003-09-09,44.17,44.21,43.79,43.88,8.5222,1021600
2003-09-10,43.63,43.95,43.29,43.39,8.427,535600
2003-09-11,43.71,43.85,43.36,43.76,8.4989,532400
2003-09-12,43.29,43.79,43.14,43.79,8.5194,540000
2003-09-15,43.8,43.91,43.53,43.7,8.5019,1968800
2003-09-16,43.85,44.35,43.7,44.35,8.6283,1122000
2003-09-17,44.05,44.41,44.03,44.28,8.6147,566400
2003-09-18,44.25,44.69,44.1,44.68,8.6926,374000
2003-09-19,44.75,44.75,44.21,44.28,8.6147,694000
2003-09-22,44.0,44.04,43.56,43.83,8.5272,942000
2003-09-23,44.05,44.32,43.78,44.15,8.5894,926800
2003-09-24,44.33,44.33,43.21,43.22,8.4085,1117600
2003-09-25,43.44,43.61,42.79,42.79,8.3248,990400
2003-09-26,42.83,43.02,42.62,42.67,8.3015,1552800
2003-09-29,42.9,43.12,42.61,43.02,8.3696,435200
2003-09-30,42.95,42.95,42.29,42.62,8.2918,836000
2003-10-01,42.6,43.57,42.6,43.57,8.4766,1494000
2003-10-02,43.56,43.74,43.35,43.7,8.5019,714000
2003-10-03,44.4,44.54,44.06,44.19,8.5972,3246000
2003-10-06,44.4,44.4,44.02,44.34,8.6264,605200
2003-10-07,44.15,44.5,43.91,44.5,8.6575,963200
2003-10-08,44.28,44.5,44.07,44.18,8.5953,1178400
2003-10-09,44.95,44.95,44.26,44.45,8.6478,1276000
2003-10-10,44.62,44.64,44.28,44.64,8.6848,719200
2003-10-13,44.8,44.88,44.5,44.57,8.6712,1318400
2003-10-14,44.74,44.83,44.39,44.75,8.7062,445200
2003-10-15,45.22,45.22,44.5,44.76,8.7081,432800
2003-10-16,44.72,44.97,44.55,44.9,8.7354,810800
2003-10-17,44.95,45.01,44.2,44.39,8.6361,378400
2003-10-20,44.57,44.63,44.27,44.63,8.6828,521600
2003-10-21,44.51,44.98,44.51,44.91,8.7373,1299600
2003-10-22,44.51,44.55,43.93,44.14,8.5875,792400
2003-10-23,43.97,44.24,43.87,44.15,8.5894,2393200
2003-10-24,43.85,43.88,43.37,43.88,8.5369,438400
2003-10-27,44.28,44.32,43.87,44.03,8.5661,2212800
2003-10-28,44.41,44.86,44.23,44.8,8.7159,593600
2003-10-29,44.92,44.96,44.63,44.9,8.7354,845200
2003-10-30,45.32,45.32,44.75,45.07,8.7684,776000
2003-10-31,45.12,45.12,44.79,44.9,8.7354,1048800
2003-11-03,44.9,45.43,44.9,45.3,8.8132,1060500
2003-11-04,45.2,45.24,44.91,45.06,8.7665,1418884
2003-11-05,44.95,45.18,44.68,44.95,8.7451,1288000
2003-11-06,45.16,45.38,44.78,45.3,8.8132,4966800
2003-11-07,45.37,45.57,45.0,45.0,8.7548,451600
2003-11-10,45.1,45.15,44.68,44.74,8.7042,2819200
2003-11-11,44.82,44.85,44.51,44.64,8.6848,1118000
2003-11-12,44.88,45.47,44.7,45.47,8.8462,3815200
2003-11-13,45.3,45.5,45.11,45.36,8.8248,1987600
2003-11-14,45.56,45.76,45.0,45.0,8.7548,991200
2003-11-17,44.88,44.88,44.32,44.71,8.6984,6050000
2003-11-18,45.08,45.08,44.22,44.22,8.6031,922400
2003-11-19,44.55,44.89,44.37,44.83,8.7217,1668000
2003-11-20,44.38,44.98,44.38,44.42,8.642,767600
2003-11-21,44.63,44.63,44.13,44.28,8.6147,1026000
2003-11-24,44.77,45.26,44.62,45.26,8.8054,2093200
2003-11-25,45.27,45.44,45.12,45.22,8.7976,1405200
2003-11-26,45.5,45.51,44.9,45.38,8.8287,4146400
2003-11-28,45.3,45.45,45.2,45.32,8.8171,1726400
2003-12-01,45.49,45.94,45.49,45.94,8.9377,2605200
2003-12-02,45.95,45.95,45.66,45.69,8.889,1564000
2003-12-03,46.1,46.1,45.51,45.57,8.8657,1297200
2003-12-04,45.75,45.75,45.24,45.73,8.8968,1330000
2003-12-05,45.49,45.59,45.11,45.28,8.8093,934000
2003-12-08,45.35,45.56,45.1,45.56,8.8638,947200
2003-12-09,45.84,45.84,44.93,45.08,8.7704,2087200
2003-12-10,45.07,45.17,44.62,44.99,8.7529,1963600
2003-12-11,45.15,45.69,45.11,45.45,8.8424,2205600
2003-12-12,45.62,45.62,45.22,45.52,8.8824,950800
2003-12-15,46.3,46.3,45.11,45.23,8.8258,2674800
2003-12-16,45.38,45.43,45.0,45.25,8.8479,1133200
2003-12-17,45.21,45.41,45.17,45.41,8.8792,992400
2003-12-18,45.41,45.98,45.38,45.9,8.975,1421200
2003-12-19,46.05,46.05,45.62,45.91,8.977,856000
2003-12-22,45.04,46.08,45.04,46.08,9.0102,1312800
2003-12-23,46.08,46.2,45.9,46.19,9.0317,1489200
2003-12-24,45.92,46.24,45.92,46.17,9.0278,1442400
2003-12-26,46.06,46.3,46.06,46.06,9.0063,568400
2003-12-29,47.0,47.0,46.31,46.77,9.1452,1216800
2003-12-30,46.77,46.83,46.54,46.62,9.1158,1089600
2003-12-31,46.72,46.93,46.55,46.8,9.151,2273600
2004-01-02,47.22,47.22,46.5,46.55,9.1021,3026800
2004-01-05,47.17,47.32,46.82,47.32,9.2527,2388000
2004-01-06,47.25,47.44,47.07,47.44,9.2762,1605600
2004-01-07,47.44,47.69,47.05,47.69,9.325,1359200
2004-01-08,47.55,47.84,47.47,47.74,9.3348,3006000
2004-01-09,47.25,47.89,47.25,47.38,9.2644,1395200
2004-01-12,47.41,47.72,47.3,47.61,9.3094,1422000
2004-01-13,47.88,47.88,47.06,47.32,9.2527,1563200
2004-01-14,47.74,47.92,47.41,47.92,9.37,2356800
2004-01-15,47.95,48.17,47.42,47.83,9.3524,2654400
2004-01-16,48.22,48.24,47.89,48.24,9.4326,6801200
2004-01-20,48.31,48.43,47.94,48.31,9.4463,1067600
2004-01-21,48.2,48.48,47.85,48.4,9.4639,966000
2004-01-22,48.55,48.65,48.19,48.3,9.4443,622400
2004-01-23,48.45,48.57,47.92,48.1,9.4052,3783200
2004-01-26,48.34,48.84,48.13,48.75,9.5323,1731200
2004-01-27,48.89,48.89,48.2,48.33,9.4502,1819600
2004-01-28,48.6,48.6,47.5,47.62,9.3114,1840400
2004-01-29,47.95,47.95,47.32,47.91,9.3681,674000
2004-01-30,47.89,47.9,47.59,47.83,9.3524,2570800
2004-02-02,47.77,48.29,47.54,47.87,9.3602,1422800
2004-02-03,47.89,48.07,47.71,48.0,9.3857,1607600
2004-02-04,47.53,47.95,47.53,47.58,9.3035,5914400
2004-02-05,47.88,47.88,47.44,47.65,9.3172,1724000
2004-02-06,47.71,48.34,47.69,48.29,9.4424,6086800
2004-02-09,48.12,48.45,48.05,48.05,9.3954,6368000
2004-02-10,48.2,48.47,48.03,48.25,9.4345,1506000
2004-02-11,48.38,48.89,48.2,48.64,9.5108,2080400
2004-02-12,48.84,48.89,48.5,48.53,9.4893,766000
2004-02-13,48.82,48.84,48.12,48.26,9.4365,679600
2004-02-17,48.95,48.95,48.5,48.78,9.5382,2164800
2004-02-18,48.85,48.85,48.48,48.65,9.5128,2073600
2004-02-19,49.11,49.11,48.16,48.31,9.4463,699200
2004-02-20,48.47,48.48,47.9,48.25,9.4345,1186000
2004-02-23,48.37,48.37,47.7,47.8,9.3466,6841200
2004-02-24,47.79,48.14,47.63,47.92,9.37,3686000
2004-02-25,47.95,48.14,47.83,48.11,9.4072,1192400
2004-02-26,47.96,48.27,47.77,48.2,9.4248,2254400
2004-02-27,48.25,48.41,47.95,48.11,9.4072,1769200
2004-03-01,48.28,48.57,48.07,48.57,9.4971,2958800
2004-03-02,48.55,48.63,48.09,48.25,9.4345,5528000
2004-03-03,48.2,48.31,47.85,48.25,9.4345,1951600
2004-03-04,48.4,48.47,48.13,48.47,9.4776,4073200
2004-03-05,48.14,48.79,48.06,48.42,9.4678,3336800
2004-03-08,48.59,48.6,47.92,48.01,9.3876,439200
2004-03-09,47.92,47.92,47.42,47.69,9.325,2094800
2004-03-10,47.82,47.82,46.88,46.95,9.1804,2042000
2004-03-11,46.62,47.14,46.25,46.41,9.0748,1160400
2004-03-12,46.45,46.98,46.45,46.98,9.1862,920400
2004-03-15,46.85,46.88,46.14,46.29,9.0513,1163200
2004-03-16,46.75,46.75,46.04,46.46,9.0845,776400
2004-03-17,46.88,47.04,46.61,47.01,9.1921,1423600
2004-03-18,46.92,46.96,46.45,46.9,9.1706,1463600
2004-03-19,46.86,46.87,46.17,46.25,9.0435,501200
2004-03-22,45.85,45.85,45.35,45.68,8.932,2355600
2004-03-23,46.04,46.04,45.42,45.58,8.9125,712400
2004-03-24,45.55,45.93,45.33,45.7,8.9359,633600
2004-03-25,46.1,46.56,45.84,46.5,9.0924,997600
2004-03-26,46.4,46.68,46.31,46.4,9.0892,1990800
2004-03-29,46.76,47.13,46.59,47.0,9.2068,1718800
2004-03-30,47.0,47.15,46.75,47.1,9.2264,2537600
2004-03-31,47.15,47.27,46.82,47.1,9.2264,904800
2004-04-01,47.09,47.48,47.0,47.34,9.2734,850400
2004-04-02,47.8,48.04,47.67,47.93,9.389,851200
2004-04-05,48.06,48.38,47.94,48.28,9.4575,670400
2004-04-06,48.13,48.18,47.96,48.08,9.4183,1350400
2004-04-07,48.0,48.14,47.71,47.96,9.3948,1373600
2004-04-08,48.42,48.42,47.6,47.89,9.3811,817600
2004-04-12,47.88,48.13,47.88,48.13,9.4281,591200
2004-04-13,48.27,48.31,47.4,47.58,9.3204,767600
2004-04-14,47.32,47.69,47.24,47.53,9.3106,744800
2004-04-15,47.72,47.83,47.24,47.66,9.3361,608400
2004-04-16,47.7,47.87,47.33,47.77,9.3576,1190800
2004-04-19,47.75,47.9,47.54,47.9,9.3831,2405600
2004-04-20,48.05,48.05,47.1,47.25,9.2558,1300000
2004-04-21,47.25,47.51,47.03,47.45,9.2949,1368400
2004-04-22,47.4,48.16,47.27,48.09,9.4203,1345600
2004-04-23,48.23,48.24,47.92,48.21,9.4438,1495600
2004-04-26,48.32,48.39,47.79,48.02,9.4066,1229200
2004-04-27,48.07,48.41,47.86,48.04,9.4105,2237600
2004-04-28,47.77,47.77,47.14,47.37,9.2793,808000
2004-04-29,47.25,47.46,46.6,46.94,9.195,1507200
2004-04-30,47.11,47.11,46.51,46.57,9.1226,676000
2004-05-03,46.55,47.14,46.55,47.0,9.2068,702000
2004-05-04,47.15,47.42,46.65,47.0,9.2068,703600
2004-05-05,47.1,47.36,47.0,47.23,9.2518,639600
2004-05-06,47.05,47.14,46.57,46.84,9.1754,715600
2004-05-07,46.62,47.21,46.38,46.38,9.0853,1028400
2004-05-10,46.01,46.35,45.75,46.15,9.0403,3794000
2004-05-11,46.33,46.54,46.16,46.41,9.0912,1104800
2004-05-12,46.41,46.49,45.52,46.46,9.101,1727600
2004-05-13,46.4,46.65,46.16,46.28,9.0657,1737600
2004-05-14,46.52,46.59,45.97,46.26,9.0618,1428400
2004-05-17,45.88,46.01,45.5,45.85,8.9815,2613600
2004-05-18,46.21,46.24,46.0,46.14,9.0383,456400
2004-05-19,46.57,46.74,45.94,45.95,9.0011,2565200
2004-05-20,46.12,46.12,45.78,45.99,9.0089,916000
2004-05-21,46.3,46.35,45.98,46.14,9.0383,1088400
2004-05-24,45.86,46.49,45.86,46.13,9.0364,1664800
2004-05-25,46.13,46.98,45.97,46.98,9.2029,1181600
2004-05-26,46.75,47.12,46.75,47.07,9.2205,1140400
2004-05-27,47.42,47.46,47.04,47.38,9.2812,824800
2004-05-28,47.45,47.48,47.23,47.48,9.3008,642800
2004-06-01,47.14,47.45,47.01,47.39,9.2832,707600
2004-06-02,47.51,47.68,47.26,47.6,9.3243,771600
2004-06-03,47.48,47.59,47.19,47.24,9.2538,1146400
2004-06-04,47.47,47.75,47.37,47.37,9.2793,637600
2004-06-07,47.88,48.25,47.68,48.25,9.4516,996800
2004-06-08,48.12,48.34,48.02,48.34,9.4693,840000
2004-06-09,48.27,48.27,47.75,47.75,9.3537,908000
2004-06-10,47.99,47.99,47.79,47.94,9.3909,672800
2004-06-14,47.8,47.81,47.4,47.5,9.3047,801200
2004-06-15,47.85,48.1,47.72,47.86,9.3752,642000
2004-06-16,48.0,48.0,47.75,47.87,9.3772,481200
2004-06-17,47.88,47.88,47.51,47.75,9.3537,584800
2004-06-18,47.74,47.99,47.67,47.79,9.3615,439200
2004-06-21,47.72,47.89,47.45,47.54,9.3126,6995600
2004-06-22,47.41,47.73,47.19,47.73,9.3498,591600
2004-06-23,47.77,48.17,47.52,48.13,9.4281,941200
2004-06-24,48.01,48.23,47.93,48.05,9.4125,3581200
2004-06-25,48.1,48.16,47.68,47.68,9.3539,1993600
2004-06-28,47.98,47.98,47.36,47.5,9.3186,2513600
2004-06-29,47.43,47.77,47.35,47.62,9.3421,1056000
2004-06-30,47.65,48.02,47.53,47.85,9.3873,6520000
2004-07-01,47.86,47.89,47.04,47.23,9.2656,1220800
2004-07-02,47.41,47.43,46.97,47.05,9.2303,810800
2004-07-06,46.92,46.92,46.36,46.54,9.1303,977200
2004-07-07,46.41,46.79,46.36,46.53,9.1283,646000
2004-07-08,46.49,46.69,46.11,46.29,9.0812,884800
2004-07-09,46.48,46.49,46.18,46.27,9.0773,3451600
2004-07-12,46.34,46.34,45.91,46.23,9.0694,786800
2004-07-13,46.19,46.39,46.19,46.34,9.091,293600
2004-07-14,45.93,46.46,45.9,45.98,9.0204,746400
2004-07-15,46.2,46.25,45.78,45.78,8.9812,500400
2004-07-16,46.2,46.2,45.42,45.5,8.9262,758400
2004-07-19,45.7,45.72,45.09,45.3,8.887,570800
2004-07-20,45.42,46.04,45.32,45.93,9.0106,17195200
2004-07-21,46.22,46.22,44.9,44.91,8.8105,1903600
2004-07-22,44.76,45.29,44.6,45.14,8.8556,720000
2004-07-23,45.46,45.46,44.43,44.6,8.7497,772000
2004-07-26,44.8,44.8,44.08,44.31,8.6928,822800
2004-07-27,44.64,44.96,44.41,44.8,8.7889,644400
2004-07-28,44.86,44.93,44.17,44.9,8.8085,504000
2004-07-29,45.1,45.17,44.79,45.04,8.836,1111600
2004-07-30,44.93,45.34,44.93,45.34,8.8948,1446800
2004-08-02,45.12,45.4,44.93,45.34,8.8948,2918800
2004-08-03,45.34,45.34,44.82,44.86,8.8007,2563200
2004-08-04,44.5,45.02,44.5,44.83,8.7948,1641600
2004-08-05,45.0,45.0,44.0,44.0,8.632,1600400
2004-08-06,43.51,43.76,43.2,43.3,8.4946,1954800
2004-08-09,43.54,43.54,43.21,43.3,8.4946,669200
2004-08-10,43.36,43.88,43.36,43.88,8.6084,500800
2004-08-11,43.56,43.8,43.19,43.7,8.5731,2263200
2004-08-12,43.5,43.67,43.26,43.26,8.4868,1588000
2004-08-13,43.18,43.46,43.06,43.17,8.4691,1581600
2004-08-16,43.48,43.91,43.27,43.73,8.579,603600
2004-08-17,44.15,44.29,43.95,44.05,8.6418,1856000
2004-08-18,44.05,44.77,43.85,44.77,8.783,2112400
2004-08-19,44.54,44.64,44.28,44.51,8.732,686800
2004-08-20,44.56,44.89,44.46,44.82,8.7928,1066400
2004-08-23,44.8,44.98,44.69,44.71,8.7713,680000
2004-08-24,45.05,45.05,44.56,44.73,8.7752,697600
2004-08-25,44.85,45.19,44.54,45.14,8.8556,1404000
2004-08-26,45.01,45.2,44.99,45.05,8.838,489600
2004-08-27,45.08,45.38,45.08,45.34,8.8948,404400
2004-08-30,45.28,45.28,44.76,44.76,8.7811,515200
2004-08-31,44.94,44.94,44.52,44.85,8.7987,502400
2004-09-01,44.84,45.21,44.84,45.12,8.8517,982000
2004-09-02,45.17,45.7,45.04,45.66,8.9576,655600
2004-09-03,45.45,45.65,45.29,45.4,8.9066,733600
2004-09-07,45.82,45.82,45.35,45.64,8.9537,623200
2004-09-08,45.52,45.68,45.36,45.42,8.9105,433200
2004-09-09,45.63,45.68,45.26,45.5,8.9262,488000
2004-09-10,45.36,45.93,45.35,45.92,9.0086,759600
2004-09-13,45.94,46.29,45.84,46.06,9.0361,1998800
2004-09-14,45.97,46.24,45.97,46.2,9.0636,576400
2004-09-15,46.04,46.08,45.73,45.8,8.9851,1877200
2004-09-16,46.0,46.05,45.72,45.79,8.9831,1976400
2004-09-17,45.8,46.1,45.78,46.04,9.0322,2173600
2004-09-20,45.68,46.03,45.65,45.81,8.9871,471200
2004-09-21,45.87,46.14,45.78,46.04,9.0322,523200
2004-09-22,45.88,45.94,45.28,45.35,8.8968,2188000
2004-09-23,45.27,45.42,45.15,45.23,8.8733,481600
2004-09-24,45.27,45.35,45.05,45.05,8.8577,1395600
2004-09-27,45.05,45.05,44.7,44.72,8.7929,1065600
2004-09-28,44.7,45.06,44.57,44.94,8.8361,625600
2004-09-29,44.78,45.36,44.78,45.36,8.9187,1760400
2004-09-30,45.35,45.39,45.05,45.2,8.8872,1155600
2004-10-01,45.62,45.99,45.4,45.98,9.0406,5383200
2004-10-04,46.21,46.46,46.17,46.24,9.0917,840000
2004-10-05,46.11,46.29,45.98,46.15,9.074,1160000
2004-10-06,46.09,46.38,45.95,46.38,9.1193,2905200
2004-10-07,46.21,46.21,45.7,45.7,8.9856,968000
2004-10-08,45.56,45.84,45.15,45.18,8.8833,1523600
2004-10-11,45.45,45.45,45.26,45.35,8.9167,2521600
2004-10-12,45.1,45.35,44.97,45.21,8.8892,678400
2004-10-13,45.5,45.59,44.88,44.98,8.844,985600
2004-10-14,45.04,45.1,44.55,44.68,8.785,842000
2004-10-15,44.58,44.96,44.46,44.69,8.787,857600
2004-10-18,44.55,45.18,44.53,45.05,8.8577,747200
2004-10-19,45.44,45.44,44.78,44.82,8.8125,2946000
2004-10-20,44.78,44.94,44.48,44.86,8.8204,433600
2004-10-21,44.98,45.19,44.71,45.02,8.8519,579600
2004-10-22,45.22,45.22,44.45,44.45,8.7398,564000
2004-10-25,44.36,44.53,44.17,44.36,8.7221,1200800
2004-10-26,44.45,44.97,44.35,44.91,8.8302,5054400
2004-10-27,44.9,45.9,44.85,45.84,9.0131,6544000
2004-10-28,45.79,46.07,45.62,45.87,9.019,3522800
2004-10-29,46.0,46.08,45.68,45.82,9.0091,1865600
2004-11-01,45.91,46.05,45.76,45.84,9.0131,2749600
2004-11-02,46.1,46.4,45.81,46.04,9.0524,2386800
2004-11-03,46.82,46.89,46.27,46.42,9.1271,1775600
2004-11-04,46.54,47.06,46.25,47.06,9.253,1412000
2004-11-05,47.37,47.57,47.1,47.38,9.3159,1904800
2004-11-08,47.37,47.38,47.14,47.35,9.31,1046000
2004-11-09,47.44,47.47,47.13,47.32,9.3041,1193600
2004-11-10,47.4,47.43,47.1,47.21,9.2825,773600
2004-11-11,47.42,47.65,47.17,47.55,9.3493,893200
2004-11-12,47.79,47.99,47.51,47.97,9.4319,1148400
2004-11-15,48.1,48.24,47.82,48.24,9.485,5712400
2004-11-16,48.07,48.07,47.76,47.87,9.4122,2738400
2004-11-17,48.2,48.36,47.93,48.07,9.4515,2760000
2004-11-18,48.17,48.2,47.89,48.17,9.4712,9730000
2004-11-19,47.99,48.1,47.43,47.49,9.3375,4998800
2004-11-22,47.49,47.74,47.25,47.64,9.367,3741600
2004-11-23,47.63,47.82,47.4,47.7,9.3788,9720400
2004-11-24,47.97,47.97,47.68,47.9,9.4181,4917600
2004-11-26,47.97,48.07,47.9,47.93,9.424,343600
2004-11-29,48.07,48.11,47.55,47.7,9.3788,4166400
2004-11-30,47.8,47.8,47.49,47.63,9.365,2918800
2004-12-01,47.75,48.37,47.7,48.31,9.4987,3040400
2004-12-02,48.31,48.8,48.18,48.64,9.5636,2219200
2004-12-03,49.0,49.0,48.55,48.59,9.5538,2583200
2004-12-06,48.6,48.67,48.29,48.57,9.5499,1981200
2004-12-07,48.7,48.72,48.01,48.05,9.4476,9073600
2004-12-08,48.17,48.36,47.95,48.3,9.4968,2940800
2004-12-09,48.21,48.63,47.85,48.42,9.5204,2024000
2004-12-10,48.46,48.6,48.31,48.47,9.5302,1816000
2004-12-13,48.72,48.82,48.4,48.72,9.5793,3069600
2004-12-14,48.85,49.1,48.74,48.95,9.6246,1692400
2004-12-15,49.14,49.15,48.81,49.06,9.6462,1732800
2004-12-16,49.05,49.25,48.86,49.07,9.6482,2812800
2004-12-17,48.95,48.95,48.51,48.7,9.5754,4164000
2004-12-20,48.99,48.99,48.35,48.47,9.5302,1682800
2004-12-21,48.7,48.89,48.54,48.83,9.601,2622000
2004-12-22,48.98,49.2,48.83,49.14,9.6619,8651600
2004-12-23,49.02,49.06,48.8,48.9,9.6649,3554800
2004-12-27,49.15,49.15,48.69,48.74,9.6333,8774000
2004-12-28,48.66,49.17,48.66,49.17,9.7183,1556800
2004-12-29,49.16,49.24,49.01,49.18,9.7203,1259200
2004-12-30,49.24,49.32,49.07,49.07,9.6985,3737600
2004-12-31,49.35,49.35,49.04,49.15,9.7144,6114800
2005-01-03,49.15,49.45,48.62,48.69,9.6234,4834800
2005-01-04,48.99,48.99,47.85,48.01,9.489,11624800
2005-01-05,48.01,48.27,47.69,47.69,9.4258,2790000
2005-01-06,47.72,48.14,47.72,48.01,9.489,2630000
2005-01-07,48.17,48.25,47.75,48.0,9.4871,1118000
2005-01-10,48.05,48.43,47.96,48.3,9.5464,1424400
2005-01-11,48.22,48.22,47.75,47.97,9.4811,3578400
2005-01-12,48.0,48.18,47.66,48.18,9.5226,2205600
2005-01-13,48.23,48.23,47.55,47.66,9.4199,1523200
2005-01-14,47.9,47.99,47.67,47.93,9.4732,5098800
2005-01-18,47.98,48.34,47.71,48.23,9.5325,6005600
2005-01-19,48.29,48.29,47.71,47.71,9.4297,1616400
2005-01-20,47.55,47.71,47.32,47.43,9.3744,1278000
2005-01-21,47.5,47.53,46.93,46.93,9.2756,1540800
2005-01-24,47.16,47.28,46.63,46.68,9.2262,3124400
2005-01-25,46.96,47.22,46.87,46.99,9.2874,2679600
2005-01-26,47.3,47.31,47.07,47.18,9.325,1460400
2005-01-27,47.22,47.35,47.07,47.26,9.3408,1728000
2005-01-28,47.15,47.4,46.87,47.11,9.3112,1664800
2005-01-31,47.6,47.6,47.27,47.48,9.3843,4710000
2005-02-01,47.68,47.79,47.42,47.68,9.4238,1965200
2005-02-02,47.62,47.97,47.62,47.87,9.4614,1301200
2005-02-03,47.88,47.88,47.47,47.7,9.4278,1710000
2005-02-04,47.57,48.18,47.57,48.17,9.5207,3159600
2005-02-07,48.3,48.31,48.084,48.1,9.5068,1138800
2005-02-08,48.2,48.37,48.05,48.24,9.5345,1777600
2005-02-09,48.28,48.28,47.62,47.62,9.412,866000
2005-02-10,47.92,47.92,47.54,47.82,9.4515,1816000
2005-02-11,47.83,48.38,47.63,48.17,9.5207,1746800
2005-02-14,48.3,48.38,48.13,48.25,9.5365,1835600
2005-02-15,48.3,48.55,48.11,48.46,9.578,14574800
2005-02-16,48.29,48.43,48.13,48.34,9.5543,3555200
2005-02-17,48.2,48.43,47.98,48.01,9.489,1352000
2005-02-18,47.99,48.09,47.81,48.08,9.5029,1720800
2005-02-22,47.74,48.1,47.31,47.31,9.3507,9875200
2005-02-23,47.75,47.75,47.34,47.5,9.3882,1686800
2005-02-24,47.55,47.93,47.33,47.92,9.4712,4888800
2005-02-25,47.95,48.32,47.85,48.24,9.5345,9128000
2005-02-28,48.28,48.28,47.77,48.05,9.4969,2245600
2005-03-01,48.0,48.37,48.0,48.37,9.5602,4312000
2005-03-02,48.19,48.55,48.02,48.34,9.5543,1659600
2005-03-03,48.54,48.54,48.02,48.27,9.5404,1930800
2005-03-04,48.64,48.7,48.36,48.63,9.6116,2813200
2005-03-07,48.59,49.02,48.59,48.82,9.6491,8734800
2005-03-08,48.82,48.92,48.46,48.53,9.5918,1756000
2005-03-09,48.58,48.58,48.17,48.25,9.5365,5086000
2005-03-10,48.4,48.4,47.95,48.22,9.5305,1605600
2005-03-11,48.46,48.46,47.74,47.88,9.4633,1854000
2005-03-14,48.07,48.08,47.76,48.08,9.5029,4257600
2005-03-15,48.3,48.3,47.73,47.75,9.4376,1132800
2005-03-16,47.75,47.75,47.22,47.37,9.3625,1878000
2005-03-17,47.26,47.45,47.2,47.36,9.3606,1301600
2005-03-18,47.51,47.51,46.96,47.17,9.323,960800
2005-03-21,47.1,47.24,46.836,47.06,9.3013,905600
2005-03-22,47.16,47.32,46.7,46.73,9.236,2340400
2005-03-23,46.7,47.05,46.66,46.8,9.2499,2991200
2005-03-24,46.98,47.11,46.73,46.83,9.2832,3251200
2005-03-28,47.02,47.07,46.82,46.87,9.2912,12704400
2005-03-29,46.87,47.07,46.42,46.44,9.2059,3058800
2005-03-30,46.59,47.17,46.59,47.17,9.3506,1943600
2005-03-31,47.0,47.24,46.87,46.87,9.2912,6939600
2005-04-01,47.3,47.3,46.43,46.52,9.2218,1891200
2005-04-04,46.35,46.79,46.3,46.64,9.2456,2470800
2005-04-05,46.76,47.11,46.76,47.06,9.3288,1545600
2005-04-06,47.03,47.34,46.97,47.05,9.3268,1608800
2005-04-07,47.06,47.44,46.96,47.41,9.3982,731200
2005-04-08,47.54,47.54,47.0,47.01,9.3189,1814400
2005-04-11,47.16,47.22,46.91,47.0,9.3169,988400
2005-04-12,47.0,47.32,46.5,47.25,9.3665,1778000
2005-04-13,47.0,47.2,46.64,46.77,9.2713,882800
2005-04-14,46.65,46.88,46.03,46.03,9.1246,2777200
2005-04-15,46.1,46.28,45.65,45.66,9.0513,5958400
2005-04-18,45.85,45.85,45.47,45.71,9.0612,2159600
2005-04-19,45.98,46.05,45.7,45.97,9.1127,2744000
2005-04-20,45.98,46.15,45.32,45.33,8.9859,4909600
2005-04-21,45.78,46.33,45.71,46.33,9.1841,3921600
2005-04-22,46.32,46.32,45.5,45.9,9.0989,1604800
2005-04-25,46.22,46.31,45.97,46.3,9.1782,4130800
2005-04-26,46.22,46.41,45.87,45.91,9.1008,2496400
2005-04-27,45.88,46.19,45.52,46.03,9.1246,4762000
2005-04-28,45.85,46.07,45.55,45.6,9.0394,1986800
2005-04-29,45.74,46.05,45.35,46.01,9.1207,4772800
2005-05-02,46.03,46.35,46.01,46.28,9.1742,1598000
2005-05-03,46.34,46.55,46.14,46.39,9.196,4045200
2005-05-04,46.65,46.92,46.39,46.79,9.2753,1726400
2005-05-05,46.9,47.05,46.64,46.76,9.2693,2098400
2005-05-06,47.15,47.16,46.73,46.73,9.2634,989600
2005-05-09,46.98,47.12,46.74,46.98,9.313,2524800
2005-05-10,46.97,46.97,46.57,46.68,9.2535,2602800
2005-05-11,46.8,47.01,46.4,46.8915,9.2954,918000
2005-05-12,47.03,47.11,46.61,46.73,9.2634,1575600
2005-05-13,46.96,46.98,46.32,46.8,9.2773,1405200
2005-05-16,46.8,47.24,46.7,47.24,9.3645,2207200
2005-05-17,47.17,47.79,46.91,47.5,9.416,4235200
2005-05-18,47.84,48.07,47.6,47.93,9.5013,1593200
2005-05-19,47.95,48.24,47.95,48.24,9.5627,2713200
2005-05-20,48.15,48.22,47.95,48.11,9.537,1587200
2005-05-23,48.13,48.5,48.11,48.41,9.5964,3552400
2005-05-24,48.15,48.46,48.14,48.3,9.5746,1311600
2005-05-25,48.39,48.39,47.95,48.12,9.5389,1680800
2005-05-26,48.42,48.6001,48.27,48.52,9.6182,9840000
2005-05-27,48.58,48.58,48.39,48.56,9.6262,783200
2005-05-31,48.67,48.67,48.24,48.31,9.5766,1527200
2005-06-01,48.33,48.84,47.38,48.66,9.646,6929600
2005-06-02,48.64,48.89,48.53,48.89,9.6916,10360400
2005-06-03,48.89,48.89,48.38,48.44,9.6024,3408400
2005-06-06,48.35,48.57,48.3,48.53,9.6202,3242000
2005-06-07,48.73,49.02,48.46,48.54,9.6222,3624800
2005-06-08,48.7,48.75,48.23,48.37,9.5885,2443200
2005-06-09,48.2,48.65,48.18,48.58,9.6301,1170000
2005-06-10,48.67,48.7,48.13,48.31,9.5766,1440000
2005-06-13,48.4,48.69,48.23,48.56,9.6262,2408800
2005-06-14,48.56,48.7,48.45,48.64,9.642,4418800
2005-06-15,48.84,48.84,48.27,48.69,9.6519,2024000
2005-06-16,48.8,48.9,48.61,48.79,9.6718,4264000
2005-06-17,49.02,49.2,48.86,48.9,9.6936,2499600
2005-06-20,48.75,48.99,48.59,48.89,9.7079,1581200
2005-06-21,48.7,48.91,48.63,48.84,9.6979,2045600
2005-06-22,49.09,49.14,48.7,48.95,9.7198,1374800
2005-06-23,48.86,48.94,48.3,48.35,9.6006,1952800
2005-06-24,48.15,48.98,47.82,47.82,9.4954,5112400
2005-06-27,47.9,47.96,47.67,47.87,9.5053,2940800
2005-06-28,48.0,48.43,47.96,48.43,9.6165,2729200
2005-06-29,48.58,48.6,48.25,48.32,9.5947,8356800
2005-06-30,48.36,48.5,47.95,48.0,9.5311,9364000
2005-07-01,48.25,48.3,48.0,48.18,9.5669,5844400
2005-07-05,48.09,48.57,48.01,48.5,9.6304,1378000
2005-07-06,48.5,48.57,48.13,48.25,9.5808,1605200
2005-07-07,47.76,48.39,47.75,48.35,9.6006,2060000
2005-07-08,48.4,49.1,48.37,49.01,9.7317,3624400
2005-07-11,49.15,49.47,49.08,49.32,9.7932,2025200
2005-07-12,49.42,49.66,49.25,49.55,9.8389,2516800
2005-07-13,49.6,49.6,49.37,49.55,9.8389,6659600
2005-07-14,49.84,49.98,49.63,49.65,9.8588,2101200
2005-07-15,49.8,49.91,49.6,49.85,9.8985,2068800
2005-07-18,49.77,49.8,49.62,49.7,9.8687,2274800
2005-07-19,49.95,50.11,49.78,50.1,9.9481,3212000
2005-07-20,49.81,50.42,49.79,50.27,9.9819,2556000
2005-07-21,50.36,50.39,49.93,50.1,9.9481,3159600
2005-07-22,50.15,50.23,49.91,50.16,9.96,1536000
2005-07-25,50.25,50.32,49.85,49.98,9.9243,2684400
2005-07-26,50.11,50.2,49.96,50.13,9.9541,5565200
2005-07-27,50.29,50.39,50.01,50.39,10.0057,5148400
2005-07-28,50.5,50.75,50.35,50.67,10.0613,1669600
2005-07-29,50.7,50.71,50.35,50.44,10.0156,1813600
2005-08-01,50.39,50.56,50.3,50.44,10.0156,1793600
2005-08-02,50.59,50.8,50.5212,50.75,10.0772,2661200
2005-08-03,50.59,50.9,50.59,50.8,10.0871,1213200
2005-08-04,50.71,50.71,50.32,50.41,10.0097,2863600
2005-08-05,50.2,50.36,49.97,50.08,9.9442,1150400
2005-08-08,50.26,50.26,49.74,49.82,9.8925,2125600
2005-08-09,50.1,50.23,49.94,50.23,9.9739,1752400
2005-08-10,50.4,50.57,49.86,50.0,9.9283,1300800
2005-08-11,50.14,50.33,49.94,50.32,9.9918,1878800
2005-08-12,50.06,50.2,49.75,50.02,9.9322,4786000
2005-08-15,49.81,50.3,49.81,50.18,9.964,3013200
2005-08-16,50.2,50.2,49.52,49.61,9.8508,1780800
2005-08-17,49.65,49.85,49.48,49.58,9.8449,1474400
2005-08-18,49.62,49.79,49.46,49.67,9.8627,2715600
2005-08-19,49.89,49.89,49.6,49.6,9.8488,1630800
2005-08-22,49.84,49.99,49.45,49.7,9.8687,816400
2005-08-23,49.75,49.79,49.38,49.53,9.8349,1390800
2005-08-24,49.54,49.84,49.17,49.25,9.7793,17212800
2005-08-25,49.33,49.4,49.2,49.4,9.8091,1668800
2005-08-26,49.35,49.35,48.98,49.0,9.7297,3384000
2005-08-29,49.02,49.49,48.75,49.36,9.8012,3051600
2005-08-30,49.33,49.33,48.91,49.25,9.7793,9368800
2005-08-31,49.26,49.75,49.03,49.7,9.8687,2388800
2005-09-01,49.77,49.85,49.45,49.47,9.823,2018800
2005-09-02,49.79,50.57,49.39,49.54,9.8369,1508000
2005-09-06,49.73,50.21,49.6,50.1,9.9481,2119600
2005-09-07,50.19,50.37,50.04,50.33,9.9938,1300400
2005-09-08,50.08,50.34,50.05,50.19,9.966,933600
2005-09-09,50.31,50.51,50.15,50.44,10.0156,1783600
2005-09-12,50.42,50.55,50.35,50.49,10.0256,3667600
2005-09-13,50.44,50.83,50.08,50.22,9.972,2844000
2005-09-14,50.25,50.3,49.75,49.89,9.9064,1715200
2005-09-15,49.94,50.1,49.69,49.81,9.8905,1636000
2005-09-16,49.9,50.1,49.77,50.04,9.9362,1241600
2005-09-19,50.02,50.05,49.54,49.74,9.8766,1161600
2005-09-20,49.83,49.96,49.26,49.3,9.7893,1150000
2005-09-21,49.3,49.31,48.79,48.81,9.692,2257200
2005-09-22,48.93,49.18,48.67,49.14,9.7575,3044400
2005-09-23,49.1,49.28,48.8,49.08,9.7653,4368000
2005-09-26,49.3,49.48,48.9,49.16,9.7812,2027600
2005-09-27,49.16,49.34,48.94,49.15,9.7792,1966400
2005-09-28,49.12,49.36,48.97,49.16,9.7812,1951200
2005-09-29,49.17,49.62,48.93,49.58,9.8648,3614400
2005-09-30,49.63,49.83,49.49,49.83,9.9145,4690800
2005-10-03,49.66,49.99,49.66,49.8,9.9085,1657200
2005-10-04,49.99,50.02,49.4,49.4,9.829,1470400
2005-10-05,49.54,49.54,48.71,48.75,9.6996,3958800
2005-10-06,48.85,48.95,48.14,48.55,9.6598,2467200
2005-10-07,48.7,48.79,48.44,48.62,9.6738,4597200
2005-10-10,48.78,48.79,48.33,48.33,9.6161,2832400
2005-10-11,48.46,48.62,48.09,48.21,9.5922,2135200
2005-10-12,48.21,48.35,47.69,47.82,9.5146,2941600
2005-10-13,47.8,48.11,47.63,47.93,9.5365,2228800
2005-10-14,48.23,48.47,48.01,48.32,9.6141,1703200
2005-10-17,48.52,48.55,48.23,48.54,9.6578,1536000
2005-10-18,48.56,48.64,48.16,48.2,9.5902,2286400
2005-10-19,48.25,48.97,47.87,48.97,9.7434,1732800
2005-10-20,48.75,49.1,48.27,48.32,9.6141,1326000
2005-10-21,48.69,48.79,48.3375,48.61,9.6718,1385600
2005-10-24,48.42,49.23,48.42,49.22,9.7931,4932000
2005-10-25,49.19,49.21,48.63,49.0,9.7494,3643200
2005-10-26,49.0,49.21,48.71,48.81,9.7116,4578800
2005-10-27,48.77,48.82,48.1,48.21,9.5922,1552800
2005-10-28,48.37,48.83,48.21,48.75,9.6996,1768000
2005-10-31,49.16,49.52,48.95,49.14,9.7772,6395200
2005-11-01,49.34,49.34,49.02,49.16,9.7812,2718000
2005-11-02,48.89,49.7,48.89,49.58,9.8648,2027600
2005-11-03,50.66,50.66,49.8,49.98,9.9444,4765200
2005-11-04,50.12,50.16,49.81,50.08,9.9643,4448400
2005-11-07,50.21,50.3,49.941,50.15,9.9782,2742400
2005-11-08,50.07,50.12,49.91,50.04,9.9563,2728400
2005-11-09,49.88,50.27,49.865,50.02,9.9523,2168000
2005-11-10,50.13,50.64,49.85,50.6,10.0677,3517200
2005-11-11,50.63,50.75,50.54,50.71,10.0896,2112800
2005-11-14,50.71,50.8099,50.52,50.61,10.0697,1340800
2005-11-15,50.65,50.84,50.4245,50.59,10.0657,1571200
2005-11-16,50.52,50.72,50.42,50.7,10.0876,3747200
2005-11-17,50.84,51.21,50.78,51.11,10.1692,2294400
2005-11-18,51.4,51.46,51.13,51.33,10.213,6368000
2005-11-21,51.4,51.71,51.25,51.59,10.2647,8074000
2005-11-22,51.6,51.95,51.49,51.88,10.3224,4030000
2005-11-23,51.85,52.22,51.8,52.06,10.3582,4195600
2005-11-25,52.15,52.17,51.98,52.16,10.3781,2399200
2005-11-28,52.23,52.23,51.62,51.74,10.2945,2957200
2005-11-29,51.86,52.05,51.6,51.69,10.2846,8580800
2005-11-30,51.7,51.83,51.43,51.43,10.2329,14587200
2005-12-01,51.85,52.14,51.6901,52.09,10.3642,13285600
2005-12-02,52.09,52.25,51.93,52.16,10.3781,5303600
2005-12-05,52.08,52.14,51.77,51.98,10.3423,2396000
2005-12-06,52.07,52.38,51.98,52.06,10.3582,12856000
2005-12-07,52.06,52.11,51.63,51.85,10.3164,4224000
2005-12-08,51.74,52.09,51.5,51.75,10.2965,3058000
2005-12-09,51.9,52.05,51.64,51.97,10.3403,2254800
2005-12-12,52.17,52.17,51.83,52.03,10.3522,5542000
2005-12-13,51.89,52.37,51.88,52.18,10.3821,15889600
2005-12-14,51.52,52.5,51.52,52.37,10.4199,7540000
2005-12-15,52.41,52.47,52.1,52.25,10.396,9289200
2005-12-16,52.37,52.5,52.12,52.21,10.3881,4671600
2005-12-19,51.6,52.27,51.25,51.63,10.2727,9061200
2005-12-20,51.6,51.88,51.52,51.68,10.2826,10700000
2005-12-21,51.95,52.05,51.7,51.77,10.3005,5776800
2005-12-22,51.9,52.03,51.69,51.99,10.3713,3178000
2005-12-23,52.98,52.98,51.91,52.1,10.3932,2564800
2005-12-27,52.25,52.25,51.47,51.49,10.2715,5295600
2005-12-28,51.72,51.77,51.48,51.66,10.3055,4490000
2005-12-29,51.6,51.79,51.33,51.44,10.2616,3612400
2005-12-30,51.25,51.29,51.01,51.01,10.1758,4154000
2006-01-03,51.34,52.0,50.85,51.9,10.3533,11800400
2006-01-04,51.87,52.21,51.87,52.19,10.4112,4106000
2006-01-05,52.08,52.29,51.98,52.16,10.4052,1880400
2006-01-06,52.54,52.7,52.2206,52.69,10.5109,6202400
2006-01-09,52.73,52.96,52.61,52.94,10.5608,7059200
2006-01-10,52.7,52.94,52.63,52.94,10.5608,5188800
2006-01-11,53.0,53.13,52.8,53.05,10.5827,2585600
2006-01-12,52.9,53.0,52.63,52.78,10.5289,3908000
2006-01-13,52.8,52.8,52.5001,52.7,10.5129,8385600
2006-01-17,52.47,52.58,52.27,52.48,10.469,5797200
2006-01-18,52.17,52.38,51.96,52.26,10.4251,3628800
2006-01-19,52.89,52.89,52.22,52.45,10.463,4882400
2006-01-20,52.48,52.48,51.33,51.4,10.2536,4152800
2006-01-23,51.52,51.59,51.27,51.42,10.2576,3330000
2006-01-24,52.16,52.16,51.45,51.63,10.2995,3374400
2006-01-25,51.66,51.86,51.25,51.44,10.2616,4517200
2006-01-26,51.68,51.82,51.49,51.69,10.3114,2578400
2006-01-27,51.9,52.26,51.81,52.14,10.4012,5726800
2006-01-30,52.24,52.28,52.07,52.22,10.4172,2337600
2006-01-31,51.73,52.22,51.7,51.7,10.3134,3685200
2006-02-01,51.99,52.25,51.8,52.24,10.4212,4411600
2006-02-02,52.13,52.17,51.6,51.67,10.3074,3555600
2006-02-03,51.51,51.64,51.28,51.35,10.2436,6031600
2006-02-06,51.5,51.5,51.13,51.36,10.2456,2036000
2006-02-07,51.31,51.4099,50.82,50.88,10.1499,5887600
2006-02-08,51.2,51.45,50.99,51.37,10.2476,3601600
2006-02-09,51.56,51.79,51.28,51.36,10.2456,9266800
2006-02-10,51.24,51.55,50.99,51.5,10.2735,2621200
2006-02-13,51.42,51.42,51.05,51.27,10.2277,1054000
2006-02-14,51.15,51.85,51.14,51.81,10.3354,3330400
2006-02-15,51.64,52.04,51.61,51.94,10.3613,3446800
2006-02-16,52.08,52.4,51.97,52.29,10.4311,4268400
2006-02-17,52.24,52.35,52.08,52.21,10.4152,2588000
2006-02-21,52.2,52.32,51.8,51.89,10.3513,3159600
2006-02-22,51.94,52.39,51.92,52.31,10.4351,2268800
2006-02-23,52.12,52.42,51.98,52.06,10.3852,4708000
2006-02-24,52.21,52.26,51.95,52.25,10.4232,1959200
2006-02-27,52.37,52.64,52.3,52.44,10.4611,5485200
2006-02-28,52.39,52.4,51.83,51.83,10.3394,4908400
2006-03-01,52.11,52.49,51.98,52.37,10.4471,3172400
2006-03-02,52.87,52.87,52.1,52.3,10.4331,3699600
2006-03-03,52.15,52.71,52.13,52.2,10.4132,2116400
2006-03-06,52.33,52.33,51.78,51.87,10.3473,1975200
2006-03-07,51.88,51.91,51.55,51.68,10.3094,5421600
2006-03-08,51.68,51.99,51.44,51.83,10.3394,1595600
2006-03-09,51.92,52.08,51.57,51.57,10.2875,9887600
2006-03-10,51.6,52.05,51.45,52.01,10.3753,2792000
2006-03-13,52.12,52.2,51.88,51.93,10.3593,4131200
2006-03-14,52.04,52.55,51.84,52.43,10.4591,3482000
2006-03-15,52.57,52.84,52.39,52.75,10.5229,7423600
2006-03-16,52.93,53.01,52.7,52.81,10.5349,4072800
2006-03-17,52.77,52.99,52.72,52.91,10.5548,4028400
2006-03-20,52.99,53.1,52.84,52.95,10.5628,3912400
2006-03-21,52.97,53.2,52.52,52.58,10.489,4526800
2006-03-22,52.55,52.91,52.48,52.89,10.5508,1772000
2006-03-23,52.87,52.87,52.52,52.77,10.5269,3150000
2006-03-24,52.65,52.82,52.44,52.63,10.5221,2145200
2006-03-27,52.6,52.7,52.46,52.58,10.5121,5127200
2006-03-28,52.58,52.76,52.15,52.31,10.4581,15011600
2006-03-29,52.3,52.88,52.3,52.76,10.5481,2047200
2006-03-30,52.63,53.09,52.56,52.72,10.5401,6989200
2006-03-31,52.9,52.94,52.51,52.74,10.5441,3557200
2006-04-03,52.92,53.0156,52.5,52.6,10.5161,1537200
2006-04-04,52.51,52.87,52.41,52.74,10.5441,1569600
2006-04-05,52.81,53.05,52.72,52.95,10.5861,3961600
2006-04-06,52.9,53.11,52.68,52.92,10.5801,1794000
2006-04-07,53.14,53.24,52.43,52.51,10.4981,1408000
2006-04-10,52.6,52.6,52.29,52.39,10.4741,1449200
2006-04-11,52.6,52.62,51.85,52.0,10.3961,3656000
2006-04-12,52.17,52.23,52.03,52.17,10.4301,3380400
2006-04-13,52.04,52.33,51.94,52.06,10.4081,4180400
2006-04-17,52.14,52.27,51.67,51.98,10.3921,3353600
2006-04-18,52.13,52.72,52.02,52.66,10.5281,3426400
2006-04-19,52.8,52.89,52.5,52.86,10.5681,3348000
2006-04-20,52.93,53.19,52.73,52.98,10.5921,5460000
2006-04-21,53.2,53.24,52.57,52.86,10.5681,4994400
2006-04-24,52.64,52.82,52.23,52.72,10.5401,3098000
2006-04-25,52.76,52.78,52.33,52.48,10.4921,3013200
2006-04-26,52.64,52.82,52.45,52.58,10.5121,2227600
2006-04-27,52.34,52.97,52.18,52.73,10.5421,3470800
2006-04-28,52.53,52.77,52.41,52.6,10.5161,2856800
2006-05-01,52.69,52.74,52.19,52.24,10.4441,4719200
2006-05-02,51.7,52.55,51.7,52.35,10.4661,3612400
2006-05-03,52.35,52.44,52.05,52.25,10.4461,2433600
2006-05-04,52.4,52.56,52.36,52.5,10.4961,3834800
2006-05-05,52.67,53.05,52.67,52.85,10.5661,10784400
2006-05-08,52.9,53.12,52.9,53.0,10.5961,7093200
2006-05-09,53.08,53.08,52.89,53.0,10.5961,1946800
2006-05-10,52.97,52.98,52.65,52.81,10.5581,2260000
2006-05-11,52.83,52.83,51.98,52.16,10.4281,2401600
2006-05-12,51.91,52.07,51.54,51.55,10.3062,2874800
2006-05-15,51.44,51.8,51.28,51.75,10.3462,4578800
2006-05-16,51.85,51.87,51.52,51.53,10.3022,1495600
2006-05-17,51.28,51.52,50.69,50.75,10.1462,2631600
2006-05-18,50.97,51.08,50.44,50.44,10.0842,4494400
2006-05-19,50.8,50.82,50.2,50.64,10.1242,4462000
2006-05-22,50.41,50.64,50.03,50.29,10.0543,5756400
2006-05-23,50.7,50.85,49.9,49.9,9.9763,4379200
2006-05-24,50.1,50.47,49.64,50.33,10.0623,4396800
2006-05-25,50.6,50.85,50.4,50.85,10.1662,1893200
2006-05-26,51.13,51.1699,50.85,51.13,10.2222,2159200
2006-05-30,50.83,50.9,50.24,50.24,10.0443,2020800
2006-05-31,50.35,50.75,50.35,50.66,10.1282,4717200
2006-06-01,50.75,51.37,50.66,51.29,10.2542,6518000
2006-06-02,51.48,51.6,51.08,51.32,10.2602,1731200
2006-06-05,51.12,51.22,50.35,50.43,10.0822,2783600
2006-06-06,50.66,50.67,49.93,50.2701,10.0503,2921200
2006-06-07,50.3,50.69,49.95,49.95,9.9863,2674400
2006-06-08,49.76,50.17,49.11,49.81,9.9583,10206000
2006-06-09,49.99,50.33,49.76,49.81,9.9583,6101200
2006-06-12,49.98,50.0,49.04,49.04,9.8044,2502400
2006-06-13,48.9,49.47,48.7,48.72,9.7404,6292400
2006-06-14,48.72,49.2,48.71,49.14,9.8243,5262800
2006-06-15,49.4,50.32,49.35,50.1401,10.0243,8263200
2006-06-16,50.05,50.23,49.82,49.98,9.9923,5454400
2006-06-19,50.2,50.21,49.44,49.56,9.9083,2885600
2006-06-20,49.54,49.9,49.47,49.58,9.9123,2152800
2006-06-21,49.6,50.35,49.6,50.14,10.0243,4214400
2006-06-22,49.88,49.96,49.47,49.62,9.9468,1896400
2006-06-23,49.46,50.0,49.46,49.68,9.9588,2010800
2006-06-26,49.66,49.78,49.5001,49.7,9.9628,3242000
2006-06-27,49.78,49.81,49.12,49.13,9.8485,9741200
2006-06-28,49.28,49.43,49.01,49.37,9.8967,5130800
2006-06-29,49.69,50.5,49.59,50.45,10.1132,2500000
2006-06-30,50.56,50.65,50.31,50.58,10.1392,4648400
2006-07-03,50.6,50.71,50.41,50.71,10.1653,722800
2006-07-05,50.32,50.44,49.95,50.21,10.065,2096000
2006-07-06,50.22,50.49,50.1,50.22,10.067,2606800
2006-07-07,50.09,50.2,49.64,49.73,9.9688,2528000
2006-07-10,50.05,50.07,49.53,49.68,9.9588,2302400
2006-07-11,49.69,49.98,49.3438,49.89,10.0009,2190000
2006-07-12,49.78,49.94,49.19,49.26,9.8746,2420800
2006-07-13,48.97,49.18,48.44,48.46,9.7142,2507600
2006-07-14,48.53,48.56,47.88,48.09,9.6401,2511200
2006-07-17,48.06,48.48,47.89,48.23,9.6681,1614800
2006-07-18,48.4,48.44,47.65,48.25,9.6721,2080400
2006-07-19,48.35,49.29,48.34,49.0,9.8225,5958000
2006-07-20,49.39,49.39,48.39,48.51,9.7243,1380000
2006-07-21,48.61,48.61,47.92,47.92,9.606,4594400
2006-07-24,48.25,48.97,48.25,48.86,9.7944,2770000
2006-07-25,48.92,49.38,48.67,49.07,9.8365,2312400
2006-07-26,49.04,49.28,48.76,49.07,9.8365,1959200
2006-07-27,49.31,49.34,48.71,48.89,9.8004,3502000
2006-07-28,49.1,49.51,48.93,49.44,9.9107,2450800
2006-07-31,49.34,49.53,49.21,49.42,9.9067,3004000
2006-08-01,49.19,49.19,48.77,49.01,9.8245,4863600
2006-08-02,49.24,49.59,49.05,49.35,9.8926,1974800
2006-08-03,49.2,49.7,49.01,49.57,9.9368,2888000
2006-08-04,49.95,50.11,49.17,49.48,9.9187,2918400
2006-08-07,49.35,49.4,49.13,49.28,9.8786,2480800
2006-08-08,49.45,49.5,48.9,49.02,9.8265,1381200
2006-08-09,49.42,49.6,48.81,48.85,9.7924,1382800
2006-08-10,48.82,49.2,48.694,49.17,9.8566,1681200
2006-08-11,49.12,49.12,48.7,48.93,9.8085,1532800
2006-08-14,49.21,49.51,48.98,49.06,9.8345,2991200
2006-08-15,49.54,49.85,49.41,49.78,9.9788,1891600
2006-08-16,49.95,50.53,49.94,50.51,10.1252,2308400
2006-08-17,50.33,50.81,50.3,50.58,10.1392,3924400
2006-08-18,50.7,50.77,50.37,50.71,10.1653,3010400
2006-08-21,50.54,50.55,50.31,50.53,10.1292,4844000
2006-08-22,50.42,50.64,50.28,50.44,10.1111,5957600
2006-08-23,50.49,50.61,50.0,50.28,10.0791,4029600
2006-08-24,50.33,50.37,49.94,50.21,10.065,5419200
2006-08-25,50.07,50.39,50.01,50.15,10.053,1415200
2006-08-28,50.23,50.65,50.16,50.47,10.1172,2327200
2006-08-29,50.5,50.79,50.31,50.65,10.1532,2087600
2006-08-30,50.76,50.94,50.69,50.87,10.1973,5960800
2006-08-31,50.93,51.02,50.8,50.83,10.1893,4802800
2006-09-01,51.12,51.27,50.93,51.23,10.2695,2640800
2006-09-05,51.24,51.35,51.02,51.33,10.2896,4976000
2006-09-06,50.95,51.08,50.65,50.77,10.1773,3789600
2006-09-07,50.53,50.74,50.29,50.48,10.1192,2732000
2006-09-08,50.6,50.76,50.45,50.71,10.1653,1513600
2006-09-11,49.75,50.99,49.75,50.89,10.2014,4739600
2006-09-12,51.01,51.63,50.87,51.58,10.3397,6282800
2006-09-13,51.43,51.82,51.43,51.77,10.3778,2746400
2006-09-14,51.58,51.77,51.54,51.77,10.3778,1969200
2006-09-15,51.96,52.12,51.7903,51.99,10.4219,2852000
2006-09-18,51.88,52.12,51.75,51.91,10.4058,1808000
2006-09-19,51.96,51.96,51.42,51.81,10.3858,3364400
2006-09-20,52.0,52.25,51.95,52.13,10.4499,2550400
2006-09-21,52.11,52.25,51.58,51.77,10.3778,1842000
2006-09-22,51.69,51.69,51.3,51.47,10.3176,2846000
2006-09-25,51.57,52.04,51.24,51.86,10.3958,4112400
2006-09-26,51.81,52.28,51.65,52.24,10.4999,11763200
2006-09-27,52.24,52.42,52.1,52.29,10.5099,11088800
2006-09-28,52.28,52.43,52.05,52.26,10.5039,4764000
2006-09-29,52.29,52.4,52.05,52.12,10.4757,3270800
2006-10-02,52.23,52.25,51.85,51.96,10.4436,2420400
2006-10-03,51.97,52.19,51.68,52.06,10.4637,2034000
2006-10-04,51.9,52.82,51.83,52.82,10.6164,5625600
2006-10-05,52.8,53.1,52.65,53.07,10.6667,6206800
2006-10-06,52.9,52.99,52.72,52.99,10.6506,3493600
2006-10-09,52.79,53.13,52.75,53.04,10.6606,2277200
2006-10-10,53.07,53.19,52.86,53.1,10.6727,2736000
2006-10-11,52.97,53.15,52.69,52.92,10.6365,4020400
2006-10-12,53.21,53.54,53.1,53.45,10.7431,3004800
2006-10-13,53.39,53.65,53.38,53.63,10.7792,2191600
2006-10-16,53.62,53.85,53.53,53.68,10.7893,5226800
2006-10-17,53.55,53.66,53.1601,53.47,10.7471,3901600
2006-10-18,53.78,53.9,53.07,53.52,10.7571,2461600
2006-10-19,53.45,53.69,53.36,53.5,10.7531,3110000
2006-10-20,53.66,53.66,53.39,53.56,10.7652,1732000
2006-10-23,53.44,54.06,52.52,53.91,10.8355,1332800
2006-10-24,53.85,54.04,53.72,53.99,10.8516,2976800
2006-10-25,53.96,54.16,53.78,54.16,10.8858,3609600
2006-10-26,54.25,54.42,53.89,54.26,10.9059,3068000
2006-10-27,54.27,54.33,53.79,53.94,10.8415,1544800
2006-10-30,53.85,54.12,53.6801,53.99,10.8516,1752800
2006-10-31,54.13,54.2,53.8,54.01,10.8556,2950800
2006-11-01,54.12,54.22,53.42,53.53,10.7591,3219600
2006-11-02,53.33,53.59,53.24,53.47,10.7471,1818000
2006-11-03,53.7,53.73,52.97,53.29,10.7109,2406000
2006-11-06,53.55,54.07,53.46,53.99,10.8516,1794800
2006-11-07,54.08,54.43,53.99,54.22,10.8978,1894800
2006-11-08,54.02,54.39,53.86,54.36,10.926,2120400
2006-11-09,54.42,54.45,53.85,53.92,10.8375,2894800
2006-11-10,53.94,54.08,53.86,54.08,10.8697,1925200
2006-11-13,54.11,54.42,54.0,54.25,10.9038,5594400
2006-11-14,54.37,54.79,54.07,54.75,11.0043,6135200
2006-11-15,54.76,55.23,54.69,55.0,11.0546,4788400
2006-11-16,55.2,55.29,55.01,55.22,11.0988,6741600
2006-11-17,55.12,55.19,54.9,55.19,11.0928,3656400
2006-11-20,55.1,55.29,54.99,55.19,11.0928,9370400
2006-11-21,55.17,55.32,55.14,55.24,11.1028,5186800
2006-11-22,55.43,55.6,55.28,55.6,11.1752,3174800
2006-11-24,55.27,55.58,55.26,55.37,11.129,1507600
2006-11-27,55.31,55.31,54.4,54.41,10.936,6891600
2006-11-28,54.26,54.67,54.19,54.59,10.9722,4570800
2006-11-29,54.72,55.09,54.69,55.02,11.0586,3833600
2006-11-30,55.08,55.35,54.77,55.05,11.0646,3891200
2006-12-01,55.11,55.18,54.36,54.89,11.0325,7788400
2006-12-04,55.11,55.65,54.76,55.53,11.1611,8920000
2006-12-05,55.61,55.78,55.45,55.75,11.2053,5822400
2006-12-06,55.75,55.8,55.54,55.7,11.1953,3251600
2006-12-07,55.82,55.92,55.35,55.44,11.143,5289600
2006-12-08,55.32,55.66,55.19,55.47,11.1491,4055600
2006-12-11,55.42,55.68,55.34,55.52,11.1591,4944400
2006-12-12,55.5,55.5,55.03,55.28,11.1109,5070800
2006-12-13,55.6,55.6,55.21,55.38,11.131,5282400
2006-12-14,55.35,55.88,55.32,55.84,11.2234,6917200
2006-12-15,55.94,56.06,55.73,55.81,11.2174,4019600
2006-12-18,55.92,56.06,55.48,55.58,11.1712,7169600
2006-12-19,55.39,55.76,55.2042,55.58,11.1712,4457200
2006-12-20,55.48,55.7,55.38,55.38,11.1556,4654000
2006-12-21,55.5,55.55,55.06,55.2,11.1193,5722000
2006-12-22,55.18,55.22,54.79,54.79,11.0368,8357600
2006-12-26,54.87,55.12,54.85,55.1,11.0992,4312800
2006-12-27,55.25,55.48,55.19,55.41,11.1617,4755600
2006-12-28,55.37,55.46,55.21,55.32,11.1435,3650000
2006-12-29,55.25,55.48,54.99,55.03,11.0851,9109600
2007-01-03,55.33,55.71,54.75,55.18,11.1153,14960400
2007-01-04,55.16,55.66,54.94,55.49,11.1778,6544800
2007-01-05,55.34,55.37,54.99,55.12,11.1032,5892000
2007-01-08,55.12,55.47,55.01,55.36,11.1516,4877200
2007-01-09,55.45,55.58,55.16,55.43,11.1657,8335600
2007-01-10,55.23,55.81,55.15,55.81,11.2422,4090000
2007-01-11,55.83,56.36,55.83,56.29,11.3389,9578000
2007-01-12,56.2,56.69,56.2,56.69,11.4195,6476400
2007-01-16,56.63,56.72,56.49,56.6,11.4014,6086000
2007-01-17,56.54,56.75,56.4,56.53,11.3873,6119200
2007-01-18,56.5,56.55,56.06,56.14,11.3087,4147600
2007-01-19,56.13,56.32,56.0628,56.28,11.3369,4176400
2007-01-22,56.28,56.3,55.54,55.81,11.2422,9438800
2007-01-23,55.82,56.2,55.77,56.04,11.2886,5610800
2007-01-24,56.09,56.57,56.07,56.53,11.3873,5488000
2007-01-25,56.53,56.6,55.87,55.92,11.2644,6424000
2007-01-26,56.1,56.11,55.67,55.75,11.2301,7438800
2007-01-29,55.87,56.09,55.71,55.85,11.2503,7334800
2007-01-30,55.95,56.1,55.84,56.08,11.2966,5830000
2007-01-31,56.07,56.65,55.9,56.47,11.3752,6208800
2007-02-01,56.62,56.92,56.33,56.79,11.4396,7698000
2007-02-02,56.86,57.0,56.69,56.8,11.4416,8033600
2007-02-05,56.81,56.9,56.64,56.7501,11.4316,11767200
2007-02-06,56.93,57.0,56.53,56.81,11.4437,3074400
2007-02-07,56.97,57.15,56.81,56.98,11.4779,4470000
2007-02-08,56.91,57.07,56.77,56.9,11.4618,3100000
2007-02-09,57.02,57.12,56.3,56.5,11.3812,4046400
2007-02-12,56.52,56.59,56.15,56.28,11.3369,4313400
2007-02-13,56.31,56.63,56.31,56.5,11.3812,6245052
2007-02-14,56.72,57.17,56.68,57.11,11.5041,3909652
2007-02-15,57.1,57.38,57.07,57.29,11.5404,4759200
2007-02-16,57.13,57.26,56.71,56.71,11.4235,7384000
2007-02-20,57.18,57.52,56.96,57.47,11.5766,6524400
2007-02-21,57.26,57.51,57.1999,57.46,11.5746,5650400
2007-02-22,57.55,57.66,57.19,57.48,11.5786,7502800
2007-02-23,57.38,57.9,57.142,57.4,11.5625,4325600
2007-02-26,57.45,57.55,56.92,57.14,11.5101,5002048
2007-02-27,56.57,56.8,54.45,55.03,11.0851,8296400
2007-02-28,55.21,55.82,54.86,55.42,11.1637,7790000
2007-03-01,54.72,55.58,54.31,55.22,11.1234,7160508
2007-03-02,55.04,55.33,54.5,54.51,10.9804,5996400
2007-03-05,54.13,54.77,53.99,54.08,10.8937,5584400
2007-03-06,54.53,55.14,54.42,54.89,11.0569,6266400
2007-03-07,54.85,55.2,54.68,54.77,11.0327,6996400
2007-03-08,55.19,55.44,54.84,55.12,11.1032,4962000
2007-03-09,55.49,55.52,54.94,55.13,11.1052,4772000
2007-03-12,55.11,55.62,55.06,55.39,11.1576,4871600
2007-03-13,55.1,55.3,54.3399,54.3699,10.9521,6545600
2007-03-14,54.41,54.82,53.8,54.82,11.0428,5764800
2007-03-15,54.64,54.98,54.64,54.86,11.0509,4794004
2007-03-16,55.01,55.16,54.57,54.7,11.0186,3149512
2007-03-19,55.03,55.35,54.96,55.27,11.1334,3029880
2007-03-20,55.27,55.62,55.23,55.49,11.1778,6816000
2007-03-21,55.6,56.72,55.5,56.42,11.3651,3444400
2007-03-22,56.51,56.51,56.18,56.37,11.355,4185964
2007-03-23,56.25,56.4,56.17,56.29,11.367,3911500
2007-03-26,56.29,56.3,55.62,56.23,11.3549,6626800
2007-03-27,56.15,56.18,55.75,55.89,11.2863,14246800
2007-03-28,55.63,55.87,55.36,55.56,11.2196,5000368
2007-03-29,55.87,55.87,55.19,55.57,11.2217,4048340
2007-03-30,55.6,55.9,55.13,55.65,11.2378,6695724
2007-04-02,55.66,55.81,55.47,55.69,11.2459,3343600
2007-04-03,56.07,56.53,56.02,56.4,11.3893,6332888
2007-04-04,56.41,56.58,56.3,56.53,11.4155,4258000
2007-04-05,56.43,56.79,56.42,56.67,11.4438,4228948
2007-04-09,56.85,56.93,56.58,56.78,11.466,2791200
2007-04-10,56.74,56.92,56.7,56.71,11.4519,3766688
2007-04-11,56.87,56.87,56.34,56.52,11.4135,3572648
2007-04-12,56.43,56.91,56.24,56.81,11.4721,2525812
2007-04-13,56.92,57.0878,56.6584,56.99,11.5084,5128280
2007-04-16,57.54,57.66,57.26,57.57,11.6255,2958228
2007-04-17,57.7,57.91,57.63,57.86,11.6841,3370780
2007-04-18,57.59,57.93,57.49,57.77,11.6659,3823836
2007-04-19,57.53,57.88,57.41,57.8,11.672,4240400
2007-04-20,58.26,58.35,57.93,58.23,11.7588,7196068
2007-04-23,58.23,58.36,58.08,58.18,11.7487,3198028
2007-04-24,58.23,58.33,57.9,58.26,11.7649,4122888
2007-04-25,58.52,58.83,58.19,58.67,11.8477,4737312
2007-04-26,58.76,58.89,58.62,58.75,11.8638,5501168
2007-04-27,58.615,58.93,58.6101,58.84,11.882,4400836
2007-04-30,58.86,58.86,58.2,58.23,11.7588,3765568
2007-05-01,58.35,58.42,57.92,58.39,11.7911,6542716
2007-05-02,58.5,59.0084,58.43,58.85,11.884,4421736
2007-05-03,58.99,59.13,58.88,59.03,11.9204,16292300
2007-05-04,59.27,59.34,59.0,59.34,11.983,3365800
2007-05-07,59.34,59.4,59.2201,59.28,11.9708,3693476
2007-05-08,59.12,59.24,58.9,59.21,11.9567,4210228
2007-05-09,59.14,59.49,59.04,59.4,11.9951,3141548
2007-05-10,59.17,59.33,58.57,58.66,11.8456,3004752
2007-05-11,58.76,59.15,58.69,59.11,11.9365,4373552
2007-05-14,59.18,59.32,58.76,58.99,11.9123,9327900
2007-05-15,59.01,59.29,58.67,58.78,11.8699,4576772
2007-05-16,58.94,59.28,58.65,59.12,11.9385,7030400
2007-05-17,59.14,59.31,59.0199,59.13,11.9406,2973600
2007-05-18,59.34,59.58,59.22,59.56,12.0274,11961944
2007-05-21,59.5,59.87,59.5,59.64,12.0435,16289872
2007-05-22,59.74,59.87,59.5599,59.68,12.0516,8263600
2007-05-23,59.91,60.11,59.6,59.76,12.0678,5452800
2007-05-24,59.73,59.97,58.98,59.06,11.9264,4079128
2007-05-25,59.29,59.45,59.18,59.4,11.9951,3411600
2007-05-29,59.47,59.72,59.31,59.64,12.0435,5678800
2007-05-30,59.3,60.09,59.27,60.0,12.1162,6827584
2007-05-31,60.28,60.38,60.11,60.36,12.1889,5627200
2007-06-01,60.53,60.7,60.37,60.6,12.2374,3674000
2007-06-04,60.36,60.72,60.3,60.65,12.2475,4505700
2007-06-05,60.48,60.55,60.13,60.46,12.2091,4066400
2007-06-06,60.16,60.18,59.67,59.8,12.0758,6525872
2007-06-07,59.59,59.8,58.5,58.5,11.8133,9106928
2007-06-08,58.76,60.14,58.62,59.32,11.9789,5419484
2007-06-11,59.34,59.6278,59.21,59.43,12.0011,3686400
2007-06-12,59.15,59.48,58.82,58.82,11.878,4370400
2007-06-13,59.13,59.69,58.98,59.68,12.0516,5861600
2007-06-14,59.71,60.08,59.6899,59.98,12.1122,2844000
2007-06-15,60.54,60.58,60.31,60.39,12.195,6729324
2007-06-18,60.59,60.59,60.1744,60.34,12.1849,4604616
2007-06-19,60.22,60.43,60.02,60.38,12.193,3403524
2007-06-20,60.57,60.5999,59.7,59.81,12.0779,5862400
2007-06-21,59.77,60.13,59.3922,60.13,12.1425,5828800
2007-06-22,59.98,60.01,59.3,59.43,12.0011,9885200
2007-06-25,59.5,59.75,58.92,59.2,11.9547,4066700
2007-06-26,59.44,59.44,58.7,58.7,11.8537,11724800
2007-06-27,58.51,59.57,58.51,59.54,12.0233,5771672
2007-06-28,59.37,59.82,59.21,59.39,12.0226,10152660
2007-06-29,59.58,59.76,58.8699,59.21,11.9861,8715976
2007-07-02,59.59,59.95,59.475,59.89,12.1238,5918196
2007-07-03,60.07,60.12,59.96,60.12,12.1704,1787200
2007-07-05,60.1,60.34,59.98,60.31,12.2088,5576200
2007-07-06,60.32,60.7,60.17,60.62,12.2716,4719628
2007-07-09,60.74,60.78,60.4822,60.68,12.2837,3575600
2007-07-10,60.36,60.53,59.92,59.92,12.1299,3845528
2007-07-11,59.91,60.33,59.79,60.31,12.2088,4280400
2007-07-12,60.57,61.4,60.51,61.37,12.4234,5418828
2007-07-13,61.31,61.59,61.24,61.5,12.4497,4830948
2007-07-16,61.5,61.69,61.32,61.47,12.4436,3532656
2007-07-17,61.39,61.7,61.34,61.54,12.4578,6365732
2007-07-18,61.29,61.46,60.95,61.33,12.4153,6790600
2007-07-19,61.68,61.9,61.64,61.7,12.4902,7739600
2007-07-20,61.65,61.68,60.93,61.23,12.3951,4743560
2007-07-23,61.57,61.77,61.41,61.63,12.476,6613620
2007-07-24,61.08,61.3264,60.31,60.62,12.2716,9776948
2007-07-25,60.88,60.88,60.05,60.52,12.2513,12907032
2007-07-26,59.82,60.16,58.55,59.41,12.0266,12780388
2007-07-27,59.34,59.56,57.65,58.14,11.7695,8011176
2007-07-30,58.45,59.21,58.3,59.02,11.9477,8301080
2007-07-31,59.52,59.64,58.23,58.37,11.8161,15620032
2007-08-01,58.23,58.83,57.47,58.66,11.8748,12666328
2007-08-02,58.75,59.28,58.54,59.28,12.0003,11770312
2007-08-03,59.12,59.15,57.7,57.8,11.7007,7290144
2007-08-06,58.02,58.99,57.38,58.59,11.8606,9994036
2007-08-07,58.45,59.51,58.2726,59.12,11.9679,15327776
2007-08-08,59.4,60.2,59.28,59.91,12.1279,16865988
2007-08-09,59.17,59.75,58.32,58.43,11.8282,10663276
2007-08-10,57.75,58.68,57.34,58.04,11.7493,12714896
2007-08-13,58.64,58.88,58.32,58.36,11.8141,6562400
2007-08-14,58.57,58.65,57.27,57.39,11.6177,16084176
2007-08-15,57.28,57.71,56.23,56.46,11.4295,8392204
2007-08-16,55.8,56.46,54.51,56.24,11.3849,10650636
2007-08-17,57.89,57.91,56.24,57.32,11.6035,11177588
2007-08-20,57.43,57.569,56.8,57.26,11.5914,7422800
2007-08-21,57.32,57.69,57.12,57.52,11.644,5165200
2007-08-22,57.98,58.29,57.76,58.24,11.7898,7127200
2007-08-23,58.56,58.6,57.84,58.16,11.7736,7914000
2007-08-24,58.17,59.09,58.12,58.96,11.9355,11276000
2007-08-27,58.88,58.96,58.44,58.46,11.8343,7614320
2007-08-28,58.28,58.34,57.23,57.43,11.6258,6673200
2007-08-29,57.64,58.62,57.55,58.58,11.8586,10867600
2007-08-30,58.13,58.92,58.04,58.55,11.8525,4004000
2007-08-31,59.14,59.49,58.84,59.08,11.9598,8136400
2007-09-04,59.2,60.23,59.115,59.86,12.1177,23398400
2007-09-05,59.41,59.65,59.11,59.49,12.0428,12566400
2007-09-06,59.5,59.81,59.18,59.64,12.0732,8976400
2007-09-07,58.82,59.68,58.4,59.44,12.0327,12515200
2007-09-10,58.96,59.17,57.98,58.48,11.8384,18067600
2007-09-11,58.84,59.36,58.72,59.23,11.9902,8467600
2007-09-12,59.21,59.62,59.12,59.36,12.0165,7644400
2007-09-13,59.64,59.83,59.4146,59.57,12.059,11800400
2007-09-14,59.27,59.69,59.13,59.66,12.0772,11050000
2007-09-17,59.45,59.56,59.07,59.27,11.9983,7364400
2007-09-18,59.59,60.85,59.34,60.8,12.308,9747600
2007-09-19,61.1,61.62,59.27,61.06,12.3607,15766800
2007-09-20,61.14,61.22,60.85,60.88,12.3242,8294400
2007-09-21,61.27,61.8,61.1,61.1,12.3687,8504800
2007-09-24,61.36,61.57,60.98,61.21,12.391,16312400
2007-09-25,60.76,61.13,60.57,61.08,12.3911,8556400
2007-09-26,61.39,61.53,61.08,61.37,12.45,11810000
2007-09-27,61.56,61.8,61.37,61.8,12.5372,7204800
2007-09-28,61.7,61.87,61.35,61.73,12.523,14154400
2007-10-01,61.67,62.41,61.67,62.3,12.6386,10740800
2007-10-02,62.42,62.42,62.05,62.24,12.6264,14558000
2007-10-03,62.11,62.26,61.87,62.05,12.5879,25402800
2007-10-04,62.13,62.3,61.79,62.02,12.5818,6148000
2007-10-05,62.5,62.92,62.28,62.9,12.7603,6984800
2007-10-08,62.76,62.85,62.51,62.77,12.734,5871200
2007-10-09,63.03,63.29,62.71,63.16,12.8131,6504088
2007-10-10,63.23,63.45,62.99,63.23,12.8273,8634400
2007-10-11,63.86,63.86,62.46,62.94,12.7685,9762800
2007-10-12,62.99,63.38,62.87,63.38,12.8577,4837660
2007-10-15,63.3,63.92,62.42,62.85,12.7502,7507600
2007-10-16,62.67,63.16,62.31,62.45,12.669,8943200
2007-10-17,63.06,63.1,62.03,62.79,12.738,7640400
2007-10-18,62.59,62.92,62.38,62.73,12.7259,5723200
2007-10-19,62.57,62.73,60.99,61.18,12.4114,12706800
2007-10-22,60.81,61.6,60.54,61.55,12.4865,10299600
2007-10-23,61.88,62.29,61.49,62.14,12.6062,17095600
2007-10-24,62.0,62.19,61.06,62.1,12.598,27814400
2007-10-25,62.2,62.45,61.58,62.38,12.6548,13027200
2007-10-26,62.21,63.86,62.21,62.88,12.7563,11354412
2007-10-29,63.43,63.43,62.86,63.01,12.7827,10486400
2007-10-30,63.0,63.14,62.75,62.93,12.7664,7787200
2007-10-31,63.25,63.87,62.77,63.51,12.8841,8743604
2007-11-01,63.23,63.31,62.1,62.3,12.6386,11919228
2007-11-02,62.97,63.15,61.9422,62.68,12.7157,28708456
2007-11-05,62.5,62.68,61.86,62.23,12.6244,10597436
2007-11-06,62.73,63.1,61.5,63.06,12.7928,9385588
2007-11-07,62.51,62.79,61.45,61.67,12.5108,13192100
2007-11-08,61.52,61.97,60.12,61.05,12.385,16764528
2007-11-09,60.25,60.77,59.86,60.2,12.2126,16637384
2007-11-12,59.93,60.2,59.04,59.09,11.9874,21069288
2007-11-13,59.41,60.8,59.41,60.78,12.3303,10574532
2007-11-14,61.35,61.35,60.25,60.59,12.2917,10963328
2007-11-15,60.15,60.6,59.532,59.91,12.1538,18451532
2007-11-16,60.17,60.4,59.6,60.17,12.2065,13316156
2007-11-19,60.06,60.16,59.24,59.32,12.0341,13439328
2007-11-20,59.71,60.29,58.81,59.8,12.1315,16498844
2007-11-21,59.29,59.78,58.61,58.7,11.9083,14949824
2007-11-23,59.35,59.66,58.82,59.65,12.101,6536072
2007-11-26,59.78,60.05,58.51,58.75,11.9184,13234900
2007-11-27,59.02,59.6,58.59,59.08,11.9854,14353356
2007-11-28,59.67,61.198,59.59,60.9,12.3546,14143860
2007-11-29,60.85,61.36,60.72,61.2,12.4155,14475856
2007-11-30,61.81,62.05,60.89,61.33,12.4418,11485280
2007-12-03,60.83,61.5,60.83,61.07,12.3891,10274072
2007-12-04,60.66,60.99,60.5501,60.67,12.3079,11683596
2007-12-05,61.27,61.66,61.11,61.65,12.5068,11269636
2007-12-06,61.62,62.5,61.55,62.35,12.6488,17141560
2007-12-07,62.64,62.7,62.3,62.4,12.6589,25313168
2007-12-10,62.66,62.955,62.5,62.89,12.7583,17285604
2007-12-11,62.7,63.1,61.27,61.41,12.4581,23366400
2007-12-12,62.75,62.75,61.06,61.83,12.5433,20454800
2007-12-13,61.95,61.95,61.12,61.83,12.5433,14230408
2007-12-14,61.45,61.77,61.05,61.15,12.4053,11387400
2007-12-17,60.98,60.98,60.02,60.16,12.2045,16682436
2007-12-18,60.9,60.9,59.59,60.61,12.2958,12996392
2007-12-19,60.53,60.69,60.02,60.37,12.2471,12584372
2007-12-20,60.97,61.02,60.29,61.02,12.3789,18416060
2007-12-21,61.79,61.81,61.42,61.73,12.523,20218728
2007-12-24,61.88,62.45,61.88,62.45,12.669,7714292
2007-12-26,62.14,62.37,61.76,62.36,12.6508,10947340
2007-12-27,62.25,62.35,61.301,61.35,12.4741,15640448
2007-12-28,61.87,61.87,61.12,61.4,12.4842,17662284
2007-12-31,61.28,61.34,60.78,60.78,12.3582,15768472
2008-01-02,60.97,61.08,59.81,60.12,12.224,19754600
2008-01-03,60.25,60.44,59.85,60.09,12.2179,12625928
2008-01-04,59.58,59.58,58.24,58.24,11.8417,14679340
2008-01-07,58.61,58.74,57.79,58.42,11.8783,22391720
2008-01-08,58.46,59.0,56.7,57.52,11.6953,23823316
2008-01-09,57.56,58.46,56.93,58.2599,11.8458,22200124
2008-01-10,57.97,58.93,57.69,58.5,11.8946,22636356
2008-01-11,58.19,58.28,57.4,57.71,11.7339,14068036
2008-01-14,58.01,58.44,57.92,58.43,11.8803,15364324
2008-01-15,57.62,57.83,56.85,57.21,11.6323,14815712
2008-01-16,56.43,57.17,55.88,56.32,11.4513,15779268
2008-01-17,56.53,56.76,54.9,55.05,11.1931,20614160
2008-01-18,55.47,55.87,54.4,54.87,11.1565,21216972
2008-01-22,52.2,54.54,52.2,53.87,10.9532,35564684
2008-01-23,52.48,54.91,51.95,54.7,11.1219,20988336
2008-01-24,54.72,55.74,54.72,55.74,11.3334,17897148
2008-01-25,55.7,56.35,54.59,54.64,11.1097,20692276
2008-01-28,54.75,55.62,54.3699,55.5,11.2846,17601720
2008-01-29,55.86,55.87,55.12,55.64,11.3131,19091800
2008-01-30,55.29,56.39,54.97,55.2899,11.2419,16777656
2008-01-31,54.45,56.48,54.38,55.98,11.3822,19220616
2008-02-01,56.17,56.95,56.0,56.82,11.553,15709140
2008-02-04,56.77,56.94,56.34,56.34,11.4554,22609716
2008-02-05,55.5,55.81,54.8,54.8,11.1423,17933708
2008-02-06,55.21,55.63,54.18,54.33,11.0467,9603268
2008-02-07,53.9,55.14,53.79,54.61,11.1036,15051984
2008-02-08,54.58,55.1,54.28,54.76,11.1341,10233896
2008-02-11,54.72,55.45,54.51,55.34,11.2521,17832680
2008-02-12,55.6,56.16,55.18,55.53,11.2907,22408516
2008-02-13,55.99,56.5,55.73,56.37,11.4615,15058032
2008-02-14,56.57,56.57,55.53,55.62,11.309,21866928
2008-02-15,55.31,55.56,55.1,55.56,11.2968,6080848
2008-02-19,56.19,56.27,55.36,55.49,11.2826,10074388
2008-02-20,55.32,56.18,55.15,55.76,11.3375,17052228
2008-02-21,56.25,56.42,55.25,55.4,11.2643,15474080
2008-02-22,55.64,55.72,54.73,55.69,11.3232,15422524
2008-02-25,55.76,56.6,55.54,56.42,11.4717,15844748
2008-02-26,56.17,57.23,56.16,56.99,11.5876,12999396
2008-02-27,56.61,57.21,56.57,56.74,11.5367,12325668
2008-02-28,56.44,56.8,56.22,56.43,11.4737,9886396
2008-02-29,55.87,55.97,54.8674,55.05,11.1931,10014192
2008-03-03,54.87,55.29,54.64,55.15,11.2134,10388116
2008-03-04,54.66,55.13,54.17,54.92,11.1667,14813508
2008-03-05,55.17,55.72,54.82,55.3426,11.2526,15115216
2008-03-06,55.11,55.3,54.26,54.27,11.0345,17975248
2008-03-07,53.96,54.56,53.31,53.74,10.9267,17874260
2008-03-10,53.66,53.82,52.84,53.01,10.7783,17926272
2008-03-11,54.25,54.51,53.12,54.5,11.0813,23741972
2008-03-12,54.54,54.93,54.07,54.17,11.0142,17891196
2008-03-13,53.4,54.71,53.08,54.4,11.0609,22116744
2008-03-14,54.9,54.9,52.87,53.54,10.8861,20893296
2008-03-17,52.11,53.39,52.0,52.9,10.7559,14497236
2008-03-18,53.73,54.84,53.51,54.75,11.1321,20250664
2008-03-19,54.94,55.22,53.5,53.64,10.9064,14215516
2008-03-20,53.58,54.52,53.3,54.3809,11.0571,10959780
2008-03-24,54.59,55.72,54.45,55.36,11.2869,12108724
2008-03-25,55.46,55.92,55.19,55.67,11.3501,11823236
2008-03-26,55.49,55.6,55.13,55.28,11.2706,10561548
2008-03-27,55.51,55.51,54.66,54.89,11.1911,15843464
2008-03-28,54.92,55.11,54.19,54.41,11.0932,12537524
2008-03-31,54.14,54.7,54.13,54.44,11.0994,16850544
2008-04-01,54.97,56.25,54.93,56.24,11.4663,12255008
2008-04-02,56.35,56.6,55.94,56.16,11.45,13059308
2008-04-03,55.98,56.55,55.86,56.27,11.4725,10231628
2008-04-04,56.49,57.0,56.18,56.5,11.5194,8948636
2008-04-07,56.98,57.15,56.4,56.44,11.5071,10787256
2008-04-08,56.22,56.52,56.11,56.41,11.501,9782152
2008-04-09,56.33,56.45,55.65,56.07,11.4317,12104852
2008-04-10,55.99,56.61,55.82,56.54,11.5275,7616288
2008-04-11,55.96,55.96,55.19,55.25,11.2645,12784384
2008-04-14,55.23,55.49,55.1,55.22,11.2584,8971272
2008-04-15,55.4,55.518,54.89,55.33,11.2808,9374524
2008-04-16,55.86,56.75,55.8,56.75,11.5703,14016224
2008-04-17,56.61,56.63,56.1722,56.49,11.5173,16546064
2008-04-18,57.61,57.9,57.2996,57.672,11.7583,12827852
2008-04-21,57.46,57.92,57.38,57.73,11.7701,9064580
2008-04-22,57.53,57.57,56.83,57.2,11.6621,8135956
2008-04-23,57.33,57.77,57.13,57.36,11.6947,7750616
2008-04-24,57.54,58.08,56.92,57.68,11.7599,10640532
2008-04-25,57.92,58.03,57.25,58.0,11.8252,7655676
2008-04-28,58.03,58.17,57.84,58.01,11.8272,6933196
2008-04-29,57.83,57.91,57.4599,57.62,11.7477,7720008
2008-04-30,57.79,58.22,57.3,57.46,11.7151,11269040
2008-05-01,57.34,58.42,57.33,58.37,11.9006,9791716
2008-05-02,58.96,59.0199,58.2,58.58,11.9434,14235752
2008-05-05,58.54,58.71,58.24,58.42,11.9108,9802784
2008-05-06,58.15,58.98,58.0,58.833,11.995,8227916
2008-05-07,58.96,59.01,57.9,57.97,11.8191,11616948
2008-05-08,58.18,58.46,57.95,58.33,11.8925,8216492
2008-05-09,57.83,58.199,57.72,58.11,11.8476,12605712
2008-05-12,58.09,58.72,57.8901,58.59,11.9455,6582268
2008-05-13,58.87,58.91,58.37,58.83,11.9944,6678940
2008-05-14,59.0,59.59,58.94,59.03,12.0352,5499104
2008-05-15,58.94,59.76,58.91,59.7,12.1718,7130512
2008-05-16,59.97,60.06,59.37,59.91,12.2146,5829960
2008-05-19,59.93,60.45,59.59,59.82,12.1962,8383528
2008-05-20,59.51,59.64,59.12,59.4,12.1106,23776048
2008-05-21,59.52,59.64,58.29,58.33,11.8925,15513484
2008-05-22,58.43,58.755,58.32,58.5399,11.9353,13292676
2008-05-23,58.21,58.38,57.75,58.02,11.8293,9704184
2008-05-27,57.93,58.57,57.91,58.53,11.9332,13504584
2008-05-28,58.73,58.93,58.35,58.93,12.0148,14166612
2008-05-29,58.9,59.52,58.74,59.16,12.0617,10596020
2008-05-30,59.31,59.68,59.3,59.35,12.1004,12607652
2008-06-02,59.43,59.43,58.56,58.9,12.0087,14072796
2008-06-03,59.18,59.36,58.35,58.74,11.9761,14215336
2008-06-04,58.52,59.34,58.52,58.92,12.0128,18977172
2008-06-05,59.05,60.05,59.01,60.05,12.2431,12787268
2008-06-06,59.52,59.69,58.37,58.43,11.9129,17113708
2008-06-09,58.35,58.66,57.81,58.32,11.8904,14391628
2008-06-10,58.04,58.535,57.91,58.184,11.8627,12401384
2008-06-11,58.07,58.17,57.23,57.26,11.6743,13190932
2008-06-12,57.49,57.98,57.08,57.41,11.7049,13271680
2008-06-13,57.75,58.4,57.66,58.34,11.8945,12851408
2008-06-16,58.14,58.63,57.97,58.48,11.923,11963564
2008-06-17,58.76,58.81,58.13,58.13,11.8517,10424484
2008-06-18,57.82,58.09,57.49,57.71,11.7661,14860596
2008-06-19,57.6,58.34,57.43,58.14,11.8537,16107964
2008-06-20,57.61,57.69,56.82,57.02,11.6254,15376492
2008-06-23,57.16,57.32,56.96,57.1,11.6417,12703216
2008-06-24,56.68,57.23,56.39,56.71,11.5622,17341404
2008-06-25,56.86,57.58,56.75,57.03,11.6274,18858400
2008-06-26,56.38,56.5699,55.436,55.436,11.3024,22601876
2008-06-27,55.48,55.65,54.7,55.25,11.2645,23527692
2008-06-30,55.3,55.73,55.13,55.24,11.2625,19041920
2008-07-01,54.59,55.46,54.4,55.46,11.3073,22500304
2008-07-02,55.36,55.56,53.99,54.01,11.0423,14444288
2008-07-03,54.23,54.43,53.25,53.88,11.0157,13013780
2008-07-07,54.13,54.59,53.15,53.64,10.9666,25530568
2008-07-08,53.65,54.41,53.18,54.36,11.1138,29508008
2008-07-09,54.44,54.62,53.34,53.62,10.9625,24316852
2008-07-10,53.55,54.02,53.0505,53.9274,11.0254,25647712
2008-07-11,53.49,54.15,52.8,53.63,10.9646,19101092
2008-07-14,54.12,54.21,53.1,53.3,10.8971,17498976
2008-07-15,52.71,53.66,52.21,52.99,10.8337,20874504
2008-07-16,52.9,53.95,52.67,53.95,11.03,13506344
2008-07-17,53.83,54.35,53.58,54.35,11.1118,19425680
2008-07-18,54.06,54.06,53.57,53.84,11.0075,21190548
2008-07-21,54.02,54.11,53.69,53.98,11.0361,17413776
2008-07-22,53.63,54.71,53.57,54.33,11.1077,16490620
2008-07-23,54.15,54.558,54.08,54.28,11.0975,16100400
2008-07-24,54.42,54.42,53.17,53.31,10.8991,14744724
2008-07-25,53.52,53.83,53.4,53.73,10.985,10094652
2008-07-28,53.48,53.77,52.93,53.13,10.8623,10655232
2008-07-29,53.24,54.27,53.1,53.87,11.0136,15500004
2008-07-30,54.22,54.77,54.04,54.76,11.1956,11844784
2008-07-31,54.4,54.8085,53.96,53.98,11.0361,13990756
2008-08-01,54.08,54.2,53.42,53.58,10.9543,10111156
2008-08-04,53.6,53.69,52.83,52.87,10.8092,9376620
2008-08-05,53.17,54.29,53.17,54.23,11.0872,7799492
2008-08-06,54.18,54.84,54.08,54.75,11.1935,13084932
2008-08-07,54.46,54.665,53.98,54.03,11.0463,7862392
2008-08-08,54.05,55.07,53.77,54.96,11.2365,9018424
2008-08-11,54.93,55.4906,54.82,55.18,11.2815,7849168
2008-08-12,55.01,55.26,54.8,54.97,11.2385,8489092
2008-08-13,54.77,55.37,54.61,55.11,11.2671,12655752
2008-08-14,54.59,55.56,54.59,55.34,11.3142,8116236
2008-08-15,55.59,55.59,55.09,55.38,11.3224,5840852
2008-08-18,55.56,55.63,54.49,54.83,11.2099,8792940
2008-08-19,54.46,54.63,54.18,54.32,11.1056,7523660
2008-08-20,54.57,54.78,54.27,54.65,11.1731,13080876
2008-08-21,54.28,54.98,54.24,54.791,11.2019,8154392
2008-08-22,54.95,55.41,54.95,55.32,11.3101,6106472
2008-08-25,55.0,55.32,54.27,54.43,11.1281,6680644
2008-08-26,54.36,54.65,54.19,54.45,11.1322,6091216
2008-08-27,54.65,55.07,54.45,54.94,11.2324,8574632
2008-08-28,55.12,55.45,55.09,55.45,11.3367,6985604
2008-08-29,55.16,55.28,54.61,54.68,11.1792,5075124
2008-09-02,55.11,55.25,53.83,53.97,11.0341,12231728
2008-09-03,53.94,54.02,53.112,53.47,10.9319,8764808
2008-09-04,53.1,53.17,51.9,52.08,10.6477,13223000
2008-09-05,51.63,52.16,51.1,52.09,10.6497,9800772
2008-09-08,54.0,54.0,51.8,52.59,10.7519,13545752
2008-09-09,52.72,53.04,50.77,50.92,10.4105,12017904
2008-09-10,51.33,51.832,51.0,51.43,10.5148,10931496
2008-09-11,50.88,52.34,50.76,52.27,10.6865,11296228
2008-09-12,52.01,52.64,51.7,52.58,10.7499,9098348
2008-09-15,51.29,52.08,50.62,50.67,10.3594,15630768
2008-09-16,49.71,51.9,48.67,51.06,10.4391,26596920
2008-09-17,50.39,50.61,48.85,48.89,9.9955,21277792
2008-09-18,49.5,50.74,48.06,50.2802,10.2797,25247940
2008-09-19,51.77,51.77,42.74,51.77,10.5843,16641544
2008-09-22,52.0,52.35,50.16,50.46,10.3165,15045392
2008-09-23,50.34,50.96,49.53,49.88,10.1979,14999056
2008-09-24,49.96,50.13,49.1,49.82,10.2158,13905004
2008-09-25,50.11,50.61,49.56,50.42,10.3388,11077224
2008-09-26,49.5,50.4,49.22,50.4,10.3347,12818412
2008-09-29,49.4,49.4,45.81,46.72,9.5801,23894180
2008-09-30,47.55,48.55,46.75,48.55,9.9554,11562668
2008-10-01,47.67,47.93,46.95,47.51,9.7421,16827088
2008-10-02,47.11,47.51,45.07,45.47,9.3238,14885344
2008-10-03,45.99,46.86,44.67,44.84,9.1946,25517380
2008-10-06,43.58,43.73,40.72,43.03,8.8235,26301796
2008-10-07,43.53,43.55,40.27,40.27,8.2575,23036776
2008-10-08,39.5,41.88,39.36,40.17,8.237,26373104
2008-10-09,40.78,41.49,37.89,38.43,7.8802,26466132
2008-10-10,36.49,39.0,35.0,37.37,7.6629,34074452
2008-10-13,39.7,42.06,38.92,41.97,8.6061,26936644
2008-10-14,42.91,44.99,39.91,40.67,8.3396,35146180
2008-10-15,39.74,40.66,37.03,37.16,7.6198,19945800
2008-10-16,37.3,38.75,35.42,38.28,7.8495,24430952
2008-10-17,37.79,40.42,37.41,38.61,7.9171,21213104
2008-10-20,39.21,40.46,38.76,40.33,8.2698,18366592
2008-10-21,39.75,40.41,38.93,39.0,7.9971,19312604
2008-10-22,38.11,38.23,35.92,36.83,7.5521,21553320
2008-10-23,37.0,37.63,34.95,37.0,7.587,31095744
2008-10-24,34.5,36.39,33.59,35.79,7.3389,24484124
2008-10-27,34.56,36.2,34.31,34.54,7.0826,20704548
2008-10-28,35.45,37.95,34.3,37.82,7.7551,33582088
2008-10-29,37.56,39.49,37.39,37.68,7.7264,41380520
2008-10-30,39.29,39.5,38.11,39.04,8.0053,22521856
2008-10-31,39.13,40.34,38.66,39.94,8.1899,24634148
2008-11-03,39.7,40.0,39.17,39.58,8.116,28376744
2008-11-04,40.6,41.02,39.98,40.93,8.3929,23685696
2008-11-05,40.42,40.93,38.83,39.01,7.9992,24434756
2008-11-06,38.55,38.9,36.88,37.28,7.6444,21080848
2008-11-07,37.57,38.17,37.19,38.11,7.8146,20946800
2008-11-10,39.07,39.07,37.17,37.87,7.7654,22919900
2008-11-11,37.15,37.55,36.25,36.67,7.5193,33702936
2008-11-12,36.01,36.67,34.911,34.93,7.1625,22487592
2008-11-13,35.26,37.4,33.5,37.4,7.669,36231836
2008-11-14,36.36,37.38,35.52,35.54,7.2876,29555808
2008-11-17,35.18,35.96,34.69,34.97,7.1707,35283760
2008-11-18,34.57,35.35,33.85,34.91,7.1584,52543320
2008-11-19,34.85,35.46,33.13,33.28,6.8242,41371560
2008-11-20,32.89,33.7792,30.96,31.28,6.4141,39532872
2008-11-21,31.76,33.06,30.79,32.78,6.7217,52147320
2008-11-24,33.71,35.36,33.32,34.73,7.1215,36412416
2008-11-25,35.53,35.59,34.1,35.1,7.1974,39000284
2008-11-26,34.35,36.38,34.27,36.38,7.4599,29524064
2008-11-28,36.01,36.58,35.96,36.57,7.4988,27573452
2008-12-01,35.52,35.58,33.44,33.62,6.8939,43594080
2008-12-02,34.03,34.61,33.46,34.3,7.0334,37183048
2008-12-03,33.8,35.47,33.63,35.41,7.261,38182988
2008-12-04,34.81,35.46,33.74,34.38,7.0498,40994920
2008-12-05,33.77,35.61,33.09,35.56,7.2917,51571760
2008-12-08,36.4,37.08,36.08,36.71,7.5275,49534480
2008-12-09,36.34,37.18,35.891,36.147,7.4121,39942260
2008-12-10,36.53,37.03,36.11,36.7,7.5255,42724320
2008-12-11,36.28,36.97,35.46,35.77,7.3348,31861012
2008-12-12,34.79,36.08,34.62,35.84,7.3491,47158600
2008-12-15,36.21,36.31,35.1518,35.77,7.3348,43231920
2008-12-16,36.04,37.28,35.96,37.14,7.6157,42832400
2008-12-17,36.7,37.61,36.63,37.15,7.6178,38099980
2008-12-18,37.18,37.31,36.0,36.52,7.4886,38843696
2008-12-19,36.75,37.19,36.36,36.36,7.4558,30530556
2008-12-22,36.5,36.64,35.26,35.76,7.3327,59276960
2008-12-23,35.95,36.18,35.29,35.52,7.3172,31400756
2008-12-24,35.53,35.73,35.35,35.62,7.3378,14273816
2008-12-26,35.85,35.93,35.54,35.93,7.4017,30504268
2008-12-29,35.9,35.92,35.15,35.72,7.3584,32489728
2008-12-30,35.98,36.57,35.78,36.56,7.5315,32661152
2008-12-31,36.5,37.26,36.5,37.06,7.6345,29140232
2009-01-02,36.98,38.41,36.89,38.19,7.8673,24757164
2009-01-05,38.04,38.67,37.8203,38.3,7.8899,37937312
2009-01-06,38.63,39.08,38.4,38.86,8.0053,32451080
2009-01-07,38.11,38.28,37.47,37.6,7.7457,23219088
2009-01-08,37.44,37.87,37.1626,37.81,7.789,34139320
2009-01-09,37.87,37.95,36.98,37.06,7.6345,21586948
2009-01-12,36.98,37.02,36.07,36.33,7.4841,36233620
2009-01-13,36.2,36.6792,35.96,36.37,7.4923,49118880
2009-01-14,35.64,35.86,35.0,35.18,7.2472,18725376
2009-01-15,35.12,35.84,34.42,35.66,7.3461,29803568
2009-01-16,36.09,36.22,35.18,36.01,7.4182,34586776
2009-01-20,35.84,35.89,34.3,34.41,7.0886,47353120
2009-01-21,34.85,35.72,34.36,35.62,7.3378,30490016
2009-01-22,34.91,35.645,34.54,35.1,7.2307,27718976
2009-01-23,34.46,35.81,34.29,35.36,7.2843,21503624
2009-01-26,35.48,36.25,35.23,35.64,7.342,22564860
2009-01-27,35.8,36.21,35.61,35.92,7.3996,28783272
2009-01-28,36.7,37.24,36.5,36.96,7.6139,25843616
2009-01-29,36.48,36.6,35.92,36.08,7.4326,15271288
2009-01-30,36.12,36.23,35.0208,35.16,7.2431,22576348
2009-02-02,34.68,35.47,34.66,35.15,7.241,20646892
2009-02-03,35.36,36.12,35.06,35.86,7.3873,14726488
2009-02-04,36.14,36.66,35.79,35.86,7.3873,16069252
2009-02-05,35.61,36.88,35.51,36.58,7.5356,27140664
2009-02-06,36.68,37.66,36.59,37.54,7.7334,25041536
2009-02-09,37.5,37.8,37.22,37.48,7.721,26266920
2009-02-10,37.25,37.57,35.81,36.12,7.4408,39625248
2009-02-11,36.1,36.4,35.71,36.21,7.4594,29418316
2009-02-12,35.67,36.38,35.255,36.28,7.4738,20769472
2009-02-13,36.25,36.635,36.03,36.12,7.4408,16443428
2009-02-17,35.1,35.23,34.63,34.63,7.1339,21409292
2009-02-18,34.9,35.07,34.33,34.76,7.1607,25203152
2009-02-19,35.03,35.15,34.25,34.34,7.0742,24827844
2009-02-20,33.74,34.5289,33.58,34.24,7.0536,31000252
2009-02-23,34.35,34.41,32.81,32.99,6.7961,19560440
2009-02-24,33.06,34.11,32.94,33.95,6.9938,19042752
2009-02-25,33.79,34.19,33.18,33.65,6.932,23928532
2009-02-26,33.94,34.11,32.94,32.94,6.7858,18755924
2009-02-27,32.39,33.15,32.24,32.52,6.6992,44209400
2009-03-02,31.92,32.18,31.02,31.02,6.3902,31450264
2009-03-03,31.49,31.66,30.89,31.33,6.4541,27417620
2009-03-04,31.6,32.49,31.49,32.01,6.5942,22736108
2009-03-05,31.32,31.75,30.66,31.0,6.3861,25710940
2009-03-06,31.11,31.48,30.18,30.97,6.3799,39129492
2009-03-09,30.44,31.35,30.34,30.47,6.2769,21662208
2009-03-10,31.0,32.19,31.0,32.11,6.6148,28947756
2009-03-11,32.46,32.71,32.06,32.47,6.6889,23183724
2009-03-12,32.32,33.55,32.038,33.55,6.9114,20613376
2009-03-13,33.6,33.72,33.08,33.66,6.9341,25000328
2009-03-16,33.98,34.23,33.4,33.53,6.9073,27822560
2009-03-17,33.5,34.41,33.32,34.34,7.0742,21988896
2009-03-18,34.24,35.32,33.91,34.82,7.173,26007984
2009-03-19,35.26,35.29,34.62,34.78,7.1648,20913308
2009-03-20,34.93,35.1,34.04,34.24,7.0536,26190252
2009-03-23,34.99,36.34,34.54,36.34,7.4862,19552084
2009-03-24,35.87,36.13,35.54,35.64,7.3735,17708116
2009-03-25,35.87,36.34,34.86,35.78,7.4025,23263224
2009-03-26,36.15,36.76,35.97,36.74,7.6011,25562664
2009-03-27,36.27,36.339,35.82,35.88,7.4232,23727940
2009-03-30,35.3,35.36,34.55,34.9596,7.2328,27464220
2009-03-31,35.16,35.9,35.05,35.08,7.2577,29657224
2009-04-01,34.79,35.9,34.66,35.75,7.3963,25337512
2009-04-02,36.55,37.43,36.46,36.7,7.5928,22945372
2009-04-03,37.0,37.37,36.62,37.37,7.7314,18763996
2009-04-06,36.87,36.99,36.34,36.88,7.6301,17465476
2009-04-07,36.34,36.5,35.91,35.91,7.4294,27208232
2009-04-08,36.2,36.725,36.07,36.53,7.5577,14504040
2009-04-09,37.33,37.67,37.18,37.63,7.7852,20643868
2009-04-13,37.43,37.82,37.13,37.61,7.7811,16953392
2009-04-14,37.3,37.59,36.98,37.16,7.688,14363376
2009-04-15,36.85,37.42,36.75,37.42,7.7418,18758520
2009-04-16,37.53,38.2,37.24,38.09,7.8804,14878836
2009-04-17,38.11,38.36,37.81,38.15,7.8928,19443580
2009-04-20,37.56,37.59,36.78,36.83,7.6197,12088068
2009-04-21,36.64,37.42,36.61,37.4,7.7377,17032128
2009-04-22,37.14,38.08,37.0,37.51,7.7604,15407148
2009-04-23,37.41,37.63,36.93,37.56,7.7708,12345228
2009-04-24,37.88,38.5,37.72,38.26,7.9156,17006312
2009-04-27,37.83,38.46,37.73,38.03,7.868,14232196
2009-04-28,37.65,38.2,37.48,37.83,7.8266,11194108
2009-04-29,38.19,39.0,38.09,38.52,7.9694,13585040
2009-04-30,38.96,39.4216,38.45,38.64,7.9942,16011488
2009-05-01,38.6,39.04,38.32,38.94,8.0563,10703672
2009-05-04,39.2,40.0,39.07,39.94,8.2632,12655432
2009-05-05,39.85,39.98,39.54,39.78,8.2301,17130360
2009-05-06,40.34,40.34,39.63,40.22,8.3211,19144336
2009-05-07,40.43,40.56,39.26,39.47,8.1659,20409212
2009-05-08,40.0,40.28,39.58,40.09,8.2942,15299012
2009-05-11,39.65,39.9782,39.338,39.64,8.2011,9909996
2009-05-12,39.7,39.94,39.13,39.6,8.1928,14682188
2009-05-13,39.08,39.13,38.5,38.67,8.0004,16886372
2009-05-14,38.62,39.21,38.6,38.92,8.0521,16395244
2009-05-15,38.91,39.27,38.54,38.63,7.9921,15300616
2009-05-18,39.01,39.78,38.89,39.68,8.2094,14572944
2009-05-19,39.71,40.15,39.56,39.68,8.2094,11950532
2009-05-20,40.1,40.61,39.68,39.76,8.2259,17684132
2009-05-21,39.25,39.4,38.68,39.12,8.0935,13555224
2009-05-22,39.1,39.4609,38.81,39.09,8.0873,10635580
2009-05-26,38.71,40.18,38.69,40.04,8.2838,22813892
2009-05-27,39.99,40.32,39.4499,39.51,8.1742,14208288
2009-05-28,39.73,40.14,39.19,39.98,8.2714,13306128
2009-05-29,40.19,40.65,39.95,40.65,8.41,13285060
2009-06-01,41.19,42.0,41.1126,41.98,8.6852,19459832
2009-06-02,41.8,42.22,41.64,42.0,8.6893,16831768
2009-06-03,41.63,41.67,41.03,41.51,8.588,14686032
2009-06-04,41.54,41.86,41.3,41.84,8.6562,13055296
2009-06-05,42.13,42.29,41.52,41.97,8.6831,16283092
2009-06-08,41.57,42.04,41.11,41.72,8.6314,11311012
2009-06-09,41.92,42.21,41.68,42.03,8.6956,14049240
2009-06-10,42.28,42.37,41.32,42.03,8.6956,12381668
2009-06-11,41.96,42.52,41.96,42.05,8.6997,12753484
2009-06-12,41.77,42.03,41.5099,41.94,8.6769,13775588
2009-06-15,41.58,41.58,40.855,41.17,8.5176,11769116
2009-06-16,41.26,41.33,40.49,40.57,8.3935,13522144
2009-06-17,40.52,40.99,40.3,40.7,8.4204,15174184
2009-06-18,40.74,41.06,40.49,40.79,8.439,11012052
2009-06-19,41.16,41.3896,40.85,41.05,8.4928,18269884
2009-06-22,40.7,40.7,39.84,39.95,8.2652,16131984
2009-06-23,40.01,40.05,39.59,39.82,8.2383,17230556
2009-06-24,40.12,40.615,39.97,40.15,8.3066,15701236
2009-06-25,40.08,41.17,39.97,41.11,8.5052,9137592
2009-06-26,41.01,41.21,40.83,41.15,8.5135,19718168
2009-06-29,41.09,41.43,40.89,41.3,8.5445,10524516
2009-06-30,41.3,41.49,40.81,41.03,8.4887,11155124
2009-07-01,41.25,41.6,41.21,41.28,8.5404,12575896
2009-07-02,40.61,40.65,40.11,40.21,8.3558,10426840
2009-07-06,39.77,40.14,39.64,40.1,8.3329,13627504
2009-07-07,40.06,40.11,39.2796,39.35,8.1771,11048060
2009-07-08,39.51,39.64,39.07,39.46,8.1999,15713576
2009-07-09,39.72,39.78,39.37,39.46,8.1999,12291072
2009-07-10,39.28,39.73,39.162,39.49,8.2062,12427356
2009-07-13,39.53,40.25,39.18,40.25,8.3641,8152728
2009-07-14,40.32,40.49,40.0574,40.44,8.4036,7912904
2009-07-15,40.96,41.56,40.86,41.5,8.6239,13654752
2009-07-16,41.47,42.09,41.4,42.01,8.7298,9055792
2009-07-17,42.0,42.12,41.75,42.12,8.7527,7448536
2009-07-20,42.33,42.56,42.1,42.52,8.8358,9797528
2009-07-21,42.79,42.81,42.18,42.73,8.8795,21381764
2009-07-22,42.65,42.92,42.539,42.72,8.8774,18405508
2009-07-23,42.68,43.69,42.66,43.47,9.0332,15515344
2009-07-24,43.18,43.67,43.03,43.67,9.0748,9609828
2009-07-27,43.53,43.67,43.2,43.57,9.054,9978212
2009-07-28,43.38,43.62,43.08,43.6,9.0602,20262876
2009-07-29,43.25,43.54,43.18,43.46,9.0311,9651708
2009-07-30,43.95,44.32,43.7622,43.8,9.1018,11257992
2009-07-31,43.81,44.14,43.7,43.81,9.1039,20694368
2009-08-03,44.08,44.37,43.85,44.37,9.2203,12409608
2009-08-04,44.26,44.43,44.08,44.29,9.2036,15391928
2009-08-05,44.35,44.38,43.78,43.99,9.1413,15491392
2009-08-06,44.11,44.21,43.57,43.77,9.0956,22289320
2009-08-07,44.02,44.47,43.89,44.25,9.1953,11858352
2009-08-10,44.03,44.18,43.81,44.11,9.1662,11721868
2009-08-11,43.89,44.02,43.635,43.69,9.0789,11055872
2009-08-12,43.67,44.51,43.67,44.19,9.1828,9367996
2009-08-13,44.36,44.47,43.96,44.47,9.241,11517436
2009-08-14,44.44,44.5,43.7,44.08,9.16,9939872
2009-08-17,43.34,43.43,43.05,43.08,8.9522,16946384
2009-08-18,43.25,43.5991,43.11,43.45,9.0291,13495288
2009-08-19,43.14,43.92,43.09,43.88,9.1184,11591024
2009-08-20,43.84,44.35,43.74,44.3,9.2057,8606560
2009-08-21,44.55,44.955,44.3,44.94,9.3387,23187164
2009-08-24,45.08,45.215,44.73,44.91,9.3325,10700048
2009-08-25,45.07,45.31,44.87,45.02,9.3553,11411220
2009-08-26,44.84,45.18,44.77,44.94,9.3387,8668604
2009-08-27,44.99,45.15,44.44,45.05,9.3616,10512212
2009-08-28,45.43,45.48,44.75,45.0,9.3512,5720012
2009-08-31,44.62,44.74,44.39,44.66,9.2805,9190476
2009-09-01,44.44,45.0409,43.82,43.86,9.1143,9958588
2009-09-02,43.78,44.06,43.69,43.88,9.1184,8448100
2009-09-03,44.01,44.23,43.71,44.19,9.1828,10050600
2009-09-04,44.24,44.81,44.14,44.81,9.3117,8293008
2009-09-08,45.12,45.17,44.89,45.11,9.374,12944500
2009-09-09,45.23,45.59,45.04,45.48,9.4509,9074416
2009-09-10,45.41,45.89,45.299,45.86,9.5299,7224828
2009-09-11,45.96,46.05,45.67,45.94,9.5465,8051572
2009-09-14,45.53,46.09,45.53,46.07,9.5735,10950932
2009-09-15,46.13,46.28,45.82,46.12,9.5839,12960408
2009-09-16,46.2,46.74,46.12,46.74,9.7127,9368656
2009-09-17,46.59,46.99,46.49,46.72,9.7086,12885652
2009-09-18,46.85,46.92,46.63,46.8,9.7252,10567208
2009-09-21,46.4,46.832,46.39,46.77,9.719,9717080
2009-09-22,46.8,46.839,46.54,46.71,9.7389,8169496
2009-09-23,46.76,47.1,46.32,46.35,9.6638,9370856
2009-09-24,46.51,46.6,45.8299,46.05,9.6013,9432384
2009-09-25,45.9,46.12,45.64,45.81,9.5513,8104324
2009-09-28,46.0,46.65,45.89,46.37,9.668,9968804
2009-09-29,46.58,46.75,46.2815,46.42,9.6784,9050112
2009-09-30,46.51,46.64,45.78,46.31,9.6555,10595300
2009-10-01,46.24,46.24,45.26,45.31,9.447,8338424
2009-10-02,44.93,45.35,44.87,45.18,9.4199,20684948
2009-10-05,45.29,45.71,45.085,45.57,9.5012,10564220
2009-10-06,45.89,46.458,45.8,46.21,9.6347,23494048
2009-10-07,46.1,46.39,46.1,46.37,9.668,7313080
2009-10-08,46.65,46.94,46.5074,46.75,9.7472,8800496
2009-10-09,46.63,47.08,46.58,47.08,9.816,6652928
2009-10-12,47.28,47.4,46.9626,47.16,9.8327,5200584
2009-10-13,47.0,47.1975,46.84,47.09,9.8181,7339836
2009-10-14,47.49,47.83,47.37,47.79,9.9641,8483232
2009-10-15,47.6,47.96,47.53,47.94,9.9954,8304444
2009-10-16,47.53,47.83,47.415,47.76,9.9578,7903740
2009-10-19,47.76,48.23,47.64,48.12,10.0329,7457540
2009-10-20,48.15,48.16,47.6,47.83,9.9724,9303712
2009-10-21,47.81,48.29,47.46,47.48,9.8994,8690404
2009-10-22,47.4,48.04,47.17,47.93,9.9933,12343188
2009-10-23,48.18,48.2,47.39,47.51,9.9057,11205720
2009-10-26,47.52,48.08,47.06,47.22,9.8452,10046216
2009-10-27,47.17,47.35,46.774,46.85,9.7681,8533500
2009-10-28,46.76,46.92,46.0,46.05,9.6013,11460980
2009-10-29,46.31,46.89,46.2404,46.78,9.7535,11630552
2009-10-30,46.75,46.88,45.66,45.72,9.5325,14823916
2009-11-02,45.9,46.415,45.56,46.02,9.595,12371128
2009-11-03,45.78,46.16,45.71,46.1,9.6117,11230952
2009-11-04,46.37,46.88,46.24,46.35,9.6638,16022912
2009-11-05,46.7,47.29,46.63,47.29,9.8598,9604316
2009-11-06,46.99,47.5,46.92,47.34,9.8703,7301492
2009-11-09,47.65,48.36,47.64,48.35,10.0808,15316924
2009-11-10,48.28,48.53,48.19,48.37,10.085,9131572
2009-11-11,48.69,48.88,48.395,48.64,10.1413,9934624
2009-11-12,48.52,48.82,48.13,48.25,10.06,17913448
2009-11-13,48.36,48.7,48.152,48.61,10.135,13708036
2009-11-16,48.88,49.36,48.77,49.21,10.2601,12381436
2009-11-17,49.04,49.31,48.905,49.3,10.2789,10479280
2009-11-18,49.21,49.25,48.88,49.16,10.2497,12099212
2009-11-19,48.82,48.8471,48.235,48.59,10.1309,16245368
2009-11-20,48.3,48.53,48.23,48.46,10.1038,7627964
2009-11-23,49.0,49.27,48.85,49.01,10.2184,16304680
2009-11-24,49.1,49.1,48.664,49.0,10.2164,10049620
2009-11-25,49.09,49.28,48.99,49.19,10.256,6272856
2009-11-27,48.08,48.81,47.95,48.53,10.1184,7979124
2009-11-30,48.39,48.66,48.18,48.57,10.1267,13970912
2009-12-01,48.85,49.38,48.85,49.16,10.2497,17311168
2009-12-02,49.13,49.58,49.13,49.25,10.2685,17705208
2009-12-03,49.3,49.57,48.88,48.96,10.208,18432808
2009-12-04,49.59,49.77,48.75,49.22,10.2622,23372580
2009-12-07,49.15,49.38,48.94,49.09,10.2351,13244208
2009-12-08,48.78,48.88,48.395,48.64,10.1413,17805784
2009-12-09,48.63,48.85,48.28,48.79,10.1726,15825040
2009-12-10,49.1,49.32,49.02,49.16,10.2497,6573032
2009-12-11,49.33,49.69,49.1,49.26,10.2706,8841292
2009-12-14,49.47,49.71,49.41,49.71,10.3644,6668820
2009-12-15,49.43,49.72,49.36,49.44,10.3081,8424376
2009-12-16,49.67,49.84,49.445,49.56,10.3331,10474408
2009-12-17,49.17,49.31,48.88,48.96,10.208,10538076
2009-12-18,49.2,49.31,48.83,49.31,10.281,9120788
2009-12-21,49.49,49.89,49.49,49.72,10.3665,6645140
2009-12-22,49.85,50.14,49.81,49.96,10.4165,8393952
2009-12-23,49.95,50.07,49.74,50.02,10.4706,9283184
2009-12-24,50.13,50.34,50.105,50.3,10.5292,3032984
2009-12-28,50.36,50.47,50.21,50.46,10.5627,7815904
2009-12-29,50.55,50.55,50.34,50.39,10.5481,11509008
2009-12-30,50.16,50.41,50.16,50.34,10.5376,5431352
2009-12-31,50.49,50.49,49.83,49.85,10.4351,7117512
2010-01-04,50.23,50.59,50.2,50.5,10.5711,13563024
2010-01-05,50.5,50.62,50.25,50.51,10.5732,8808600
2010-01-06,50.5,50.628,50.4,50.51,10.5732,13037076
2010-01-07,50.45,50.57,50.21,50.55,10.5816,11715688
2010-01-08,50.45,50.83,50.285,50.83,10.6402,11655584
2010-01-11,50.88,50.97,50.54,50.74,10.6214,9447320
2010-01-12,50.39,50.59,50.165,50.32,10.5334,8917764
2010-01-13,50.46,50.94,50.29,50.84,10.6423,8913372
2010-01-14,50.72,51.03,50.72,50.96,10.6674,5969680
2010-01-15,50.84,50.99,50.2815,50.45,10.5606,7829520
2010-01-19,50.42,51.06,50.42,51.0,10.6758,11828364
2010-01-20,50.74,50.75,50.08,50.55,10.5816,12356592
2010-01-21,50.5,50.69,49.64,49.75,10.4141,16524344
2010-01-22,49.48,49.69,48.59,48.68,10.1901,13367088
2010-01-25,49.0,49.07,48.72,48.85,10.2257,18866600
2010-01-26,48.66,49.1965,48.54,48.76,10.2069,19471740
2010-01-27,48.65,49.045,48.36,48.97,10.2508,23051224
2010-01-28,49.06,49.06,48.0,48.21,10.0918,17340972
2010-01-29,48.44,48.73,47.54,47.61,9.9662,16267752
2010-02-01,47.84,48.3,47.84,48.27,10.1043,15599096
2010-02-02,48.43,48.9296,48.19,48.81,10.2173,11788188
2010-02-03,48.55,48.87,48.55,48.73,10.2006,7239436
2010-02-04,48.35,48.45,47.33,47.34,9.9096,13663480
2010-02-05,47.4,47.53,46.64,47.44,9.9306,17264552
2010-02-08,47.54,47.74,47.16,47.21,9.8824,10847216
2010-02-09,47.68,48.17,47.4072,47.8,10.0059,13476656
2010-02-10,47.74,47.91,47.32,47.71,9.9871,6763476
2010-02-11,47.65,48.295,47.37,48.17,10.0834,6857908
2010-02-12,47.71,48.26,47.58,48.24,10.098,7314836
2010-02-16,48.5,48.94,48.39,48.87,10.2299,8137996
2010-02-17,49.16,49.24,48.96,49.24,10.3074,5374804
2010-02-18,49.19,49.59,49.1,49.57,10.3764,8955092
2010-02-19,49.42,49.71,49.26,49.57,10.3764,8414664
2010-02-22,49.74,49.75,49.3615,49.51,10.3639,7053796
2010-02-23,49.33,49.46,48.8,48.89,10.2341,12124248
2010-02-24,49.08,49.3825,48.97,49.33,10.3262,5796904
2010-02-25,48.65,49.33,48.52,49.28,10.3157,14047512
2010-02-26,49.33,49.43,49.03,49.27,10.3136,7220464
2010-03-01,49.44,49.905,49.44,49.88,10.4413,7234688
2010-03-02,50.07,50.22,49.93,50.04,10.4748,6752648
2010-03-03,50.11,50.3062,49.96,50.09,10.4853,7974148
2010-03-04,50.16,50.27,49.939,50.24,10.5167,5706196
2010-03-05,50.49,50.87,50.4,50.87,10.6486,8316628
2010-03-08,50.85,50.92,50.75,50.87,10.6486,9573416
2010-03-09,50.71,51.17,50.68,50.93,10.6611,8783144
2010-03-10,50.9,51.209,50.8825,51.14,10.7051,8209776
2010-03-11,50.97,51.3,50.83,51.26,10.7302,14299180
2010-03-12,51.53,51.53,51.15,51.36,10.7511,9741112
2010-03-15,51.29,51.41,51.041,51.41,10.7616,8541332
2010-03-16,51.48,51.72,51.35,51.64,10.8097,7555164
2010-03-17,51.8,52.09,51.77,51.94,10.8725,9498396
2010-03-18,51.86,52.01,51.8,52.0,10.8851,10854328
2010-03-19,52.1,52.11,51.52,51.73,10.8286,11153248
2010-03-22,51.49,52.165,51.41,52.08,10.9019,8884144
2010-03-23,52.1,52.43,51.94,52.37,10.9626,13149012
2010-03-24,52.0,52.11,51.81,51.89,10.895,17005116
2010-03-25,52.22,52.41,51.8,51.86,10.8887,20166880
2010-03-26,51.89,52.12,51.59,51.84,10.8845,16408592
2010-03-29,52.05,52.18,51.99,52.12,10.9433,8264232
2010-03-30,52.16,52.37,51.97,52.22,10.9643,6874832
2010-03-31,52.06,52.2299,51.89,51.95,10.9076,19637992
2010-04-01,52.32,52.5,51.9,52.22,10.9643,13011104
2010-04-05,52.4,52.6996,52.27,52.62,11.0483,6854604
2010-04-06,52.42,52.782,52.4,52.66,11.0567,11563944
2010-04-07,52.55,52.69,52.19,52.41,11.0042,15262116
2010-04-08,52.29,52.59,52.11,52.49,11.021,11789792
2010-04-09,52.61,52.86,52.48,52.83,11.0924,10415300
2010-04-12,52.9,53.01,52.82,52.88,11.1029,12976492
2010-04-13,52.89,53.07,52.6001,52.98,11.1239,9120716
2010-04-14,53.15,53.47,53.055,53.43,11.2184,10993404
2010-04-15,53.32,53.63,53.32,53.6,11.2541,7668168
2010-04-16,53.36,53.53,52.67,52.93,11.1134,15878888
2010-04-19,52.76,53.1,52.54,53.1,11.1491,8687624
2010-04-20,53.31,53.45,53.0996,53.43,11.2184,14475040
2010-04-21,53.47,53.54,53.158,53.34,11.1995,10925068
2010-04-22,53.01,53.59,52.69,53.53,11.2394,8023996
2010-04-23,53.56,53.88,53.37,53.86,11.3087,12542252
2010-04-26,53.89,54.01,53.65,53.84,11.3045,11966408
2010-04-27,53.46,53.6874,52.52,52.58,11.0399,15151308
2010-04-28,52.87,52.94,52.41,52.84,11.0945,15954748
2010-04-29,53.09,53.5,53.0362,53.39,11.21,10484960
2010-04-30,53.44,53.52,52.51,52.51,11.0252,12577576
2010-05-03,52.73,53.26,52.71,53.15,11.1596,10784252
2010-05-04,52.55,52.58,51.648,51.87,10.8908,12520784
2010-05-05,51.43,52.02,51.33,51.65,10.8446,16007840
2010-05-06,51.42,51.748,19.88,50.11,10.5213,36768824
2010-05-07,49.87,50.25,48.41,49.11,10.3113,31700868
2010-05-10,50.98,51.43,50.74,51.31,10.7733,22220684
2010-05-11,50.77,51.79,50.76,51.18,10.746,13181740
2010-05-12,51.42,52.03,51.33,52.0,10.9181,11892540
2010-05-13,51.84,52.14,51.31,51.34,10.7796,10173984
2010-05-14,51.06,51.08,50.04,50.49,10.6011,16536540
2010-05-17,50.56,50.7777,49.66,50.53,10.6095,11168388
2010-05-18,50.93,51.11,49.84,50.0,10.4982,12085308
2010-05-19,49.73,50.11,49.108,49.61,10.4163,21402388
2010-05-20,48.57,48.83,47.85,47.91,10.0594,20203448
2010-05-21,47.14,48.6,47.02,48.32,10.1455,21544016
2010-05-24,48.03,48.64,47.98,48.03,10.0846,14076424
2010-05-25,46.87,48.01,46.57,48.01,10.0804,20237480
2010-05-26,48.31,48.7,47.48,47.6,9.9943,18506476
2010-05-27,48.47,49.06,48.29,49.05,10.2987,14933128
2010-05-28,49.05,49.05,48.32,48.48,10.1791,18538900
2010-06-01,48.19,48.87,47.84,47.94,10.0657,17022028
2010-06-02,48.15,49.06,47.92,49.02,10.2924,12916196
2010-06-03,49.16,49.43,48.86,49.31,10.3533,11266700
2010-06-04,48.52,48.78,47.54,47.72,10.0195,25532384
2010-06-07,47.87,48.03,47.05,47.06,9.8809,14770800
2010-06-08,47.06,47.47,46.66,47.38,9.9481,13191408
2010-06-09,47.73,48.11,47.03,47.16,9.9019,8402952
2010-06-10,47.88,48.45,47.8252,48.45,10.1728,8821820
2010-06-11,48.0,48.7174,47.97,48.7,10.2252,9396176
2010-06-14,49.01,49.35,48.66,48.71,10.2273,7635860
2010-06-15,49.06,49.81,48.95,49.77,10.4499,10917096
2010-06-16,49.51,49.96,49.45,49.78,10.452,7460160
2010-06-17,49.89,50.0,49.41,49.83,10.4625,8619556
2010-06-18,49.87,50.08,49.73,49.82,10.4604,9151732
2010-06-21,50.42,50.46,49.37,49.62,10.4184,8600344
2010-06-22,49.63,49.93,48.8601,48.93,10.2735,10045504
2010-06-23,48.92,49.18,48.44,48.83,10.2525,8294856
2010-06-24,48.65,48.69,47.99,48.14,10.1077,14166048
2010-06-25,48.23,48.46,47.7677,48.11,10.1014,15665348
2010-06-28,48.13,48.318,47.75,47.86,10.0489,12355636
2010-06-29,47.25,47.28,46.01,46.27,9.715,15772332
2010-06-30,46.21,46.67,45.76,45.83,9.6227,22482496
2010-07-01,45.86,46.04,45.03,45.79,9.6143,20896004
2010-07-02,45.65,45.81,45.09,45.36,9.566,12460948
2010-07-06,45.95,46.31,45.14,45.51,9.5977,15459860
2010-07-07,45.66,47.02,45.61,46.98,9.9077,16185136
2010-07-08,47.37,47.495,46.87,47.4,9.9962,10377864
2010-07-09,47.45,47.74,47.33,47.73,10.0658,5287520
2010-07-12,47.63,47.96,47.41,47.73,10.0658,5677484
2010-07-13,48.21,48.67,48.07,48.45,10.2177,10759148
2010-07-14,48.35,48.79,48.27,48.59,10.2472,7390512
2010-07-15,48.5,48.72,47.93,48.61,10.2514,8457948
2010-07-16,48.33,48.38,47.2,47.28,9.9709,8447176
2010-07-19,47.43,47.71,47.1,47.58,10.0342,7480392
2010-07-20,46.93,48.25,46.83,48.22,10.1692,8164516
2010-07-21,48.39,48.4776,47.42,47.64,10.0469,10124952
2010-07-22,48.15,48.89,48.14,48.71,10.2725,10434296
2010-07-23,48.52,49.24,48.47,49.16,10.3674,35466348
2010-07-26,49.27,49.66,49.0892,49.61,10.4623,10374216
2010-07-27,49.9,49.94,49.28,49.47,10.4328,17680020
2010-07-28,49.46,49.555,48.99,49.15,10.3653,13187792
2010-07-29,49.43,49.5609,48.45,48.874,10.3071,8407092
2010-07-30,48.37,49.11,48.27,48.9,10.3126,9067784
2010-08-02,49.69,50.03,49.42,49.93,10.5298,8081648
2010-08-03,49.83,49.94,49.5,49.73,10.4876,8351696
2010-08-04,49.9,50.2,49.73,50.18,10.5825,6971536
2010-08-05,49.82,50.09,49.74,50.08,10.5614,10071104
2010-08-06,49.6,50.0,49.25,49.88,10.5192,9259676
2010-08-09,50.16,50.28,49.9,50.19,10.5846,7336412
2010-08-10,49.74,50.07,49.42,49.82,10.5066,11452180
2010-08-11,49.11,49.11,48.39,48.49,10.2261,7465800
2010-08-12,47.76,48.27,47.56,48.12,10.1481,8642280
2010-08-13,47.96,48.19,47.85,47.93,10.108,8716440
2010-08-16,47.61,48.13,47.43,47.95,10.1122,9688704
2010-08-17,48.33,48.99,48.25,48.63,10.2556,7186376
2010-08-18,48.65,48.9719,48.32,48.7,10.2704,8549280
2010-08-19,48.48,48.62,47.73,47.97,10.1164,10105912
2010-08-20,47.8,47.92,47.47,47.85,10.0911,6865988
2010-08-23,48.05,48.31,47.59,47.63,10.0447,9231680
2010-08-24,47.04,47.2399,46.56,46.83,9.876,13171368
2010-08-25,46.49,47.1969,46.28,46.99,9.9098,8126824
2010-08-26,47.25,47.29,46.54,46.64,9.836,8095768
2010-08-27,46.91,47.44,46.19,47.38,9.992,9680352
2010-08-30,47.25,47.462,46.71,46.71,9.8507,7471212
2010-08-31,46.5,46.9465,46.34,46.61,9.8296,10767100
2010-09-01,47.26,48.04,47.24,48.0,10.1228,20140412
2010-09-02,48.05,48.52,48.01,48.5,10.2282,8209264
2010-09-03,49.03,49.23,48.75,49.16,10.3674,6037792
2010-09-07,48.91,49.07,48.66,48.74,10.2788,7075404
2010-09-08,48.74,49.18,48.74,48.97,10.3273,9214256
2010-09-09,49.49,49.59,48.95,49.09,10.3526,7358636
2010-09-10,49.17,49.38,49.04,49.32,10.4011,6217808
2010-09-13,49.8,49.97,49.63,49.88,10.5192,12293340
2010-09-14,49.74,50.26,49.67,49.99,10.5424,18739660
2010-09-15,49.75,50.248,49.69,50.19,10.5846,12793808
2010-09-16,50.02,50.33,49.96,50.28,10.6036,9725536
2010-09-17,50.55,50.5801,50.2,50.41,10.631,9453912
2010-09-20,50.54,51.2481,50.46,51.17,10.7913,11990368
2010-09-21,51.14,51.44,50.88,51.11,10.7786,15781280
2010-09-22,50.98,51.2919,50.72,50.94,10.7428,11970632
2010-09-23,50.35,50.99,50.3,50.5,10.6841,11634568
2010-09-24,51.05,51.61,51.01,51.56,10.9084,13633040
2010-09-27,51.56,51.7,51.35,51.38,10.8703,11795004
2010-09-28,51.48,51.75,50.85,51.61,10.9189,9070740
2010-09-29,51.53,51.75,51.4,51.59,10.9147,10709428
2010-09-30,51.82,52.12,51.14,51.37,10.8682,28520372
2010-10-01,51.71,51.84,51.28,51.55,10.9062,11396332
2010-10-04,51.36,51.62,50.85,51.12,10.8153,16482300
2010-10-05,51.58,52.25,51.57,52.13,11.029,7727232
2010-10-06,52.07,52.25,51.8,52.06,11.0141,13673344
2010-10-07,52.26,52.27,51.67,51.99,10.9993,6978364
2010-10-08,52.09,52.52,51.8773,52.4,11.0861,6716504
2010-10-11,52.51,52.6,52.28,52.42,11.0903,6501996
2010-10-12,52.27,52.76,51.95,52.61,11.1305,11295016
2010-10-13,52.88,53.34,52.82,53.05,11.2236,6710108
2010-10-14,53.05,53.22,52.71,53.03,11.2194,6539828
2010-10-15,53.37,53.49,52.92,53.43,11.304,7579416
2010-10-18,53.43,53.669,53.28,53.64,11.3484,5328620
2010-10-19,52.93,53.19,52.41,52.72,11.1538,9736664
2010-10-20,52.91,53.51,52.8,53.21,11.2574,6940268
2010-10-21,53.55,53.8369,52.99,53.45,11.3082,6804740
2010-10-22,53.45,53.66,53.405,53.655,11.3516,5434832
2010-10-25,53.97,54.31,53.84,53.89,11.4013,5173688
2010-10-26,53.61,54.0,53.44,53.9,11.4034,7292064
2010-10-27,53.58,53.8591,53.275,53.83,11.3886,8601548
2010-10-28,54.05,54.1,53.47,53.79,11.3802,6986480
2010-10-29,53.7,53.98,53.7,53.89,11.4013,7821352
2010-11-01,54.23,54.42,53.65,53.93,11.4098,7376368
2010-11-02,54.36,54.58,54.23,54.46,11.5219,5939104
2010-11-03,54.55,54.68,53.99,54.67,11.5663,8665944
2010-11-04,55.16,55.7,55.16,55.7,11.7842,11740216
2010-11-05,55.56,55.83,55.55,55.78,11.8012,22718304
2010-11-08,55.58,55.81,55.45,55.76,11.7969,8171740
2010-11-09,55.94,56.05,55.22,55.43,11.7271,8078200
2010-11-10,55.49,55.71,55.05,55.67,11.7779,7275708
2010-11-11,55.07,55.51,54.9,55.49,11.7398,26346328
2010-11-12,55.16,55.32,54.43,54.72,11.5769,10068968
2010-11-15,54.96,55.02,54.56,54.6,11.5515,10161764
2010-11-16,54.23,54.4,53.49,53.71,11.3632,12212572
2010-11-17,53.72,54.06,53.66,53.83,11.3886,11743920
2010-11-18,54.3,54.9,54.3,54.71,11.5748,10884092
2010-11-19,54.55,54.96,54.43,54.92,11.6192,10607020
2010-11-22,54.76,55.12,54.42,55.1,11.6573,13821364
2010-11-23,54.54,54.6075,54.07,54.37,11.5029,14189796
2010-11-24,54.65,55.32,54.65,55.31,11.7017,8713852
2010-11-26,54.8,55.13,54.7696,54.93,11.6213,2033560
2010-11-29,54.64,54.93,54.15,54.78,11.5896,29276200
2010-11-30,54.25,54.76,54.1,54.5,11.5304,15058120
2010-12-01,55.23,55.785,55.23,55.65,11.7737,11022360
2010-12-02,55.73,56.29,55.7,56.25,11.9006,10948756
2010-12-03,56.09,56.49,56.0265,56.42,11.9366,8583784
2010-12-06,56.32,56.52,56.254,56.41,11.9345,9730860
2010-12-07,57.0,57.0,56.36,56.36,11.9239,16121732
2010-12-08,56.5,56.64,56.17,56.53,11.9598,8342304
2010-12-09,56.91,56.91,56.391,56.62,11.9789,11750080
2010-12-10,56.73,56.93,56.57,56.91,12.0402,7542396
2010-12-13,57.16,57.16,56.81,56.84,12.0254,8261840
2010-12-14,56.93,57.12,56.74,56.91,12.0402,9342424
2010-12-15,56.74,57.12,56.6,56.69,11.9937,6208404
2010-12-16,56.73,57.086,56.52,57.05,12.0699,7102988
2010-12-17,57.1,57.27,56.98,57.15,12.091,9499088
2010-12-20,57.31,57.39,56.96,57.2,12.1016,9354000
2010-12-21,57.43,57.59,57.36,57.53,12.1714,8733044
2010-12-22,57.39,57.41,57.28,57.37,12.1811,7628684
2010-12-23,57.26,57.38,57.16,57.3,12.1663,5284024
2010-12-27,57.07,57.34,56.94,57.3,12.1663,5479600
2010-12-28,57.43,57.44,57.17,57.29,12.1641,6198500
2010-12-29,57.4,57.54,57.34,57.43,12.1939,4450156
2010-12-30,57.4,57.49,57.27,57.34,12.1748,6236640
2010-12-31,57.2,57.31,57.1099,57.26,12.1578,6870104
2011-01-03,57.56,58.1,57.525,57.8,12.2724,19041432
2011-01-04,57.86,57.95,57.27,57.55,12.2193,21619964
2011-01-05,57.46,57.92,57.36,57.87,12.2873,15281756
2011-01-06,57.96,58.04,57.68,57.89,12.2915,14889020
2011-01-07,57.91,58.07,57.42,57.81,12.2745,11538812
2011-01-10,57.56,57.98,57.44,57.88,12.2894,9814396
2011-01-11,58.16,58.26,57.91,58.13,12.3425,16986660
2011-01-12,58.5,58.61,58.3,58.6,12.4423,15558684
2011-01-13,58.58,58.69,58.42,58.59,12.4402,8810924
2011-01-14,58.52,58.96,58.425,58.94,12.5145,14778236
2011-01-18,58.92,59.24,58.84,59.2,12.5697,14290440
2011-01-19,59.2,59.24,58.48,58.64,12.4508,9600364
2011-01-20,58.44,58.515,57.9185,58.362,12.3917,12905236
2011-01-21,58.72,58.82,58.26,58.33,12.385,11996264
2011-01-24,58.31,58.82,58.2459,58.79,12.4826,8370576
2011-01-25,58.57,58.84,58.34,58.84,12.4932,19732656
2011-01-26,58.93,59.37,58.88,59.24,12.5782,13427432
2011-01-27,59.26,59.52,59.15,59.36,12.6036,14486964
2011-01-28,59.44,59.47,58.13,58.23,12.3637,15085572
2011-01-31,58.38,58.72,58.2,58.65,12.4529,26140376
2011-02-01,59.02,59.69,58.97,59.56,12.6461,11105276
2011-02-02,59.38,59.69,59.38,59.51,12.6355,9381556
2011-02-03,59.5,59.76,59.13,59.65,12.6652,8064812
2011-02-04,59.72,59.99,59.54,59.97,12.7332,8361828
2011-02-07,60.15,60.54,60.08,60.33,12.8096,11179736
2011-02-08,60.42,60.6,60.2,60.6,12.8669,10041736
2011-02-09,60.48,60.65,60.23,60.5,12.8457,11000956
2011-02-10,60.13,60.58,60.01,60.52,12.8499,11784212
2011-02-11,60.4,60.98,60.29,60.94,12.9391,9389612
2011-02-14,60.91,61.17,60.88,61.1,12.9731,6559636
2011-02-15,60.89,61.02,60.69,60.87,12.9243,5784704
2011-02-16,61.14,61.4099,61.04,61.298,13.0151,10252708
2011-02-17,61.07,61.49,61.06,61.44,13.0453,5665244
2011-02-18,61.5,61.62,61.3068,61.51,13.0601,6012796
2011-02-22,60.9,61.2,60.08,60.19,12.7799,19333228
2011-02-23,60.21,60.25,59.26,59.71,12.678,14146616
2011-02-24,59.66,59.97,59.13,59.7,12.6758,12979152
2011-02-25,60.0,60.44,59.96,60.36,12.816,13382900
2011-02-28,60.68,60.79,60.3,60.66,12.8797,10904976
2011-03-01,60.92,60.92,59.59,59.66,12.6673,10658668
2011-03-02,59.49,60.11,59.49,59.85,12.7077,9083064
2011-03-03,60.35,60.97,60.342,60.91,12.9328,7247552
2011-03-04,60.84,60.96,60.13,60.51,12.8478,11672728
2011-03-07,60.72,60.83,55.99,59.9,12.7183,9436748
2011-03-08,59.91,60.49,59.592,60.25,12.7926,18159864
2011-03-09,60.15,60.29,59.78,60.11,12.7629,8471832
2011-03-10,59.46,59.51,58.93,59.01,12.5293,10093100
2011-03-11,58.79,59.62,58.7521,59.42,12.6164,14452840
2011-03-14,59.14,59.34,58.65,59.12,12.5527,10944660
2011-03-15,57.5,58.78,57.41,58.47,12.4147,17776660
2011-03-16,58.31,58.4799,56.93,57.36,12.179,19530552
2011-03-17,58.2,58.33,57.77,57.97,12.3085,12891932
2011-03-18,58.65,58.79,57.93,58.02,12.3191,13021368
2011-03-21,58.72,59.2236,58.66,59.02,12.5315,10043224
2011-03-22,59.04,59.12,58.78,58.88,12.5017,6467508
2011-03-23,58.75,59.29,58.46,59.13,12.5548,10642764
2011-03-24,59.32,59.7,59.01,59.62,12.6992,11415764
2011-03-25,59.79,60.12,59.69,59.82,12.7418,14866616
2011-03-28,59.92,60.12,59.6499,59.67,12.7098,9224796
2011-03-29,59.62,60.11,59.41,60.08,12.7971,10500912
2011-03-30,60.45,60.62,60.28,60.48,12.8823,13642224
2011-03-31,60.45,60.6099,60.35,60.47,12.8802,12711472
2011-04-01,60.92,61.01,60.57,60.72,12.9335,7641456
2011-04-04,60.88,60.97,60.59,60.75,12.9398,6556048
2011-04-05,60.61,61.11,60.61,60.84,12.959,8345844
2011-04-06,61.14,61.22,60.69,60.9,12.9718,12798748
2011-04-07,60.83,61.1,60.46,60.8,12.9505,6748948
2011-04-08,61.07,61.1,60.26,60.55,12.8972,5951452
2011-04-11,60.62,60.77,60.16,60.33,12.8504,9332616
2011-04-12,59.98,60.122,59.64,59.86,12.7503,6513108
2011-04-13,60.18,60.28,59.75,60.07,12.795,9158488
2011-04-14,59.7,60.16,59.51,60.07,12.795,11570068
2011-04-15,60.23,60.38,59.88,60.23,12.8291,10346456
2011-04-18,59.6,59.7,59.03,59.63,12.7013,7724520
2011-04-19,59.74,59.98,59.56,59.96,12.7716,8206704
2011-04-20,60.79,61.09,60.7,61.04,13.0016,8019716
2011-04-21,61.35,61.5,61.2,61.49,13.0975,4755068
2011-04-25,61.49,61.5,61.1608,61.37,13.0719,7949144
2011-04-26,61.58,62.03,61.48,61.91,13.1869,4748776
2011-04-27,62.05,62.31,61.66,62.25,13.2593,5708036
2011-04-28,62.15,62.41,62.09,62.33,13.2764,6605320
2011-04-29,62.33,62.59,62.27,62.46,13.3041,4557112
2011-05-02,62.77,62.8054,62.23,62.34,13.2785,7956988
2011-05-03,62.17,62.31,61.69,62.01,13.2082,12309408
2011-05-04,61.98,62.0299,61.27,61.61,13.123,9360572
2011-05-05,61.31,61.805,60.9,61.17,13.0293,11377972
2011-05-06,61.8,62.11,61.17,61.41,13.0804,7101884
2011-05-09,61.45,61.94,61.4,61.75,13.1528,8643928
2011-05-10,61.96,62.37,61.88,62.27,13.2636,6983732
2011-05-11,62.21,62.27,61.34,61.668,13.1354,7569772
2011-05-12,61.53,62.12,61.16,62.02,13.2104,9949748
2011-05-13,62.08,62.12,61.35,61.48,13.0953,8224508
2011-05-16,61.26,61.69,60.86,60.95,12.9824,9464780
2011-05-17,60.73,60.92,60.2999,60.83,12.9569,7585948
2011-05-18,60.87,61.51,60.74,61.44,13.0868,7514156
2011-05-19,61.6,61.76,61.24,61.6,13.1209,7311292
2011-05-20,61.42,61.57,60.9615,61.17,13.0293,6673384
2011-05-23,60.45,60.618,60.18,60.41,12.8674,9361316
2011-05-24,60.57,60.74,60.2499,60.34,12.8525,5572052
2011-05-25,60.09,60.88,60.09,60.61,12.91,5906416
2011-05-26,60.5,61.07,60.44,60.97,12.9867,7670112
2011-05-27,61.15,61.33,61.0344,61.19,13.0336,8102192
2011-05-31,61.77,61.789,61.28,61.77,13.1571,11971100
2011-06-01,61.6,61.76,60.44,60.48,12.8823,9069344
2011-06-02,60.57,60.74,60.1,60.438,12.8734,8339548
2011-06-03,59.7,60.21,59.65,59.78,12.7332,8911236
2011-06-06,59.69,59.83,59.14,59.21,12.6118,10085808
2011-06-07,59.45,59.66,59.15,59.17,12.6033,6166732
2011-06-08,59.06,59.16,58.71,58.83,12.5309,7799404
2011-06-09,58.96,59.45,58.85,59.2,12.6097,4568744
2011-06-10,58.95,58.999,58.23,58.27,12.4116,8513484
2011-06-13,58.37,58.59,57.92,58.16,12.3882,5769076
2011-06-14,58.78,59.23,58.67,59.05,12.5777,6285960
2011-06-15,58.53,58.83,57.92,58.04,12.3626,9776912
2011-06-16,58.07,58.38,57.58,58.04,12.3626,8555584
2011-06-17,58.56,58.61,57.93,58.08,12.3711,12226408
2011-06-20,57.87,58.56,57.87,58.43,12.4457,8979156
2011-06-21,58.75,59.52,58.64,59.41,12.6544,10541316
2011-06-22,59.23,59.53,59.0,59.04,12.5756,6731700
2011-06-23,58.34,59.11,57.94,59.1,12.5884,12129564
2011-06-24,58.99,59.08,58.21,58.308,12.4197,16428612
2011-06-27,58.37,59.1,58.13,58.89,12.5437,10448008
2011-06-28,59.07,59.88,59.07,59.84,12.746,11331136
2011-06-29,60.11,60.4,59.81,60.29,12.8419,11202592
2011-06-30,60.5,60.98,60.43,60.88,12.9675,9034024
2011-07-01,60.95,61.83,60.76,61.78,13.1592,10133056
2011-07-05,61.5,61.83,61.43,61.72,13.1913,7698468
2011-07-06,61.6,62.07,61.4811,61.97,13.2447,41882560
2011-07-07,62.5,62.805,62.42,62.66,13.3922,8692692
2011-07-08,61.99,62.36,61.78,62.35,13.3259,9586424
2011-07-11,61.59,61.9,61.1,61.26,13.093,7744332
2011-07-12,61.11,61.47,60.87,60.91,13.0182,9456844
2011-07-13,61.22,61.78,60.99,61.15,13.0694,10064648
2011-07-14,61.18,61.55,60.46,60.62,12.9562,10928872
2011-07-15,60.99,61.23,60.67,61.22,13.0844,9980808
2011-07-18,60.98,61.11,60.32,60.78,12.9904,45566840
2011-07-19,61.15,62.03,61.15,61.98,13.2468,11844812
2011-07-20,62.23,62.28,61.65,61.74,13.1955,5502304
2011-07-21,62.05,62.54,61.82,62.36,13.3281,8845812
2011-07-22,62.38,62.64,62.1,62.57,13.3729,4855924
2011-07-25,62.01,62.588,61.901,62.28,13.311,8619712
2011-07-26,62.25,62.28,61.85,62.0,13.2511,5866480
2011-07-27,61.73,61.73,60.491,60.61,12.954,8962908
2011-07-28,60.56,61.18,60.35,60.44,12.9177,12922800
2011-07-29,59.89,60.64,59.52,60.1,12.845,13458004
2011-08-01,60.83,60.89,59.19,59.81,12.7831,16801964
2011-08-02,59.45,59.8,58.24,58.25,12.4496,14977240
2011-08-03,58.33,58.75,57.24,58.692,12.5441,23135096
2011-08-04,57.9,57.9,55.0,55.74,11.9132,29502560
2011-08-05,56.36,56.59,54.07,55.57,11.8768,27433604
2011-08-08,53.97,54.67,52.03,52.07,11.1288,37847416
2011-08-09,52.81,54.54,51.3,54.54,11.6567,36729900
2011-08-10,53.45,54.11,52.22,52.35,11.1886,38340948
2011-08-11,52.77,55.26,52.56,54.55,11.6588,21052280
2011-08-12,55.1,55.54,54.57,55.17,11.7914,17106520
2011-08-15,55.65,56.15,55.34,56.14,11.9987,14665340
2011-08-16,55.6,56.12,55.01,55.61,11.8854,12463764
2011-08-17,55.83,56.2897,55.03,55.48,11.8576,9959192
2011-08-18,54.03,54.03,52.32,52.87,11.2998,21222720
2011-08-19,52.17,53.57,51.9,51.98,11.1096,19331368
2011-08-22,53.17,53.2,51.9,52.08,11.1309,15127224
2011-08-23,52.39,54.12,52.13,54.09,11.5605,16241308
2011-08-24,54.0,54.78,53.7105,54.69,11.6888,13994864
2011-08-25,54.97,55.0998,53.59,53.77,11.4921,19298764
2011-08-26,53.54,55.0501,52.7501,54.86,11.7251,12958492
2011-08-29,55.61,56.43,55.51,56.409,12.0562,7599756
2011-08-30,56.23,57.02,55.86,56.67,12.1119,11087564
2011-08-31,56.99,57.55,56.45,56.88,12.1568,15115260
2011-09-01,56.95,57.49,56.25,56.31,12.035,15706888
2011-09-02,55.19,55.52,54.71,54.93,11.7401,10667512
2011-09-06,53.39,54.78,53.39,54.69,11.6888,12417792
2011-09-07,55.55,56.21,55.36,56.2,12.0115,11822056
2011-09-08,55.88,56.54,55.51,55.62,11.8875,7375928
2011-09-09,55.07,55.24,53.8386,54.15,11.5734,8493712
2011-09-12,53.45,54.51,53.27,54.48,11.6439,11078476
2011-09-13,54.65,55.27,54.33,55.08,11.7721,14005196
2011-09-14,55.39,56.61,54.66,55.95,11.9581,11700000
2011-09-15,56.59,56.86,55.96,56.86,12.1526,11217956
2011-09-16,57.05,57.32,56.62,57.15,12.2145,11929756
2011-09-19,56.21,57.1,55.85,56.78,12.1355,10994448
2011-09-20,57.04,57.565,56.56,56.59,12.0948,67285680
2011-09-21,56.67,56.91,55.08,55.09,11.7743,9757412
2011-09-22,53.55,53.91,52.4752,53.23,11.3767,68434280
2011-09-23,52.72,53.6,52.63,53.29,11.4254,15295584
2011-09-26,53.85,54.47,52.78,54.42,11.6676,12151452
2011-09-27,55.48,55.99,54.76,55.12,11.8177,12625828
2011-09-28,55.17,55.52,53.84,53.9,11.5561,11830620
2011-09-29,54.91,54.95,53.0,53.94,11.5647,15667904
2011-09-30,53.24,53.66,52.55,52.58,11.2731,15371184
2011-10-03,52.17,52.86,51.0,51.04,10.943,22316512
2011-10-04,50.4,52.31,49.96,52.19,11.1895,28989012
2011-10-05,52.25,53.36,51.85,53.25,11.4168,21905376
2011-10-06,53.24,54.24,52.89,54.24,11.629,13539972
2011-10-07,54.5,54.53,53.56,53.86,11.5476,31031356
2011-10-10,54.81,55.69,54.78,55.69,11.9399,7291956
2011-10-11,55.38,55.999,55.36,55.87,11.9785,14978728
2011-10-12,56.27,56.88,56.2,56.25,12.06,10805496
2011-10-13,55.93,56.5,55.7,56.37,12.0857,9643628
2011-10-14,57.1,57.49,56.81,57.49,12.3258,8841644
2011-10-17,57.16,57.29,56.24,56.41,12.0943,8906920
2011-10-18,56.31,57.595,55.74,57.27,12.2787,10842576
2011-10-19,57.09,57.26,56.21,56.38,12.0879,11622568
2011-10-20,56.44,56.65,55.6701,56.46,12.105,8881072
2011-10-21,57.08,57.59,56.94,57.45,12.3173,13138296
2011-10-24,57.56,58.55,57.55,58.41,12.5231,10553348
2011-10-25,58.2,58.2,57.17,57.3,12.2851,12991652
2011-10-26,57.86,57.94,56.67,57.69,12.3687,7703320
2011-10-27,59.18,59.91,58.6,59.5,12.7568,12540440
2011-10-28,59.22,59.722,59.164,59.65,12.7889,6247876
2011-10-31,59.02,59.15,58.26,58.26,12.4909,12331180
2011-11-01,56.79,57.47,56.561,56.87,12.1929,15779496
2011-11-02,57.62,57.92,57.16,57.72,12.3752,7930824
2011-11-03,58.33,58.94,57.58,58.83,12.6131,7704368
2011-11-04,58.42,58.75,57.87,58.62,12.5681,22623936
2011-11-07,58.57,58.91,57.9099,58.83,12.6131,10682976
2011-11-08,59.11,59.58,58.55,59.5,12.7568,23620812
2011-11-09,58.16,58.44,57.26,57.42,12.3108,24362264
2011-11-10,58.11,58.14,57.15,57.76,12.3837,5730920
2011-11-11,58.4,59.016,58.36,58.88,12.6239,5587852
2011-11-14,58.68,58.88,58.25,58.41,12.5231,13985484
2011-11-15,58.33,59.17,58.151,58.87,12.6217,6330868
2011-11-16,58.38,59.03,57.94,57.99,12.433,8732980
2011-11-17,57.92,57.98,56.581,56.94,12.2079,10808704
2011-11-18,57.2,57.2,56.55,56.78,12.1736,11729456
2011-11-21,56.0,56.08,55.25,55.76,11.9549,20263092
2011-11-22,55.63,56.0868,55.321,55.73,11.9485,13913612
2011-11-23,55.22,55.29,54.5,54.5,11.6848,9415696
2011-11-25,54.42,54.92,54.24,54.24,11.629,4927500
2011-11-28,55.79,56.14,55.58,55.97,12.0,12308420
2011-11-29,56.14,56.471,55.91,56.07,12.0214,8203948
2011-11-30,57.64,58.29,57.54,58.2,12.4781,9832780
2011-12-01,58.18,58.66,58.04,58.31,12.5017,8961352
2011-12-02,58.84,58.98,58.115,58.19,12.4759,8047800
2011-12-05,59.09,59.18,58.43,58.76,12.5981,10730492
2011-12-06,58.83,59.03,58.45,58.68,12.581,10998508
2011-12-07,58.43,58.9,57.94,58.64,12.5724,9680988
2011-12-08,58.29,58.56,57.42,57.57,12.343,10973904
2011-12-09,57.85,58.65,57.72,58.52,12.5467,9743804
2011-12-12,57.91,58.04,57.24,57.69,12.3687,11871620
2011-12-13,58.05,58.32,56.82,57.08,12.2379,10027540
2011-12-14,56.88,56.9287,56.09,56.28,12.0664,8469228
2011-12-15,56.76,56.86,56.32,56.39,12.09,13404052
2011-12-16,56.83,57.17,56.36,56.54,12.1222,10803264
2011-12-19,56.77,56.93,55.88,55.99,12.0042,15084388
2011-12-20,56.81,57.76,56.8,57.67,12.3644,12095928
2011-12-21,57.62,57.64,56.84,57.46,12.3194,12597980
2011-12-22,57.38,57.7,57.3,57.66,12.4142,16570204
2011-12-23,57.86,58.17,57.68,58.17,12.524,10158596
2011-12-27,58.1,58.3899,58.0,58.24,12.5391,6828980
2011-12-28,58.26,58.28,57.42,57.54,12.3884,11798796
2011-12-29,57.71,58.09,57.61,58.03,12.4939,17287448
2011-12-30,58.06,58.15,57.79,57.79,12.4422,8253636
2012-01-03,58.78,59.05,58.56,58.63,12.623,14915188
2012-01-04,58.42,58.77,58.265,58.72,12.6424,7412168
2012-01-05,58.49,58.95,58.2,58.88,12.6769,10440216
2012-01-06,58.93,58.98,58.58,58.81,12.6618,23238224
2012-01-09,58.93,58.98,58.61,58.84,12.6683,9393716
2012-01-10,59.48,59.61,59.2587,59.39,12.7867,11107504
2012-01-11,59.2,59.44,59.08,59.36,12.7802,6394944
2012-01-12,59.54,59.6,59.03,59.56,12.8233,9633172
2012-01-13,59.21,59.35,58.8,59.34,12.7759,10483232
2012-01-17,59.86,59.98,59.53,59.62,12.8362,7968360
2012-01-18,59.65,60.36,59.58,60.36,12.9955,10775680
2012-01-19,60.55,60.85,60.4501,60.78,13.0859,11777960
2012-01-20,60.71,60.74,60.49,60.64,13.0558,5982568
2012-01-23,60.69,61.056,60.46,60.77,13.0838,7743872
2012-01-24,60.44,60.865,60.38,60.83,13.0967,9610768
2012-01-25,60.82,61.749,60.74,61.6,13.2625,9893644
2012-01-26,61.84,62.08,61.16,61.37,13.213,9664448
2012-01-27,61.05,61.54,61.05,61.41,13.2216,10430116
2012-01-30,60.91,61.35,60.67,61.33,13.2044,10057012
2012-01-31,61.62,61.68,60.96,61.28,13.1936,14850156
2012-02-01,61.7,62.09,61.57,61.84,13.3142,24432108
2012-02-02,61.95,62.12,61.732,61.96,13.34,10822564
2012-02-03,62.59,62.84,62.44,62.81,13.523,10567064
2012-02-06,62.58,62.8185,62.47,62.78,13.5165,10856152
2012-02-07,62.67,63.025,62.43,62.91,13.5445,8871420
2012-02-08,62.97,63.115,62.64,63.02,13.5682,7807396
2012-02-09,63.18,63.3887,62.85,63.28,13.6242,8399216
2012-02-10,62.76,62.9,62.5997,62.88,13.5381,6464892
2012-02-13,63.25,63.39,62.99,63.34,13.6371,10233924
2012-02-14,63.17,63.38,62.941,63.35,13.6393,9096648
2012-02-15,63.57,63.74,62.91,63.0,13.5639,6301960
2012-02-16,63.04,63.78,62.97,63.73,13.7211,7656648
2012-02-17,63.91,63.91,63.54,63.72,13.7189,9678360
2012-02-21,63.92,64.04,63.54,63.78,13.7318,4977572
2012-02-22,63.73,63.905,63.58,63.71,13.7168,8545008
2012-02-23,63.64,64.04,63.4701,64.02,13.7835,8477528
2012-02-24,64.12,64.36,64.09,64.24,13.8309,6298984
2012-02-27,63.81,64.44,63.64,64.22,13.8266,12051872
2012-02-28,64.28,64.53,64.18,64.46,13.8782,7525596
2012-02-29,64.54,64.77,64.08,64.17,13.8158,8885404
2012-03-01,64.43,64.71,64.28,64.55,13.8976,8630272
2012-03-02,64.54,64.65,64.21,64.43,13.8718,9076052
2012-03-05,64.33,64.36,63.79,64.02,13.7835,7298024
2012-03-06,63.42,63.42,62.92,63.08,13.5811,17070208
2012-03-07,63.27,63.65,63.24,63.58,13.6888,9196716
2012-03-08,63.95,64.37,63.8,64.25,13.833,10170784
2012-03-09,64.39,64.63,64.3,64.45,13.8761,4812740
2012-03-12,64.5,64.62,64.28,64.43,13.8718,6944196
2012-03-13,64.85,65.55,64.7,65.53,14.1086,6577532
2012-03-14,65.54,65.728,65.305,65.55,14.1129,6846372
2012-03-15,65.67,65.89,65.48,65.87,14.1818,8147548
2012-03-16,65.96,65.993,65.762,65.93,14.1947,3642256
2012-03-19,65.97,66.37,65.85,66.24,14.2615,7859740
2012-03-20,65.91,66.04,65.62,65.96,14.2012,6949108
2012-03-21,66.02,66.185,65.834,65.98,14.2055,16042680
2012-03-22,65.55,65.69,65.295,65.56,14.1151,8746328
2012-03-23,65.47,65.595,65.011,65.52,14.148,10427216
2012-03-26,65.96,66.46,65.92,66.45,14.3488,6640724
2012-03-27,66.54,66.61,66.33,66.36,14.3294,7690940
2012-03-28,66.41,66.49,65.59,65.97,14.2452,5585228
2012-03-29,65.67,66.01,65.4,65.94,14.2387,6143000
2012-03-30,66.28,66.28,65.7924,66.08,14.2689,8373176
2012-04-02,66.05,66.84,65.94,66.66,14.3942,10210476
2012-04-03,66.63,66.83,66.21,66.56,14.3726,7062792
2012-04-04,66.06,66.099,65.56,65.86,14.2214,8545004
2012-04-05,65.65,66.09,65.65,66.01,14.2538,8624020
2012-04-09,65.17,65.57,65.081,65.3,14.1005,6140248
2012-04-10,65.2,65.37,64.07,64.17,13.8565,32388404
2012-04-11,64.76,64.94,64.55,64.63,13.9558,8792160
2012-04-12,64.74,65.59,64.71,65.56,14.1566,9776520
2012-04-13,65.39,65.42,64.79,64.82,13.9968,13782512
2012-04-16,65.18,65.2,64.38,64.54,13.9364,7750624
2012-04-17,64.91,65.7692,64.86,65.62,14.1696,4799524
2012-04-18,65.48,65.754,65.37,65.51,14.1458,11273856
2012-04-19,65.46,65.81,64.68,65.01,14.0379,7038656
2012-04-20,65.35,65.54,65.022,65.06,14.0487,5795552
2012-04-23,64.4,64.505,63.98,64.43,13.9126,7491880
2012-04-24,64.48,64.72,64.18,64.43,13.9126,6443744
2012-04-25,65.21,65.64,65.19,65.61,14.1674,5681024
2012-04-26,65.54,66.13,65.51,66.05,14.2624,10037900
2012-04-27,66.26,66.53,65.99,66.29,14.3143,6100940
2012-04-30,66.18,66.22,65.87,66.0,14.2516,6755816
2012-05-01,65.98,66.7409,65.82,66.21,14.297,7089716
2012-05-02,65.9,66.27,65.72,66.23,14.3013,7394396
2012-05-03,66.24,66.33,65.52,65.68,14.1825,6508056
2012-05-04,65.35,65.36,64.45,64.49,13.9256,8979132
2012-05-07,64.29,64.69,64.15,64.47,13.9213,6167524
2012-05-08,64.11,64.29,63.21,64.15,13.8522,7723416
2012-05-09,63.45,64.26,63.2,63.86,13.7895,10426604
2012-05-10,64.3,64.314,63.72,63.87,13.7917,7750376
2012-05-11,63.63,64.38,63.54,63.81,13.7787,4626860
2012-05-14,63.19,63.59,63.0254,63.09,13.6233,9331812
2012-05-15,63.17,63.5615,62.74,62.83,13.5671,6487932
2012-05-16,63.11,63.35,62.555,62.59,13.5153,6973032
2012-05-17,62.65,62.73,61.4,61.4,13.2583,15314876
2012-05-18,61.62,61.81,60.72,60.82,13.1331,9290076
2012-05-21,60.93,62.25,60.93,62.2,13.4311,11048744
2012-05-22,62.38,62.76,61.86,62.23,13.4376,9878840
2012-05-23,61.85,62.55,61.28,62.45,13.4851,9474804
2012-05-24,62.63,62.65,61.94,62.43,13.4808,7018384
2012-05-25,62.43,62.53,62.05,62.21,13.4333,5638236
2012-05-29,62.65,63.15,62.5,62.98,13.5995,6525952
2012-05-30,62.42,62.48,61.9199,62.11,13.4117,11735192
2012-05-31,62.08,62.18,61.23,61.76,13.3361,11486716
2012-06-01,60.78,60.94,60.1,60.13,12.9841,17316340
2012-06-04,60.15,60.45,59.55,60.21,13.0014,12259068
2012-06-05,60.01,60.65,59.96,60.52,13.0683,8637584
2012-06-06,60.99,61.9,60.98,61.9,13.3663,8737656
2012-06-07,62.58,62.61,61.74,61.82,13.349,7967968
2012-06-08,61.69,62.321,61.41,62.31,13.4548,4732040
2012-06-11,62.85,62.91,61.39,61.48,13.2756,9517148
2012-06-12,61.66,62.12,61.28,62.12,13.4138,10392044
2012-06-13,61.88,62.2401,61.33,61.56,13.2929,8901072
2012-06-14,61.62,62.23,61.42,62.02,13.3922,10071196
2012-06-15,62.2,62.77,62.16,62.69,13.5369,7042336
2012-06-18,62.5,63.2,62.31,63.02,13.6082,7719404
2012-06-19,63.37,63.95,63.34,63.72,13.7593,10589452
2012-06-20,63.72,63.87,63.12,63.57,13.7269,11177796
2012-06-21,63.59,63.669,61.96,62.02,13.3922,12129672
2012-06-22,62.26,62.58,62.0635,62.48,13.4916,6972228
2012-06-25,61.78,61.87,61.2432,61.46,13.2713,8979020
2012-06-26,61.37,61.67,61.04,61.49,13.3257,8049452
2012-06-27,61.68,62.04,61.63,61.85,13.4038,7878892
2012-06-28,61.48,61.6176,60.91,61.56,13.3409,7183432
2012-06-29,62.64,63.23,62.47,63.23,13.7028,8549412
2012-07-02,63.3,63.47,62.98,63.41,13.7418,9631492
2012-07-03,63.36,63.94,63.36,63.94,13.8567,5561740
2012-07-05,63.74,64.165,63.58,63.91,13.8502,7063036
2012-07-06,63.36,63.48,62.9,63.22,13.7007,8671344
2012-07-09,63.18,63.28,62.9,63.19,13.6942,15519576
2012-07-10,63.53,63.62,62.4,62.64,13.575,6402920
2012-07-11,62.64,62.68,61.95,62.35,13.5121,5978236
2012-07-12,61.95,62.31,61.52,62.06,13.4493,6906908
2012-07-13,62.22,63.07,62.22,63.0,13.653,5605064
2012-07-16,62.88,63.08,62.63,62.79,13.6075,4589576
2012-07-17,63.11,63.308,62.4,63.16,13.6877,7222128
2012-07-18,63.06,63.9,63.05,63.75,13.8155,9147532
2012-07-19,64.05,64.4,63.84,64.14,13.9,8776108
2012-07-20,63.83,63.9,63.44,63.49,13.7592,8714196
2012-07-23,62.5,62.97,62.115,62.78,13.6053,4680432
2012-07-24,62.87,62.89,61.87,62.29,13.4991,7977532
2012-07-25,62.29,62.47,61.83,62.14,13.4666,8682488
2012-07-26,63.07,63.28,62.71,63.12,13.679,23270492
2012-07-27,63.49,64.515,63.4,64.36,13.9477,11948000
2012-07-30,64.34,64.685,64.16,64.32,13.939,4105496
2012-07-31,64.23,64.45,63.93,63.93,13.8545,8166084
2012-08-01,64.33,64.35,63.6,63.76,13.8177,11855236
2012-08-02,63.27,63.84,62.95,63.42,13.744,11281404
2012-08-03,64.28,64.71,64.27,64.58,13.9954,6325160
2012-08-06,64.72,65.0,64.665,64.73,14.0279,13005128
2012-08-07,64.94,65.32,64.94,65.02,14.0907,7729352
2012-08-08,64.8,65.169,64.73,65.06,14.0994,5413812
2012-08-09,64.98,65.189,64.8468,65.07,14.1016,4270820
2012-08-10,64.88,65.18,64.77,65.17,14.1232,3975952
2012-08-13,65.05,65.21,64.8005,65.21,14.1319,5384468
2012-08-14,65.49,65.51,65.11,65.3,14.1514,5700424
2012-08-15,65.19,65.46,65.18,65.41,14.1753,3836384
2012-08-16,65.47,66.0,65.34,65.9,14.2814,5592860
2012-08-17,66.0,66.18,65.93,66.1,14.3248,9401960
2012-08-20,66.08,66.12,65.81,66.1,14.3248,5631920
2012-08-21,66.24,66.46,65.66,65.85,14.2706,8971064
2012-08-22,65.71,66.05,65.57,65.93,14.2879,7585976
2012-08-23,65.77,65.8,65.31,65.42,14.1774,8222104
2012-08-24,65.29,65.96,65.25,65.87,14.2749,7696192
2012-08-27,66.06,66.14,65.8,65.88,14.2771,4194244
2012-08-28,65.78,66.06,65.64,65.91,14.2836,8547104
2012-08-29,65.98,66.09,65.735,65.92,14.2858,6618208
2012-08-30,65.66,65.7,65.31,65.4,14.1731,4461028
2012-08-31,65.78,66.01,65.25,66.01,14.3053,20664392
2012-09-04,65.73,65.96,65.22,65.75,14.2489,8798504
2012-09-05,65.79,65.94,65.56,65.67,14.2316,6402716
2012-09-06,66.04,66.92,66.04,66.92,14.5025,7227708
2012-09-07,67.01,67.11,66.92,67.08,14.5372,7102576
2012-09-10,67.01,67.09,66.6,66.65,14.444,9680332
2012-09-11,66.66,66.93,66.62,66.7,14.4548,7941140
2012-09-12,66.92,67.01,66.62,66.92,14.5025,8618792
2012-09-13,66.97,68.01,66.89,67.81,14.6954,8185852
2012-09-14,67.9064,68.45,67.9064,68.14,14.7669,8171512
2012-09-17,68.1,68.18,67.91,68.06,14.7496,9042788
2012-09-18,68.0,68.1125,67.89,68.08,14.7539,5287108
2012-09-19,68.13,68.35,67.97,68.15,14.7691,10887624
2012-09-20,67.86,68.09,67.68,68.09,14.7561,8103200
2012-09-21,68.36,68.4,68.03,68.04,14.7452,7376484
2012-09-24,67.43,67.709,67.34,67.54,14.6925,9165768
2012-09-25,67.68,67.81,66.76,66.78,14.5272,8476196
2012-09-26,66.76,66.77,66.19,66.41,14.4467,17029876
2012-09-27,66.66,67.23,66.49,67.07,14.5903,7945596
2012-09-28,66.83,67.03,66.5,66.7,14.5098,7353264
2012-10-01,67.05,67.459,66.7,66.87,14.5468,8773544
2012-10-02,67.11,67.22,66.11,66.95,14.5642,8208540
2012-10-03,67.09,67.3883,66.79,67.31,14.6425,5487964
2012-10-04,67.46,67.75,67.36,67.65,14.7164,7015936
2012-10-05,67.97,68.12,67.41,67.62,14.7099,8779304
2012-10-08,67.38,67.39,67.1,67.22,14.6229,4933568
2012-10-09,67.13,67.14,66.36,66.38,14.4402,6839940
2012-10-10,66.44,66.51,65.96,66.07,14.3727,11619468
2012-10-11,66.45,66.55,65.96,65.97,14.351,5763508
2012-10-12,66.04,66.35,65.8,65.9,14.3358,4955964
2012-10-15,66.03,66.51,65.86,66.45,14.4554,6539184
2012-10-16,66.73,67.22,66.67,67.2,14.6186,6482336
2012-10-17,67.08,67.2855,66.95,67.18,14.6142,4477628
2012-10-18,66.98,67.15,66.52,66.75,14.5207,5529100
2012-10-19,66.63,66.63,65.459,65.54,14.2574,7969920
2012-10-22,65.48,65.73,65.15,65.68,14.2879,6815928
2012-10-23,65.03,65.21,64.61,64.87,14.1117,8272788
2012-10-24,65.2,65.26,64.62,64.71,14.0769,6407284
2012-10-25,65.12,65.21,64.47,64.74,14.0834,6585108
2012-10-26,64.74,65.06,64.31,64.86,14.1095,6625992
2012-10-31,65.03,65.14,64.555,64.75,14.0856,10469264
2012-11-01,65.0,65.74,64.94,65.66,14.2835,11720548
2012-11-02,66.05,66.06,64.97,64.98,14.1356,8777152
2012-11-05,64.95,65.37,64.8174,65.26,14.1965,5895940
2012-11-06,65.41,65.9,65.35,65.62,14.2748,3627920
2012-11-07,65.12,65.12,64.0828,64.43,14.016,6998320
2012-11-08,64.39,64.6,63.53,63.54,13.8224,6751308
2012-11-09,63.44,64.23,63.4,63.66,13.8485,17114876
2012-11-12,63.89,64.02,63.58,63.75,13.8681,9184836
2012-11-13,63.41,64.18,63.36,63.59,13.8332,6071212
2012-11-14,63.75,63.82,62.56,62.7,13.6396,12613052
2012-11-15,62.74,62.88,62.27,62.53,13.6027,9720264
2012-11-16,62.63,63.03,62.14,62.92,13.6875,10632924
2012-11-19,63.57,64.29,63.5,64.2503,13.9769,7199700
2012-11-20,64.19,64.4034,63.82,64.29,13.9855,10519560
2012-11-21,64.36,64.56,64.27,64.48,14.0269,6581432
2012-11-23,64.81,65.37,64.74,65.33,14.2118,4342584
2012-11-26,65.07,65.32,64.88,65.32,14.2096,7026588
2012-11-27,65.24,65.47,65.0,65.09,14.1596,11691832
2012-11-28,64.79,65.6,64.47,65.57,14.264,8304768
2012-11-29,65.84,66.05,65.58,65.92,14.3401,11733292
2012-11-30,65.92,66.01,65.65,65.88,14.3314,7895252
2012-12-03,66.2,66.29,65.56,65.58,14.2661,9127112
2012-12-04,65.55,65.729,65.29,65.43,14.2335,4886164
2012-12-05,65.53,65.57,64.8,65.3,14.2052,6773892
2012-12-06,65.21,65.63,65.07,65.53,14.2553,7043300
2012-12-07,65.78,65.85,65.29,65.49,14.2466,7123580
2012-12-10,65.42,65.83,65.39,65.61,14.2727,11544880
2012-12-11,65.9,66.43,65.84,66.09,14.3771,9574072
2012-12-12,66.36,66.44,65.89,66.01,14.3597,10319240
2012-12-13,65.94,66.21,65.44,65.62,14.2748,10635996
2012-12-14,65.33,65.503,65.125,65.22,14.1878,12995408
2012-12-17,65.41,65.96,65.31,65.96,14.3488,8404296
2012-12-18,66.15,66.77,65.9891,66.69,14.5076,22834188
2012-12-19,66.34,66.41,65.86,65.88,14.4206,10821684
2012-12-20,65.92,66.12,65.65,66.09,14.4665,10913356
2012-12-21,65.32,65.7,65.19,65.6,14.3593,11953948
2012-12-24,65.53,65.5995,65.35,65.49,14.3352,5283048
2012-12-26,65.54,65.55,64.86,64.99,14.2258,14824780
2012-12-27,65.03,65.16,64.26,64.97,14.2214,10668128
2012-12-28,64.6,64.93,64.28,64.28,14.0703,17708996
2012-12-31,64.23,65.51,64.14,65.49,14.3352,21849872
2013-01-02,66.82,67.2,66.54,67.2,14.7095,16795352
2013-01-03,67.13,67.34,66.84,67.02,14.6701,10694920
2013-01-04,67.07,67.295,66.89,67.14,14.6964,7875816
2013-01-07,66.9,67.15,66.81,67.06,14.6789,7441792
2013-01-08,66.99,67.085,66.618,66.88,14.6395,5728436
2013-01-09,67.05,67.265,66.99,67.18,14.7051,8675980
2013-01-10,67.51,67.54,67.0,67.5,14.7752,11325800
2013-01-11,67.5,67.6,67.33,67.6,14.7971,9176104
2013-01-14,67.41,67.55,67.22,67.4,14.7533,11891004
2013-01-15,67.1,67.43,66.999,67.34,14.7401,9138864
2013-01-16,67.27,67.5,67.1555,67.37,14.7467,10128316
2013-01-17,67.65,68.0,67.54,67.79,14.8386,9026292
2013-01-18,67.75,67.96,67.54,67.91,14.8649,9429676
2013-01-22,67.92,68.17,67.71,68.17,14.9218,5548200
2013-01-23,68.29,68.49,68.24,68.39,14.97,8931468
2013-01-24,68.08,68.55,68.0204,68.18,14.924,6112632
2013-01-25,68.34,68.62,68.24,68.55,15.005,6804592
2013-01-28,68.64,68.64,68.29,68.49,14.9919,6477220
2013-01-29,68.32,68.67,68.12,68.59,15.0138,5533916
2013-01-30,68.6,68.75,68.27,68.35,14.9612,6375288
2013-01-31,68.34,68.58,68.18,68.26,14.9415,6282204
2013-02-01,68.69,69.02,68.58,68.95,15.0926,8213728
2013-02-04,68.58,68.72,68.08,68.13,14.9131,11594104
2013-02-05,68.5,68.98,68.42,68.77,15.0532,8276204
2013-02-06,68.6,68.9,68.54,68.79,15.0575,20923804
2013-02-07,68.8,68.87,68.24,68.78,15.0553,12710980
2013-02-08,68.93,69.32,68.93,69.3,15.1692,8537032
2013-02-11,69.24,69.28,69.03,69.18,15.1429,3993884
2013-02-12,69.13,69.25,69.03,69.07,15.1188,6608944
2013-02-13,69.2,69.339,68.9201,69.14,15.1341,5322368
2013-02-14,68.99,69.27,68.91,69.18,15.1429,4087336
2013-02-15,69.23,69.37,68.95,69.21,15.1495,4144472
2013-02-19,69.34,69.56,69.26,69.55,15.2239,5682600
2013-02-20,69.49,69.54,68.71,68.71,15.04,8583028
2013-02-21,68.56,68.6,68.04,68.28,14.9459,10675588
2013-02-22,68.56,68.91,68.448,68.91,15.0838,9620044
2013-02-25,69.24,69.4,67.85,67.85,14.8518,12442852
2013-02-26,68.12,68.39,67.7665,68.292,14.9485,20574436
2013-02-27,68.27,69.36,68.24,69.11,15.1276,5985544
2013-02-28,69.1,69.5995,69.0,69.0,15.1035,15927784
2013-03-01,68.83,69.3299,68.5,69.22,15.1517,8118128
2013-03-04,69.05,69.56,68.97,69.56,15.2261,4264392
2013-03-05,69.89,70.39,69.87,70.28,15.3837,6221692
2013-03-06,70.48,70.49,70.13,70.25,15.3771,10490560
2013-03-07,70.32,70.42,70.2,70.35,15.399,5342904
2013-03-08,70.64,70.73,70.2841,70.67,15.4691,12922644
2013-03-11,70.58,70.85,70.5201,70.85,15.5085,6821192
2013-03-12,70.78,70.8,70.43,70.63,15.4603,5150936
2013-03-13,70.71,70.9,70.45,70.73,15.4822,5368392
2013-03-14,70.98,71.1,70.89,71.06,15.5544,5456852
2013-03-15,71.06,71.06,70.74,70.92,15.5238,12642760
2013-03-18,70.26,70.87,70.21,70.58,15.4494,35714572
2013-03-19,70.77,70.85,69.96,70.47,15.4253,47883800
2013-03-20,70.84,71.07,70.74,70.97,15.5347,14094744
2013-03-21,70.53,70.76,70.26,70.39,15.4078,9625000
2013-03-22,70.66,70.98,70.6,70.98,15.5369,8222164
2013-03-25,70.93,71.065,70.22,70.53,15.4885,6477604
2013-03-26,70.75,71.05,70.71,71.01,15.5939,8513416
2013-03-27,70.64,71.11,70.48,71.05,15.6027,5218812
2013-03-28,71.138,71.46,70.9401,71.37,15.673,5496340
2013-04-01,71.39,71.46,70.8,70.94,15.5785,11581416
2013-04-02,71.15,71.52,71.13,71.33,15.6642,4243632
2013-04-03,71.36,71.4595,70.47,70.67,15.5192,12582348
2013-04-04,70.76,70.965,70.521,70.85,15.5588,5884564
2013-04-05,70.0,70.515,69.84,70.47,15.4753,5185372
2013-04-08,70.48,70.92,70.32,70.91,15.5719,47380800
2013-04-09,71.04,71.365,70.78,71.15,15.6247,4627012
2013-04-10,71.27,72.19,71.27,72.12,15.8377,5180052
2013-04-11,72.08,72.53,72.06,72.32,15.8816,4688756
2013-04-12,72.12,72.27,71.79,72.26,15.8684,6936956
2013-04-15,71.85,71.91,70.56,70.6,15.5039,7206788
2013-04-16,71.1,71.71,70.99,71.66,15.7367,8925028
2013-04-17,71.18,71.2,70.325,70.65,15.5149,14235748
2013-04-18,70.8,70.85,69.85,70.09,15.3919,7765744
2013-04-19,70.27,70.83,70.16,70.71,15.528,4241468
2013-04-22,70.9,71.34,70.51,71.2,15.6356,5370980
2013-04-23,71.57,71.955,71.15,71.84,15.7762,10368700
2013-04-24,71.82,72.04,71.68,71.74,15.7542,5514936
2013-04-25,71.91,72.44,71.91,72.17,15.8486,6183892
2013-04-26,72.09,72.2,71.805,72.02,15.8157,4520292
2013-04-29,72.22,72.71,72.121,72.53,15.9277,5646748
2013-04-30,72.6,72.9,72.31,72.88,16.0046,18342296
2013-05-01,72.86,72.87,72.23,72.29,15.875,8210944
2013-05-02,72.48,73.12,72.45,73.07,16.0463,4697752
2013-05-03,73.66,74.05,73.62,73.83,16.2132,6812428
2013-05-06,73.88,74.06,73.78,73.98,16.2461,4906740
2013-05-07,74.13,74.299,73.88,74.25,16.3054,6059008
2013-05-08,74.217,74.64,74.15,74.59,16.3801,9377104
2013-05-09,74.58,74.859,74.31,74.44,16.3471,4583652
2013-05-10,74.49,74.86,74.4301,74.82,16.4306,4549504
2013-05-13,74.76,75.04,74.6,74.88,16.4438,3222612
2013-05-14,74.85,75.59,74.85,75.54,16.5887,5253584
2013-05-15,75.37,75.99,75.35,75.89,16.6656,14829112
2013-05-16,75.67,75.91,75.345,75.45,16.5689,5066408
2013-05-17,75.679,76.14,75.62,76.13,16.7183,6616844
2013-05-20,76.01,76.345,75.9,76.08,16.7073,16643164
2013-05-21,76.04,76.41,75.83,76.09,16.7095,4376540
2013-05-22,76.22,76.87,75.16,75.41,16.5602,10247540
2013-05-23,74.73,75.47,74.59,75.26,16.5272,7320596
2013-05-24,74.86,75.21,74.56,75.21,16.5162,7768644
2013-05-28,75.92,76.288,75.4,75.64,16.6107,7941504
2013-05-29,75.27,75.31,74.6,74.94,16.4569,5602688
2013-05-30,74.99,75.522,74.97,75.2,16.514,4928620
2013-05-31,74.98,75.475,74.22,74.29,16.3142,22500872
2013-06-03,74.43,74.56,73.78,74.56,16.3735,9107128
2013-06-04,74.58,74.88,73.79,74.11,16.2747,6815264
2013-06-05,73.93,74.09,73.05,73.07,16.0463,5816708
2013-06-06,73.06,73.71,72.7,73.69,16.1824,7531288
2013-06-07,74.11,74.75,73.91,74.71,16.4064,8016532
2013-06-10,74.97,74.98,74.5,74.64,16.3911,7278916
2013-06-11,74.05,74.59,73.7,74.0,16.2505,7053188
2013-06-12,74.5,74.5,73.22,73.29,16.0946,11209204
2013-06-13,73.31,74.39,73.06,74.27,16.3098,7683188
2013-06-14,74.27,74.49,73.82,73.96,16.2417,6573000
2013-06-17,74.4,74.8,74.09,74.49,16.3581,7772724
2013-06-18,74.54,75.18,74.49,75.09,16.4899,4119904
2013-06-19,75.07,75.12,74.02,74.02,16.2549,9256656
2013-06-20,73.37,73.37,71.99,72.19,15.853,10588588
2013-06-21,72.55,72.62,71.58,72.23,15.8618,9237388
2013-06-24,71.5,72.0399,70.8066,71.39,15.6774,9161424
2013-06-25,72.12,72.258,71.57,72.04,15.8201,6751088
2013-06-26,72.5,72.94,72.45,72.75,15.976,6688740
2013-06-27,73.22,73.5,73.13,73.14,16.0617,5980460
2013-06-28,72.93,73.34,72.62,72.74,15.9738,9489396
2013-07-01,73.35,73.95,73.33,73.47,16.1341,9499160
2013-07-02,73.14,73.5674,72.74,72.96,16.086,7433076
2013-07-03,72.67,73.4799,72.67,73.25,16.1499,2197184
2013-07-05,73.75,74.01,73.2,73.99,16.313,6324740
2013-07-08,74.34,74.59,74.1737,74.33,16.388,4968220
2013-07-09,74.68,74.88,74.4349,74.8,16.4916,8014332
2013-07-10,74.69,75.16,74.69,74.97,16.5291,7783512
2013-07-11,75.79,76.11,75.69,76.03,16.7628,5319604
2013-07-12,76.01,76.27,75.86,76.23,16.8069,2376664
2013-07-15,76.32,76.4,76.121,76.35,16.8334,4650128
2013-07-16,76.31,76.38,75.875,76.0,16.7562,5056304
2013-07-17,76.3,76.39,76.11,76.26,16.8135,3550788
2013-07-18,76.23,76.669,76.215,76.41,16.8466,3323876
2013-07-19,76.12,76.29,75.99,76.29,16.8201,5379504
2013-07-22,76.38,76.52,76.22,76.43,16.851,4793352
2013-07-23,76.57,76.6897,76.13,76.15,16.7893,5427600
2013-07-24,76.5,76.58,75.89,76.04,16.765,4756052
2013-07-25,76.02,76.43,75.92,76.43,16.851,4019468
2013-07-26,76.1,76.52,75.79,76.49,16.8642,3166812
2013-07-29,76.3,76.55,76.07,76.27,16.8157,5531192
2013-07-30,76.47,76.68,76.217,76.46,16.8576,6223824
2013-07-31,76.68,76.94,76.3642,76.47,16.8598,6007864
2013-08-01,77.02,77.57,76.93,77.44,17.0737,3787892
2013-08-02,77.48,77.73,77.28,77.71,17.1332,7205272
2013-08-05,77.64,77.77,77.52,77.64,17.1178,5943152
2013-08-06,77.56,77.56,77.01,77.23,17.0274,10675664
2013-08-07,77.01,77.08,76.6,76.93,16.9612,3391484
2013-08-08,77.34,77.431,76.895,77.3,17.0428,3175720
2013-08-09,77.25,77.44,76.8341,77.09,16.9965,4065444
2013-08-12,76.65,77.15,76.65,77.05,16.9877,3869140
2013-08-13,77.23,77.32,76.65,77.24,17.0296,9856712
2013-08-14,77.19,77.23,76.7327,76.76,16.9238,3603788
2013-08-15,76.3,76.3,75.465,75.57,16.6614,4240072
2013-08-16,75.455,75.77,75.32,75.4,16.6239,5288112
2013-08-19,75.37,75.74,75.14,75.14,16.5666,3839608
2013-08-20,75.33,75.825,75.23,75.52,16.6504,6554752
2013-08-21,75.37,75.83,75.01,75.17,16.5732,5206280
2013-08-22,75.38,76.0,75.38,75.87,16.7275,7743776
2013-08-23,76.19,76.32,75.84,76.25,16.8113,4186324
2013-08-26,76.36,76.7,76.071,76.17,16.7937,3750500
2013-08-27,75.42,75.659,74.78,74.905,16.5148,12749336
2013-08-28,74.82,75.32,74.77,75.08,16.5534,9016708
2013-08-29,74.99,75.7799,74.93,75.43,16.6305,5341764
2013-08-30,75.58,75.58,74.9,75.13,16.5644,9025484
2013-09-03,75.81,75.98,75.11,75.52,16.6504,7045432
2013-09-04,75.54,76.19,75.37,76.08,16.7738,3174428
2013-09-05,76.12,76.41,76.08,76.26,16.8135,11231356
2013-09-06,76.41,76.71,75.57,76.24,16.8091,14711056
2013-09-09,76.52,77.17,76.52,77.14,17.0075,11098664
2013-09-10,77.58,77.72,77.4,77.72,17.1354,4955732
2013-09-11,77.61,77.96,77.42,77.96,17.1883,3289636
2013-09-12,77.89,78.11,77.74,77.86,17.1663,14984172
2013-09-13,77.99,78.04,77.65,78.02,17.2016,11984096
2013-09-16,78.87,78.89,78.25,78.36,17.2765,4100560
2013-09-17,78.42,78.85,78.42,78.8,17.3735,3031476
2013-09-18,78.76,79.9,78.61,79.76,17.5852,7910564
2013-09-19,79.99,80.12,79.7301,79.83,17.6006,7466840
2013-09-20,80.0,80.0,79.24,79.28,17.4794,5092636
2013-09-23,79.22,79.355,78.6799,78.94,17.4044,6956704
2013-09-24,78.68,79.01,78.3401,78.6,17.3876,6734964
2013-09-25,78.65,78.7,78.18,78.25,17.3101,15780800
2013-09-26,78.48,78.93,78.37,78.8,17.4318,14993524
2013-09-27,78.39,78.8007,78.24,78.56,17.3787,17235936
2013-09-30,77.85,78.4,77.66,78.2,17.2991,5914548
2013-10-01,78.31,78.96,78.21,78.92,17.4583,5306840
2013-10-02,78.49,78.81,78.22,78.79,17.4296,6695452
2013-10-03,78.62,78.75,77.64,78.04,17.2637,7589680
2013-10-04,78.13,78.77,78.03,78.66,17.4008,9198256
2013-10-07,77.98,78.4735,77.87,77.87,17.2261,7533240
2013-10-08,77.81,77.93,76.67,76.71,16.9695,32694300
2013-10-09,76.9,76.9,76.06,76.57,16.9385,8396016
2013-10-10,77.39,78.32,77.32,78.25,17.3101,9273196
2013-10-11,78.19,78.82,78.14,78.82,17.4362,5862932
2013-10-14,78.25,79.2,78.23,79.13,17.5048,5558332
2013-10-15,78.99,79.26,78.49,78.58,17.3831,4576964
2013-10-16,79.14,79.7,79.01,79.7,17.6309,4983888
2013-10-17,79.36,80.19,79.334,80.17,17.7349,8003496
2013-10-18,80.55,80.8971,80.37,80.83,17.8809,6057436
2013-10-21,80.77,81.0499,80.65,80.81,17.8764,6176624
2013-10-22,81.06,81.5884,80.87,81.29,17.9826,6316132
2013-10-23,81.01,81.07,80.595,81.0,17.9185,5489892
2013-10-24,81.15,81.43,81.0203,81.35,17.9959,4555840
2013-10-25,81.56,81.8,81.36,81.76,18.0866,5717376
2013-10-28,81.85,81.99,81.56,81.81,18.0977,9843108
2013-10-29,82.12,82.27,81.8,82.24,18.1928,5550644
2013-10-30,82.26,82.45,81.51,81.8,18.0954,6656448
2013-10-31,81.77,82.16,81.45,81.645,18.0612,10170612
2013-11-01,81.82,82.12,81.43,81.77,18.0888,7607244
2013-11-04,82.13,82.13,81.59,82.08,18.1574,5629412
2013-11-05,81.76,82.11,81.43,81.95,18.1286,4305416
2013-11-06,82.3,82.4268,81.86,82.14,18.1707,4594820
2013-11-07,82.35,82.35,80.82,80.87,17.8897,7059616
2013-11-08,80.91,81.85,80.83,81.85,18.1065,12002376
2013-11-11,81.86,82.019,81.64,81.84,18.1043,4463436
2013-11-12,81.66,81.91,81.53,81.85,18.1065,5049940
2013-11-13,81.53,82.65,81.42,82.65,18.2835,6628440
2013-11-14,82.69,83.1499,82.63,83.07,18.3764,4520776
2013-11-15,83.27,83.4,83.06,83.4,18.4494,3748340
2013-11-18,83.58,83.59,82.71,82.96,18.3521,4503632
2013-11-19,82.82,83.04,82.45,82.57,18.2658,4602232
2013-11-20,82.7,82.99,82.06,82.31,18.2083,7293040
2013-11-21,82.46,82.98,82.46,82.93,18.3454,5951072
2013-11-22,83.13,83.5,82.985,83.43,18.456,7374336
2013-11-25,83.68,83.69,83.22,83.4,18.4494,5252868
2013-11-26,83.38,83.8099,83.22,83.54,18.4804,8913336
2013-11-27,83.72,83.86,83.57,83.81,18.5401,6077384
2013-11-29,83.93,84.18,83.82,83.89,18.5578,2346848
2013-12-02,83.98,84.04,83.5,83.58,18.4892,6150284
2013-12-03,83.27,83.58,83.07,83.32,18.4317,4933424
2013-12-04,83.08,83.5765,82.59,83.24,18.414,7164356
2013-12-05,83.11,83.33,82.97,83.08,18.3786,7321160
2013-12-06,83.85,83.91,83.46,83.82,18.5423,8307276
2013-12-09,84.1,84.19,83.899,83.98,18.5777,6714220
2013-12-10,83.78,84.03,83.67,83.68,18.5113,6448536
2013-12-11,83.86,83.8761,82.795,82.9,18.3388,8203100
2013-12-12,82.9,82.96,82.49,82.64,18.2813,5886604
2013-12-13,82.81,82.94,82.5,82.66,18.2857,4436492
2013-12-16,82.96,83.42,82.95,83.15,18.3941,6021812
2013-12-17,83.31,83.31,82.75,82.96,18.3521,5677580
2013-12-18,83.11,84.22,82.3,84.2,18.6264,6921936
2013-12-19,83.96,84.19,83.77,84.1,18.6042,4904848
2013-12-20,84.17,84.96,84.15,84.72,18.7414,16997012
2013-12-23,84.93,85.03,84.69,85.03,18.882,5758128
2013-12-24,85.05,85.22,84.95,85.19,18.9176,3211020
2013-12-26,85.43,85.6451,85.29,85.57,19.0019,6909448
2013-12-27,85.77,85.78,85.42,85.49,18.9842,2858840
2013-12-30,85.59,85.61,85.335,85.57,19.0019,8859828
2013-12-31,85.71,85.98,85.64,85.95,19.0863,4191552
2014-01-02,85.6,85.76,84.9625,85.2,18.9198,6231472
2014-01-03,85.35,85.44,84.9705,85.09,18.8954,5438060
2014-01-06,85.27,85.29,84.47,84.58,18.7821,7659424
2014-01-07,84.85,85.38,84.84,85.24,18.9287,5916472
2014-01-08,85.18,85.49,84.98,85.36,18.9553,4635088
2014-01-09,85.59,85.71,84.99,85.35,18.9531,4917244
2014-01-10,85.53,85.74,85.149,85.74,19.0397,4446512
2014-01-13,85.57,85.72,84.28,84.45,18.7532,6604640
2014-01-14,84.76,85.59,84.58,85.56,18.9997,6153136
2014-01-15,85.75,86.12,85.68,86.01,19.0996,5670112
2014-01-16,85.75,86.06,85.74,86.0,19.0974,5669408
2014-01-17,85.92,86.07,85.57,85.7,19.0308,3919476
2014-01-21,86.24,86.3399,85.512,86.03,19.1041,6419744
2014-01-22,86.21,86.2593,85.91,86.19,19.1396,6579524
2014-01-23,85.84,85.86,85.13,85.64,19.0175,7423372
2014-01-24,85.18,85.18,83.73,83.73,18.5933,8430552
2014-01-27,83.81,83.95,82.64,83.17,18.469,24995388
2014-01-28,83.18,83.7,83.11,83.6,18.5645,9139444
2014-01-29,82.84,83.32,82.54,82.7,18.3646,8858712
2014-01-30,83.56,84.13,83.42,83.86,18.6222,7627928
2014-01-31,82.83,83.9899,82.79,83.45,18.5312,7418328
2014-02-03,83.33,83.57,81.3,81.42,18.0804,10259404
2014-02-04,81.78,82.33,81.53,82.17,18.2469,10418956
2014-02-05,81.86,82.18,81.15,81.92,18.1914,11484912
2014-02-06,82.26,83.07,82.21,83.05,18.4423,9687768
2014-02-07,83.53,84.31,83.28,84.25,18.7088,10303504
2014-02-10,84.39,84.53,84.08,84.48,18.7599,6155748
2014-02-11,84.56,85.51,84.53,85.34,18.9509,8259120
2014-02-12,85.4,85.78,85.32,85.51,18.9886,6690856
2014-02-13,84.995,86.16,84.9,86.11,19.1219,7264444
2014-02-14,85.89,86.4744,85.82,86.3,19.164,4977092
2014-02-18,86.42,86.66,86.15,86.56,19.2218,6172200
2014-02-19,86.4,86.76,85.94,86.05,19.1085,7449948
2014-02-20,86.05,86.75,85.85,86.61,19.2329,6385492
2014-02-21,86.83,86.97,86.48,86.58,19.2262,5235032
2014-02-24,86.59,87.495,86.59,86.95,19.3084,10413732
2014-02-25,87.01,87.35,86.7,87.0,19.3195,8414152
2014-02-26,87.25,87.55,86.86,87.11,19.3439,6903176
2014-02-27,87.0,87.7001,86.9754,87.66,19.4661,5056196
2014-02-28,87.61,88.24,87.13,87.73,19.4816,9054672
2014-03-03,87.0,87.2977,86.5,87.13,19.3484,14703244
2014-03-04,88.03,88.59,87.95,88.46,19.6437,20861216
2014-03-05,88.52,88.5768,88.31,88.38,19.6259,11126124
2014-03-06,88.7,88.7756,88.34,88.49,19.6504,11215276
2014-03-07,88.89,88.89,88.0,88.32,19.6126,7892220
2014-03-10,88.26,88.35,87.75,88.24,19.5949,6543636
2014-03-11,88.28,88.65,87.69,87.92,19.5238,5932276
2014-03-12,87.5,87.96,87.19,87.92,19.5238,7405316
2014-03-13,88.23,88.26,86.52,86.79,19.2729,8920240
2014-03-14,86.56,87.09,86.51,86.59,19.2284,11711064
2014-03-17,87.03,87.62,86.98,87.32,19.3906,5862568
2014-03-18,87.57,88.16,87.47,88.06,19.5549,7129816
2014-03-19,88.08,88.15,86.94,87.49,19.4283,8260096
2014-03-20,87.28,87.86,87.01,87.76,19.4883,7885444
2014-03-21,88.32,88.44,87.07,87.12,19.3461,6993112
2014-03-24,87.44,87.56,86.05,86.55,19.2196,10745580
2014-03-25,86.59,87.07,86.02,86.52,19.2766,10797188
2014-03-26,86.85,87.01,85.68,85.68,19.0894,16585552
2014-03-27,85.62,85.89,85.06,85.48,19.0449,9419196
2014-03-28,85.77,86.38,85.6,85.84,19.1251,5028256
2014-03-31,86.45,86.76,86.25,86.54,19.281,6234056
2014-04-01,86.82,87.48,86.82,87.45,19.4838,8537712
2014-04-02,87.6,87.82,87.482,87.74,19.5484,5460676
2014-04-03,87.9,87.9,86.9934,87.29,19.4481,9142012
2014-04-04,87.7,87.85,85.6751,85.88,19.134,10316452
2014-04-07,85.54,85.83,84.5401,84.85,18.9045,8779152
2014-04-08,84.83,85.4499,84.505,85.31,19.007,7771016
2014-04-09,85.58,86.548,85.4,86.53,19.2788,8039356
2014-04-10,86.5,86.55,84.27,84.46,18.8176,6932572
2014-04-11,83.96,84.57,83.42,83.49,18.6015,14503204
2014-04-14,84.25,84.48,83.46,84.14,18.7463,8476596
2014-04-15,84.31,84.8449,83.25,84.64,18.8577,10321820
2014-04-16,85.18,85.68,84.89,85.67,19.0872,9673140
2014-04-17,85.54,85.97,85.26,85.74,19.1028,4951484
2014-04-21,85.81,86.2,85.6,86.15,19.1942,3297056
2014-04-22,86.43,86.9758,86.38,86.73,19.3234,5131376
2014-04-23,86.68,86.73,86.3101,86.36,19.2409,5966056
2014-04-24,86.85,87.0,85.96,86.5,19.2721,4508132
2014-04-25,86.16,86.21,85.38,85.57,19.0649,7406804
2014-04-28,85.85,86.33,84.8,85.77,19.1095,6849308
2014-04-29,86.1,86.4,85.77,86.26,19.2187,3731104
2014-04-30,85.99,86.6001,85.86,86.6,19.2944,5555520
2014-05-01,86.49,87.02,86.37,86.67,19.31,7557280
2014-05-02,86.63,87.0,86.45,86.65,19.3056,6965128
2014-05-05,86.2,86.99,85.936,86.91,19.3635,6139380
2014-05-06,86.7,86.825,86.09,86.11,19.1852,4742992
2014-05-07,86.35,86.41,85.37,86.35,19.2387,6005344
2014-05-08,86.13,87.01,85.89,86.17,19.1986,4919760
2014-05-09,86.02,86.54,85.73,86.54,19.281,5088716
2014-05-12,86.88,87.55,86.8301,87.51,19.4972,4048508
2014-05-13,87.65,87.868,87.4438,87.51,19.4972,3316988
2014-05-14,87.3,87.54,86.93,87.06,19.3969,5760572
2014-05-15,86.8,86.9,85.77,86.29,19.2253,5628508
2014-05-16,86.42,86.79,86.02,86.77,19.3323,5575056
2014-05-19,86.63,87.228,86.48,87.18,19.4236,4366508
2014-05-20,87.13,87.13,86.32,86.58,19.29,10004688
2014-05-21,86.74,87.35,86.74,87.29,19.4481,6421724
2014-05-22,87.43,87.821,87.23,87.62,19.5217,4472512
2014-05-23,87.6,88.14,87.591,88.1,19.6286,3923480
2014-05-27,88.37,88.77,88.35,88.77,19.7779,4633056
2014-05-28,88.6,88.78,88.37,88.49,19.7155,3762684
2014-05-29,88.64,89.08,88.59,89.06,19.8425,5516452
2014-05-30,88.96,89.26,88.85,89.23,19.8804,5977284
2014-06-02,89.3,89.345,88.78,89.32,19.9004,5803024
2014-06-03,89.03,89.25,88.91,89.13,19.8581,3774532
2014-06-04,88.96,89.44,88.79,89.38,19.9138,5652168
2014-06-05,89.55,90.08,89.13,89.99,20.0497,7031408
2014-06-06,90.07,90.388,90.07,90.38,20.1366,4433244
2014-06-09,90.35,90.71,90.23,90.42,20.1455,4690284
2014-06-10,90.37,90.43,90.08,90.37,20.1344,4090908
2014-06-11,90.09,90.22,89.9,90.16,20.0876,5178008
2014-06-12,90.0,90.05,89.14,89.35,19.9071,3931084
2014-06-13,89.4,89.64,89.09,89.51,19.9428,4180408
2014-06-16,89.42,89.82,89.29,89.67,19.9784,4249692
2014-06-17,89.59,89.99,89.48,89.86,20.0207,6563052
2014-06-18,89.95,90.53,89.65,90.48,20.1589,4682040
2014-06-19,90.53,90.7,90.214,90.55,20.1745,4249636
2014-06-20,90.72,90.72,90.46,90.61,20.1878,5332008
2014-06-23,90.65,90.67,90.41,90.61,20.1878,3465960
2014-06-24,90.48,90.923,89.9795,90.08,20.0698,5771616
2014-06-25,89.9,90.77,89.9,90.66,20.199,5843920
2014-06-26,90.63,90.6899,89.99,90.59,20.1834,4995680
2014-06-27,90.45,90.94,90.41,90.87,20.2458,5566708
2014-06-30,90.77,91.125,90.77,90.93,20.2591,3860828
2014-07-01,91.26,91.986,91.18,91.72,20.4351,6417600
2014-07-02,91.45,91.58,91.225,91.46,20.453,5970516
2014-07-03,91.7,91.94,91.53,91.87,20.5446,3825316
2014-07-07,91.73,91.76,91.35,91.43,20.4462,4669860
2014-07-08,91.31,91.32,90.31,90.65,20.2718,4422884
2014-07-09,90.85,91.18,90.62,91.1,20.3725,4039784
2014-07-10,90.23,91.05,89.96,90.75,20.2942,9133956
2014-07-11,90.78,90.981,90.56,90.93,20.3344,4971500
2014-07-14,91.4,91.62,91.25,91.46,20.453,2610340
2014-07-15,91.46,91.63,90.58,90.95,20.3389,8093636
2014-07-16,91.45,91.4999,90.91,91.1,20.3725,5072748
2014-07-17,90.78,91.13,89.85,89.96,20.1175,5833024
2014-07-18,90.33,91.2,90.2,91.09,20.3702,3967220
2014-07-21,90.79,91.03,90.545,90.9,20.3277,3494664
2014-07-22,91.17,91.57,91.155,91.35,20.4284,5365544
2014-07-23,91.54,91.79,91.41,91.67,20.4999,2817588
2014-07-24,91.67,91.9,91.59,91.66,20.4977,3595652
2014-07-25,91.27,91.48,90.981,91.2,20.3948,4514268
2014-07-28,91.26,91.39,90.62,91.19,20.3926,7902412
2014-07-29,91.3,91.53,90.9,90.9,20.3277,5365140
2014-07-30,91.29,91.44,90.725,91.11,20.3747,4724716
2014-07-31,90.35,90.47,89.19,89.23,19.9543,11305624
2014-08-01,89.04,89.59,88.55,88.97,19.8961,7043504
2014-08-04,89.25,89.86,88.83,89.61,20.0392,4791240
2014-08-05,89.3,89.6,88.6,88.9,19.8805,7142644
2014-08-06,88.45,89.32,88.34,88.91,19.8827,5666976
2014-08-07,89.33,89.36,88.26,88.48,19.7865,7913668
2014-08-08,88.6,89.48,88.42,89.4,19.9923,4465404
2014-08-11,89.78,90.21,89.71,89.86,20.0952,4416800
2014-08-12,89.75,89.98,89.34,89.63,20.0437,4011780
2014-08-13,89.99,90.42,89.81,90.32,20.198,4717176
2014-08-14,90.42,90.79,90.42,90.79,20.3031,6218064
2014-08-15,91.18,91.29,90.23,90.93,20.3344,15806408
2014-08-18,91.47,91.83,91.4295,91.8,20.529,6391008
2014-08-19,91.94,92.42,91.94,92.31,20.643,7081756
2014-08-20,92.13,92.67,92.13,92.53,20.6922,4649656
2014-08-21,92.6,92.76,92.46,92.63,20.7146,4249584
2014-08-22,92.59,92.81,92.4,92.64,20.7168,12893060
2014-08-25,93.03,93.25,92.93,93.12,20.8242,7712796
2014-08-26,93.16,93.39,93.09,93.23,20.8488,6513364
2014-08-27,93.23,93.32,92.97,93.1,20.8197,3036424
2014-08-28,92.71,93.11,92.6401,93.04,20.8063,3974088
2014-08-29,93.11,93.33,92.865,93.25,20.8533,3544376
2014-09-02,93.39,93.59,93.1027,93.46,20.9002,6716136
2014-09-03,93.77,93.77,93.025,93.16,20.8331,5285496
2014-09-04,93.32,93.68,92.77,92.95,20.7862,8205132
2014-09-05,93.0,93.44,92.6,93.44,20.8957,4125008
2014-09-08,93.44,93.52,92.95,93.3,20.8644,6135004
2014-09-09,93.24,93.38,92.49,92.68,20.7258,5988568
2014-09-10,92.68,93.19,92.41,93.19,20.8398,5018672
2014-09-11,92.79,93.2,92.66,93.19,20.8398,14821284
2014-09-12,93.11,93.11,92.34,92.58,20.7034,6169332
2014-09-15,92.58,92.64,91.94,92.14,20.605,4834680
2014-09-16,91.96,93.06,91.8467,92.92,20.7795,6577544
2014-09-17,93.05,93.455,92.58,93.01,20.7996,4790300
2014-09-18,93.34,93.56,93.19,93.53,20.9159,3509812
2014-09-19,93.9,93.98,93.181,93.43,20.8935,5217880
2014-09-22,93.11,93.27,92.3,92.52,20.69,5171552
2014-09-23,92.24,92.63,92.09,92.11,20.5983,5696992
2014-09-24,91.91,92.77,91.6599,92.7,20.7923,4666212
2014-09-25,92.46,92.49,91.13,91.17,20.4492,9247272
2014-09-26,91.33,92.18,91.29,92.04,20.6443,5077220
2014-09-29,91.35,92.08,91.15,91.92,20.6174,4547736
2014-09-30,91.94,92.249,91.49,91.63,20.5523,8638684
2014-10-01,91.5,91.5,90.071,90.34,20.263,6755616
2014-10-02,90.3,90.64,89.3,90.35,20.2652,11512992
2014-10-03,91.07,91.6309,90.72,91.42,20.5052,8056312
2014-10-06,91.76,91.88,90.9,91.22,20.4604,8029240
2014-10-07,90.79,90.915,89.84,89.86,20.1553,8516016
2014-10-08,89.86,91.53,89.33,91.43,20.5075,5844848
2014-10-09,91.27,91.39,89.61,89.66,20.1105,9547984
2014-10-10,89.48,90.03,88.31,88.33,19.8122,8942852
2014-10-13,88.44,88.5698,86.59,86.62,19.4286,11429772
2014-10-14,87.19,87.8,86.55,86.82,19.4735,13435112
2014-10-15,85.88,86.8,84.4,86.48,19.3972,11774012
2014-10-16,84.68,87.15,84.64,86.5,19.4017,11854340
2014-10-17,87.57,88.23,87.24,87.61,19.6507,8881664
2014-10-20,87.46,88.63,87.38,88.62,19.8772,5770956
2014-10-21,89.31,90.4756,89.1001,90.44,20.2854,8129560
2014-10-22,90.67,90.77,89.64,89.67,20.1127,8544916
2014-10-23,90.67,91.45,90.5,90.92,20.3931,8450540
2014-10-24,91.1,91.56,90.68,91.51,20.5254,7099228
2014-10-27,91.22,91.53,90.83,91.42,20.5052,5379648
2014-10-28,91.74,92.57,91.69,92.57,20.7632,7965112
2014-10-29,92.51,92.755,91.7,92.32,20.7071,6366552
2014-10-30,92.08,93.2,91.22,92.96,20.8507,7200916
2014-10-31,94.02,94.2,93.705,93.96,21.075,15720524
2014-11-03,94.14,94.46,93.94,94.12,21.1108,6165936
2014-11-04,93.85,93.9992,93.22,93.71,21.0189,6069320
2014-11-05,94.39,94.39,93.69,93.94,21.0705,7153116
2014-11-06,94.08,94.53,93.82,94.5,21.1961,5166204
2014-11-07,94.49,94.62,94.09,94.52,21.2006,8673472
2014-11-10,94.69,94.888,94.41,94.82,21.2679,4682968
2014-11-11,94.88,94.97,94.63,94.92,21.2903,6756908
2014-11-12,94.6,95.18,94.6,95.06,21.3217,5372796
2014-11-13,95.15,95.52,94.739,95.19,21.3508,4689164
2014-11-14,95.21,95.31,94.9,95.24,21.3621,13167788
2014-11-17,94.97,95.39,94.85,95.09,21.3284,5606252
2014-11-18,95.15,95.9,95.12,95.69,21.463,7252488
2014-11-19,95.64,95.7,95.1,95.53,21.4271,5831804
2014-11-20,95.17,95.8674,95.13,95.74,21.4742,5550972
2014-11-21,96.66,96.83,95.94,96.23,21.5841,9287956
2014-11-24,96.54,96.74,96.4,96.73,21.6963,4975976
2014-11-25,96.81,97.06,96.58,96.71,21.6918,7372896
2014-11-26,96.66,97.059,96.66,96.99,21.7546,4997128
2014-11-28,97.04,97.3,96.92,97.05,21.768,2975368
2014-12-01,96.62,96.75,95.91,95.97,21.5258,10420508
2014-12-02,96.02,96.5,95.97,96.37,21.6155,8291140
2014-12-03,96.58,96.88,96.34,96.77,21.7052,14683804
2014-12-04,96.56,97.03,96.36,96.75,21.7007,7533740
2014-12-05,96.93,97.009,96.62,96.82,21.7164,12435484
2014-12-08,96.62,96.89,95.71,96.05,21.5437,8338136
2014-12-09,95.05,96.12,94.705,96.05,21.5437,10870836
2014-12-10,95.82,95.92,94.3801,94.5,21.1961,8831904
2014-12-11,94.9,95.9,94.74,94.94,21.2948,8079328
2014-12-12,94.25,94.84,93.62,93.62,20.9987,13726504
2014-12-15,94.12,94.42,92.6767,93.07,20.8753,12642880
2014-12-16,92.54,94.135,92.04,92.07,20.651,14312188
2014-12-17,92.51,94.1,92.22,93.88,21.057,10497044
2014-12-18,95.37,96.12,94.97,96.11,21.5572,13241748
2014-12-19,96.59,96.88,96.07,96.49,21.6424,11523640
2014-12-22,96.4,96.91,96.4,96.91,21.7366,12948656
2014-12-23,97.28,97.39,96.75,96.94,21.7434,11288860
2014-12-24,96.77,96.89,96.6,96.61,21.7516,3190504
2014-12-26,96.88,97.24,96.72,97.0,21.8395,14635256
2014-12-29,97.0,97.1975,96.89,97.1,21.862,11249832
2014-12-30,97.01,97.02,96.42,96.48,21.7224,8142248
2014-12-31,96.66,96.97,95.55,95.61,21.5265,8620896
2015-01-02,96.15,96.32,94.95,95.52,21.5062,10272988
2015-01-05,94.86,95.2,93.715,93.9,21.1415,8245708
2015-01-06,94.08,94.29,92.43,93.03,20.9456,13273724
2015-01-07,93.78,94.35,93.51,94.2,21.209,16349972
2015-01-08,95.01,96.0272,94.99,95.92,21.5963,8612468
2015-01-09,96.05,96.2173,94.84,95.19,21.4319,9805944
2015-01-12,95.46,95.46,94.1854,94.44,21.2631,8793504
2015-01-13,95.25,95.95,93.61,94.33,21.2383,8733764
2015-01-14,93.34,94.0499,92.93,93.91,21.1437,9169700
2015-01-15,94.39,94.4799,92.87,92.94,20.9253,8143500
2015-01-16,92.75,94.22,92.71,94.16,21.2,10362084
2015-01-20,94.63,94.75,93.5075,94.53,21.2833,7979172
2015-01-21,94.38,95.29,94.0,94.98,21.3847,7422996
2015-01-22,95.45,96.5,94.64,96.43,21.7111,7708336
2015-01-23,96.25,96.61,96.02,96.15,21.6481,9216700
2015-01-26,96.12,96.54,95.76,96.51,21.7291,11100372
2015-01-27,95.42,95.85,94.63,95.12,21.4162,7597020
2015-01-28,96.01,96.07,94.21,94.3,21.2316,11792860
2015-01-29,94.33,95.41,93.7,95.29,21.4544,9144556
2015-01-30,94.72,95.47,94.09,94.21,21.2113,8177960
2015-02-02,94.33,95.179,93.2299,95.16,21.4252,9018992
2015-02-03,95.49,96.39,95.2401,96.37,21.6976,8023796
2015-02-04,95.82,96.69,95.82,96.11,21.6391,9669592
2015-02-05,96.5,97.15,96.4,97.14,21.871,8374040
2015-02-06,97.29,97.49,96.49,96.75,21.7832,6286928
2015-02-09,96.49,96.79,96.13,96.32,21.6864,4389828
2015-02-10,96.95,97.65,96.54,97.51,21.9543,7572652
2015-02-11,97.42,97.99,97.26,97.76,22.0106,5859064
2015-02-12,98.23,98.66,98.06,98.64,22.2087,6895672
2015-02-13,98.65,99.26,98.65,99.26,22.3483,9711008
2015-02-17,99.01,99.46,98.93,99.37,22.3731,7059556
2015-02-18,99.21,99.61,99.1,99.58,22.4203,6303152
2015-02-19,99.37,99.91,99.36,99.77,22.4631,5235020
2015-02-20,99.7,100.48,99.3,100.47,22.6207,6250664
2015-02-23,100.34,100.56,100.21,100.56,22.641,5007456
2015-02-24,100.59,100.78,100.23,100.67,22.6658,6984232
2015-02-25,100.71,101.02,100.53,100.7,22.6725,6997020
2015-02-26,100.74,100.88,100.43,100.81,22.6973,4851928
2015-02-27,100.85,100.88,100.39,100.42,22.6095,5581580
2015-03-02,100.57,101.27,100.55,101.22,22.7896,7960580
2015-03-03,101.04,101.04,100.32,100.84,22.704,6036740
2015-03-04,100.53,100.57,99.86,100.39,22.6027,9517580
2015-03-05,100.61,100.74,100.23,100.54,22.6365,6842968
2015-03-06,100.26,100.32,98.9818,99.13,22.319,7291684
2015-03-09,99.25,99.77,99.21,99.53,22.4091,7863992
2015-03-10,98.86,98.86,97.99,98.01,22.0669,8742364
2015-03-11,98.13,98.19,97.62,97.69,21.9948,6873112
2015-03-12,98.13,98.9499,98.03,98.9,22.2672,6680228
2015-03-13,98.75,98.96,97.76,98.31,22.1344,8808428
2015-03-16,98.71,99.63,98.6652,99.62,22.4293,5470068
2015-03-17,99.26,99.685,99.01,99.49,22.4001,5738360
2015-03-18,99.27,100.9599,98.74,100.59,22.6477,9731136
2015-03-19,100.37,100.7,100.19,100.42,22.6095,4953516
2015-03-20,101.08,101.51,101.0,101.2,22.7851,5441764
2015-03-23,101.16,101.39,100.94,100.94,22.7265,4029660
2015-03-24,101.06,101.3,100.52,100.54,22.6365,6163780
2015-03-25,100.4,100.47,98.49,98.53,22.2556,6295372
2015-03-26,98.09,98.87,97.79,98.37,22.2195,12169612
2015-03-27,98.43,98.82,98.16,98.68,22.2895,9915452
2015-03-30,99.32,99.91,99.32,99.78,22.538,8182480
2015-03-31,99.27,99.81,98.91,98.92,22.3437,11567624
2015-04-01,98.95,98.95,97.89,98.56,22.2624,9041560
2015-04-02,98.61,99.11,98.43,98.89,22.3369,8991624
2015-04-06,98.3,99.8985,98.28,99.57,22.4905,11529692
2015-04-07,99.57,100.12,99.32,99.34,22.4386,7436076
2015-04-08,99.47,100.02,99.33,99.82,22.547,5997992
2015-04-09,99.77,100.36,99.48,100.29,22.6532,6320124
2015-04-10,100.41,100.7,100.17,100.65,22.7345,7570192
2015-04-13,100.63,101.0,100.11,100.13,22.617,8239476
2015-04-14,99.99,100.28,99.52,100.14,22.6193,3653492
2015-04-15,100.47,100.83,100.35,100.58,22.7187,4722376
2015-04-16,100.41,100.8595,100.35,100.57,22.7164,4394496
2015-04-17,99.78,99.94,98.88,99.3,22.4296,34810336
2015-04-20,99.84,100.53,99.79,100.36,22.669,8733884
2015-04-21,100.74,100.9,100.39,100.5,22.7006,3346300
2015-04-22,100.73,101.16,100.23,101.02,22.8181,5596520
2015-04-23,100.89,101.7551,100.81,101.36,22.8949,3420932
2015-04-24,101.79,101.82,101.42,101.68,22.9671,3695020
2015-04-27,102.07,102.1,101.11,101.19,22.8565,7164412
2015-04-28,101.25,101.46,100.35,101.18,22.8542,7208908
2015-04-29,100.77,101.06,100.13,100.65,22.7345,4924372
2015-04-30,100.31,100.54,99.02,99.46,22.4657,8673484
2015-05-01,99.91,100.625,99.74,100.6,22.7232,8092576
2015-05-04,100.88,101.28,100.71,100.77,22.7616,7580224
2015-05-05,100.69,100.82,99.45,99.5,22.4747,7087616
2015-05-06,99.93,100.03,98.5775,99.18,22.4024,7202264
2015-05-07,99.1,99.85,98.9401,99.62,22.5018,4217656
2015-05-08,100.61,101.08,100.58,100.87,22.7842,3700028
2015-05-11,101.09,101.1,100.5,100.53,22.7074,4614144
2015-05-12,100.0,100.58,99.48,100.25,22.6441,5395484
2015-05-13,100.56,100.8799,100.12,100.2,22.6328,3130988
2015-05-14,100.86,101.5,100.6,101.41,22.9062,4601260
2015-05-15,101.51,101.6652,101.25,101.56,22.94,3860464
2015-05-18,101.36,102.03,101.36,101.9,23.0168,3603800
2015-05-19,102.01,102.04,101.6033,101.78,22.9897,3231512
2015-05-20,101.78,102.12,101.4405,101.65,22.9604,19858872
2015-05-21,101.62,102.14,101.49,101.99,23.0372,3555112
2015-05-22,101.85,102.11,101.7764,101.89,23.0146,3496568
2015-05-26,101.6,101.73,100.525,100.81,22.7706,4435288
2015-05-27,101.05,101.9,100.86,101.79,22.992,5299332
2015-05-28,101.58,101.7308,101.27,101.6,22.9491,4517604
2015-05-29,101.57,101.57,100.7199,100.77,22.7616,11676100
2015-06-01,101.16,101.43,100.54,101.09,22.8339,4859020
2015-06-02,100.84,101.505,100.48,101.09,22.8339,3797464
2015-06-03,101.44,101.71,101.102,101.42,22.9084,5161660
2015-06-04,100.94,101.3184,100.33,100.53,22.7074,3811868
2015-06-05,100.47,100.6,99.8294,100.38,22.6735,3719736
2015-06-08,100.25,100.3327,99.51,99.56,22.4883,4169076
2015-06-09,99.59,99.74,99.0,99.48,22.4702,3213452
2015-06-10,99.85,100.86,99.7972,100.67,22.739,3285288
2015-06-11,101.01,101.1747,100.77,100.92,22.7955,2964248
2015-06-12,100.53,100.56,100.11,100.28,22.6509,9046136
2015-06-15,99.67,99.9,99.1296,99.8,22.5425,7772452
2015-06-16,99.86,100.37,99.62,100.34,22.6645,3519344
2015-06-17,100.48,100.83,99.95,100.56,22.7142,4242516
2015-06-18,100.71,101.93,100.67,101.65,22.9604,3971264
2015-06-19,101.61,101.64,101.16,101.17,22.8519,4509544
2015-06-22,101.97,102.21,101.77,101.91,23.0191,3405224
2015-06-23,101.99,102.123,101.7655,101.98,23.0349,4424960
2015-06-24,101.81,102.08,101.22,101.23,22.8655,3130644
2015-06-25,101.6,101.6099,100.87,100.97,22.8068,3232784
2015-06-26,101.2,101.3,100.5032,100.8,22.7684,6394304
2015-06-29,99.94,100.37,98.56,98.62,22.276,8181960
2015-06-30,99.37,99.571,98.68,99.01,22.364,7770200
2015-07-01,99.73,100.02,99.38,99.86,22.556,7555784
2015-07-02,99.8,99.92,99.07,99.39,22.5283,5369172
2015-07-06,98.7,99.74,98.58,99.2,22.4852,6310056
2015-07-07,99.32,99.88,98.0,99.79,22.619,11034680
2015-07-08,99.11,99.2699,98.01,98.16,22.2495,8012484
2015-07-09,99.14,99.53,98.28,98.34,22.2903,6202932
2015-07-10,99.51,99.966,99.18,99.7,22.5986,4976892
2015-07-13,100.23,101.06,100.22,101.01,22.8955,8385160
2015-07-14,100.99,101.68,100.9,101.49,23.0043,7541452
2015-07-15,101.52,101.8,101.19,101.39,22.9816,6086952
2015-07-16,101.93,102.31,101.83,102.3,23.1879,12050132
2015-07-17,102.56,102.8799,102.45,102.85,23.3126,23510828
2015-07-20,103.23,103.5,102.87,103.24,23.401,4284068
2015-07-21,103.31,103.31,102.56,102.73,23.2854,5204292
2015-07-22,102.11,102.6,101.85,102.37,23.2038,13858624
2015-07-23,102.52,102.61,101.593,101.8,23.0746,5346588
2015-07-24,102.01,102.1,100.649,100.81,22.8502,12224452
2015-07-27,100.52,100.525,99.865,100.07,22.6824,5486588
2015-07-28,100.66,101.38,100.095,101.29,22.959,10243496
2015-07-29,101.41,101.959,101.2438,101.82,23.0791,9556708
2015-07-30,101.61,102.06,101.0468,101.96,23.1108,4749588
2015-07-31,102.34,102.4736,101.94,102.03,23.1267,7128508
2015-08-03,102.12,102.22,101.2048,101.82,23.0791,12565920
2015-08-04,101.89,102.1,101.45,101.68,23.0474,7271388
2015-08-05,102.21,102.7,102.01,102.2,23.1652,7066492
2015-08-06,102.32,102.34,100.4299,100.82,22.8524,7299896
2015-08-07,100.73,100.776,99.96,100.7,22.8252,5940740
2015-08-10,101.41,101.93,101.39,101.81,23.0768,4098116
2015-08-11,101.26,101.46,100.44,100.79,22.8456,4441212
2015-08-12,100.1,100.99,99.08,100.88,22.866,5227316
2015-08-13,100.89,101.4,100.5174,100.88,22.866,5494592
2015-08-14,100.81,101.28,100.59,101.22,22.9431,8243080
2015-08-17,100.93,101.98,100.6703,101.96,23.1108,3786548
2015-08-18,101.95,102.11,101.61,101.74,23.061,5740216
2015-08-19,101.25,101.91,100.6,101.11,22.9182,5573988
2015-08-20,100.13,100.54,98.72,98.74,22.381,5113348
2015-08-21,97.83,98.164,95.49,95.53,21.6534,10774824
2015-08-24,88.03,94.8899,84.82,91.62,20.7671,16588036
2015-08-25,95.1,95.27,91.04,91.18,20.6674,9704732
2015-08-26,93.15,94.83,91.54,94.67,21.4584,15721992
2015-08-27,95.61,96.96,94.9,96.88,21.9594,15227056
2015-08-28,96.54,97.13,96.21,96.91,21.9662,8206596
2015-08-31,96.47,96.76,95.59,95.8,21.7146,11087416
2015-09-01,94.85,94.85,92.67,93.15,21.1139,16974404
2015-09-02,94.08,95.13,93.57,95.13,21.5627,10814440
2015-09-03,95.55,96.28,94.8,95.05,21.5446,10926948
2015-09-04,93.79,94.52,93.38,93.89,21.2816,8687392
2015-09-08,95.53,96.36,95.06,96.3,21.8279,7465872
2015-09-09,97.27,97.27,94.84,95.07,21.5491,12716512
2015-09-10,94.85,96.25,94.85,95.65,21.6806,6803204
2015-09-11,95.4,96.3,95.0801,96.3,21.8279,4900048
2015-09-14,96.41,96.53,95.63,95.95,21.7486,8135000
2015-09-15,96.22,97.31,95.81,97.06,22.0002,8763784
2015-09-16,97.13,97.89,96.88,97.74,22.1543,18701380
2015-09-17,97.7,99.24,97.519,97.84,22.177,8674156
2015-09-18,96.29,97.575,96.29,96.57,21.8891,8662344
2015-09-21,97.09,97.64,96.17,96.87,21.9571,7932624
2015-09-22,95.53,95.8494,94.85,95.57,21.6624,5069036
2015-09-23,95.62,95.87,95.09,95.42,21.6284,21780088
2015-09-24,94.68,95.148,93.77,94.93,21.5174,7248580
2015-09-25,95.56,95.69,93.63,94.13,21.4058,6656688
2015-09-28,93.73,93.76,91.266,91.5,20.8077,8504528
2015-09-29,91.62,92.43,90.68,91.31,20.7645,11713108
2015-09-30,92.33,93.11,91.9201,93.0,21.1488,16240656
2015-10-01,93.23,93.46,92.17,93.44,21.2488,7658856
2015-10-02,92.35,94.8,91.92,94.79,21.5558,9644268
2015-10-05,95.44,96.32,95.37,96.27,21.8924,7429904
2015-10-06,96.04,96.2899,94.97,95.45,21.7059,9438608
2015-10-07,95.85,96.24,95.25,96.18,21.8719,6459680
2015-10-08,95.88,97.04,95.562,96.81,22.0152,6894120
2015-10-09,97.01,97.48,96.79,97.32,22.1312,6662348
2015-10-12,97.33,97.66,97.14,97.51,22.1744,5620844
2015-10-13,96.98,97.84,96.717,96.82,22.0175,5873180
2015-10-14,96.79,97.24,96.09,96.21,21.8788,5589084
2015-10-15,96.6,97.68,96.43,97.66,22.2085,8154776
2015-10-16,97.87,98.1,97.46,98.08,22.304,9394988
2015-10-19,97.79,98.489,97.6727,98.41,22.3791,4253656
2015-10-20,98.13,98.602,97.83,98.09,22.3063,11512344
2015-10-21,98.46,98.48,97.33,97.46,22.163,6624716
2015-10-22,98.08,99.17,97.92,99.06,22.5269,10735124
2015-10-23,100.36,100.6299,99.74,100.39,22.8293,7028296
2015-10-26,100.27,100.67,100.06,100.53,22.8612,6709440
2015-10-27,100.1,100.57,99.98,100.45,22.843,9834848
2015-10-28,100.65,101.48,100.06,101.48,23.0772,8366832
2015-10-29,101.22,101.685,101.14,101.5,23.0817,9001484
2015-10-30,101.63,101.79,101.07,101.09,22.9885,7191620
2015-11-02,101.28,102.27,101.27,102.14,23.2273,9116228
2015-11-03,101.94,102.59,101.73,102.23,23.2478,6099184
2015-11-04,102.47,102.6,101.742,102.09,23.2159,8580744
2015-11-05,102.25,102.47,101.47,102.04,23.2045,8803448
2015-11-06,101.79,102.06,101.2,101.97,23.1886,9048120
2015-11-09,101.6,101.62,100.39,101.0,22.968,11894800
2015-11-10,100.71,101.13,100.48,101.13,22.9976,5600260
2015-11-11,101.42,101.51,100.74,100.79,22.9203,5169092
2015-11-12,100.28,100.63,99.55,99.59,22.6474,12167508
2015-11-13,99.34,99.41,98.16,98.23,22.3381,11796776
2015-11-16,98.0,99.52,98.0,99.52,22.6315,10425252
2015-11-17,99.72,100.315,99.29,99.56,22.6406,13615032
2015-11-18,99.9,101.4,99.8401,101.32,23.0408,12023892
2015-11-19,101.35,101.545,101.14,101.27,23.0294,8954340
2015-11-20,101.68,102.14,101.62,101.82,23.1545,9294104
2015-11-23,101.85,102.32,101.51,101.82,23.1545,9796804
2015-11-24,101.2,102.01,100.87,101.83,23.1568,8597196
2015-11-25,101.84,102.1499,101.816,101.99,23.1932,7653228
2015-11-27,102.06,102.25,101.7201,102.1,23.2182,2667404
2015-11-30,102.23,102.2899,101.39,101.4,23.059,8430992
2015-12-01,101.78,102.43,101.67,102.36,23.2773,13206588
2015-12-02,102.39,102.61,101.45,101.59,23.1022,9606220
2015-12-03,101.82,101.946,99.59,100.07,22.7566,12660400
2015-12-04,100.36,102.32,100.29,102.19,23.2387,11665944
2015-12-07,102.1,102.22,101.14,101.66,23.1181,10618608
2015-12-08,100.81,101.7,100.61,101.41,23.0613,14398940
2015-12-09,101.05,101.86,99.77,100.24,22.7952,15940460
2015-12-10,100.31,101.21,100.1549,100.56,22.868,15256564
2015-12-11,99.4,99.72,98.385,98.51,22.4018,17282496
2015-12-14,98.66,99.14,97.56,99.11,22.5382,19560500
2015-12-15,99.94,100.33,99.59,99.75,22.6838,15732504
2015-12-16,100.42,101.518,99.7983,101.34,23.0454,14433684
2015-12-17,101.56,101.61,99.85,99.85,22.7065,20644444
2015-12-18,99.57,99.57,98.09,98.09,22.3063,19714944
2015-12-21,98.82,99.1,98.2,98.96,22.5041,14895244
2015-12-22,99.48,99.93,98.9101,99.78,22.6906,11293008
2015-12-23,100.44,100.72,100.138,100.67,22.893,11366604
2015-12-24,100.2,100.47,100.08,100.08,22.8456,4625656
2015-12-28,99.84,100.15,99.426,100.14,22.8593,11855236
2015-12-29,100.76,101.44,100.6,101.26,23.115,11699868
2015-12-30,101.2,101.25,100.49,100.56,22.9552,6982636
2015-12-31,100.35,100.48,99.45,99.48,22.7086,9722272
2016-01-04,97.99,98.03,96.72,97.78,22.3206,21538804
2016-01-05,98.1,98.27,97.39,97.93,22.3548,11261764
2016-01-06,96.55,97.48,96.25,96.9,22.1197,12007176
2016-01-07,95.09,96.14,94.27,94.429,21.5556,15096500
2016-01-08,95.06,95.33,93.33,93.49,21.3413,15626048
2016-01-11,93.97,94.22,92.36,93.54,21.3527,20225156
2016-01-12,94.29,94.89,93.22,94.46,21.5627,14000028
2016-01-13,94.75,94.84,91.51,91.68,20.9281,15812764
2016-01-14,91.96,93.757,90.74,93.05,21.2408,18009272
2016-01-15,90.56,91.68,90.05,91.2,20.8185,18765528
2016-01-19,92.33,92.37,90.45,91.293,20.8398,17349252
2016-01-20,89.955,91.61,88.07,90.79,20.7249,20841404
2016-01-21,90.97,92.12,90.11,91.07,20.7889,20401248
2016-01-22,92.48,93.21,92.32,93.1,21.2522,44481440
2016-01-25,92.91,93.17,91.83,91.94,20.9875,16875352
2016-01-26,92.22,93.08,91.8,92.87,21.1997,9891760
2016-01-27,92.58,93.12,90.88,91.38,20.8596,14464836
2016-01-28,92.15,92.35,90.75,91.79,20.9532,15148420
2016-01-29,92.02,93.86,91.94,93.83,21.4189,15081500
2016-02-01,93.34,94.55,93.1602,94.19,21.5011,10866228
2016-02-02,93.47,93.62,92.22,92.49,21.113,8810528
2016-02-03,93.04,93.2,91.01,92.74,21.1701,17383540
2016-02-04,92.39,93.34,91.93,92.74,21.1701,14788148
2016-02-05,92.32,92.42,89.98,90.31,20.6154,12896636
2016-02-08,89.19,89.3225,87.45,88.8,20.2707,21555564
2016-02-09,87.81,89.76,87.67,88.88,20.2889,19881016
2016-02-10,89.55,90.6499,89.05,89.12,20.3437,20900736
2016-02-11,87.78,88.9,87.38,88.32,20.1611,14399436
2016-02-12,89.22,89.87,88.66,89.79,20.4967,12127000
2016-02-16,90.83,91.57,90.46,91.53,20.8939,9379348
2016-02-17,92.2,93.41,92.12,93.22,21.2796,9330616
2016-02-18,93.39,93.44,92.54,92.71,21.1632,9096452
2016-02-19,92.25,92.926,91.92,92.86,21.1975,8630644
2016-02-22,93.6,94.18,93.6,94.1,21.4805,6798692
2016-02-23,93.78,94.03,93.06,93.12,21.2568,5452576
2016-02-24,92.08,93.73,91.61,93.59,21.3641,7418412
2016-02-25,93.86,94.67,93.38,94.66,21.6084,5109896
2016-02-26,95.1,95.21,94.4,94.58,21.5901,7768872
2016-02-29,94.49,95.12,93.83,93.83,21.4189,8078184
2016-03-01,94.54,96.23,94.32,96.23,21.9667,16627596
2016-03-02,96.02,96.29,95.61,96.25,21.9713,5825220
2016-03-03,96.15,96.54,95.77,96.48,22.0238,12465860
2016-03-04,96.65,97.21,96.17,96.7,22.074,12467672
2016-03-07,96.19,96.88,95.935,96.55,22.0398,7931616
2016-03-08,95.89,96.4401,95.55,95.67,21.8389,9373316
2016-03-09,96.05,96.15,95.56,96.07,21.9302,4608744
2016-03-10,96.41,96.94,95.075,96.04,21.9234,7414736
2016-03-11,96.9,97.62,96.78,97.58,22.2749,6146052
2016-03-14,97.3,97.87,97.3,97.66,22.2932,5608620
2016-03-15,97.1,97.515,97.03,97.42,22.2384,5112340
2016-03-16,97.1,98.36,97.07,98.11,22.3959,6659680
2016-03-17,98.0,98.77,97.7985,98.55,22.4963,4560268
2016-03-18,98.74,99.08,98.52,98.95,22.5876,3956072
2016-03-21,98.75,99.257,98.73,99.09,22.6196,4858696
2016-03-22,98.64,99.5,98.61,99.21,22.647,5195472
2016-03-23,98.61,98.87,98.12,98.23,22.506,4181540
2016-03-24,97.7,98.2501,97.6197,98.23,22.506,8955400
2016-03-28,98.4,98.645,98.12,98.35,22.5335,5011312
2016-03-29,98.09,99.565,98.06,99.51,22.7993,8858704
2016-03-30,100.02,100.36,99.745,99.97,22.9047,6523440
2016-03-31,99.96,100.22,99.7,99.78,22.8612,9069144
2016-04-01,99.28,100.715,99.01,100.61,23.0513,5721472
2016-04-04,100.67,100.74,100.24,100.34,22.9895,3823352
2016-04-05,99.54,100.03,99.36,99.48,22.7924,7243760
2016-04-06,99.52,100.775,99.51,100.73,23.0788,7825320
2016-04-07,100.14,100.351,99.1,99.47,22.7902,6003696
2016-04-08,100.09,100.25,99.26,99.56,22.8108,4459460
2016-04-11,99.93,100.3,99.14,99.18,22.7237,4871964
2016-04-12,99.25,100.115,98.92,99.97,22.9047,7536632
2016-04-13,100.42,101.03,100.42,100.97,23.1338,4320176
2016-04-14,101.01,101.28,100.78,100.94,23.127,3737612
2016-04-15,100.87,101.03,100.6931,100.94,23.127,3310804
2016-04-18,100.71,101.55,100.68,101.52,23.2598,4576780
2016-04-19,101.77,101.77,100.91,101.36,23.2232,5955212
2016-04-20,101.49,101.78,101.05,101.3,23.2094,7374692
2016-04-21,101.53,101.559,100.815,100.96,23.1315,4436324
2016-04-22,100.57,100.84,99.97,100.62,23.0536,18491368
2016-04-25,100.25,100.54,100.06,100.54,23.0353,4034388
2016-04-26,100.64,100.96,100.26,100.51,23.0284,7079820
2016-04-27,99.98,100.5101,99.66,100.26,22.9712,5710724
2016-04-28,99.94,100.66,99.16,99.38,22.7695,5831848
2016-04-29,99.05,99.2699,98.23,98.86,22.6504,7509348
2016-05-02,99.11,99.8498,98.98,99.76,22.8566,5549276
2016-05-03,99.1,99.445,98.62,98.98,22.6779,14215060
2016-05-04,98.33,98.85,98.24,98.48,22.5633,7582992
2016-05-05,98.65,98.85,98.26,98.46,22.5587,14233260
2016-05-06,98.16,98.88,97.93,98.85,22.6481,4749044
2016-05-09,98.87,99.54,98.86,99.19,22.726,5226728
2016-05-10,99.55,100.43,99.54,100.41,23.0055,6814216
2016-05-11,100.08,100.25,99.22,99.27,22.7443,14867912
2016-05-12,99.53,99.66,98.53,99.09,22.7031,5571152
2016-05-13,98.92,99.29,98.21,98.37,22.5381,4794680
2016-05-16,98.45,99.67,98.45,99.4,22.7741,4630036
2016-05-17,99.29,99.49,98.04,98.33,22.529,5027512
2016-05-18,98.12,98.9,97.61,98.24,22.5083,8054008
2016-05-19,97.75,98.03,97.14,97.75,22.3961,5739452
2016-05-20,98.12,98.73,98.081,98.41,22.5473,4983080
2016-05-23,98.45,98.72,98.23,98.3,22.5221,6539164
2016-05-24,98.78,99.924,98.78,99.69,22.8406,4999424
2016-05-25,100.03,100.47,99.97,100.26,22.9712,6483716
2016-05-26,100.27,100.51,100.16,100.37,22.9964,3564000
2016-05-27,100.39,100.85,100.39,100.8,23.0949,6684572
2016-05-31,100.97,101.01,100.43,100.8,23.0949,8744956
2016-06-01,100.46,101.06,100.38,100.93,23.1247,6074116
2016-06-02,100.75,101.38,100.48,101.34,23.2186,6533832
2016-06-03,101.14,101.28,100.44,101.13,23.1705,6419456
2016-06-06,101.16,101.65,101.06,101.49,23.253,4743108
2016-06-07,101.53,101.82,101.41,101.47,23.2484,9322216
2016-06-08,101.47,101.93,101.47,101.8,23.324,3673380
2016-06-09,101.45,101.78,101.35,101.68,23.2965,4942376
2016-06-10,100.93,101.04,100.4209,100.75,23.0834,4233656
2016-06-13,100.35,100.8299,99.84,99.89,22.8864,6726888
2016-06-14,99.65,100.04,99.2,99.8,22.8658,5738988
2016-06-15,99.99,100.36,99.61,99.7,22.8428,7667484
2016-06-16,99.25,100.06,98.71,99.96,22.9024,6188968
2016-06-17,99.89,99.89,99.0,99.32,22.7558,9715192
2016-06-20,100.33,100.81,99.92,100.01,22.9139,5267080
2016-06-21,100.24,100.31,99.888,100.08,22.9299,4912072
2016-06-22,100.16,100.64,99.86,99.9,22.8887,13410844
2016-06-23,100.61,101.11,100.38,101.11,23.1659,5876112
2016-06-24,97.65,99.31,97.415,97.58,22.3571,22462044
2016-06-27,97.02,97.02,95.45,95.95,21.9837,14833060
2016-06-28,97.0,97.65,96.75,97.62,22.3663,19134904
2016-06-29,98.4,99.37,98.33,99.27,22.7443,17769016
2016-06-30,99.44,100.39,99.16,100.36,22.9941,7376220
2016-07-01,100.46,101.11,100.4344,100.68,23.0674,4310204
2016-07-05,100.32,100.4699,99.891,100.28,22.9757,5243648
2016-07-06,99.58,100.57,99.395,100.5,23.1172,6987356
2016-07-07,100.6,100.98,100.281,100.64,23.1494,5901696
2016-07-08,101.29,102.3,101.17,102.13,23.4921,4397784
2016-07-11,102.36,102.909,102.36,102.57,23.5933,5755936
2016-07-12,103.0,103.2673,102.84,103.11,23.7176,8134064
2016-07-13,103.33,103.3907,102.85,102.98,23.6877,8996876
2016-07-14,103.55,103.71,103.24,103.46,23.7981,4252256
2016-07-15,103.78,103.95,103.15,103.27,23.7544,8037660
2016-07-18,103.42,103.78,103.35,103.68,23.8487,5917704
2016-07-19,103.35,103.61,103.29,103.53,23.8142,6298728
2016-07-20,103.91,104.4,103.7935,104.23,23.9752,13970736
2016-07-21,104.19,104.34,103.5701,103.88,23.8947,3608428
2016-07-22,103.89,104.37,103.7,104.28,23.9867,3756980
2016-07-25,104.25,104.27,103.84,104.18,23.9637,4923956
2016-07-26,104.09,104.42,103.7,104.09,23.943,6294660
2016-07-27,104.49,104.5,103.84,104.27,23.9844,8757480
2016-07-28,104.27,104.68,104.02,104.57,24.0534,7530208
2016-07-29,104.58,104.9441,104.3,104.72,24.0879,7723528
2016-08-01,104.69,105.28,104.57,105.0,24.1523,8998348
2016-08-02,104.87,104.93,103.8266,104.26,23.9821,10747168
2016-08-03,104.21,104.48,104.04,104.44,24.0235,4927432
2016-08-04,104.47,104.79,104.29,104.64,24.0695,4469352
2016-08-05,104.86,105.28,104.62,105.16,24.1891,14637656
2016-08-08,105.26,105.26,104.7834,104.95,24.1408,3422264
2016-08-09,105.06,105.44,104.98,105.15,24.1868,11203572
2016-08-10,105.16,105.22,104.81,104.98,24.1477,5886464
2016-08-11,105.29,105.62,105.12,105.45,24.2558,6540816
2016-08-12,105.27,105.4499,105.12,105.33,24.2282,4129948
2016-08-15,105.52,105.87,105.3,105.68,24.3087,4265332
2016-08-16,105.38,105.5,104.91,104.95,24.1408,5540400
2016-08-17,104.92,105.14,104.4,105.01,24.1546,3375804
2016-08-18,104.99,105.21,104.89,105.1,24.1753,3907424
2016-08-19,104.78,105.16,104.68,105.07,24.1684,3747348
2016-08-22,105.0,105.34,104.85,105.23,24.2052,4396280
2016-08-23,105.53,105.75,105.44,105.46,24.2581,6423700
2016-08-24,105.37,105.47,104.55,104.78,24.1017,8050740
2016-08-25,104.49,104.94,104.39,104.57,24.0534,4952640
2016-08-26,104.62,105.27,103.96,104.44,24.0235,8000600
2016-08-29,104.52,104.939,104.5115,104.78,24.1017,3687704
2016-08-30,104.65,104.8,104.12,104.38,24.0097,5513488
2016-08-31,104.23,104.31,103.785,104.18,23.9637,6817992
2016-09-01,104.22,104.39,103.69,104.35,24.0028,9659456
2016-09-02,104.76,105.0,104.41,104.79,24.104,4358248
2016-09-06,104.84,105.13,104.53,105.12,24.1799,6055900
2016-09-07,104.99,105.175,104.72,105.1,24.1753,7905672
2016-09-08,104.79,104.9,104.37,104.59,24.058,6806688
2016-09-09,103.77,103.9,102.01,102.04,23.4714,10544624
2016-09-12,101.6,103.65,101.46,103.44,23.7935,12003568
2016-09-13,102.87,103.09,101.86,102.22,23.5128,14043440
2016-09-14,102.28,103.0,102.135,102.41,23.5565,8969108
2016-09-15,102.38,103.7,102.27,103.57,23.8234,10513340
2016-09-16,103.17,103.39,102.885,103.28,23.7567,4172484
2016-09-19,103.54,103.94,102.98,103.16,23.7291,3511472
2016-09-20,103.56,103.79,103.25,103.32,23.7659,6371924
2016-09-21,103.6,104.46,103.165,104.35,24.0028,13777868
2016-09-22,104.9,105.28,104.85,105.14,24.1845,4801804
2016-09-23,104.88,105.03,104.57,104.63,24.0672,4020908
2016-09-26,103.9,103.92,103.42,103.55,23.8917,4251012
2016-09-27,103.59,104.3075,103.35,104.3,24.0648,4372076
2016-09-28,104.36,104.53,103.89,104.42,24.0925,5070148
2016-09-29,104.36,104.6,103.3031,103.53,23.8871,5904040
2016-09-30,103.95,104.54,103.68,104.17,24.0348,5632500
2016-10-03,103.95,104.11,103.63,103.92,23.9771,7325432
2016-10-04,104.12,104.25,103.19,103.53,23.8871,6255476
2016-10-05,103.73,103.97,103.66,103.68,23.9217,3962744
2016-10-06,103.61,103.93,103.31,103.77,23.9425,4078920
2016-10-07,103.81,103.89,102.87,103.31,23.8364,5154320
2016-10-10,103.74,104.02,103.64,103.72,23.931,3015380
2016-10-11,103.51,103.6,102.07,102.43,23.6333,4617344
2016-10-12,102.53,102.95,102.3041,102.63,23.6795,4041508
2016-10-13,101.89,102.65,101.495,102.34,23.6126,7773000
2016-10-14,102.87,103.12,102.36,102.38,23.6218,8238660
2016-10-17,102.3,102.4299,101.95,102.06,23.548,6259504
2016-10-18,102.82,103.065,102.58,102.74,23.7049,2654756
2016-10-19,102.82,103.085,102.66,102.94,23.751,2803328
2016-10-20,102.81,103.04,102.39,102.8,23.7187,5717960
2016-10-21,102.48,103.15,102.475,103.1,23.7879,5173744
2016-10-24,103.56,103.9,103.56,103.75,23.9379,4336108
2016-10-25,103.66,103.66,103.13,103.2,23.811,8514852
2016-10-26,102.65,103.07,102.44,102.63,23.6795,3651048
2016-10-27,103.07,103.07,102.1299,102.22,23.5849,5777792
2016-10-28,101.99,102.52,101.55,101.78,23.4834,9543388
2016-10-31,102.09,102.09,101.7,101.74,23.4741,5586740
2016-11-01,101.82,102.0,100.35,101.04,23.3126,9907816
2016-11-02,100.83,101.2,100.2401,100.4,23.165,6763572
2016-11-03,100.38,100.63,99.59,99.75,23.015,5138416
2016-11-04,99.62,100.39,99.57,99.72,23.0081,5320172
2016-11-07,101.15,101.98,101.08,101.98,23.5295,12062564
2016-11-08,101.7,102.775,101.6064,102.43,23.6333,5269380
2016-11-09,101.34,103.37,101.1911,103.15,23.7995,9709196
2016-11-10,103.5,103.8701,101.85,102.7,23.6956,14266964
2016-11-11,102.68,102.8,102.16,102.7,23.6956,10439176
2016-11-14,102.93,102.96,101.88,102.19,23.578,7737132
2016-11-15,102.53,103.1,102.5,102.98,23.7602,9055596
2016-11-16,102.72,103.34,102.6,103.34,23.8433,7947508
2016-11-17,103.4,104.06,103.26,104.04,24.0048,9370292
2016-11-18,104.12,104.25,103.59,103.65,23.9148,9601852
2016-11-21,103.95,104.54,103.73,104.48,24.1063,10145180
2016-11-22,104.72,104.88,104.41,104.79,24.1778,8676588
2016-11-23,104.43,104.71,104.271,104.67,24.1502,6498888
2016-11-25,104.96,105.1,104.82,105.1,24.2494,2339336
2016-11-28,104.87,105.04,104.59,104.63,24.1409,5666136
2016-11-29,104.75,105.275,104.63,104.98,24.2217,6005848
2016-11-30,105.1,105.18,103.97,103.97,23.9886,9111928
2016-12-01,104.06,104.06,102.785,103.0,23.7648,14791464
2016-12-02,102.93,103.4363,102.84,103.15,23.7995,14279152
2016-12-05,103.64,104.04,103.42,103.78,23.9448,14527592
2016-12-06,104.02,104.16,103.73,104.13,24.0256,10954440
2016-12-07,104.02,105.48,103.76,105.41,24.3209,8528044
2016-12-08,105.47,105.83,105.21,105.58,24.3601,8297148
2016-12-09,105.74,106.265,105.74,106.23,24.5101,9509304
2016-12-12,105.98,106.11,105.58,105.9,24.434,8597532
2016-12-13,106.17,107.035,106.17,106.71,24.6208,8433048
2016-12-14,106.68,107.0,105.9,106.14,24.4893,13314712
2016-12-15,106.19,106.915,106.16,106.43,24.5562,19265244
2016-12-16,106.66,106.74,106.03,106.24,24.5124,8253276
2016-12-19,106.45,106.93,106.28,106.52,24.577,11058552
2016-12-20,106.78,106.92,106.64,106.87,24.6578,10387288
2016-12-21,106.82,106.87,106.58,106.6,24.5955,7051288
2016-12-22,106.14,106.17,105.561,105.81,24.5104,7809032
2016-12-23,105.8,106.01,105.71,105.98,24.5498,4830836
2016-12-27,106.06,106.71,106.056,106.3,24.6239,6693880
2016-12-28,106.45,106.5,105.4759,105.54,24.4479,5092656
2016-12-29,105.59,105.8,105.33,105.57,24.4548,5973188
2016-12-30,105.78,105.78,104.59,104.9,24.2996,6281892
2017-01-03,105.54,106.0,105.14,105.69,24.4826,13372868
2017-01-04,105.92,106.63,105.82,106.51,24.6726,6436940
2017-01-05,106.38,106.74,106.3001,106.68,24.7119,10805460
2017-01-06,106.78,107.5699,106.53,107.37,24.8718,13190548
2017-01-09,107.32,107.48,107.17,107.36,24.8695,8256864
2017-01-10,107.31,107.75,107.13,107.4,24.8787,11123832
2017-01-11,107.31,107.6,106.83,107.48,24.8972,20223480
2017-01-12,107.14,107.465,106.56,107.37,24.8718,5536824
2017-01-13,107.4,107.8,107.4,107.69,24.9459,5702364
2017-01-17,107.45,107.64,107.2141,107.52,24.9065,12076632
2017-01-18,107.66,107.7652,107.38,107.73,24.9552,4147424
2017-01-19,107.71,107.93,107.18,107.43,24.8857,12898176
2017-01-20,107.7,107.9152,107.3,107.58,24.9204,11670636
2017-01-23,107.54,107.78,107.12,107.66,24.9389,8586968
2017-01-24,107.78,108.46,107.61,108.33,25.0941,9647944
2017-01-25,108.84,109.15,108.69,109.15,25.2841,8429712
2017-01-26,109.12,109.3,108.91,108.96,25.2401,7065636
2017-01-27,109.19,109.19,108.84,109.0,25.2493,5297256
2017-01-30,108.63,108.65,107.783,108.43,25.1173,6628008
2017-01-31,108.09,108.355,107.78,108.35,25.0988,7131560
2017-02-01,108.76,108.9,108.19,108.59,25.1544,10624660
2017-02-02,108.47,108.84,108.2201,108.55,25.1451,3548524
2017-02-03,108.95,109.2462,108.86,109.2,25.2957,4728128
2017-02-06,108.98,109.16,108.865,109.09,25.2702,9209880
2017-02-07,109.31,109.591,109.22,109.37,25.3351,6448712
2017-02-08,109.17,109.71,109.13,109.61,25.3907,5717780
2017-02-09,109.74,110.39,109.65,110.25,25.5389,5253204
2017-02-10,110.42,110.74,110.27,110.58,25.6153,4412372
2017-02-13,110.95,111.24,110.8732,111.05,25.7242,4256204
2017-02-14,111.0,111.4853,110.85,111.46,25.8192,4561440
2017-02-15,111.33,112.18,111.32,112.09,25.9651,6516152
2017-02-16,112.12,112.2,111.58,111.97,25.9373,5222996
2017-02-17,111.62,112.23,111.62,112.22,25.9952,4785396
2017-02-21,112.46,112.9137,112.4101,112.81,26.1319,4711448
2017-02-22,112.6,112.9463,112.59,112.83,26.1366,6565760
2017-02-23,113.08,113.08,112.33,112.67,26.0995,4000056
2017-02-24,112.29,113.09,112.27,113.09,26.1968,4655060
2017-02-27,112.97,113.2854,112.78,113.26,26.2362,4600484
2017-02-28,113.14,113.1899,112.68,112.77,26.1227,6204740
2017-03-01,113.65,114.3899,113.5,114.19,26.4516,6699948
2017-03-02,114.11,114.11,113.58,113.66,26.3288,4415396
2017-03-03,113.59,113.81,113.27,113.79,26.3589,8091600
2017-03-06,113.27,113.6,113.0936,113.44,26.2779,4942008
2017-03-07,113.19,113.53,113.015,113.15,26.2107,9045508
2017-03-08,113.27,113.605,113.13,113.29,26.2431,6584472
2017-03-09,113.33,113.49,112.79,113.27,26.2385,4544688
2017-03-10,113.83,113.99,113.27,113.75,26.3497,5423924
2017-03-13,113.78,113.9566,113.601,113.92,26.389,4524068
2017-03-14,113.67,113.755,113.275,113.56,26.3057,4915244
2017-03-15,113.76,114.7,113.7,114.43,26.5072,10323680
2017-03-16,114.53,114.6299,114.0397,114.3,26.4771,3578212
2017-03-17,114.46,114.6,114.19,114.23,26.4609,4651808
2017-03-20,114.31,114.48,113.98,114.2028,26.4546,5679120
2017-03-21,114.51,114.66,112.771,112.89,26.1505,7710116
2017-03-22,112.88,113.36,112.5501,113.28,26.2408,3922404
2017-03-23,113.12,113.6,112.91,113.07,26.1921,6010384
2017-03-24,112.95,113.25,112.37,112.74,26.1923,5551292
2017-03-27,111.96,112.9458,111.69,112.81,26.2085,4970972
2017-03-28,112.72,113.72,112.56,113.43,26.3526,6151536
2017-03-29,113.32,113.83,113.1601,113.76,26.4293,6931988
2017-03-30,113.72,114.0299,113.55,113.86,26.4525,3400564
2017-03-31,113.66,114.09,113.61,113.8,26.4386,7968224
2017-04-03,113.9,114.03,113.02,113.57,26.3851,10679632
2017-04-04,113.42,113.6,113.23,113.53,26.3758,5183656
2017-04-05,113.8,114.41,113.07,113.18,26.2945,8708048
2017-04-06,113.35,113.7,113.1,113.45,26.3572,6215936
2017-04-07,113.46,113.72,113.127,113.39,26.3433,11577324
2017-04-10,113.57,113.9335,113.25,113.54,26.3781,10531312
2017-04-11,113.36,113.57,112.62,113.39,26.3433,10759904
2017-04-12,113.29,113.38,112.8301,112.94,26.2388,3994160
2017-04-13,112.82,113.24,112.45,112.48,26.1319,10816576
2017-04-17,112.72,113.41,112.69,113.4,26.3456,6859472
2017-04-18,113.07,113.48,112.87,113.21,26.3015,7290700
2017-04-19,113.51,113.8205,113.17,113.31,26.3247,6884632
2017-04-20,113.42,114.44,113.42,114.23,26.5384,4325856
2017-04-21,114.17,114.37,113.81,114.06,26.499,4267192
2017-04-24,115.16,115.33,114.9732,115.24,26.7731,5407588
2017-04-25,115.59,116.1,115.3701,115.9,26.9264,4285016
2017-04-26,116.0,116.29,115.9,115.95,26.938,4923328
2017-04-27,116.15,116.48,116.07,116.34,27.0287,5018600
2017-04-28,116.64,116.77,116.19,116.33,27.0263,4837824
2017-05-01,116.7,117.02,116.515,116.76,27.1262,5634088
2017-05-02,116.97,117.04,116.7148,117.03,27.189,4787716
2017-05-03,116.79,116.85,116.29,116.62,27.0937,6022216
2017-05-04,116.71,116.92,116.43,116.91,27.1611,4318668
2017-05-05,117.08,117.37,116.8,117.34,27.261,3605500
2017-05-08,117.39,117.47,117.04,117.31,27.254,12651256
2017-05-09,117.51,117.7,117.25,117.51,27.3005,4143948
2017-05-10,117.45,117.61,117.19,117.57,27.3144,4433876
2017-05-11,117.25,117.45,116.71,117.39,27.2726,11723732
2017-05-12,117.38,117.47,117.23,117.34,27.261,3635180
2017-05-15,117.44,117.92,117.37,117.86,27.3818,3439912
2017-05-16,118.06,118.06,117.58,117.85,27.3795,4605772
2017-05-17,116.95,117.16,115.63,115.67,26.873,8355068
2017-05-18,115.65,116.75,115.57,116.3,27.0194,6043280
2017-05-19,116.66,117.365,116.6,117.02,27.1866,4716348
2017-05-22,117.24,117.84,116.99,117.77,27.3609,3291020
2017-05-23,118.0,118.0,117.7025,117.8,27.3678,3974680
2017-05-24,117.98,118.365,117.8,118.27,27.477,4977760
2017-05-25,118.57,119.39,118.55,119.18,27.6885,4151492
2017-05-26,119.18,119.32,119.07,119.22,27.6977,3229388
2017-05-30,119.05,119.36,119.05,119.25,27.7047,2666800
2017-05-31,119.47,119.541,118.83,119.34,27.7256,7369556
2017-06-01,119.64,120.27,119.47,120.27,27.9417,6951784
2017-06-02,120.48,121.205,120.37,121.1,28.1345,4783672
2017-06-05,121.05,121.1,120.89,120.95,28.0997,7155440
2017-06-06,120.7,120.96,120.42,120.51,27.9974,4220812
2017-06-07,120.78,120.96,120.38,120.82,28.0695,9432828
2017-06-08,120.88,120.98,120.335,120.71,28.0439,5408544
2017-06-09,120.79,121.09,118.54,119.52,27.7674,9567564
2017-06-12,119.07,119.19,118.26,119.15,27.6815,8390252
2017-06-13,119.58,120.065,119.37,120.01,27.8813,4470328
2017-06-14,120.3,120.5,119.39,120.0,27.879,5810588
2017-06-15,119.1,119.76,118.68,119.68,27.8046,12555756
2017-06-16,119.81,119.81,118.96,119.5,27.7628,5088224
2017-06-19,120.0,120.84,119.9767,120.79,28.0625,4008996
2017-06-20,120.67,120.74,119.96,120.02,27.8836,4623264
2017-06-21,120.23,120.53,120.1,120.42,27.9765,7451744
2017-06-22,120.46,120.857,120.21,120.48,27.9905,26054504
2017-06-23,120.5,120.9,120.16,120.75,28.0532,13854552
2017-06-26,121.4,121.43,120.39,120.5,27.9951,6635800
2017-06-27,120.39,120.39,119.08,119.08,27.6652,7516000
2017-06-28,119.56,120.43,119.17,120.31,27.951,12307556
2017-06-29,120.16,120.16,117.91,118.77,27.5932,7353168
2017-06-30,119.16,119.48,118.83,119.02,27.6513,7302896
2017-07-03,119.51,119.6892,118.62,118.62,27.5584,2761308
2017-07-05,118.92,119.3648,118.52,119.17,27.6861,5709896
2017-07-06,118.19,118.32,117.62,117.8,27.4657,6925984
2017-07-07,118.05,119.055,118.05,118.9,27.7222,5133192
2017-07-10,118.9,119.49,118.67,119.24,27.8015,3452028
2017-07-11,119.16,119.5,118.59,119.34,27.8248,3908168
2017-07-12,120.01,120.62,119.95,120.49,28.0929,4376376
2017-07-13,120.6,120.8099,120.35,120.65,28.1302,5107664
2017-07-14,120.84,121.535,120.79,121.37,28.2981,3131040
2017-07-17,121.36,121.55,121.2601,121.31,28.2841,6518008
2017-07-18,121.14,121.7,120.99,121.7,28.375,3391236
2017-07-19,121.98,122.39,121.9033,122.33,28.5219,2841908
2017-07-20,122.58,122.6,121.99,122.44,28.5475,8032460
2017-07-21,122.09,122.46,122.0,122.4,28.5382,2321220
2017-07-24,122.43,122.74,122.2201,122.64,28.5942,6275464
2017-07-25,122.89,122.89,122.42,122.62,28.5895,5361752
2017-07-26,122.84,122.96,122.67,122.82,28.6361,6164620
2017-07-27,123.32,123.32,121.32,122.35,28.5266,4407448
2017-07-28,121.98,122.23,121.73,122.08,28.4636,4433480
2017-07-31,122.41,122.43,121.61,121.7,28.375,3443368
2017-08-01,122.1,122.189,121.78,121.96,28.4356,4230584
2017-08-02,122.42,122.4895,121.425,122.16,28.4823,4604508
2017-08-03,122.17,122.2,121.77,121.97,28.438,4299924
2017-08-04,122.26,122.36,121.86,122.21,28.4939,3188852
2017-08-07,122.26,122.7,122.22,122.64,28.5942,5982820
2017-08-08,122.57,123.15,122.12,122.35,28.5266,6561088
2017-08-09,121.76,122.37,121.63,122.35,28.5266,5305940
2017-08-10,121.81,121.91,120.26,120.34,28.0579,6863960
2017-08-11,120.35,121.2101,120.34,120.94,28.1978,6053528
2017-08-14,121.73,122.478,121.69,122.3,28.5149,5555892
2017-08-15,122.64,122.64,122.12,122.36,28.5289,3591516
2017-08-16,122.63,123.06,122.46,122.74,28.6175,4530836
2017-08-17,122.44,122.59,120.73,120.73,28.1489,5497256
2017-08-18,120.61,121.21,120.19,120.51,28.0976,3050412
2017-08-21,120.52,120.76,119.96,120.67,28.1349,3903504
2017-08-22,120.97,122.305,120.97,122.2,28.4916,3803028
2017-08-23,121.72,121.87,121.45,121.61,28.354,2225780
2017-08-24,121.87,122.049,121.0501,121.4,28.3051,8018976
2017-08-25,121.85,122.14,121.35,121.43,28.3121,2496496
2017-08-28,121.74,121.84,121.47,121.73,28.382,2243968
2017-08-29,120.99,122.19,120.78,122.05,28.4566,8483584
2017-08-30,122.1,123.09,122.05,122.94,28.6641,3655732
2017-08-31,123.22,124.07,123.21,123.91,28.8903,5451444
2017-09-01,124.25,124.3,123.84,124.03,28.9183,4064756
2017-09-05,123.79,123.95,122.55,123.25,28.7364,5710684
2017-09-06,123.67,123.75,122.9799,123.5,28.7947,7564932
2017-09-07,123.7,124.0063,123.48,123.9,28.888,7766048
2017-09-08,123.7,123.93,123.46,123.56,28.8087,4150084
2017-09-11,124.39,124.78,124.1701,124.75,29.0861,3011988
2017-09-12,125.01,125.14,124.65,124.95,29.1328,12914928
2017-09-13,124.79,124.95,124.67,124.93,29.1281,3208616
2017-09-14,124.6,124.88,124.41,124.69,29.0721,5255720
2017-09-15,124.57,125.075,124.57,124.91,29.1234,3890668
2017-09-18,125.15,125.37,124.76,125.07,29.1607,9615028
2017-09-19,125.17,125.25,124.92,125.16,29.1817,2929496
2017-09-20,125.14,125.25,124.34,125.1,29.1677,3534016
2017-09-21,125.02,125.02,124.4133,124.61,29.0535,2077268
2017-09-22,124.31,124.75,124.31,124.61,29.0535,3587824
2017-09-25,124.4,124.42,123.37,123.75,28.853,5194996
2017-09-26,123.77,124.026,123.3147,123.52,28.8845,8199384
2017-09-27,123.95,124.5668,123.62,124.29,29.0645,10337988
2017-09-28,124.06,124.56,123.98,124.51,29.116,13445628
2017-09-29,124.55,125.15,124.495,125.06,29.2446,8894252
2017-10-02,125.24,125.6366,125.01,125.47,29.3405,5459744
2017-10-03,125.44,125.75,125.44,125.71,29.3966,3030436
2017-10-04,125.72,126.04,125.55,125.93,29.448,5724176
2017-10-05,126.1,126.7934,126.1,126.78,29.6468,2538940
2017-10-06,126.39,126.9,126.39,126.9,29.6749,2570404
2017-10-09,127.0,127.1135,126.68,126.83,29.6585,2444520
2017-10-10,127.15,127.27,126.555,126.92,29.6795,2620500
2017-10-11,126.87,127.35,126.87,127.35,29.7801,3446924
2017-10-12,127.11,127.68,127.11,127.41,29.7941,3168548
2017-10-13,127.79,127.94,127.61,127.71,29.8643,3467236
2017-10-16,127.81,127.98,127.57,127.88,29.904,3681844
2017-10-17,127.8,128.06,127.8,128.01,29.9344,6620560
2017-10-18,128.33,128.3353,128.0,128.13,29.9625,3732852
2017-10-19,127.62,128.06,127.16,128.05,29.9438,3586276
2017-10-20,128.6,128.77,128.38,128.67,30.0888,2997156
2017-10-23,128.96,129.01,127.95,128.04,29.9414,4588424
2017-10-24,128.3,128.4,127.96,128.23,29.9859,4244736
2017-10-25,128.12,128.31,126.98,127.72,29.8666,7747332
2017-10-26,127.96,128.18,127.64,127.89,29.9064,3692344
2017-10-27,128.84,129.97,128.84,129.87,30.3694,4965352
2017-10-30,129.73,130.06,129.34,129.62,30.3109,3737876
2017-10-31,130.02,130.205,129.76,129.96,30.3904,6896620
2017-11-01,130.54,130.54,129.625,129.88,30.3717,11534536
2017-11-02,129.89,130.04,129.34,129.97,30.3928,7897680
2017-11-03,130.34,130.73,129.9234,130.72,30.5681,5610676
2017-11-06,130.61,131.05,130.61,130.97,30.6266,3494704
2017-11-07,131.03,131.17,130.605,130.95,30.6219,5108656
2017-11-08,130.97,131.48,130.83,131.42,30.7318,3329652
2017-11-09,130.64,130.92,129.7464,130.74,30.5728,3917476
2017-11-10,130.59,130.92,130.4,130.82,30.5915,4956372
2017-11-13,130.37,131.11,130.37,131.01,30.636,5246320
2017-11-14,130.54,130.93,130.17,130.86,30.6009,5873980
2017-11-15,130.3,130.48,129.7,130.02,30.4044,4158800
2017-11-16,130.54,131.53,130.506,131.37,30.7201,4317584
2017-11-17,131.19,131.38,130.87,130.96,30.6243,4990856
2017-11-20,131.07,131.36,131.055,131.22,30.6851,5951088
2017-11-21,131.79,132.5069,131.72,132.42,30.9657,5462872
2017-11-22,132.52,132.5848,132.18,132.33,30.9446,3442488
2017-11-24,132.64,132.865,132.54,132.8,31.0545,2349640
2017-11-27,132.97,133.1199,132.66,132.85,31.0662,5102224
2017-11-28,133.09,133.71,132.8319,133.66,31.2556,3917792
2017-11-29,133.68,133.75,132.0,132.54,30.9937,6173404
2017-11-30,133.08,134.23,132.92,133.79,31.286,7933656
2017-12-01,133.5,133.8542,131.46,133.32,31.1761,12076244
2017-12-04,134.3,134.5,132.37,132.43,30.968,6947356
2017-12-05,132.39,133.41,132.18,132.27,30.9306,6772020
2017-12-06,132.01,132.74,131.88,132.55,30.9961,6163860
2017-12-07,132.53,133.385,132.49,133.19,31.1457,6599384
2017-12-08,133.83,134.16,133.45,133.87,31.3047,6364828
2017-12-11,133.93,134.34,133.89,134.29,31.403,10833104
2017-12-12,134.5,134.665,134.19,134.28,31.4006,5069516
2017-12-13,134.48,134.95,134.34,134.54,31.4614,8930024
2017-12-14,134.78,134.96,134.1284,134.18,31.3772,5809420
2017-12-15,134.8,135.575,134.51,135.35,31.6508,10340520
2017-12-18,136.15,136.4,136.0472,136.23,31.8566,5853656
2017-12-19,136.32,136.32,135.61,135.76,31.7467,6298368
2017-12-20,136.3,136.34,135.34,135.6,31.7093,11346748
2017-12-21,135.59,135.67,135.14,135.22,31.7038,8204852
2017-12-22,135.21,135.21,134.88,135.15,31.6874,6290992
2017-12-26,134.84,134.975,134.55,134.85,31.6171,4435016
2017-12-27,135.0,135.29,134.87,135.06,31.6663,4003900
2017-12-28,135.36,135.459,135.11,135.31,31.7249,5586940
2017-12-29,135.56,135.56,134.58,134.68,31.5772,8799188
2018-01-02,135.34,135.99,135.0,135.97,31.8797,9785916
2018-01-03,136.16,137.23,136.13,137.13,32.1517,8518404
2018-01-04,137.66,138.0,137.56,137.7,32.2853,7066108
2018-01-05,138.28,139.025,138.11,138.95,32.5784,7464292
2018-01-08,138.89,139.435,138.85,139.34,32.6698,7251076
2018-01-09,139.59,139.93,139.22,139.63,32.7378,6713432
2018-01-10,139.11,139.29,135.09,139.26,32.6511,8453396
2018-01-11,139.65,140.28,139.46,140.27,32.8879,6282076
2018-01-12,140.38,141.33,140.28,141.21,33.1083,14529400
2018-01-16,141.97,142.49,140.235,140.65,32.977,13645024
2018-01-17,141.34,142.3552,140.87,142.19,33.338,7548988
2018-01-18,142.18,142.46,141.83,142.12,33.3216,9675224
2018-01-19,142.59,142.87,142.235,142.86,33.4951,8521256
2018-01-22,142.74,143.98,142.72,143.97,33.7554,8475032
2018-01-23,144.27,144.81,144.1,144.62,33.9078,8543464
2018-01-24,144.96,145.2859,143.55,144.27,33.8257,11152476
2018-01-25,144.93,145.04,143.88,144.36,33.8468,7057988
2018-01-26,144.97,146.11,144.68,146.1,34.2548,7308228
2018-01-29,145.82,146.15,144.98,145.09,34.018,9318156
2018-01-30,143.8,144.37,143.23,143.81,33.7179,15909508
2018-01-31,144.53,144.953,143.4992,144.04,33.7718,10502228
2018-02-01,143.46,144.645,143.12,143.56,33.6592,10069000
2018-02-02,142.79,143.0,140.64,140.67,32.9817,17325856
2018-02-05,139.47,141.3,134.87,135.16,31.6898,18579164
2018-02-06,132.6,138.38,132.14,138.09,32.3767,22120580
2018-02-07,137.74,139.56,137.12,137.17,32.161,14027936
2018-02-08,137.32,137.37,131.63,131.66,30.8692,14644456
2018-02-09,133.11,134.79,129.08,133.79,31.3686,18107740
2018-02-12,134.87,136.75,134.0214,135.9,31.8633,9286576
2018-02-13,135.22,136.69,134.95,136.4,31.9805,10435916
2018-02-14,135.7,138.62,135.7,138.47,32.4658,5280272
2018-02-15,139.47,140.42,138.02,140.41,32.9207,5227048
2018-02-16,139.98,141.45,139.96,140.29,32.8926,5318052
2018-02-20,139.72,141.06,139.37,139.85,32.7894,5901088
2018-02-21,140.17,141.77,139.28,139.3,32.6604,4956348
2018-02-22,139.88,140.77,139.23,139.59,32.7284,5084928
2018-02-23,140.39,141.83,140.0,141.81,33.2489,4316464
2018-02-26,142.44,143.42,142.21,143.36,33.6124,4768904
2018-02-27,143.39,143.69,141.54,141.54,33.1856,6285616
2018-02-28,142.15,142.57,140.28,140.29,32.8926,4310668
2018-03-01,140.32,141.07,137.28,138.36,32.44,8164408
2018-03-02,137.16,139.49,136.58,139.2,32.637,4761328
2018-03-05,138.42,141.05,138.27,140.71,32.991,4128688
2018-03-06,141.41,141.46,140.36,141.24,33.1153,4134104
2018-03-07,140.03,141.67,139.88,141.49,33.1739,3561832
2018-03-08,141.93,142.299,141.38,142.23,33.3474,3093976
2018-03-09,143.12,144.7,142.94,144.67,33.9195,5061864
2018-03-12,144.98,145.28,144.48,144.72,33.9312,4640288
2018-03-13,145.38,145.7099,143.33,143.68,33.6874,5706460
2018-03-14,144.31,144.41,142.84,143.2,33.5748,7043796
2018-03-15,143.51,143.95,142.71,143.08,33.5467,6388540
2018-03-16,143.34,143.69,143.04,143.1,33.5514,7293356
2018-03-19,142.42,142.42,139.88,140.92,33.0403,4355980
2018-03-20,141.03,141.81,140.875,141.5,33.1763,8351804
2018-03-21,141.24,142.38,140.63,140.87,33.0285,3767984
2018-03-22,138.97,139.57,136.7,136.8,32.166,10104920
2018-03-23,136.87,137.46,133.87,133.93,31.4911,12361468
2018-03-26,136.11,138.02,134.56,137.88,32.4199,6125124
2018-03-27,138.45,138.72,133.75,134.69,31.6698,8650484
2018-03-28,134.57,135.58,133.2,133.99,31.5052,8484048
2018-03-29,134.73,137.23,133.9823,136.09,31.999,10215124
2018-04-02,135.31,135.899,131.51,132.8,31.2254,10127632
2018-04-03,133.78,134.7036,132.405,134.34,31.5875,7787288
2018-04-04,132.09,136.42,131.81,136.13,32.0084,7866648
2018-04-05,137.1,137.69,136.26,137.08,32.2318,4671968
2018-04-06,135.9,136.79,133.08,133.94,31.4935,8919012
2018-04-09,134.86,136.45,134.17,134.34,31.5875,4965172
2018-04-10,136.01,137.1864,135.52,136.73,32.1495,5685900
2018-04-11,135.88,137.11,135.88,136.06,31.992,4911552
2018-04-12,136.89,137.73,136.67,137.17,32.253,4235744
2018-04-13,137.97,138.02,136.17,136.8,32.166,4067268
2018-04-16,137.79,138.3808,137.31,137.94,32.434,5112928
2018-04-17,139.16,140.49,138.92,140.13,32.9489,3156728
2018-04-18,140.43,140.72,139.75,140.34,32.9983,3074744
2018-04-19,139.78,140.21,138.65,139.19,32.7279,3429424
2018-04-20,139.16,139.24,137.19,137.64,32.3635,6743088
2018-04-23,138.08,138.51,136.84,137.53,32.3376,3518924
2018-04-24,138.14,138.18,133.925,134.89,31.7169,7992420
2018-04-25,134.88,135.4331,133.57,135.05,31.7545,5241764
2018-04-26,136.17,137.71,135.9,137.24,32.2694,3454088
2018-04-27,137.94,138.22,136.66,137.34,32.2929,5276528
2018-04-30,137.68,138.29,136.45,136.45,32.0837,7630148
2018-05-01,136.24,137.33,135.66,137.26,32.2741,4804884
2018-05-02,137.23,137.91,136.39,136.59,32.1166,5654204
2018-05-03,136.01,137.0364,134.6,136.63,32.126,5043824
2018-05-04,136.07,139.0104,135.995,138.62,32.5939,3882152
2018-05-07,139.25,139.87,138.92,139.41,32.7796,11187320
2018-05-08,139.12,139.65,138.59,139.4,32.7773,6313104
2018-05-09,139.62,140.84,139.3497,140.71,33.0853,3044516
2018-05-10,140.99,142.2,140.9801,141.97,33.3816,4649484
2018-05-11,142.03,142.495,141.6798,142.23,33.4427,7413120
2018-05-14,142.51,143.035,142.02,142.26,33.4498,3245088
2018-05-15,141.41,141.41,140.56,141.06,33.1676,4698036
2018-05-16,141.21,142.08,141.21,141.78,33.3369,3268880
2018-05-17,141.61,142.32,141.06,141.6,33.2946,2800792
2018-05-18,141.42,141.9202,141.29,141.58,33.2899,3493868
2018-05-21,142.37,143.05,142.13,142.64,33.5391,2698148
2018-05-22,143.0,143.15,141.77,141.93,33.3722,2591444
2018-05-23,141.16,142.75,141.16,142.75,33.565,11855284
2018-05-24,142.67,142.985,141.6411,142.8,33.5767,3514264
2018-05-25,142.63,143.2,142.5,142.68,33.5485,4902080
2018-05-29,141.97,142.5,140.96,141.68,33.3134,13735544
2018-05-30,142.35,143.43,142.2,143.19,33.6684,7969428
2018-05-31,142.89,143.44,142.25,142.43,33.4897,6989968
2018-06-01,143.1,144.33,143.1,144.19,33.9036,14850620
2018-06-04,144.72,145.3348,144.53,145.29,34.1622,4012088
2018-06-05,145.42,145.93,145.18,145.8,34.2821,7749508
2018-06-06,146.1,146.99,145.58,146.99,34.5619,11231184
2018-06-07,147.17,147.21,145.71,146.31,34.4021,12943680
2018-06-08,145.95,146.87,145.75,146.77,34.5102,6251096
2018-06-11,146.96,147.42,146.82,147.06,34.5784,4615460
2018-06-12,147.29,147.79,147.12,147.66,34.7195,3814880
2018-06-13,147.78,148.1799,147.03,147.11,34.5902,3886364
2018-06-14,147.73,148.1799,147.4901,148.0,34.7994,3149492
2018-06-15,147.57,148.01,147.18,147.9,34.7759,37707176
2018-06-18,146.91,147.88,146.635,147.8,34.7524,8587568
2018-06-19,146.34,147.05,145.66,146.97,34.5572,4711124
2018-06-20,147.47,147.9822,147.28,147.49,34.6795,11690516
2018-06-21,147.64,147.75,146.17,146.44,34.4326,5315564
2018-06-22,146.93,147.15,146.1,146.24,34.3856,5636676
2018-06-25,145.42,145.62,142.61,143.62,33.7695,24727304
2018-06-26,144.04,144.86,143.72,144.14,33.8918,4369820
2018-06-27,144.73,145.369,142.35,142.36,33.4733,6652636
2018-06-28,142.33,144.04,142.03,143.58,33.7601,6586440
2018-06-29,144.32,145.01,143.77,143.8,33.8119,6204692
2018-07-02,142.78,144.6312,142.47,144.6,34.0,6625796
2018-07-03,144.67,144.79,142.99,143.12,33.7518,5047444
2018-07-05,143.99,144.59,143.2,144.5,34.0772,4836896
2018-07-06,144.85,146.31,144.5,146.09,34.4522,5160148
2018-07-09,146.89,147.49,146.53,147.48,34.78,5885556
2018-07-10,147.77,148.08,147.44,147.81,34.8578,6709124
2018-07-11,146.99,147.649,146.81,147.13,34.6975,6262672
2018-07-12,147.91,149.06,147.73,149.0,35.1385,4825500
2018-07-13,148.96,149.45,148.74,149.31,35.2116,4344528
2018-07-16,149.45,149.49,148.6643,148.84,35.1007,4134420
2018-07-17,148.16,150.0503,148.03,149.83,35.3342,4025804
2018-07-18,149.86,150.129,149.37,149.98,35.3696,3949640
2018-07-19,149.54,149.8499,149.165,149.46,35.2469,8180740
2018-07-20,149.65,150.04,149.31,149.43,35.2399,4025536
2018-07-23,149.18,149.55,148.63,149.46,35.2469,3862296
2018-07-24,150.64,151.041,149.2901,149.88,35.346,5594912
2018-07-25,149.86,151.91,149.75,151.88,35.8176,12748268
2018-07-26,150.29,150.89,150.07,150.33,35.4521,6321092
2018-07-27,151.07,151.15,147.9,148.64,35.0536,26658772
2018-07-30,148.68,148.81,146.01,146.51,34.5512,7796544
2018-07-31,147.19,148.14,146.571,147.51,34.7871,7622060
2018-08-01,148.06,148.604,147.41,148.03,34.9097,6594172
2018-08-02,147.25,149.76,147.17,149.59,35.2776,4628144
2018-08-03,149.98,149.98,149.17,149.94,35.3601,4273544
2018-08-06,149.94,150.72,149.73,150.72,35.5441,5471852
2018-08-07,151.29,151.53,150.93,151.27,35.6738,8072716
2018-08-08,151.18,151.55,150.88,151.27,35.6738,4331656
2018-08-09,151.33,151.87,151.24,151.32,35.6856,4413972
2018-08-10,150.5,150.95,149.95,150.39,35.4663,4169160
2018-08-13,150.52,151.31,149.95,150.12,35.4026,4673764
2018-08-14,150.61,151.2332,150.09,151.1,35.6337,3667644
2018-08-15,150.16,150.45,148.78,149.76,35.3177,7413080
2018-08-16,150.71,151.26,150.32,150.56,35.5064,3266456
2018-08-17,150.24,151.08,149.7,150.78,35.5582,5459164
2018-08-20,151.12,151.34,150.57,151.12,35.6384,3190480
2018-08-21,151.41,152.09,151.33,151.45,35.7162,3268360
2018-08-22,151.16,152.05,151.15,151.75,35.787,3315252
2018-08-23,151.59,152.5,151.48,151.73,35.7823,2572412
2018-08-24,152.2,153.04,152.1,153.0,36.0818,2497588
2018-08-27,153.8,154.37,153.58,154.26,36.3789,4184148
2018-08-28,154.67,155.05,154.08,154.46,36.4261,4275672
2018-08-29,154.69,155.86,154.6,155.79,36.7397,3814508
2018-08-30,155.43,156.1112,154.93,155.31,36.6265,3798536
2018-08-31,155.19,155.89,155.07,155.51,36.6737,3280060
2018-09-04,155.22,155.56,154.53,155.49,36.669,7458868
2018-09-05,155.16,155.22,153.37,154.04,36.327,5772724
2018-09-06,154.04,154.22,152.55,153.47,36.1926,4817964
2018-09-07,152.9,154.13,152.541,153.17,36.1219,10462208
2018-09-10,153.8,153.88,153.06,153.5,36.1997,3980208
2018-09-11,153.43,154.71,152.81,154.52,36.4402,3877692
2018-09-12,154.35,154.7,153.44,154.51,36.4379,4686248
2018-09-13,155.24,155.84,155.0,155.56,36.6855,4078736
2018-09-14,155.77,155.95,154.92,155.49,36.669,22973080
2018-09-17,155.32,155.45,153.6201,153.76,36.261,3465060
2018-09-18,153.9,155.2599,153.8511,154.79,36.5039,2646620
2018-09-19,154.78,155.08,154.065,154.55,36.4473,7593920
2018-09-20,155.42,156.03,155.06,155.84,36.7515,4745672
2018-09-21,156.39,156.4,155.24,155.37,36.6407,6554540
2018-09-24,154.85,155.55,154.2,155.48,36.6666,4060876
2018-09-25,155.66,155.94,155.3,155.74,36.7279,6639040
2018-09-26,155.42,156.46,155.0,155.16,36.6939,4066608
2018-09-27,155.6,156.55,155.59,156.0,36.8925,4101072
2018-09-28,155.72,156.36,155.53,155.98,36.8878,4133056
2018-10-01,156.93,157.3,156.03,156.36,36.9777,6203052
2018-10-02,156.27,156.62,155.54,155.82,36.85,4356912
2018-10-03,156.5,156.74,155.77,156.03,36.8996,5574756
2018-10-04,155.66,155.73,152.62,153.6,36.3249,8593228
2018-10-05,153.55,154.12,151.0399,152.3,36.0175,5527808
2018-10-08,151.68,152.41,149.85,151.46,35.8189,5398976
2018-10-09,151.26,152.49,151.02,151.43,35.8118,6801824
2018-10-10,150.97,150.97,145.22,145.42,34.3905,12763048
2018-10-11,144.66,146.57,141.92,143.08,33.8371,20946076
2018-10-12,146.22,146.72,143.96,146.17,34.5678,13214508
2018-10-15,145.82,146.39,144.67,144.97,34.284,8429756
2018-10-16,146.34,149.225,146.2,148.92,35.2182,7403012
2018-10-17,149.2,149.67,147.1359,148.56,35.133,7587424
2018-10-18,147.88,148.03,144.82,145.7,34.4567,5459896
2018-10-19,146.4,147.47,144.76,145.16,34.329,4500608
2018-10-22,145.64,146.16,144.47,145.3,34.3621,5554912
2018-10-23,142.62,145.158,141.265,144.45,34.1611,6957304
2018-10-24,144.37,144.69,138.74,138.98,32.8675,9137100
2018-10-25,140.16,143.34,139.65,142.47,33.6928,5810644
2018-10-26,139.17,141.64,137.49,139.45,32.9786,13097396
2018-10-29,141.36,142.1,135.07,137.48,32.5127,7108456
2018-10-30,136.97,139.64,136.62,139.48,32.9857,6663532
2018-10-31,141.52,143.4074,141.52,142.08,33.6006,8940520
2018-11-01,142.43,144.11,141.5101,143.87,34.0239,7573040
2018-11-02,144.37,144.97,141.51,142.65,33.7354,6508500
2018-11-05,142.74,142.9083,141.21,142.61,33.7259,5520628
2018-11-06,142.59,143.818,142.46,143.54,33.9459,6200580
2018-11-07,145.0,147.56,144.9084,147.47,34.8753,7239880
2018-11-08,147.02,147.4493,146.31,146.95,34.7523,6861968
2018-11-09,146.1,146.13,144.08,145.11,34.3171,5008916
2018-11-12,144.3,144.55,141.28,141.49,33.461,6434228
2018-11-13,141.87,143.39,140.94,141.37,33.4327,7003540
2018-11-14,142.71,143.0,139.46,140.22,33.1607,7424288
2018-11-15,139.53,142.389,138.38,142.04,33.5911,9140696
2018-11-16,140.79,142.47,140.4538,141.89,33.5556,7075660
2018-11-19,141.38,141.402,137.31,137.7,32.5647,9480700
2018-11-20,134.71,136.93,134.01,135.35,32.009,15657692
2018-11-21,136.67,137.29,135.95,136.16,32.2006,10633456
2018-11-23,135.09,136.235,134.93,135.36,32.0114,3416468
2018-11-26,136.92,137.92,136.4202,137.87,32.605,8196428
2018-11-27,137.21,138.22,136.6,138.17,32.6759,7362688
2018-11-28,139.11,142.53,138.723,142.52,33.7046,7560788
2018-11-29,142.09,143.07,141.1464,142.18,33.6242,6985396
2018-11-30,142.37,143.56,141.93,143.32,33.8938,10163260
2018-12-03,146.28,146.8,144.69,145.59,34.4307,17684516
2018-12-04,145.03,145.22,140.15,140.39,33.2009,14368096
2018-12-06,137.77,140.79,136.5,140.79,33.2955,13602340
2018-12-07,140.4,141.328,136.1208,136.61,32.307,18409612
2018-12-10,136.48,138.1271,134.5912,137.59,32.5387,12681876
2018-12-11,139.71,139.96,136.79,137.81,32.5908,20352496
2018-12-12,139.67,140.82,138.82,138.89,32.8462,10532468
2018-12-13,139.42,139.9663,137.95,138.66,32.7918,12330116
2018-12-14,137.18,137.78,135.37,135.7,32.0918,13165628
2018-12-17,134.69,135.3672,131.2304,132.18,31.345,18596380
2018-12-18,133.16,134.075,131.76,132.85,31.5039,20571836
2018-12-19,132.7,134.91,129.19,130.42,30.9277,16860132
2018-12-20,129.68,130.66,126.47,128.03,30.3609,22662728
2018-12-21,128.44,129.65,124.18,124.69,29.5689,22746164
2018-12-24,123.82,124.93,121.71,121.77,28.8764,12939072
2018-12-26,122.75,128.67,122.0516,128.64,30.5056,21740608
2018-12-27,127.02,129.9,124.7382,129.9,30.8044,25105964
2018-12-28,130.69,131.5,128.5927,129.55,30.7272,19329772
2018-12-31,130.58,131.06,129.51,130.91,31.0498,23948500
2019-01-02,128.61,131.38,128.465,130.81,31.0261,12827368
2019-01-03,129.34,129.58,126.56,126.75,30.0631,10406972
2019-01-04,128.77,132.2103,128.34,131.77,31.2538,11969660
2019-01-07,132.03,133.87,131.66,133.14,31.5787,13663648
2019-01-08,134.56,135.1,132.97,134.8,31.9725,9839568
2019-01-09,135.34,136.13,134.72,135.54,32.148,9652868
2019-01-10,134.68,136.32,134.21,136.23,32.3116,8258376
2019-01-11,135.56,135.95,135.08,135.91,32.2357,16695168
2019-01-14,134.72,135.4,134.4599,134.85,31.9843,16451428
2019-01-15,135.18,137.02,135.18,136.95,32.4824,7277952
2019-01-16,137.1,137.81,136.8948,137.05,32.5061,6434824
2019-01-17,136.57,138.7801,136.5011,138.18,32.7741,7538412
2019-01-18,139.43,140.43,138.68,140.06,33.2201,16370328
2019-01-22,139.09,139.14,136.74,137.75,32.6722,28692452
2019-01-23,138.38,138.82,136.4,137.86,32.6982,14793336
2019-01-24,138.0,138.64,137.49,138.3,32.8026,10718988
2019-01-25,139.61,140.23,139.235,139.96,33.1963,8290080
2019-01-28,138.48,138.52,137.5,138.48,32.8453,18648044
2019-01-29,138.66,138.7,137.32,137.81,32.6864,5262124
2019-01-30,139.12,141.3043,138.79,140.89,33.4169,12558324
2019-01-31,141.22,143.05,141.18,142.51,33.8012,12052484
2019-02-01,142.23,143.1,141.98,142.42,33.7798,8560236
2019-02-04,142.44,143.97,142.2559,143.95,34.1427,5870932
2019-02-05,144.23,145.14,144.1,145.01,34.3941,8830520
2019-02-06,145.02,145.16,143.98,144.64,34.3064,8398688
2019-02-07,143.44,143.95,142.125,143.17,33.9577,5036564
2019-02-08,142.09,143.49,142.021,143.48,34.0312,5602564
2019-02-11,143.92,144.25,143.19,143.52,34.0407,4755328
2019-02-12,144.54,145.65,144.3501,145.49,34.508,4383004
2019-02-13,145.99,146.52,145.67,145.93,34.6123,7937736
2019-02-14,145.21,146.284,144.77,145.74,34.5673,5225048
2019-02-15,146.82,146.9299,146.2055,146.84,34.8282,3871256
2019-02-19,146.38,147.3333,146.35,146.88,34.8377,6564936
2019-02-20,146.97,147.33,146.3233,146.99,34.8637,4321336
2019-02-21,146.62,146.89,145.8487,146.41,34.7262,3722072
2019-02-22,146.84,147.8,146.83,147.77,35.0487,3396012
2019-02-25,148.68,148.99,147.93,148.01,35.1057,4397792
2019-02-26,147.6,148.42,147.47,147.98,35.0986,6518684
2019-02-27,147.45,148.14,146.75,147.94,35.0891,4508796
2019-02-28,147.75,148.16,147.47,147.63,35.0155,3710552
2019-03-01,148.68,148.98,147.73,148.76,35.2836,7122784
2019-03-04,149.49,149.6287,146.65,148.03,35.1104,7240256
2019-03-05,148.09,148.38,147.508,147.94,35.0891,3068324
2019-03-06,148.04,148.11,146.87,147.07,34.8827,4699512
2019-03-07,146.79,146.79,145.07,145.6,34.5341,6943352
2019-03-08,144.17,145.42,143.94,145.39,34.4842,9260784
2019-03-11,145.74,147.92,145.69,147.89,35.0772,7747816
2019-03-12,148.19,148.74,147.92,148.38,35.1934,3609056
2019-03-13,149.0,150.06,148.78,149.38,35.4306,9380760
2019-03-14,149.43,149.57,148.96,149.3,35.4116,3132980
2019-03-15,149.65,150.55,149.52,149.99,35.5753,6026440
2019-03-18,150.11,150.77,149.83,150.57,35.7129,3618292
2019-03-19,151.18,151.75,150.3,150.87,35.784,4189224
2019-03-20,150.34,151.4,149.35,150.48,35.7933,4103544
2019-03-21,149.99,152.86,149.99,152.69,36.3189,5554512
2019-03-22,151.89,152.24,149.36,149.38,35.5316,7483344
2019-03-25,149.02,149.8737,148.42,149.38,35.5316,5611912
2019-03-26,150.5,151.02,149.39,150.1,35.7029,4690072
2019-03-27,150.23,150.57,148.14,149.28,35.5078,7971004
2019-03-28,149.67,150.3,149.1,150.03,35.6862,4185372
2019-03-29,151.05,151.42,150.49,151.36,36.0026,8865552
2019-04-01,152.61,153.21,152.16,153.03,36.3998,8034916
2019-04-02,153.19,153.62,152.84,153.44,36.4973,4861808
2019-04-03,154.19,154.78,153.5899,153.99,36.6282,4960920
2019-04-04,154.18,154.54,153.2,154.06,36.6448,3709500
2019-04-05,154.53,154.94,154.44,154.87,36.8375,5487104
2019-04-08,154.5,155.16,153.9687,155.11,36.8946,13262612
2019-04-09,154.42,154.89,154.1,154.36,36.7162,7001116
2019-04-10,154.51,155.07,154.385,155.03,36.8755,4812360
2019-04-11,155.38,155.38,154.56,154.9,36.8446,5400408
2019-04-12,155.8,155.91,155.25,155.78,37.0539,3096228
2019-04-15,155.96,156.07,155.1,155.82,37.0635,5547232
2019-04-16,156.52,156.61,155.34,155.77,37.0516,4006024
2019-04-17,156.45,156.45,155.0358,155.35,36.9517,3410356
2019-04-18,155.76,155.86,154.78,155.71,37.0373,7386416
2019-04-22,155.16,156.16,155.09,156.12,37.1348,4330372
2019-04-23,156.4,158.05,156.29,157.92,37.563,4637440
2019-04-24,157.98,158.2337,157.56,157.56,37.4773,4835248
2019-04-25,158.07,158.15,156.841,157.59,37.4845,7033812
2019-04-26,157.81,158.57,157.03,158.57,37.7176,7097156
2019-04-29,158.58,158.96,158.33,158.68,37.7437,2869940
2019-04-30,158.06,158.26,156.94,158.08,37.601,10787236
2019-05-01,158.75,158.92,157.02,157.02,37.3489,6326236
2019-05-02,156.94,157.56,155.58,156.8,37.2966,7630760
2019-05-03,157.73,158.64,157.5,158.53,37.7081,6238144
2019-05-06,155.56,158.16,155.3145,157.92,37.563,7973200
2019-05-07,156.33,156.91,153.7,155.02,36.8732,7625644
2019-05-08,154.77,155.9,154.3242,154.9,36.8446,9254392
2019-05-09,153.47,154.76,152.37,154.49,36.7471,4953268
2019-05-10,153.79,155.471,151.73,154.83,36.828,9274868
2019-05-13,151.35,151.98,149.73,150.26,35.7409,7531724
2019-05-14,150.93,152.72,150.63,151.85,36.1191,7523456
2019-05-15,150.82,153.74,150.37,153.34,36.4736,5739720
2019-05-16,153.7,155.7798,153.6,154.93,36.8518,4250240
2019-05-17,153.49,155.4,153.49,153.72,36.5639,5140668
2019-05-20,152.17,152.87,151.39,152.1,36.1786,5804084
2019-05-21,153.21,153.9204,153.01,153.6,36.5354,2772288
2019-05-22,153.03,153.79,153.01,153.19,36.4379,3996296
2019-05-23,151.78,151.81,150.28,151.11,35.9431,7860120
2019-05-24,152.0,152.4,151.06,151.35,36.0002,2453828
2019-05-28,151.58,152.43,150.43,150.43,35.7814,4317052
2019-05-29,149.71,150.01,148.49,149.43,35.5435,9460380
2019-05-30,149.78,150.52,149.38,150.14,35.7124,3916620
2019-05-31,148.49,149.12,148.0,148.2,35.251,5460864
2019-06-03,147.94,148.3,145.21,146.17,34.7681,8052196
2019-06-04,147.52,149.77,147.07,149.75,35.6196,9171536
2019-06-05,150.85,151.35,149.71,151.3,35.9883,3906364
2019-06-06,151.55,152.69,150.9377,152.28,36.2214,4966688
2019-06-07,153.05,155.19,152.99,154.57,36.7661,3292372
2019-06-10,155.72,156.96,155.597,155.6,37.0111,5036060
2019-06-11,157.0,157.22,154.9387,155.45,36.9754,5213172
2019-06-12,155.19,155.64,154.72,155.13,36.8993,3013308
2019-06-13,155.75,155.9812,155.32,155.83,37.0658,2212124
2019-06-14,155.43,155.83,155.01,155.49,36.985,6946704
2019-06-17,155.25,155.9023,155.11,155.52,37.0963,2585988
2019-06-18,156.88,158.03,156.66,157.24,37.5066,4502456
2019-06-19,157.44,158.09,156.61,157.8,37.6401,6102756
2019-06-20,159.62,159.82,158.12,159.39,38.0194,6402520
2019-06-21,159.04,159.815,158.67,159.18,37.9693,20544960
2019-06-24,159.11,159.3025,158.52,158.52,37.8119,4695584
2019-06-25,158.47,158.6,156.13,156.27,37.2752,6252904
2019-06-26,156.93,157.5,156.31,156.45,37.3181,4821812
2019-06-27,156.81,157.4801,156.76,157.18,37.4923,4561828
2019-06-28,157.63,157.92,156.6,157.34,37.5304,31924284
2019-07-01,159.98,160.1,158.68,159.3,37.9979,8392396
2019-07-02,159.33,160.06,159.06,160.01,38.1673,4775864
2019-07-03,160.45,161.43,160.18,161.42,38.5036,3723136
2019-07-05,160.55,161.36,159.802,161.12,38.4321,2761832
2019-07-08,160.29,160.32,159.73,160.19,38.2102,3332796
2019-07-09,159.48,160.99,159.48,160.89,38.3772,6844068
2019-07-10,161.61,162.32,161.26,161.91,38.6205,3523000
2019-07-11,162.29,162.6717,161.6809,162.22,38.6945,8415292
2019-07-12,162.49,163.01,162.16,162.98,38.8757,4794024
2019-07-15,163.28,163.69,162.9,163.28,38.9473,6999768
2019-07-16,163.25,163.38,162.4,162.61,38.7875,3063484
2019-07-17,162.82,162.95,161.87,161.87,38.611,3668000
2019-07-18,161.37,162.43,160.945,162.17,38.6825,3218396
2019-07-19,163.18,163.18,160.935,161.0,38.4034,6753404
2019-07-22,161.43,162.24,161.39,161.91,38.6205,2804392
2019-07-23,162.58,162.78,161.64,162.78,38.828,2682784
2019-07-24,162.32,163.72,162.09,163.7,39.0475,4928640
2019-07-25,163.4,163.4,162.3,162.57,38.7779,2677256
2019-07-26,163.48,164.34,163.33,164.18,39.162,2890620
2019-07-29,164.15,164.21,162.93,163.67,39.0403,3459328
2019-07-30,162.69,163.56,162.47,163.15,38.9163,3010588
2019-07-31,163.54,163.69,159.98,161.32,38.4798,10253876
2019-08-01,161.57,163.93,159.91,160.46,38.2746,12865868
2019-08-02,159.79,159.87,157.7614,158.77,37.8715,4865644
2019-08-05,155.88,155.88,152.24,153.56,36.6288,11204732
2019-08-06,154.88,156.2501,154.2,155.96,37.2012,5876088
2019-08-07,154.62,157.04,153.25,156.66,37.3682,6301688
2019-08-08,157.72,160.15,157.43,160.15,38.2007,4577448
2019-08-09,159.51,159.99,157.8783,158.98,37.9216,4283972
2019-08-12,157.96,158.4094,156.49,157.09,37.4708,3420168
2019-08-13,157.03,160.73,156.4703,159.92,38.1458,7100988
2019-08-14,157.42,157.98,155.12,155.2,37.02,6731908
2019-08-15,155.62,156.03,154.37,155.59,37.113,6872508
2019-08-16,156.79,158.15,156.28,157.84,37.6497,4448940
2019-08-19,159.84,160.2,159.21,159.76,38.1077,4108188
2019-08-20,159.73,160.13,158.85,158.9,37.9025,3705012
2019-08-21,160.22,160.84,160.04,160.52,38.2889,3140820
2019-08-22,160.74,161.1944,158.99,160.14,38.1983,3017776
2019-08-23,159.43,160.67,155.29,155.91,37.1893,4559300
2019-08-26,157.45,157.81,156.43,157.81,37.6425,3930536
2019-08-27,158.71,159.0198,156.81,157.39,37.5423,4172908
2019-08-28,156.84,158.23,156.19,158.13,37.7189,5977672
2019-08-29,159.76,160.64,159.21,160.27,38.2293,3799528
2019-08-30,161.13,161.2499,159.15,159.93,38.1482,5343924
2019-09-03,158.92,159.66,158.0197,158.62,37.8357,4594664
2019-09-04,159.96,160.34,159.34,160.29,38.2341,2808000
2019-09-05,161.92,163.02,161.81,162.71,38.8113,6581940
2019-09-06,162.91,163.1109,162.4,162.53,38.7684,4515400
2019-09-09,162.96,163.0585,160.54,161.27,38.4678,4500140
2019-09-10,160.47,160.47,158.91,160.46,38.2746,3766568
2019-09-11,160.55,161.63,160.32,161.59,38.5442,3904292
2019-09-12,162.52,163.23,162.09,162.26,38.704,4245500
2019-09-13,162.17,162.58,161.57,161.8,38.5943,10149220
2019-09-16,160.71,161.57,160.52,161.27,38.4678,5665072
2019-09-17,161.23,162.24,161.22,162.15,38.6778,2534572
2019-09-18,162.03,162.29,160.3648,162.22,38.6945,3733548
2019-09-19,162.42,163.35,162.32,162.55,38.7732,6637692
2019-09-20,162.79,163.11,160.79,161.3,38.475,4596148
2019-09-23,160.9,161.73,160.87,161.25,38.4631,3384392
2019-09-24,161.7,162.05,158.59,159.18,38.0708,5363856
2019-09-25,159.33,160.65,158.0,160.32,38.3434,4938380
2019-09-26,160.39,160.59,159.12,160.07,38.2837,3764508
2019-09-27,160.45,160.66,157.44,158.47,37.901,7585532
2019-09-30,158.89,159.99,158.73,159.63,38.1784,9010468
2019-10-01,160.17,160.68,157.98,158.06,37.8029,5636308
2019-10-02,157.06,157.2615,154.46,155.29,37.1404,7914600
2019-10-03,155.23,157.09,153.64,157.09,37.5709,7276208
2019-10-04,157.73,159.51,157.73,159.41,38.1258,4633112
2019-10-07,158.84,159.93,158.58,158.8,37.9799,4178292
2019-10-08,157.72,158.26,156.29,156.29,37.3796,4515880
2019-10-09,157.71,158.59,157.28,158.08,37.8077,4641816
2019-10-10,158.0,159.46,157.77,159.0,38.0277,3276600
2019-10-11,160.67,161.91,160.51,160.57,38.4032,4511252
2019-10-14,160.43,161.25,160.01,160.6,38.4104,1762332
2019-10-15,161.36,162.72,160.6063,162.34,38.8266,2985696
2019-10-16,161.8,162.09,161.19,161.82,38.7022,4905148
2019-10-17,162.68,162.9,161.94,162.36,38.8313,3626136
2019-10-18,162.13,162.29,160.28,161.08,38.5252,2459348
2019-10-21,161.84,162.13,161.2282,162.03,38.7524,1984720
2019-10-22,162.29,162.54,160.48,160.55,38.3985,2544888
2019-10-23,160.41,161.0597,160.24,160.9,38.4822,2719044
2019-10-24,161.76,162.2282,161.27,162.16,38.7835,3284912
2019-10-25,161.36,163.08,161.27,162.77,38.9294,2501384
2019-10-28,163.56,164.35,163.56,164.19,39.269,3601244
2019-10-29,163.97,164.45,163.55,163.61,39.1303,3659296
2019-10-30,163.88,164.69,163.04,164.5,39.3432,4833328
2019-10-31,164.83,164.9999,163.45,164.14,39.2571,11209516
2019-11-01,164.94,165.58,164.72,165.49,39.5799,6413516
2019-11-04,166.39,166.52,165.63,165.76,39.6445,4278748
2019-11-05,166.11,166.23,164.95,165.27,39.5273,3259608
2019-11-06,165.28,165.4,164.62,165.33,39.5417,3839168
2019-11-07,166.1,166.74,165.56,165.86,39.6684,3680780
2019-11-08,165.64,166.52,165.41,166.52,39.8263,3524988
2019-11-11,165.82,166.568,165.62,166.49,39.8191,2551340
2019-11-12,166.69,167.51,166.53,167.03,39.9483,3491704
2019-11-13,166.65,167.5,166.5,167.23,39.9961,4557184
2019-11-14,166.96,167.74,166.75,167.68,40.1037,4743280
2019-11-15,168.65,169.17,168.06,169.1,40.4433,4799620
2019-11-18,169.0,169.61,168.74,169.39,40.5127,6748036
2019-11-19,170.0,170.33,169.23,169.74,40.5964,3637428
2019-11-20,169.63,170.0968,168.09,169.17,40.4601,7344136
2019-11-21,169.24,169.25,168.32,168.61,40.3261,6347168
2019-11-22,168.96,169.05,168.04,168.76,40.362,3925864
2019-11-25,169.43,170.53,169.01,170.5,40.7782,3729652
2019-11-26,170.61,171.35,170.51,171.12,40.9265,5124580
2019-11-27,171.68,172.11,171.37,172.1,41.1608,7393036
2019-11-29,171.74,171.97,171.32,171.43,41.0006,2369336
2019-12-02,171.58,171.66,168.89,169.51,40.5414,6128004
2019-12-03,167.6,168.64,167.02,168.52,40.3046,8022268
2019-12-04,169.35,169.84,169.1,169.43,40.5223,4479488
2019-12-05,169.86,169.92,168.86,169.65,40.5749,5528576
2019-12-06,170.91,171.29,170.7,171.05,40.9097,7486608
2019-12-09,170.89,171.32,170.4,170.43,40.7614,5928916
2019-12-10,170.64,170.91,169.94,170.25,40.7184,6114892
2019-12-11,170.58,171.01,170.18,170.87,40.8667,4531872
2019-12-12,170.79,172.4,170.43,171.81,41.0915,8486576
2019-12-13,171.9,172.83,171.4327,172.38,41.2278,9776488
2019-12-16,172.76,173.67,172.75,173.35,41.5684,9107532
2019-12-17,173.7,173.7,173.02,173.22,41.5372,5142268
2019-12-18,173.59,173.8701,173.28,173.4,41.5804,3877320
2019-12-19,173.62,174.5052,173.4,174.46,41.8345,6320628
2019-12-20,175.44,175.49,174.89,175.21,42.0144,6145488
2019-12-23,175.67,175.8699,175.5022,175.59,42.1055,7598448
2019-12-24,175.84,175.84,175.3015,175.57,42.1007,3750660
2019-12-26,175.91,176.85,175.82,176.84,42.4053,5943452
2019-12-27,177.31,177.34,176.45,176.82,42.4005,7342112
2019-12-30,176.82,177.04,174.93,175.62,42.1127,5666636
2019-12-31,175.24,176.06,175.0,175.92,42.1846,5300652
2020-01-02,177.17,178.35,176.75,178.35,42.7673,6706524
2020-01-03,176.1,178.312,176.0,177.06,42.458,8160540
2020-01-06,175.86,178.25,175.661,178.19,42.729,9838728
2020-01-07,178.04,178.43,177.55,177.82,42.6402,5346160
2020-01-08,178.0,179.99,177.74,179.29,42.9927,6499500
2020-01-09,180.46,181.01,180.0608,180.76,43.3452,5069120
2020-01-10,181.29,181.44,180.15,180.44,43.2685,8231948
2020-01-13,181.13,182.08,180.84,182.08,43.6618,7219056
2020-01-14,182.01,182.31,181.2,181.44,43.5083,5352548
2020-01-15,181.58,182.71,181.5,182.16,43.681,12532932
2020-01-16,182.94,183.86,182.72,183.86,44.0886,5381572
2020-01-17,184.48,184.66,183.8238,184.57,44.2589,8424840
2020-01-21,183.97,185.0,183.97,184.47,44.2349,9147244
2020-01-22,185.33,185.8,184.51,184.6,44.2661,3574980
2020-01-23,184.36,185.04,183.71,184.92,44.3428,8570612
2020-01-24,185.55,185.71,182.46,183.25,43.9423,8043096
2020-01-27,179.71,181.02,179.15,180.1,43.187,7368740
2020-01-28,181.08,182.82,180.66,182.36,43.7289,4345388
2020-01-29,183.41,183.92,182.16,182.76,43.8248,3978176
2020-01-30,181.62,183.28,181.13,183.11,43.9088,5833636
2020-01-31,183.38,183.39,179.34,179.9,43.139,12313924
2020-02-03,180.69,182.75,180.5701,182.05,43.6546,6067560
2020-02-04,184.37,186.03,184.06,185.66,44.5202,5214692
2020-02-05,187.42,187.43,185.43,186.42,44.7025,6392280
2020-02-06,187.1,187.61,186.36,187.53,44.9687,6883112
2020-02-07,186.76,187.619,186.27,186.73,44.7768,5430996
2020-02-10,186.14,188.76,186.14,188.74,45.2588,3955036
2020-02-11,189.84,190.13,188.43,188.85,45.2852,4446552
2020-02-12,189.76,190.57,189.28,190.47,45.6736,5009588
2020-02-13,189.36,191.12,189.21,190.32,45.6377,3880280
2020-02-14,190.56,191.15,190.23,191.01,45.8031,4781960
2020-02-18,190.14,191.28,190.0921,190.97,45.7935,3853468
2020-02-19,191.84,192.749,191.72,192.29,46.1101,4094564
2020-02-20,191.88,192.4914,188.82,191.1,45.8247,7815456
2020-02-21,190.1,190.53,187.47,188.1,45.1053,7850192
2020-02-24,180.67,183.24,180.19,181.29,43.4723,12878556
2020-02-25,182.43,183.0363,175.277,175.87,42.1727,16210192
2020-02-26,176.48,179.43,174.93,175.89,42.1774,15724908
2020-02-27,171.47,174.66,167.74,167.85,40.2495,15389688
2020-02-28,161.87,168.0534,161.4664,167.97,40.2783,23912776
2020-03-02,169.52,175.68,167.2461,175.66,42.1223,11450548
2020-03-03,176.4,178.3,168.84,170.35,40.849,9966816
2020-03-04,174.21,177.8,172.327,177.73,42.6187,7126520
2020-03-05,173.4,175.66,170.6401,171.85,41.2087,5916700
2020-03-06,166.87,170.05,164.93,169.21,40.5756,7349252
2020-03-09,156.19,163.045,155.5,157.21,37.6981,8876652
2020-03-10,163.05,165.88,157.35,165.84,39.7675,10884724
2020-03-11,161.41,162.48,156.06,158.09,37.9091,10102672
2020-03-12,146.6,153.775,140.23,143.66,34.4489,13687068
2020-03-13,151.55,156.51,144.0,156.51,37.5302,14726076
2020-03-16,137.42,147.65,130.8109,138.06,33.106,11830664
2020-03-17,140.38,146.78,135.2493,146.09,35.0316,14766020
2020-03-18,136.22,140.99,131.322,139.28,33.3986,20760484
2020-03-19,137.51,144.0,134.3938,139.92,33.552,11021632
2020-03-20,141.74,143.66,133.69,133.98,32.1277,16062532
2020-03-23,133.17,135.0,128.23,131.63,31.5641,23686256
2020-03-24,138.17,143.82,137.75,143.65,34.4465,9399452
2020-03-25,144.53,150.03,141.1401,144.32,34.7099,18434348
2020-03-26,146.06,153.405,144.96,152.92,36.7783,15451548
2020-03-27,148.77,151.72,146.73,147.73,35.5301,13509960
2020-03-30,149.27,153.07,148.23,152.81,36.7518,16340968
2020-03-31,151.93,154.2069,150.0,150.65,36.2323,11745964
2020-04-01,145.31,147.66,142.89,144.16,34.6714,8121652
2020-04-02,143.18,147.17,142.87,146.86,35.3208,10250304
2020-04-03,146.42,147.39,142.93,144.59,34.7749,4526984
2020-04-06,149.8,156.1,149.47,155.13,37.3098,9879640
2020-04-07,160.44,160.99,154.7,154.81,37.2328,7503740
2020-04-08,156.6,160.19,155.1305,159.61,38.3873,8949440
2020-04-09,161.36,162.38,159.67,160.98,38.7168,12931272
2020-04-13,160.08,160.95,157.7261,160.54,38.6109,8590236
2020-04-14,164.22,167.28,163.46,166.76,40.1069,9370096
2020-04-15,163.67,165.68,162.8801,164.55,39.5754,8867136
2020-04-16,165.98,167.1789,164.17,166.51,40.0468,11499772
2020-04-17,170.02,170.25,167.26,169.49,40.7635,9320624
2020-04-20,167.62,169.75,167.21,167.31,40.2392,11433652
2020-04-21,165.11,165.31,156.87,161.43,38.825,8279924
2020-04-22,164.91,166.715,164.0601,165.85,39.888,5054940
2020-04-23,166.76,168.56,165.581,165.67,39.8447,9650828
2020-04-24,166.43,168.68,165.4,168.35,40.4893,9096496
2020-04-27,169.93,170.82,169.6,170.21,40.9366,12200256
2020-04-28,172.2,172.44,167.79,168.08,40.4244,8506984
2020-04-29,171.53,174.0,170.81,173.03,41.6149,10030336
2020-04-30,172.71,173.6784,171.64,172.78,41.5547,16716616
2020-05-01,169.57,170.6,167.63,168.25,40.4652,5602604
2020-05-04,167.23,169.91,166.68,169.68,40.8092,6251008
2020-05-05,171.71,173.91,171.37,171.97,41.3599,7185128
2020-05-06,173.13,173.98,171.93,172.15,41.4032,6170988
2020-05-07,174.3,175.3791,173.885,174.4,41.9444,7586012
2020-05-08,176.03,177.0,175.3,176.73,42.5047,9752156
2020-05-11,175.38,178.98,175.35,178.08,42.8294,8234404
2020-05-12,178.73,179.15,174.53,174.53,41.9756,9985556
2020-05-13,174.75,175.83,170.05,171.92,41.3479,7497988
2020-05-14,170.7,173.77,169.17,173.74,41.7856,6964536
2020-05-15,171.97,175.22,171.69,175.14,42.1223,4368280
2020-05-18,178.68,179.95,178.13,179.13,43.082,4970628
2020-05-19,178.9,180.6594,178.07,178.07,42.827,6998908
2020-05-20,180.52,181.61,180.37,181.12,43.5606,8846044
2020-05-21,181.15,181.7925,179.09,179.96,43.2816,5386928
2020-05-22,179.93,180.76,179.05,180.69,43.4572,3920844
2020-05-26,184.55,184.56,180.9,181.03,43.5389,6443032
2020-05-27,181.78,182.58,177.93,182.53,43.8997,7714792
2020-05-28,182.89,185.5091,182.34,182.84,43.9742,8050800
2020-05-29,183.13,184.87,181.61,184.32,44.3302,8331548
2020-06-01,184.32,185.75,183.83,185.49,44.6116,5346212
2020-06-02,185.82,186.69,184.32,186.66,44.893,5741832
2020-06-03,187.55,188.77,186.92,188.28,45.2826,7878888
2020-06-04,187.66,188.48,185.24,186.28,44.8016,7710180
2020-06-05,188.32,190.99,187.66,190.42,45.7973,9942148
2020-06-08,190.62,192.16,189.7218,192.05,46.1893,4748168
2020-06-09,191.16,193.0959,190.98,192.24,46.235,9617908
2020-06-10,193.24,194.62,192.13,193.32,46.4948,9963496
2020-06-11,189.21,190.01,182.78,182.82,43.9694,8195388
2020-06-12,187.76,188.05,181.38,184.68,44.4168,10941404
2020-06-15,180.55,186.96,180.44,186.29,44.892,10943740
2020-06-16,191.1,191.4,187.15,190.14,45.8198,12851356
2020-06-17,191.07,191.78,189.87,190.25,45.8463,8180428
2020-06-18,189.6,190.9189,189.43,190.6,45.9306,3968568
2020-06-19,192.82,192.9,189.1005,190.18,45.8294,11084060
2020-06-22,190.03,192.44,189.56,192.28,46.3355,6546484
2020-06-23,193.88,195.3482,193.23,193.61,46.656,4307864
2020-06-24,192.64,193.54,187.8194,188.95,45.533,7923600
2020-06-25,188.82,191.32,187.2,191.12,46.056,5492424
2020-06-26,190.7,190.96,186.48,186.66,44.9812,10059092
2020-06-29,186.93,188.54,184.7,188.54,45.4342,3898168
2020-06-30,188.53,192.72,188.4,191.95,46.256,5363436
2020-07-01,192.14,195.41,191.96,194.64,46.9042,8348364
2020-07-02,196.72,197.37,195.31,195.56,47.1259,5843564
2020-07-06,198.37,200.44,198.03,199.7,48.1236,7488196
2020-07-07,199.25,201.63,198.1,198.24,47.7717,7299760
2020-07-08,199.41,200.99,198.49,200.97,48.4296,5779448
2020-07-09,202.09,202.39,198.625,201.82,48.6344,8729608
2020-07-10,201.47,202.61,199.55,202.41,48.7766,5108248
2020-07-13,204.21,206.33,197.88,198.32,47.791,7875292
2020-07-14,197.28,200.88,194.76,200.56,48.3308,11201836
2020-07-15,202.38,202.72,199.28,201.45,48.5453,5374460
2020-07-16,199.68,200.57,198.08,200.0,48.1958,8580800
2020-07-17,200.81,201.38,199.08,200.67,48.3573,4212392
2020-07-20,201.0,206.07,200.3675,205.7,49.5694,3527036
2020-07-21,207.24,207.24,203.24,203.8,49.1116,4567592
2020-07-22,203.8,205.39,203.34,205.05,49.4128,12064688
2020-07-23,204.86,205.78,199.46,200.47,48.3091,6217352
2020-07-24,198.27,200.31,196.49,199.32,48.032,12005696
2020-07-27,200.32,202.6,200.02,202.3,48.7501,4690128
2020-07-28,202.01,202.599,200.13,200.33,48.2754,3112836
2020-07-29,201.3,203.57,201.3,203.0,48.9188,3388416
2020-07-30,201.12,204.03,200.33,203.65,49.0754,6166372
2020-07-31,206.87,207.0,203.36,206.88,49.8538,5734264
2020-08-03,208.67,210.19,208.44,209.55,50.4972,5381468
2020-08-04,209.28,210.19,208.4,210.19,50.6514,7493260
2020-08-05,210.93,211.53,210.25,211.41,50.9454,7573500
2020-08-06,211.05,213.61,210.53,213.37,51.4177,9519124
2020-08-07,212.48,213.45,209.64,211.29,50.9165,8215356
2020-08-10,211.44,211.77,208.02,210.21,50.6562,5407348
2020-08-11,209.87,210.7063,206.7,207.09,49.9044,6253520
2020-08-12,208.65,211.99,208.64,211.41,50.9454,13657052
2020-08-13,211.69,213.95,211.69,212.49,51.2057,6617776
2020-08-14,212.62,212.99,211.34,212.09,51.1093,2572628
2020-08-17,213.16,214.56,213.13,214.26,51.6322,8494500
2020-08-18,215.14,216.32,213.78,216.02,52.0563,8287952
2020-08-19,216.02,216.88,214.64,215.0,51.8105,3618952
2020-08-20,214.14,217.74,213.81,217.41,52.3913,3205756
2020-08-21,217.28,218.9672,217.11,218.53,52.6612,4297764
2020-08-24,221.13,221.38,218.06,219.56,52.9094,4740280
2020-08-25,219.57,221.28,218.87,221.23,53.3118,4797168
2020-08-26,222.26,226.05,222.235,225.82,54.4179,5963672
2020-08-27,226.26,227.38,223.94,225.56,54.3553,5666120
2020-08-28,226.72,227.11,225.68,226.75,54.642,4035024
2020-08-31,226.84,229.275,226.84,227.92,54.924,6759336
2020-09-01,229.51,231.55,228.71,231.49,55.7843,13987152
2020-09-02,233.46,234.27,229.6038,233.83,56.3482,9789396
2020-09-03,230.98,230.98,220.39,222.39,53.5914,12165016
2020-09-04,221.42,223.5,211.0,218.95,52.7624,9232024
2020-09-08,212.15,215.85,210.55,210.82,50.8032,8032248
2020-09-09,214.57,218.39,213.37,216.75,52.2323,10105424
2020-09-10,218.9,219.55,211.585,212.51,51.2105,7046700
2020-09-11,214.33,214.78,209.03,211.55,50.9792,7025624
2020-09-14,214.2,216.578,213.95,215.06,51.825,4349236
2020-09-15,217.84,218.68,216.3695,217.45,52.4009,8748996
2020-09-16,218.27,218.595,214.57,214.71,51.7407,9198304
2020-09-17,210.12,213.345,209.59,211.89,51.0611,7771184
2020-09-18,213.02,213.23,206.96,209.67,50.5261,7223060
2020-09-21,206.43,209.92,204.55,209.82,50.5623,8118872
2020-09-22,211.6,213.6,208.99,213.17,51.3695,6431580
2020-09-23,212.9,213.1,206.5,206.95,49.9721,5184196
2020-09-24,205.32,209.96,205.01,207.66,50.1436,5455368
2020-09-25,207.55,212.6808,206.9,212.12,51.2205,7573460
2020-09-28,215.52,215.74,214.04,215.69,52.0826,9125736
2020-09-29,215.69,216.4007,214.85,215.13,51.9473,2870064
2020-09-30,215.32,219.04,215.32,216.89,52.3723,7771148
2020-10-01,219.45,219.92,218.18,219.64,53.0364,6109128
2020-10-02,215.06,218.055,214.25,215.22,51.9691,5685700
2020-10-05,216.52,219.55,216.52,219.44,52.9881,3319540
2020-10-06,219.01,220.3765,215.3,215.96,52.1478,10818164
2020-10-07,217.83,220.37,217.83,219.96,53.1136,3528440
2020-10-08,221.48,221.5064,220.22,220.83,53.3237,3760068
2020-10-09,221.95,224.2495,221.8,224.19,54.1351,6542944
2020-10-12,227.23,230.95,226.299,229.19,55.3424,7202904
2020-10-13,229.75,230.62,228.08,229.03,55.3038,5151708
2020-10-14,229.46,230.34,226.015,227.21,54.8643,3324228
2020-10-15,223.91,226.54,223.375,225.97,54.5649,4881312
2020-10-16,227.31,228.61,225.0,225.02,54.3355,3911228
2020-10-19,226.46,227.46,221.08,221.68,53.529,4219320
2020-10-20,222.73,224.705,221.465,222.25,53.6666,2973660
2020-10-21,222.47,224.25,221.44,221.7,53.5338,4109880
2020-10-22,222.06,222.65,219.21,221.55,53.4976,6163960
2020-10-23,222.43,222.68,220.56,222.64,53.7608,4365816
2020-10-26,220.35,222.4,216.36,219.05,52.8939,4984844
2020-10-27,219.69,220.98,218.9822,220.19,53.1692,4208020
2020-10-28,216.4,216.48,211.71,211.93,51.1746,5964084
2020-10-29,213.22,216.9,212.19,214.5,51.7952,12106380
2020-10-30,212.81,213.57,207.63,209.58,50.6072,8919840
2020-11-02,211.46,213.31,208.41,210.77,50.8945,11202948
2020-11-03,212.2,215.895,211.59,214.51,51.7976,4983696
2020-11-04,220.03,225.67,220.03,223.89,54.0626,8871812
2020-11-05,229.07,229.83,227.42,228.99,55.2941,8180116
2020-11-06,228.64,229.96,225.9713,229.21,55.3472,7934928
2020-11-09,233.31,234.76,224.96,225.26,54.3934,11003592
2020-11-10,223.75,224.48,219.46,221.97,53.599,14536816
2020-11-11,223.81,226.6,223.6783,226.12,54.6011,5819560
2020-11-12,226.11,227.37,223.84,224.8,54.2824,5504456
2020-11-13,226.23,226.855,224.34,226.51,54.6953,3713768
2020-11-16,227.07,228.09,225.86,227.7,54.9826,8140484
2020-11-17,227.42,228.2856,226.5,227.3,54.886,8004864
2020-11-18,227.53,227.84,225.22,225.22,54.3838,4291280
2020-11-19,224.87,227.22,224.39,226.71,54.7436,3875328
2020-11-20,226.71,227.3283,225.34,225.46,54.4417,7423352
2020-11-23,226.33,227.33,223.94,225.53,54.4586,4741536
2020-11-24,226.39,228.21,225.15,227.87,55.0237,9494216
2020-11-25,228.12,229.38,227.814,228.95,55.2845,4510348
2020-11-27,230.41,231.32,230.001,230.75,55.7191,3395152
2020-11-30,230.65,231.38,227.6,231.24,55.8374,4663688
2020-12-01,233.13,234.65,232.2201,233.56,56.3976,8802908
2020-12-02,232.53,233.215,230.69,232.98,56.2576,6255236
2020-12-03,233.42,234.5463,232.45,232.97,56.2552,8306156
2020-12-04,233.46,234.48,232.92,234.47,56.6174,4060572
2020-12-07,234.34,235.6,234.34,235.28,56.813,3036604
2020-12-08,234.66,236.5395,233.94,236.15,57.023,3087744
2020-12-09,236.37,236.37,231.22,232.09,56.0427,4650620
2020-12-10,230.82,233.61,229.92,232.81,56.2165,4192836
2020-12-11,231.89,232.59,230.09,232.47,56.1344,8437368
2020-12-14,233.38,235.14,232.77,232.83,56.312,6427176
2020-12-15,234.69,235.54,233.28,235.53,56.965,4820468
2020-12-16,235.91,237.4076,234.9519,236.8,57.2722,4449928
2020-12-17,238.4,239.14,238.03,239.0,57.8043,4853744
2020-12-18,239.76,239.86,237.045,238.79,57.7535,5101924
2020-12-21,236.55,238.89,234.44,238.63,57.7148,4570828
2020-12-22,239.15,239.987,237.76,239.72,57.9784,4640268
2020-12-23,240.04,240.14,238.15,238.15,57.5987,2947548
2020-12-24,238.81,239.81,238.52,239.27,57.8696,3493500
2020-12-28,241.18,241.7226,239.5,241.25,58.3485,6932312
2020-12-29,242.61,242.82,240.16,240.75,58.2275,4699708
2020-12-30,241.67,242.05,240.41,240.59,58.1888,9256460
2020-12-31,240.41,241.57,239.55,241.14,58.3219,4067632
2021-01-04,242.0,242.255,234.37,237.74,57.4995,7707904
2021-01-05,236.94,239.25,236.89,238.98,57.7994,5298984
2021-01-06,235.86,239.33,234.78,236.32,57.1561,5742920
2021-01-07,238.07,242.29,238.07,241.69,58.4549,9716804
2021-01-08,243.16,244.35,241.2,244.19,59.0595,5020248
2021-01-11,241.8,243.15,240.85,241.26,58.3509,6058676
2021-01-12,241.15,241.91,238.82,240.75,58.2275,8216468
2021-01-13,240.54,242.67,240.24,241.91,58.5081,8221856
2021-01-14,242.36,242.78,239.41,239.73,57.9808,6016028
2021-01-15,239.6,240.5,237.6,238.44,57.6688,5437012
2021-01-19,240.06,241.4,239.0805,241.19,58.3339,4119320
2021-01-20,243.26,247.0,243.11,246.32,59.5747,11502620
2021-01-21,247.25,248.29,246.38,247.69,59.906,5410604
2021-01-22,247.13,248.37,246.85,247.58,59.8794,6516552
2021-01-25,249.7,250.7,244.565,249.39,60.3172,4582180
2021-01-26,250.01,250.21,248.69,249.11,60.2495,3155932
2021-01-27,247.6,247.61,241.105,242.89,58.7451,7424216
2021-01-28,243.58,247.61,243.51,244.22,59.0668,5782796
2021-01-29,243.01,243.64,237.68,239.24,57.8623,10585380
2021-02-01,242.17,245.09,240.22,244.3,59.0861,15462204
2021-02-02,246.68,249.24,246.68,248.37,60.0705,6280648
2021-02-03,249.72,249.78,247.38,247.8,59.9326,3887492
2021-02-04,248.8,250.46,247.94,250.43,60.5687,3605316
2021-02-05,251.57,252.01,250.36,251.45,60.8154,2330108
2021-02-08,252.55,253.14,251.4789,252.94,61.1758,2885944
2021-02-09,252.24,253.5832,252.24,252.8,61.1419,3642044
2021-02-10,253.89,254.35,250.51,252.38,61.0403,3076132
2021-02-11,253.45,254.0,251.81,253.37,61.2798,3547236
2021-02-12,252.61,254.87,252.25,254.69,61.599,2418104
2021-02-16,255.5,255.61,252.76,253.49,61.3088,4065464
2021-02-17,251.87,253.011,250.23,252.78,61.1371,3976036
2021-02-18,250.69,252.49,249.16,251.92,60.9291,5646036
2021-02-19,252.97,253.08,250.15,250.4,60.5615,4411956
2021-02-22,247.7,248.04,244.945,245.06,59.2699,3668144
2021-02-23,241.61,245.52,237.255,244.39,59.1079,8265220
2021-02-24,242.98,246.29,240.85,246.03,59.5045,6033884
2021-02-25,244.46,246.0,237.35,238.46,57.6737,6054768
2021-02-26,240.43,242.4223,237.0,239.17,57.8454,10019644
2021-03-01,242.27,245.91,241.92,245.51,59.3788,5444668
2021-03-02,245.79,246.09,242.27,242.36,58.6169,5038232
2021-03-03,241.71,242.12,235.75,235.78,57.0255,7018528
2021-03-04,235.42,237.48,228.86,231.63,56.0218,11384468
2021-03-05,233.85,235.59,226.77,235.09,56.8586,11941860
2021-03-08,234.9,236.81,229.92,230.04,55.6372,4960232
2021-03-09,235.0,239.07,234.46,237.59,57.4633,5787448
2021-03-10,240.35,240.5,237.085,237.34,57.4028,6644912
2021-03-11,240.72,243.43,240.1826,242.33,58.6097,4733300
2021-03-12,239.54,241.08,238.25,240.99,58.2856,4313936
2021-03-15,241.35,243.35,240.2194,243.27,58.837,4910976
2021-03-16,244.45,246.34,242.79,243.95,59.0015,7431620
2021-03-17,241.95,245.49,240.6179,244.19,59.0595,3198952
2021-03-18,240.95,241.72,237.78,237.99,57.56,3785776
2021-03-19,238.08,239.66,236.5777,238.68,57.7269,5807236
2021-03-22,239.67,243.48,239.42,242.23,58.5855,3961012
2021-03-23,242.67,244.24,240.932,241.4,58.3847,3533244
2021-03-24,242.52,242.52,238.03,238.03,57.5697,2832512
2021-03-25,236.22,238.32,234.7,237.51,57.529,5603228
2021-03-26,237.76,241.57,237.29,241.33,58.4542,3389392
2021-03-29,240.71,241.95,239.13,241.12,58.4034,2812828
2021-03-30,239.77,240.325,238.34,239.92,58.1127,4871664
2021-03-31,241.25,244.4556,241.09,243.04,58.8684,6576380
2021-04-01,245.35,247.02,245.35,246.88,59.7985,5801044
2021-04-05,248.57,251.5688,248.5,251.15,60.8328,5533868
2021-04-06,250.77,252.62,250.4,251.32,60.874,2751184
2021-04-07,251.35,252.4299,250.56,251.9,61.0145,5056568
2021-04-08,253.92,254.71,253.66,254.6,61.6684,3231360
2021-04-09,254.16,256.89,253.63,256.79,62.1989,9522556
2021-04-12,256.25,257.3194,255.36,256.94,62.2352,4928136
2021-04-13,257.42,260.04,257.42,259.6,62.8795,4727028
2021-04-14,260.0,260.0099,256.46,256.94,62.2352,4266652
2021-04-15,258.95,261.32,258.95,261.1,63.2429,7305080
2021-04-16,261.8,261.8,260.04,261.41,63.3179,6632792
2021-04-19,260.59,261.24,258.31,259.31,62.8093,5236928
2021-04-20,259.01,260.04,256.455,257.76,62.4338,2985108
2021-04-21,257.48,260.0,256.77,259.87,62.9449,8058712
2021-04-22,259.96,260.84,256.58,257.63,62.4024,5058376
2021-04-23,258.09,261.91,258.09,260.93,63.2017,5214516
2021-04-26,261.19,262.5999,260.6,262.32,63.5384,3820076
2021-04-27,262.26,262.7,260.87,261.57,63.3567,3441720
2021-04-28,261.2,262.19,260.64,260.79,63.1678,5553032
2021-04-29,263.19,263.21,258.99,261.33,63.2986,5796884
2021-04-30,259.44,261.33,259.2495,259.74,62.9134,4881300
2021-05-03,260.79,261.28,258.44,258.76,62.6761,3873612
2021-05-04,257.29,257.29,252.158,254.92,61.746,4530780
2021-05-05,256.65,256.82,253.3,253.71,61.4529,4865776
2021-05-06,253.7,255.04,251.64,255.04,61.775,5866144
2021-05-07,256.87,258.3999,256.25,256.94,62.2352,4409596
2021-05-10,256.03,256.42,251.61,251.82,60.9951,8802508
2021-05-11,247.24,251.4775,247.03,250.85,60.7601,6226096
2021-05-12,247.75,249.07,244.16,244.58,59.2414,6802152
2021-05-13,246.76,248.7,245.02,246.81,59.7816,4989744
2021-05-14,248.83,252.08,248.83,251.44,60.903,5275392
2021-05-17,250.23,250.89,248.4398,250.25,60.6148,4883004
2021-05-18,250.63,251.69,248.7,248.85,60.2757,4463508
2021-05-19,245.0,248.96,244.86,248.82,60.2684,8434600
2021-05-20,249.64,253.75,249.64,253.06,61.2954,6462972
2021-05-21,254.01,254.49,251.69,251.87,61.0072,2698296
2021-05-24,253.68,256.14,253.25,255.36,61.8525,5675488
2021-05-25,256.23,256.95,255.18,255.7,61.9349,3853828
2021-05-26,256.3,256.75,255.76,256.41,62.1069,3916880
2021-05-27,256.37,256.78,255.25,255.25,61.8259,2864944
2021-05-28,256.37,257.43,255.87,256.14,62.0415,19275932
2021-06-01,257.0,257.23,254.23,254.85,61.729,4657724
2021-06-02,255.36,256.03,254.332,255.37,61.8549,2817620
2021-06-03,253.78,254.5,251.81,253.23,61.3366,3834848
2021-06-04,254.77,256.99,254.57,256.75,62.1892,5642360
2021-06-07,256.61,257.705,256.24,257.54,62.3806,2500708
2021-06-08,258.8,259.54,256.74,258.05,62.5041,3178304
2021-06-09,258.74,259.59,257.94,258.07,62.5089,4029652
2021-06-10,258.38,260.6,257.91,260.53,63.1788,8831572
2021-06-11,260.39,261.19,259.945,261.09,63.3146,3600456
2021-06-14,261.27,263.5,260.69,263.46,63.8893,4342720
2021-06-15,263.46,263.46,261.5453,262.0,63.5352,5952392
2021-06-16,262.16,263.0,258.59,260.91,63.2709,5022760
2021-06-17,260.21,264.84,260.01,264.15,64.0566,6513292
2021-06-18,262.86,263.82,261.9899,262.47,63.6492,4259056
2021-06-21,262.69,264.91,261.1,264.61,64.1682,5975504
2021-06-22,264.66,267.56,264.55,267.29,64.8181,3834120
2021-06-23,267.26,268.09,266.74,267.27,64.8132,5617252
2021-06-24,268.88,269.818,268.24,268.61,65.1382,3875616
2021-06-25,269.25,269.44,268.165,269.07,65.2497,3918772
2021-06-28,269.6,271.39,269.59,271.24,65.7759,4665088
2021-06-29,271.35,272.36,270.85,272.16,65.999,3804856
2021-06-30,271.99,272.29,271.31,271.48,65.8341,3764412
2021-07-01,271.47,272.42,270.82,272.36,66.0475,5947880
2021-07-02,273.51,275.64,273.49,275.36,66.775,5773512
2021-07-06,276.01,277.115,274.401,276.87,67.1412,3958576
2021-07-07,278.4,278.645,276.0,277.76,67.3571,4850148
2021-07-08,273.5,276.57,272.51,275.86,66.8963,4528236
2021-07-09,275.95,278.27,275.6,278.08,67.4347,5888628
2021-07-12,278.65,279.14,277.72,278.57,67.5535,5174452
2021-07-13,278.29,280.34,277.59,278.17,67.4565,9026920
2021-07-14,280.02,280.37,277.85,278.54,67.5462,6845440
2021-07-15,278.23,278.508,275.27,276.87,67.1412,3659348
2021-07-16,277.69,278.16,274.68,275.03,66.695,6839868
2021-07-19,271.9,272.62,270.05,272.07,65.9772,10301212
2021-07-20,272.94,277.465,271.955,276.36,67.0175,20039332
2021-07-21,276.51,278.43,276.19,278.36,67.5026,4771256
2021-07-22,278.84,280.34,278.49,280.2,67.9488,1909324
2021-07-23,281.61,284.42,281.26,284.12,68.8994,6419232
2021-07-26,283.73,284.47,283.09,284.2,68.9188,4672680
2021-07-27,284.01,284.01,278.58,281.48,68.2592,4750508
2021-07-28,282.3,283.0999,280.31,282.05,68.3974,4564492
2021-07-29,281.96,283.65,281.89,282.53,68.5138,4442244
2021-07-30,279.63,281.45,279.63,280.66,68.0603,4571916
2021-08-02,281.85,282.075,279.99,280.27,67.9657,6389020
2021-08-03,281.01,282.23,278.82,282.13,68.4168,5154604
2021-08-04,281.94,283.13,281.35,282.36,68.4726,2995768
2021-08-05,282.97,284.34,282.29,284.29,68.9406,9015516
2021-08-06,283.87,284.26,282.37,283.2,68.6763,5664264
2021-08-09,283.48,283.66,282.3,283.19,68.6738,6783424
2021-08-10,283.71,284.125,281.59,281.93,68.3683,3649896
2021-08-11,282.89,283.14,280.4,281.51,68.2664,3521348
2021-08-12,281.3,283.07,280.66,282.98,68.6229,3450996
2021-08-13,283.28,283.91,282.7,283.64,68.783,3062920
2021-08-16,282.89,284.25,280.42,284.25,68.9309,4036188
2021-08-17,282.21,282.65,279.78,281.62,68.2931,3222892
2021-08-18,281.33,282.39,278.82,279.02,67.6626,7303460
2021-08-19,277.1,281.13,276.57,279.9,67.876,4749848
2021-08-20,281.28,283.14,280.5,282.88,68.5987,6273652
2021-08-23,283.82,286.92,283.82,286.49,69.4741,4458056
2021-08-24,287.0,287.635,286.55,287.13,69.6293,4378800
2021-08-25,287.37,287.89,286.91,287.6,69.7433,4178860
2021-08-26,287.12,287.66,285.75,285.92,69.3359,4728124
2021-08-27,286.48,289.1121,286.3079,288.73,70.0173,4343876
2021-08-30,289.51,292.17,289.51,291.72,70.7424,4457116
2021-08-31,291.71,291.71,290.4,290.9,70.5435,7183292
2021-09-01,291.73,292.85,291.4,291.64,70.723,4766588
2021-09-02,292.49,292.98,290.78,291.59,70.7108,4931216
2021-09-03,291.05,292.88,290.67,292.68,70.9752,4080216
2021-09-07,292.7,293.01,291.5,292.54,70.9412,5135080
2021-09-08,292.4,292.4,289.87,291.67,70.7302,5104300
2021-09-09,291.88,293.0,290.47,290.55,70.4586,4345448
2021-09-10,292.01,292.52,288.08,288.27,69.9057,3369460
2021-09-13,290.08,290.2393,286.29,287.76,69.7821,8794248
2021-09-14,288.73,289.27,286.56,287.12,69.6269,6523612
2021-09-15,287.62,289.7,285.95,289.39,70.1773,11025100
2021-09-16,288.53,290.19,287.19,289.76,70.2671,4892948
2021-09-17,289.25,289.63,286.01,286.42,69.4571,11428400
2021-09-20,282.0,283.38,277.57,281.01,68.1452,5248176
2021-09-21,282.72,283.8,280.83,281.73,68.3198,5172376
2021-09-22,282.7,285.42,281.77,284.37,68.96,5689664
2021-09-23,285.51,288.09,285.25,287.22,69.6511,7914332
2021-09-24,285.12,287.37,285.03,287.05,69.721,4506564
2021-09-27,284.92,285.4,283.29,284.59,69.1235,19142260
2021-09-28,281.27,281.685,276.13,276.51,67.161,16003436
2021-09-29,277.99,279.1,275.82,276.26,67.1002,6370736
2021-09-30,277.36,278.37,274.0,274.04,66.561,10317248
2021-10-01,274.95,277.88,272.2,276.97,67.2727,9902648
2021-10-04,275.73,275.865,269.16,270.99,65.8202,7732144
2021-10-05,272.0,276.15,271.68,274.46,66.663,5625960
2021-10-06,272.01,276.41,271.28,276.25,67.0978,10239312
2021-10-07,278.74,281.02,278.53,279.17,67.807,5344332
2021-10-08,279.96,279.9822,277.66,277.96,67.5132,4525788
2021-10-11,277.12,279.72,276.21,276.24,67.0954,4782368
2021-10-12,277.41,277.77,275.63,276.17,67.0784,4008556
2021-10-13,277.44,278.64,276.04,278.16,67.5617,5204476
2021-10-14,280.77,283.2,280.44,282.93,68.7203,4231192
2021-10-15,284.36,285.255,283.57,285.21,69.2741,5221496
2021-10-18,284.08,288.01,283.91,287.86,69.9177,8720936
2021-10-19,288.98,290.17,288.48,289.94,70.4229,3927996
2021-10-20,290.358,290.68,288.54,289.56,70.3307,3578944
2021-10-21,288.96,291.93,288.76,291.72,70.8553,2643048
2021-10-22,291.07,291.92,288.93,290.26,70.5007,7442380
2021-10-25,291.19,293.28,289.76,292.63,71.0763,10492020
2021-10-26,294.37,295.62,292.37,293.06,71.1808,5362384
2021-10-27,293.64,295.7,293.12,293.16,71.205,4036444
2021-10-28,294.63,296.52,294.12,296.45,72.0042,3804284
2021-10-29,293.88,298.01,293.76,298.0,72.3806,5290888
2021-11-01,298.52,298.52,296.49,297.98,72.3758,6714260
2021-11-02,297.98,299.45,297.65,299.09,72.6454,5983212
2021-11-03,299.36,301.69,298.11,301.47,73.2234,4275228
2021-11-04,302.24,305.105,301.84,304.8,74.0323,10573388
2021-11-05,306.1,306.76,304.07,305.13,74.1124,4524192
2021-11-08,305.53,306.26,304.98,305.38,74.1731,5532232
2021-11-09,306.15,306.33,302.9,303.89,73.8112,8600180
2021-11-10,302.06,303.82,297.98,299.46,72.7352,14053344
2021-11-11,301.49,301.6,299.82,299.91,72.8445,4054432
2021-11-12,301.06,303.79,300.09,303.52,73.7214,4864844
2021-11-15,304.43,304.7985,302.0,303.29,73.6655,9594996
2021-11-16,303.07,306.63,303.0,306.23,74.3796,4369188
2021-11-17,306.17,306.98,305.16,305.59,74.2241,5529292
2021-11-18,307.19,308.38,305.26,307.97,74.8022,7390884
2021-11-19,309.07,310.47,308.37,309.06,75.067,9688632
2021-11-22,310.26,311.95,305.06,305.2,74.1294,8361900
2021-11-23,304.67,305.73,300.41,303.72,73.7699,7732492
2021-11-24,302.17,305.66,300.5,305.64,74.2363,4674180
2021-11-26,302.12,303.9432,298.2,298.91,72.6017,5043616
2021-11-29,302.62,305.56,301.86,304.55,73.9715,4598416
2021-11-30,303.4,305.35,298.75,299.88,72.8373,6424716
2021-12-01,303.18,304.5181,294.09,294.33,71.4892,7966280
2021-12-02,293.48,298.74,293.01,297.58,72.2786,9817676
2021-12-03,298.42,299.338,289.33,292.61,71.0715,6808248
2021-12-06,293.23,296.4498,290.3,295.3,71.7248,7837188
2021-12-07,300.54,304.52,300.275,303.99,73.8355,7999708
2021-12-08,304.59,306.24,302.905,305.95,74.3116,7284020
2021-12-09,305.37,306.5493,302.06,302.29,73.4226,7756168
2021-12-10,304.21,305.66,302.19,305.26,74.144,9708748
2021-12-13,304.63,305.32,300.875,301.14,73.2394,7100788
2021-12-14,297.83,299.4,294.32,297.49,72.3517,10038580
2021-12-15,297.36,303.955,294.54,303.78,73.8815,8748500
2021-12-16,304.54,305.0,295.6003,297.02,72.2374,9932484
2021-12-17,294.47,298.46,292.92,295.65,71.9042,8017724
2021-12-20,291.98,292.91,289.89,292.03,71.0238,15300668
2021-12-21,294.5,298.97,292.2858,298.79,72.6679,8261988
2021-12-22,298.94,302.72,298.51,302.54,73.5799,10122320
2021-12-23,303.15,305.86,302.72,304.95,74.1661,5380420
2021-12-27,305.8,309.53,305.765,309.52,75.2775,9136508
2021-12-28,309.92,310.3465,307.5642,308.17,74.9492,7196484
2021-12-29,308.18,309.17,306.56,308.33,74.9881,5283496
2021-12-30,308.07,309.68,306.89,307.14,74.6987,7796568
2021-12-31,306.6,307.69,305.5,305.59,74.3217,7120568
2022-01-03,306.67,308.07,304.62,307.78,74.8543,16593564
2022-01-04,308.11,308.3799,302.09,304.59,74.0785,9204888
2022-01-05,303.28,303.28,294.7,294.87,71.7145,15009680
2022-01-06,293.36,296.35,291.265,294.05,71.5151,11979616
2022-01-07,294.06,295.26,289.89,290.81,70.7271,10036848
2022-01-10,286.92,290.791,282.32,290.64,70.6858,19843308
2022-01-11,290.0,294.03,288.09,293.96,71.4932,9066044
2022-01-12,295.61,297.29,293.53,294.92,71.7267,10208152
2022-01-13,296.03,296.28,286.98,287.57,69.9391,8395288
2022-01-14,285.67,288.84,284.64,288.3,70.1167,12780352
2022-01-18,284.03,285.38,281.12,281.63,68.4945,13561468
2022-01-19,283.04,284.9308,278.38,278.59,67.7551,9421264
2022-01-20,280.73,284.17,274.66,275.13,66.9136,12497968
2022-01-21,273.58,275.7805,267.92,267.95,65.1674,17499480
2022-01-24,262.86,270.37,255.0,270.09,65.6879,19791088
2022-01-25,265.19,268.67,261.27,264.03,64.214,10459848
2022-01-26,270.33,272.97,261.12,264.16,64.2456,11256092
2022-01-27,267.55,269.43,261.2,261.9,63.696,15198660
2022-01-28,264.09,271.2,260.1,271.11,65.9359,14432264
2022-01-31,271.64,279.41,270.79,279.06,67.8694,18256600
2022-02-01,279.895,281.66,276.64,281.23,68.3972,10937732
2022-02-02,284.11,284.52,280.28,283.16,68.8666,7745544
2022-02-03,276.13,278.6177,272.0,272.81,66.3494,5929956
2022-02-04,273.62,278.85,272.06,276.1,67.1495,8904512
2022-02-07,276.59,278.45,273.25,274.22,66.6923,5966144
2022-02-08,273.19,277.76,272.325,277.08,67.3879,8877864
2022-02-09,280.25,282.66,279.85,282.55,68.7182,9012468
2022-02-10,277.69,282.65,275.2201,276.82,67.3246,5244224
2022-02-11,276.83,278.18,267.69,268.72,65.3547,7107224
2022-02-14,268.04,271.3197,266.26,268.92,65.4033,7455432
2022-02-15,272.67,275.16,272.08,274.99,66.8796,7297052
2022-02-16,272.98,275.7,270.61,274.85,66.8455,9453456
2022-02-17,272.67,272.82,266.55,266.93,64.9193,6510616
2022-02-18,267.71,268.17,262.41,264.05,64.2189,11252860
2022-02-22,262.13,265.23,258.0,260.53,63.3628,8908352
2022-02-23,262.45,263.55,253.91,254.17,61.816,13208096
2022-02-24,245.33,262.72,245.0,262.39,63.8152,18591292
2022-02-25,262.99,266.87,260.25,266.83,64.895,9695548
2022-02-28,264.47,268.58,263.34,267.44,65.0434,13403948
2022-03-01,266.68,268.07,261.51,263.49,64.0827,8346432
2022-03-02,264.85,268.75,262.81,267.82,65.1358,7549684
2022-03-03,269.28,269.69,262.74,264.0,64.2067,7969108
2022-03-04,262.41,263.13,257.78,260.08,63.2534,8881368
2022-03-07,260.28,260.78,249.72,249.91,60.7799,10141080
2022-03-08,248.96,255.92,246.34,248.51,60.4394,14209532
2022-03-09,255.03,258.88,253.31,257.84,62.7086,8592364
2022-03-10,254.9,256.51,252.16,255.81,62.2149,5372168
2022-03-11,257.89,258.13,250.47,250.81,60.9988,6547024
2022-03-14,250.29,252.67,246.11,246.62,59.9798,7371356
2022-03-15,248.87,254.73,247.64,254.24,61.833,21119192
2022-03-16,257.07,262.58,254.0,262.58,63.8614,7998480
2022-03-17,260.88,266.3,260.41,266.02,64.698,10198440
2022-03-18,265.45,271.89,264.55,271.76,66.094,11783692
2022-03-21,270.72,272.7486,267.591,270.87,65.8776,7810712
2022-03-22,271.06,276.29,271.06,275.54,67.0133,4833068
2022-03-23,273.03,275.7382,271.58,271.58,66.0502,4350120
2022-03-24,272.78,276.3,270.89,276.25,67.2858,6592588
2022-03-25,276.25,277.01,272.89,275.9,67.2005,4657788
2022-03-28,275.96,280.14,275.205,280.12,68.2284,9681328
2022-03-29,282.99,285.76,281.25,285.14,69.4511,6404720
2022-03-30,283.9,284.55,280.59,281.9,68.662,7116756
2022-03-31,281.81,282.16,277.33,277.63,67.6219,20632120
2022-04-01,278.78,279.02,275.9,278.25,67.7729,9819760
2022-04-04,278.81,283.28,278.54,283.21,68.981,7384812
2022-04-05,282.12,282.69,276.9642,277.76,67.6536,8967696
2022-04-06,273.61,274.17,269.35,271.6,66.1532,9968632
2022-04-07,270.87,274.15,268.56,272.56,66.387,6756220
2022-04-08,271.52,272.4299,268.94,269.62,65.6709,7887340
2022-04-11,266.63,266.93,263.26,263.49,64.1779,7938420
2022-04-12,266.95,268.65,261.45,262.55,63.9489,7946848
2022-04-13,262.55,267.75,262.05,267.04,65.0425,4575696
2022-04-14,267.05,267.63,261.78,261.88,63.7857,7554600
2022-04-18,261.02,263.27,259.49,261.54,63.7029,8769760
2022-04-19,261.26,267.71,260.91,267.09,65.0547,21543524
2022-04-20,268.2,268.58,263.89,264.61,64.4507,8917820
2022-04-21,267.52,269.48,258.795,259.58,63.2255,10290840
2022-04-22,259.3,259.98,251.77,252.04,61.389,9800224
2022-04-25,250.79,255.41,249.53,255.31,62.1855,9059208
2022-04-26,253.39,253.7,245.57,245.63,59.8277,10098968
2022-04-27,246.64,250.76,245.21,246.5,60.0396,9837284
2022-04-28,250.49,256.34,247.4048,254.93,62.0929,7599736
2022-04-29,251.46,253.86,243.37,243.75,59.3698,10341300
2022-05-02,243.15,247.17,240.32,246.95,60.1492,17820688
2022-05-03,246.72,248.51,245.02,247.07,60.1785,9839152
2022-05-04,247.24,255.53,243.5,255.03,62.1173,9933208
2022-05-05,251.58,251.78,239.93,242.68,59.1092,8265344
2022-05-06,240.93,243.59,236.1142,239.94,58.4418,11771088
2022-05-09,235.44,236.89,229.04,230.16,56.0597,14553064
2022-05-10,235.26,236.14,228.7,231.92,56.4884,14264524
2022-05-11,230.52,234.09,224.63,225.24,54.8614,17057844
2022-05-12,222.26,228.48,220.17,224.94,54.7883,18701664
2022-05-13,228.46,233.87,227.28,232.91,56.7295,10564528
2022-05-16,231.41,233.13,229.28,230.27,56.0865,9661452
2022-05-17,234.81,235.9273,231.39,235.72,57.414,6785312
2022-05-18,232.2,232.6683,223.7,224.51,54.6836,8385336
2022-05-19,223.24,227.15,222.26,223.73,54.4936,17281116
2022-05-20,226.51,226.9,217.0904,223.29,54.3864,9424948
2022-05-23,224.42,227.49,222.49,227.23,55.3461,7838480
2022-05-24,223.28,223.82,218.8211,222.66,54.233,9044736
2022-05-25,221.33,227.3444,221.25,225.81,55.0002,6817332
2022-05-26,225.47,232.92,225.41,231.76,56.4494,9324576
2022-05-27,234.03,239.48,234.03,239.47,58.3273,6837620
2022-05-31,238.81,240.46,235.6,238.18,58.0131,11315540
2022-06-01,239.7,241.24,234.8,236.29,57.5528,8562228
2022-06-02,235.63,243.13,234.62,243.02,59.192,6413152
2022-06-03,239.08,240.23,236.38,237.3,57.7988,10220648
2022-06-06,240.57,241.91,237.28,238.26,58.0326,8408396
2022-06-07,235.63,240.97,234.86,240.5,58.5782,4981292
2022-06-08,239.77,241.485,238.005,238.59,58.113,5490768
2022-06-09,237.03,238.83,231.87,231.9,56.5763,9111516
2022-06-10,227.59,228.13,223.27,223.27,54.4709,12051464
2022-06-13,216.37,218.15,212.62,213.4,52.0629,19855884
2022-06-14,214.84,215.462,211.68,213.58,52.1068,25980300
2022-06-15,216.07,221.47,213.76,218.46,53.2974,11269772
2022-06-16,213.0,213.17,207.9704,209.9,51.209,14055320
2022-06-17,209.8,214.018,209.17,211.88,51.6921,12615788
2022-06-21,215.58,218.99,215.3345,217.27,53.0071,14838756
2022-06-22,215.02,220.1405,214.5323,217.2,52.99,15456408
2022-06-23,218.76,221.45,217.14,221.0,53.9171,11299432
2022-06-24,223.19,229.15,222.91,229.15,55.9054,9969696
2022-06-27,229.83,230.215,226.71,227.54,55.5126,12405340
2022-06-28,228.01,230.0,220.99,221.07,53.9342,10776112
2022-06-29,221.15,222.74,219.45,221.46,54.0293,9446464
2022-06-30,219.17,221.26,215.5775,218.7,53.3559,10107084
2022-07-01,218.23,221.29,216.97,221.02,53.922,7008796
2022-07-05,218.24,223.89,216.97,223.84,54.6099,11785232
2022-07-06,223.83,226.55,222.69,224.91,54.871,6425232
2022-07-07,225.47,229.66,225.47,229.18,55.9127,6855388
2022-07-08,227.4,230.425,226.68,229.35,55.9542,7758552
2022-07-11,227.62,227.89,224.95,225.52,55.0198,8206348
2022-07-12,225.99,227.56,221.49,222.74,54.3416,4689196
2022-07-13,219.09,223.83,218.11,222.03,54.1684,16997036
2022-07-14,219.97,222.99,217.4,222.42,54.2635,14516028
2022-07-15,224.78,226.51,223.92,226.33,55.2174,17839276
2022-07-18,228.36,229.41,223.41,224.17,54.6905,12392416
2022-07-19,226.74,230.98,225.6285,230.75,56.2958,7789604
2022-07-20,230.87,234.48,230.5407,233.4,56.9423,7243920
2022-07-21,233.41,236.73,231.84,236.67,57.7401,7889304
2022-07-22,236.57,237.86,232.13,233.49,56.9642,8786864
2022-07-25,233.65,233.79,231.32,232.81,56.7983,8607636
2022-07-26,231.36,231.6,228.08,228.63,55.7786,5206608
2022-07-27,231.93,238.01,231.47,236.8,57.7718,5226336
2022-07-28,237.32,241.07,235.03,240.59,58.6964,7391876
2022-07-29,242.03,245.84,241.4,245.17,59.8138,7081424
2022-08-01,243.49,246.95,242.84,244.59,59.6723,12844924
2022-08-02,243.11,246.59,242.0,243.53,59.4137,4195100
2022-08-03,244.93,249.55,244.93,248.77,60.6921,3879592
2022-08-04,248.75,249.83,247.36,249.53,60.8775,4353848
2022-08-05,246.28,249.67,246.07,248.77,60.6921,4775796
2022-08-08,249.58,251.91,247.29,248.17,60.5457,9659388
2022-08-09,247.21,247.41,245.22,245.93,59.9992,5716324
2022-08-10,251.1,252.53,249.86,252.32,61.5582,5159540
2022-08-11,254.04,255.29,250.62,251.12,61.2654,7697632
2022-08-12,252.58,255.97,251.93,255.95,62.4438,4365816
2022-08-15,254.76,257.85,254.76,257.45,62.8097,11018384
2022-08-16,256.7,258.842,255.25,257.47,62.8146,7856748
2022-08-17,255.03,257.41,254.03,255.47,62.3267,5386420
2022-08-18,255.31,256.78,254.3301,256.08,62.4755,3152916
2022-08-19,253.75,254.19,251.2,251.83,61.4386,3394240
2022-08-22,248.57,248.57,245.3,245.94,60.0017,5971532
2022-08-23,245.68,247.44,245.04,245.44,59.8797,3083924
2022-08-24,245.38,247.3758,244.85,246.07,60.0334,4570756
2022-08-25,247.22,250.03,246.67,249.93,60.9751,5198356
2022-08-26,249.61,250.29,240.35,240.42,58.6549,5861480
2022-08-29,238.4,240.15,237.33,238.17,58.106,7805076
2022-08-30,239.3,239.6683,233.86,235.64,57.4888,6256780
2022-08-31,237.09,237.94,233.61,233.71,57.0179,6742800
2022-09-01,231.81,233.99,229.261,233.75,57.0277,11245172
2022-09-02,236.14,237.0,229.78,230.96,56.347,5788880
2022-09-06,231.61,232.2,228.4,230.14,56.1469,5191332
2022-09-07,230.43,235.27,230.1,234.6,57.235,4294976
2022-09-08,232.76,236.51,232.19,235.88,57.5473,6363888
2022-09-09,237.59,240.91,237.59,240.41,58.6525,3692964
2022-09-12,241.58,243.45,241.5,243.37,59.3747,5175696
2022-09-13,237.42,237.67,230.85,231.53,56.4861,4198888
2022-09-14,232.32,233.68,230.61,232.82,56.8008,5385208
2022-09-15,231.66,233.57,228.38,229.41,55.9689,12065556
2022-09-16,226.72,227.7798,224.94,227.36,55.4687,6542760
2022-09-19,225.38,229.36,225.3,229.27,55.9347,8278564
2022-09-20,227.23,228.69,225.38,227.12,55.4102,6183328
2022-09-21,228.22,230.75,223.17,223.18,54.4489,7252256
2022-09-22,222.2,222.98,219.91,220.61,53.8219,8032548
2022-09-23,218.55,218.59,214.3504,217.22,52.9949,8458268
2022-09-26,215.65,219.01,214.67,215.19,52.6408,12096408
2022-09-27,217.91,219.6,213.667,215.35,52.6799,8890844
2022-09-28,215.98,220.35,214.14,219.15,53.6095,8831024
2022-09-29,216.53,216.84,211.73,214.03,52.357,7854824
2022-09-30,213.42,216.12,210.3219,210.4,51.4691,8952180
2022-10-03,211.94,216.57,210.86,215.38,52.6873,9315380
2022-10-04,219.37,222.48,219.37,222.13,54.3385,8293996
2022-10-05,219.33,223.46,217.77,222.0,54.3067,5810928
2022-10-06,221.34,223.68,220.09,220.4,53.9153,6582840
2022-10-07,217.23,217.23,211.7524,212.79,52.0537,9035072
2022-10-10,213.23,213.48,208.88,210.71,51.5449,9007000
2022-10-11,209.63,212.12,207.31,208.65,51.041,7632404
2022-10-12,209.14,210.19,207.885,208.35,50.9676,8981932
2022-10-13,203.07,214.03,202.05,212.93,52.088,9129180
2022-10-14,214.87,215.45,206.7,207.03,50.6447,6980644
2022-10-17,211.28,214.13,211.28,213.56,52.2421,12275416
2022-10-18,218.81,219.4082,213.91,215.97,52.8316,7374296
2022-10-19,214.55,216.54,212.47,214.47,52.4647,6948832
2022-10-20,214.09,217.26,212.2,212.99,52.1026,6269084
2022-10-21,212.26,218.435,211.54,218.16,53.3673,6916648
2022-10-24,218.89,221.45,216.35,220.71,53.9911,8264604
2022-10-25,221.28,225.22,221.26,225.02,55.0455,9155000
2022-10-26,220.72,225.44,220.55,221.2,54.111,6604744
2022-10-27,221.76,222.69,218.87,219.37,53.6633,6799648
2022-10-28,218.17,225.0,218.065,224.54,54.928,8909436
2022-10-31,223.01,223.88,221.38,222.58,54.4486,14064268
2022-11-01,225.03,225.64,219.99,220.47,53.9324,9662392
2022-11-02,220.29,222.42,213.33,213.39,52.2005,8033544
2022-11-03,211.23,212.4201,209.23,209.89,51.3443,12300060
2022-11-04,213.33,214.021,207.91,212.04,51.8702,13109300
2022-11-07,212.79,214.66,211.15,214.24,52.4084,13658896
2022-11-08,215.23,217.86,212.73,215.49,52.7142,10895124
2022-11-09,214.18,214.57,210.0321,210.32,51.4495,9278096
2022-11-10,219.57,225.23,218.6,225.06,55.0553,7999636
2022-11-11,225.12,228.8617,224.39,228.39,55.8699,11952820
2022-11-14,226.79,228.7417,225.52,225.73,55.2191,10692196
2022-11-15,230.18,231.15,226.05,228.42,55.8772,8206980
2022-11-16,227.03,227.73,225.645,226.27,55.3512,7303176
2022-11-17,223.34,226.14,222.77,225.21,55.0919,7200172
2022-11-18,227.47,227.55,223.895,225.66,55.202,8690268
2022-11-21,224.62,225.44,223.19,223.78,54.7421,9376356
2022-11-22,224.64,227.06,223.25,226.94,55.5151,8145764
2022-11-23,226.91,229.63,226.91,229.12,56.0484,7402204
2022-11-25,228.32,229.0,227.84,228.55,55.909,4422504
2022-11-28,226.68,228.0,224.28,224.93,55.0234,10911772
2022-11-29,225.25,225.318,222.48,223.47,54.6663,7461260
2022-11-30,223.67,232.61,223.03,232.61,56.9022,9181636
2022-12-01,233.13,234.1875,230.74,232.89,56.9707,8931796
2022-12-02,229.44,233.07,229.33,232.34,56.8361,12145488
2022-12-05,230.7,231.33,227.08,228.12,55.8038,14979176
2022-12-06,227.83,228.13,222.6,224.02,54.8008,9458716
2022-12-07,223.19,224.81,222.17,223.16,54.5905,10004268
2022-12-08,224.37,226.37,222.97,225.7,55.2118,13839004
2022-12-09,224.75,226.72,223.88,224.01,54.7984,15981248
2022-12-12,224.33,227.34,224.12,227.34,55.613,13080864
2022-12-13,235.09,235.09,226.93,228.86,56.1261,14247016
2022-12-14,228.57,230.89,225.01,227.4,55.7681,16210880
2022-12-15,224.15,224.535,219.6281,220.56,54.0906,10489688
2022-12-16,219.9,220.4613,216.67,217.89,53.4358,13051376
2022-12-19,218.12,218.12,214.0801,215.09,52.7492,17448192
2022-12-20,214.18,216.27,213.25,215.07,52.7442,10337044
2022-12-21,216.57,219.37,215.895,218.5,53.5854,12677452
2022-12-22,216.23,216.66,210.91,214.35,52.5677,13224912
2022-12-23,213.48,215.22,212.12,215.13,52.759,13225872
2022-12-27,214.74,214.9,212.39,213.07,52.2538,11887684
2022-12-28,212.97,214.42,210.0801,210.27,51.5671,12759728
2022-12-29,212.17,215.449,211.94,214.84,52.6878,11113264
2022-12-30,212.94,214.37,211.7987,214.24,52.5407,12872796
2023-01-03,215.58,217.0,210.81,212.62,52.1434,14150832
2023-01-04,213.64,214.5926,211.11,213.37,52.3273,7578568
2023-01-05,212.27,212.36,209.66,209.92,51.4813,12495816
2023-01-06,211.45,215.7243,209.27,214.9,52.7026,10348532
2023-01-09,216.61,219.7,215.78,216.02,52.9772,18146896
2023-01-10,215.47,217.66,214.92,217.62,53.3696,6745596
2023-01-11,218.59,221.57,218.41,221.47,54.3138,4624548
2023-01-12,221.88,223.2,218.99,222.42,54.5468,8440900
2023-01-13,220.4,223.94,220.4,223.64,54.846,10307340
2023-01-17,223.54,225.32,223.0355,223.99,54.9318,18469016
2023-01-18,225.28,226.4,220.89,221.08,54.2182,7680628
2023-01-19,219.7,220.65,218.32,219.12,53.7375,10561952
2023-01-20,220.3,224.57,219.41,224.41,55.0348,9063064
2023-01-23,225.22,229.035,224.42,227.99,55.9128,18375548
2023-01-24,226.85,228.29,226.355,227.47,55.7853,7993564
2023-01-25,224.25,227.58,222.42,227.22,55.7239,8688132
2023-01-26,229.48,230.61,227.41,230.47,56.521,4676248
2023-01-27,229.96,233.67,229.87,232.2,56.9452,10623000
2023-01-30,229.99,231.31,228.18,228.33,55.9962,16756988
2023-01-31,228.62,232.16,228.62,232.08,56.9158,8825608
2023-02-01,231.77,237.96,230.3,236.14,57.9115,8084644
2023-02-02,239.95,242.85,239.17,241.87,59.3167,9145560
2023-02-03,237.33,242.355,237.33,238.55,58.5025,6261796
2023-02-06,236.73,238.05,235.755,236.74,58.0586,6522396
2023-02-07,236.28,241.365,235.39,240.64,59.0151,5025148
2023-02-08,239.42,240.57,237.1201,237.58,58.2647,4249560
2023-02-09,240.2,240.47,234.93,235.81,57.8306,3404128
2023-02-10,234.3,235.7053,233.15,234.87,57.6,8368616
2023-02-13,235.73,238.5655,235.21,238.23,58.4241,7017780
2023-02-14,237.35,240.3,236.0267,239.24,58.6718,3684876
2023-02-15,238.22,240.94,237.77,240.94,59.0887,3669552
2023-02-16,237.43,240.12,236.58,236.64,58.0341,3502180
2023-02-17,235.24,235.555,233.16,235.31,57.708,11568740
2023-02-21,232.48,233.23,229.88,229.92,56.3861,4159880
2023-02-22,230.55,231.655,229.16,230.11,56.4327,4747356
2023-02-23,232.5,232.88,228.9702,232.03,56.9036,5047612
2023-02-24,228.63,229.1061,227.11,228.43,56.0207,3104300
2023-02-27,230.74,231.83,229.34,229.88,56.3763,3156428
2023-02-28,229.37,231.1847,229.19,229.32,56.239,2469364
2023-03-01,229.12,229.555,227.12,227.95,55.903,2617416
2023-03-02,226.29,230.38,226.12,229.78,56.3518,2405524
2023-03-03,230.97,234.21,230.74,234.03,57.394,4347764
2023-03-06,234.81,236.96,234.24,234.41,57.4872,5026484
2023-03-07,234.39,235.01,231.03,231.36,56.7392,2988588
2023-03-08,231.64,232.65,230.64,232.15,56.933,3430116
2023-03-09,232.56,234.18,227.56,228.08,55.9349,4159624
2023-03-10,228.02,228.573,223.35,224.14,54.9686,8000700
2023-03-13,222.51,228.22,221.56,225.45,55.2899,7585376
2023-03-14,228.15,230.415,226.83,229.83,56.364,9742600
2023-03-15,227.15,229.865,225.9998,229.56,56.2978,5643548
2023-03-16,228.74,235.15,228.2507,234.76,57.5731,12351080
2023-03-17,235.09,236.09,232.01,233.31,57.2175,6863940
2023-03-20,233.2,234.79,232.185,234.47,57.5019,3608380
2023-03-21,236.13,238.34,235.34,238.01,58.3701,4917768
2023-03-22,237.99,241.07,234.52,234.52,57.5142,3858860
2023-03-23,236.49,239.43,234.065,235.83,57.9635,5255348
2023-03-24,235.24,236.78,233.505,236.72,58.1822,3395224
2023-03-27,237.61,238.35,235.3688,235.97,57.9979,3402036
2023-03-28,235.65,235.7037,233.56,235.1,57.7841,4008880
2023-03-29,237.7,238.88,236.865,238.7,58.6689,3085176
2023-03-30,240.31,240.73,239.16,240.44,59.0966,3442472
2023-03-31,240.86,244.61,240.75,244.33,60.0527,4554612
2023-04-03,243.39,244.9,242.7426,244.66,60.1338,5449888
2023-04-04,245.15,245.72,242.873,243.69,59.8954,2717708
2023-04-05,242.83,243.06,240.3396,241.49,59.3546,3322824
2023-04-06,240.42,242.96,239.4825,242.94,59.711,3484248
2023-04-10,240.88,242.98,239.8912,242.98,59.7209,5199356
2023-04-11,242.91,243.14,241.635,242.14,59.5144,3182092
2023-04-12,243.63,244.079,240.44,240.74,59.1703,3840960
2023-04-13,241.8,245.33,241.8,245.06,60.2321,5369556
2023-04-14,244.21,245.775,242.44,244.25,60.033,2742616
2023-04-17,243.91,244.77,242.93,244.72,60.1485,8741892
2023-04-18,246.07,246.44,244.3,244.96,60.2075,2967652
2023-04-19,243.48,245.7088,243.48,245.16,60.2567,4249896
2023-04-20,243.03,245.38,242.82,243.87,59.9396,2992420
2023-04-21,244.11,244.5,242.82,244.06,59.9863,3590580
2023-04-24,243.68,244.875,242.36,243.87,59.9396,3887276
2023-04-25,242.67,243.14,239.23,239.31,58.8188,5421632
2023-04-26,241.41,242.36,239.7,240.12,59.0179,5069412
2023-04-27,241.36,245.26,241.2043,245.01,60.2198,4612008
2023-04-28,244.23,246.86,243.99,246.83,60.6671,5848540
2023-05-01,246.56,247.93,246.4701,246.83,60.6671,4267276
2023-05-02,246.69,246.69,243.0,244.62,60.1239,5286820
2023-05-03,244.8,246.96,243.28,243.4,59.8241,2597708
2023-05-04,242.87,243.32,241.41,242.08,59.4997,5541324
2023-05-05,244.22,247.84,244.17,247.13,60.7409,4190688
2023-05-08,246.96,247.71,246.38,247.54,60.8416,5600976
2023-05-09,246.58,247.32,246.33,246.44,60.5713,3761404
2023-05-10,248.08,249.4,246.29,248.77,61.144,8321504
2023-05-11,249.06,249.37,247.49,248.98,61.1956,4994572
2023-05-12,249.53,249.88,246.86,248.42,61.0579,4070520
2023-05-15,248.77,249.43,247.55,249.32,61.2791,3850532
2023-05-16,248.68,249.9,248.5,248.72,61.1317,3754368
2023-05-17,249.81,252.0805,248.8,251.68,61.8592,6366604
2023-05-18,251.99,255.6,251.99,255.33,62.7563,6945280
2023-05-19,255.63,255.9999,254.04,254.7,62.6015,3159476
2023-05-22,254.33,255.8,254.2946,254.98,62.6703,3047836
2023-05-23,253.52,254.26,250.942,251.39,61.7879,4127464
2023-05-24,249.84,250.96,248.82,249.93,61.4291,2598616
2023-05-25,254.16,255.21,252.6059,254.48,62.5474,3171928
2023-05-26,254.92,259.67,254.92,259.07,63.6755,5055876
2023-05-30,261.6,262.09,258.87,259.75,63.8427,5858156
2023-05-31,258.59,259.64,257.24,258.4,63.5109,6340548
2023-06-01,258.12,261.99,257.43,261.32,64.2286,12124268
2023-06-02,263.11,265.05,262.36,264.56,65.0249,7647076
2023-06-05,264.19,266.33,263.6401,264.29,64.9585,3834124
2023-06-06,263.9,264.83,263.275,264.45,64.9979,2935100
2023-06-07,264.18,265.3192,260.2914,260.63,64.1538,3526992
2023-06-08,260.69,263.4594,260.575,263.06,64.7519,3045172
2023-06-09,264.22,265.82,263.2,263.98,64.9784,9724236
2023-06-12,264.96,267.8,264.4101,267.75,65.9064,6175172
2023-06-13,269.12,269.87,267.6,269.43,66.3199,6457680
2023-06-14,269.19,271.035,267.36,270.44,66.5685,3804816
2023-06-15,269.55,274.85,269.36,273.93,67.4276,5993464
2023-06-16,275.91,275.91,272.13,272.28,67.0214,4109728
2023-06-20,271.06,272.56,270.0,271.82,66.9082,6520780
2023-06-21,270.94,271.29,268.62,269.36,66.3027,3869556
2023-06-22,268.43,271.81,268.37,271.74,66.8885,3697064
2023-06-23,269.05,270.93,268.59,269.25,66.2756,8251268
2023-06-26,268.9,270.6,266.26,266.34,65.5593,5847812
2023-06-27,267.58,270.9165,267.09,270.44,66.5685,6450348
2023-06-28,269.18,272.2682,269.18,270.96,66.6965,3273876
2023-06-29,270.83,271.71,270.06,271.24,66.7654,2819504
2023-06-30,273.78,275.82,273.44,275.18,67.7352,5245604
2023-07-03,275.32,275.63,274.5,274.91,67.6688,2120816
2023-07-05,273.96,276.14,273.96,275.28,67.7599,3267904
2023-07-06,272.75,273.73,271.52,273.44,67.3069,4593120
2023-07-07,272.87,275.06,272.13,272.24,67.0116,3111520
2023-07-10,271.55,272.64,270.47,272.48,67.0706,3285588
2023-07-11,272.56,274.075,271.6615,273.83,67.4029,10720380
2023-07-12,276.45,277.75,275.3245,276.65,68.0971,4739048
2023-07-13,278.72,280.75,278.07,280.2,68.9709,5685500
2023-07-14,280.85,283.07,280.375,280.92,69.1481,9286248
2023-07-17,281.51,283.67,281.33,283.01,69.6626,7114356
2023-07-18,282.64,286.19,281.52,285.38,70.246,6717684
2023-07-19,286.25,286.96,284.53,285.37,70.2435,11984088
2023-07-20,283.46,284.59,279.53,280.2,68.9709,6619784
2023-07-21,281.6,281.87,279.288,279.33,68.7568,6462952
2023-07-24,280.28,281.01,278.93,280.26,68.9857,3205808
2023-07-25,280.48,282.8273,280.48,281.86,69.3795,2508540
2023-07-26,280.84,282.43,279.81,281.26,69.2318,2822144
2023-07-27,284.74,285.3797,278.85,279.66,68.838,4619532
2023-07-28,282.21,284.585,281.7929,284.07,69.9235,4293428
2023-07-31,284.4,284.9,283.37,284.64,70.0638,3501076
2023-08-01,283.6,284.2699,282.6593,283.84,69.8669,2374972
2023-08-02,281.3,281.3502,277.48,278.34,68.5131,3800660
2023-08-03,276.65,278.91,276.52,277.56,68.3211,3985132
2023-08-04,279.15,280.49,275.8,276.22,67.9912,6291800
2023-08-07,277.29,278.35,275.84,278.23,68.486,4966212
2023-08-08,277.01,277.21,274.72,276.9,68.1586,2897924
2023-08-09,277.19,277.25,273.4,274.03,67.4522,5123476
2023-08-10,275.94,278.31,273.38,274.41,67.5457,5652264
2023-08-11,272.7,274.42,272.29,273.26,67.2626,3941996
2023-08-14,272.91,276.26,272.37,276.23,67.9937,4253280
2023-08-15,275.55,276.29,273.08,273.6,67.3463,3160632
2023-08-16,273.28,274.67,271.3,271.34,66.79,6936568
2023-08-17,272.05,272.44,267.89,268.37,66.059,4448872
2023-08-18,266.08,268.86,265.44,268.02,65.9728,7144380
2023-08-21,269.2,272.09,268.51,271.65,66.8663,3862256
2023-08-22,273.34,273.45,270.98,271.44,66.8147,3693980
2023-08-23,272.16,276.165,272.16,275.44,67.7992,2784068
2023-08-24,277.42,277.87,270.38,270.38,66.5537,4517900
2023-08-25,271.35,273.85,268.82,272.54,67.0854,4195440
2023-08-28,274.21,274.8857,272.82,274.44,67.5531,3998056
2023-08-29,274.43,280.02,274.03,279.74,68.8577,3982688
2023-08-30,279.86,282.05,279.54,281.57,69.3081,2242768
2023-08-31,281.95,283.47,281.55,281.91,69.3918,3873320
2023-09-01,283.93,284.09,280.91,281.99,69.4115,2616200
2023-09-05,281.39,283.0,280.6,282.22,69.4681,3208980
2023-09-06,281.39,281.88,277.99,279.34,68.7592,3122012
2023-09-07,276.09,278.69,275.62,278.29,68.5008,3796340
2023-09-08,278.0,279.95,277.79,278.42,68.5328,2544792
2023-09-11,280.56,281.71,279.4143,281.44,69.2761,2902312
2023-09-12,279.96,280.652,277.94,278.26,68.4934,3385200
2023-09-13,278.17,280.0677,277.42,279.12,68.7051,3261056
2023-09-14,280.31,281.92,278.865,280.96,69.158,4855464
2023-09-15,280.24,280.27,276.18,276.58,68.0799,7775084
2023-09-18,275.85,277.64,275.69,276.8,68.134,3867020
2023-09-19,275.88,276.64,274.09,276.29,68.0085,2453540
2023-09-20,276.86,277.23,272.48,272.49,67.0731,3820684
2023-09-21,270.05,270.42,267.37,267.47,65.8374,4375664
2023-09-22,268.61,270.06,266.97,267.18,65.7661,19294924
2023-09-25,266.62,268.7,265.8801,268.58,66.1107,6250500
2023-09-26,266.3,266.62,263.2073,263.8,65.0585,4340116
2023-09-27,264.61,265.37,261.54,264.26,65.172,5285716
2023-09-28,263.35,267.37,262.83,266.22,65.6554,4953488
2023-09-29,268.69,269.365,265.19,265.99,65.5986,7507620
2023-10-02,265.91,269.14,265.68,268.26,66.1585,5050772
2023-10-03,266.8,267.86,262.45,263.46,64.9747,5498928
2023-10-04,264.05,267.47,263.965,267.06,65.8625,4337136
2023-10-05,266.8,267.61,264.34,267.08,65.8675,4254400
2023-10-06,265.04,272.33,264.66,271.48,66.9526,5275576
2023-10-09,269.44,273.27,268.77,272.8,67.2781,3793628
2023-10-10,273.05,276.08,272.75,274.11,67.6012,4759388
2023-10-11,275.15,276.4,274.0,276.32,68.1462,3194104
2023-10-12,276.64,277.83,273.4,274.93,67.8034,5163308
2023-10-13,275.58,276.3224,271.24,272.27,67.1474,2886384
2023-10-16,273.15,276.06,273.15,275.37,67.9119,7230576
2023-10-17,272.74,275.986,271.54,274.67,67.7393,4253148
2023-10-18,273.08,274.24,269.7557,270.54,66.7208,2819152
2023-10-19,271.36,272.42,267.69,268.29,66.1659,4857916
2023-10-20,267.82,268.29,264.2101,264.5,65.2312,3526096
2023-10-23,263.17,267.675,261.91,265.2,65.4038,4708536
2023-10-24,266.66,268.14,265.07,267.59,65.9932,3998712
2023-10-25,265.81,266.11,261.63,262.03,64.622,3745736
2023-10-26,260.77,261.67,256.01,256.94,63.3667,8622840
2023-10-27,258.72,260.1,256.53,257.47,63.4974,7846500
2023-10-30,259.66,261.91,258.9801,261.09,64.3902,5946032
2023-10-31,261.24,262.407,259.37,262.11,64.6418,8046552
2023-11-01,262.54,266.4,262.54,266.19,65.648,9614064
2023-11-02,269.21,271.13,268.8,271.03,66.8416,5799520
2023-11-03,271.59,274.48,271.55,273.64,67.4853,6414168
2023-11-06,274.26,275.29,273.43,275.22,67.875,5255428
2023-11-07,275.89,278.52,275.29,277.84,68.5211,6495648
2023-11-08,278.39,279.2099,277.18,278.98,68.8022,8906152
2023-11-09,279.24,279.648,276.09,276.53,68.198,5766824
2023-11-10,277.54,281.98,277.195,281.87,69.515,6702852
2023-11-13,280.82,282.3999,279.81,281.56,69.4385,9020484
2023-11-14,286.06,287.97,285.66,287.15,70.8171,5809836
2023-11-15,288.33,288.47,286.1291,287.16,70.8196,8196440
2023-11-16,286.78,288.41,286.4243,287.94,71.012,4639044
2023-11-17,287.79,288.434,286.6984,287.84,70.9873,3888176
2023-11-20,287.54,291.46,287.54,290.87,71.7346,6920424
2023-11-21,289.89,290.56,288.8119,290.01,71.5225,5804212
2023-11-22,291.26,293.0697,290.48,291.33,71.848,3200636
2023-11-24,291.1,291.48,290.22,290.98,71.7617,2667680
2023-11-27,290.47,292.02,290.3,290.64,71.6778,7605008
2023-11-28,290.09,291.88,289.84,291.32,71.8455,4221204
2023-11-29,292.8,293.625,290.6,290.74,71.7025,5587416
2023-11-30,291.42,291.55,288.6,290.86,71.7321,4703380
2023-12-01,290.36,292.4,289.42,291.97,72.0058,5728908
2023-12-04,289.4,289.78,287.27,289.5,71.3967,8097420
2023-12-05,288.36,291.63,288.317,290.95,71.7543,4282388
2023-12-06,292.34,292.515,289.07,289.21,71.3252,5111428
2023-12-07,291.0,292.965,290.6,292.63,72.1686,5623936
2023-12-08,291.6,294.4099,291.51,294.1,72.5311,3863344
2023-12-11,293.01,294.53,292.57,294.44,72.615,11098564
2023-12-12,294.08,296.74,293.62,296.73,73.1798,4929336
2023-12-13,297.11,300.67,296.83,300.29,74.0577,5795888
2023-12-14,301.31,301.615,297.11,299.64,73.8974,6905584
2023-12-15,298.7,301.22,298.7,300.64,74.144,12816696
2023-12-18,300.78,303.275,300.57,302.61,74.6299,5678588
2023-12-19,302.92,304.07,302.84,304.0,74.9727,5818940
2023-12-20,303.18,304.74,299.37,299.52,74.0148,4731608
2023-12-21,301.83,302.79,300.1016,302.54,74.7611,4193948
2023-12-22,303.21,303.93,301.5,302.79,74.8229,6678660
2023-12-26,302.99,304.3373,302.99,303.85,75.0848,3767628
2023-12-27,303.82,304.58,303.36,304.13,75.154,5329204
2023-12-28,304.72,305.35,304.05,304.21,75.1738,4469296
2023-12-29,304.29,304.68,301.78,303.17,74.9168,4755856
2024-01-02,300.34,300.77,296.94,298.67,73.8048,11255964
2024-01-03,296.91,297.76,295.41,295.75,73.0832,4974540
2024-01-04,294.745,297.24,294.41,294.43,72.757,5662532
2024-01-05,294.89,296.68,293.79,294.77,72.841,6918212
2024-01-08,295.74,300.98,295.74,300.81,74.3336,6876880
2024-01-09,299.24,302.25,298.8738,301.67,74.5461,4292260
2024-01-10,301.93,305.28,301.93,304.79,75.3171,3803748
2024-01-11,305.7,306.74,301.9,305.22,75.4234,7031304
2024-01-12,305.72,306.54,304.49,305.56,75.5074,4681400
2024-01-16,304.79,306.41,303.67,305.14,75.4036,8731360
2024-01-17,303.24,303.99,301.2133,303.74,75.0576,5038928
2024-01-18,305.91,308.03,304.85,307.83,76.0683,6053076
2024-01-19,309.39,312.38,308.38,312.23,77.1556,8142920
2024-01-22,313.74,314.7,312.81,313.23,77.4027,6960152
2024-01-23,313.82,314.18,312.52,314.02,77.5979,6038840
2024-01-24,316.29,318.03,314.89,315.21,77.892,8843476
2024-01-25,315.73,316.97,313.79,315.61,77.9908,5558496
2024-01-26,315.04,316.6,314.55,315.23,77.8969,7054760
2024-01-29,315.62,318.635,315.145,318.57,78.7223,6199336
2024-01-30,318.26,318.7199,316.69,317.3,78.4085,6100616
2024-01-31,314.17,315.37,310.505,310.56,76.7429,9281072
2024-02-01,312.08,315.34,311.97,315.14,77.8747,6201944
2024-02-02,316.27,322.2384,315.88,321.38,79.4167,5860372
2024-02-05,321.79,322.1233,318.93,321.09,79.345,6355488
2024-02-06,322.1,322.67,319.5201,321.47,79.4389,4303648
2024-02-07,323.29,326.0,323.06,325.59,80.457,6019104
2024-02-08,325.87,326.68,325.565,326.16,80.5979,8971012
2024-02-09,327.36,330.03,326.98,329.48,81.4183,4523256
2024-02-12,329.5,330.56,327.195,327.94,81.0377,7393128
2024-02-13,322.14,325.2667,321.135,323.23,79.8738,9164032
2024-02-14,325.61,327.34,323.79,327.1,80.8302,5052836
2024-02-15,327.26,327.775,325.32,327.67,80.971,6570216
2024-02-16,328.14,328.19,325.01,325.62,80.4644,4542260
2024-02-20,323.49,324.64,320.0,322.36,79.6588,2958920
2024-02-21,320.37,321.56,318.72,321.51,79.4488,2300516
2024-02-22,327.97,331.69,327.6157,331.28,81.8631,3578636
2024-02-23,332.7,333.68,330.07,330.93,81.7766,4594428
2024-02-26,331.51,332.06,330.12,330.21,81.5987,3618904
2024-02-27,330.56,330.9,328.78,330.64,81.7049,3301072
2024-02-28,329.4,330.16,328.475,329.39,81.396,3703196
2024-02-29,330.63,332.315,328.735,331.14,81.8285,4977940
2024-03-01,331.96,335.46,331.55,335.15,82.8194,3535016
2024-03-04,334.53,335.33,333.62,333.76,82.4759,4858852
2024-03-05,331.72,331.72,326.7,328.47,81.1687,4237264
2024-03-06,331.26,331.88,328.79,330.24,81.6061,5475588
2024-03-07,332.4,336.15,331.07,334.71,82.7107,3939432
2024-03-08,335.35,337.7372,330.4681,330.9,81.7692,3007908
2024-03-11,329.9,330.39,328.07,329.41,81.401,4253684
2024-03-12,331.41,335.3,329.42,334.99,82.7799,3830280
2024-03-13,334.78,334.78,332.85,333.66,82.4512,5522868
2024-03-14,335.2,335.68,332.08,333.91,82.513,6526852
2024-03-15,330.6,331.92,329.18,330.09,81.569,6559284
2024-03-18,333.91,335.71,332.88,332.96,82.2782,4587452
2024-03-19,332.13,335.41,330.66,335.13,82.8145,4555472
2024-03-20,335.78,338.87,334.685,338.86,83.7362,7912432
2024-03-21,340.83,340.83,338.615,338.71,83.8089,5823256
2024-03-22,338.67,339.91,337.99,339.01,83.8831,3152944
2024-03-25,337.62,338.66,336.45,337.7,83.559,3062248
2024-03-26,339.07,339.23,336.43,336.53,83.2695,4429112
2024-03-27,338.6,338.91,335.41,337.92,83.6134,6700360
2024-03-28,337.14,337.975,336.44,337.05,83.3982,5568284
2024-04-01,337.56,338.91,335.51,336.85,83.3487,3292980
2024-04-02,332.88,334.32,331.705,333.91,82.6212,5680648
2024-04-03,332.87,336.2244,332.87,334.82,82.8464,3772952
2024-04-04,337.52,338.335,330.0,330.12,81.6834,3384496
2024-04-05,331.65,336.19,331.3,334.69,82.8142,6075996
2024-04-08,335.45,336.02,333.765,334.73,82.8241,6800640
2024-04-09,336.26,336.33,331.53,335.08,82.9107,3826832
2024-04-10,331.09,333.48,330.94,332.64,82.307,4955456
2024-04-11,334.01,338.12,332.03,337.38,83.4798,10623408
2024-04-12,334.66,335.765,331.6215,332.62,82.302,5460176
2024-04-15,335.59,335.59,326.61,327.01,80.9139,10411064
2024-04-16,327.34,329.22,326.23,327.02,80.9164,5566496
2024-04-17,328.92,329.08,323.36,324.24,80.2285,5137060
2024-04-18,324.85,326.265,322.15,322.48,79.793,11327072
2024-04-19,321.87,322.25,315.24,316.15,78.2268,11324684
2024-04-22,318.36,321.2185,315.81,319.3,79.0062,5071444
2024-04-23,321.18,324.6,320.68,324.03,80.1766,2709960
2024-04-24,326.11,326.61,322.5041,324.09,80.1914,2746472
2024-04-25,317.39,322.6883,316.56,322.05,79.6866,3915640
2024-04-26,326.44,329.12,325.69,327.99,81.1564,3429616
2024-04-29,329.36,329.72,326.56,328.43,81.2653,3084028
2024-04-30,327.86,329.0251,322.74,322.84,79.8821,3678128
2024-05-01,322.69,327.57,320.97,321.67,79.5926,4329460
2024-05-02,324.39,326.18,321.39,325.64,80.5749,3548000
2024-05-03,331.49,332.14,329.52,331.5,82.0249,3007772
2024-05-06,332.72,335.84,332.11,335.84,83.0988,3258648
2024-05-07,336.06,336.88,335.04,335.67,83.0567,3859108
2024-05-08,333.95,335.83,333.8719,335.19,82.9379,3780504
2024-05-09,335.21,336.5,334.22,336.22,83.1928,2167780
2024-05-10,337.31,338.25,335.595,336.67,83.3041,2841212
2024-05-13,337.53,337.64,335.7,336.86,83.3512,4822456
2024-05-14,336.24,339.2046,336.05,338.57,83.7743,2337036
2024-05-15,340.27,344.21,339.89,344.03,85.1253,3683792
2024-05-16,344.2,345.18,342.8,342.95,84.858,9969476
2024-05-17,343.29,343.35,341.33,342.87,84.8382,4350472
2024-05-20,342.99,345.1699,342.81,344.73,85.2985,4394804
2024-05-21,343.8,345.62,343.47,345.48,85.4841,4857460
2024-05-22,345.29,345.785,342.77,344.2,85.1673,5706760
2024-05-23,347.41,348.065,342.28,343.25,84.9323,3843200
2024-05-24,344.39,346.64,343.525,346.03,85.6201,4870864
2024-05-28,347.34,347.83,345.64,347.56,85.9987,6299944
2024-05-29,344.71,347.34,344.71,345.96,85.6028,9564396
2024-05-30,344.55,344.825,340.36,341.4,84.4745,4883636
2024-05-31,342.29,342.39,336.09,342.29,84.6947,3859108
2024-06-03,344.16,344.74,340.25,344.09,85.1401,5525944
2024-06-04,343.97,345.7899,342.71,345.18,85.4098,5534164
2024-06-05,347.48,351.32,346.8417,351.25,86.9118,8279396
2024-06-06,352.19,352.71,350.4347,351.73,87.0305,3150872
2024-06-07,351.38,353.2699,350.1501,351.27,86.9167,7097000
2024-06-10,350.6,352.9357,350.13,352.63,87.2532,2690388
2024-06-11,351.78,355.47,350.7936,355.44,88.0512,3245128
2024-06-12,358.72,362.7,358.05,360.1,89.2056,6718896
2024-06-13,362.89,362.9065,359.76,361.86,89.6416,5021856
2024-06-14,361.38,363.16,360.81,363.1,89.9488,4346424
2024-06-17,363.02,368.15,362.33,366.67,90.8332,3939468
2024-06-18,366.79,367.4528,365.7961,367.33,90.9967,9433996
2024-06-20,368.33,368.898,363.14,364.83,90.3774,3590196
2024-06-21,364.69,365.75,362.83,364.02,90.1767,4695684
2024-06-24,363.08,364.77,360.36,360.46,89.2948,3883044
2024-06-25,361.83,364.71,361.41,364.5,90.2956,3241440
2024-06-26,363.79,366.54,363.79,366.43,90.7737,3145380
2024-06-27,366.24,368.06,365.72,367.23,90.9719,5424428
2024-06-28,367.83,370.4645,364.3,364.51,90.2981,15213312
2024-07-01,365.9,368.33,363.15,367.93,91.1453,5595104
2024-07-02,366.21,370.98,366.21,370.97,91.8984,3860736
2024-07-03,370.52,374.23,370.52,374.18,92.6936,3475376
2024-07-05,374.46,378.37,374.32,378.0,93.6399,5113536
2024-07-08,378.53,378.91,377.48,378.44,93.7489,3732536
2024-07-09,379.71,380.73,377.85,378.95,93.8753,5956916
2024-07-10,380.29,382.82,378.95,382.76,94.8191,3344300
2024-07-11,382.5,382.63,373.49,374.65,92.81,5434160
2024-07-12,374.76,379.85,374.4,376.83,93.3501,6997952
2024-07-15,378.82,381.3,376.2691,377.97,93.6325,5296368
2024-07-16,379.3,379.76,375.35,377.46,93.5061,5482144
2024-07-17,370.9,371.0,366.37,366.77,90.858,6517804
2024-07-18,369.7,369.7,361.26,363.9,90.147,5636492
2024-07-19,363.59,366.15,360.93,361.69,89.5995,8791176
2024-07-22,365.94,368.405,364.19,367.37,91.0066,8186768
2024-07-23,367.66,370.7587,367.36,367.84,91.123,4703928
2024-07-24,362.22,362.45,353.14,353.88,87.6648,4532488
2024-07-25,353.96,357.6477,346.87,350.28,86.773,3766920
2024-07-26,353.19,355.576,351.31,353.21,87.4988,6231064
2024-07-29,355.29,356.92,352.35,353.83,87.6524,4191760
2024-07-30,354.93,355.72,345.91,348.94,86.441,3195068
2024-07-31,356.27,359.59,354.94,358.19,88.7325,5713172
2024-08-01,360.06,363.3499,348.76,351.69,87.1223,4826340
2024-08-02,344.28,346.69,339.73,344.12,85.247,5868284
2024-08-05,323.28,337.565,320.7557,332.02,82.2495,13451412
2024-08-06,334.33,341.66,331.46,336.36,83.3247,8226996
2024-08-07,340.96,343.125,332.43,332.64,82.4031,5014516
2024-08-08,338.53,343.45,335.19,342.58,84.8655,9168800
2024-08-09,342.3,346.48,341.92,345.64,85.6235,4454716
2024-08-12,346.56,348.76,344.57,346.66,85.8762,4373384
2024-08-13,349.42,354.88,349.42,354.6,87.8432,3877852
2024-08-14,355.38,356.9483,352.43,355.71,88.1181,4084632
2024-08-15,359.53,363.42,359.015,363.22,89.9785,3870628
2024-08-16,361.98,364.8,361.31,363.69,90.095,4039076
2024-08-19,363.49,368.24,362.46,368.24,91.2221,4795112
2024-08-20,367.87,369.85,366.48,367.8,91.1131,2848524
2024-08-21,367.84,370.56,366.86,369.34,91.4946,3150684
2024-08-22,371.16,371.63,363.24,363.93,90.1544,2523440
2024-08-23,366.61,369.7,364.43,368.11,91.1899,2869352
2024-08-26,367.88,369.09,363.87,365.7,90.5929,4625312
2024-08-27,364.32,367.189,362.73,366.47,90.7836,2621780
2024-08-28,366.13,366.685,360.24,362.92,89.9042,2876384
2024-08-29,364.03,367.54,360.75,361.76,89.6169,5459336
2024-08-30,363.91,365.86,361.04,365.46,90.5334,6824824
2024-09-03,363.46,363.46,352.91,354.79,87.8902,8491640
2024-09-04,352.27,356.28,351.561,353.78,87.64,5600416
2024-09-05,352.82,357.72,352.34,354.15,87.7317,4593364
2024-09-06,354.8,355.34,345.3,346.12,85.7425,8373888
2024-09-09,349.3,350.91,346.8706,350.38,86.7978,7544740
2024-09-10,351.77,353.89,349.34,353.69,87.6177,3675480
2024-09-11,354.55,361.78,348.81,361.16,89.4682,5429880
2024-09-12,361.74,365.86,360.53,365.17,90.4616,3853796
2024-09-13,365.72,367.8799,365.07,366.88,90.8852,2204444
2024-09-16,364.87,366.0,363.13,365.63,90.5756,9514344
2024-09-17,367.94,369.01,364.29,366.02,90.6722,2855996
2024-09-18,367.48,370.13,364.5,364.76,90.36,4980052
2024-09-19,372.71,374.83,371.41,373.35,92.488,3111348
2024-09-20,373.03,374.24,370.6451,373.03,92.4087,5466688
2024-09-23,373.57,374.245,372.505,373.44,92.5103,5475016
2024-09-24,374.46,375.3299,370.77,374.93,92.8794,4525284
2024-09-25,374.14,376.25,374.12,374.92,93.0152,5776016
2024-09-26,378.96,379.02,373.51,375.61,93.1864,5450244
2024-09-27,376.25,376.25,372.76,373.63,92.6952,4213020
2024-09-30,372.81,375.66,371.345,375.38,93.1294,4618548
2024-10-01,375.24,375.24,367.875,370.24,91.8542,5403908
2024-10-02,369.23,371.57,367.3111,370.52,91.9236,3150976
2024-10-03,369.26,372.53,368.8,370.71,91.9708,5014556
2024-10-04,374.4,375.03,370.99,374.75,92.9731,3169276
2024-10-07,373.37,374.295,370.04,370.69,91.9658,4206760
2024-10-08,373.0,377.05,372.69,376.7,93.4568,4774516
2024-10-09,376.75,379.6,375.87,379.33,94.1093,5015652
2024-10-10,377.62,380.35,376.8302,379.26,94.092,4115100
2024-10-11,378.37,380.77,377.81,380.01,94.278,11097712
2024-10-14,381.7,384.4749,381.7,383.57,95.1612,4692544
2024-10-15,384.38,384.66,378.465,379.91,94.2532,6174136
2024-10-16,379.74,380.73,377.07,380.25,94.3376,4123560
2024-10-17,384.01,384.44,380.63,380.75,94.4616,6306488
2024-10-18,383.2,383.65,382.105,382.82,94.9752,3166268
2024-10-21,381.97,384.31,381.0,384.18,95.3126,4184060
2024-10-22,382.11,385.67,381.41,384.52,95.3969,3550468
2024-10-23,383.03,383.29,376.09,378.66,93.9431,3466812
2024-10-24,380.66,381.6084,378.97,381.24,94.5832,4056332
2024-10-25,382.68,386.245,382.32,382.77,94.9628,5107764
2024-10-28,385.97,386.45,383.37,383.65,95.1811,3300972
2024-10-29,383.67,387.615,382.64,386.85,95.975,6334448
2024-10-30,386.53,388.029,384.175,385.12,95.5458,3850768
2024-10-31,380.97,380.97,373.89,373.96,92.7771,4915724
2024-11-01,375.94,379.659,375.72,376.81,93.4841,3236096
2024-11-04,376.49,377.97,374.605,375.57,93.1765,2904456
2024-11-05,376.59,381.165,376.59,380.8,94.474,5347540
2024-11-06,387.48,390.92,386.02,390.63,96.9128,5547864
2024-11-07,392.94,397.67,392.88,397.32,98.5725,5656144
2024-11-08,397.12,399.53,397.085,398.63,98.8975,6767432
2024-11-11,399.63,399.98,396.51,398.48,98.8603,6465664
2024-11-12,398.56,399.635,396.45,398.79,98.9372,7953752
2024-11-13,398.81,400.85,397.06,398.37,98.833,3819764
2024-11-14,398.44,398.77,395.185,395.8,98.1954,4026216
2024-11-15,392.23,392.29,385.895,387.55,96.1487,9290756
2024-11-18,388.13,390.52,386.655,389.06,96.5233,6334648
2024-11-19,387.09,393.57,387.03,393.4,97.6,2763872
2024-11-20,393.59,393.59,388.028,392.76,97.4412,5877044
2024-11-21,395.28,395.93,388.405,393.72,97.6794,6091812
2024-11-22,393.31,394.79,392.1468,394.12,97.7786,5401088
2024-11-25,396.73,397.99,392.5702,394.31,97.8258,4085308
2024-11-26,396.01,398.35,395.99,397.97,98.7338,3697860
2024-11-27,396.98,397.01,392.94,395.34,98.0813,5035940
2024-11-29,395.91,399.08,395.22,398.38,98.8355,2303112
2024-12-02,399.27,402.58,399.2,401.84,99.6939,7986824
2024-12-03,401.38,404.48,400.8206,404.2,100.2794,10226800
2024-12-04,407.04,410.145,406.67,409.94,101.7035,6780672
2024-12-05,410.2,411.2798,409.34,409.69,101.6414,4051272
2024-12-06,410.37,413.04,410.0,412.78,102.4081,4852236
2024-12-09,412.0,412.56,408.77,410.09,101.7407,6430872
2024-12-10,410.94,413.16,407.85,408.98,101.4653,4297112
2024-12-11,411.7,416.2638,411.7,415.84,103.1672,5140424
2024-12-12,414.4,415.48,413.13,413.27,102.5296,3956072
2024-12-13,415.61,416.955,412.04,414.04,102.7207,3395608
2024-12-16,416.0,419.5263,415.23,418.94,103.9363,14774212
2024-12-17,416.7,418.0772,414.91,417.08,103.5801,5539500
2024-12-18,416.96,418.685,401.91,402.94,100.0685,8217356
2024-12-19,407.52,407.8775,402.78,402.98,100.0784,6791660
2024-12-20,400.52,411.48,399.31,407.33,101.1587,10839816
2024-12-23,408.45,411.67,405.65,411.45,102.1819,5616244
2024-12-24,412.39,416.74,412.27,416.74,103.4956,2407704
2024-12-26,415.62,417.28,413.6142,416.12,103.3417,4703848
2024-12-27,413.53,413.66,406.46,410.09,101.8441,5933064
2024-12-30,404.07,408.1625,402.2557,405.2,100.6297,7175096
2024-12-31,406.29,406.61,400.82,401.58,99.7307,3775960
2025-01-02,403.21,405.71,396.96,400.67,99.5047,5579972
2025-01-03,403.0,407.705,402.6,407.21,101.1289,4747920
2025-01-06,411.52,414.67,410.08,411.96,102.3085,11822428
2025-01-07,413.04,413.38,402.55,403.79,100.2796,5148372
2025-01-08,404.64,405.9,400.97,404.38,100.4261,6525524
2025-01-10,401.69,401.846,395.32,398.15,98.8789,5521972
2025-01-13,392.88,397.005,391.795,396.67,98.5113,8294868
2025-01-14,399.48,399.91,392.9,395.3,98.1711,3698776
2025-01-15,401.21,405.59,400.17,404.9,100.5552,11104004
2025-01-16,406.62,406.62,401.82,402.05,99.8474,13495196
2025-01-17,408.15,408.74,405.2601,406.98,101.0718,7437264
2025-01-21,408.8,410.175,405.61,409.76,101.7622,7384756
2025-01-22,413.54,416.96,413.42,415.61,103.215,2912736
2025-01-23,413.865,417.49,413.74,417.26,103.6248,5822568
2025-01-24,418.28,419.0,414.325,415.49,103.1852,3037416
2025-01-27,400.59,406.55,400.08,403.65,100.2448,12624524
2025-01-28,405.1,413.16,402.7801,412.5,102.4427,8535876
2025-01-29,411.12,411.1975,406.6384,409.56,101.7125,4669652
2025-01-30,410.12,412.55,406.265,410.73,102.0031,9503076
2025-01-31,414.06,416.46,408.39,409.31,101.6504,4453840
2025-02-03,401.27,407.52,399.8015,405.04,100.59,4435308
2025-02-04,405.73,410.31,405.52,410.31,101.8988,8201124
2025-02-05,407.72,410.69,406.56,410.5,101.946,4068452
2025-02-06,411.01,413.14,410.16,412.88,102.537,5736328
2025-02-07,412.9,414.88,407.55,408.11,101.3524,4540712
2025-02-10,410.98,413.32,410.49,412.26,102.383,2955196
2025-02-11,410.07,412.5543,409.475,411.05,102.0826,4037492
2025-02-12,406.63,411.46,406.0287,410.62,101.9758,4615200
2025-02-13,411.07,416.06,410.54,415.76,103.2523,3850396
2025-02-14,415.76,416.91,414.8608,416.37,103.4037,2793972
2025-02-18,417.54,418.04,413.7613,416.33,103.3938,3472784
2025-02-19,415.48,417.1704,413.65,416.48,103.4311,2902348
2025-02-20,415.9,415.9,410.92,414.28,102.8847,3336024
2025-02-21,414.37,414.73,404.57,404.88,100.5503,5096688
2025-02-24,406.39,407.77,400.18,400.74,99.5221,4247628
2025-02-25,400.02,400.49,392.68,396.72,98.5238,11453452
2025-02-26,398.46,402.521,395.94,398.17,98.8839,5216680
2025-02-27,401.09,401.85,387.45,387.6,96.2588,5100592
2025-02-28,387.02,394.87,384.3901,394.6,97.9973,6355072
2025-03-03,395.81,397.16,381.93,384.86,95.5784,10941572
2025-03-04,380.7,388.764,375.93,382.38,94.9625,8834444
2025-03-05,382.79,389.12,379.6117,388.04,96.3681,9796980
2025-03-06,381.03,385.465,375.46,377.24,93.686,9944976
2025-03-07,376.03,380.3,369.931,378.85,94.0858,6144396
2025-03-10,371.78,371.91,360.38,363.88,90.3681,7231216
2025-03-11,362.71,368.29,359.31,362.98,90.1446,12515192
2025-03-12,369.42,370.83,363.43,367.92,91.3714,9624724
2025-03-13,367.2,367.5,358.935,360.07,89.4219,5904392
2025-03-14,364.33,369.725,363.68,369.2,91.6893,4658664
2025-03-17,368.95,372.7996,367.13,370.35,91.9749,4694156
2025-03-18,367.43,367.51,361.79,363.46,90.3604,5476068
2025-03-19,365.34,372.42,364.2,369.04,91.7476,24194764
2025-03-20,366.04,372.6487,365.8,368.2,91.5388,3998540
2025-03-21,364.61,370.52,363.645,369.9,91.9614,7872072
2025-03-24,375.53,379.01,374.92,377.95,93.9627,5268840
2025-03-25,379.08,380.5188,378.07,380.26,94.537,3791716
2025-03-26,379.03,379.24,370.72,372.04,92.4934,4765208
2025-03-27,370.24,373.7346,368.73,370.07,92.0037,4502404
2025-03-28,368.34,369.56,359.7401,360.54,89.6344,9992632
2025-03-31,354.49,361.75,351.03,361.09,89.7711,8335412
2025-04-01,359.44,365.0804,357.86,363.88,90.4648,5533296
2025-04-02,358.71,369.58,358.44,366.86,91.2056,4794464
2025-04-03,350.04,352.81,345.86,346.45,86.1315,10441708
2025-04-04,335.59,337.93,325.66,325.67,80.9653,19453872
2025-04-07,312.55,340.237,308.67,326.03,81.0548,20974136
2025-04-08,338.98,342.02,315.57,320.42,79.6601,19254984
2025-04-09,320.13,359.73,319.28,357.66,88.9184,13245488
2025-04-10,348.3,349.99,332.95,343.86,85.4876,13158720
2025-04-11,342.37,351.365,340.345,350.02,87.019,16246864
2025-04-14,358.6,358.92,349.0,352.21,87.5635,7763256
2025-04-15,352.57,355.5486,350.9,352.21,87.5635,4480356
2025-04-16,345.06,347.93,336.77,341.66,84.9406,13722828
2025-04-17,344.54,345.0,339.855,341.62,84.9307,7260996
2025-04-21,336.93,337.575,328.33,332.54,82.6733,18363880
2025-04-22,336.57,343.7336,335.6,341.3,84.8511,4745280
2025-04-23,353.06,356.48,348.1904,349.51,86.8922,6420932
2025-04-24,351.08,359.78,350.565,359.37,89.3435,5779840
2025-04-25,360.2,365.4191,359.0519,364.78,90.6885,7306136
2025-04-28,365.5,366.47,359.84,364.48,90.6139,4279528
2025-04-29,362.67,367.62,362.655,366.72,91.1708,3802940
2025-04-30,360.19,368.03,356.975,366.79,91.1882,5766704
2025-05-01,373.59,376.2782,371.25,371.62,92.389,4359112
2025-05-02,375.44,378.645,374.18,376.93,93.7091,3586772
2025-05-05,373.79,377.19,373.79,374.72,93.1597,6578824
2025-05-06,370.35,374.3,369.4056,371.23,92.2921,3970700
2025-05-07,371.72,374.25,367.58,372.49,92.6053,5874936
2025-05-08,376.0,378.9,372.39,375.46,93.3437,8548220
2025-05-09,376.57,377.94,373.58,374.75,93.1672,6707004
2025-05-12,389.23,390.91,385.44,390.74,97.1425,9508472
2025-05-13,392.23,398.09,391.25,396.67,98.6167,4998096
2025-05-14,398.01,400.4,397.52,399.62,99.3501,4009976
2025-05-15,397.69,401.0,396.19,399.23,99.2532,5361332
2025-05-16,400.89,401.525,397.865,401.35,99.7802,3588000
2025-05-19,396.06,401.9299,396.06,401.68,99.8623,6322344
2025-05-20,399.79,400.4602,396.94,399.47,99.3129,3512796
2025-05-21,396.68,401.14,392.21,393.54,97.8386,3611152
2025-05-22,393.65,397.47,392.87,394.49,98.0748,5812328
2025-05-23,388.3,392.96,388.3,390.6,97.1077,5836212
2025-05-27,396.08,400.35,395.35,400.09,99.467,6501132
2025-05-28,400.68,402.09,397.93,398.34,99.0319,5730628
2025-05-29,404.24,404.5299,397.86,399.77,99.3874,3653892
2025-05-30,399.16,400.55,393.89,399.43,99.3029,7394784
2025-06-02,397.64,402.19,396.58,401.95,99.9294,5621560
2025-06-03,402.46,405.91,401.7,404.8,100.638,5511652
2025-06-04,405.57,406.95,404.585,406.05,100.9487,5358348
2025-06-05,407.46,409.39,401.82,403.56,100.3297,6135476
2025-06-06,407.59,409.14,406.185,407.57,101.3266,3964756
2025-06-09,408.09,409.055,406.92,407.89,101.4062,3886648
2025-06-10,408.41,410.91,406.65,410.5,102.055,3060280
2025-06-11,411.72,412.745,407.68,409.17,101.7244,4364464
2025-06-12,408.48,411.44,408.375,410.77,102.1222,3601376
2025-06-13,406.36,409.225,404.485,405.57,100.8294,3808612
2025-06-16,407.56,411.29,407.56,410.17,102.0722,8041448
2025-06-17,408.1,409.555,405.93,406.54,101.1689,3586288
2025-06-18,407.22,409.13,404.97,405.99,101.032,2627660
2025-06-20,408.45,408.71,402.59,403.17,100.3303,4213256
2025-06-23,403.74,408.4,401.881,408.09,101.5546,4542492
2025-06-24,412.03,414.6699,411.25,414.0,103.0254,4629564
2025-06-25,415.66,416.92,414.3546,415.44,103.3837,2393460
2025-06-26,417.1,419.8,415.72,419.32,104.3493,3960240
2025-06-27,420.53,422.6,418.26,421.7,104.9415,5472888
2025-06-30,424.13,425.68,422.315,424.58,105.6582,5042472
2025-07-01,422.9,423.98,418.54,420.11,104.5459,8193632
2025-07-02,419.96,423.77,419.7,423.52,105.3944,4240704
2025-07-03,425.7,428.83,425.415,428.27,106.5765,2270724
2025-07-07,426.1,427.3581,423.17,425.26,105.8274,5046004
2025-07-08,426.23,426.5,423.97,424.93,105.7453,3488596
2025-07-09,426.58,429.51,426.555,428.83,106.7159,3280204
2025-07-10,429.5,429.765,426.26,428.72,106.6885,3185976
2025-07-11,427.04,428.969,426.28,427.57,106.4023,2577056
2025-07-14,427.48,429.62,425.83,428.91,106.7358,3028560
2025-07-15,432.59,432.76,429.88,429.88,106.9772,4760432
2025-07-16,430.82,431.89,426.99,431.38,107.3504,4848324
2025-07-17,431.99,434.9,431.5186,434.45,108.1144,5676844
2025-07-18,435.84,435.84,433.19,434.26,108.0671,5494604
2025-07-21,434.96,437.39,434.73,435.4,108.3508,5049060
2025-07-22,435.72,435.72,430.1501,432.64,107.664,4058988
2025-07-23,434.75,436.59,432.845,436.59,108.647,4284028
2025-07-24,437.84,438.84,436.31,437.85,108.9605,4140088
2025-07-25,438.59,440.9,438.15,439.88,109.4657,4153536
2025-07-28,440.87,441.88,440.16,441.41,109.8464,2226764
2025-07-29,442.68,443.5399,438.845,439.12,109.2766,3533904
2025-07-30,440.16,441.8,437.56,440.22,109.5503,3380256
2025-07-31,448.79,448.79,439.75,440.41,109.5976,6872988
2025-08-01,435.58,435.8,430.1,431.91,107.4823,4252932
2025-08-04,436.0,440.68,435.71,440.38,109.5901,3581616
2025-08-05,440.96,441.721,436.43,436.92,108.7291,3291752
2025-08-06,437.76,443.12,437.595,442.94,110.2272,5508316
2025-08-07,445.28,446.32,438.86,442.29,110.0654,4157652
2025-08-08,443.58,446.52,443.2,445.93,110.9713,3663864
2025-08-11,445.61,448.31,444.15,445.11,110.7672,4063048
2025-08-12,447.21,450.38,444.74,450.3,112.0587,2771236
2025-08-13,452.04,452.81,448.5,449.89,111.9567,2911404
2025-08-14,448.68,451.6899,448.54,450.43,112.0911,2380912
2025-08-15,451.18,451.18,447.85,449.01,111.7377,3232180
2025-08-18,448.57,449.6432,447.56,449.16,111.775,3269188
2025-08-19,449.03,449.03,441.93,442.93,110.2247,2964592
2025-08-20,442.06,442.06,434.58,440.31,109.5727,4019720
2025-08-21,438.98,440.965,436.951,438.43,109.1048,2282484
2025-08-22,439.01,446.86,438.19,445.26,110.8045,4280832
2025-08-25,444.48,447.03,443.6545,444.54,110.6253,3249408
2025-08-26,444.32,447.3,443.34,447.14,111.2724,2836032
2025-08-27,446.85,448.7571,445.685,448.05,111.4988,5682744
2025-08-28,448.41,451.64,447.05,450.94,112.218,2636284
2025-08-29,449.44,449.58,444.201,445.59,110.8866,2398152
2025-09-02,438.32,442.065,436.879,441.69,109.9161,3876856
2025-09-03,445.11,447.1711,443.41,446.12,111.0185,3698820
2025-09-04,446.82,450.16,445.51,450.07,112.0015,5455732
2025-09-05,453.62,454.18,445.64,449.29,111.8074,4139552
2025-09-08,451.49,453.469,451.41,451.83,112.4395,3195080
2025-09-09,452.68,453.41,450.18,453.27,112.7978,2167532
2025-09-10,457.93,458.6406,454.67,456.24,113.5369,2810372
2025-09-11,458.55,459.41,456.62,458.64,114.1342,3736112
2025-09-12,459.08,461.225,458.25,460.14,114.5075,2629564
2025-09-15,462.35,464.62,462.235,464.56,115.6074,8683492
2025-09-16,464.91,465.05,463.0,463.36,115.4159,3153232
2025-09-17,463.02,463.6,457.215,461.51,114.955,3992556
2025-09-18,464.59,466.33,462.715,464.13,115.6077,2697100
2025-09-19,466.5,469.0,465.385,468.65,116.7335,4767336
2025-09-22,467.9,473.01,467.67,472.68,117.7373,3668304
2025-09-23,472.35,472.44,466.76,467.74,116.5068,11168652
2025-09-24,469.32,469.32,463.52,465.22,115.8792,4156212
2025-09-25,461.83,464.13,459.21,462.87,115.2938,3250672
2025-09-26,463.94,464.94,460.885,464.84,115.7845,4706552
2025-09-29,466.71,468.79,465.32,466.56,116.2129,11215100
2025-09-30,466.2,468.81,464.43,468.41,116.6737,5291828
2025-10-01,465.98,471.9599,465.51,471.18,117.3637,4636876
2025-10-02,473.82,473.82,470.055,471.72,117.4982,5200720
2025-10-03,472.18,472.86,468.34,469.94,117.0548,3223328
2025-10-06,471.8,473.84,470.55,472.9,117.7921,4589084
2025-10-07,473.39,473.76,468.58,470.26,117.1345,4081848
2025-10-08,471.38,474.99,471.37,474.96,118.3052,3691392
2025-10-09,475.35,475.51,472.54,474.6,118.2156,3861868
2025-10-10,475.48,476.7442,459.3,459.47,114.4469,4638288
2025-10-13,466.98,469.6352,465.4,468.58,116.7161,2552488
2025-10-14,463.48,468.285,459.025,465.07,115.8418,4731020
2025-10-15,469.68,471.405,462.77,467.03,116.33,3728540
2025-10-16,468.82,470.81,461.63,464.77,115.7671,11365168
2025-10-17,462.68,468.33,461.535,467.12,116.3524,12370380
2025-10-20,469.75,473.55,469.66,472.67,117.7348,8666744
2025-10-21,472.71,473.56,471.1232,472.55,117.7049,3116676
2025-10-22,473.28,473.3,464.66,468.75,116.7584,4784324
2025-10-23,468.98,473.71,468.75,472.93,117.7996,2920000
2025-10-24,476.3,478.4,475.925,477.19,118.8607,2633448
2025-10-27,482.88,485.54,482.22,485.02,120.811,2807568
2025-10-28,487.88,490.94,486.11,489.51,121.9294,4080784
2025-10-29,492.26,493.0,487.7401,491.71,122.4774,13633964
2025-10-30,488.11,488.99,483.961,484.2,120.6068,8625260
2025-10-31,490.26,490.32,483.77,485.58,120.9505,5321636
2025-11-03,489.56,490.21,486.29,487.96,121.5433,5957096
2025-11-04,481.175,484.24,478.81,479.4,119.4112,4736640
2025-11-05,478.79,483.42,477.62,479.97,119.5532,2673856
2025-11-06,479.28,479.33,470.93,472.17,117.6103,4959000
2025-11-07,469.71,471.43,462.94,471.43,117.426,5054564
2025-11-10,477.82,482.5555,476.9,481.85,120.0214,3954812
2025-11-11,479.53,481.8123,477.5,480.94,119.7948,2753388
2025-11-12,483.4,483.4,477.27,480.08,119.5806,2984552
2025-11-13,477.46,477.59,468.4,469.92,117.0499,4482512
2025-11-14,463.35,474.34,461.72,470.93,117.3014,5884888
2025-11-17,468.17,472.76,463.535,466.49,116.1955,6318904
2025-11-18,463.12,465.335,457.0,460.86,114.7931,10179532
2025-11-19,461.52,468.27,460.52,464.27,115.6425,5551564
2025-11-20,473.56,475.67,454.24,454.95,113.3211,7145908
2025-11-21,456.12,462.73,450.82,457.6,113.9811,7463524
2025-11-24,460.95,468.58,460.8301,467.73,116.5044,11581924
2025-11-25,466.22,471.92,461.75,471.02,117.3238,9105440
2025-11-26,474.22,476.13,472.18,474.6,118.2156,3736344
2025-11-28,475.19,476.65,474.32,476.45,118.6764,4594880
2025-12-01,472.6,476.51,471.61,474.84,118.2753,9299480
2025-12-02,476.94,479.6,475.23,476.93,118.7959,7953988
2025-12-03,475.03,477.77,473.4715,476.48,118.6838,14146104
2025-12-04,478.55,478.55,474.79,477.43,118.9205,6608756
2025-12-05,478.62,480.75,477.26,478.8,119.2617,11917744
2025-12-08,479.72,480.7363,476.4905,478.53,119.1945,6397372
2025-12-09,477.61,479.4,476.71,478.49,119.1845,4238120
2025-12-10,477.65,480.57,475.36,479.27,119.3788,7363468
2025-12-11,476.36,479.42,472.57,479.0,119.3115,9346620
2025-12-12,477.07,478.052,469.12,471.36,117.4085,7848856
2025-12-15,474.34,474.54,468.14,469.22,116.8755,6327496
2025-12-16,467.24,470.8581,465.795,469.79,117.1358,6202788
2025-12-17,470.19,470.39,461.18,461.36,115.0339,7340608
2025-12-18,466.94,470.03,465.0805,467.26,116.505,6289248
2025-12-19,469.82,473.6,469.445,473.5,118.0609,8440744
2025-12-22,476.63,476.8952,474.78,476.31,118.7615,9409952
2025-12-23,475.41,479.395,475.41,479.3,119.507,5716988
2025-12-24,479.02,480.78,478.7592,480.47,119.7988,3011016
2025-12-26,480.82,481.95,479.919,480.33,119.7639,5271508
2025-12-29,477.45,479.01,476.47,477.94,119.1679,9019656
2025-12-30,477.38,478.59,476.71,476.95,118.9211,5311332
2025-12-31,477.49,477.605,473.1,473.3,118.011,3923844
2026-01-02,476.62,478.59,469.33,471.76,117.627,11745896
2026-01-05,474.83,475.595,472.91,473.57,118.0783,20427548
2026-01-06,474.2,476.13,472.42,475.73,118.6169,9210704
2026-01-07,476.13,480.305,475.26,476.95,118.9211,5214912
2026-01-08,476.21,476.23,471.45,473.28,118.006,6511480
2026-01-09,473.82,477.13,472.01,476.18,118.7291,7256980
2026-01-12,473.57,478.7025,473.3,477.25,118.9959,8437112
2026-01-13,477.08,477.91,473.52,475.81,118.6369,5617404
2026-01-14,473.04,473.32,466.42,470.14,117.2231,10350772
2026-01-15,474.45,474.45,469.88,470.67,117.3553,9949500
2026-01-16,472.59,473.25,469.29,470.58,117.3328,10158424
2026-01-20,462.06,464.4,457.87,458.66,114.3607,13180144
2026-01-21,459.59,465.77,457.08,462.42,115.2982,8130836
2026-01-22,466.76,467.27,464.23,465.98,116.1859,6309752
2026-01-23,466.26,469.96,464.95,468.26,116.7544,9879676
2026-01-26,469.09,472.61,468.325,471.18,117.4824,8655484
2026-01-27,473.68,475.7,472.53,474.45,118.2978,5624060
2026-01-28,475.77,475.9653,471.51,473.29,118.0085,6451228
2026-01-29,472.18,472.36,461.08,469.44,117.0486,12693060
2026-01-30,467.49,469.15,463.84,465.95,116.1784,9924312
2026-02-02,464.28,469.33,464.26,467.48,116.5599,7081648
2026-02-03,468.52,468.52,455.31,459.18,114.4904,15860320
2026-02-04,459.31,459.31,449.4,453.94,113.1839,20843128
2026-02-05,449.87,452.38,444.92,446.11,111.2316,15172184
2026-02-06,449.38,457.85,448.27,456.84,113.9069,9540200
2026-02-09,456.32,462.67,455.145,460.98,114.9392,17073568
2026-02-10,462.8,463.66,459.1,459.52,114.5752,14033920
2026-02-11,463.14,463.3,455.73,457.92,114.1762,8029512
2026-02-12,459.41,459.78,448.065,448.96,111.9422,8635436
2026-02-13,449.72,451.51,445.87,447.17,111.4959,12315296
2026-02-17,445.82,451.47,442.82,449.35,112.0394,13222736
2026-02-18,450.46,454.82,449.205,452.17,112.7425,12607332
2026-02-19,450.13,452.2025,448.38,450.74,112.386,14056940
2026-02-20,448.58,455.49,448.13,453.86,113.1639,20832620
2026-02-23,453.02,453.85,446.21,447.99,111.7003,10466408
2026-02-24,447.08,453.05,445.49,452.66,112.8647,11855976
2026-02-25,454.85,458.86,454.59,458.5,114.3208,15911456
2026-02-26,458.27,458.27,449.76,454.15,113.2362,38049496
2026-02-27,448.38,451.31,447.32,450.19,112.2489,19139696
2026-03-02,444.06,453.1,443.57,451.47,112.568,23639596
2026-03-03,443.87,450.205,440.49,448.66,111.8674,28865548
2026-03-04,449.8,454.85,449.13,453.06,112.9644,12212772
2026-03-05,451.78,455.05,448.05,453.02,112.9545,18459432
2026-03-06,447.14,450.91,445.6,447.06,111.4684,12415724
2026-03-09,442.4,453.47,440.9,452.44,112.8099,20554668
2026-03-10,452.29,455.29,449.49,451.37,112.5431,16181756
2026-03-11,452.57,455.24,449.08,451.32,112.5306,11347660
2026-03-12,448.26,448.67,443.17,443.3,110.5309,29891432
2026-03-13,444.77,447.18,437.705,438.29,109.2817,17388744
2026-03-16,442.69,446.25,441.82,443.56,110.5957,16480644
2026-03-17,444.86,447.08,442.94,443.71,110.7305,8615068
2026-03-18,442.065,443.3799,436.9,437.04,109.066,7438740
2026-03-19,433.73,437.45,431.8,435.42,108.6617,14608884
2026-03-20,434.08,434.08,424.99,427.44,106.6703,21470980
2026-03-23,434.74,438.83,432.71,434.02,108.3123,10711836
2026-03-24,431.18,432.31,428.47,429.42,107.1644,8330828
2026-03-25,434.0,436.22,431.07,432.2,107.8581,10512660
2026-03-26,428.63,430.51,422.14,422.35,105.4,9159104
2026-03-27,419.96,419.98,411.97,412.81,103.0193,17866432
2026-03-30,416.24,416.66,408.92,410.91,102.5451,13365864
2026-03-31,416.06,427.46,416.06,426.4,106.4107,15116620
2026-04-01,429.83,432.94,427.83,430.11,107.3366,16531660
2026-04-02,423.34,431.38,421.17,430.04,107.3191,10022204
2026-04-06,430.3,432.89,429.14,431.74,107.7434,7706256
2026-04-07,430.21,432.25,424.04,431.97,107.8008,5686312
2026-04-08,447.31,448.0638,441.23,443.15,110.5908,5313324
2026-04-09,442.98,445.96,439.93,445.21,111.1049,4553276
2026-04-10,446.35,448.4,445.25,446.26,111.3669,4388412
2026-04-13,445.15,452.53,444.44,452.42,112.9042,17234568
2026-04-14,455.12,460.82,455.02,460.57,114.9381,3848512
2026-04-15,462.47,469.17,461.9574,468.91,117.0194,5249288
2026-04-16,470.44,470.995,466.55,469.23,117.0992,5487964
2026-04-17,473.78,477.815,473.25,476.41,118.891,5266940
2026-04-20,475.12,475.66,471.45,474.73,118.4718,4903956
2026-04-21,475.56,476.76,470.2701,471.26,117.6058,5859900
2026-04-22,474.95,479.0,474.0325,478.87,119.5049,3416392
2026-04-23,476.25,477.21,468.22,473.05,118.0525,5566720
2026-04-24,474.5,479.6,473.26,479.14,119.5723,4424672
2026-04-27,477.16,480.31,476.26,479.94,119.772,4235108
2026-04-28,475.52,477.2899,473.6,476.29,118.8611,4185772
2026-04-29,118.79,118.935,118.14,118.8,118.5891,5237804
2026-04-30,119.22,119.58,117.7,119.27,119.0582,5306353
2026-05-01,120.14,120.88,120.01,120.05,119.8368,7013903
2026-05-04,120.11,120.44,118.98,119.82,119.6072,6947790
2026-05-05,120.47,120.64,120.0,120.41,120.1962,6411201
2026-05-06,121.14,122.55,120.86,122.44,122.2226,3804634
2026-05-07,123.09,123.78,122.41,122.74,122.5221,5754342
2026-05-08,123.03,123.68,122.92,123.54,123.3206,6329492
2026-05-11,122.75,124.025,122.65,123.52,123.3007,5720799
2026-05-12,123.21,123.5,122.14,123.35,123.131,4686092
2026-05-13,123.28,124.69,122.6,124.31,124.0893,5483354
2026-05-14,124.57,126.045,124.46,125.89,125.6665,3823725
2026-05-15,124.82,125.525,123.83,124.37,124.1492,7496661
2026-05-18,124.52,124.76,123.11,124.1,123.8797,6980513
2026-05-19,123.46,123.97,122.695,123.07,122.8515,4730778
2026-05-20,123.25,124.69,123.0,124.66,124.4387,4490724
2026-05-21,124.12,125.245,123.68,124.68,124.4586,5188920
2026-05-22,125.26,125.855,124.82,125.0,124.7781,2546401
2026-05-26,125.655,126.14,125.27,125.66,125.4369,2987672
2026-05-27,125.5,125.885,125.3034,125.71,125.4868,3054988
2026-05-28,125.69,127.195,125.56,127.12,126.8943,3305298
2026-05-29,127.31,128.15,127.21,127.85,127.623,3550216
2026-06-01,128.06,129.14,127.85,128.77,128.5414,4027747
2026-06-02,128.46,128.685,127.86,128.29,128.0622,4139565
2026-06-03,128.0,128.03,126.3,126.63,126.4052,4000289
2026-06-04,125.83,127.1,125.61,126.83,126.6048,4092584
2026-06-05,126.01,126.11,122.33,122.69,122.4722,7721419
2026-06-08,123.785,124.1254,122.77,122.98,122.7616,7425888
2026-06-09,123.54,124.3,119.17,122.02,121.8033,6288034
2026-06-10,121.02,121.98,119.59,119.69,119.4775,7007318
2026-06-11,119.97,121.885,118.98,121.57,121.3541,5168684
2026-06-12,122.07,122.125,120.49,121.61,121.3941,5294325
2026-06-15,123.6,124.75,123.37,124.36,124.2483,3691708
2026-06-16,124.05,124.15,123.26,123.35,123.2392,3796830
2026-06-17,123.44,123.716,121.265,121.6,121.4908,12892220
2026-06-18,122.99,123.49,122.04,123.19,123.0793,2863804
2026-06-22,123.0,123.59,121.6,121.76,121.6506,6305638
2026-06-23,120.09,121.035,119.77,119.81,119.7024,4806033
2026-06-24,119.95,121.21,119.39,119.67,119.5625,5287070
2026-06-25,119.74,119.8688,117.64,118.1,117.9939,6132481
2026-06-26,117.54,119.62,117.33,119.04,118.9331,11428470
2026-06-29,120.3,122.075,119.025,121.98,121.8704,8012063
2026-06-30,122.18,124.43,122.03,124.17,124.0585,5232746
2026-07-01,123.3,123.99,122.55,123.02,122.9095,12806140
2026-07-02,123.02,123.81,120.1855,121.16,121.0512,3864950
2026-07-06,122.325,123.31,122.02,123.0,122.8895,3395468
2026-07-07,121.72,121.94,120.23,121.35,121.241,3283011
2026-07-08,120.46,121.92,119.94,121.8,121.6906,3798361
2026-07-09,122.65,123.515,121.81,123.3,123.1892,3531408
2026-07-10,123.09,124.0,122.34,123.95,123.8387,2580612
2026-07-13,122.685,122.999,121.35,121.59,121.4808,4144122
2026-07-14,122.76,123.495,122.0,123.23,123.1193,3933460
2026-07-15,123.8,123.95,122.08,123.58,123.469,5034142
2026-07-16,122.53,122.72,120.61,121.2,121.0911,6317354
2026-07-17,118.565,120.5299,117.61,119.38,119.2728,8338497
2026-07-20,120.49,121.18,119.385,119.47,119.3627,12912400
2026-07-21,121.0,121.48,120.38,121.33,121.221,3518517
2026-07-22,120.45,121.69,120.38,120.92,120.8114,4898962
2026-07-23,118.8,119.57,117.78,118.59,118.4835,3411853
2026-07-24,118.38,119.08,117.2328,117.65,117.5443,3986065
2026-07-27,119.01,119.0681,116.1,117.13,117.0248,3759513
2026-07-28,116.08,116.93,114.72,116.48,116.3754,3014929
2026-07-29,116.12,117.05,113.965,114.05,113.9475,3707926
2026-07-30,115.96,117.51,115.64,117.43,117.3245,4059302
2026-07-31,118.39,118.93,116.38,118.32,118.2137,4422623
2026-08-03,118.29,121.255,118.14,120.87,120.7614,3931193
2026-08-04,122.21,124.805,122.21,124.3,124.1883,3146262
2026-08-05,125.21,125.835,123.82,123.89,123.7787,2760353
2026-08-06,123.35,124.49,123.05,123.5,123.3891,3474449
2026-08-07,124.6,124.8714,123.81,124.6,124.4881,1692613
2026-08-10,124.61,124.95,123.9486,124.17,124.0585,3828686
2026-08-11,124.82,124.8202,123.29,123.6,123.489,3318988
2026-08-12,125.07,125.11,124.335,124.42,124.3082,3279242
2026-08-13,124.86,126.06,124.71,125.66,125.5471,2359435
2026-08-14,125.92,125.9855,124.99,125.29,125.1774,2217216
2026-08-17,125.57,125.7901,125.01,125.08,124.9676,3606177
2026-08-18,123.31,123.81,122.8,123.07,122.9594,2735916
2026-08-19,123.39,123.525,122.1,122.67,122.5598,2474611
2026-08-20,122.3,122.65,121.53,121.82,121.7106,3633290
2026-08-21,122.59,122.775,121.785,122.39,122.2801,4555355
2026-08-24,121.82,122.0095,120.69,121.04,120.9313,3859892
2026-08-25,122.02,122.45,121.35,121.83,121.7206,3068585
2026-08-26,121.64,122.09,121.245,121.75,121.6406,2498134
2026-08-27,123.27,124.085,122.87,123.89,123.7787,3814836
2026-08-28,123.9,124.41,122.58,122.75,122.6397,3207858
2026-08-31,122.53,122.87,122.05,122.71,122.5998,4714474
2026-09-01,121.28,122.025,120.74,121.21,121.1011,4121741
2026-09-02,121.26,122.09,120.99,121.81,121.7006,3445278
2026-09-03,122.37,123.725,122.19,123.43,123.3191,3511121
2026-09-04,123.65,124.015,123.045,123.41,123.2991,3149055
2026-09-08,123.67,123.7599,122.84,123.02,122.9095,3068736
2026-09-09,122.75,122.9,122.175,122.46,122.35,2061211
2026-09-10,121.22,121.8,120.96,121.32,121.211,3683854
2026-09-11,122.51,122.92,122.23,122.27,122.1602,2493978
2026-09-14,120.54,121.79,120.175,121.26,121.1511,4008077
2026-09-15,121.17,121.25,120.26,120.45,120.45,7252752
2026-09-16,121.19,121.81,119.725,120.54,120.54,3038976
2026-09-17,122.6,122.72,122.13,122.53,122.53,6216948
2026-09-18,123.03,123.34,122.3122,123.25,123.25,6004608
