date,open,high,low,close,adjusted_close,volume
2000-05-26,91.0625,91.4375,90.5625,91.4375,32.5076,76800
2000-05-30,92.75,94.8125,92.75,94.8125,33.7075,57600
2000-05-31,95.125,96.375,95.125,95.1563,33.8297,36000
2000-06-01,97.1094,97.3125,97.1094,97.3125,34.5963,7000
2000-06-02,101.7188,102.375,101.7188,102.375,36.3961,29400
2000-06-05,102.125,103.125,101.875,102.0,36.2628,48400
2000-06-06,103.6094,104.8125,102.6875,103.0,36.6183,151800
2000-06-07,102.375,103.125,101.4375,103.125,36.6627,131000
2000-06-08,104.25,104.25,102.875,102.875,36.5739,91400
2000-06-09,103.875,104.6875,103.8125,104.6875,37.2182,41600
2000-06-12,105.0,105.0,101.5,101.5781,36.1128,85200
2000-06-13,101.3281,102.875,100.375,102.875,36.5739,168200
2000-06-14,103.7188,103.7188,102.375,102.375,36.3961,43200
2000-06-15,101.75,102.5,100.7656,102.5,36.4405,26800
2000-06-16,102.9375,103.0,101.9375,101.9375,36.2406,30200
2000-06-19,102.5,104.5,102.0312,104.5,37.1516,59200
2000-06-20,104.6562,105.3438,104.25,105.1875,37.396,47000
2000-06-21,104.25,105.875,104.25,105.6875,37.5952,66800
2000-06-22,106.0,106.0,102.6875,102.6875,36.528,139200
2000-06-23,103.5,103.5,101.0,101.8125,36.2168,235800
2000-06-26,102.2188,103.0625,101.75,103.0625,36.6614,93600
2000-06-27,103.2188,104.125,101.4375,101.4375,36.0834,112800
2000-06-28,101.875,104.375,101.875,104.0,36.9949,170600
2000-06-29,103.5,103.6875,102.0625,102.375,36.4169,212200
2000-06-30,102.4375,103.3594,101.5938,103.3594,36.7671,1171800
2000-07-03,103.125,104.8125,103.0,104.8125,37.2839,15800
2000-07-05,104.2188,104.25,103.2656,103.625,36.8615,138800
2000-07-06,103.6562,104.8438,102.6875,104.8438,37.2951,154600
2000-07-07,104.8594,105.9062,104.8594,105.5,37.5285,71800
2000-07-10,105.4375,106.5625,105.4375,106.1875,37.7731,44800
2000-07-11,106.0,106.5938,105.6875,106.0625,37.7286,253200
2000-07-12,106.625,108.1875,106.5,108.1875,38.4845,35000
2000-07-13,108.2812,108.5312,108.0,108.5312,38.6068,102600
2000-07-14,109.0938,109.0938,107.75,108.625,38.6401,54800
2000-07-17,108.7188,109.1875,108.4375,109.0,38.7735,46600
2000-07-18,108.2812,108.2812,107.125,107.125,38.1066,235400
2000-07-19,106.7812,106.7812,105.25,105.25,37.4396,35400
2000-07-20,106.25,107.0,106.25,107.0,38.0621,150400
2000-07-21,106.375,106.375,104.0625,104.0625,37.0172,150600
2000-07-24,104.625,104.625,102.3281,102.5469,36.478,37000
2000-07-25,103.3594,103.3594,102.125,102.75,36.5503,36800
2000-07-26,102.0,102.5625,100.9375,102.5625,36.4836,15800
2000-07-27,102.3594,102.3594,99.75,99.75,35.4831,275000
2000-07-28,100.3281,100.3281,97.75,98.0,34.8606,171600
2000-07-31,98.5,100.5,97.37,100.5,35.7499,166000
2000-08-01,99.75,100.125,99.2813,99.8438,35.5165,263400
2000-08-02,99.25,100.5625,99.0,100.0,35.572,388600
2000-08-03,98.0625,100.125,98.0625,100.125,35.6165,1079800
2000-08-04,101.125,101.1562,99.8438,100.4375,35.7277,570400
2000-08-07,100.8125,102.2969,100.8125,102.2969,36.3891,88200
2000-08-08,102.0,102.3125,101.8125,101.8125,36.2168,49600
2000-08-09,102.5625,102.5625,101.0781,101.0781,35.9555,23000
2000-08-10,101.0938,101.1875,100.1875,100.5,35.7499,43000
2000-08-11,99.5,102.25,99.5,102.25,36.3724,176000
2000-08-14,101.9375,103.3125,101.875,103.3125,36.7504,56800
2000-08-15,103.0938,103.25,101.8125,101.8125,36.2168,189200
2000-08-16,102.25,103.0625,101.875,102.3125,36.3946,219400
2000-08-17,102.6875,103.6875,102.4375,103.25,36.7281,358800
2000-08-18,103.625,103.875,102.875,103.0938,36.6726,52200
2000-08-21,103.75,103.8438,102.8125,103.4688,36.806,129200
2000-08-22,103.5312,104.1875,103.3125,103.3125,36.7504,195600
2000-08-23,103.1875,103.5,102.75,103.1562,36.6948,153000
2000-08-24,103.7188,105.25,103.7188,104.6875,37.2395,276200
2000-08-25,104.75,105.375,104.4375,105.125,37.3951,208600
2000-08-28,105.625,106.25,105.125,105.3125,37.4618,156000
2000-08-29,105.5625,106.3125,105.25,106.3125,37.8175,140200
2000-08-30,106.2188,106.8125,105.8438,106.4375,37.862,619000
2000-08-31,106.8125,108.3125,106.8125,107.5,38.2399,151200
2000-09-01,108.0,108.5625,107.4844,108.375,38.5512,186600
2000-09-05,108.2344,108.5625,107.625,107.625,38.2844,110400
2000-09-06,108.125,108.125,107.0,107.1562,38.1177,217600
2000-09-07,107.625,108.8125,107.625,108.75,38.6846,213800
2000-09-08,108.2031,108.4375,106.875,106.875,38.0176,128600
2000-09-11,107.4219,107.8281,106.625,107.0,38.0621,314600
2000-09-12,107.625,107.625,106.5,106.6562,37.9398,93000
2000-09-13,106.1875,107.375,106.1875,107.1875,38.1288,81200
2000-09-14,107.6562,108.2188,107.1719,107.8125,38.3511,114000
2000-09-15,107.25,107.375,105.625,105.8125,37.6397,67000
2000-09-18,106.2812,106.2812,103.0156,103.3125,36.7504,201400
2000-09-19,103.9688,105.375,103.2656,105.0,37.3506,53600
2000-09-20,104.625,104.625,103.25,103.8125,37.0539,40400
2000-09-21,104.0,104.0,101.875,101.875,36.3623,206200
2000-09-22,100.0,103.1875,100.0,103.1875,36.8308,127600
2000-09-25,104.3594,104.3594,103.25,103.3125,36.8754,113800
2000-09-26,103.25,103.25,101.3125,101.8438,36.3512,64800
2000-09-27,102.3125,102.8125,101.0,101.375,36.1838,43600
2000-09-28,101.625,104.3125,101.5625,104.125,37.1654,121000
2000-09-29,104.0312,104.3906,103.625,103.625,36.9869,130000
2000-10-02,104.4062,104.4062,101.9375,101.9375,36.3846,169600
2000-10-03,103.1719,103.1719,100.4531,100.4531,35.8548,151000
2000-10-04,100.9062,101.1562,99.625,101.1562,36.1057,99800
2000-10-05,101.25,101.625,100.0625,100.125,35.7377,408800
2000-10-06,100.3125,100.3125,97.5625,97.6875,34.8677,185600
2000-10-09,97.75,97.75,96.625,97.4688,34.7896,361800
2000-10-10,97.5938,98.1094,95.125,95.125,33.953,420400
2000-10-11,95.4375,95.625,94.0,94.8125,33.8415,168200
2000-10-12,95.6875,95.6875,91.9375,91.9375,32.8153,161400
2000-10-13,92.1875,96.2813,92.125,95.5,34.0869,378800
2000-10-16,96.0,97.0625,95.4375,96.25,34.3546,1098000
2000-10-17,96.25,96.5156,93.1406,93.8281,33.4901,265800
2000-10-18,91.6406,93.625,91.25,93.0625,33.2169,343600
2000-10-19,94.5625,96.1875,94.5625,95.9375,34.243,150600
2000-10-20,96.6875,98.0625,96.6406,97.1563,34.678,264800
2000-10-23,97.6875,98.25,97.3281,98.125,35.0238,143200
2000-10-24,98.4375,99.0625,96.6875,96.6875,34.5107,73800
2000-10-25,96.5,97.0,94.5313,94.5313,33.7411,33000
2000-10-26,95.4219,96.0,93.6875,96.0,34.2653,105800
2000-10-27,95.25,96.5,95.25,96.0625,34.2876,138800
2000-10-30,95.875,97.0625,95.0625,96.5,34.4438,73600
2000-10-31,96.875,99.3594,96.875,99.0,35.3361,285000
2000-11-01,98.6875,99.4375,98.5625,99.0625,35.3584,528200
2000-11-02,99.7813,101.625,99.75,101.4375,36.2061,211800
2000-11-03,101.5938,101.625,100.75,101.3125,36.1615,224200
2000-11-06,102.1875,102.1875,100.4375,100.5312,35.8827,68200
2000-11-07,100.5938,101.375,100.125,101.375,36.1838,79400
2000-11-08,101.4375,101.5,99.5625,99.5625,35.5369,192600
2000-11-09,98.75,99.375,97.0625,98.5,35.1577,249000
2000-11-10,98.75,98.75,96.0,96.0,34.2653,189000
2000-11-13,95.0,95.7813,92.625,95.0313,33.9196,160800
2000-11-14,96.875,97.625,96.75,97.3125,34.7338,129600
2000-11-15,97.4375,98.875,97.125,98.5625,35.18,542200
2000-11-16,97.2813,98.4844,95.7031,95.7031,34.1594,165400
2000-11-17,97.0,97.7969,96.0625,96.3125,34.3769,215400
2000-11-20,95.375,95.6875,93.75,93.8125,33.4846,79800
2000-11-21,94.125,94.125,92.875,93.2656,33.2894,84400
2000-11-22,92.5625,93.0,90.9375,91.3125,32.5922,123400
2000-11-24,92.4219,94.1875,92.375,93.875,33.5069,82200
2000-11-27,95.8125,96.1094,94.125,94.1406,33.6017,235600
2000-11-28,93.75,94.4375,91.0,91.3125,32.5922,171000
2000-11-29,92.0,92.0,90.125,91.0625,32.503,526800
2000-11-30,90.0,90.5625,87.9375,89.125,31.8114,214600
2000-12-01,90.375,92.5,90.25,91.125,32.5253,309200
2000-12-04,91.4688,91.4688,90.0,90.125,32.1684,528200
2000-12-05,91.5,94.5,91.5,94.5,33.7299,392400
2000-12-06,94.1875,95.0625,92.3125,92.3125,32.9492,310800
2000-12-07,91.4375,92.8125,91.4375,92.0625,32.8599,236200
2000-12-08,93.9375,95.75,93.3125,93.3125,33.3061,359600
2000-12-11,95.9375,97.5625,95.5625,97.5625,34.823,250800
2000-12-12,97.5625,97.5625,95.4375,95.4375,34.0646,323200
2000-12-13,95.7813,95.7813,93.1875,93.2344,33.4302,525400
2000-12-14,93.0,93.6875,91.75,91.75,32.898,593800
2000-12-15,90.6875,91.4063,90.0,91.25,32.7187,389000
2000-12-18,91.6875,92.9375,91.625,92.625,33.2117,239600
2000-12-19,92.5,93.5,91.0,91.0,32.6291,453800
2000-12-20,89.4688,90.0,87.8125,88.125,31.5982,261400
2000-12-21,88.125,89.9063,87.5,88.8125,31.8447,404600
2000-12-22,90.25,92.6875,90.125,92.5,33.1669,885600
2000-12-26,92.5,93.2188,92.0313,93.0313,33.3574,514000
2000-12-27,93.0,95.5,92.375,95.5,34.2426,741200
2000-12-28,95.4375,98.75,95.4375,98.5625,35.3407,1201000
2000-12-29,98.9375,99.2188,95.625,95.75,34.3322,1803800
2001-01-02,95.75,95.75,91.6875,92.4063,33.1333,826000
2001-01-03,91.5,97.5,91.4375,96.2344,34.5059,1409800
2001-01-04,95.875,96.5625,94.625,95.0,34.0633,506600
2001-01-05,94.875,94.875,91.625,92.0625,33.01,263200
2001-01-08,91.75,92.5,90.6875,92.375,33.1221,423400
2001-01-09,92.375,93.125,91.6875,92.2344,33.0717,327600
2001-01-10,91.375,95.1875,91.375,95.1875,34.1305,1021800
2001-01-11,94.5,96.875,94.5,96.4844,34.5956,431200
2001-01-12,96.125,97.4531,95.625,96.75,34.6908,1014200
2001-01-16,96.5,98.6875,96.0625,98.6875,35.3855,445200
2001-01-17,100.1875,100.375,97.9375,98.625,35.3631,1089600
2001-01-18,98.875,99.0,97.5313,99.0,35.4976,916200
2001-01-19,99.8125,99.8125,96.7813,97.25,34.8701,590800
2001-01-22,97.0,98.1875,96.5313,97.9375,35.1166,237600
2001-01-23,98.0,100.375,97.75,100.375,35.9906,3197400
2001-01-24,100.5,100.8125,99.625,100.0,35.8561,938800
2001-01-25,100.0469,100.3125,99.2188,99.625,35.7217,772000
2001-01-26,99.0625,100.0,98.3438,99.625,35.7217,435200
2001-01-29,99.39,101.65,99.39,101.65,36.4477,596800
2001-01-30,102.0,102.31,100.85,102.31,36.6844,1381400
2001-01-31,102.45,103.05,100.9,100.9,36.1788,922400
2001-02-01,100.95,101.64,100.5,101.64,36.4442,702800
2001-02-02,101.8,101.8,99.37,99.37,35.6302,858600
2001-02-05,99.0,99.99,98.91,99.57,35.7019,541600
2001-02-06,99.75,101.49,99.75,101.15,36.2685,424800
2001-02-07,100.05,101.6,100.05,101.4,36.3581,406600
2001-02-08,101.65,101.8,99.75,99.88,35.8131,2393800
2001-02-09,99.75,99.95,98.25,98.6,35.3541,985000
2001-02-12,98.65,100.9,98.51,100.8,36.143,443200
2001-02-13,101.65,102.5,99.85,99.85,35.8023,913000
2001-02-14,100.4,100.9,99.3,100.9,36.1788,336000
2001-02-15,102.0,102.15,101.03,101.4,36.3581,1262000
2001-02-16,99.1,100.4,98.9,99.21,35.5729,675400
2001-02-20,99.7,100.0,97.52,98.06,35.1605,631000
2001-02-21,97.2,98.15,96.05,96.35,34.5474,399600
2001-02-22,96.35,96.49,94.25,95.0,34.0633,526600
2001-02-23,94.8,95.5,92.45,95.2,34.135,380800
2001-02-26,96.15,97.49,95.71,97.3,34.888,903200
2001-02-27,97.3,97.3,95.25,95.55,34.2605,448400
2001-02-28,95.8,95.8,93.85,94.15,33.7585,316200
2001-03-01,94.05,94.8,92.7,94.8,33.9916,541600
2001-03-02,93.3,96.3,93.25,95.05,34.0812,1030800
2001-03-05,96.0,96.05,94.6,94.7,33.9557,522200
2001-03-06,96.0,96.4,95.63,96.1,34.4577,522000
2001-03-07,96.8,97.2,96.25,96.6,34.637,394600
2001-03-08,96.59,96.8,95.8,95.8,34.3502,830400
2001-03-09,94.6,95.55,93.91,93.91,33.7408,246600
2001-03-12,93.25,93.25,90.66,91.25,32.7851,1006400
2001-03-13,91.8,92.2,90.01,92.2,33.1264,672200
2001-03-14,89.75,92.3,89.7,90.0,32.336,655800
2001-03-15,91.05,91.4,89.5,89.65,32.2102,561600
2001-03-16,89.85,90.35,87.65,88.0,31.6174,301400
2001-03-19,89.0,90.4,87.51,90.3,32.4438,784600
2001-03-20,90.1,91.16,88.2,88.2,31.6893,625200
2001-03-21,88.25,88.6,86.15,86.85,31.2042,494800
2001-03-22,86.25,86.75,83.15,86.0,30.8988,1193000
2001-03-23,87.75,88.5,87.0,88.25,31.7072,297200
2001-03-26,89.0,89.95,88.6,89.45,32.1384,1011600
2001-03-27,89.6,90.6,88.1,90.17,32.3971,633200
2001-03-28,88.9,89.0,87.55,87.75,31.5276,1233200
2001-03-29,87.75,89.4,87.5,87.9,31.5815,591800
2001-03-30,88.45,89.85,87.9,89.6,32.1923,231400
2001-04-02,89.55,90.0,87.35,87.5,31.4378,340200
2001-04-03,87.3,87.3,84.25,84.53,30.3707,507400
2001-04-04,84.65,85.85,84.4,84.8,30.4677,356400
2001-04-05,86.0,88.9,86.0,88.9,31.9408,950000
2001-04-06,87.5,87.78,86.25,86.4,31.0425,405000
2001-04-09,87.6,88.6,87.1,88.3,31.7252,569800
2001-04-10,88.75,90.75,88.7,90.4,32.4797,769000
2001-04-11,91.8,91.8,89.12,89.8,32.2641,526800
2001-04-12,89.25,91.0,89.05,90.9,32.6593,492000
2001-04-16,90.5,90.8,89.26,89.26,32.0701,262400
2001-04-17,88.75,91.1,88.75,90.7,32.5875,295400
2001-04-18,92.15,96.0,92.0,93.35,33.5396,688600
2001-04-19,93.3,94.49,92.7,94.39,33.9133,251200
2001-04-20,94.0,94.0,92.0,93.29,33.518,504000
2001-04-23,92.0,92.45,91.5,91.6,32.9108,305200
2001-04-24,92.2,93.03,91.5,92.3,33.1624,319200
2001-04-25,92.5,94.4,91.91,94.3,33.8809,390200
2001-04-26,94.5,95.9,94.35,95.65,34.366,323600
2001-04-27,96.25,96.9,95.9,96.9,34.8151,1761400
2001-04-30,97.65,98.1,96.51,97.0,34.851,1112800
2001-05-01,96.65,98.2,96.03,98.2,35.2822,563400
2001-05-02,98.4,98.6,97.0,97.95,35.1923,590200
2001-05-03,97.15,97.25,96.3,96.74,34.7576,385600
2001-05-04,96.15,98.5,95.47,98.1,35.2462,754000
2001-05-07,98.6,99.0,97.4,97.5,35.0307,269000
2001-05-08,98.1,98.5,97.05,98.0,35.2103,437800
2001-05-09,97.1,98.4,97.1,97.4,34.9947,237000
2001-05-10,98.85,98.85,97.5,97.5,35.0307,562600
2001-05-11,97.65,98.35,96.65,96.92,34.8223,1009600
2001-05-14,96.92,97.32,96.3,96.9,34.8151,249400
2001-05-15,97.0,98.2,96.85,97.85,35.1564,435000
2001-05-16,97.1,99.75,97.1,99.73,35.8319,633200
2001-05-17,99.75,100.85,99.5,100.76,36.2019,173600
2001-05-18,100.25,101.35,100.25,101.15,36.3421,309000
2001-05-21,100.85,102.9,100.7,102.9,36.9708,376000
2001-05-22,103.2,103.8,102.3,103.4,37.1505,896200
2001-05-23,102.65,102.95,101.0,101.0,36.2882,659000
2001-05-24,101.6,102.35,100.32,102.05,36.6654,540200
2001-05-25,102.1,102.2,101.3,101.3,36.3959,339600
2001-05-29,101.5,101.5,100.0,100.0,35.9289,753600
2001-05-30,99.9,99.9,98.3,98.7,35.4618,849400
2001-05-31,99.15,100.2,98.8,99.1,35.6055,972000
2001-06-01,99.75,100.5,98.5,100.27,36.0259,538200
2001-06-04,100.75,101.58,100.3,101.58,36.4966,417800
2001-06-05,101.6,103.45,101.45,103.0,37.0067,1191600
2001-06-06,103.0,103.25,102.15,102.35,36.7732,1081200
2001-06-07,102.0,103.15,102.0,102.78,36.9277,262800
2001-06-08,102.5,102.6,101.05,101.9,36.713,545400
2001-06-11,101.9,101.9,100.5,100.55,36.2266,513400
2001-06-12,100.0,101.5,99.46,100.8,36.3167,690200
2001-06-13,101.25,102.0,100.4,100.66,36.2662,759400
2001-06-14,99.75,100.05,98.15,98.15,35.3619,865200
2001-06-15,98.0,99.15,97.85,98.75,35.5781,817800
2001-06-18,98.5,99.0,97.5,98.0,35.3079,685600
2001-06-19,99.0,99.1,97.18,97.7,35.1998,763600
2001-06-20,97.0,99.1,97.0,98.85,35.6141,861400
2001-06-21,98.65,99.6,98.55,98.99,35.6645,776800
2001-06-22,99.25,99.25,97.0,97.2,35.0196,673400
2001-06-25,97.7,97.77,96.25,96.52,34.7746,1857600
2001-06-26,96.0,98.1,95.85,98.0,35.3079,1007600
2001-06-27,98.2,99.2,97.9,98.95,35.6501,989000
2001-06-28,99.5,100.75,99.5,100.2,36.1005,922600
2001-06-29,100.9,102.4,100.45,101.9,36.713,2283200
2001-07-02,101.6,101.6,99.31,99.6,35.8843,2142000
2001-07-03,99.25,99.54,98.6,99.0,35.6681,1084800
2001-07-05,98.0,98.99,97.55,97.7,35.1998,849600
2001-07-06,97.1,97.45,95.55,95.9,34.5513,588600
2001-07-09,96.25,96.95,95.25,96.8,34.8755,895400
2001-07-10,97.1,97.1,94.58,95.0,34.227,775600
2001-07-11,94.8,95.24,93.49,95.0,34.227,1103400
2001-07-12,95.8,97.5,95.75,97.33,35.0665,1254200
2001-07-13,97.1,98.15,96.7,97.8,35.2358,241200
2001-07-16,97.7,97.99,96.15,96.15,34.6413,547200
2001-07-17,96.1,98.05,95.9,98.05,35.3259,558400
2001-07-18,96.7,97.89,96.15,96.2,34.6593,877800
2001-07-19,97.2,98.17,96.5,97.0,34.9476,431000
2001-07-20,96.5,97.6,96.5,97.0,34.9476,629600
2001-07-23,97.65,97.65,96.0,96.3,34.6954,1452000
2001-07-24,96.0,96.35,93.8,94.7,34.1189,588200
2001-07-25,94.9,95.3,93.91,95.25,34.3171,603600
2001-07-26,95.01,97.1,94.46,96.65,34.8215,622800
2001-07-27,96.65,97.08,96.17,96.5,34.7674,592200
2001-07-30,96.9,97.0,95.7,96.35,34.7134,378000
2001-07-31,96.59,97.67,96.12,96.23,34.6702,652200
2001-08-01,97.05,97.8,96.45,97.7,35.1998,439000
2001-08-02,98.45,98.5,96.9,97.4,35.0917,553000
2001-08-03,97.5,97.79,96.1,97.15,35.0016,303000
2001-08-06,97.0,97.0,95.6,95.8,34.5152,236800
2001-08-07,95.8,96.1,95.3,95.9,34.5513,427400
2001-08-08,95.0,96.32,93.75,93.75,33.7767,1126400
2001-08-09,94.2,94.7,93.45,94.7,34.1189,535200
2001-08-10,94.35,95.2,93.51,94.6,34.0829,425400
2001-08-13,95.15,95.62,94.61,95.4,34.3711,1614800
2001-08-14,95.55,96.4,95.42,95.7,34.4792,4667800
2001-08-15,95.75,96.23,95.02,95.58,34.436,931600
2001-08-16,95.25,96.5,94.5,96.2,34.6593,1579400
2001-08-17,95.4,96.0,94.6,94.7,34.1189,2412000
2001-08-20,94.6,95.75,94.55,95.75,34.4972,2469600
2001-08-21,95.7,96.0,94.0,94.1,33.9028,910400
2001-08-22,94.9,95.35,93.78,95.35,34.3531,1277800
2001-08-23,95.2,95.99,94.1,94.1,33.9028,842200
2001-08-24,95.0,96.1,94.85,96.1,34.6233,2401000
2001-08-27,96.1,96.45,95.35,95.75,34.4972,249400
2001-08-28,95.65,95.7,94.5,94.7,34.1189,985000
2001-08-29,95.05,95.05,93.8,94.3,33.9748,653000
2001-08-30,93.8,94.2,92.61,93.11,33.5461,959400
2001-08-31,93.4,94.14,93.26,93.89,33.8271,995600
2001-09-04,93.7,94.49,93.0,93.0,33.5064,697400
2001-09-05,93.2,93.35,91.4,92.35,33.2723,569200
2001-09-06,91.5,91.8,90.2,90.2,32.4976,305400
2001-09-07,89.3,90.1,88.17,88.53,31.896,4950200
2001-09-10,87.85,88.6,87.1,87.85,31.651,4777800
2001-09-17,82.0,84.99,82.0,83.5,30.0837,1337000
2001-09-18,83.74,83.85,81.6,82.15,29.5974,4303400
2001-09-19,82.51,82.7,77.6,80.16,28.8804,1636000
2001-09-20,79.1,79.3,76.6,77.11,27.7815,732000
2001-09-21,74.5,76.05,73.5,75.66,27.2591,1011200
2001-09-24,76.5,78.58,76.5,78.0,28.1022,1702800
2001-09-25,78.24,79.5,77.75,78.95,28.4444,924600
2001-09-26,79.2,79.6,77.35,77.78,28.0229,990600
2001-09-27,77.78,79.05,76.63,79.03,28.4733,1879400
2001-09-28,79.6,80.78,79.28,80.2,28.8948,2264800
2001-10-01,80.2,80.29,78.05,79.5,28.748,906000
2001-10-02,79.0,80.37,79.0,80.37,29.0626,1107200
2001-10-03,79.0,82.75,79.0,82.2,29.7243,1441200
2001-10-04,82.5,83.94,82.05,83.02,30.0209,2346200
2001-10-05,82.9,82.9,81.01,82.6,29.869,503800
2001-10-08,81.5,82.79,81.5,81.85,29.5978,348000
2001-10-09,81.65,81.95,81.0,81.17,29.3519,1017200
2001-10-10,81.1,84.0,81.1,84.0,30.3752,638600
2001-10-11,85.0,86.4,85.0,85.35,30.8634,1523400
2001-10-12,85.12,85.78,83.8,85.08,30.7658,573800
2001-10-15,84.75,85.57,84.3,85.4,30.8815,590600
2001-10-16,85.9,86.8,85.73,86.55,31.2973,966400
2001-10-17,87.3,87.45,84.1,84.1,30.4114,797400
2001-10-18,84.55,84.55,83.3,83.56,30.2161,969400
2001-10-19,83.45,84.95,83.45,84.6,30.5922,519200
2001-10-22,84.75,85.75,84.68,85.36,30.867,369600
2001-10-23,86.01,86.29,84.8,84.8,30.6645,851600
2001-10-24,85.0,85.38,84.6,85.35,30.8634,527600
2001-10-25,84.4,87.25,84.0,87.25,31.5505,1195000
2001-10-26,86.4,87.65,86.4,87.25,31.5505,951600
2001-10-29,87.01,87.02,85.4,85.5,30.9176,516400
2001-10-30,84.8,84.8,83.35,83.7,30.2667,887200
2001-10-31,84.65,85.77,84.41,85.1,30.773,1531200
2001-11-01,85.34,86.6,84.5,86.6,31.3154,786000
2001-11-02,86.45,86.7,85.85,86.0,31.0984,369600
2001-11-05,87.2,87.3,86.62,87.25,31.5505,304800
2001-11-06,86.75,88.5,86.5,88.5,32.0025,1671200
2001-11-07,87.7,88.65,87.61,87.9,31.7855,584200
2001-11-08,88.35,88.9,86.95,87.7,31.7132,483200
2001-11-09,87.06,87.49,86.83,87.4,31.6047,421400
2001-11-12,86.7,87.78,85.06,87.75,31.7313,230200
2001-11-13,88.5,89.35,88.25,89.35,32.3098,442200
2001-11-14,90.0,90.24,88.42,90.24,32.6317,285600
2001-11-15,89.8,90.4,89.4,89.9,32.5087,363400
2001-11-16,89.66,90.15,89.28,89.99,32.5413,423200
2001-11-19,90.15,91.38,90.01,91.0,32.9065,316200
2001-11-20,91.0,91.65,90.1,90.48,32.7185,457000
2001-11-21,90.3,90.45,89.36,90.17,32.6064,384800
2001-11-23,90.05,91.55,90.05,91.48,33.0801,224600
2001-11-26,91.48,92.15,90.9,91.95,33.25,549200
2001-11-27,91.9,92.34,91.11,91.65,33.1415,420800
2001-11-28,91.2,91.74,90.05,90.05,32.563,641400
2001-11-29,90.35,92.7,90.2,92.7,33.5212,507000
2001-11-30,92.4,92.57,91.4,91.6,33.1235,740200
2001-12-03,90.9,91.41,90.6,91.0,32.9065,210800
2001-12-04,91.0,93.35,90.96,93.1,33.6659,680400
2001-12-05,94.1,95.98,93.8,95.15,34.4072,600400
2001-12-06,95.6,96.5,95.35,96.5,34.8954,738000
2001-12-07,96.15,96.48,95.56,95.77,34.6314,526800
2001-12-10,95.75,96.18,94.0,94.11,34.0311,674600
2001-12-11,94.85,95.4,94.06,94.65,34.2264,429000
2001-12-12,94.9,95.13,93.73,94.8,34.2806,249400
2001-12-13,93.95,94.54,93.1,93.11,33.6695,796400
2001-12-14,93.3,93.9,92.73,93.9,34.0539,1147400
2001-12-17,93.66,95.7,93.66,95.7,34.7067,799200
2001-12-18,96.5,96.65,95.63,96.55,35.015,1727800
2001-12-19,95.75,96.38,95.13,95.8,34.743,1551600
2001-12-20,95.8,95.83,93.95,94.3,34.199,5581600
2001-12-21,94.9,96.48,94.41,96.2,34.888,1577800
2001-12-24,96.45,96.85,96.21,96.65,35.0512,319000
2001-12-26,96.6,97.74,96.6,97.5,35.3595,963000
2001-12-27,97.5,98.15,97.46,97.9,35.5046,1705200
2001-12-28,98.3,98.53,97.75,98.0,35.5408,2017600
2001-12-31,98.25,98.4,96.35,96.35,34.9424,2346600
2002-01-02,97.1,97.29,95.28,96.8,35.1056,1807400
2002-01-03,97.0,98.59,97.0,98.59,35.7548,1013400
2002-01-04,98.75,99.84,98.3,99.45,36.0667,1304400
2002-01-07,99.35,99.8,97.85,97.85,35.4864,1661800
2002-01-08,98.25,99.24,97.3,99.0,35.9035,743600
2002-01-09,99.75,100.13,98.0,98.0,35.5408,868800
2002-01-10,98.15,98.6,97.96,98.6,35.7584,365200
2002-01-11,98.75,98.95,97.1,97.4,35.3232,802800
2002-01-14,97.26,97.26,95.7,95.95,34.7974,781000
2002-01-15,96.19,96.6,95.46,96.6,35.0331,1170000
2002-01-16,95.5,95.85,94.2,94.64,34.3223,4382800
2002-01-17,95.5,96.0,94.52,95.1,34.4891,813400
2002-01-18,95.1,95.66,93.8,93.9,34.0539,991000
2002-01-22,94.75,95.09,93.11,93.3,33.8363,1331400
2002-01-23,93.65,94.85,92.8,94.6,34.3078,1752600
2002-01-24,95.1,95.78,93.46,95.35,34.5798,956600
2002-01-25,95.35,95.57,94.66,95.28,34.5544,770400
2002-01-28,95.6,96.0,95.0,95.9,34.7792,617600
2002-01-29,95.85,96.03,93.65,94.21,34.1663,1519000
2002-01-30,94.4,95.59,93.0,95.39,34.5943,1250600
2002-01-31,95.6,96.2,95.01,96.2,34.888,2674000
2002-02-01,95.5,96.37,95.23,95.65,34.6886,768400
2002-02-04,95.25,95.41,93.11,93.4,33.8726,2787200
2002-02-05,93.15,93.7,92.39,93.04,33.742,1805200
2002-02-06,93.05,93.45,91.55,92.0,33.3649,1278600
2002-02-07,91.9,92.1,90.75,90.8,32.9297,1973000
2002-02-08,91.21,93.2,90.91,93.2,33.8001,1737800
2002-02-11,92.8,94.0,92.75,93.61,33.9487,1031600
2002-02-12,93.3,94.24,92.96,93.81,34.0213,394600
2002-02-13,94.25,94.79,94.01,94.7,34.344,359200
2002-02-14,94.94,95.18,93.5,93.5,33.9089,1958000
2002-02-15,93.74,93.89,92.8,93.36,33.8581,847800
2002-02-19,92.5,92.8,91.25,91.55,33.2017,981400
2002-02-20,91.4,93.1,90.88,93.1,33.7638,1388200
2002-02-21,92.9,93.1,91.11,91.11,33.0421,665600
2002-02-22,91.2,92.75,90.78,92.75,33.6369,1361800
2002-02-25,92.75,93.33,92.35,93.33,33.8472,740600
2002-02-26,93.29,94.02,92.71,93.77,34.0068,994200
2002-02-27,94.25,94.59,93.63,94.2,34.1627,1247600
2002-02-28,94.3,94.48,92.96,93.2,33.8001,1466200
2002-03-01,93.65,95.5,93.3,95.5,34.6342,1445200
2002-03-04,95.5,97.48,95.25,97.0,35.1782,1448800
2002-03-05,96.98,97.83,96.7,97.22,35.258,1330800
2002-03-06,97.22,98.64,96.4,98.4,35.6859,846600
2002-03-07,99.1,99.3,98.15,98.5,35.7222,1150200
2002-03-08,99.7,99.76,98.69,99.38,36.0834,1206800
2002-03-11,99.38,99.98,98.54,99.4,36.0907,1110600
2002-03-12,98.55,99.5,98.15,99.24,36.0326,818000
2002-03-13,98.5,99.05,98.05,98.4,35.7276,1581200
2002-03-14,98.75,99.23,97.51,98.85,35.891,1402200
2002-03-15,98.61,99.6,98.1,99.25,36.0362,1414800
2002-03-18,99.49,100.36,99.1,99.81,36.2396,1362400
2002-03-19,100.3,100.65,99.9,100.45,36.4719,621200
2002-03-20,99.95,100.05,98.85,98.87,35.8983,1805600
2002-03-21,99.55,100.62,99.0,100.53,36.501,1001600
2002-03-22,100.55,101.11,99.76,99.8,36.2359,1018600
2002-03-25,100.05,100.14,98.45,98.59,35.7966,1873600
2002-03-26,98.8,99.86,98.8,99.7,36.1996,843600
2002-03-27,99.7,100.63,99.47,100.63,36.5373,976400
2002-03-28,100.9,101.43,100.1,100.1,36.3449,1783000
2002-04-01,100.1,100.83,99.06,100.2,36.3812,1304000
2002-04-02,99.39,100.4,99.3,99.56,36.1488,5878800
2002-04-03,99.75,99.91,98.52,98.85,35.891,6075400
2002-04-04,98.4,99.8,98.35,99.24,36.0326,2093200
2002-04-05,99.6,99.9,98.7,99.1,35.9818,815400
2002-04-08,98.01,100.34,98.0,100.34,36.432,1162200
2002-04-09,100.34,100.69,99.93,99.97,36.2977,954600
2002-04-10,100.5,101.9,100.34,101.9,36.9984,2098000
2002-04-11,101.65,101.95,100.02,100.27,36.4066,1505600
2002-04-12,101.0,102.5,100.25,102.5,37.2163,2963400
2002-04-15,103.0,103.25,101.58,101.75,36.9439,2844000
2002-04-16,102.9,104.3,102.75,104.3,37.8698,1361400
2002-04-17,104.75,104.75,103.25,103.42,37.5503,6833400
2002-04-18,103.55,103.73,102.15,102.98,37.3905,2359200
2002-04-19,103.6,103.64,102.9,102.9,37.3615,761200
2002-04-22,102.8,102.89,101.51,101.54,36.8677,1507000
2002-04-23,101.6,102.08,101.4,101.9,36.9984,1798200
2002-04-24,102.0,102.65,100.77,101.04,36.6862,1095400
2002-04-25,100.6,101.54,100.21,101.31,36.7842,1388200
2002-04-26,101.62,101.89,99.37,99.37,36.0798,2200800
2002-04-29,100.0,100.18,99.1,99.67,36.1887,3547600
2002-04-30,99.8,101.66,99.62,101.3,36.7806,1444200
2002-05-01,101.5,102.0,99.96,102.0,37.0347,1435200
2002-05-02,101.9,102.6,101.64,102.35,37.1618,932200
2002-05-03,102.5,102.5,101.3,101.9,36.9984,1494800
2002-05-06,101.99,102.32,99.95,99.95,36.2904,2717000
2002-05-07,100.48,100.54,99.2,99.23,36.029,1302400
2002-05-08,100.9,101.62,100.48,101.6,36.8895,2224000
2002-05-09,101.6,101.6,99.7,99.75,36.2178,1718000
2002-05-10,99.99,100.04,97.9,98.13,35.6296,1788600
2002-05-13,98.15,99.45,98.0,99.4,36.0907,2245000
2002-05-14,100.7,102.4,100.22,102.4,37.1799,9461400
2002-05-15,101.75,102.82,101.16,102.3,37.1436,2409400
2002-05-16,102.35,102.35,100.75,101.09,36.7043,1452200
2002-05-17,101.2,101.779,100.52,101.4,36.8169,1620400
2002-05-20,101.25,101.25,100.01,100.12,36.3521,1856400
2002-05-21,100.35,100.64,98.27,98.6,35.8002,2511000
2002-05-22,98.3,99.18,97.35,98.0,35.5824,2344600
2002-05-23,98.7,99.99,97.5,99.95,36.2904,2384600
2002-05-24,99.5,99.65,98.37,98.37,35.7167,1608400
2002-05-28,98.8,98.8,97.0,98.12,35.6259,2984200
2002-05-29,97.9,97.9,96.68,96.87,35.1721,1952000
2002-05-30,96.87,97.65,96.04,97.22,35.2992,3009400
2002-05-31,97.55,98.24,96.5,96.5,35.0377,6645800
2002-06-03,96.95,96.959,94.25,94.25,34.2208,2000800
2002-06-04,94.1,94.8,93.01,94.27,34.2281,5450800
2002-06-05,94.55,94.85,93.72,94.6,34.3479,1600400
2002-06-06,94.55,94.6,92.55,92.76,33.6798,1874600
2002-06-07,91.25,94.0,91.21,93.6,33.9848,2509000
2002-06-10,93.8,94.45,93.2,93.5,33.9485,2447000
2002-06-11,94.0,94.19,92.0,92.0,33.4039,2877200
2002-06-12,92.01,92.69,90.95,92.3,33.5128,4146000
2002-06-13,92.2,92.59,90.77,91.0,33.0408,1413200
2002-06-14,89.6,91.6,88.51,91.5,33.3105,3394200
2002-06-17,91.75,93.8,91.75,93.63,34.086,1479000
2002-06-18,93.53,94.55,93.15,93.89,34.1806,1905600
2002-06-19,92.7,94.37,92.0,92.0,33.4926,2966800
2002-06-20,92.24,93.16,91.32,91.8,33.4197,1984200
2002-06-21,91.8,92.64,91.2,91.6,33.3469,1713200
2002-06-24,91.25,92.39,89.86,91.31,33.2414,2586600
2002-06-25,91.9,92.35,89.45,90.02,32.7717,1502800
2002-06-26,88.0,90.31,87.9,89.97,32.7535,6941400
2002-06-27,91.3,91.7,89.48,91.7,33.3833,4792200
2002-06-28,91.46,92.65,90.65,90.65,33.0011,5306800
2002-07-01,90.9,91.63,88.6,88.8,32.3276,1844600
2002-07-02,88.56,88.6,86.0,86.13,31.3556,1720600
2002-07-03,85.8,86.0,84.0,85.1,30.9806,2908600
2002-07-05,86.15,87.92,85.8,87.92,32.0072,1063400
2002-07-08,87.75,88.24,86.05,86.1,31.3447,1810000
2002-07-09,86.2,86.87,85.3,85.77,31.2245,1619000
2002-07-10,85.89,85.89,83.35,83.41,30.3654,2447800
2002-07-11,83.0,83.24,81.1,82.76,30.1287,3428800
2002-07-12,83.0,84.18,81.9,82.05,29.8703,3394800
2002-07-15,81.9,81.9,78.85,81.54,29.6846,3691200
2002-07-16,80.95,82.5,80.44,81.0,29.488,2598200
2002-07-17,82.99,83.0,80.12,81.75,29.7611,2669000
2002-07-18,81.3,81.9,78.9,78.9,28.7235,1829400
2002-07-19,78.05,78.67,76.65,77.25,28.1228,2860400
2002-07-22,76.6,77.79,74.6,75.71,27.5622,3325800
2002-07-23,76.15,76.15,71.75,71.75,26.1206,3187000
2002-07-24,70.4,76.0,69.5,76.0,27.6678,6628200
2002-07-25,74.0,77.2,73.4,75.4,27.4493,6251600
2002-07-26,75.95,76.6,74.65,76.6,27.8862,2480400
2002-07-29,78.3,80.3,77.5,79.55,28.9601,2366800
2002-07-30,79.7,80.43,77.52,79.79,29.0475,3403200
2002-07-31,79.79,79.9,78.35,78.55,28.5961,1834800
2002-08-01,78.3,78.75,77.0,77.4,28.1774,2009800
2002-08-02,77.25,77.35,74.86,74.97,27.2928,2652400
2002-08-05,74.97,75.29,72.97,72.97,26.5647,1793400
2002-08-06,74.3,76.15,74.0,76.15,27.7224,3461000
2002-08-07,76.75,77.35,74.81,76.44,27.8279,3205600
2002-08-08,76.44,77.8,75.7,77.67,28.2757,2317200
2002-08-09,76.6,78.19,76.44,77.01,28.0355,4054000
2002-08-12,76.5,77.76,76.21,77.2,28.1046,1342000
2002-08-13,77.1,77.82,74.9,75.0,27.3037,2996800
2002-08-14,75.55,77.91,74.15,77.68,28.2794,6681200
2002-08-15,78.3,78.5,77.39,77.76,28.3085,3498400
2002-08-16,77.65,79.33,77.28,78.95,28.7417,2472000
2002-08-19,79.41,80.28,79.07,80.05,29.1422,3215600
2002-08-20,79.81,79.89,79.05,79.65,28.9965,2326600
2002-08-21,79.89,81.3,79.37,81.28,29.5899,2511600
2002-08-22,81.2,82.25,80.65,81.8,29.7793,1878800
2002-08-23,81.2,81.7,79.65,79.65,28.9965,3484600
2002-08-26,80.0,81.35,79.25,81.1,29.5244,2490800
2002-08-27,81.75,81.79,79.32,79.55,28.9601,2726800
2002-08-28,78.7,79.05,77.67,78.0,28.3959,2720800
2002-08-29,76.85,79.22,76.85,78.58,28.607,2405600
2002-08-30,78.35,79.18,77.75,78.05,28.4141,1380800
2002-09-03,76.65,77.3,75.16,75.75,27.5768,3985200
2002-09-04,75.7,77.8,75.45,77.35,28.1592,1916400
2002-09-05,76.25,77.11,75.8,75.8,27.595,1483200
2002-09-06,76.8,78.4,76.8,78.3,28.5051,2753400
2002-09-09,78.1,78.85,76.74,78.06,28.4177,1222600
2002-09-10,78.65,78.89,77.59,78.55,28.5961,1767800
2002-09-11,80.0,80.0,78.25,78.3,28.5051,1719400
2002-09-12,78.0,78.34,76.97,77.0,28.0318,1948400
2002-09-13,76.4,77.72,76.25,77.7,28.381,2655200
2002-09-16,77.6,77.75,76.62,76.8,28.0523,1133000
2002-09-17,77.4,77.76,75.44,75.75,27.6687,2629600
2002-09-18,74.65,75.7,74.2,75.55,27.5957,2376400
2002-09-19,73.5,74.57,72.6,72.79,26.5876,1405200
2002-09-20,73.75,73.93,72.8,73.1,26.7008,1485600
2002-09-23,72.6,72.89,70.8,71.3,26.0433,2234800
2002-09-24,70.69,71.86,70.5,70.75,25.8424,2243400
2002-09-25,71.25,72.9,70.99,72.9,26.6277,2974800
2002-09-26,73.4,74.13,72.81,73.86,26.9784,4840000
2002-09-27,73.25,74.04,72.04,72.05,26.3173,2526000
2002-09-30,71.3,72.58,70.48,71.55,26.1346,3999800
2002-10-01,72.5,73.85,70.95,73.85,26.9747,3433400
2002-10-02,73.15,73.73,71.8,72.05,26.3173,3492000
2002-10-03,71.94,72.67,70.91,71.27,26.0324,2119800
2002-10-04,71.75,71.75,68.85,69.3,25.3128,4060200
2002-10-07,68.95,69.6,67.1,67.44,24.6334,2920000
2002-10-08,68.51,68.51,66.45,67.95,24.8197,5766800
2002-10-09,67.15,67.49,64.98,65.1,23.7787,7756000
2002-10-10,65.07,67.08,64.6,67.0,24.4727,5369400
2002-10-11,67.77,69.49,67.77,68.7,25.0936,6104000
2002-10-14,68.1,69.23,68.1,69.16,25.2617,3476800
2002-10-15,70.76,72.05,70.43,71.95,26.2807,5130200
2002-10-16,71.0,71.33,69.72,70.15,25.6233,2821800
2002-10-17,71.87,72.39,71.35,72.25,26.3903,5284000
2002-10-18,71.67,72.72,71.56,72.4,26.4451,2923200
2002-10-21,71.8,73.62,71.74,73.35,26.7921,3279600
2002-10-22,72.7,73.23,72.1,72.41,26.4488,3722400
2002-10-23,72.0,73.74,71.6,73.56,26.8688,3681000
2002-10-24,73.9,74.14,72.77,72.85,26.6095,5673400
2002-10-25,72.65,74.44,72.65,74.44,27.1902,4374800
2002-10-28,75.4,75.4,73.35,73.6,26.8834,2487600
2002-10-29,73.55,73.78,72.18,73.39,26.8067,4680000
2002-10-30,74.0,74.73,73.44,74.65,27.267,3422800
2002-10-31,75.05,75.37,74.33,74.5,27.2122,5474000
2002-11-01,74.27,76.45,73.95,76.25,27.8514,4799800
2002-11-04,77.39,78.3,76.8,76.91,28.0924,4515800
2002-11-05,77.05,77.25,76.33,77.04,28.1399,2669800
2002-11-06,77.7,78.5,77.05,78.35,28.6184,3383400
2002-11-07,77.85,77.85,76.3,76.49,27.939,3318400
2002-11-08,76.65,76.99,75.34,75.45,27.5592,2176200
2002-11-11,75.45,75.45,73.58,73.62,26.8907,2235800
2002-11-12,74.35,79.78,74.05,74.8,27.3217,2507000
2002-11-13,74.72,76.0,74.05,75.2,27.4678,2486400
2002-11-14,75.8,77.1,75.7188,76.83,28.0632,2136600
2002-11-15,76.35,77.5,76.35,76.8,28.0523,1922800
2002-11-18,77.75,77.75,76.07,76.21,27.8368,3105800
2002-11-19,76.03,76.701,75.55,75.94,27.7381,2249400
2002-11-20,75.7,77.95,75.52,77.95,28.4723,2492400
2002-11-21,78.02,79.56,77.76,79.47,29.0275,3331200
2002-11-22,78.8,80.14,78.67,80.02,29.2284,3888400
2002-11-25,80.0,80.89,79.6,80.55,29.422,2283800
2002-11-26,80.55,80.8,79.2,79.65,29.0933,2437000
2002-11-27,80.4,81.95,80.16,81.82,29.8859,2575000
2002-11-29,81.85,82.23,80.8,80.81,29.517,958000
2002-12-02,82.5,82.76,80.92,81.43,29.7434,3044000
2002-12-03,80.9,81.19,79.93,80.0,29.2211,2852800
2002-12-04,79.34,80.15,78.65,79.21,28.9326,2808000
2002-12-05,80.08,80.08,78.45,78.84,28.7974,2432800
2002-12-06,78.0,79.58,77.85,79.16,28.9143,1557000
2002-12-09,78.53,78.84,76.9,77.06,28.1472,2156400
2002-12-10,77.48,78.91,77.47,78.56,28.6951,2678800
2002-12-11,78.2,79.159,78.1,78.65,28.728,3124400
2002-12-12,79.0,79.36,77.16,78.97,28.8449,1891200
2002-12-13,77.95,79.9,76.96,77.05,28.2797,2011200
2002-12-16,77.3,78.53,77.3,78.43,28.7862,2857200
2002-12-17,78.45,78.54,77.48,77.6,28.4815,2077200
2002-12-18,77.5,77.5,76.02,76.36,28.0264,2486200
2002-12-19,76.25,77.3,75.72,76.17,27.9567,6629200
2002-12-20,76.74,77.25,76.37,77.03,28.2723,2046200
2002-12-23,76.9,77.71,76.71,77.55,28.4632,1882400
2002-12-24,77.33,77.7,77.08,77.4,28.4081,673400
2002-12-26,77.5,78.49,77.05,77.4,28.4081,1086200
2002-12-27,77.25,77.25,76.14,76.14,27.9457,2351200
2002-12-30,76.3,76.64,75.3,75.9,27.8576,3471000
2002-12-31,76.14,77.15,75.6,75.81,27.8245,5448200
2003-01-02,76.5,78.05,76.07,77.9,28.5916,4014200
2003-01-03,78.0,78.1094,77.33,77.77,28.5439,3222200
2003-01-06,77.77,79.22,77.77,78.68,28.8779,2919200
2003-01-07,78.7,78.9,77.64,78.27,28.7274,3013800
2003-01-08,77.9,78.03,77.2,77.49,28.4412,3288400
2003-01-09,77.98,79.06,77.98,78.63,28.8596,3828600
2003-01-10,77.83,79.25,77.71,78.8,28.922,2698000
2003-01-13,79.32,79.63,78.18,78.98,28.988,1759000
2003-01-14,78.9,79.45,78.52,79.03,29.0064,1566400
2003-01-15,79.17,79.4,78.15,78.85,28.9403,2381600
2003-01-16,79.0,79.5,78.38,78.74,28.8999,2323000
2003-01-17,77.88,78.97,76.9,77.26,28.3567,2416600
2003-01-21,77.4,77.54,76.08,76.14,27.9457,2134600
2003-01-22,75.77,76.35,75.46,75.48,27.7034,3337600
2003-01-23,75.95,76.54,75.57,75.95,27.8759,2213000
2003-01-24,76.0,76.0,74.38,74.38,27.2997,3565000
2003-01-27,74.0,74.61,73.13,73.25,26.885,3477400
2003-01-28,73.8,74.45,72.69,73.85,27.1052,2633200
2003-01-29,73.54,74.8,72.48,74.41,27.3107,4012400
2003-01-30,74.67,74.81,72.97,73.2,26.8666,3349400
2003-01-31,72.85,74.24,72.65,74.24,27.2483,5831000
2003-02-03,74.4,74.48,73.25,73.6,27.0134,2648800
2003-02-04,73.05,74.0,72.45,73.6,27.0134,4471200
2003-02-05,73.92,74.0,72.69,73.05,26.8115,3436600
2003-02-06,72.83,73.22,72.27,72.65,26.6647,6960800
2003-02-07,73.04,73.2,71.28,71.32,26.1766,8105600
2003-02-10,71.4,72.12,70.89,72.06,26.4482,2130400
2003-02-11,72.28,72.45,71.048,71.86,26.3748,3132400
2003-02-12,71.627,71.88,70.67,70.85,26.0041,7394600
2003-02-13,70.84,70.8906,69.94,70.66,25.9343,3506600
2003-02-14,70.76,71.59,70.51,71.3,26.1692,2653800
2003-02-18,71.85,72.75,71.85,72.73,26.6941,1881000
2003-02-19,72.55,72.55,71.33,71.85,26.3711,4073800
2003-02-20,71.92,71.97,71.4,71.7,26.3161,2898200
2003-02-21,71.7,72.81,71.15,72.32,26.5436,2668800
2003-02-24,72.194,72.194,71.2,71.21,26.1362,2530000
2003-02-25,70.9,72.05,70.35,71.86,26.3748,2659400
2003-02-26,71.79,71.9,71.01,71.5,26.2427,1955600
2003-02-27,71.87,72.3,71.3,71.894,26.3873,2940800
2003-02-28,72.09,72.54,71.67,72.01,26.4298,1458600
2003-03-03,72.5,72.75,71.26,71.79,26.3491,2962200
2003-03-04,71.65,71.65,70.8,70.86,26.0078,1724800
2003-03-05,70.77,71.27,70.584,71.0,26.0591,1838200
2003-03-06,70.504,70.86,70.15,70.42,25.8463,1848200
2003-03-07,69.75,70.84,69.52,70.45,25.9162,2813200
2003-03-10,69.99,70.14,69.05,69.24,25.471,2209200
2003-03-11,69.33,69.8,68.75,68.75,25.2908,2102800
2003-03-12,68.886,69.08,68.23,68.9,25.346,4736200
2003-03-13,69.8,70.84,69.24,70.76,26.0302,3975600
2003-03-14,71.1,71.26,70.35,70.85,26.0633,3235600
2003-03-17,70.55,72.683,70.18,72.49,26.6666,2270200
2003-03-18,72.9,73.44,72.23,73.44,27.0161,3548000
2003-03-19,73.45,73.46,72.6,73.26,26.9499,3538600
2003-03-20,73.1,73.99,72.06,73.74,27.1264,4423200
2003-03-21,74.33,75.0,73.78,74.77,27.5053,7680000
2003-03-24,73.7,73.94,72.81,73.17,26.9167,5340800
2003-03-25,73.12,74.25,73.0,73.95,27.2037,2976600
2003-03-26,73.93,74.1,73.04,73.04,26.8689,2660600
2003-03-27,72.7,73.74,72.6,73.537,27.0518,1205600
2003-03-28,73.19,73.89,73.19,73.5,27.0381,2776000
2003-03-31,72.65,73.31,71.95,72.0,26.4863,1859200
2003-04-01,72.7,73.35,72.22,73.25,26.9462,2088800
2003-04-02,74.47,75.2,74.13,74.71,27.4833,2799400
2003-04-03,75.4,75.4,74.6,74.75,27.498,3017200
2003-04-04,75.08,75.31,74.33,74.53,27.417,1385600
2003-04-07,76.15,76.44,74.58,74.58,27.4354,3368400
2003-04-08,74.7,75.0,74.36,74.64,27.4575,2013600
2003-04-09,74.732,75.6,73.82,74.23,27.3067,4016000
2003-04-10,74.35,74.56,73.97,74.25,27.314,1569000
2003-04-11,74.77,74.99,73.77,73.84,27.1632,1953200
2003-04-14,74.02,75.25,74.02,75.18,27.6562,1662400
2003-04-15,75.15,75.99,74.65,75.99,27.9541,1252600
2003-04-16,76.12,76.65,75.06,75.2,27.6635,2042800
2003-04-17,75.37,76.55,75.25,76.35,28.0866,3477400
2003-04-21,76.48,76.87,76.18,76.87,28.2779,1799600
2003-04-22,76.2,78.15,76.2,77.93,28.6678,1848600
2003-04-23,77.95,78.84,77.95,78.75,28.9694,2297600
2003-04-24,78.311,78.7,78.04,78.35,28.8223,2505200
2003-04-25,78.25,78.25,77.23,77.25,28.4176,1117000
2003-04-28,77.809,78.92,77.55,78.62,28.9216,1924800
2003-04-29,78.866,79.55,78.75,79.152,29.1173,3254800
2003-04-30,78.85,79.9,78.6,79.4,29.2086,2215200
2003-05-01,79.5,79.85,78.49,79.3,29.1718,2613600
2003-05-02,79.5,81.35,79.5,81.3,29.9075,3410400
2003-05-05,81.53,81.84,81.26,81.67,30.0436,3975800
2003-05-06,81.86,82.57,81.79,82.45,30.3305,3060200
2003-05-07,82.08,82.39,81.72,81.95,30.1466,3449000
2003-05-08,81.38,81.76,81.07,81.27,29.8965,4200400
2003-05-09,81.72,82.48,81.49,82.44,30.3269,2168600
2003-05-12,82.36,83.45,82.3,83.34,30.6579,2536600
2003-05-13,83.37,83.98,82.75,83.83,30.8382,3012400
2003-05-14,84.09,84.09,83.41,83.78,30.8198,3340200
2003-05-15,84.038,84.4,83.7,84.11,30.9412,1187200
2003-05-16,84.11,84.73,83.05,83.07,30.5586,3475200
2003-05-19,82.6,83.19,81.53,81.63,30.0289,4013600
2003-05-20,81.74,82.11,80.86,81.61,30.0215,4261000
2003-05-21,81.37,82.1,81.17,81.92,30.1356,2802600
2003-05-22,81.95,82.91,81.85,82.75,30.4409,3453000
2003-05-23,82.77,83.65,82.39,83.4,30.68,1370600
2003-05-27,83.27,85.39,83.27,85.36,31.401,2582600
2003-05-28,85.6,86.35,85.6,85.94,31.6144,2116200
2003-05-29,86.37,86.97,85.14,86.49,31.8167,4168000
2003-05-30,87.15,88.15,86.87,88.03,32.3832,6961800
2003-06-02,88.75,89.45,88.14,88.49,32.5525,6354800
2003-06-03,88.42,88.77,88.0,88.77,32.6555,2427800
2003-06-04,88.75,90.25,88.69,89.98,33.1006,2709200
2003-06-05,89.65,91.45,89.348,91.45,33.6413,2841000
2003-06-06,92.4,93.08,90.4,90.4,33.2551,4320000
2003-06-09,90.2,90.4,88.68,88.72,32.6371,3422400
2003-06-10,88.98,90.19,88.96,90.05,33.1263,2932800
2003-06-11,90.0,91.05,89.28,90.9,33.439,3112200
2003-06-12,91.48,91.61,90.8,91.41,33.6266,2266400
2003-06-13,91.35,91.39,89.57,89.64,33.0297,2896400
2003-06-16,90.2,91.24,89.85,91.15,33.5861,3104400
2003-06-17,91.63,91.7,90.64,91.34,33.6561,3670200
2003-06-18,90.98,91.53,90.57,91.28,33.634,2160400
2003-06-19,91.5,91.84,89.66,90.04,33.1771,3822600
2003-06-20,90.3,90.4,89.25,89.27,32.8934,2780400
2003-06-23,89.35,89.7,87.39,87.68,32.3075,3962800
2003-06-24,87.42,88.231,86.98,87.65,32.2964,3491000
2003-06-25,87.67,89.04,87.67,88.24,32.5138,4250200
2003-06-26,88.55,89.94,88.4,89.75,33.0702,6290800
2003-06-27,90.0,90.89,89.17,89.18,32.8602,6459200
2003-06-30,89.69,90.31,88.1,88.9,32.757,8802400
2003-07-01,88.81,89.7,87.75,89.51,32.9818,5613600
2003-07-02,89.87,91.75,89.87,91.75,33.8072,4177000
2003-07-03,91.02,91.65,90.81,90.96,33.5161,1816000
2003-07-07,91.85,92.99,91.85,92.85,34.2125,3659800
2003-07-08,92.8,94.76,92.6875,94.5,34.8205,3650400
2003-07-09,94.52,95.4,93.74,95.2,35.0784,7547600
2003-07-10,94.7,94.71,93.16,93.34,34.393,3662000
2003-07-11,93.72,94.7,93.6,94.63,34.8684,2477400
2003-07-14,95.47,96.3,94.6,95.41,35.1558,5055000
2003-07-15,96.3,96.3,94.49,95.15,35.06,3240400
2003-07-16,95.66,95.74,94.1,94.63,34.8684,3465200
2003-07-17,93.77,93.88,91.58,91.63,33.763,6555200
2003-07-18,92.2,92.8,91.54,92.25,33.9914,4134000
2003-07-21,92.11,92.35,90.82,91.45,33.6966,4103600
2003-07-22,91.72,92.7,91.12,92.52,34.0909,3774600
2003-07-23,92.55,93.15,91.68,93.15,34.323,4282600
2003-07-24,93.66,94.44,92.67,92.97,34.2567,3961800
2003-07-25,92.95,93.86,92.29,93.65,34.5073,2761000
2003-07-28,93.64,94.9,93.58,94.8,34.931,3708800
2003-07-29,94.95,95.25,93.6,94.85,34.9494,4928000
2003-07-30,94.95,94.95,93.84,94.49,34.8168,2509400
2003-07-31,95.0,95.74,94.47,94.68,34.8868,5325200
2003-08-01,94.75,94.954,93.05,93.35,34.3967,4639000
2003-08-04,93.14,93.504,91.67,92.41,34.0504,7828000
2003-08-05,92.44,92.65,90.81,90.81,33.4608,6021600
2003-08-06,90.97,91.46,90.15,90.4,33.3097,4478600
2003-08-07,90.51,90.7,89.63,90.7,33.4203,5006600
2003-08-08,90.86,90.95,90.14,90.5,33.3466,4139800
2003-08-11,90.44,91.75,90.44,91.75,33.8072,4535400
2003-08-12,91.69,93.29,91.514,93.29,34.3746,5286600
2003-08-13,93.3,93.6,92.8,93.6,34.4888,7627000
2003-08-14,93.43,94.28,93.03,94.21,34.7136,2902600
2003-08-15,94.05,94.67,94.04,94.24,34.7247,1488000
2003-08-18,94.66,96.31,94.32,96.11,35.4137,3762000
2003-08-19,96.55,97.91,96.1,97.91,36.077,5248200
2003-08-20,97.01,97.98,96.75,97.86,36.0585,4613200
2003-08-21,98.4,98.8,98.1,98.66,36.3533,4576200
2003-08-22,99.79,99.79,96.89,96.92,35.7122,7130400
2003-08-25,96.74,97.09,95.92,96.83,35.679,4681600
2003-08-26,96.32,97.25,95.11,97.2,35.8153,5046000
2003-08-27,97.19,98.2,96.99,98.15,36.1654,2389000
2003-08-28,98.3,98.99,97.29,98.8,36.4049,4292200
2003-08-29,98.89,99.85,98.67,99.21,36.556,3550000
2003-09-02,99.75,101.5,99.1,101.5,37.3998,6344600
2003-09-03,101.78,102.35,101.48,101.93,37.5582,5528200
2003-09-04,102.15,102.55,101.56,102.35,37.713,4888200
2003-09-05,101.8,102.98,101.25,101.7,37.4735,6292200
2003-09-08,102.15,103.4,101.97,103.11,37.993,4607400
2003-09-09,103.05,103.24,102.11,102.35,37.713,4377400
2003-09-10,101.91,101.91,100.23,100.33,36.9686,7439600
2003-09-11,100.38,101.55,100.19,101.2,37.2892,5449200
2003-09-12,100.71,101.8,99.8,101.41,37.4543,5092000
2003-09-15,101.62,102.3,101.05,101.16,37.362,6256800
2003-09-16,101.45,102.9,101.42,102.67,37.9197,4066000
2003-09-17,102.57,103.1,102.18,102.64,37.9086,3757800
2003-09-18,102.75,103.74,102.0,103.71,38.3038,2872400
2003-09-19,103.9,103.9,103.09,103.6,38.2632,2665200
2003-09-22,102.2,102.9,101.74,102.18,37.7387,4317400
2003-09-23,102.3,103.57,102.3,103.57,38.2521,4706000
2003-09-24,103.8,103.85,101.01,101.01,37.3066,5422200
2003-09-25,101.33,101.7,98.28,98.28,36.2983,7514800
2003-09-26,98.42,98.61,96.48,96.6,35.6778,10653600
2003-09-29,97.25,98.33,95.76,98.33,36.3168,13243800
2003-09-30,97.88,98.3,96.15,97.05,35.844,14310400
2003-10-01,97.37,99.94,97.3,99.67,36.8117,10303000
2003-10-02,99.7,100.75,99.51,100.63,37.1662,7725200
2003-10-03,101.66,102.7,101.5,102.22,37.7535,8542200
2003-10-06,102.2,103.2,101.79,103.1,38.0785,2976800
2003-10-07,102.64,103.91,102.2,103.68,38.2927,8096800
2003-10-08,103.86,104.2,102.44,102.87,37.9935,5081400
2003-10-09,104.02,105.19,102.9,103.95,38.3924,10419000
2003-10-10,103.85,104.16,102.52,103.82,38.3444,9808000
2003-10-13,104.12,105.69,103.9,105.45,38.9464,5230400
2003-10-14,105.35,106.25,104.88,106.14,39.2013,7336800
2003-10-15,106.66,106.8,104.77,104.81,38.7101,8170200
2003-10-16,104.81,105.93,104.75,105.75,39.0572,4426400
2003-10-17,105.7,105.91,103.69,103.7,38.3001,8651800
2003-10-20,103.94,104.55,103.51,104.22,38.4921,5974200
2003-10-21,103.98,105.15,103.98,104.69,38.6657,8582600
2003-10-22,103.666,103.89,102.29,102.4,37.82,7309400
2003-10-23,101.65,102.502,100.87,101.5,37.4876,9796200
2003-10-24,100.85,101.83,100.28,101.25,37.3952,8896400
2003-10-27,101.6,103.11,101.55,102.73,37.9418,7502400
2003-10-28,103.31,105.2,103.06,105.2,38.8541,6610600
2003-10-29,104.77,106.25,104.58,105.9,39.1126,9492400
2003-10-30,107.0,107.25,105.63,106.2,39.2234,8193400
2003-10-31,106.27,106.56,104.057,105.5,38.9649,4893400
2003-11-03,106.19,107.502,106.1875,107.29,39.626,5433422
2003-11-04,107.2,107.99,106.92,107.44,39.6814,5420946
2003-11-05,107.35,107.97,106.064,107.97,39.8772,8291000
2003-11-06,108.04,108.82,107.05,108.82,40.1911,6670600
2003-11-07,109.26,109.39,107.99,107.99,39.8845,5796400
2003-11-10,108.27,108.52,106.22,106.25,39.2419,4527000
2003-11-11,106.31,106.49,105.0,105.52,38.9723,6615600
2003-11-12,105.68,107.96,105.68,107.96,39.8735,8923600
2003-11-13,107.572,108.5,107.25,108.25,39.9806,7083000
2003-11-14,108.23,108.94,106.0,106.2,39.2234,6241800
2003-11-17,105.432,105.5,103.89,104.91,38.747,9323400
2003-11-18,105.55,106.19,103.7,103.76,38.3222,11542600
2003-11-19,104.096,105.3,103.57,104.85,38.7248,7253200
2003-11-20,104.002,105.74,103.78,104.14,38.4626,6618600
2003-11-21,104.85,105.3,104.3,105.29,38.8873,7275200
2003-11-24,106.05,107.89,105.8,107.7,39.7774,7888600
2003-11-25,107.79,108.84,107.51,108.35,40.0175,7972400
2003-11-26,109.1,109.49,107.55,108.93,40.2317,5508000
2003-11-28,108.666,109.46,108.64,109.45,40.4238,1156400
2003-12-01,109.87,110.86,109.75,110.86,40.9445,5149400
2003-12-02,110.85,111.42,110.35,110.69,40.8817,4948800
2003-12-03,111.084,111.361,108.65,108.7,40.1468,4838000
2003-12-04,108.808,109.01,107.11,108.95,40.2391,7715800
2003-12-05,108.31,108.5,107.15,107.6,39.7405,6813800
2003-12-08,107.4,108.55,106.95,108.4,40.036,6081800
2003-12-09,108.85,108.95,106.4,106.57,39.3601,7100600
2003-12-10,107.0,107.0,104.89,105.61,39.0055,9320400
2003-12-11,105.8,108.61,105.646,108.56,40.0951,8991000
2003-12-12,108.362,108.96,107.54,108.96,40.3823,8462600
2003-12-15,109.01,110.9,106.35,106.41,39.4372,7393200
2003-12-16,106.64,107.17,105.25,107.12,39.7864,8354600
2003-12-17,107.2,107.31,106.03,107.1,39.7789,6908000
2003-12-18,107.17,109.0,106.92,108.75,40.3918,9741800
2003-12-19,108.8,108.925,107.67,108.4,40.2618,7819200
2003-12-22,108.25,109.61,108.06,109.61,40.7112,4387400
2003-12-23,109.49,110.49,109.24,110.21,40.934,5986400
2003-12-24,110.1,110.36,109.87,110.08,40.8857,1266600
2003-12-26,110.35,110.75,110.2,110.47,41.0306,1510000
2003-12-29,110.96,112.25,110.91,112.15,41.6546,4843200
2003-12-30,112.0,112.75,111.81,112.44,41.7623,5734000
2003-12-31,112.65,112.99,110.68,110.8,41.1532,12727800
2004-01-02,111.167,112.629,111.16,111.99,41.5952,11182200
2004-01-05,112.75,113.55,112.31,113.3,42.0817,8686600
2004-01-06,113.37,114.13,113.0,113.15,42.026,6196800
2004-01-07,113.322,114.55,112.962,114.35,42.4717,5919600
2004-01-08,115.28,115.73,114.41,115.22,42.7948,6270800
2004-01-09,114.658,116.01,114.12,114.3,42.4531,9598000
2004-01-12,114.88,116.5,114.5,116.44,43.248,5907000
2004-01-13,116.307,116.32,114.421,115.95,43.066,8131000
2004-01-14,116.376,116.78,115.77,116.55,43.2888,6592000
2004-01-15,116.75,117.103,115.28,116.85,43.4003,6338000
2004-01-16,117.7,118.12,117.12,117.5,43.6417,6732200
2004-01-20,118.1,119.13,117.31,118.91,44.1654,7429800
2004-01-21,118.85,119.37,117.5,118.75,44.1059,8255600
2004-01-22,119.51,119.73,117.66,118.08,43.8571,7190400
2004-01-23,118.19,118.82,117.38,118.72,44.0948,8256200
2004-01-26,118.7,120.06,117.91,119.9,44.5331,4996200
2004-01-27,119.82,119.9,118.29,118.4,43.976,6648600
2004-01-28,119.194,119.34,115.88,116.55,43.2888,12830000
2004-01-29,116.7,116.99,114.16,115.45,42.8803,17243600
2004-01-30,115.6094,116.38,114.75,115.6,42.936,8859200
2004-02-02,115.84,116.75,114.64,115.9,43.0474,10311400
2004-02-03,115.6,115.82,115.11,115.25,42.806,4679200
2004-02-04,114.79,114.81,112.3,112.4,41.7474,11437000
2004-02-05,113.135,113.87,112.59,113.45,42.1374,9356800
2004-02-06,113.45,116.63,113.45,116.32,43.2034,11458200
2004-02-09,116.791,117.3,116.19,116.55,43.2888,8756000
2004-02-10,116.6,118.05,116.36,117.95,43.8088,4896000
2004-02-11,118.014,118.93,117.5,118.67,44.0762,8204200
2004-02-12,118.73,119.1,117.81,117.86,43.7754,5121000
2004-02-13,118.227,118.74,116.4,116.65,43.326,7421800
2004-02-17,117.42,118.7,117.36,118.7,44.0874,6605200
2004-02-18,118.8,118.87,117.48,117.83,43.7642,5221200
2004-02-19,118.8,118.94,115.75,115.75,42.9917,9321400
2004-02-20,116.14,116.5,114.56,115.55,42.9174,10968000
2004-02-23,115.912,115.96,113.58,113.81,42.2711,12405400
2004-02-24,113.5,114.99,112.6,113.8,42.2674,14174400
2004-02-25,114.14,115.46,113.68,115.4,42.8617,10497800
2004-02-26,115.18,116.49,114.8,116.1,43.1217,8306000
2004-02-27,116.37,117.1,115.95,116.7,43.3445,9046400
2004-03-01,117.002,118.59,116.8,118.55,44.0317,11023800
2004-03-02,118.4,118.9,117.6,117.61,43.6825,14427200
2004-03-03,117.39,118.32,116.57,117.73,43.7271,8672200
2004-03-04,117.75,119.3,117.37,119.22,44.2805,4835200
2004-03-05,118.36,120.43,118.2,119.49,44.3808,9174400
2004-03-08,119.81,120.33,117.73,117.8,43.7531,7698400
2004-03-09,117.9,118.3,116.38,116.8,43.3817,11062800
2004-03-10,117.07,117.76,114.22,114.35,42.4717,17782400
2004-03-11,113.92,116.0,113.08,113.2,42.0446,21168000
2004-03-12,114.0,116.94,113.82,116.25,43.1774,13307200
2004-03-15,115.82,115.88,112.82,113.25,42.0631,21094200
2004-03-16,114.03,114.53,112.02,113.3,42.0817,34804602
2004-03-17,113.85,115.64,113.8,115.4,42.8617,18236800
2004-03-18,114.94,115.23,113.35,114.7,42.6017,17929000
2004-03-19,114.75,115.12,113.3,113.7,42.2303,14281000
2004-03-22,112.63,113.15,111.1,111.51,41.4169,18560800
2004-03-23,112.32,113.15,111.27,111.7,41.4874,15123600
2004-03-24,112.02,112.36,110.72,111.55,41.4317,13165400
2004-03-25,112.35,114.25,112.0,114.12,42.3863,19901400
2004-03-26,113.66,114.99,113.59,114.2,42.4938,11659800
2004-03-29,115.0,116.5,114.92,116.39,43.3087,15617400
2004-03-30,116.11,117.48,116.0,117.34,43.6622,9919000
2004-03-31,117.35,117.8,116.31,117.6,43.759,13493800
2004-04-01,117.58,118.94,117.39,118.89,44.239,9806600
2004-04-02,120.56,120.94,119.61,120.4,44.8008,12827200
2004-04-05,120.47,120.9,119.8,120.75,44.9311,7325800
2004-04-06,120.05,120.48,119.01,119.28,44.3841,10185200
2004-04-07,119.25,120.49,118.35,120.18,44.719,10875800
2004-04-08,121.09,121.15,118.94,119.11,44.3208,9078200
2004-04-12,119.38,120.3,119.12,119.42,44.4362,7693000
2004-04-13,120.15,120.15,116.2,116.64,43.4017,16763800
2004-04-14,115.93,117.34,115.15,116.28,43.2678,15333200
2004-04-15,116.25,116.95,114.4,115.38,42.9329,13483800
2004-04-16,115.9,116.84,114.56,116.26,43.2603,13355800
2004-04-19,116.03,117.24,115.17,117.12,43.5803,11097200
2004-04-20,117.45,118.23,114.27,114.53,42.6166,16261000
2004-04-21,115.0,116.4,114.04,116.4,43.3124,12280600
2004-04-22,116.12,118.52,116.1,118.0,43.9078,14381000
2004-04-23,118.49,118.56,116.69,117.75,43.8148,9105200
2004-04-26,118.07,119.06,117.19,118.0,43.9078,10511800
2004-04-27,118.0,118.71,116.86,117.7,43.7962,6833800
2004-04-28,117.15,117.3,114.6,115.24,42.8808,15350800
2004-04-29,115.3,115.87,112.25,112.95,42.0287,16087800
2004-04-30,113.6,113.8,111.11,111.11,41.344,18905200
2004-05-03,111.6,113.37,111.49,112.57,41.8873,14628000
2004-05-04,112.66,114.92,112.45,113.2,42.1217,14691400
2004-05-05,113.6,114.4,113.29,113.7,42.3078,9045000
2004-05-06,112.88,112.88,110.7,112.04,41.6901,22115200
2004-05-07,111.2,113.16,108.85,108.85,40.5031,21520200
2004-05-10,108.0,108.76,106.15,106.92,39.7849,33150000
2004-05-11,107.86,109.6,107.5,109.25,40.6519,24259200
2004-05-12,109.06,110.1,106.3,110.08,40.9608,31081000
2004-05-13,109.4,110.35,108.43,108.57,40.3989,20447600
2004-05-14,108.74,109.8,107.65,108.15,40.2426,20056800
2004-05-17,106.48,107.85,105.51,107.12,39.8593,19698400
2004-05-18,107.57,108.39,107.03,108.33,40.3096,13970400
2004-05-19,109.2,110.42,107.44,107.56,40.0231,18786800
2004-05-20,107.8,108.6,106.98,107.78,40.1049,12400600
2004-05-21,108.4,109.19,107.84,108.79,40.4808,12021800
2004-05-24,109.76,110.42,109.19,110.2,41.0054,10802600
2004-05-25,109.95,112.92,109.62,112.5,41.8612,14969200
2004-05-26,112.44,113.27,112.06,113.27,42.1478,12890600
2004-05-27,113.65,114.26,112.37,113.3,42.1589,19802800
2004-05-28,113.27,113.7,112.78,113.5,42.2333,6848400
2004-06-01,113.0,114.6,112.88,114.58,42.6352,11926600
2004-06-02,114.81,114.92,113.72,114.2,42.4938,12855600
2004-06-03,114.05,114.16,112.0,112.0,41.6752,11824600
2004-06-04,113.14,114.1,112.64,113.4,42.1961,11023000
2004-06-07,113.89,115.54,113.6,115.45,42.9589,9933800
2004-06-08,115.11,115.59,114.83,115.34,42.918,6248200
2004-06-09,115.05,115.51,113.25,113.25,42.1403,10326200
2004-06-10,113.94,114.15,113.08,113.7,42.3078,9060600
2004-06-14,112.92,113.1,111.23,111.47,41.478,11227000
2004-06-15,112.28,113.83,112.21,113.5,42.2333,20003800
2004-06-16,113.31,113.91,112.92,113.72,42.3152,8662800
2004-06-17,113.52,114.08,112.66,113.43,42.2073,17147600
2004-06-18,113.06,114.36,113.0,113.82,42.3524,11470800
2004-06-21,113.86,114.39,113.3,113.37,42.185,6144000
2004-06-22,113.45,114.29,112.41,114.25,42.5124,9991200
2004-06-23,113.97,116.1,113.95,115.97,43.1524,16378600
2004-06-24,115.92,116.6,115.37,115.55,42.9962,8302000
2004-06-25,114.73,117.0,114.73,116.6,43.5017,12696200
2004-06-28,116.7,117.41,116.08,116.36,43.4121,15506800
2004-06-29,116.14,117.73,116.14,117.33,43.774,7803000
2004-06-30,117.44,117.99,117.04,117.99,44.0203,10870600
2004-07-01,117.82,118.08,115.84,115.84,43.2181,16748400
2004-07-02,116.09,116.45,115.3,116.2,43.3524,7557600
2004-07-06,115.47,115.56,113.75,114.12,42.5764,13059400
2004-07-07,113.96,115.0,113.7,113.98,42.5242,8704200
2004-07-08,113.27,113.98,111.59,111.91,41.7519,13588000
2004-07-09,112.3,112.71,111.85,112.65,42.028,11440400
2004-07-12,112.2,112.75,111.16,112.0,41.7855,13178000
2004-07-13,112.33,112.78,112.01,112.15,41.8415,6838400
2004-07-14,111.27,112.92,111.08,111.5,41.5989,12582800
2004-07-15,111.91,112.58,111.53,111.75,41.6922,7474400
2004-07-16,112.57,112.62,110.4,110.5,41.2259,13095600
2004-07-19,110.84,111.0,109.65,110.36,41.1736,19252200
2004-07-20,110.67,112.91,110.44,112.55,41.9907,9932000
2004-07-21,112.76,112.89,109.02,109.02,40.6737,18339000
2004-07-22,109.06,109.53,107.21,109.2,40.7409,18692400
2004-07-23,108.67,108.87,107.4,107.64,40.1588,18983400
2004-07-26,107.88,108.24,105.71,106.23,39.6328,16630600
2004-07-27,106.78,108.69,106.68,108.21,40.3715,16332600
2004-07-28,108.02,108.7,106.4015,108.12,40.3379,20419800
2004-07-29,108.8,109.68,108.25,109.4,40.8155,11042800
2004-07-30,109.2,110.17,109.0,110.0,41.0393,12371000
2004-08-02,109.2,110.19,108.33,109.6,40.8901,12619600
2004-08-03,109.43,109.55,107.98,108.03,40.3043,14361000
2004-08-04,107.37,108.99,106.7,107.94,40.2708,19376200
2004-08-05,107.98,108.12,105.73,105.95,39.5283,15888800
2004-08-06,104.7,105.01,103.37,103.73,38.7001,18657600
2004-08-09,103.9,104.24,103.1,103.4,38.577,10382000
2004-08-10,103.52,105.73,103.45,105.02,39.1814,18174000
2004-08-11,104.3,105.41,103.12,104.88,39.1291,13079600
2004-08-12,104.19,104.41,103.0,103.37,38.5658,10002400
2004-08-13,103.57,104.08,102.67,103.35,38.5583,9649200
2004-08-16,103.56,105.37,103.43,105.12,39.2187,16554200
2004-08-17,105.92,106.45,105.34,105.78,39.4649,10361400
2004-08-18,105.15,108.12,105.0,108.04,40.3081,13410200
2004-08-19,107.72,108.08,106.73,107.12,39.9648,10120000
2004-08-20,107.12,109.4,106.91,109.02,40.6737,11926000
2004-08-23,109.47,109.84,108.21,108.62,40.5245,12612000
2004-08-24,109.25,109.5,108.12,108.92,40.6364,11565600
2004-08-25,108.86,109.75,108.0,109.35,40.7968,14259400
2004-08-26,109.35,109.73,108.8,108.9,40.6289,9472000
2004-08-27,109.15,110.25,109.15,109.76,40.9498,8073200
2004-08-30,109.4,109.8,108.4,108.51,40.4834,10043000
2004-08-31,108.8,109.5,107.88,108.34,40.42,24710400
2004-09-01,109.09,111.09,109.09,110.25,41.1326,20114400
2004-09-02,110.01,112.2,109.94,112.19,41.8564,9649400
2004-09-03,111.65,112.21,110.4,110.95,41.3938,10964400
2004-09-07,111.81,112.65,111.41,112.35,41.9161,11445200
2004-09-08,112.04,113.07,111.12,111.75,41.6922,11916600
2004-09-09,111.72,113.48,111.7,112.68,42.0392,12042000
2004-09-10,113.0,113.92,112.15,113.72,42.4272,11722400
2004-09-13,113.85,114.88,113.76,114.33,42.6548,13555400
2004-09-14,114.27,114.36,113.16,114.1,42.569,9152000
2004-09-15,113.74,113.78,112.85,113.41,42.3115,10729200
2004-09-16,113.85,114.83,113.67,114.63,42.7667,9656400
2004-09-17,114.6,114.88,113.55,114.43,42.6921,12208600
2004-09-20,113.91,114.68,113.62,113.92,42.5018,10989600
2004-09-21,114.37,115.35,114.21,114.78,42.8227,9596800
2004-09-22,114.03,114.11,112.78,112.84,42.0989,14979200
2004-09-23,113.09,113.42,112.59,112.73,42.0578,9478000
2004-09-24,113.0,113.59,112.65,112.67,42.1345,10655200
2004-09-27,112.37,112.4,111.09,111.47,41.6858,15948200
2004-09-28,111.58,112.8,111.14,112.8,42.1831,13527000
2004-09-29,112.56,113.85,112.47,113.85,42.5758,16073200
2004-09-30,113.34,114.6,113.31,113.85,42.5758,17295800
2004-10-01,114.57,116.75,114.43,116.72,43.6491,16467400
2004-10-04,117.6,118.18,117.2,117.38,43.8959,13371200
2004-10-05,117.23,117.78,116.75,117.27,43.8547,10255800
2004-10-06,117.19,118.26,116.88,118.03,44.139,9333800
2004-10-07,117.75,117.87,116.0,116.06,43.4022,10364600
2004-10-08,115.65,116.37,114.6,114.6,42.8563,15495600
2004-10-11,114.99,115.22,114.41,115.14,43.0582,7916600
2004-10-12,114.21,115.35,113.58,114.87,42.9572,14074600
2004-10-13,115.73,115.95,113.17,113.2,42.3327,18066600
2004-10-14,113.32,113.73,112.46,112.46,42.056,13528200
2004-10-15,113.01,114.25,112.29,113.62,42.4898,16297800
2004-10-18,113.32,114.45,112.72,114.1,42.6693,14040600
2004-10-19,114.53,115.08,112.8,112.92,42.228,14656200
2004-10-20,112.54,113.89,112.07,113.51,42.4486,14972600
2004-10-21,113.74,115.15,113.13,114.95,42.9871,10623800
2004-10-22,114.95,115.3,112.91,112.99,42.2542,16834000
2004-10-25,112.79,114.45,112.56,114.2,42.7067,15370400
2004-10-26,114.25,115.7,112.98,115.7,43.2676,15694400
2004-10-27,115.36,117.18,115.18,116.83,43.6902,18686800
2004-10-28,116.95,117.08,115.85,116.4,43.5294,10726400
2004-10-29,116.49,117.12,115.75,116.19,43.4509,11972800
2004-11-01,116.54,117.25,115.72,117.11,43.7949,13357800
2004-11-02,117.27,118.06,116.14,116.65,43.6229,12997000
2004-11-03,118.42,119.1,117.72,118.53,44.3259,18907000
2004-11-04,118.55,120.07,117.83,119.98,44.8682,12551400
2004-11-05,120.4,121.25,119.64,120.52,45.0701,10656600
2004-11-08,120.48,120.87,119.77,120.1,44.9131,5433200
2004-11-09,120.15,121.15,120.0,120.53,45.0739,6608800
2004-11-10,120.75,122.14,120.6,121.4,45.3992,11236200
2004-11-11,121.61,122.98,121.5,122.6,45.848,8648800
2004-11-12,122.72,124.05,122.35,123.85,46.3154,12642600
2004-11-15,123.9,124.55,123.35,124.55,46.5772,9392000
2004-11-16,124.04,124.27,123.05,123.45,46.1658,11707800
2004-11-17,124.05,125.34,123.61,124.11,46.4127,14989200
2004-11-18,124.14,124.3885,123.26,123.92,46.3416,12536200
2004-11-19,123.88,123.95,122.12,122.6,45.848,11446200
2004-11-22,122.15,124.05,122.1,123.9,46.3341,13930200
2004-11-23,123.93,124.75,122.79,124.67,46.6221,21859400
2004-11-24,124.8,125.9,124.65,125.42,46.9025,11408600
2004-11-26,125.65,126.4,125.5,125.5,46.9325,6176600
2004-11-29,126.42,127.08,124.95,125.95,47.1007,17324800
2004-11-30,126.46,126.98,126.12,126.88,47.4485,14477400
2004-12-01,126.81,128.65,126.68,128.06,47.8898,19120200
2004-12-02,128.01,128.81,127.55,127.88,47.8225,12885200
2004-12-03,127.91,128.82,127.64,127.64,47.7327,13313800
2004-12-06,127.98,128.15,126.85,127.04,47.5084,6250600
2004-12-07,127.47,127.72,124.71,124.81,46.6744,13218200
2004-12-08,125.0,126.2,124.6,126.2,47.1942,11617000
2004-12-09,125.37,125.93,123.9,125.24,46.8352,18757600
2004-12-10,125.01,126.6,124.83,126.2,47.1942,10605200
2004-12-13,126.85,127.58,125.94,127.58,47.7103,11161400
2004-12-14,127.46,128.63,127.4,128.27,47.9683,11281800
2004-12-15,128.31,129.49,128.21,129.34,48.3685,10572600
2004-12-16,129.25,129.43,127.66,128.33,47.9908,13787000
2004-12-17,127.95,128.55,127.35,127.81,47.7963,19289000
2004-12-20,128.09,128.94,127.02,127.66,47.7402,11991600
2004-12-21,127.9,129.06,127.61,129.01,48.2451,9145200
2004-12-22,129.02,129.85,128.88,129.26,48.3386,7294000
2004-12-23,129.15,129.7,129.07,129.18,48.4627,8365000
2004-12-27,130.0,130.0,127.65,128.35,48.1514,10337000
2004-12-28,128.46,130.2,128.46,130.05,48.7891,8985200
2004-12-29,130.02,130.4,129.61,130.04,48.7854,9263400
2004-12-30,130.21,130.4,129.58,129.58,48.6128,7993400
2004-12-31,129.88,130.66,129.36,129.5,48.5828,15082400
2005-01-03,130.19,130.42,127.14,127.82,47.9525,16097200
2005-01-04,128.07,128.17,124.86,125.08,46.9246,27452800
2005-01-05,124.94,125.28,122.58,122.58,45.9867,29935600
2005-01-06,123.34,124.4,122.45,123.23,46.2306,23061200
2005-01-07,123.51,123.9,121.79,121.86,45.7166,20906200
2005-01-10,122.0,124.2,121.9,123.1,46.1818,23451000
2005-01-11,122.49,122.57,121.25,121.6,45.6191,23338200
2005-01-12,121.78,122.5,120.26,122.1,45.8066,24793200
2005-01-13,122.29,122.87,121.15,121.73,45.6678,18940600
2005-01-14,122.09,123.1,121.83,122.89,46.103,13541000
2005-01-18,122.6,124.81,122.42,124.35,46.6507,16796600
2005-01-19,124.29,124.75,122.57,122.57,45.983,20194800
2005-01-20,122.14,122.97,121.63,121.84,45.7091,29672000
2005-01-21,122.05,122.98,121.15,121.56,45.604,22310000
2005-01-24,121.92,122.5,120.17,120.63,45.2552,18547200
2005-01-25,121.16,122.2,120.46,120.94,45.3715,22059200
2005-01-26,121.42,122.9,121.12,122.55,45.9755,18352600
2005-01-27,122.38,123.73,122.15,122.9,46.1068,21003800
2005-01-28,123.3,123.3,121.37,122.8,46.0692,21107800
2005-01-31,123.52,124.5,123.14,124.24,46.6095,22814600
2005-02-01,124.25,125.37,124.06,124.94,46.8721,20307800
2005-02-02,125.12,125.99,124.92,125.89,47.2285,17767800
2005-02-03,125.7,125.7,124.25,125.21,46.9734,14931200
2005-02-04,125.21,127.06,125.06,126.78,47.5624,19564000
2005-02-07,127.05,127.55,126.18,126.75,47.5511,12354400
2005-02-08,126.71,127.46,126.6,127.06,47.6674,10691000
2005-02-09,127.48,127.5,124.35,124.35,46.6507,27450600
2005-02-10,124.74,125.23,123.81,124.57,46.7333,20380000
2005-02-11,124.65,126.74,123.76,126.6,47.4948,18049200
2005-02-14,126.4,127.0,125.72,126.49,47.4536,8975000
2005-02-15,126.65,127.36,125.83,126.6,47.4948,14453800
2005-02-16,126.4,127.8,125.95,126.98,47.6374,18860200
2005-02-17,127.4,127.67,125.75,125.86,47.2172,17347600
2005-02-18,125.72,126.41,125.0,125.55,47.1009,15581400
2005-02-22,124.9,125.7,123.0,123.1,46.1818,27261600
2005-02-23,123.48,124.57,123.32,123.83,46.4557,17492200
2005-02-24,123.68,125.16,122.77,124.99,46.8908,16971800
2005-02-25,124.8,127.09,124.8,127.07,47.6712,23738800
2005-02-28,126.9,127.27,125.35,126.28,47.3748,18184400
2005-03-01,126.66,127.58,126.28,127.25,47.7387,19510200
2005-03-02,126.71,128.26,126.5,127.02,47.6524,21113200
2005-03-03,127.6,127.94,126.28,127.13,47.6937,17493400
2005-03-04,128.15,128.91,127.52,128.69,48.2789,16206200
2005-03-07,128.9,129.28,128.26,128.37,48.1589,13367000
2005-03-08,128.38,128.67,127.05,127.15,47.7012,15237000
2005-03-09,126.87,127.14,125.71,125.71,47.161,23342200
2005-03-10,125.89,126.69,124.46,125.17,46.9584,23021200
2005-03-11,125.55,126.1,124.41,125.08,46.9246,15533400
2005-03-14,125.46,126.02,124.87,126.02,47.2772,15182800
2005-03-15,126.53,126.82,124.9,125.17,46.9584,18482400
2005-03-16,124.74,125.28,123.95,124.47,46.6958,21592000
2005-03-17,124.52,125.24,123.84,124.47,46.6958,19603400
2005-03-18,124.56,124.7,123.48,123.8,46.4444,24141800
2005-03-21,124.08,124.27,123.15,123.95,46.5007,16590200
2005-03-22,124.1,125.51,123.1,123.1,46.1818,30872000
2005-03-23,123.0,123.03,122.01,122.2,45.8441,21580000
2005-03-24,122.3,123.25,122.01,122.1,46.013,16301800
2005-03-28,122.51,123.01,121.94,122.15,46.0318,12569400
2005-03-29,121.96,123.09,119.85,120.4,45.3723,21811600
2005-03-30,121.5,122.24,120.55,122.17,46.0394,19367200
2005-03-31,122.35,122.37,121.5,122.15,46.0318,20487800
2005-04-01,122.73,123.44,120.82,121.64,45.8396,24024600
2005-04-04,121.44,122.38,120.4,122.09,46.0092,30577600
2005-04-05,122.13,122.65,121.75,122.31,46.0921,17860400
2005-04-06,122.63,123.61,122.35,122.69,46.2353,19718600
2005-04-07,122.18,123.51,121.89,123.17,46.4162,14995800
2005-04-08,123.06,123.32,121.14,121.3,45.7115,19505000
2005-04-11,121.35,121.48,120.39,120.7,45.4854,19160000
2005-04-12,120.52,122.11,119.3,121.83,45.9112,32748400
2005-04-13,121.6,121.8,119.45,119.65,45.0897,25951800
2005-04-14,119.73,120.25,117.25,117.25,44.1853,37281602
2005-04-15,117.31,117.95,115.0,115.64,43.5785,51630000
2005-04-18,115.42,116.76,114.62,116.38,43.8574,35345602
2005-04-19,117.11,118.34,116.96,118.3,44.581,32142200
2005-04-20,118.4,118.6,116.18,116.45,43.8838,31706000
2005-04-21,117.68,119.38,116.05,119.3,44.9578,32421400
2005-04-22,118.93,119.12,116.08,117.37,44.2305,30171000
2005-04-25,117.82,118.65,117.5,118.45,44.6375,19042800
2005-04-26,117.96,119.13,116.05,116.78,44.0082,30992000
2005-04-27,116.25,117.58,115.23,116.73,43.9893,33194398
2005-04-28,116.27,116.3,113.75,113.75,42.8663,30459600
2005-04-29,114.98,115.43,112.99,115.24,43.4278,57493800
2005-05-02,115.56,116.48,115.07,116.42,43.8725,25063800
2005-05-03,116.37,117.3,115.66,117.0,44.0911,25112400
2005-05-04,116.77,118.55,116.43,118.3,44.581,23532200
2005-05-05,118.4,119.16,117.32,118.28,44.5734,41892000
2005-05-06,119.29,119.47,118.16,118.7,44.7317,23372200
2005-05-09,118.66,120.0,118.07,119.84,45.1613,19380200
2005-05-10,119.15,119.84,118.03,118.41,44.6224,29722200
2005-05-11,118.75,118.84,117.01,118.47,44.645,32100400
2005-05-12,118.8,119.15,116.37,116.6,43.9403,30449600
2005-05-13,117.0,117.21,114.89,116.18,43.782,37347200
2005-05-16,116.03,118.0,115.9,117.97,44.4566,31343600
2005-05-17,117.51,118.7,116.84,118.67,44.7204,22691400
2005-05-18,119.24,121.12,119.21,121.05,45.6173,36759800
2005-05-19,120.91,121.74,120.69,121.35,45.7303,26643000
2005-05-20,121.3,121.44,120.37,121.2,45.6738,23165200
2005-05-23,121.35,122.5,121.24,122.0,45.9753,27477400
2005-05-24,121.56,122.25,121.26,121.5,45.7869,21964200
2005-05-25,121.54,121.6,120.3,120.59,45.4439,22454000
2005-05-26,121.09,122.39,121.09,122.27,46.077,20049800
2005-05-27,122.6,123.08,121.8,122.95,46.3333,15095200
2005-05-31,123.04,123.41,122.28,122.69,46.2353,19278200
2005-06-01,122.68,124.5,122.64,124.08,46.7591,26636200
2005-06-02,124.08,124.68,123.69,124.42,46.8873,14414400
2005-06-03,124.29,124.83,123.11,123.51,46.5443,21798200
2005-06-06,123.46,124.12,123.05,123.97,46.7177,18874400
2005-06-07,124.4,125.75,123.94,124.22,46.8119,25322200
2005-06-08,124.48,124.74,123.25,123.43,46.5142,18085800
2005-06-09,61.67,62.42,61.36,62.32,46.9702,21813801
2005-06-10,62.45,62.55,62.08,62.45,47.0681,19951500
2005-06-13,62.27,62.82,62.13,62.73,47.2792,22016100
2005-06-14,62.7,63.27,62.47,63.27,47.6862,15952500
2005-06-15,63.43,63.48,62.64,63.44,47.8143,20577301
2005-06-16,63.48,64.14,63.33,64.06,48.2816,22024500
2005-06-17,64.32,64.65,63.88,64.02,48.2514,20964801
2005-06-20,63.72,64.01,63.56,63.68,48.1049,17149100
2005-06-21,63.85,63.99,63.53,63.86,48.2409,13800000
2005-06-22,63.97,64.22,63.49,64.01,48.3542,15722300
2005-06-23,63.91,64.11,62.88,62.88,47.5006,19651801
2005-06-24,62.94,63.02,62.07,62.21,46.9944,25166801
2005-06-27,62.28,62.59,62.1,62.37,47.1153,21000301
2005-06-28,62.77,63.86,62.72,63.34,47.8481,20578100
2005-06-29,63.86,64.06,63.63,63.84,48.2258,17134600
2005-06-30,64.07,64.29,63.4,63.7,48.12,28373600
2005-07-01,63.7,64.05,63.44,63.98,48.3315,14990200
2005-07-05,63.81,65.05,63.76,64.99,49.0945,26678801
2005-07-06,65.01,65.14,64.38,64.4,48.6488,21094100
2005-07-07,63.69,64.69,63.47,64.58,48.7848,33464301
2005-07-08,64.64,66.02,64.55,65.97,49.8348,24967500
2005-07-11,66.01,66.99,65.98,66.78,50.4467,35692199
2005-07-12,66.68,67.14,66.33,66.57,50.288,24263801
2005-07-13,66.65,66.82,66.15,66.42,50.1747,16982199
2005-07-14,66.9,67.07,65.78,65.94,49.8121,26050801
2005-07-15,65.95,66.2,65.42,66.0,49.8575,15694300
2005-07-18,65.91,66.08,65.37,65.62,49.5704,14420700
2005-07-19,65.89,66.65,65.75,66.54,50.2654,14059500
2005-07-20,66.25,67.55,66.19,67.35,50.8773,23895199
2005-07-21,67.45,67.45,66.22,66.3,50.0841,41945898
2005-07-22,66.45,67.42,66.31,67.32,50.8546,27981500
2005-07-25,67.3,67.68,66.61,66.88,50.5222,22612199
2005-07-26,66.91,67.37,66.59,67.08,50.6733,21967400
2005-07-27,67.25,67.32,66.45,67.27,50.8168,26143900
2005-07-28,67.37,68.0,67.02,67.96,51.3381,21417100
2005-07-29,68.0,68.26,67.44,67.89,51.2852,24815801
2005-08-01,67.94,68.25,67.72,67.86,51.2625,22725900
2005-08-02,68.03,68.52,68.0,68.37,51.6478,16524301
2005-08-03,68.15,68.31,67.87,68.03,51.391,17077699
2005-08-04,67.56,67.8,66.78,66.89,50.5298,19250600
2005-08-05,66.76,66.82,65.66,65.97,49.8348,33235801
2005-08-08,66.17,66.37,65.52,65.74,49.6611,20287199
2005-08-09,65.89,66.07,65.45,65.84,49.7366,21214400
2005-08-10,66.04,66.6,64.87,65.75,49.6686,27641699
2005-08-11,65.57,66.4,65.55,66.32,50.0992,23566600
2005-08-12,66.04,66.07,65.13,65.52,49.4949,25523100
2005-08-15,65.65,66.49,65.25,66.22,50.0237,23690500
2005-08-16,66.07,66.08,65.06,65.06,49.1474,18779100
2005-08-17,65.0,65.59,64.84,64.98,49.0869,21168199
2005-08-18,64.77,65.15,64.47,64.77,48.9283,23391000
2005-08-19,65.05,65.16,64.71,65.11,49.1851,20513000
2005-08-22,65.24,65.54,64.87,65.48,49.4646,22173500
2005-08-23,65.51,65.63,64.86,65.47,49.4571,20685400
2005-08-24,65.24,66.03,64.91,65.21,49.2607,28753100
2005-08-25,65.34,65.68,65.18,65.57,49.5326,13913000
2005-08-26,65.56,65.57,64.44,64.5,48.7243,19853301
2005-08-29,64.43,65.37,64.2,65.37,49.3815,23967301
2005-08-30,65.12,65.27,64.7,65.08,49.1625,21959100
2005-08-31,65.15,66.53,64.92,66.53,50.2578,25308699
2005-09-01,66.42,66.88,66.21,66.53,50.2578,21112199
2005-09-02,66.76,66.8,65.9,66.17,49.9859,21928100
2005-09-06,66.37,67.19,66.27,67.16,50.7337,26680801
2005-09-07,67.13,67.47,66.88,67.36,50.8848,14230200
2005-09-08,67.19,67.3,66.74,66.98,50.5978,13029300
2005-09-09,67.215,67.58,67.05,67.39,50.9075,23016100
2005-09-12,67.425,68.08,67.28,67.69,51.1341,17628699
2005-09-13,67.55,67.55,66.91,67.17,50.7413,23228900
2005-09-14,67.195,67.3,66.2515,66.4,50.1596,21257199
2005-09-15,66.49,66.64,66.06,66.17,49.9859,23098600
2005-09-16,66.57,67.02,66.34,66.94,50.5676,24336600
2005-09-19,66.86,66.98,66.3,66.62,50.3258,24514400
2005-09-20,66.76,66.92,65.56,65.66,49.6006,29513000
2005-09-21,65.53,65.61,64.6,64.6,48.7999,28527199
2005-09-22,64.67,65.12,64.1,64.93,49.0492,34380602
2005-09-23,64.61,65.3,64.24,65.18,49.3886,27178400
2005-09-26,65.62,65.85,65.19,65.62,49.722,22874699
2005-09-27,65.52,65.85,64.96,65.4,49.5553,27077000
2005-09-28,65.57,65.64,64.74,65.31,49.4871,21580900
2005-09-29,65.245,66.15,64.81,66.03,50.0327,24484600
2005-09-30,66.04,66.44,65.79,66.39,50.3055,29016301
2005-10-03,66.49,67.06,66.44,66.79,50.6086,26406699
2005-10-04,66.88,67.1,65.72,65.78,49.8433,17037600
2005-10-05,65.77,65.77,64.05,64.1,48.5703,45606699
2005-10-06,64.09,64.53,62.86,63.53,48.1384,59096500
2005-10-07,64.0,64.26,63.6,64.1,48.5703,24054600
2005-10-10,64.245,64.28,63.3,63.38,48.0247,16625699
2005-10-11,63.69,63.91,62.5,62.5,47.3579,34321699
2005-10-12,62.44,62.8,61.25,61.62,46.6911,63536602
2005-10-13,61.64,62.14,61.05,61.87,46.8806,48558500
2005-10-14,62.5,63.02,61.32,62.91,47.6686,52777602
2005-10-17,62.86,63.33,62.23,63.02,47.7519,32203400
2005-10-18,62.9,63.03,62.1,62.17,47.1079,32724600
2005-10-19,61.91,63.51,61.38,63.51,48.1232,42623199
2005-10-20,63.4,63.65,61.88,62.33,47.2291,47278000
2005-10-21,62.63,63.39,62.53,63.02,47.7519,44329898
2005-10-24,63.15,64.4,62.9244,64.4,48.7976,30583900
2005-10-25,64.21,64.4,63.27,63.85,48.3809,32327000
2005-10-26,63.69,64.59,63.31,63.52,48.1308,36712801
2005-10-27,63.265,63.33,61.94,62.19,47.123,27443600
2005-10-28,62.435,63.27,62.02,63.06,47.7822,38520102
2005-10-31,63.445,64.55,63.41,63.78,48.3278,35325500
2005-11-01,64.05,64.37,63.6,64.1,48.5703,30224600
2005-11-02,63.92,65.39,63.85,65.39,49.5478,33264500
2005-11-03,65.77,66.16,65.27,65.62,49.722,43129898
2005-11-04,65.58,65.77,64.94,65.48,49.6159,26502600
2005-11-07,65.73,66.05,65.26,65.72,49.7978,20776801
2005-11-08,65.43,65.57,65.06,65.48,49.6159,21210801
2005-11-09,65.415,66.1,65.11,65.7,49.7826,29763699
2005-11-10,65.64,66.25,64.74,66.05,50.0478,34588801
2005-11-11,66.05,66.49,65.95,66.43,50.3358,19662801
2005-11-14,66.51,66.55,65.75,66.19,50.1539,24330699
2005-11-15,66.09,66.24,65.15,65.23,49.4265,35159500
2005-11-16,65.33,65.5,64.58,65.25,49.4417,28408199
2005-11-17,65.43,66.41,65.42,66.38,50.2979,22203100
2005-11-18,66.63,67.08,66.37,66.89,50.6843,28896699
2005-11-21,67.005,67.69,66.52,67.57,51.1996,30758600
2005-11-22,67.46,68.11,67.29,67.93,51.4724,21208699
2005-11-23,67.8,68.35,67.7699,68.01,51.533,21290900
2005-11-25,68.0,68.13,67.77,67.96,51.4951,5901000
2005-11-28,68.12,68.15,66.81,67.06,50.8132,24596500
2005-11-29,67.1,67.57,66.85,67.16,50.8889,23214600
2005-11-30,67.13,67.78,67.07,67.45,51.1087,38382199
2005-12-01,67.79,68.85,67.4308,68.55,51.9422,37393801
2005-12-02,68.6,68.82,68.12,68.82,52.1468,23772199
2005-12-05,68.71,68.76,67.92,68.33,51.7755,25918100
2005-12-06,68.61,69.08,68.35,68.54,51.9346,26482100
2005-12-07,68.42,68.57,67.75,68.12,51.6163,23409400
2005-12-08,68.25,68.81,67.7,68.3,51.7527,33285000
2005-12-09,68.4,68.76,67.92,68.64,52.0104,22101699
2005-12-12,68.88,68.97,68.28,68.85,52.1695,24178301
2005-12-13,68.67,69.03,68.31,68.86,52.1771,24776900
2005-12-14,68.76,69.16,68.42,68.78,52.1164,26972100
2005-12-15,68.82,68.82,67.73,68.08,51.586,31913801
2005-12-16,68.44,68.55,67.81,67.84,51.4042,21479900
2005-12-19,67.92,67.97,66.81,67.0,50.7677,22946199
2005-12-20,66.92,67.53,66.54,66.98,50.7525,28762600
2005-12-21,67.13,67.98,67.08,67.79,51.3663,30167400
2005-12-22,67.75,68.01,67.39,67.97,51.7017,20624100
2005-12-23,68.1,68.8,67.96,68.13,51.8234,15255000
2005-12-27,68.35,68.43,67.07,67.11,51.0476,26200400
2005-12-28,67.34,67.69,66.96,67.51,51.3518,20488801
2005-12-29,67.5,67.72,67.15,67.15,51.078,20883600
2005-12-30,66.76,66.99,66.46,66.72,50.7509,33862102
2006-01-03,67.21,68.15,66.05,68.05,51.7626,40526199
2006-01-04,68.11,68.65,67.88,68.42,52.044,29782699
2006-01-05,68.43,68.79,68.25,68.79,52.3255,23712301
2006-01-06,69.12,69.65,68.68,69.61,52.9492,26874100
2006-01-09,69.61,70.38,69.57,70.07,53.2991,22285699
2006-01-10,69.73,70.7,69.68,70.7,53.7783,27130699
2006-01-11,70.71,70.73,70.04,70.58,53.6871,29591699
2006-01-12,70.45,70.74,70.05,70.33,53.4969,24564000
2006-01-13,70.27,70.47,70.02,70.36,53.5197,20630301
2006-01-17,69.98,70.05,69.54,70.03,53.2687,26981000
2006-01-18,69.39,70.0,69.3,69.88,53.1546,30544301
2006-01-19,70.05,71.17,69.94,71.0,54.0065,26801900
2006-01-20,71.03,71.12,69.83,70.19,53.3904,43539602
2006-01-23,70.25,70.56,69.99,70.41,53.5577,30482900
2006-01-24,70.45,71.43,70.44,71.2,54.1587,36770602
2006-01-25,71.39,71.6,70.77,71.38,54.2956,32586600
2006-01-26,71.62,72.45,71.41,72.41,55.0791,38990301
2006-01-27,72.54,73.24,72.26,72.77,55.3529,29044199
2006-01-30,72.7,72.98,72.47,72.56,55.1932,28170301
2006-01-31,72.48,72.96,72.13,72.35,55.0334,38124602
2006-02-01,72.59,73.21,72.47,73.1,55.6039,35011398
2006-02-02,73.0,73.09,71.66,72.0,54.7672,46751000
2006-02-03,71.81,72.49,71.51,71.78,54.5998,42793602
2006-02-06,71.9,72.45,71.52,72.42,55.0867,24744199
2006-02-07,72.27,72.59,71.15,71.25,54.1967,41861398
2006-02-08,71.44,71.84,70.88,71.7,54.539,36002602
2006-02-09,71.78,72.34,71.24,71.33,54.2575,33152398
2006-02-10,71.18,71.43,70.37,71.18,54.1434,31342199
2006-02-13,71.04,71.15,70.35,70.71,53.7859,29784500
2006-02-14,70.8,71.78,70.31,71.53,54.4097,46124801
2006-02-15,71.51,72.16,71.18,72.16,54.8889,40853102
2006-02-16,72.37,72.83,72.12,72.8,55.3757,30261699
2006-02-17,72.83,72.9,72.3,72.65,55.2616,17558400
2006-02-21,72.75,72.93,71.85,72.33,55.0182,21177400
2006-02-22,72.47,73.01,71.98,72.82,55.3909,28699199
2006-02-23,72.75,73.27,72.38,72.77,55.3529,38792898
2006-02-24,72.69,73.35,72.45,73.35,55.7941,22995699
2006-02-27,73.41,73.88,73.32,73.55,55.9462,20584000
2006-02-28,73.38,73.47,72.44,72.58,55.2084,36395699
2006-03-01,72.77,73.9,72.62,73.9,56.2124,26244900
2006-03-02,73.66,73.89,73.09,73.59,55.9766,36545898
2006-03-03,73.21,74.14,73.15,73.22,55.6952,38377602
2006-03-06,73.4,73.46,72.44,72.65,55.2616,29337801
2006-03-07,72.39,72.4,71.44,71.6,54.4629,38899699
2006-03-08,71.45,72.0,70.88,71.85,54.6531,51662602
2006-03-09,71.87,72.39,71.22,71.22,54.1739,31106801
2006-03-10,71.4,72.35,70.98,72.32,55.0106,40266301
2006-03-13,72.6,73.08,72.2,72.47,55.1247,35126898
2006-03-14,72.28,73.27,72.01,73.27,55.7332,37978199
2006-03-15,73.3,74.34,73.04,73.94,56.2429,31951400
2006-03-16,74.2,74.5,73.77,73.77,56.1135,32559900
2006-03-17,74.13,74.3,73.7,74.07,56.3417,31551500
2006-03-20,74.19,74.33,73.71,74.03,56.3113,25640699
2006-03-21,74.0,74.6,73.0,73.0,55.5278,44425898
2006-03-22,72.99,74.22,72.89,74.13,56.3874,36219000
2006-03-23,74.03,74.45,73.75,74.45,56.6308,25408301
2006-03-24,74.28,74.94,74.1,74.9,57.1027,27559900
2006-03-27,74.81,74.94,74.42,74.91,57.1103,23334000
2006-03-28,74.81,75.3,74.33,74.52,56.813,27179100
2006-03-29,74.66,75.96,74.66,75.9,57.8651,33875699
2006-03-30,76.0,76.24,75.27,75.7,57.7126,29733500
2006-03-31,75.93,76.0,75.33,75.97,57.9185,24720400
2006-04-03,76.12,76.41,75.3,75.34,57.4382,35542000
2006-04-04,75.28,75.99,75.07,75.68,57.6974,30181199
2006-04-05,75.83,76.2,75.27,76.07,57.9947,27470600
2006-04-06,75.94,76.23,75.55,76.23,58.1167,25663699
2006-04-07,76.37,76.69,74.86,75.01,57.1866,51457699
2006-04-10,75.03,75.46,74.51,74.93,57.1256,39109000
2006-04-11,75.0,75.06,73.45,73.6,56.1116,49801102
2006-04-12,73.62,74.4,73.55,74.37,56.6986,40980801
2006-04-13,74.2,74.93,73.76,74.56,56.8435,35417801
2006-04-17,74.63,74.93,73.9,74.61,56.8816,38356102
2006-04-18,74.81,76.7,74.8,76.7,58.475,58648102
2006-04-19,76.69,77.34,76.27,77.26,58.9019,44101500
2006-04-20,77.33,77.33,76.23,76.85,58.5894,44622398
2006-04-21,77.27,77.35,76.26,76.68,58.4598,40075801
2006-04-24,76.54,76.7,75.73,76.07,57.9947,39232801
2006-04-25,76.1,76.21,75.48,76.12,58.0328,42940301
2006-04-26,76.06,76.75,75.78,76.06,57.9871,31348600
2006-04-27,75.52,76.67,74.89,75.43,57.5068,91906305
2006-04-28,75.24,76.35,75.1,76.2,58.0938,37918801
2006-05-01,76.29,76.64,75.26,75.26,57.3772,44216500
2006-05-02,75.71,76.32,75.41,76.29,58.1624,35651801
2006-05-03,76.24,76.51,75.69,76.16,58.0633,35151898
2006-05-04,76.25,77.09,76.25,77.09,58.7723,30351900
2006-05-05,77.52,78.02,77.32,77.52,59.1002,37838699
2006-05-08,77.52,77.81,77.33,77.63,59.184,24715000
2006-05-09,77.57,77.79,77.35,77.52,59.1002,21579301
2006-05-10,77.38,77.46,76.73,77.05,58.7418,26824100
2006-05-11,77.12,77.16,75.23,75.31,57.4153,46910801
2006-05-12,74.81,74.85,73.5,73.5,56.0354,62645500
2006-05-15,72.94,73.71,72.35,73.17,55.7838,61905602
2006-05-16,73.46,73.87,72.94,73.29,55.8753,35594500
2006-05-17,72.45,73.14,71.85,71.95,54.8537,76491398
2006-05-18,72.42,72.86,71.13,71.27,54.3352,54114801
2006-05-19,71.39,72.18,70.58,71.9,54.8155,79030203
2006-05-22,71.24,71.67,70.09,71.1,54.2056,89895906
2006-05-23,71.88,72.39,70.1,70.18,53.5042,73641305
2006-05-24,70.49,71.37,69.11,70.72,53.9159,124700203
2006-05-25,71.5,72.28,71.04,72.21,55.0519,63332000
2006-05-26,72.65,72.73,72.02,72.64,55.3797,37483000
2006-05-30,72.31,72.35,70.56,70.64,53.8549,46837102
2006-05-31,70.81,71.87,70.67,71.87,54.7927,58723801
2006-06-01,71.88,73.34,71.65,73.27,55.86,49499000
2006-06-02,73.74,73.84,72.68,73.22,55.8219,49690000
2006-06-05,73.06,73.15,70.86,71.09,54.198,66165898
2006-06-06,71.04,71.16,69.81,70.79,53.9693,94747906
2006-06-07,70.82,71.82,70.01,70.1,53.4433,81935398
2006-06-08,69.78,70.42,68.0,70.16,53.489,140237109
2006-06-09,70.55,71.1,69.42,69.54,53.0163,63028398
2006-06-12,69.7,69.75,67.83,67.94,51.7965,108263797
2006-06-13,67.65,68.85,66.6,66.65,50.813,139584203
2006-06-14,66.76,67.68,66.55,67.45,51.4229,106669398
2006-06-15,68.04,69.97,67.91,69.76,53.184,96963102
2006-06-16,69.6,69.7,68.57,68.85,52.4903,66852398
2006-06-19,69.1,69.12,67.44,67.5,51.4611,71705703
2006-06-20,67.56,68.33,67.31,67.42,51.4001,61104801
2006-06-21,67.37,69.06,67.25,68.6,52.2997,81035398
2006-06-22,68.39,68.61,67.86,68.24,52.105,52075398
2006-06-23,68.23,69.05,67.72,68.65,52.418,42904000
2006-06-26,69.02,69.5,68.95,69.5,53.067,39912801
2006-06-27,69.54,69.83,68.02,68.3,52.1508,61540898
2006-06-28,68.35,68.6,67.5,68.6,52.3798,46405898
2006-06-29,68.81,71.25,68.81,71.25,54.4033,96533203
2006-06-30,71.46,71.9,70.55,71.73,54.7698,61001500
2006-07-03,72.0,72.63,71.76,72.63,55.457,22967801
2006-07-05,71.84,72.59,70.99,71.57,54.6476,38621398
2006-07-06,71.71,72.2,71.16,71.55,54.6323,33830699
2006-07-07,71.45,71.64,70.35,70.49,53.823,45330301
2006-07-10,70.66,71.24,70.18,70.5,53.8306,40166801
2006-07-11,70.11,71.12,69.6,71.12,54.304,63444398
2006-07-12,70.78,71.08,69.59,69.65,53.1816,50664801
2006-07-13,69.18,69.6938,68.02,68.07,51.9752,80464906
2006-07-14,68.08,68.21,66.95,67.53,51.5628,79083508
2006-07-17,67.6,68.2,67.03,67.44,51.4941,67429508
2006-07-18,67.82,68.25,66.62,67.9,51.8454,74515906
2006-07-19,67.84,70.0,67.78,69.5,53.067,97846398
2006-07-20,70.04,70.37,67.62,67.72,51.7079,74268906
2006-07-21,67.65,67.65,66.35,66.75,50.9673,103320906
2006-07-24,67.26,68.91,67.25,68.88,52.5936,72228102
2006-07-25,68.7,69.78,68.39,69.05,52.7234,87431102
2006-07-26,68.93,69.6,68.12,68.9,52.6089,59731199
2006-07-27,69.41,69.89,67.97,68.24,52.105,59015801
2006-07-28,68.75,69.7,68.48,69.67,53.1969,62209801
2006-07-31,69.43,69.83,69.06,69.68,53.2045,37902301
2006-08-01,69.17,69.23,68.18,68.59,52.3722,45003699
2006-08-02,69.01,69.72,68.64,69.5,53.067,50137500
2006-08-03,68.78,70.34,68.54,70.34,53.7084,49316898
2006-08-04,71.13,71.31,68.97,69.62,53.1587,76609203
2006-08-07,69.37,69.48,68.74,69.35,52.9525,45881301
2006-08-08,69.43,69.96,68.18,68.39,52.2195,76230203
2006-08-09,68.99,69.28,67.6,67.7,51.6926,58126398
2006-08-10,67.31,68.61,67.03,68.3,52.1508,54415199
2006-08-11,68.06,68.07,67.23,67.6,51.6163,42757199
2006-08-14,68.09,68.82,67.68,68.0,51.9217,45029898
2006-08-15,69.0,69.45,68.69,69.42,53.006,48780199
2006-08-16,69.87,70.52,69.49,70.42,53.7695,46159699
2006-08-17,70.22,71.1,70.13,70.53,53.8535,44640199
2006-08-18,70.8,70.94,70.01,70.94,54.1666,36413602
2006-08-21,70.48,70.49,69.85,70.18,53.5863,25383500
2006-08-22,70.1,70.62,69.97,70.41,53.7619,22657900
2006-08-23,70.5,70.8,69.2,69.6,53.1434,37107699
2006-08-24,69.72,69.87,68.91,69.48,53.0518,32255600
2006-08-25,69.38,70.09,69.23,69.6,53.1434,22449400
2006-08-28,69.54,70.47,69.52,70.34,53.7084,26650301
2006-08-29,70.51,71.25,69.88,71.25,54.4033,53031102
2006-08-30,71.31,72.0,71.04,71.8,54.8232,43890102
2006-08-31,71.96,72.24,71.57,71.77,54.8003,33830000
2006-09-01,72.08,72.2,71.46,71.82,54.8385,24118199
2006-09-05,71.93,72.52,71.7,72.47,55.3348,38075102
2006-09-06,71.92,71.93,70.84,70.93,54.1589,39717500
2006-09-07,70.53,71.12,70.06,70.3,53.6779,44045102
2006-09-08,70.53,70.68,70.17,70.57,53.8841,27806199
2006-09-11,70.13,70.84,69.65,70.48,53.8153,49544602
2006-09-12,70.64,72.29,70.58,72.14,55.0828,43200699
2006-09-13,72.16,72.88,72.0,72.75,55.5486,35611898
2006-09-14,72.47,72.59,72.01,72.49,55.3501,33680102
2006-09-15,73.0,73.02,72.17,72.66,55.4799,40826199
2006-09-18,72.35,73.07,72.14,72.64,55.4646,37907102
2006-09-19,72.71,72.74,71.15,72.32,55.2203,64200602
2006-09-20,72.79,73.5,72.73,73.29,55.9609,54786699
2006-09-21,73.35,73.57,72.09,72.5,55.3577,68561102
2006-09-22,72.16,72.18,71.06,71.54,54.6247,59289898
2006-09-25,71.78,72.65,71.11,72.39,55.2737,61688301
2006-09-26,72.14,72.75,71.96,72.39,55.4507,42734000
2006-09-27,72.21,72.99,72.2,72.92,55.8566,49884102
2006-09-28,72.98,73.28,72.25,72.63,55.6345,35638699
2006-09-29,72.71,72.99,71.93,72.0,55.1519,33558699
2006-10-02,71.97,72.21,71.14,71.32,54.631,42194898
2006-10-03,71.25,71.83,70.68,71.22,54.5544,45911000
2006-10-04,71.19,72.95,71.09,72.95,55.8796,51114000
2006-10-05,72.87,73.9,72.85,73.88,56.592,48038000
2006-10-06,73.61,73.86,73.0,73.5,56.3009,34907102
2006-10-09,73.36,74.14,73.06,74.06,56.7299,25997000
2006-10-10,74.1,74.36,73.64,74.1,56.7605,32950301
2006-10-11,73.78,74.29,73.11,73.81,56.5384,52430000
2006-10-12,74.08,75.39,74.08,75.3,57.6797,40618398
2006-10-13,75.3,75.91,75.13,75.9,58.1393,45517000
2006-10-16,75.88,76.54,75.69,76.35,58.484,46458398
2006-10-17,75.94,76.24,75.35,75.97,58.1929,48533398
2006-10-18,76.52,76.8,75.6,75.98,58.2006,44694500
2006-10-19,75.73,76.4,75.58,76.35,58.484,43888000
2006-10-20,76.37,76.41,75.48,75.6,57.9095,15286500
2006-10-23,75.35,76.28,75.09,75.75,58.0244,16148400
2006-10-24,75.51,75.95,75.34,75.9,58.1393,11102000
2006-10-25,75.73,76.46,75.48,76.4,58.5223,20666801
2006-10-26,76.64,77.15,75.87,77.04,59.0126,49425602
2006-10-27,76.89,77.11,75.94,76.14,58.3232,51799301
2006-10-30,75.78,76.71,75.53,76.47,58.5759,51249801
2006-10-31,76.6,76.79,75.7,76.23,58.3921,46092602
2006-11-01,76.45,76.58,74.58,74.58,57.1282,47215500
2006-11-02,74.11,74.9,74.1,74.47,57.0439,47585301
2006-11-03,74.82,75.24,74.21,74.83,57.3197,49053801
2006-11-06,75.21,76.08,75.0,75.7,57.9861,47703500
2006-11-07,75.83,76.83,75.77,76.2,58.3691,49204602
2006-11-08,75.61,76.8,75.41,76.59,58.6679,52413898
2006-11-09,76.74,76.8,75.33,75.89,58.1317,49556898
2006-11-10,75.77,76.57,75.61,76.52,58.6142,43722199
2006-11-13,76.43,76.99,76.2,76.63,58.6985,39373102
2006-11-14,76.91,78.11,76.43,78.11,59.8322,68602398
2006-11-15,78.15,79.01,77.98,78.7,60.2841,65133500
2006-11-16,79.1,79.11,78.38,78.64,60.2382,49328301
2006-11-17,78.35,78.61,77.84,78.59,60.1999,35970102
2006-11-20,78.35,78.85,78.11,78.7,60.2841,48400398
2006-11-21,78.69,78.87,78.31,78.83,60.3837,40728000
2006-11-22,78.97,79.11,78.56,78.92,60.4526,33282898
2006-11-24,78.37,79.03,78.23,78.56,60.1769,17933500
2006-11-27,78.51,78.54,76.72,76.8,58.8287,72824602
2006-11-28,76.59,77.16,76.29,77.06,59.0279,59174301
2006-11-29,77.52,78.21,77.3,78.06,59.7939,53282699
2006-11-30,77.9,78.6,77.5,78.07,59.8015,58605000
2006-12-01,78.15,78.37,76.85,77.78,59.5794,87109797
2006-12-04,77.96,79.33,77.93,79.32,60.759,64396102
2006-12-05,79.4,79.76,79.07,79.38,60.805,39559301
2006-12-06,79.2,79.49,78.79,79.11,60.5982,37812102
2006-12-07,79.29,79.51,78.66,78.77,60.3377,39548301
2006-12-08,78.62,79.34,78.16,78.78,60.3454,43109602
2006-12-11,78.8,79.18,78.54,78.98,60.4986,35233199
2006-12-12,78.94,79.02,77.89,78.55,60.1692,47917898
2006-12-13,78.91,79.0,78.15,78.65,60.2458,47297000
2006-12-14,78.62,79.59,78.56,78.97,60.4909,52294000
2006-12-15,79.3,79.5,78.81,78.9,60.4373,38923801
2006-12-18,79.06,79.21,77.63,77.91,59.679,47026301
2006-12-19,77.45,78.11,77.1,77.86,59.6407,54066301
2006-12-20,77.62,78.26,77.62,77.98,59.9861,43290102
2006-12-21,77.99,78.35,77.31,77.62,59.7091,49951398
2006-12-22,77.59,77.75,77.05,77.11,59.3168,31230301
2006-12-26,77.33,78.22,77.3,78.21,60.163,21805199
2006-12-27,78.37,79.17,78.35,79.14,60.8784,39298500
2006-12-28,79.03,79.28,78.65,78.78,60.6015,28257400
2006-12-29,78.66,78.99,77.99,78.03,60.0245,30795199
2007-01-03,78.68,79.12,77.22,78.16,60.1245,54097301
2007-01-04,77.89,78.59,77.28,78.37,60.2861,45578500
2007-01-05,78.02,78.3663,76.7,76.73,59.0245,57487699
2007-01-08,76.95,77.3,76.23,76.43,58.7937,46117699
2007-01-09,77.12,77.31,76.19,77.15,59.3476,62799699
2007-01-10,76.76,77.75,76.57,77.75,59.8091,49249199
2007-01-11,77.46,78.54,77.4,78.23,60.1784,49188301
2007-01-12,78.26,79.05,78.13,78.98,60.7553,28392801
2007-01-16,79.21,79.36,78.3,78.45,60.3476,34917199
2007-01-17,78.22,78.78,78.11,78.11,60.0861,27483699
2007-01-18,78.13,78.13,77.02,77.46,59.5861,55993801
2007-01-19,77.04,77.96,76.87,77.76,59.8168,49715602
2007-01-22,77.82,77.83,76.91,77.19,59.3784,46306898
2007-01-23,77.04,78.28,77.0,77.92,59.9399,47784000
2007-01-24,78.01,78.82,77.94,78.77,60.5938,30407900
2007-01-25,78.71,78.95,77.53,77.78,59.8322,57314102
2007-01-26,77.99,78.32,77.16,78.07,60.0553,56631102
2007-01-29,78.12,78.94,78.03,78.75,60.5784,59602199
2007-01-30,78.89,79.35,78.51,79.18,60.9092,33835199
2007-01-31,79.06,79.77,78.63,79.35,61.0399,54269602
2007-02-01,79.67,80.25,79.54,80.2,61.6938,50581199
2007-02-02,80.4,80.45,80.02,80.25,61.7323,26512600
2007-02-05,80.22,80.47,79.87,80.24,61.7246,30911100
2007-02-06,80.26,80.46,79.79,80.44,61.8784,31453600
2007-02-07,80.55,81.21,80.28,81.18,62.4477,30709600
2007-02-08,80.87,81.14,80.58,81.05,62.3477,25433500
2007-02-09,80.98,81.15,79.7,80.22,61.7092,52165000
2007-02-12,80.28,80.3,79.6,80.02,61.5553,39564844
2007-02-13,80.25,80.68,79.59,80.68,62.063,42060156
2007-02-14,80.73,81.29,80.52,80.75,62.1169,64325988
2007-02-15,80.71,81.19,80.56,80.77,62.1323,44102301
2007-02-16,80.72,81.27,80.34,81.17,62.44,41863102
2007-02-20,81.0,82.16,80.1,81.9,63.0015,71903508
2007-02-21,81.65,82.49,81.53,82.1,63.1554,39550000
2007-02-22,82.25,82.45,81.63,82.39,63.3785,58815898
2007-02-23,82.26,82.31,81.66,81.95,63.04,57987699
2007-02-26,82.32,82.41,81.19,81.75,62.8861,78736984
2007-02-27,80.36,80.94,77.47,78.05,60.0399,136795719
2007-02-28,78.37,79.22,77.51,78.83,60.6399,98091102
2007-03-01,77.47,79.1,76.75,78.43,60.3322,97678945
2007-03-02,78.18,78.38,76.75,76.8,59.0784,96277000
2007-03-05,76.09,77.29,75.15,75.17,57.8245,122442523
2007-03-06,76.26,77.71,76.19,77.07,59.2861,94041414
2007-03-07,77.3,77.62,76.8,76.97,59.2091,55408801
2007-03-08,77.73,78.18,77.078,78.01,60.0092,75785906
2007-03-09,78.18,78.28,77.42,78.26,60.2015,69129906
2007-03-12,78.01,78.51,77.75,78.4,60.3092,42060398
2007-03-13,77.84,78.06,76.26,76.39,58.763,96417203
2007-03-14,76.41,77.28,75.53,77.25,59.4245,129087289
2007-03-15,77.12,77.92,77.12,77.8,59.8476,84037234
2007-03-16,77.81,78.06,76.54,77.37,59.5168,77107047
2007-03-19,77.83,78.48,77.81,78.25,60.1938,56721152
2007-03-20,78.19,78.9,77.96,78.84,60.6476,46527617
2007-03-21,78.96,81.12,78.73,80.34,61.8015,77820914
2007-03-22,80.56,80.6,79.91,80.27,61.7477,40945215
2007-03-23,80.23,80.4244,80.05,80.24,61.8432,37200477
2007-03-26,80.32,80.48,79.48,80.02,61.6737,46665727
2007-03-27,80.01,80.07,79.35,79.63,61.3731,40790039
2007-03-28,79.22,79.6216,78.61,79.22,61.0571,67960547
2007-03-29,79.69,79.76,78.49,79.18,61.0263,49870508
2007-03-30,79.36,80.06,78.73,79.51,61.2806,54325695
2007-04-02,79.61,79.77,79.15,79.75,61.4656,36559000
2007-04-03,80.07,80.77,80.0,80.53,62.0667,44416262
2007-04-04,80.48,80.59,80.0,80.57,62.0976,35765184
2007-04-05,80.45,80.81,80.35,80.44,61.9974,24668316
2007-04-09,80.78,80.83,80.32,80.57,62.0976,38545016
2007-04-10,80.5,81.06,80.38,80.8,62.2748,48522008
2007-04-11,80.87,80.9,79.8,80.3,61.8895,61021242
2007-04-12,80.09,80.92,79.67,80.84,62.3057,47137211
2007-04-13,80.95,81.4,80.53,81.4,62.7373,31476986
2007-04-16,81.81,82.57,81.3417,82.45,63.5465,44162777
2007-04-17,82.61,82.63,81.94,82.26,63.4001,56537965
2007-04-18,81.91,82.22,81.66,81.78,63.0301,49174613
2007-04-19,81.14,81.83,80.8,81.36,62.7064,69360469
2007-04-20,81.96,82.38,81.76,82.31,63.4386,68702211
2007-04-23,82.21,82.51,81.88,82.21,63.3616,36066129
2007-04-24,82.27,82.35,81.37,82.29,63.4232,56716797
2007-04-25,82.54,82.93,81.97,82.53,63.6082,52992707
2007-04-26,82.45,83.17,81.97,83.17,64.1015,47381570
2007-04-27,82.515,82.64,82.02,82.48,63.5697,56771074
2007-04-30,82.47,82.52,80.72,80.74,62.2286,86654828
2007-05-01,80.99,81.16,80.13,81.14,62.5369,90311773
2007-05-02,81.07,82.44,80.92,82.15,63.3153,49862836
2007-05-03,82.21,82.57,81.97,82.29,63.4232,57284098
2007-05-04,82.49,82.87,82.15,82.87,63.8702,47941109
2007-05-07,82.7,83.0,82.47,82.59,63.6544,40428770
2007-05-08,82.19,82.62,81.54,82.29,63.4232,59330355
2007-05-09,82.0,83.23,81.95,82.62,63.6776,66118078
2007-05-10,82.32,82.9178,81.2485,81.54,62.8452,92489062
2007-05-11,81.75,82.45,81.65,82.3,63.4309,57249621
2007-05-14,82.29,82.59,81.46,81.7,62.9685,72100594
2007-05-15,81.62,82.28,80.78,80.98,62.4136,115258797
2007-05-16,81.1,81.5,80.46,81.43,62.7604,96727672
2007-05-17,81.3,81.41,80.71,80.78,62.2594,71779805
2007-05-18,81.19,82.0501,80.78,81.73,62.9916,80552109
2007-05-21,81.73,83.23,81.65,82.76,63.7855,148864797
2007-05-22,82.81,83.64,82.62,83.33,64.2248,69634125
2007-05-23,83.55,84.1,82.97,83.0,63.9704,59383840
2007-05-24,82.98,83.56,81.56,82.0,63.1997,89560008
2007-05-25,82.24,82.71,82.04,82.5,63.5851,44084262
2007-05-29,82.78,83.39,82.72,83.33,64.2248,59397121
2007-05-30,82.64,83.85,82.43,83.8,64.587,64383738
2007-05-31,83.99,84.45,83.78,84.2,64.8953,69003375
2007-06-01,84.54,85.17,84.19,84.7,65.2807,71003086
2007-06-04,84.49,84.97,84.34,84.79,65.35,52419809
2007-06-05,84.59,84.72,83.83,84.45,65.088,84806070
2007-06-06,83.8,83.81,83.0,83.51,64.3635,95168117
2007-06-07,83.26,83.45,81.78,81.84,63.0764,113899203
2007-06-08,81.87,83.14,81.66,82.85,63.8548,86239406
2007-06-11,82.74,83.27,82.33,82.87,63.8702,68082281
2007-06-12,82.33,82.8347,81.41,81.51,62.8221,115672898
2007-06-13,81.89,82.97,81.74,82.59,63.6544,120707508
2007-06-14,82.88,83.67,82.88,83.34,64.2325,79451828
2007-06-15,84.29,84.69,84.06,84.33,64.9955,83706469
2007-06-18,84.58,84.62,83.7,84.17,64.8722,60139539
2007-06-19,83.81,84.51,83.49,84.39,65.0417,65541250
2007-06-20,84.58,84.66,82.93,82.93,63.9165,86929102
2007-06-21,82.82,83.59,82.32,83.49,64.3481,97110117
2007-06-22,83.36,83.48,82.3,82.92,63.9088,93985633
2007-06-25,82.68,83.45,82.0,82.49,63.5774,108393203
2007-06-26,82.84,82.93,81.74,81.74,62.9993,91392125
2007-06-27,81.63,83.65,81.499,83.55,64.3943,127644797
2007-06-28,83.41,84.19,83.3,83.42,64.4167,87867031
2007-06-29,83.78,84.19,82.66,82.96,64.0615,110203203
2007-07-02,83.38,84.09,83.25,83.99,64.8569,56318359
2007-07-03,84.12,84.51,84.03,84.36,65.1426,34591566
2007-07-05,84.45,84.67,83.86,84.47,65.2275,47328500
2007-07-06,84.56,84.93,84.06,84.8,65.4824,40953449
2007-07-09,84.95,85.74,84.42,85.74,66.2082,56074070
2007-07-10,84.27,84.881,83.21,83.21,64.2546,100658000
2007-07-11,83.17,83.87,82.9,83.83,64.7333,82879852
2007-07-12,84.16,85.1,84.03,84.82,65.4978,71558930
2007-07-13,84.9,85.2,84.63,84.94,65.5905,43138312
2007-07-16,84.89,85.16,84.2166,84.48,65.2353,76726438
2007-07-17,84.62,85.06,84.46,84.57,65.3048,57048328
2007-07-18,84.07,84.33,83.09,84.24,65.0499,96888484
2007-07-19,84.75,84.95,84.47,84.58,65.3125,61405840
2007-07-20,84.38,84.7686,82.59,83.2,64.2468,154037797
2007-07-23,83.63,83.85,82.94,82.98,64.077,67720875
2007-07-24,82.1,82.2,80.49,81.0,62.548,158186703
2007-07-25,81.46,81.77,79.83,80.7,62.3164,164248094
2007-07-26,79.21,80.8642,77.55,78.46,60.5866,245368500
2007-07-27,78.35,79.2,76.43,76.63,59.1735,202031297
2007-07-30,77.31,78.42,76.55,77.96,60.2005,149144609
2007-07-31,78.93,79.15,76.74,77.1,59.5364,187776297
2007-08-01,76.87,77.96,76.11,77.52,59.8608,185931016
2007-08-02,77.94,78.5,77.3,78.13,60.3318,105759508
2007-08-03,78.01,78.21,74.96,75.38,58.2083,158330297
2007-08-06,75.62,76.43,73.92,76.03,58.7102,208302797
2007-08-07,75.88,77.67,75.5,77.2,59.6137,178922297
2007-08-08,77.89,80.1,77.82,79.55,61.4283,259409203
2007-08-09,77.65,79.41,77.6,77.69,59.992,204517109
2007-08-10,76.91,79.77,76.43,78.06,60.2777,267030094
2007-08-13,79.39,79.96,77.53,77.67,59.9766,116488703
2007-08-14,77.97,78.18,75.94,76.31,58.9264,113158094
2007-08-15,75.97,77.4,74.74,75.2,58.0693,145744609
2007-08-16,74.67,76.93,73.24,76.75,59.2662,347673875
2007-08-17,79.21,80.06,76.589,78.41,60.548,215541297
2007-08-20,78.67,79.07,77.47,78.47,60.5944,123260797
2007-08-21,78.47,79.09,78.0,78.69,60.7642,92708094
2007-08-22,79.38,79.79,78.93,79.63,61.4901,67508227
2007-08-23,79.95,80.12,78.31,78.61,60.7025,105460094
2007-08-24,78.58,79.7,78.36,79.63,61.4901,64729648
2007-08-27,79.36,79.47,78.49,78.61,60.7025,60377328
2007-08-28,78.08,78.19,76.4,76.55,59.1117,86265188
2007-08-29,76.98,78.56,76.77,78.56,60.6638,70705047
2007-08-30,77.62,78.95,77.5,78.03,60.2546,63313473
2007-08-31,79.14,79.33,78.31,78.74,60.8028,47031301
2007-09-04,78.68,80.32,78.58,79.75,61.5828,61355160
2007-09-05,79.28,79.7979,78.46,79.01,61.0113,67144766
2007-09-06,79.07,79.37,78.2,79.03,61.0268,64948793
2007-09-07,77.77,77.93,76.99,77.66,59.9689,97969445
2007-09-10,77.91,77.96,75.62,76.77,59.2816,99763297
2007-09-11,77.18,78.06,77.04,77.99,60.2237,84889484
2007-09-12,77.67,78.16,77.38,77.56,59.8917,62785301
2007-09-13,78.02,78.53,77.17,77.7,59.9998,72370797
2007-09-14,76.9,78.28,76.78,78.09,60.3009,61830801
2007-09-17,77.88,78.1192,77.19,77.26,59.66,53415512
2007-09-18,77.81,80.6,77.24,80.52,62.1774,138495703
2007-09-19,81.27,82.1,77.26,81.61,63.0191,114738305
2007-09-20,81.5,81.54,80.25,80.79,62.3858,128446398
2007-09-21,81.28,81.56,80.86,80.96,62.5171,57472727
2007-09-24,81.1,81.37,80.09,80.34,62.0384,86991523
2007-09-25,79.64,80.07,79.28,79.82,61.7868,54940754
2007-09-26,80.5,80.92,79.82,80.55,62.3519,65423961
2007-09-27,80.93,81.08,80.5343,81.0,62.7002,63248699
2007-09-28,80.97,81.25,79.93,80.04,61.9571,90417203
2007-10-01,80.13,82.24,80.13,82.03,63.4975,98580477
2007-10-02,82.3,82.87,82.1778,82.56,63.9078,53639246
2007-10-03,82.32,82.76,81.96,82.32,63.722,56463352
2007-10-04,82.56,82.72,81.99,82.51,63.8691,35783238
2007-10-05,83.47,84.42,82.98,84.13,65.1231,92100852
2007-10-08,83.91,84.18,83.25,83.5,64.6354,34529820
2007-10-09,83.93,84.33,83.3,84.18,65.1618,57959090
2007-10-10,84.04,84.23,83.44,84.11,65.1076,50123180
2007-10-11,84.59,84.89,82.66,83.16,64.3722,93748398
2007-10-12,83.28,84.08,83.21,83.82,64.8831,60997230
2007-10-15,83.8,83.87,82.03,82.85,64.1322,80764656
2007-10-16,82.37,84.18,81.88,81.94,63.4278,59317207
2007-10-17,82.8,82.92,81.06,82.24,63.6601,90237508
2007-10-18,81.68,82.39,81.39,82.12,63.5672,68558109
2007-10-19,81.91,82.12,79.0,79.09,61.2217,128572305
2007-10-22,78.54,80.94,78.35,80.76,62.5144,138148094
2007-10-23,81.41,81.54,80.19,81.38,62.9943,84838117
2007-10-24,80.87,81.17,79.11,80.855,62.588,126755297
2007-10-25,81.08,81.5,79.59,80.66,62.437,116674000
2007-10-26,81.37,82.01,80.47,82.01,63.482,79289859
2007-10-29,82.22,82.44,81.39,81.92,63.4123,56208480
2007-10-30,81.51,81.96,80.96,81.27,62.9092,59965621
2007-10-31,81.63,82.8,80.77,82.32,63.722,107675398
2007-11-01,81.37,81.4,79.0,79.14,61.2604,171114203
2007-11-02,80.1,80.13,78.35,79.53,61.5623,130181000
2007-11-05,78.44,79.23,78.05,78.48,60.7495,98504242
2007-11-06,78.99,80.0,78.03,79.96,61.8952,94960734
2007-11-07,78.9,79.12,77.17,77.48,59.9754,112282398
2007-11-08,78.13,78.16,75.82,77.71,60.1535,120873508
2007-11-09,76.74,77.75,76.13,76.85,59.4878,104491398
2007-11-12,76.89,78.11,76.03,76.11,58.915,106745797
2007-11-13,77.18,78.74,77.13,78.465,60.7379,105191102
2007-11-14,79.17,79.23,77.6,78.16,60.5018,76202648
2007-11-15,77.62,77.89,76.24,76.87,59.5033,114135102
2007-11-16,77.32,77.36,75.54,76.17,58.9614,123470602
2007-11-19,75.89,76.04,74.32,74.66,57.7926,112836203
2007-11-20,74.7,75.56,73.35,75.01,58.0635,129789203
2007-11-21,74.56,74.7,73.0,73.5,56.8946,94960875
2007-11-23,74.36,76.0,74.11,75.06,58.1022,50849301
2007-11-26,75.35,75.62,72.99,73.02,56.5231,96739445
2007-11-27,73.55,74.4,73.16,73.95,57.243,80860672
2007-11-28,74.91,76.89,74.86,76.75,59.4104,112648898
2007-11-29,76.58,76.96,75.91,76.21,58.9924,57398059
2007-11-30,77.43,77.95,76.15,76.58,59.2788,84981406
2007-12-03,76.55,76.75,75.7,75.75,58.6363,61538898
2007-12-04,75.02,75.56,74.56,75.0,58.0557,57670871
2007-12-05,76.19,76.62,75.52,76.44,59.1704,70180734
2007-12-06,76.21,78.44,76.17,78.25,60.5715,93203914
2007-12-07,78.71,78.8,77.88,78.36,60.6566,59124941
2007-12-10,78.5,79.25,78.2,79.11,61.2372,49936379
2007-12-11,79.28,79.58,76.25,76.33,59.0853,120358703
2007-12-12,78.71,78.81,76.09,76.91,59.5342,112495398
2007-12-13,76.27,76.89,75.64,76.49,59.2091,89832070
2007-12-14,75.76,76.87,74.95,75.0,58.0557,75860852
2007-12-17,74.82,75.2142,73.75,73.85,57.1655,71635570
2007-12-18,74.67,75.41,73.35,75.17,58.1873,114500398
2007-12-19,75.09,75.73,74.72,75.63,58.5434,85837828
2007-12-20,76.21,77.01,74.82,76.84,59.48,121962305
2007-12-21,77.88,78.6,77.64,78.6,60.8424,83425391
2007-12-24,78.71,79.33,78.59,79.17,61.2836,29866029
2007-12-26,78.84,79.84,78.71,79.54,61.57,65516793
2007-12-27,78.86,79.08,76.91,77.39,60.1075,71479758
2007-12-28,77.92,78.01,76.56,76.56,59.4629,48190527
2007-12-31,76.45,76.8046,75.58,75.92,58.9658,73932461
2008-01-02,76.15,76.5,74.59,75.16,58.3755,94259672
2008-01-03,75.27,75.62,74.03,74.33,57.7309,77838781
2008-01-04,73.24,73.33,71.61,72.09,55.9911,123487602
2008-01-07,72.28,72.85,71.07,72.25,56.1154,139672891
2008-01-08,72.32,73.27,70.02,70.02,54.3834,157154594
2008-01-09,69.93,71.0,68.62,70.73,54.9348,138191594
2008-01-10,70.11,72.32,69.86,71.67,55.6649,153878297
2008-01-11,71.28,71.5,69.91,70.22,54.5387,120322305
2008-01-14,71.01,71.19,70.26,70.8,54.9892,71070844
2008-01-15,69.88,70.16,69.07,69.54,54.0106,95264633
2008-01-16,69.24,70.71,68.72,69.57,54.0339,135714797
2008-01-17,69.98,70.1,67.68,67.88,52.7213,123264797
2008-01-18,68.12,68.81,66.29,67.22,52.2087,131867797
2008-01-22,64.47,68.13,64.19,66.74,51.8359,150944188
2008-01-23,65.3,69.98,65.09,69.02,53.6067,183035297
2008-01-24,69.48,70.23,68.28,68.97,53.5679,113649797
2008-01-25,69.96,70.22,68.08,68.47,53.1795,95425758
2008-01-28,68.32,69.97,67.71,69.92,54.3057,81211266
2008-01-29,70.39,70.39,69.12,70.1,54.4455,75321711
2008-01-30,69.72,71.4,69.1,69.22,53.762,125933000
2008-01-31,68.11,71.56,68.0,70.94,55.0979,117477695
2008-02-01,71.33,72.88,71.0,72.63,56.4105,100605297
2008-02-04,72.54,72.6,71.68,71.79,55.7581,54583820
2008-02-05,70.69,71.57,69.8,69.95,54.329,125987602
2008-02-06,70.42,70.88,68.84,68.96,53.5601,97070781
2008-02-07,68.64,70.52,68.47,70.11,54.4533,125971797
2008-02-08,69.95,70.64,69.0,69.67,54.1116,86492305
2008-02-11,69.66,70.2,68.73,69.58,54.0416,80653695
2008-02-12,70.1,71.05,69.72,70.41,54.6863,76555234
2008-02-13,71.02,71.95,70.7,71.85,55.8047,86236578
2008-02-14,72.1,72.18,70.02,70.18,54.5077,78260852
2008-02-15,69.8,70.13,69.15,69.87,54.2669,64548910
2008-02-19,70.88,71.01,69.62,70.73,54.9348,50710648
2008-02-20,69.54,70.91,69.17,70.77,54.9659,71184969
2008-02-21,71.26,71.75,69.24,69.39,53.8941,85690367
2008-02-22,69.5,69.52,68.04,69.37,53.8785,84224172
2008-02-25,69.38,71.0,69.03,70.77,54.9659,76359281
2008-02-26,70.37,72.2,70.31,71.43,55.4785,92913359
2008-02-27,70.84,72.24,70.71,71.4,55.4552,85183562
2008-02-28,70.77,71.14,69.98,70.32,54.6164,68684781
2008-02-29,69.6,69.7,68.1,68.86,53.4824,98588469
2008-03-03,68.39,68.72,67.21,68.2,52.9698,84352602
2008-03-04,67.57,68.43,66.78,67.8,52.6592,90494250
2008-03-05,68.21,68.7,67.43,68.45,53.164,92841039
2008-03-06,67.91,68.1771,65.93,66.17,51.3932,104764094
2008-03-07,65.36,66.84,65.2,65.96,51.2301,119064898
2008-03-10,66.02,66.06,64.1,64.5,50.0961,80645477
2008-03-11,66.47,67.3,64.2237,67.3,52.2708,117573203
2008-03-12,67.2,68.04,66.5,66.52,51.665,92574016
2008-03-13,65.88,67.98,65.2,67.88,52.7213,123502898
2008-03-14,68.83,68.83,65.35,66.14,51.3699,176997094
2008-03-17,64.23,65.94,64.23,65.06,50.531,126969102
2008-03-18,66.61,68.18,65.31,68.05,52.8533,156496797
2008-03-19,68.59,68.93,66.25,66.35,51.533,132178406
2008-03-20,66.45,68.1,66.3899,67.48,52.4106,102326602
2008-03-24,68.17,70.35,67.95,69.99,54.4457,90736359
2008-03-25,69.94,70.43,69.28,70.22,54.6246,71277469
2008-03-26,69.93,70.27,69.34,69.64,54.1734,63052648
2008-03-27,70.08,70.26,68.97,69.09,53.7455,63923887
2008-03-28,69.1,69.41,67.97,68.19,53.0454,48866621
2008-03-31,68.21,69.22,67.81,68.29,53.1232,64263801
2008-04-01,69.46,70.82,69.14,70.79,55.068,65910992
2008-04-02,70.8,71.5192,70.37,70.96,55.2002,58943660
2008-04-03,70.43,71.47,70.35,71.15,55.348,56730031
2008-04-04,71.18,71.89,70.64,71.16,55.3558,61534898
2008-04-07,71.66,71.86,70.78,70.96,55.2002,40282910
2008-04-08,70.48,71.28,70.37,71.02,55.2469,49566000
2008-04-09,71.09,71.35,69.45,69.81,54.3056,71774625
2008-04-10,69.69,70.89,69.43,70.47,54.8191,56066672
2008-04-11,69.71,69.78,68.42,68.74,53.4733,79545289
2008-04-14,68.64,69.27,68.23,68.53,53.3099,57846367
2008-04-15,68.87,69.08,68.27,69.01,53.6833,45945262
2008-04-16,69.68,71.28,69.68,71.2,55.3869,72389367
2008-04-17,70.84,71.1431,70.15,70.92,55.1691,48822422
2008-04-18,72.01,72.27,71.47,71.67,55.7525,70737289
2008-04-21,71.35,71.83,71.23,71.68,55.7603,40023180
2008-04-22,71.18,71.6045,69.51,70.5,54.8424,81351055
2008-04-23,70.53,71.02,69.9,70.55,54.8813,48056898
2008-04-24,70.5,71.94,69.64,71.23,55.4103,83228602
2008-04-25,71.81,72.27,70.81,71.9,55.9315,56252273
2008-04-28,71.93,72.7,71.59,72.38,56.3049,35470609
2008-04-29,72.21,72.38,71.29,71.74,55.807,40941379
2008-04-30,71.97,72.66,71.1,71.4,55.5425,62316379
2008-05-01,71.46,72.86,71.23,72.75,56.5927,55323422
2008-05-02,73.41,73.5,72.24,72.52,56.4138,58836754
2008-05-05,72.31,72.7,71.88,72.27,56.2193,39901328
2008-05-06,71.86,73.07,71.67,72.86,56.6783,60503801
2008-05-07,72.9,73.22,71.34,71.56,55.667,57434020
2008-05-08,71.72,71.97,71.19,71.71,55.7837,60443621
2008-05-09,71.19,72.12,71.04,71.5,55.6203,51713770
2008-05-12,71.95,73.27,71.81,73.07,56.8416,49247578
2008-05-13,73.3,73.64,72.72,73.49,57.1683,52328621
2008-05-14,73.65,74.35,72.6,73.4,57.0983,60659449
2008-05-15,73.47,74.29,73.1,73.55,57.215,46599633
2008-05-16,74.46,74.52,73.09,73.9501,57.5262,64250121
2008-05-19,74.03,74.74,73.47,73.97,57.5417,102765797
2008-05-20,73.44,73.73,72.8,73.7,57.3317,82109914
2008-05-21,73.62,74.23,72.25,72.65,56.5149,100028094
2008-05-22,72.79,73.56,72.69,73.17,56.9194,60035262
2008-05-23,72.85,73.19,71.73,72.21,56.1726,64498488
2008-05-27,72.38,73.42,72.35,73.32,57.0361,62335219
2008-05-28,73.64,73.76,72.92,73.66,57.3006,54388230
2008-05-29,73.51,75.02,73.47,74.41,57.884,69852430
2008-05-30,74.49,74.81,74.15,74.67,58.0863,41633980
2008-06-02,74.57,74.63,73.22,73.99,57.5573,69923523
2008-06-03,74.25,74.65,73.06,73.84,57.4406,87677891
2008-06-04,73.58,74.95,73.34,74.3,57.7984,85092898
2008-06-05,74.43,76.23,74.25,76.2,59.2765,106082094
2008-06-06,75.75,75.82,73.9,73.92,57.5028,123993000
2008-06-09,74.12,74.39,72.78,73.68,57.3161,98998992
2008-06-10,73.01,73.635,72.25,73.14,56.8961,98700305
2008-06-11,73.05,73.22,71.77,71.87,55.9081,97453539
2008-06-12,72.28,73.1,71.63,72.02,56.0248,98507570
2008-06-13,72.66,73.35,72.31,73.32,57.0361,84103289
2008-06-16,73.05,74.09,72.95,73.78,57.3939,67166609
2008-06-17,74.18,74.26,73.55,73.72,57.3472,52324180
2008-06-18,73.29,73.49,72.49,73.13,56.8883,88092156
2008-06-19,73.11,73.8,72.72,73.74,57.3628,105985398
2008-06-20,73.45,73.45,71.85,72.57,56.4527,121590797
2008-06-23,72.92,72.99,71.86,71.89,55.9237,73029281
2008-06-24,71.45,71.89,70.61,70.7,54.998,112302398
2008-06-25,70.96,72.1,70.86,71.5,55.6203,116515102
2008-06-26,70.81,70.95,69.61,69.66,54.189,114824703
2008-06-27,69.71,70.25,69.0,69.7,54.2201,118012398
2008-06-30,69.86,70.21,68.92,69.05,53.7144,115086203
2008-07-01,68.24,69.26,67.62,69.1,53.7533,150737203
2008-07-02,68.92,69.175,66.85,66.91,52.244,148304094
2008-07-03,67.12,67.18,65.77,66.32,51.7833,73587328
2008-07-07,66.74,67.04,64.94,65.69,51.2914,125543906
2008-07-08,65.79,68.14,65.25,68.07,53.1498,131838703
2008-07-09,68.1,68.55,66.0,66.25,51.7287,131079109
2008-07-10,66.07,67.45,65.96,66.9,52.2362,131228594
2008-07-11,66.25,67.78,65.67,67.27,52.5251,131385500
2008-07-14,67.78,67.9,65.86,66.16,51.6584,113937102
2008-07-15,65.55,67.28,64.52,65.88,51.4398,143442297
2008-07-16,66.31,68.49,65.79,68.3,53.3293,112225000
2008-07-17,68.72,69.54,68.08,68.4,53.4074,115520203
2008-07-18,69.76,69.85,68.53,68.88,53.7822,99585758
2008-07-21,69.37,69.75,68.98,69.72,54.4381,70224312
2008-07-22,69.19,71.59,69.02,71.47,55.8045,136370094
2008-07-23,71.38,72.49,71.18,71.93,56.1637,118339102
2008-07-24,71.87,71.93,69.86,70.11,54.7426,112120094
2008-07-25,70.69,71.41,70.21,70.68,55.1877,112551602
2008-07-28,70.64,70.84,69.22,69.48,54.2507,82120805
2008-07-29,69.68,71.4,69.61,71.18,55.5781,122966094
2008-07-30,71.59,72.07,70.64,71.61,55.9138,153225594
2008-07-31,70.82,72.01,70.74,71.32,55.6874,95287859
2008-08-01,71.44,71.76,70.32,71.41,55.7577,107406703
2008-08-04,71.43,71.49,69.81,70.75,55.2423,104200000
2008-08-05,70.99,71.97,70.75,71.96,56.1871,93552352
2008-08-06,71.7,72.66,71.2,72.32,56.4682,79588812
2008-08-07,71.72,72.34,70.97,71.24,55.6249,89733477
2008-08-08,71.24,73.37,70.98,73.12,57.0928,112771398
2008-08-11,73.27,75.6,73.13,74.87,58.4593,174577703
2008-08-12,74.64,74.89,74.06,74.31,58.022,128838703
2008-08-13,74.25,74.95,73.53,74.58,58.2328,151013203
2008-08-14,74.17,75.64,74.06,75.3,58.795,118194703
2008-08-15,75.74,76.27,74.48,75.1,58.6389,98174758
2008-08-18,75.27,75.42,73.56,74.13,57.8815,97843664
2008-08-19,73.63,73.83,72.44,72.9,56.9211,105132305
2008-08-20,73.17,73.82,72.28,73.0,56.9992,101310898
2008-08-21,72.54,73.0,72.05,72.16,56.3433,83526305
2008-08-22,72.75,73.81,72.62,73.68,57.5301,77915438
2008-08-25,73.22,73.68,70.69,72.06,56.2652,88256031
2008-08-26,72.18,72.58,71.46,72.17,56.3511,53866246
2008-08-27,72.2,73.51,72.11,73.03,57.0226,62031633
2008-08-28,73.37,74.65,73.03,74.51,58.1782,75513680
2008-08-29,74.17,74.52,73.53,73.87,57.6785,83920781
2008-09-02,75.01,75.5,73.0,73.85,57.6628,112604305
2008-09-03,73.65,74.7,73.39,74.15,57.8971,96284148
2008-09-04,73.52,73.68,71.48,71.82,56.0778,126697906
2008-09-05,71.54,72.11,70.14,71.64,55.9372,122295695
2008-09-08,74.02,74.35,71.64,72.48,56.5931,148104094
2008-09-09,73.24,73.85,70.56,70.81,55.2892,132381109
2008-09-10,71.57,72.18,70.43,71.47,55.8045,126868898
2008-09-11,70.52,72.0,69.9,71.92,56.1559,144285906
2008-09-12,71.32,72.39,71.04,72.25,56.4135,117709203
2008-09-15,70.15,71.49,68.79,69.01,53.8837,168642000
2008-09-16,67.8,71.0,67.73,71.0,55.4375,252238203
2008-09-17,69.95,70.07,67.45,67.8,52.9389,266078500
2008-09-18,69.4,72.15,67.16,71.8,56.0622,355117500
2008-09-19,75.0,75.0,73.95,75.0,58.5608,138362297
2008-09-22,75.2,75.36,70.22,71.95,56.1793,98347008
2008-09-23,72.0,72.62,70.81,70.99,55.4297,92900367
2008-09-24,70.83,71.03,68.9,69.94,54.7255,91767469
2008-09-25,69.92,71.26,69.89,70.3,55.0072,115331906
2008-09-26,69.01,70.69,68.79,70.63,55.2654,94650047
2008-09-29,69.23,70.3319,65.05,65.05,50.8993,150003109
2008-09-30,65.87,68.39,65.05,68.0,53.2075,108273297
2008-10-01,67.19,67.35,66.29,67.02,52.4407,69571539
2008-10-02,66.63,67.032,63.42,63.58,49.749,116143398
2008-10-03,64.36,65.64,61.73,62.7,49.0605,118870602
2008-10-06,60.56,60.72,56.38,59.72,46.7287,172302094
2008-10-07,60.2,60.43,55.63,55.8,43.6615,152291594
2008-10-08,53.81,56.95,53.51,54.46,42.613,173755703
2008-10-09,55.65,55.93,49.45,49.99,39.1154,154555297
2008-10-10,47.66,54.67,46.51,52.45,41.0402,205091906
2008-10-13,54.54,57.38,52.45,56.98,44.5848,128728898
2008-10-14,58.75,58.85,53.86,55.38,43.3328,131477203
2008-10-15,54.45,54.85,50.05,50.41,39.444,109148305
2008-10-16,51.02,53.88,48.29,53.71,42.0261,207606891
2008-10-17,51.55,55.45,50.72,52.45,41.0402,131846094
2008-10-20,53.25,54.71,52.46,54.69,42.7929,82673758
2008-10-21,53.95,54.59,52.82,53.18,41.6114,83005484
2008-10-22,51.76,52.46,49.31,50.49,39.5066,91862852
2008-10-23,50.68,50.94,46.68,48.99,38.3329,133202500
2008-10-24,44.95,48.2,44.89,47.17,36.9088,105749398
2008-10-27,46.12,47.67,44.7,44.86,35.1013,99422531
2008-10-28,45.73,48.7,44.08,48.45,37.9104,114982398
2008-10-29,48.51,50.73,47.82,48.7,38.106,94993477
2008-10-30,50.41,51.48,49.52,51.43,40.2421,77436711
2008-10-31,51.3,54.09,50.48,53.75,42.0574,113062703
2008-11-03,53.48,54.6,53.38,53.82,42.1122,54872711
2008-11-04,54.93,55.21,53.39,54.44,42.5973,79680883
2008-11-05,53.93,54.44,51.31,51.59,40.3673,73883695
2008-11-06,51.05,51.7,49.54,49.59,38.8024,85233758
2008-11-07,50.07,51.07,49.31,50.62,39.6083,62313039
2008-11-10,51.74,51.8386,48.93,49.45,38.6928,50460168
2008-11-11,48.9,49.9,48.01,48.38,37.8556,73188414
2008-11-12,47.61,48.38,45.32,45.56,35.649,75376750
2008-11-13,45.7,49.45,43.24,49.31,38.5833,142363391
2008-11-14,48.23,49.31,45.5,45.64,35.7116,98701602
2008-11-17,45.35,46.58,44.89,45.25,35.4065,84047117
2008-11-18,45.33,45.99,43.1,45.03,35.2343,98258602
2008-11-19,44.78,45.15,41.24,41.36,32.3627,96010180
2008-11-20,41.0,41.93,38.44,38.53,30.1483,140071016
2008-11-21,39.29,40.85,37.12,40.64,31.7993,160640188
2008-11-24,41.2,44.04,40.73,43.5,34.0372,97053539
2008-11-25,44.22,44.42,42.66,44.22,34.6005,80074047
2008-11-26,43.27,47.03,43.2,46.87,36.6741,88145133
2008-11-28,46.29,48.26,46.16,47.34,37.0418,24158980
2008-12-01,46.12,46.32,41.5,42.02,32.8791,89163961
2008-12-02,42.71,44.33,41.96,44.23,34.6084,84878328
2008-12-03,43.15,45.89,43.02,45.57,35.6569,102869797
2008-12-04,44.82,46.45,43.26,44.06,34.4753,101436797
2008-12-05,43.37,46.27,42.34,46.1,36.0716,113953906
2008-12-08,47.23,48.57,46.97,48.14,37.6678,99340445
2008-12-09,47.69,49.41,46.28,46.649,36.5011,81957930
2008-12-10,47.19,48.44,46.76,47.75,37.3626,74641484
2008-12-11,47.25,47.91,44.79,45.33,35.4691,73184953
2008-12-12,44.16,47.0,44.02,46.89,36.6897,97295641
2008-12-15,47.26,47.46,44.62,45.38,35.5082,78611477
2008-12-16,46.26,48.48,46.1,48.33,37.8165,109322398
2008-12-17,47.94,49.51,47.57,48.77,38.1608,81545602
2008-12-18,48.8,49.66,47.32,48.46,37.9182,87889969
2008-12-19,49.0,50.01,48.21,48.7,38.106,88222047
2008-12-22,48.92,48.94,46.12,47.76,37.3705,75339023
2008-12-23,47.73,48.0,46.34,46.71,36.8272,64585121
2008-12-24,46.73,47.11,46.16,46.88,36.9613,19514430
2008-12-26,47.35,47.67,46.73,47.55,37.4895,25105170
2008-12-29,47.36,47.58,45.9101,46.82,36.914,41446602
2008-12-30,47.08,48.2,46.77,48.12,37.9389,38842199
2008-12-31,48.22,50.32,48.14,49.24,38.8219,75370492
2009-01-02,49.74,50.72,49.22,50.22,39.5946,51589449
2009-01-05,50.49,50.8,49.39,50.4,39.7365,59250520
2009-01-06,50.82,51.91,50.3825,51.25,40.4067,77986945
2009-01-07,50.27,51.3498,49.03,49.74,39.2162,77662086
2009-01-08,49.38,50.15,49.17,49.98,39.4054,59215887
2009-01-09,50.11,50.19,47.92,48.13,37.9468,82730062
2009-01-12,47.95,48.11,46.5,46.7,36.8194,53722301
2009-01-13,46.63,47.61,46.41,47.32,37.3082,62646699
2009-01-14,46.32,46.67,45.12,45.24,35.6683,74647961
2009-01-15,45.31,46.52,43.81,45.97,36.2438,100641000
2009-01-16,46.98,47.03,44.97,46.48,36.6459,80512609
2009-01-20,45.88,46.25,43.31,43.33,34.1624,85180367
2009-01-21,44.0,45.69,43.04,45.49,35.8654,66088516
2009-01-22,44.52,45.33,43.37,44.17,34.8246,69790828
2009-01-23,43.04,45.01,42.86,44.39,34.9981,76443953
2009-01-26,44.36,45.87,44.18,44.89,35.3923,62971941
2009-01-27,45.07,45.82,44.72,45.38,35.7786,54940488
2009-01-28,46.25,47.49,45.489,47.25,37.253,71043766
2009-01-29,46.59,47.2332,45.25,45.4,35.7944,66446445
2009-01-30,45.76,46.01,44.11,44.48,35.0691,58187699
2009-02-02,43.66,45.14,43.64,44.84,35.3529,62908762
2009-02-03,45.28,45.58,44.45,45.16,35.6052,57460859
2009-02-04,45.21,46.12,44.53,44.83,35.345,65084180
2009-02-05,44.44,46.01,44.2,45.35,35.755,71625109
2009-02-06,45.42,47.17,45.21,46.96,37.0243,53778031
2009-02-09,46.79,47.14,46.22,46.75,36.8588,55266273
2009-02-10,46.39,47.1,44.45,44.59,35.1558,83914789
2009-02-11,44.88,45.19,44.09,44.76,35.2898,58424512
2009-02-12,44.1,45.21,43.47,45.14,35.5894,79212797
2009-02-13,45.08,45.7,44.58,44.67,35.2189,58902512
2009-02-17,43.0,43.62,42.83,42.9,33.8233,81543531
2009-02-18,43.25,43.34,42.13,42.29,33.3424,78279438
2009-02-19,42.78,43.0,41.63,41.7,32.8772,64546230
2009-02-20,40.9,41.64,40.19,41.14,32.4357,83390797
2009-02-23,41.38,41.45,39.47,39.56,31.19,78809922
2009-02-24,40.04,41.37,39.6,41.02,32.3411,81467195
2009-02-25,40.84,41.2532,39.49,40.17,31.671,104510898
2009-02-26,40.59,40.75,39.21,39.42,31.0796,68405031
2009-02-27,38.72,39.88,38.64,39.15,30.8668,87467078
2009-03-02,38.26,38.42,36.82,36.94,29.1243,83629234
2009-03-03,37.43,37.47,36.02,36.24,28.5724,67796930
2009-03-04,36.79,37.65,36.22,36.99,29.1638,80122883
2009-03-05,36.25,36.689,34.92,35.02,27.6106,97997875
2009-03-06,35.4,35.88,34.32,35.2,27.7525,76042516
2009-03-09,34.73,35.64,34.26,34.39,27.1139,75741078
2009-03-10,35.25,36.81,35.1,36.63,28.8799,76186227
2009-03-11,37.08,37.8,36.36,36.68,28.9194,82275992
2009-03-12,36.53,39.19,36.07,38.96,30.717,86839477
2009-03-13,39.33,39.66,38.76,39.37,31.0402,72449852
2009-03-16,39.81,40.2,38.56,38.66,30.4804,78042250
2009-03-17,38.73,40.45,38.43,40.45,31.8917,64728262
2009-03-18,40.26,42.18,39.91,41.85,32.9955,111491695
2009-03-19,42.45,42.5,41.15,41.41,32.6486,64513512
2009-03-20,41.8,41.92,39.95,39.98,31.5212,68437070
2009-03-23,41.34,43.52,40.93,43.38,34.2018,94777234
2009-03-24,42.7,43.11,41.51,41.56,32.8737,70570281
2009-03-25,41.95,43.28,40.81,42.73,33.7992,95016359
2009-03-26,43.32,44.47,42.87,44.38,35.1043,111107398
2009-03-27,43.62,44.0,42.83,42.89,33.9257,78135797
2009-03-30,41.65,41.81,40.7801,41.66,32.9528,59094359
2009-03-31,42.17,43.31,41.61,42.05,33.2613,66096758
2009-04-01,41.34,43.0,41.11,42.78,33.8387,66465312
2009-04-02,44.12,45.57,43.82,44.92,35.5315,92901828
2009-04-03,44.86,45.64,44.36,45.63,36.0931,50769578
2009-04-06,44.99,45.11,44.03,44.85,35.4761,63428699
2009-04-07,44.08,44.46,43.12,43.26,34.2184,48411910
2009-04-08,43.51,44.23,43.19,44.06,34.8512,60266391
2009-04-09,45.28,46.71,45.1,46.64,36.892,66702039
2009-04-13,46.26,47.0,45.67,46.66,36.9078,58559848
2009-04-14,45.96,46.525,45.23,45.31,35.8399,56583488
2009-04-15,45.01,46.1499,44.89,46.0,36.3857,48441680
2009-04-16,46.53,47.69,45.76,47.33,37.4377,66307594
2009-04-17,47.43,48.27,46.92,47.75,37.77,51982180
2009-04-20,46.77,47.0,45.2,45.3,35.832,53376059
2009-04-21,45.06,47.058,44.95,46.87,37.0739,60409246
2009-04-22,46.19,48.16,46.03,46.86,37.066,72788789
2009-04-23,47.1,47.21,45.93,46.75,36.979,70031742
2009-04-24,47.12,48.28,46.67,47.62,37.6671,60773609
2009-04-27,46.84,47.79,46.61,47.11,37.2637,49385461
2009-04-28,46.54,47.99,46.38,47.18,37.3191,51197754
2009-04-29,47.81,49.57,47.63,48.97,38.735,79881906
2009-04-30,49.75,50.24,48.45,48.52,38.379,67811555
2009-05-01,48.65,49.3,48.41,48.82,38.6163,64534609
2009-05-04,49.28,50.7,49.07,50.6,40.0243,47532922
2009-05-05,50.38,50.612,49.63,50.35,39.8265,58364141
2009-05-06,50.93,51.22,49.5,50.49,39.9373,87550078
2009-05-07,51.25,51.4,48.89,49.3,38.996,67579508
2009-05-08,50.15,51.16,49.64,51.01,40.3486,63466129
2009-05-11,50.05,50.66,49.79,50.26,39.7554,40056648
2009-05-12,50.54,50.82,48.71,49.55,39.1938,49453969
2009-05-13,48.7,48.81,47.21,47.28,37.3982,68822109
2009-05-14,47.39,48.75,47.06,47.94,37.9203,72813641
2009-05-15,47.88,48.42,47.28,47.76,37.7779,53885793
2009-05-18,48.3,49.57,48.11,49.36,39.0435,55515762
2009-05-19,49.37,49.96,48.8,49.38,39.0593,55706230
2009-05-20,49.83,50.69,48.85,48.92,38.6954,48021520
2009-05-21,48.27,48.7,47.45,48.29,38.1971,49312871
2009-05-22,48.54,48.66,47.35,47.79,37.8016,38440141
2009-05-26,47.37,50.16,47.32,50.07,39.6051,73480648
2009-05-27,49.76,50.37,49.01,49.1,38.8378,48210566
2009-05-28,49.56,49.75,48.1,49.16,38.8853,58834168
2009-05-29,49.39,50.27,49.08,50.17,39.6842,51672754
2009-06-01,51.36,54.55,51.1,52.13,41.2345,70177289
2009-06-02,51.96,53.0,51.6799,52.78,41.7487,56797848
2009-06-03,52.31,52.51,51.74,52.43,41.4718,44070992
2009-06-04,52.75,53.26,52.09,53.18,42.0651,42972910
2009-06-05,53.69,53.79,52.68,53.2,42.0809,50622328
2009-06-08,52.8,53.28,52.04,52.57,41.5826,46326672
2009-06-09,52.84,53.27,52.56,52.81,41.7724,35033680
2009-06-10,53.38,53.41,51.61,52.6,41.6063,65032566
2009-06-11,52.65,53.46,52.58,52.62,41.6221,62963770
2009-06-12,52.28,52.82,51.89,52.78,41.7487,44094887
2009-06-15,52.03,52.09,50.8,51.36,40.6255,45943199
2009-06-16,51.75,51.84,50.32,50.5,39.9452,53057500
2009-06-17,50.5,51.37,50.0,50.77,40.1588,71989273
2009-06-18,50.77,51.32,50.3,51.0,40.3407,34318559
2009-06-19,51.72,51.92,51.11,51.31,40.5859,38711922
2009-06-22,50.99,51.03,49.4,49.49,39.1463,54878594
2009-06-23,49.74,49.94,49.02,49.09,38.8299,40812621
2009-06-24,49.57,50.25,49.33,49.62,39.2491,39962473
2009-06-25,49.15,51.08,49.09,51.053,40.3826,42340121
2009-06-26,50.79,51.565,50.57,51.23,40.5226,60386699
2009-06-29,51.33,51.58,50.4,51.23,40.5226,49197762
2009-06-30,51.24,51.6101,50.77,51.08,40.404,44576641
2009-07-01,51.35,52.25,51.31,51.87,41.0289,46383039
2009-07-02,50.88,50.88,49.69,49.91,39.6168,51691754
2009-07-06,49.47,49.74,48.65,49.47,39.2675,47241699
2009-07-07,49.37,49.5,48.35,48.4,38.4182,40477762
2009-07-08,48.62,48.78,47.27,48.07,38.1562,65598750
2009-07-09,48.29,48.42,47.79,47.87,37.9975,41678602
2009-07-10,47.59,48.27,47.33,48.1,38.18,39886230
2009-07-13,48.29,49.29,47.42,49.26,39.1008,44827008
2009-07-14,49.25,49.72,48.95,49.55,39.331,32731080
2009-07-15,50.46,51.62,50.26,51.46,40.8471,57652113
2009-07-16,51.28,52.37,51.14,52.1,41.3551,38355180
2009-07-17,52.25,52.27,51.73,51.9,41.1963,35685129
2009-07-20,52.25,52.74,52.03,52.54,41.7044,42599488
2009-07-21,53.04,53.07,51.79,52.45,41.6329,40432641
2009-07-22,52.22,53.21,52.14,52.86,41.9584,47557922
2009-07-23,52.88,54.82,52.77,54.53,43.2839,64531398
2009-07-24,54.17,54.87,53.96,54.81,43.5062,31295980
2009-07-27,54.8,55.22,54.42,55.09,43.7285,32687109
2009-07-28,54.76,55.32,54.34,55.12,43.7523,56194711
2009-07-29,54.82,55.13,54.542,54.84,43.53,47422699
2009-07-30,55.61,56.44,55.38,55.8,44.292,67829688
2009-07-31,55.58,56.28,55.54,55.57,44.1095,40482441
2009-08-03,56.24,56.58,55.62,56.54,44.8794,32398660
2009-08-04,56.21,57.32,56.16,57.11,45.3319,41229520
2009-08-05,57.17,57.17,56.0,56.54,44.8794,54110473
2009-08-06,56.78,56.96,55.61,55.75,44.2523,52409152
2009-08-07,56.62,57.84,56.29,57.09,45.316,49364930
2009-08-10,56.93,57.55,56.71,57.19,45.3954,44780602
2009-08-11,56.97,57.04,55.98,56.27,44.6651,36079551
2009-08-12,56.3,57.84,56.26,57.12,45.3398,53626160
2009-08-13,57.59,57.78,56.73,57.59,45.7129,43545262
2009-08-14,57.5,57.55,55.82,56.41,44.7762,60233230
2009-08-17,55.26,55.37,54.68,54.82,43.5141,48853246
2009-08-18,55.2,55.89,54.915,55.55,44.0936,39360566
2009-08-19,54.93,56.27,54.82,56.23,44.6333,37740070
2009-08-20,56.11,56.97,55.86,56.84,45.1175,40017121
2009-08-21,57.44,58.39,57.37,58.15,46.1574,38321688
2009-08-24,58.4,58.77,57.84,58.13,46.1415,33994070
2009-08-25,58.4,59.07,58.2,58.38,46.3399,30206811
2009-08-26,58.3,58.77,58.03,58.51,46.4431,34166578
2009-08-27,58.44,58.6,57.23,58.42,46.3717,45253801
2009-08-28,59.02,59.18,57.66,58.05,46.078,39329820
2009-08-31,57.46,57.62,56.93,57.2,45.4033,35360488
2009-09-01,56.86,58.13,55.7,55.92,44.3873,77082992
2009-09-02,55.65,56.06,55.47,55.64,44.165,43441320
2009-09-03,55.92,56.31,55.21,56.26,44.6572,43091406
2009-09-04,56.19,57.11,55.87,57.05,45.2842,37231660
2009-09-08,57.66,57.7248,57.0,57.68,45.7843,41068594
2009-09-09,57.68,59.03,57.52,58.67,46.5701,37222738
2009-09-10,58.67,59.56,58.2,59.4,47.1496,39173879
2009-09-11,59.59,59.99,59.1,59.42,47.1654,31719430
2009-09-14,58.98,60.11,58.865,60.05,47.6655,37902301
2009-09-15,60.01,60.72,59.77,60.54,48.0545,48814230
2009-09-16,60.81,61.8,60.62,61.79,49.0467,39403953
2009-09-17,61.74,62.34,61.35,61.66,48.9435,50597770
2009-09-18,62.09,62.09,61.26,61.91,49.1419,36823566
2009-09-21,61.32,61.96,61.09,61.74,49.007,37511871
2009-09-22,62.03,62.24,61.59,62.02,49.3451,36273801
2009-09-23,62.13,62.61,61.315,61.43,48.8757,55048059
2009-09-24,61.53,61.76,59.76,60.2,47.8971,60639539
2009-09-25,59.91,60.34,59.51,59.83,47.6027,51804398
2009-09-28,60.22,61.58,60.04,61.26,48.7404,47928559
2009-09-29,61.3,61.78,60.92,60.99,48.5256,37454820
2009-09-30,61.12,61.24,59.56,60.24,47.9289,79347250
2009-10-01,60.13,60.18,58.34,58.44,46.4968,62845020
2009-10-02,57.78,58.52,57.53,58.0,46.1467,66449398
2009-10-05,58.31,59.29,58.08,59.04,46.9741,48920461
2009-10-06,59.52,60.445,59.36,60.14,47.8493,52213359
2009-10-07,59.98,60.41,59.85,60.16,47.8652,35533969
2009-10-08,60.73,61.31,60.37,60.71,48.3028,48972930
2009-10-09,60.85,61.51,60.67,61.42,48.8677,34601781
2009-10-12,61.79,62.03,61.14,61.43,48.8757,26896080
2009-10-13,61.32,61.49,60.6,61.17,48.6688,35459434
2009-10-14,62.07,62.46,61.55,62.34,49.5997,38636359
2009-10-15,61.99,62.45,61.83,62.3,49.5679,28632801
2009-10-16,61.89,62.02,61.14,61.68,49.0746,49032352
2009-10-19,61.88,62.52,61.38,62.19,49.4804,38233391
2009-10-20,62.24,62.32,60.99,61.33,48.7961,43954488
2009-10-21,61.24,62.4,60.41,60.5,48.1358,64596312
2009-10-22,60.48,61.61,59.77,61.34,48.8041,58429641
2009-10-23,61.47,61.68,59.97,60.058,47.7841,68829328
2009-10-26,60.24,61.17,59.22,59.52,47.356,69905359
2009-10-27,59.57,59.89,58.69,58.79,46.7752,71959609
2009-10-28,58.59,58.8,56.59,56.83,45.2158,84950953
2009-10-29,57.33,58.24,57.12,57.91,46.0751,73616711
2009-10-30,57.67,57.74,55.98,56.33,44.818,116218602
2009-11-02,56.63,57.14,55.33,56.22,44.7305,98003117
2009-11-03,55.88,57.09,55.69,57.07,45.4067,83108258
2009-11-04,57.46,57.68,56.25,56.25,44.7543,92806016
2009-11-05,56.99,58.1646,56.77,58.04,46.1785,67431375
2009-11-06,57.43,58.58,57.27,58.08,46.2103,56217609
2009-11-09,58.59,59.27,58.55,59.22,47.1174,49200180
2009-11-10,59.1,59.51,58.37,58.85,46.823,55872793
2009-11-11,59.3,59.84,58.8,59.26,47.1492,50323578
2009-11-12,59.28,59.73,58.0,58.17,46.2819,68552320
2009-11-13,58.35,58.96,57.63,58.73,46.7275,69265883
2009-11-16,59.12,60.68,59.12,60.28,47.9607,66106312
2009-11-17,60.08,60.48,59.74,60.28,47.9607,43029238
2009-11-18,60.35,60.38,59.6,60.16,47.8652,54311078
2009-11-19,59.56,59.66,58.19,58.66,46.6718,72359406
2009-11-20,58.22,58.8,58.09,58.59,46.6161,39795340
2009-11-23,59.41,60.32,59.29,59.61,47.4276,57936328
2009-11-24,59.62,59.63,58.62,59.34,47.2128,45240793
2009-11-25,59.69,59.82,59.26,59.33,47.2049,47642738
2009-11-27,57.15,58.67,57.04,57.58,45.8125,51862031
2009-11-30,57.65,58.25,56.86,58.09,46.2183,77941859
2009-12-01,58.64,59.23,58.46,58.99,46.9344,63144840
2009-12-02,59.07,60.21,59.06,59.69,47.4913,71220555
2009-12-03,59.98,60.37,58.93,58.96,46.9105,53867340
2009-12-04,60.2,60.87,59.28,60.42,48.0721,100436000
2009-12-07,60.41,60.84,60.11,60.51,48.1437,55544379
2009-12-08,60.14,60.47,59.38,60.04,47.7698,59582879
2009-12-09,59.94,60.1,59.3,59.85,47.6186,55537699
2009-12-10,60.12,60.44,59.36,59.61,47.4276,54321219
2009-12-11,60.03,60.27,59.48,60.17,47.8732,50545512
2009-12-14,60.65,61.3775,59.97,61.08,48.5972,48249621
2009-12-15,60.96,61.52,60.78,60.91,48.462,55380141
2009-12-16,61.3,61.62,60.9,61.3,48.7723,56553434
2009-12-17,60.93,61.17,60.18,60.62,48.2312,60924281
2009-12-18,61.04,61.19,60.32,61.18,48.6768,63876078
2009-12-21,61.63,62.11,61.62,61.991,49.3221,47660449
2009-12-22,62.05,62.65,61.92,62.57,49.7827,38751969
2009-12-23,62.7,63.16,62.2825,63.12,50.4242,49507898
2009-12-24,63.29,63.3929,63.13,63.36,50.6159,16522449
2009-12-28,63.59,63.61,62.97,63.26,50.536,35791113
2009-12-29,63.42,63.53,63.18,63.23,50.5121,24085990
2009-12-30,63.04,63.49,62.65,63.19,50.4801,45268922
2009-12-31,63.23,63.57,62.26,62.44,49.881,34408008
2010-01-04,63.29,64.04,63.27,63.98,51.1112,42866129
2010-01-05,63.88,64.18,63.49,63.76,50.9355,55523672
2010-01-06,63.76,64.1,63.54,63.7,50.8875,59713820
2010-01-07,63.74,64.218,63.14,64.17,51.263,56123820
2010-01-08,63.94,64.52,63.8,64.52,51.5426,48811781
2010-01-11,64.78,64.88,64.01,64.26,51.3349,51638879
2010-01-12,63.86,64.16,63.26,63.56,50.7757,45855859
2010-01-13,63.78,64.51,63.23,64.38,51.4308,39504160
2010-01-14,64.14,64.82,64.02,64.62,51.6225,41868879
2010-01-15,64.65,64.8001,63.27,63.68,50.8716,68728703
2010-01-19,63.92,64.87,63.92,64.85,51.8062,46843621
2010-01-20,64.39,64.4,63.19,63.91,51.0553,62485000
2010-01-21,63.96,64.48,62.64,62.8575,50.2145,98330383
2010-01-22,62.76,63.06,61.18,61.73,49.3138,83765453
2010-01-25,62.08,62.15,61.33,61.8,49.3697,62301262
2010-01-26,61.57,62.0299,61.14,61.19,48.8824,58219879
2010-01-27,60.92,61.935,60.71,61.84,49.4017,72570672
2010-01-28,61.96,61.99,60.22,60.78,48.5549,93822852
2010-01-29,61.03,61.69,59.97,60.11,48.0196,79332516
2010-02-01,60.39,60.94,60.16,60.82,48.5868,60731781
2010-02-02,60.93,61.56,60.62,61.49,49.1221,71049539
2010-02-03,61.2,61.63,60.59,61.08,48.7945,50250070
2010-02-04,60.66,60.68,58.99,59.04,47.1648,99167289
2010-02-05,59.17,59.33,58.0,59.27,47.3486,106758000
2010-02-08,59.08,59.6,58.62,58.68,46.8773,61585352
2010-02-09,59.38,59.9286,58.75,59.49,47.5243,91995172
2010-02-10,59.31,59.78,58.69,59.63,47.6362,55715441
2010-02-11,59.46,60.62,59.0,60.578,48.3935,51979191
2010-02-12,60.0,61.0974,59.81,61.02,48.7466,65913125
2010-02-16,61.66,62.11,61.08,62.05,49.5694,50057527
2010-02-17,62.36,62.61,61.99,62.47,49.9049,50465969
2010-02-18,62.47,63.0,62.25,62.98,50.3124,43072754
2010-02-19,62.74,63.38,62.61,63.06,50.3763,56849039
2010-02-22,63.42,63.45,63.02,63.25,50.5281,45347070
2010-02-23,63.16,63.25,62.33,62.51,49.9369,58965930
2010-02-24,62.74,63.35,62.55,63.04,50.3603,50475969
2010-02-25,62.18,63.12,61.98,63.06,50.3763,51955953
2010-02-26,63.16,63.21,62.46,62.8,50.1686,60097941
2010-03-01,63.26,64.32,63.26,64.26,51.3349,70971109
2010-03-02,64.5,65.15,64.4,64.75,51.7264,55627289
2010-03-03,65.07,65.49,64.78,65.12,52.0219,56212219
2010-03-04,65.14,65.37,64.87,65.29,52.1577,47181199
2010-03-05,65.71,66.72,65.5,66.62,53.2202,52294367
2010-03-08,66.64,66.93,66.515,66.74,53.3161,46056008
2010-03-09,66.55,67.49,66.53,66.98,53.5078,70685742
2010-03-10,67.04,67.9,67.01,67.55,53.9632,73655195
2010-03-11,67.14,67.86,66.9,67.75,54.1229,60019398
2010-03-12,68.1,68.13,67.26,67.72,54.099,61862859
2010-03-15,67.68,67.81,67.0,67.49,53.9152,49874273
2010-03-16,67.83,68.1,67.34,68.07,54.3786,52878113
2010-03-17,68.22,68.88,68.2,68.47,54.6981,53591398
2010-03-18,68.44,68.78,68.14,68.26,54.5304,71535102
2010-03-19,68.5,68.51,67.16,67.4075,53.8493,80546414
2010-03-22,66.93,68.51,66.78,68.36,54.6102,56682992
2010-03-23,68.42,69.25,68.11,69.23,55.3053,61187672
2010-03-24,68.68,68.9737,68.25,68.27,54.6742,59666520
2010-03-25,68.87,69.36,67.79,67.838,54.3282,66976922
2010-03-26,68.12,68.57,67.56,67.81,54.3058,58124312
2010-03-29,68.11,68.4,67.81,68.18,54.6021,38649168
2010-03-30,68.29,68.735,67.87,68.39,54.7703,35775559
2010-03-31,68.13,68.81,67.79,67.8025,54.2998,59821527
2010-04-01,68.33,68.69,67.39,68.43,54.8023,58846992
2010-04-05,68.61,69.76,68.44,69.71,55.8274,52028480
2010-04-06,69.47,70.29,69.33,70.12,56.1558,50203512
2010-04-07,70.04,70.31,69.45,69.898,55.978,71419922
2010-04-08,69.7,70.2,69.16,69.83,55.9235,54606500
2010-04-09,69.94,70.26,69.5,70.25,56.2599,53074820
2010-04-12,70.28,70.68,70.12,70.54,56.4921,49306160
2010-04-13,70.39,70.74,69.94,70.7,56.6203,42150969
2010-04-14,71.11,72.21,70.99,72.21,57.8295,62044199
2010-04-15,72.18,72.58,72.09,72.43,58.0057,55145594
2010-04-16,72.24,72.47,70.94,71.4575,57.2269,93255000
2010-04-19,71.06,71.77,69.78,71.11,56.9486,85286156
2010-04-20,71.49,72.13,71.18,72.08,57.7254,50736578
2010-04-21,72.2,72.72,71.92,72.58,58.1259,60389219
2010-04-22,71.84,73.49,71.46,73.35,58.7425,79289508
2010-04-23,73.49,74.21,72.64,74.13,59.3672,66273438
2010-04-26,74.17,74.66,73.83,73.85,59.1429,62716199
2010-04-27,73.55,74.24,72.02,72.16,57.7895,101050094
2010-04-28,72.57,72.78,71.92,72.28,57.8856,79765906
2010-04-29,72.82,73.84,72.38,73.81,59.1109,68869594
2010-04-30,73.8,73.93,71.57,71.65,57.3811,88767297
2010-05-03,72.1,73.31,72.06,73.26,58.6704,53776832
2010-05-04,72.19,72.2,70.53,70.96,56.8285,105733297
2010-05-05,70.38,70.95,69.39,69.92,55.9956,110340305
2010-05-06,69.42,70.19,63.36,67.3,53.8974,195388094
2010-05-07,66.71,67.62,64.64,65.36,52.3437,189572984
2010-05-10,68.55,69.06,67.7,69.03,55.2828,107708203
2010-05-11,68.21,70.52,67.98,69.49,55.6512,100027695
2010-05-12,69.85,71.7,69.79,71.62,57.357,84620258
2010-05-13,71.46,72.1,70.59,70.93,56.8045,78558711
2010-05-14,70.47,70.5,68.62,69.56,55.7073,86140305
2010-05-17,70.0,70.57,67.75,69.69,55.8114,78576242
2010-05-18,70.6,70.8,68.13,68.35,54.7383,87163930
2010-05-19,68.04,68.8,66.58,67.54,54.0896,107301203
2010-05-20,65.77,66.12,64.08,64.12,51.3507,166841406
2010-05-21,63.07,65.64,62.76,65.07,52.1115,139644406
2010-05-24,64.8,65.41,64.14,64.2,51.4147,76022602
2010-05-25,62.8,64.24,61.71,64.19,51.4067,110830703
2010-05-26,64.44,65.95,63.98,64.345,51.5308,104172797
2010-05-27,65.96,67.14,64.3479,67.11,53.7452,86856125
2010-05-28,66.91,67.17,65.73,66.25,53.0565,92380750
2010-06-01,65.6,66.47,64.19,64.24,51.4468,88425391
2010-06-02,64.63,66.1,64.02,66.07,52.9123,61553762
2010-06-03,66.2,67.09,65.87,66.92,53.593,74870383
2010-06-04,65.11,65.7,63.37,63.555,50.8982,105565000
2010-06-07,63.84,64.11,61.86,61.92,49.5888,88434148
2010-06-08,62.11,62.6,60.7,61.89,49.5647,129072000
2010-06-09,62.37,63.42,61.59,61.93,49.5968,108645602
2010-06-10,63.03,64.08,62.8,64.07,51.3106,75497266
2010-06-11,63.29,65.03,63.18,64.94,52.0073,65298887
2010-06-14,65.8,66.5,65.16,65.35,52.3357,70547148
2010-06-15,65.92,67.17,65.3556,66.99,53.6491,72341938
2010-06-16,66.4,67.38,66.25,66.68,53.4008,62370328
2010-06-17,67.08,67.2,65.97,66.76,53.4649,67329359
2010-06-18,66.97,67.5333,66.45,66.8,53.4969,52765434
2010-06-21,67.87,67.995,65.72,66.1077,52.9425,58651379
2010-06-22,66.36,67.1,64.67,64.75,51.8552,70837203
2010-06-23,64.58,65.26,63.81,64.57,51.711,70319422
2010-06-24,64.03,64.53,63.39,63.54,50.8862,72527586
2010-06-25,63.78,64.915,63.2,64.63,51.7591,87177648
2010-06-28,64.59,65.24,63.91,64.26,51.4628,64649352
2010-06-29,63.22,63.22,61.38,61.83,49.5167,110281906
2010-06-30,61.63,62.62,60.94,61.115,48.9441,93806391
2010-07-01,61.2,61.4,59.12,60.68,48.5957,114232602
2010-07-02,60.75,60.89,59.42,59.82,48.0646,72092289
2010-07-06,60.86,61.5,58.66,59.04,47.4379,89452516
2010-07-07,59.22,61.15,58.9865,61.1,49.0931,79640180
2010-07-08,61.77,62.11,61.04,61.98,49.8001,58770020
2010-07-09,61.98,62.94,61.77,62.94,50.5715,38203367
2010-07-12,62.76,63.18,61.62,62.23,50.001,43039641
2010-07-13,63.08,64.44,62.84,64.2,51.5839,83581203
2010-07-14,64.02,64.39,63.47,63.97,51.3991,52527473
2010-07-15,64.1,64.1,62.61,63.38,50.925,71047828
2010-07-16,62.91,63.04,60.89,61.07,49.069,98127469
2010-07-19,61.27,61.48,60.15,61.33,49.2779,63879594
2010-07-20,60.45,62.47,60.21,62.3595,50.1051,71434438
2010-07-21,62.85,62.97,61.1,61.24,49.2056,68462227
2010-07-22,62.18,63.66,62.17,63.42,50.9572,81000672
2010-07-23,63.11,65.11,62.94,64.98,52.2106,73919758
2010-07-26,65.26,66.52,64.92,66.46,53.3998,66150148
2010-07-27,67.06,67.27,65.98,66.22,53.2069,84131984
2010-07-28,66.13,66.43,64.78,65.15,52.3472,59706262
2010-07-29,65.71,65.99,63.95,64.98,52.2106,63319633
2010-07-30,64.1,65.61,63.82,65.02,52.2427,67453375
2010-08-02,66.17,66.54,65.5901,66.151,53.1515,49896520
2010-08-03,65.93,66.53,65.09,65.62,52.7248,51145680
2010-08-04,65.98,66.48,65.715,66.31,53.2792,40818059
2010-08-05,65.66,66.21,65.46,65.53,52.6525,37994594
2010-08-06,64.45,65.41,63.86,65.14,52.3392,62489070
2010-08-09,65.62,66.11,64.85,65.86,52.9177,35103320
2010-08-10,65.21,65.41,64.13,64.62,51.9214,59849762
2010-08-11,63.33,63.33,61.91,62.08,49.8805,87392555
2010-08-12,60.85,62.15,60.76,61.77,49.6314,63307281
2010-08-13,61.5,61.68,60.97,61.07,49.069,68244109
2010-08-16,60.64,61.92,60.38,61.56,49.4627,51373871
2010-08-17,62.22,63.155,61.86,62.62,50.3144,54593152
2010-08-18,62.55,63.43,61.94,62.81,50.467,61766520
2010-08-19,62.59,62.8521,60.94,61.09,49.085,89238992
2010-08-20,60.87,61.19,60.14,61.15,49.1333,64087207
2010-08-23,61.6,61.92,60.28,60.32,48.4664,55423688
2010-08-24,59.36,60.32,58.8,59.63,47.912,78904492
2010-08-25,59.14,60.68,58.89,60.5299,48.635,64032129
2010-08-26,60.75,61.28,59.86,60.08,48.2735,74582391
2010-08-27,60.77,61.8,59.56,61.65,49.535,72004633
2010-08-30,61.35,61.66,60.27,60.3,48.4503,42410488
2010-08-31,60.15,60.91,59.68,60.18,48.3539,60627020
2010-09-01,61.23,62.55,61.02,62.51,50.226,62585191
2010-09-02,62.49,63.38,62.2742,63.2,50.7804,45824168
2010-09-03,64.16,64.53,63.61,64.33,51.6883,51987566
2010-09-07,64.13,64.14,62.91,63.11,50.7081,48882199
2010-09-08,63.26,63.995,63.23,63.48,51.0054,58868793
2010-09-09,64.45,64.48,63.04,63.52,51.0375,52495520
2010-09-10,63.76,64.11,63.35,63.72,51.1982,46974633
2010-09-13,64.445,65.48,64.32,65.27,52.4436,60551473
2010-09-14,65.13,65.62,64.76,64.99,52.2186,55811168
2010-09-15,64.81,65.57,64.33,65.3575,52.5139,63011473
2010-09-16,65.2,65.41,64.39,64.94,52.1785,52663719
2010-09-17,65.4,65.52,64.28,65.21,52.3954,61780941
2010-09-20,65.42,67.2,64.97,67.0225,53.8517,70673664
2010-09-21,67.02,67.43,66.53,66.63,53.5364,64980191
2010-09-22,66.45,66.9,65.33,65.84,52.9016,65235059
2010-09-23,65.15,66.16,64.66,64.88,52.2612,62725609
2010-09-24,65.79,67.06,65.69,66.99,53.9608,71675523
2010-09-27,67.01,67.16,66.51,66.82,53.8239,48359047
2010-09-28,66.97,67.63,65.749,67.48,54.3555,66177516
2010-09-29,67.38,67.95,67.12,67.67,54.5086,53587301
2010-09-30,68.17,68.55,66.95,67.5,54.3717,81820703
2010-10-01,68.14,68.26,67.25,67.86,54.6616,61763398
2010-10-04,67.68,68.1,66.48,66.94,53.9206,56297320
2010-10-05,67.68,69.01,67.25,68.84,55.451,77657234
2010-10-06,68.78,69.06,68.22,68.61,55.2658,43163398
2010-10-07,69.02,69.08,67.92,68.41,55.1047,39956801
2010-10-08,68.51,69.66,68.145,69.28,55.8055,59953152
2010-10-11,69.34,69.86,69.14,69.34,55.8538,37345832
2010-10-12,69.16,69.82,68.41,69.52,55.9988,51109461
2010-10-13,69.99,71.1436,69.77,70.58,56.8526,58582180
2010-10-14,70.63,70.95,69.89,70.53,56.8123,70382062
2010-10-15,71.14,71.25,69.89,70.29,56.619,74957266
2010-10-18,70.56,71.03,70.26,70.88,57.0943,39853992
2010-10-19,70.04,70.76,68.95,69.5,55.9827,64630320
2010-10-20,69.84,70.63,69.4275,70.21,56.5546,54127930
2010-10-21,70.56,71.09,68.96,69.87,56.2807,62494871
2010-10-22,70.04,70.39,69.76,70.32,56.6432,26271020
2010-10-25,70.84,71.56,70.3564,70.74,56.9815,36098461
2010-10-26,70.36,71.17,69.99,70.69,56.9412,37893160
2010-10-27,70.21,70.62,69.54,70.51,56.7962,53522922
2010-10-28,71.06,71.12,69.75,70.08,56.4499,48482312
2010-10-29,69.88,70.67,69.83,70.3,56.6271,40455020
2010-11-01,70.66,71.17,69.31,69.82,56.2404,47357441
2010-11-02,70.67,71.31,70.272,71.27,57.4084,55102801
2010-11-03,71.36,71.62,70.5,71.55,57.634,58044398
2010-11-04,72.86,73.38,72.62,73.36,59.0919,60910488
2010-11-05,73.45,74.0,73.301,73.77,59.4222,45659047
2010-11-08,73.53,73.91,73.12,73.7125,59.3759,31656631
2010-11-09,73.91,74.05,72.33,72.73,58.5845,48438559
2010-11-10,72.83,73.55,72.11,73.54,59.2369,53667551
2010-11-11,72.73,73.54,72.46,73.25,59.0033,42991113
2010-11-12,72.53,73.1,71.9,72.03,58.0206,48799113
2010-11-15,72.38,72.85,71.97,72.04,58.0287,38922520
2010-11-16,71.5,71.68,70.15,70.64,56.9009,70140047
2010-11-17,70.8,71.02,70.4,70.83,57.054,39512500
2010-11-18,71.67,72.58,71.66,72.21,58.1656,52641648
2010-11-19,72.0,72.61,71.53,72.45,58.3589,32830301
2010-11-22,72.17,72.99,71.74,72.802,58.6424,42172262
2010-11-23,71.92,72.24,71.5,72.1075,58.083,52202238
2010-11-24,72.76,73.75,72.75,73.73,59.39,42139688
2010-11-26,73.28,73.73,73.13,73.39,59.1161,19005230
2010-11-29,72.95,73.51,72.03,73.33,59.0678,47898500
2010-11-30,72.48,73.25,72.18,72.75,58.6006,68634914
2010-12-01,74.12,74.57,72.8091,74.38,59.9135,59975809
2010-12-02,74.47,75.29,74.36,75.13,60.5177,42531473
2010-12-03,74.83,75.9,74.76,75.67,60.9526,36550609
2010-12-06,75.64,76.35,75.5,76.14,61.3312,36177422
2010-12-07,77.06,77.24,76.41,76.58,61.6856,66777352
2010-12-08,76.75,77.01,76.37,76.53,61.6454,40388738
2010-12-09,77.08,77.08,76.48,76.79,61.8548,49390969
2010-12-10,77.05,77.94,76.77,77.745,62.6241,43312680
2010-12-13,78.06,78.19,77.32,77.35,62.3059,43029320
2010-12-14,77.71,77.72,77.18,77.31,62.2737,60000672
2010-12-15,77.25,78.06,76.92,77.07,62.0803,52002398
2010-12-16,77.18,77.97,76.86,77.78,62.6523,57936070
2010-12-17,77.86,78.17,77.29,78.02,62.8456,40363152
2010-12-20,78.31,78.81,77.93,78.33,63.0953,42700039
2010-12-21,78.65,79.28,78.59,79.201,63.7969,30166740
2010-12-22,79.03,79.18,78.72,78.82,63.7775,29813240
2010-12-23,78.96,79.12,78.61,78.72,63.6965,25241260
2010-12-27,78.47,79.1,78.31,78.96,63.8907,15776860
2010-12-28,79.11,79.16,78.52,78.74,63.7127,25829520
2010-12-29,78.85,79.02,78.75,78.91,63.8503,18139301
2010-12-30,78.84,79.22,78.76,78.76,63.7289,37998047
2010-12-31,78.67,78.88,78.17,78.24,63.3082,33323500
2011-01-03,78.94,80.02,78.73,79.6,64.4086,48877930
2011-01-04,79.84,79.9,77.57,78.422,63.4554,77510578
2011-01-05,78.4,79.36,78.1099,79.34,64.1982,47154168
2011-01-06,79.4,79.53,78.65,78.97,63.8988,39396641
2011-01-07,79.24,79.44,77.44,78.52,63.5347,59496793
2011-01-10,78.24,79.29,77.62,78.97,63.8988,55023922
2011-01-11,79.36,79.68,78.87,79.29,64.1578,42133328
2011-01-12,79.94,80.13,79.51,79.97,64.708,38446160
2011-01-13,79.99,80.3,79.57,79.94,64.6837,29703859
2011-01-14,79.86,80.68,79.69,80.54,65.1692,38038930
2011-01-18,80.29,80.63,79.87,80.6,65.2178,37824070
2011-01-19,80.57,80.7,78.36,78.53,63.5428,70707359
2011-01-20,78.14,78.54,77.34,77.71,62.8793,79652992
2011-01-21,78.21,78.24,77.12,77.19,62.4585,56677832
2011-01-24,77.2,78.07,77.09,77.76,62.9198,48148039
2011-01-25,77.31,77.9,76.95,77.88,63.0169,47021633
2011-01-26,78.0,79.38,77.75,79.12,64.0202,65896117
2011-01-27,79.12,79.67,78.73,79.35,64.2063,48174770
2011-01-28,79.31,79.45,77.33,77.41,62.6366,91028125
2011-01-31,77.87,78.5,77.25,77.95,63.0735,53271406
2011-02-01,78.58,80.01,78.37,79.75,64.53,57789262
2011-02-02,79.59,80.13,79.42,79.45,64.2872,39938566
2011-02-03,79.39,79.85,78.5,79.728,64.5122,41162000
2011-02-04,79.6,79.97,79.24,79.87,64.6271,39537230
2011-02-07,79.98,81.25,79.91,80.66,65.2663,40835660
2011-02-08,80.66,81.27,80.34,81.23,65.7275,37563840
2011-02-09,81.01,81.3,80.42,80.87,65.4362,43298832
2011-02-10,80.33,81.29,80.24,81.19,65.6952,48006359
2011-02-11,80.89,82.1,80.79,82.07,66.4072,38588129
2011-02-14,82.11,82.61,82.05,82.49,66.7471,36734078
2011-02-15,82.27,82.4886,81.83,82.018,66.3651,42913738
2011-02-16,82.21,82.82,82.1783,82.68,66.9008,38285672
2011-02-17,82.6,83.51,82.45,83.26,67.3701,34898754
2011-02-18,83.45,83.77,83.04,83.35,67.4429,39514246
2011-02-22,82.73,83.02,81.09,81.21,65.7113,68370227
2011-02-23,81.37,81.44,79.29,79.81,64.5785,91261695
2011-02-24,79.96,80.72,79.36,80.318,64.9896,85137453
2011-02-25,80.7,82.21,80.64,82.18,66.4962,58567273
2011-02-28,82.65,82.84,81.59,82.268,66.5674,49879320
2011-03-01,82.58,82.64,80.35,80.62,65.2339,70867953
2011-03-02,80.53,81.37,80.24,80.96,65.509,61076141
2011-03-03,81.77,83.02,81.0263,82.8,66.9979,78943984
2011-03-04,82.79,82.84,81.65,82.44,66.7066,60947070
2011-03-07,82.76,82.82,80.41,81.09,65.6142,90799047
2011-03-08,81.16,82.81,80.55,82.41,66.6823,67766875
2011-03-09,82.25,82.58,81.75,82.08,66.4153,51237191
2011-03-10,81.005,81.03,79.6999,79.97,64.708,107666703
2011-03-11,79.34,80.7,79.28,80.18,64.8779,83241234
2011-03-14,79.34,80.33,78.91,79.75,64.53,60182152
2011-03-15,77.96,79.67,77.5699,79.04,63.9555,84974438
2011-03-16,78.68,79.64,77.76,78.25,63.3162,126083000
2011-03-17,79.33,79.44,78.42,78.42,63.4538,64028648
2011-03-18,79.33,79.59,79.07,79.46,64.2953,70057172
2011-03-21,80.48,81.32,80.36,81.3,65.7842,50644289
2011-03-22,81.42,81.6,80.67,80.87,65.4362,52388359
2011-03-23,80.69,81.36,79.85,81.12,65.6385,58047000
2011-03-24,81.49,81.79,80.74,81.51,66.0918,52881566
2011-03-25,81.98,83.06,81.5507,82.22,66.6675,78215250
2011-03-28,82.49,82.76,81.97,82.04,66.5215,42807180
2011-03-29,82.09,82.89,81.58,82.81,67.1459,40970359
2011-03-30,83.17,83.99,83.04,83.88,68.0135,42161461
2011-03-31,83.8,84.29,83.7,84.17,68.2486,41635488
2011-04-01,84.77,85.02,84.25,84.54,68.5486,49185711
2011-04-04,84.76,84.97,84.54,84.73,68.7027,42241008
2011-04-05,84.68,85.745,84.521,85.19,69.0757,45473551
2011-04-06,85.63,85.88,84.91,85.38,69.2297,59046473
2011-04-07,85.46,85.775,84.6175,84.87,68.8162,69454125
2011-04-08,85.25,85.3599,83.6,83.98,68.0946,63655008
2011-04-11,84.02,84.28,82.9,83.23,67.4864,41790719
2011-04-12,82.79,83.05,82.05,82.14,66.6026,58127871
2011-04-13,82.65,82.81,81.67,82.25,66.6918,80460070
2011-04-14,81.59,82.71,81.45,82.63,66.9999,58541887
2011-04-15,82.66,83.51,82.26,83.51,67.7135,53705230
2011-04-18,82.25,82.26,81.43,82.13,66.5945,58617113
2011-04-19,82.41,82.695,81.67,82.1486,66.6096,31998510
2011-04-20,83.5,83.9,83.25,83.83,67.9729,47098820
2011-04-21,84.34,84.48,83.73,84.45,68.4757,30383920
2011-04-25,84.37,84.53,83.77,84.34,68.3865,23442961
2011-04-26,84.53,85.67,84.35,85.18,69.0676,53163406
2011-04-27,85.23,85.77,84.89,85.69,69.4811,44683152
2011-04-28,85.6,86.5,85.52,86.08,69.7973,43474910
2011-04-29,86.19,86.68,85.93,86.39,70.0487,41034680
2011-05-02,86.78,86.81,85.28,85.38,69.2297,48978648
2011-05-03,85.29,85.49,83.72,84.3,68.354,56077480
2011-05-04,84.42,84.46,82.73,83.21,67.4702,64787527
2011-05-05,82.64,84.08,82.41,82.83,67.1621,91882289
2011-05-06,83.755,84.34,82.84,83.27,67.5189,76495219
2011-05-09,83.17,84.33,83.04,84.24,68.3054,45819000
2011-05-10,84.67,85.54,84.56,85.53,69.3514,44421301
2011-05-11,85.24,85.359,83.55,83.95,68.0702,81332883
2011-05-12,83.47,84.94,82.98,84.69,68.6703,80117219
2011-05-13,84.76,84.99,83.27,83.51,67.7135,74677359
2011-05-16,82.96,83.89,82.22,82.29,66.7242,68783586
2011-05-17,81.63,82.32,81.4,82.03,66.5134,76489398
2011-05-18,82.13,83.325,82.0,83.29,67.5351,54523312
2011-05-19,83.86,83.97,82.73,83.47,67.681,52926980
2011-05-20,83.25,83.45,82.2889,82.859,67.1856,56026219
2011-05-23,81.42,81.95,81.23,81.37,65.9783,50708246
2011-05-24,81.59,81.96,80.83,80.98,65.662,60226207
2011-05-25,80.77,82.29,80.76,82.0,66.4891,60013727
2011-05-26,81.7,83.12,81.65,83.08,67.3648,51833312
2011-05-27,83.46,83.93,83.26,83.65,67.827,46620738
2011-05-31,84.61,84.86,83.77,84.84,68.7919,77456148
2011-06-01,84.71,84.8185,82.03,82.11,66.5783,80933773
2011-06-02,82.32,82.66,81.6,82.08,66.554,64676930
2011-06-03,80.81,81.73,80.69,80.88,65.5809,76496461
2011-06-06,80.75,81.07,79.49,79.55,64.5025,63792152
2011-06-07,80.04,80.43,79.5291,79.74,64.6566,58330219
2011-06-08,79.47,79.72,78.71,78.85,63.9349,67750242
2011-06-09,79.08,79.71,78.73,79.27,64.2755,58471809
2011-06-10,78.78,78.91,77.65,78.0,63.2457,71824898
2011-06-13,78.23,78.64,77.35,77.78,63.0673,60288809
2011-06-14,78.44,79.68,78.39,79.45,64.4214,66668805
2011-06-15,78.6,79.21,77.72,78.03,63.27,89261953
2011-06-16,78.09,78.88,77.23,78.21,63.416,81850227
2011-06-17,78.99,79.1271,77.83,78.23,63.4322,77866648
2011-06-20,77.96,79.23,77.93,78.95,64.016,53351219
2011-06-21,79.58,80.77,79.42,80.66,65.4026,75979719
2011-06-22,80.22,81.11,80.01,80.04,64.8998,55852301
2011-06-23,79.13,80.51,78.3,80.35,65.1512,92521039
2011-06-24,80.63,80.76,79.47,79.94,64.8188,73867727
2011-06-27,79.91,80.72,79.455,80.56,65.3215,51197352
2011-06-28,80.83,81.85,80.67,81.81,66.335,54021711
2011-06-29,82.1,82.4,81.44,82.2,66.6513,68230195
2011-06-30,82.41,83.05,82.28,82.8,67.1378,59919641
2011-07-01,82.88,84.23,82.62,84.09,68.1837,63908352
2011-07-05,83.93,84.14,83.53,84.04,68.348,48268887
2011-07-06,83.91,84.51,83.61,84.38,68.6245,57095992
2011-07-07,85.215,85.97,84.94,85.65,69.6574,68558750
2011-07-08,84.62,85.21,84.32,85.13,69.2345,61989922
2011-07-11,84.06,84.53,83.09,83.32,67.7625,59769754
2011-07-12,82.88,83.768,82.78,82.85,67.3802,65322070
2011-07-13,83.38,84.47,83.22,83.59,67.9821,79327156
2011-07-14,83.75,84.17,82.05,82.26,66.9004,91726594
2011-07-15,82.61,82.91,82.18,82.81,67.3477,75497312
2011-07-18,82.44,82.63,81.0,81.48,66.266,56866000
2011-07-19,82.23,83.41,82.18,83.32,67.7625,56068398
2011-07-20,83.35,83.42,82.65,83.18,67.6486,40277328
2011-07-21,83.44,84.3,83.24,83.94,68.2667,63407230
2011-07-22,83.85,84.26,83.4,84.05,68.3562,34540168
2011-07-25,83.02,83.759,82.75,83.06,67.551,49769398
2011-07-26,82.88,83.09,82.21,82.43,67.0387,52213301
2011-07-27,81.89,81.91,79.85,79.97,65.038,97533234
2011-07-28,79.96,80.97,79.69,79.84,64.9323,67439367
2011-07-29,78.72,80.18,78.14,79.74,64.8509,93519531
2011-08-01,80.69,80.99,78.47,79.22,64.428,93483156
2011-08-02,78.92,79.6801,76.61,76.75,62.4192,95669570
2011-08-03,76.69,77.35,74.88,77.26,62.834,114910305
2011-08-04,76.07,76.2125,72.59,72.6,59.0441,130904797
2011-08-05,73.52,73.85,69.66,71.33,58.0112,188574297
2011-08-08,69.01,71.4099,65.08,65.12,52.9608,170163500
2011-08-09,66.92,69.62,63.76,69.46,56.4904,207866891
2011-08-10,67.35,69.5752,65.87,66.06,53.7253,182376297
2011-08-11,66.51,70.44,66.07,69.36,56.4091,121880000
2011-08-12,69.99,70.6,68.8,69.79,56.7588,86476523
2011-08-15,70.58,71.83,70.38,71.76,58.361,57622391
2011-08-16,70.59,71.41,69.66,70.44,57.2874,79484234
2011-08-17,70.97,71.52,69.76,70.46,57.3037,66792953
2011-08-18,68.06,70.3975,65.82,66.45,54.0424,110700703
2011-08-19,65.01,67.41,64.9,65.28,53.0909,99198000
2011-08-22,67.12,67.19,64.57,65.05,52.9038,72216148
2011-08-23,65.46,68.3,64.86,68.19,55.4575,93279367
2011-08-24,68.12,69.63,67.52,69.2,56.279,67697922
2011-08-25,69.98,70.29,67.255,67.5,54.8964,80732852
2011-08-26,67.26,69.32,66.06,69.11,56.2058,84472797
2011-08-29,70.07,72.45,70.035,72.38,58.8652,53078449
2011-08-30,71.9,73.265,71.12,72.8,59.2068,67801570
2011-08-31,73.2,73.89,71.9,72.65,59.0848,70313805
2011-09-01,72.7,73.63,70.69,71.09,57.8161,86788766
2011-09-02,69.36,70.04,68.1,68.46,55.6771,78923195
2011-09-06,65.93,68.31,65.93,68.27,55.5226,71503875
2011-09-07,69.4,70.95,69.07,70.85,57.6209,68959219
2011-09-08,70.34,71.3,69.18,69.55,56.5636,71124016
2011-09-09,68.7,69.13,66.75,67.5,54.8964,99456922
2011-09-12,66.38,68.25,66.37,68.08,55.3681,100109906
2011-09-13,68.54,69.46,67.829,69.18,56.2627,84144008
2011-09-14,69.84,71.4,68.44,70.42,57.2712,77019125
2011-09-15,71.07,71.44,69.99,71.41,58.0763,74213031
2011-09-16,71.65,72.03,70.88,71.52,58.1658,75773281
2011-09-19,70.1,71.01,69.45,70.24,57.1248,69216156
2011-09-20,70.49,71.29,69.11,69.15,56.2383,63453191
2011-09-21,69.04,69.63,66.54,66.59,54.1563,81435617
2011-09-22,64.3,65.92,63.49,64.73,52.6436,159808188
2011-09-23,64.25,65.53,64.1,65.14,53.1824,84093758
2011-09-26,65.84,66.48,64.28,66.37,54.1867,75558688
2011-09-27,67.85,69.39,67.27,67.8,55.3542,93999523
2011-09-28,67.79,68.12,65.1,65.2,53.2314,85412562
2011-09-29,66.73,67.02,64.37,66.33,54.154,73927109
2011-09-30,65.15,66.18,64.24,64.3,52.4966,72139312
2011-10-03,63.81,64.96,60.85,60.99,49.7942,119484898
2011-10-04,60.32,64.88,60.09,64.79,52.8967,165084406
2011-10-05,64.78,66.13,63.92,65.68,53.6233,100370898
2011-10-06,65.51,67.31,65.15,67.14,54.8153,85789680
2011-10-07,67.38,67.615,65.2,65.5,53.4764,93662281
2011-10-10,66.97,68.38,65.5428,68.37,55.8195,76366625
2011-10-11,67.72,69.12,67.54,68.84,56.2032,63181441
2011-10-12,69.37,70.53,68.8213,69.82,57.0034,88579984
2011-10-13,69.42,70.12,68.58,69.76,56.9544,54163207
2011-10-14,70.58,71.34,69.8052,71.14,58.081,69768516
2011-10-17,70.51,70.62,68.63,68.98,56.3175,57529887
2011-10-18,69.21,71.29,67.85,70.81,57.8116,98951102
2011-10-19,70.61,71.15,69.07,69.43,56.6849,71075430
2011-10-20,69.56,69.73,67.745,69.62,56.8401,91000039
2011-10-21,70.57,71.16,70.02,71.13,58.0729,60414441
2011-10-24,71.45,73.58,71.1604,73.42,59.9425,81405906
2011-10-25,72.89,72.94,71.16,71.36,58.2607,66772398
2011-10-26,72.6,73.04,70.54,72.59,59.2649,76643297
2011-10-27,75.29,76.97,72.6516,76.42,62.3918,130609695
2011-10-28,76.3,76.92,75.76,76.03,62.0734,82397508
2011-10-31,74.85,75.44,73.93,74.01,60.4242,66969203
2011-11-01,71.18,72.97,70.96,71.39,58.2852,110064898
2011-11-02,72.62,73.3,71.83,73.15,59.7221,63839922
2011-11-03,74.27,75.2,72.29,74.97,61.208,74629820
2011-11-04,74.18,74.82,73.55,74.6,60.9059,65262480
2011-11-07,74.5,74.87,72.9,74.45,60.7834,67142711
2011-11-08,75.14,75.64,73.46,75.54,61.6733,72280867
2011-11-09,73.32,73.92,71.82,71.94,58.7342,78806336
2011-11-10,73.12,73.23,71.63,72.47,59.1669,72175055
2011-11-11,73.34,74.53,72.5295,74.38,60.7263,62457648
2011-11-14,74.1,74.27,72.77,73.31,59.8527,61117262
2011-11-15,72.92,74.64,72.43,74.24,60.612,65795234
2011-11-16,73.47,74.88,72.91,73.038,59.6306,56938688
2011-11-17,72.95,73.44,71.27,72.0,58.7832,78929156
2011-11-18,72.25,72.47,71.45,71.98,58.7668,53462879
2011-11-21,70.54,70.85,69.61,70.26,57.3626,58236871
2011-11-22,70.13,70.63,69.3,69.67,56.8809,55412320
2011-11-23,68.9,69.09,67.37,67.48,55.0929,69734156
2011-11-25,67.05,68.04,66.62,66.62,54.3908,28167820
2011-11-28,69.09,69.92,68.91,69.79,56.9789,59167078
2011-11-29,69.84,70.18,69.12,69.66,56.8727,58160113
2011-11-30,72.56,73.79,69.6486,73.73,60.1956,93811992
2011-12-01,73.47,74.145,73.0605,73.2,59.7629,57399711
2011-12-02,74.09,74.63,73.31,73.5,60.0078,47677953
2011-12-05,74.94,75.39,74.13,74.76,61.0365,58434488
2011-12-06,74.81,75.29,74.09,74.83,61.0937,43602090
2011-12-07,74.28,75.06,73.13,74.68,60.9712,55914121
2011-12-08,73.9,74.18,72.22,72.36,59.0771,71486625
2011-12-09,72.5,74.97,72.38,74.54,60.8569,72184844
2011-12-12,73.49,74.5962,72.5,73.47,59.9833,47638578
2011-12-13,74.23,74.47,71.55,71.94,58.7342,79040281
2011-12-14,71.25,71.8947,70.58,71.04,57.9994,77704852
2011-12-15,72.06,72.11,71.04,71.7,58.5382,50096000
2011-12-16,72.28,73.28,71.73,72.26,58.9954,66230352
2011-12-19,72.93,73.2,70.83,71.01,57.9749,52897500
2011-12-20,72.55,73.97,72.51,73.86,60.3017,74174305
2011-12-21,73.53,74.39,72.73,74.161,60.5475,59204289
2011-12-22,74.16,74.67,73.98,74.27,60.9323,41507207
2011-12-23,74.55,74.68,74.0799,74.55,61.162,24337369
2011-12-27,74.26,75.16,74.08,74.77,61.3425,26926600
2011-12-28,74.88,74.9,73.27,73.41,60.2267,37827473
2011-12-29,73.73,74.44,73.6,74.15,60.8338,27096230
2011-12-30,74.12,74.52,73.69,73.75,60.5056,31988180
2012-01-03,75.68,75.87,74.77,74.975,61.5107,60508754
2012-01-04,74.58,74.86,74.07,74.56,61.1702,34653160
2012-01-05,74.03,75.34,73.37,74.98,61.5148,57274910
2012-01-06,75.02,75.38,74.27,74.795,61.363,45500672
2012-01-09,75.14,75.301,74.41,75.17,61.6706,52045191
2012-01-10,76.16,76.43,75.96,76.27,62.5731,42977520
2012-01-11,75.95,76.67,75.87,76.57,62.8192,33452289
2012-01-12,76.79,76.92,75.94,76.8,63.0079,36132207
2012-01-13,76.18,76.48,75.6,76.39,62.6715,42602832
2012-01-17,77.1,77.27,76.13,76.36,62.6469,34521398
2012-01-18,76.32,77.73,76.15,77.72,63.7627,49330699
2012-01-19,78.13,78.36,77.66,78.2,64.1565,35832488
2012-01-20,78.1,78.51,77.9,78.25,64.1975,42225398
2012-01-23,78.26,78.84,77.55,78.15,64.1155,37482328
2012-01-24,77.68,78.75,77.27,78.6,64.4847,49860320
2012-01-25,78.6,79.57,78.19,79.27,65.0343,68272867
2012-01-26,79.86,79.91,78.75,79.18,64.9605,52758609
2012-01-27,78.8,79.78,78.77,79.72,65.4035,52205352
2012-01-30,79.08,79.43,78.52,79.1,64.8949,46332320
2012-01-31,79.66,79.82,78.58,79.02,64.8292,52026660
2012-02-01,79.76,80.9,79.47,80.72,66.2239,67292172
2012-02-02,81.04,81.53,80.74,81.18,66.6013,46407031
2012-02-03,82.47,83.2229,82.242,82.95,68.0535,72740969
2012-02-06,82.57,82.93,82.37,82.68,67.832,34520168
2012-02-07,82.605,82.99,82.08,82.63,67.7909,41623672
2012-02-08,82.8,83.21,81.93,82.81,67.9386,46707152
2012-02-09,83.02,83.03,81.84,82.4,67.6022,48716711
2012-02-10,81.5,81.67,81.08,81.27,66.6752,42506848
2012-02-13,82.11,82.429,81.61,82.32,67.5366,38574008
2012-02-14,81.91,82.12,81.36,81.95,67.2331,49376898
2012-02-15,82.42,82.43,81.0,81.27,66.6752,59836594
2012-02-16,81.32,82.9,81.28,82.8,67.9304,61459520
2012-02-17,83.29,83.31,82.63,82.79,67.9222,33298969
2012-02-21,82.92,83.04,81.83,82.23,67.4628,39889930
2012-02-22,81.97,82.36,81.5,81.58,66.9295,42626848
2012-02-23,81.71,82.85,81.26,82.8,67.9304,53186473
2012-02-24,82.83,83.03,82.47,82.64,67.7991,37608594
2012-02-27,81.84,82.95,81.25,82.5,67.6843,51811953
2012-02-28,82.55,83.06,81.8415,82.28,67.5038,47687262
2012-02-29,82.55,82.96,80.97,81.05,66.4947,64219922
2012-03-01,81.38,82.37,81.36,81.47,66.8393,69526438
2012-03-02,81.42,81.64,79.84,80.25,65.8383,70789875
2012-03-05,79.99,80.3999,79.42,80.34,65.9122,44334738
2012-03-06,79.42,79.62,78.41,78.74,64.5995,80771266
2012-03-07,78.91,79.56,78.78,79.48,65.2066,57457910
2012-03-08,80.0,80.69,79.35,80.5101,66.0517,43803102
2012-03-09,80.52,82.15,80.46,81.6,66.9459,61462809
2012-03-12,81.74,81.93,81.05,81.44,66.8146,34086059
2012-03-13,82.06,83.09,81.4046,83.06,68.1437,60998078
2012-03-14,82.96,83.23,82.01,82.38,67.5858,46708551
2012-03-15,82.25,83.12,82.03,83.07,68.1519,58742398
2012-03-16,83.22,83.2707,82.65,83.0,68.0945,42046090
2012-03-19,82.89,84.39,82.75,83.7,68.6688,66828516
2012-03-20,83.12,83.3,82.58,82.951,68.0543,43830059
2012-03-21,83.2,83.43,82.64,82.93,68.0371,40504699
2012-03-22,82.09,82.46,81.62,82.13,67.3807,60103809
2012-03-23,82.0,82.79,81.25,82.68,68.0399,46465180
2012-03-26,83.74,84.46,83.62,84.4,69.4553,56454000
2012-03-27,84.42,84.66,83.75,83.81,68.9698,41730621
2012-03-28,83.8,84.02,82.6099,83.32,68.5666,48841262
2012-03-29,82.73,83.22,82.015,83.08,68.3691,45625047
2012-03-30,83.59,83.6,82.53,82.81,68.1469,45904621
2012-04-02,82.54,83.86,82.38,83.83,68.9863,52757320
2012-04-03,83.66,84.0,82.93,83.27,68.5254,52014398
2012-04-04,82.37,82.43,81.45,81.94,67.4309,65172328
2012-04-05,81.6,82.0,81.42,81.58,67.1347,31978689
2012-04-09,80.09,80.57,79.85,80.24,66.0319,50063152
2012-04-10,79.92,80.16,78.14,78.35,64.4766,101231203
2012-04-11,79.01,79.57,78.8499,79.46,65.3901,54348809
2012-04-12,79.54,80.91,79.44,80.6,66.3282,60728672
2012-04-13,80.38,80.41,79.43,79.542,65.4575,53965770
2012-04-16,79.89,80.2,78.88,79.67,65.5629,44729246
2012-04-17,80.33,81.55,80.27,80.82,66.5092,46737781
2012-04-18,80.41,80.668,79.83,80.21,66.0073,49010141
2012-04-19,80.32,80.99,79.25,79.75,65.6287,74262141
2012-04-20,80.28,80.97,80.06,80.21,66.0073,46639152
2012-04-23,78.98,79.16,78.31,79.1,65.0938,62477449
2012-04-24,79.13,79.93,78.86,79.7,65.5876,44817152
2012-04-25,80.75,81.37,80.525,80.94,66.608,50263367
2012-04-26,80.95,81.87,80.82,81.74,67.2663,43151121
2012-04-27,81.98,82.53,81.03,82.38,67.793,46796379
2012-04-30,82.35,82.36,81.43,81.47,67.0441,38095551
2012-05-01,81.56,82.97,81.29,81.55,67.11,60494328
2012-05-02,80.91,81.815,80.57,81.77,67.291,52098770
2012-05-03,81.66,81.76,80.17,80.62,66.3447,61494422
2012-05-04,80.07,80.5518,78.94,79.09,65.0856,75098461
2012-05-07,78.76,79.6,78.62,79.3,65.2584,47361980
2012-05-08,78.69,79.3,77.97,79.25,65.2172,62951039
2012-05-09,78.25,79.26,77.97,78.8,64.8469,64441129
2012-05-10,79.32,79.55,78.63,79.1,65.0938,45701762
2012-05-11,78.45,79.56,78.42,78.9,64.9292,44863602
2012-05-14,78.09,78.46,77.61,77.85,64.0651,51221680
2012-05-15,77.83,78.49,77.47,77.71,63.9499,54317961
2012-05-16,77.98,78.39,77.1,77.155,63.4932,52662406
2012-05-17,77.22,77.35,75.36,75.4,62.049,71669523
2012-05-18,75.39,75.91,74.49,74.6934,61.4675,77644461
2012-05-21,74.93,76.45,74.41,76.45,62.913,61393102
2012-05-22,76.42,77.03,75.47,75.99,62.5345,59686594
2012-05-23,75.25,76.64,74.69,76.48,62.9377,66981742
2012-05-24,76.43,76.7401,75.55,76.64,63.0694,54579281
2012-05-25,76.7,76.8901,76.2699,76.59,63.0282,33848527
2012-05-29,77.33,77.91,76.76,77.7,63.9417,51168230
2012-05-30,76.9,77.04,76.11,76.21,62.7155,47893312
2012-05-31,76.27,76.59,75.07,76.11,62.6332,59565871
2012-06-01,74.4,75.01,73.71,73.82,60.7487,76129750
2012-06-04,74.09,74.35,72.94,73.65,60.6088,50132238
2012-06-05,73.26,74.67,73.21,74.6,61.3906,48275512
2012-06-06,75.19,76.51,75.03,76.44,62.9048,48640719
2012-06-07,77.66,77.72,75.94,75.94,62.4933,57907020
2012-06-08,75.9,77.06,75.3501,76.97,63.341,50423273
2012-06-11,77.79,77.86,75.09,75.27,61.942,52802910
2012-06-12,75.44,76.26,74.78,76.22,62.7238,56599352
2012-06-13,76.09,76.54,74.995,75.34,61.9996,62717102
2012-06-14,75.38,76.47,75.16,76.2,62.7073,53623898
2012-06-15,76.35,77.32,76.1,77.22,63.5467,57934980
2012-06-18,76.6,77.6,76.35,77.31,63.6208,45657461
2012-06-19,77.65,79.08,77.54,78.65,64.7235,66903234
2012-06-20,78.67,79.08,77.98,78.53,64.6247,54650488
2012-06-21,78.37,78.53,76.49,76.62,63.0529,62486859
2012-06-22,77.07,77.74,76.65,77.49,63.7689,41003078
2012-06-25,76.4,77.5998,76.0,76.28,62.7731,48628406
2012-06-26,76.09,76.58,75.42,76.2,63.0188,42502922
2012-06-27,76.43,77.46,76.36,77.44,64.0443,38516719
2012-06-28,76.78,77.37,76.12,77.31,63.9368,58192672
2012-06-29,78.94,79.73,78.56,79.56,65.7975,71664211
2012-07-02,79.92,80.51,79.28,80.48,66.5584,53374594
2012-07-03,80.56,81.6,80.43,81.53,67.4268,32322699
2012-07-05,81.62,81.84,81.03,81.44,67.3523,42819887
2012-07-06,80.77,80.83,80.15,80.53,66.5998,38531578
2012-07-09,80.42,80.525,79.86,80.22,66.3434,34636281
2012-07-10,80.81,80.96,78.98,79.33,65.6073,49992699
2012-07-11,79.39,79.65,78.55,79.06,65.384,40178199
2012-07-12,78.44,79.1,77.59,78.79,65.1607,55510527
2012-07-13,79.07,80.09,79.02,79.771,65.972,42114879
2012-07-16,79.62,79.88,79.111,79.45,65.7066,31924150
2012-07-17,79.98,80.15,78.65,79.731,65.939,43662422
2012-07-18,79.6,80.7082,79.55,80.22,66.3434,46045273
2012-07-19,80.55,80.74,79.81,79.95,66.1201,49405461
2012-07-20,79.33,79.46,78.8099,78.93,65.2765,42315301
2012-07-23,77.51,78.03,77.18,77.67,64.2345,47372840
2012-07-24,77.95,77.98,76.22,76.65,63.3909,55612793
2012-07-25,77.0,77.375,76.475,76.82,63.5315,37217578
2012-07-26,77.98,78.18,77.0,77.48,64.0773,44745199
2012-07-27,77.83,79.72,77.39,79.32,65.5991,67301680
2012-07-30,79.52,79.91,78.74,79.05,65.3758,34785102
2012-07-31,78.73,79.47,78.35,78.35,64.7969,48938809
2012-08-01,78.91,79.0,77.04,77.06,63.73,63601070
2012-08-02,76.27,77.305,76.25,76.78,63.4984,43378039
2012-08-03,77.94,79.02,77.65,78.61,65.0119,52414152
2012-08-06,78.7,79.6315,78.59,79.22,65.5164,34665379
2012-08-07,79.85,80.57,79.64,79.94,66.1118,50064070
2012-08-08,79.6,80.19,79.54,79.82,66.0126,28012891
2012-08-09,79.76,80.39,79.69,80.2,66.3268,24049461
2012-08-10,79.77,80.05,79.5,79.92,66.0953,26076189
2012-08-13,79.8,80.01,78.89,79.79,65.9878,31546551
2012-08-14,80.3,80.42,79.27,79.6,65.8306,26060289
2012-08-15,79.38,80.3,79.31,80.3,66.4095,27061381
2012-08-16,80.18,81.3,79.83,81.14,67.1042,46045699
2012-08-17,81.22,81.86,80.99,81.71,67.5756,33453969
2012-08-20,81.59,81.66,80.98,81.53,67.4268,32658000
2012-08-21,81.93,82.71,81.19,81.48,67.3854,43746551
2012-08-22,81.27,81.5,80.79,81.09,67.0629,37611992
2012-08-23,81.06,81.06,80.2,80.52,66.5915,32208660
2012-08-24,80.34,81.07,80.11,80.74,66.7734,25679230
2012-08-27,81.23,81.41,80.58,80.98,66.9719,23633311
2012-08-28,80.97,81.51,80.75,81.35,67.2779,28512801
2012-08-29,81.52,81.96,81.145,81.6,67.4847,30861010
2012-08-30,81.18,81.25,80.64,80.79,66.8148,24562830
2012-08-31,81.48,81.53,80.34,81.12,67.0877,34089898
2012-09-04,81.18,82.4,80.5501,82.11,67.9064,69563609
2012-09-05,82.2,82.51,81.85,82.13,67.923,35158246
2012-09-06,82.58,83.9401,82.52,83.638,69.1701,46336762
2012-09-07,83.86,84.4,83.7,84.26,69.6845,32012859
2012-09-10,84.18,84.45,83.79,83.88,69.3703,30674570
2012-09-11,83.89,84.56,83.83,84.06,69.5191,33164078
2012-09-12,84.485,84.65,83.9,84.49,69.8747,29752711
2012-09-13,84.64,86.15,84.19,85.6,70.7927,69441398
2012-09-14,85.86,86.96,85.83,86.4,71.4543,46045551
2012-09-17,85.98,86.22,85.57,86.0,71.1235,30184990
2012-09-18,85.74,85.9,85.36,85.72,70.892,32993609
2012-09-19,85.94,86.03,85.41,85.57,70.7679,29344490
2012-09-20,85.14,85.4,84.61,85.19,70.4537,34941449
2012-09-21,86.04,86.08,85.47,85.5,70.71,38829398
2012-09-24,84.89,85.43,84.6,84.89,70.4792,54640738
2012-09-25,85.43,85.51,83.58,83.67,69.4663,74752141
2012-09-26,83.85,83.93,82.84,83.14,69.0263,42171551
2012-09-27,83.49,84.35,83.07,84.04,69.7735,33252789
2012-09-28,83.78,84.0,83.26,83.44,69.2754,43945961
2012-10-01,83.96,84.54,83.31,83.72,69.5078,43711379
2012-10-02,84.15,84.24,83.37,83.88,69.6407,25798100
2012-10-03,83.94,84.22,83.17,83.64,69.4414,38570953
2012-10-04,83.96,84.26,83.2,84.21,69.9147,43327422
2012-10-05,84.58,85.25,83.84,84.11,69.8316,40983953
2012-10-08,83.62,83.9,83.39,83.58,69.3916,21069061
2012-10-09,83.62,83.7,82.44,82.6,68.578,45221121
2012-10-10,82.67,82.83,82.18,82.47,68.47,32469770
2012-10-11,83.1,83.44,82.6,82.77,68.7191,38978434
2012-10-12,82.74,83.02,81.91,82.1,68.1628,31847000
2012-10-15,82.34,82.64,81.76,82.64,68.6112,34421020
2012-10-16,83.08,83.36,82.88,83.25,69.1176,29239490
2012-10-17,83.42,84.15,83.25,84.0,69.7403,35466441
2012-10-18,83.94,84.15,83.45,83.54,69.3584,31432869
2012-10-19,82.85,82.88,81.47,81.85,67.9553,53568070
2012-10-22,81.64,81.97,81.35,81.83,67.9387,30691180
2012-10-23,81.15,81.53,80.43,81.4203,67.5985,40737848
2012-10-24,81.7,81.85,80.91,81.2,67.4156,24474641
2012-10-25,81.88,82.14,80.87,81.53,67.6896,27796199
2012-10-26,81.44,81.9,80.46,81.14,67.3658,41405762
2012-10-31,81.16,81.65,80.88,81.63,67.7726,24879760
2012-11-01,81.82,82.71,81.52,82.49,68.4866,77113234
2012-11-02,82.89,82.95,81.17,81.1913,67.4084,39323379
2012-11-05,81.18,81.84,80.92,81.7266,67.8528,26862680
2012-11-06,82.03,82.57,81.97,82.34,68.3621,27347311
2012-11-07,81.37,81.37,79.91,80.34,66.7016,65102238
2012-11-08,80.165,80.5,79.15,79.21,65.7635,42653633
2012-11-09,78.87,79.97,78.7,79.38,65.9046,33030121
2012-11-12,79.56,79.66,79.03,79.15,65.7136,20155010
2012-11-13,78.79,79.56,78.58,78.7,65.34,34408191
2012-11-14,78.88,79.1,77.06,77.24,64.1279,54655180
2012-11-15,77.09,77.49,76.29,76.8401,63.7959,55971008
2012-11-16,76.78,77.68,76.13,77.48,64.3271,62750398
2012-11-19,78.32,79.18,78.22,79.1194,65.6882,45625379
2012-11-20,78.98,79.35,78.64,79.2611,65.8059,36934754
2012-11-21,79.41,79.73,79.13,79.68,66.1537,19257500
2012-11-23,79.9,80.56,79.86,80.47,66.8096,20093270
2012-11-26,80.35,80.79,80.07,80.73,67.0254,31180689
2012-11-27,80.68,81.23,80.57,80.63,66.9424,39946219
2012-11-28,80.315,81.31,79.63,81.31,67.507,51324738
2012-11-29,81.949,82.41,81.62,82.24,68.2791,53045941
2012-11-30,82.4,82.41,81.73,82.08,68.1462,35722910
2012-12-03,82.71,82.76,81.75,81.99,68.0715,24959740
2012-12-04,82.065,82.32,81.46,82.0885,68.1533,37225793
2012-12-05,82.48,82.51,81.4,81.9933,68.0743,40377246
2012-12-06,81.98,82.31,81.61,82.1206,68.18,31829410
2012-12-07,82.5,82.55,81.83,82.18,68.2293,24123971
2012-12-10,82.37,82.66,82.21,82.54,68.5282,29177320
2012-12-11,83.11,83.56,82.92,83.41,69.2505,40267113
2012-12-12,83.67,83.8,82.77,82.94,68.8603,40574754
2012-12-13,82.98,83.21,82.11,82.41,68.4202,33439281
2012-12-14,82.22,82.81,82.12,82.36,68.3787,28513020
2012-12-17,82.68,83.5275,82.52,83.52,69.3418,35849359
2012-12-18,83.71,84.77,83.49,84.6615,70.2895,53506602
2012-12-19,84.08,84.52,83.76,84.12,70.4449,49010879
2012-12-20,84.14,84.61,83.85,84.54,70.7966,50304520
2012-12-21,83.27,84.19,83.08,84.19,70.5035,54924602
2012-12-24,83.89,83.97,83.51,83.78,70.1601,10105120
2012-12-26,83.97,84.01,83.08,83.1808,69.6583,24673131
2012-12-27,83.26,83.435,82.05,83.12,69.6074,35568379
2012-12-28,82.69,83.37,82.52,82.53,69.1133,34262141
2012-12-31,82.66,84.43,82.35,84.3178,70.6105,67461055
2013-01-02,86.34,86.91,86.04,86.8,72.6892,116410492
2013-01-03,86.85,87.28,86.37,86.6,72.5217,45872887
2013-01-04,87.01,87.44,86.66,87.24,73.0576,29853410
2013-01-07,86.8,87.07,86.62,86.91,72.7813,23694000
2013-01-08,86.88,87.01,86.39,86.8487,72.73,23769740
2013-01-09,87.02,87.35,86.96,87.27,73.0828,27426520
2013-01-10,87.61,87.69,86.95,87.47,73.2503,39754020
2013-01-11,87.4,87.54,87.0,87.34,73.1414,27322369
2013-01-14,87.16,87.52,87.05,87.39,73.1833,24354830
2013-01-15,86.83,87.885,86.77,87.77,73.5015,34705473
2013-01-16,87.57,87.75,87.3,87.51,73.2838,20884020
2013-01-17,87.91,88.51,87.83,88.32,73.9621,34222102
2013-01-18,88.34,88.62,88.11,88.57,74.1714,23257141
2013-01-22,88.64,89.26,88.381,89.21,74.7074,31590230
2013-01-23,89.24,89.285,88.91,89.0,74.5315,32818871
2013-01-24,89.15,89.85,88.93,89.29,74.7744,39817910
2013-01-25,89.73,89.94,89.29,89.94,75.3187,34620719
2013-01-28,90.01,90.23,89.38,90.0,75.369,42633551
2013-01-29,89.96,90.1601,89.6499,90.05,75.4108,37056207
2013-01-30,89.97,90.02,88.69,88.97,74.5064,39299273
2013-01-31,88.87,89.68,88.76,89.58,75.0172,36925047
2013-02-01,89.96,90.7,89.85,90.37,75.6788,33927473
2013-02-04,89.82,90.18,89.15,89.28,74.766,27015170
2013-02-05,89.71,90.38,89.585,90.08,75.436,26551570
2013-02-06,89.65,90.52,89.57,90.46,75.7542,24300150
2013-02-07,90.39,90.55,89.55,90.16,75.503,30212230
2013-02-08,90.28,90.86,90.24,90.8,76.0389,25189529
2013-02-11,90.71,90.75,90.26,90.7,75.9552,15725420
2013-02-12,90.74,91.24,90.68,91.1,76.2901,19792689
2013-02-13,91.19,91.55,90.98,91.48,76.6084,22591250
2013-02-14,91.18,91.875,91.16,91.71,76.801,22359279
2013-02-15,91.67,92.03,91.47,91.74,76.8261,29339090
2013-02-19,91.88,92.56,91.87,92.55,77.5044,21170539
2013-02-20,92.63,92.68,90.74,90.8299,76.0639,41753754
2013-02-21,90.77,90.8199,89.37,89.95,75.3271,45093359
2013-02-22,90.41,91.03,90.37,91.03,76.2315,24765510
2013-02-25,91.5,91.53,88.97,89.02,74.5483,53492719
2013-02-26,89.41,89.78,88.79,89.37,74.8414,47522801
2013-02-27,89.36,90.85,89.31,90.31,75.6286,41199320
2013-02-28,90.3,91.05,90.18,90.48,75.7709,31218131
2013-03-01,89.88,91.06,89.21,90.89,76.1143,49278793
2013-03-04,90.67,91.17,90.2,91.13,76.3153,27577539
2013-03-05,91.61,92.35,91.6,92.19,77.2029,35615207
2013-03-06,92.47,92.6,92.12,92.43,77.4039,28483551
2013-03-07,92.48,92.94,92.32,92.87,77.7724,27908699
2013-03-08,93.6,93.75,92.92,93.73,78.4926,38066078
2013-03-11,93.42,93.75,93.33,93.7,78.4675,26723529
2013-03-12,93.48,93.75,93.18,93.51,78.3084,21488990
2013-03-13,93.54,94.02,93.25,93.86,78.6015,28662869
2013-03-14,94.03,94.81,93.8735,94.8,79.3886,24749961
2013-03-15,94.65,94.96,94.39,94.75,79.3468,35361641
2013-03-18,93.74,94.61,93.67,94.23,78.9113,36701246
2013-03-19,94.41,94.71,93.01,93.83,78.5763,51516379
2013-03-20,94.36,94.74,94.26,94.7,79.3049,27961590
2013-03-21,94.04,94.47,93.5401,93.87,78.6098,37125781
2013-03-22,94.25,94.37,93.94,94.16,78.8527,33429898
2013-03-25,94.12,94.72,93.28,93.95,78.898,36682273
2013-03-26,94.34,94.49,93.75,94.25,79.15,26350590
2013-03-27,93.65,94.38,93.24,94.314,79.2037,28469109
2013-03-28,94.27,94.66,94.14,94.43,79.3011,24162820
2013-04-01,94.27,94.47,92.705,93.16,78.2346,59669262
2013-04-02,93.78,93.92,92.5,92.58,77.7475,47917199
2013-04-03,92.94,92.98,90.92,91.13,76.5298,65445070
2013-04-04,91.26,91.94,90.96,91.91,77.1849,37707879
2013-04-05,90.52,91.75,90.42,91.73,77.0337,46419688
2013-04-08,91.99,92.52,91.33,92.49,77.6719,28889910
2013-04-09,92.64,92.83,92.04,92.22,77.4452,36828512
2013-04-10,92.51,94.1,92.45,93.89,78.8476,50119551
2013-04-11,93.83,94.575,93.75,94.02,78.9568,32618910
2013-04-12,93.7,93.94,92.915,93.64,78.6377,41932699
2013-04-15,93.06,93.15,89.79,90.11,75.6732,100203906
2013-04-16,90.81,91.8,90.49,91.67,76.9833,58063238
2013-04-17,90.92,91.02,89.23,90.076,75.6447,77711438
2013-04-18,90.15,90.37,89.13,89.58,75.2282,58516566
2013-04-19,89.96,90.69,89.21,90.61,76.0931,44933602
2013-04-22,90.7,91.07,89.2,90.87,76.3115,49192660
2013-04-23,91.6,92.34,90.8582,92.31,77.5208,55313113
2013-04-24,92.29,92.86,91.93,92.79,77.9239,41022840
2013-04-25,93.03,93.9,92.89,93.4,78.4361,36544328
2013-04-26,93.09,93.36,92.5,92.9,78.0163,32406311
2013-04-29,93.31,93.78,93.07,93.57,78.5789,20792869
2013-04-30,93.58,94.14,93.17,94.1,79.024,30495699
2013-05-01,93.81,93.9,91.76,91.8199,77.1092,120179297
2013-05-02,92.34,93.47,92.17,93.28,78.3354,38835770
2013-05-03,94.53,95.47,94.35,94.76,79.5783,51982328
2013-05-06,94.83,95.5,94.74,95.37,80.0905,26895240
2013-05-07,95.51,96.17,95.13,96.15,80.7456,29923010
2013-05-08,95.93,96.47,95.68,96.43,80.9807,37669520
2013-05-09,96.3,96.51,95.75,96.1,80.7036,32334070
2013-05-10,96.21,96.935,96.07,96.83,81.3166,39288859
2013-05-13,96.74,97.12,96.43,96.76,81.2578,22528141
2013-05-14,96.94,98.03,96.93,98.0,82.2992,33543891
2013-05-15,97.8,98.67,97.69,98.2,82.4671,34001848
2013-05-16,98.03,98.56,97.7,97.95,82.2572,42053289
2013-05-17,98.4,99.0715,97.9565,99.05,83.1809,35679328
2013-05-20,98.76,99.6,98.75,99.21,83.3153,25028340
2013-05-21,99.2,99.55,98.88,99.23,83.3321,23605061
2013-05-22,99.41,100.38,97.11,97.78,82.1144,68656578
2013-05-23,96.65,97.935,96.51,97.9,82.2152,44527078
2013-05-24,97.3,97.95,96.71,97.88,82.1984,33336320
2013-05-28,99.2,100.095,98.4807,99.15,83.2649,46125930
2013-05-29,98.55,99.1848,97.37,98.23,82.4923,40491641
2013-05-30,98.5,99.125,98.31,98.89,83.0466,30625320
2013-05-31,98.38,99.02,97.77,97.8,82.1312,38959406
2013-06-03,98.14,98.84,97.03,98.73,82.9122,87088430
2013-06-04,98.68,99.2,96.92,97.68,82.0304,68207195
2013-06-05,97.56,97.71,96.15,96.43,80.9807,58973527
2013-06-06,96.36,97.45,95.73,97.45,81.8373,46336160
2013-06-07,97.9,98.45,97.27,98.2,82.4671,44757660
2013-06-10,98.64,98.8,97.81,98.8,82.971,32136471
2013-06-11,97.675,98.47,96.86,97.73,82.0724,43466441
2013-06-12,98.33,98.48,96.625,96.76,81.2578,58453434
2013-06-13,96.73,98.7,96.37,98.475,82.6981,47769219
2013-06-14,98.28,98.64,97.42,97.711,82.0565,37845930
2013-06-17,98.59,98.855,97.76,98.35,82.5931,33311391
2013-06-18,98.52,99.8,98.3297,99.51,83.5673,40521488
2013-06-19,99.51,99.7,98.16,98.29,82.5427,43193441
2013-06-20,96.71,98.205,95.29,95.69,80.3593,76263719
2013-06-21,95.64,96.18,94.63,95.975,80.5986,66116891
2013-06-24,94.91,95.515,93.83,94.71,79.5363,58775422
2013-06-25,95.59,95.84,94.8701,95.62,80.3005,32420580
2013-06-26,96.52,96.63,95.65,96.07,80.6784,33752621
2013-06-27,96.65,97.74,96.605,97.56,81.9297,40852238
2013-06-28,97.4,97.96,96.85,97.0,81.4594,46141551
2013-07-01,97.65,99.1,97.64,98.58,82.7862,37811449
2013-07-02,98.16,98.85,97.45,98.08,82.7272,36849699
2013-07-03,97.73,98.64,97.59,98.28,82.8959,19162100
2013-07-05,99.38,99.75,98.31,99.67,84.0683,29429051
2013-07-08,100.13,100.44,99.89,100.07,84.4057,30905240
2013-07-09,100.7,101.2,100.3,101.0,85.1901,36011059
2013-07-10,101.04,101.38,100.74,101.28,85.4263,36061047
2013-07-11,102.42,102.59,101.94,102.47,86.43,34437559
2013-07-12,102.48,103.11,102.47,102.68,86.6072,28586660
2013-07-15,102.95,103.68,102.84,103.58,87.3663,30789891
2013-07-16,103.62,103.67,102.82,103.06,86.9277,38632641
2013-07-17,103.64,103.95,103.24,103.46,87.2651,28484930
2013-07-18,103.73,104.59,103.66,104.15,87.847,32035109
2013-07-19,104.06,104.31,103.74,104.31,87.982,22807699
2013-07-22,104.48,104.76,104.13,104.53,88.1676,25857881
2013-07-23,104.91,104.95,104.25,104.46,88.1085,26311039
2013-07-24,104.91,104.98,103.44,103.5899,87.3746,31809641
2013-07-25,103.47,104.65,103.33,104.54,88.176,46098461
2013-07-26,103.96,104.17,103.36,104.12,87.8217,23037971
2013-07-29,103.84,104.27,103.0,103.39,87.206,30373170
2013-07-30,103.69,103.87,103.11,103.48,87.2819,26311381
2013-07-31,103.89,104.68,103.61,103.655,87.4295,38336660
2013-08-01,104.68,105.35,103.7483,105.07,88.623,34487047
2013-08-02,104.72,105.28,104.56,105.16,88.6989,22982920
2013-08-05,105.05,105.63,104.9,105.52,89.0026,14993250
2013-08-06,105.22,105.3201,104.15,104.46,88.1085,24689641
2013-08-07,104.12,104.34,103.47,103.72,87.4844,23365170
2013-08-08,104.3,104.6,103.585,104.15,87.847,27641840
2013-08-09,103.93,104.57,103.52,104.04,87.7543,27698119
2013-08-12,103.33,104.63,103.33,104.59,88.2182,18964910
2013-08-13,104.68,104.68,103.78,104.45,88.1001,22813109
2013-08-14,104.48,104.64,104.01,104.04,87.7543,23632369
2013-08-15,102.84,102.96,101.89,102.11,86.1264,50048328
2013-08-16,101.81,102.38,101.55,101.68,85.7637,36064141
2013-08-19,101.64,101.88,100.59,100.648,84.8932,25185779
2013-08-20,100.77,102.33,100.71,102.1,86.1179,32450381
2013-08-21,101.69,102.5,101.01,101.48,85.595,41452898
2013-08-22,101.82,102.99,101.79,102.91,86.8011,24010381
2013-08-23,103.19,103.25,102.45,103.17,87.0205,20801750
2013-08-26,103.36,103.82,102.77,103.18,87.0289,23376080
2013-08-27,101.94,102.3901,100.555,100.76,84.9877,47269207
2013-08-28,100.62,101.365,100.5001,100.96,85.1564,28933750
2013-08-29,100.89,102.36,100.81,101.97,86.0083,27632330
2013-08-30,101.99,102.0523,100.24,100.38,84.6672,43338539
2013-09-03,101.86,102.37,100.13,101.06,85.2407,37997070
2013-09-04,101.16,102.01,100.745,101.95,85.9914,22581891
2013-09-05,102.03,102.53,101.85,102.11,86.1264,22770811
2013-09-06,102.7,102.89,100.74,102.39,86.3625,36794328
2013-09-09,102.74,104.03,102.73,103.94,87.6699,27361609
2013-09-10,104.58,104.98,104.2,104.96,88.5303,25126301
2013-09-11,104.79,105.22,104.535,105.01,88.5724,26416010
2013-09-12,104.91,105.0201,104.21,104.24,87.923,32711100
2013-09-13,104.59,104.83,104.1,104.81,88.4037,29478631
2013-09-16,106.05,106.08,104.85,105.04,88.5977,34929391
2013-09-17,105.06,106.08,105.04,106.08,89.4749,28908240
2013-09-18,106.05,107.61,105.26,107.09,90.3268,46244559
2013-09-19,107.36,107.43,106.62,106.98,90.2341,34778020
2013-09-20,107.24,107.28,106.55,106.59,89.9051,49522480
2013-09-23,106.72,106.87,105.8,106.6,89.9135,47765121
2013-09-24,106.46,107.42,105.79,106.67,90.2121,45268000
2013-09-25,106.77,107.48,106.33,106.47,90.0429,37106594
2013-09-26,106.75,107.47,106.36,107.06,90.5419,29497320
2013-09-27,106.39,107.05,106.21,106.58,90.136,30864539
2013-09-30,105.43,106.84,105.24,106.61,90.1613,45771688
2013-10-01,106.56,107.9294,106.45,107.85,91.21,39344352
2013-10-02,107.09,107.75,106.85,107.41,90.8379,30622891
2013-10-03,107.21,107.36,105.6,106.31,89.9076,57799191
2013-10-04,106.335,107.32,106.15,107.02,90.5081,25911400
2013-10-07,105.99,106.66,105.72,105.77,89.4509,32924160
2013-10-08,105.84,106.03,103.92,104.055,88.0005,61365020
2013-10-09,104.3,104.36,103.0,103.64,87.6496,52608910
2013-10-10,105.01,106.31,104.92,106.14,89.7638,53157809
2013-10-11,105.84,107.73,105.83,107.68,91.0662,43197121
2013-10-14,107.06,108.345,106.93,108.22,91.5229,38774801
2013-10-15,107.99,108.225,106.92,107.16,90.6265,42263500
2013-10-16,107.91,108.6,107.64,108.49,91.7513,34333602
2013-10-17,108.0,109.46,107.97,109.44,92.5547,38967160
2013-10-18,110.22,110.77,109.83,110.69,93.6118,39499031
2013-10-21,110.85,111.08,110.27,110.47,93.4258,29204990
2013-10-22,110.95,111.49,110.37,110.76,93.671,38112648
2013-10-23,110.24,110.545,109.77,110.39,93.3581,32278789
2013-10-24,110.47,111.26,110.33,110.981,93.8579,24716830
2013-10-25,111.24,111.45,110.57,111.08,93.9417,21330020
2013-10-28,111.13,111.285,110.46,111.03,93.8994,22512160
2013-10-29,111.33,111.62,110.53,111.35,94.17,30034650
2013-10-30,111.4,111.48,109.52,109.83,92.8845,46076551
2013-10-31,109.77,110.18,108.89,109.19,92.3433,47370000
2013-11-01,109.41,109.63,107.92,108.715,91.9416,117037602
2013-11-04,109.24,110.15,108.8279,109.97,93.0029,31969881
2013-11-05,109.55,109.93,108.86,109.59,92.6816,26645779
2013-11-06,110.35,110.37,108.905,109.12,92.2841,31773359
2013-11-07,109.62,109.81,107.14,107.28,90.728,60459738
2013-11-08,107.44,109.46,107.39,109.23,92.3771,48148090
2013-11-11,109.04,109.595,108.64,109.38,92.504,19898100
2013-11-12,109.07,109.51,108.67,109.47,92.5801,28077650
2013-11-13,108.66,110.55,108.62,110.52,93.4681,36465898
2013-11-14,110.47,110.6,109.74,110.405,93.3708,33236250
2013-11-15,110.6,110.99,110.16,110.83,93.7302,27519420
2013-11-18,111.32,111.42,109.75,110.05,93.0706,35517141
2013-11-19,110.11,110.69,108.99,109.37,92.4955,36081328
2013-11-20,109.93,110.2,108.85,109.33,92.4617,43376922
2013-11-21,109.81,111.36,109.68,111.3,94.1277,45586320
2013-11-22,111.29,111.97,111.1,111.85,94.5929,28787980
2013-11-25,112.13,112.275,111.6297,111.99,94.7113,22968590
2013-11-26,111.99,113.02,111.9,112.82,95.4132,30761600
2013-11-27,112.84,113.57,112.64,113.45,95.946,29099600
2013-11-29,113.94,114.16,113.45,113.51,95.9967,15675500
2013-12-02,113.7,113.76,112.055,112.37,95.0326,43160289
2013-12-03,112.13,112.6,111.27,111.83,94.5759,36931078
2013-12-04,111.31,112.42,110.37,111.53,94.3222,40609910
2013-12-05,111.49,112.02,111.15,111.61,94.3899,37927922
2013-12-06,112.62,113.1,112.19,112.48,95.1257,36471871
2013-12-09,112.63,112.89,111.89,112.45,95.1003,31236461
2013-12-10,112.23,112.58,111.24,111.43,94.2377,34946434
2013-12-11,111.55,111.55,109.32,109.6,92.69,47181578
2013-12-12,109.7,110.2455,109.36,109.84,92.893,37706168
2013-12-13,110.05,110.5301,109.42,110.2,93.1974,32980648
2013-12-16,110.62,111.57,110.1542,111.51,94.3053,33991160
2013-12-17,111.45,111.54,110.615,111.35,94.17,32399830
2013-12-18,111.53,112.9,110.36,112.88,95.4639,52979031
2013-12-19,112.72,112.85,111.885,112.04,94.7535,32872340
2013-12-20,112.1,114.22,112.09,113.93,96.3519,48774688
2013-12-23,114.18,114.82,113.95,114.78,97.4446,37049102
2013-12-24,114.91,115.44,114.87,115.22,97.8181,17371250
2013-12-26,115.63,115.97,115.1,115.23,97.8266,19670070
2013-12-27,115.47,115.74,114.78,115.16,97.7672,20070430
2013-12-30,115.11,115.37,114.85,115.09,97.7077,28917381
2013-12-31,115.36,115.71,115.17,115.36,97.937,38358641
2014-01-02,115.09,115.12,113.64,114.11,96.8758,44250047
2014-01-03,114.5,114.895,114.11,114.69,97.3682,26471619
2014-01-06,115.22,115.265,113.71,113.76,96.5786,36201512
2014-01-07,114.19,115.16,114.11,114.71,97.3851,28547000
2014-01-08,114.78,115.08,114.07,114.86,97.5125,30764670
2014-01-09,115.25,115.39,114.16,114.89,97.538,29873359
2014-01-10,114.92,115.53,114.3999,115.52,98.0728,29175391
2014-01-13,115.3,115.49,113.2606,113.94,96.7314,45378020
2014-01-14,114.44,115.51,114.18,115.34,97.92,39126059
2014-01-15,115.64,116.29,115.56,116.2,98.6501,31644490
2014-01-16,116.05,116.38,115.83,116.34,98.769,23095131
2014-01-17,116.31,116.43,115.69,115.93,98.4209,28737859
2014-01-21,116.73,116.87,115.78,116.62,99.0067,29829230
2014-01-22,116.69,117.37,116.5,117.21,99.5076,24019721
2014-01-23,116.72,116.78,115.66,116.42,98.8369,36059539
2014-01-24,115.69,115.74,113.2201,113.45,96.3154,57138648
2014-01-27,113.78,113.84,111.15,111.79,94.9062,60388328
2014-01-28,111.93,112.985,111.79,112.97,95.9079,43845078
2014-01-29,111.88,112.58,111.02,111.34,94.5241,61930648
2014-01-30,112.33,113.65,112.04,113.001,95.9343,40867980
2014-01-31,111.25,113.0,111.17,112.16,95.2203,49294762
2014-02-03,111.87,112.2,108.15,108.65,92.2404,91709562
2014-02-04,109.19,109.95,108.4,109.47,92.9365,53173781
2014-02-05,108.81,109.15,107.27,108.65,92.2404,60669953
2014-02-06,108.88,109.97,108.85,109.51,92.9705,57619699
2014-02-07,109.97,110.835,109.5,110.75,94.0232,52626461
2014-02-10,110.79,111.09,109.96,111.04,94.2694,38261781
2014-02-11,111.12,112.34,110.87,112.03,95.1099,44404449
2014-02-12,112.2,113.01,111.972,112.47,95.4835,42324289
2014-02-13,111.38,114.07,111.36,113.9,96.6975,42102312
2014-02-14,113.64,114.21,113.14,114.06,96.8333,33396500
2014-02-18,114.41,115.45,114.14,115.25,97.8436,33666609
2014-02-19,114.9,115.64,113.98,114.07,96.8418,44064961
2014-02-20,114.2,115.54,113.91,115.3,97.886,35941070
2014-02-21,115.62,116.11,115.4,115.66,98.1917,34815641
2014-02-24,115.84,117.305,115.76,116.51,98.9133,43116047
2014-02-25,116.66,117.24,116.18,116.63,99.0152,28488439
2014-02-26,116.71,118.11,116.43,117.35,99.6264,40808473
2014-02-27,116.96,118.055,116.76,117.99,100.1698,29911859
2014-02-28,117.96,118.71,116.8,117.52,99.7707,47375711
2014-03-03,116.52,117.26,115.58,116.89,99.2359,50899500
2014-03-04,118.2,120.58,118.18,119.83,101.7319,112815297
2014-03-05,119.86,119.96,119.47,119.76,101.6724,34692352
2014-03-06,120.12,120.25,119.42,119.74,101.6554,35093121
2014-03-07,120.41,120.47,119.025,119.7,101.6215,36955762
2014-03-10,119.36,119.58,118.49,119.3,101.2819,32095391
2014-03-11,119.41,119.805,117.51,118.06,100.2292,50376566
2014-03-12,117.34,118.44,116.92,118.42,100.5348,37236930
2014-03-13,118.85,118.96,116.38,117.05,99.3717,53542793
2014-03-14,116.63,117.87,116.62,117.54,99.7877,46894070
2014-03-17,118.22,119.1,117.878,118.06,100.2292,41563379
2014-03-18,118.22,119.88,118.1,119.78,101.6894,41606602
2014-03-19,119.68,119.74,118.1,119.0,101.0272,47422980
2014-03-20,118.73,119.54,118.16,119.16,101.163,33212930
2014-03-21,119.72,120.26,118.56,118.61,100.6961,47872770
2014-03-24,119.07,119.23,116.19,117.26,99.55,66747031
2014-03-25,117.665,118.31,116.14,116.93,99.5262,47699699
2014-03-26,117.63,117.68,114.65,114.69,97.6196,69060812
2014-03-27,114.71,115.38,113.69,114.4,97.3727,65234848
2014-03-28,114.48,116.0,113.98,114.29,97.2791,50557961
2014-03-31,115.04,116.68,114.6299,116.34,99.024,44599230
2014-04-01,116.63,118.06,116.59,117.87,100.3263,47906602
2014-04-02,118.29,118.482,117.71,118.4,100.7774,33856480
2014-04-03,118.4,118.44,116.68,117.2,99.756,38473980
2014-04-04,117.96,118.12,114.02,114.49,97.4493,86345906
2014-04-07,113.95,114.24,112.08,112.82,96.0279,68537727
2014-04-08,112.81,114.2,112.2,113.61,96.7003,60088199
2014-04-09,114.0,115.25,113.5,115.25,98.0962,42744859
2014-04-10,115.1,115.11,111.4,111.959,95.2951,74865766
2014-04-11,111.04,112.2375,109.86,110.41,93.9766,71007953
2014-04-14,111.55,111.97,109.65,110.72,94.2405,62662262
2014-04-15,111.08,111.72,108.66,111.15,94.6065,76969750
2014-04-16,111.93,112.44,111.23,112.36,95.6364,49360449
2014-04-17,111.99,113.41,111.72,112.92,96.113,50276039
2014-04-21,113.13,113.53,112.28,113.45,96.5641,31970689
2014-04-22,113.63,115.02,113.47,114.62,97.56,40541910
2014-04-23,114.48,114.77,113.77,113.9,96.9472,33863199
2014-04-24,114.62,114.67,112.68,113.61,96.7003,44323898
2014-04-25,113.17,113.21,111.21,111.61,94.998,58391762
2014-04-28,112.01,112.54,109.32,110.96,94.4447,66050445
2014-04-29,111.42,111.98,110.9,111.24,94.6831,34487602
2014-04-30,110.88,112.06,109.95,111.98,95.3129,43933160
2014-05-01,111.75,112.77,110.54,111.94,95.2789,78690922
2014-05-02,112.09,113.12,111.68,112.03,95.3555,43451602
2014-05-05,111.12,112.18,110.53,111.89,95.2363,28108490
2014-05-06,111.41,111.71,109.99,110.07,93.6872,45355113
2014-05-07,110.2,110.45,108.43,110.139,93.7459,64244969
2014-05-08,110.03,111.24,108.69,109.03,92.802,58522871
2014-05-09,108.69,110.06,108.28,110.03,93.6532,48409859
2014-05-12,110.68,113.035,110.51,112.53,95.7811,76294562
2014-05-13,112.38,112.85,111.34,111.43,94.8448,58122809
2014-05-14,111.1,111.12,109.42,109.62,93.3042,65720719
2014-05-15,109.07,109.21,107.44,108.88,92.6743,75870531
2014-05-16,108.93,109.62,108.03,109.57,93.2616,44668832
2014-05-19,109.27,111.04,108.95,110.75,94.266,35339500
2014-05-20,110.48,110.51,108.42,109.06,92.8275,89570242
2014-05-21,109.65,110.13,108.55,109.62,93.3042,55278488
2014-05-22,109.96,111.05,109.62,110.76,94.2745,41295047
2014-05-23,110.69,112.02,110.51,111.97,95.3044,42649312
2014-05-27,112.69,113.84,112.65,113.58,96.6748,46373922
2014-05-28,113.33,113.46,112.525,112.99,96.1726,37055941
2014-05-29,113.33,113.59,112.7,113.37,96.496,25557330
2014-05-30,113.33,113.43,112.34,112.86,96.062,38856793
2014-06-02,113.07,113.1,111.36,112.25,95.5427,40374391
2014-06-03,111.64,112.36,111.11,111.98,95.3129,31147211
2014-06-04,111.48,112.565,111.16,112.42,95.6874,28835811
2014-06-05,112.72,114.88,112.09,114.78,97.6962,67185750
2014-06-06,115.27,116.24,115.11,115.88,98.6325,45854000
2014-06-09,115.88,117.48,115.66,116.9,99.5006,44032219
2014-06-10,116.63,116.83,115.96,116.67,99.3049,39801680
2014-06-11,116.03,116.33,115.4,116.1,98.8197,30149930
2014-06-12,115.78,115.9199,114.91,115.39,98.2154,39482801
2014-06-13,115.67,115.91,114.66,115.59,98.3856,33779500
2014-06-16,115.49,116.15,115.1,116.15,98.8623,30052779
2014-06-17,116.04,117.45,115.78,116.97,99.5602,62581406
2014-06-18,116.9,117.81,116.5,117.76,100.2326,37448859
2014-06-19,118.17,118.23,117.1,117.86,100.3178,30915961
2014-06-20,117.87,118.3,117.56,118.25,100.6497,30104391
2014-06-23,118.5,118.55,117.69,118.02,100.4539,21388730
2014-06-24,117.74,118.91,116.6528,116.76,99.3815,41792422
2014-06-25,116.06,117.79,116.05,117.75,100.2241,34620793
2014-06-26,117.79,117.82,116.59,117.55,100.0539,28018881
2014-06-27,117.06,118.51,117.03,118.34,100.7263,38525078
2014-06-30,118.16,118.88,117.83,118.81,101.1264,34227992
2014-07-01,119.26,120.97,119.2,120.02,102.1563,65733195
2014-07-02,119.56,119.96,118.89,119.1,101.7624,30796789
2014-07-03,119.58,119.91,119.25,119.82,102.3776,15933940
2014-07-07,119.44,119.47,117.7,117.77,100.626,32278980
2014-07-08,117.51,117.7,115.7,116.34,99.4041,52539879
2014-07-09,116.67,117.09,116.02,116.49,99.5323,27892010
2014-07-10,114.13,116.05,113.97,115.25,98.4728,50834500
2014-07-11,115.18,115.38,114.51,115.1,98.3447,33927020
2014-07-14,116.42,116.46,115.4,115.69,98.8488,28823439
2014-07-15,115.56,116.0,113.87,114.55,97.8747,49539594
2014-07-16,115.05,115.09,113.82,114.24,97.6098,63437527
2014-07-17,113.52,114.266,112.2,112.48,96.1061,62221527
2014-07-18,112.69,114.45,112.46,114.23,97.6013,46165078
2014-07-21,113.51,113.99,113.01,113.77,97.2083,32722480
2014-07-22,114.47,115.25,114.19,114.73,98.0285,31330740
2014-07-23,115.01,115.44,114.51,114.865,98.1439,26418400
2014-07-24,115.22,115.65,114.34,114.64,97.9516,31905131
2014-07-25,113.77,114.01,113.21,113.6,97.063,46518512
2014-07-28,113.86,113.88,112.23,113.03,96.576,37374848
2014-07-29,113.39,114.11,113.03,113.34,96.8409,30574490
2014-07-30,114.18,114.31,113.31,113.79,97.2254,30225039
2014-07-31,112.63,112.99,111.05,111.1899,95.0038,61511781
2014-08-01,111.16,111.7,109.86,110.68,94.5681,67805367
2014-08-04,111.16,111.795,109.89,111.66,95.4054,34649449
2014-08-05,111.11,112.23,110.56,111.38,95.1662,44374969
2014-08-06,110.67,112.47,110.63,111.731,95.4661,33659047
2014-08-07,112.09,112.52,110.77,111.19,95.0038,40852246
2014-08-08,111.33,112.4,110.9923,112.27,95.9266,32667221
2014-08-11,112.89,114.22,112.62,113.34,96.8409,31002730
2014-08-12,112.94,113.47,112.04,112.56,96.1744,31190061
2014-08-13,112.92,113.65,112.7,113.44,96.9263,23126109
2014-08-14,113.52,113.73,113.23,113.61,97.0716,20882070
2014-08-15,114.45,114.45,112.26,113.39,96.8836,53716391
2014-08-18,114.5,115.135,114.09,115.04,98.2934,33289922
2014-08-19,115.13,115.73,115.06,115.44,98.6352,22692900
2014-08-20,114.85,115.22,114.41,114.95,98.2165,26266949
2014-08-21,114.88,115.4,113.84,115.2,98.4301,33023172
2014-08-22,115.04,115.63,114.61,115.21,98.4386,30102029
2014-08-25,115.96,116.41,115.32,115.75,98.9,27808590
2014-08-26,115.88,116.92,115.8,116.8,99.7972,34836648
2014-08-27,116.89,116.9448,116.29,116.51,99.5494,19074971
2014-08-28,116.03,116.23,115.51,115.91,99.0367,22817891
2014-08-29,116.16,116.81,115.65,116.56,99.5921,26234590
2014-09-02,116.98,117.5,116.5,117.2,100.139,38818980
2014-09-03,117.76,117.8,116.27,116.46,99.5067,33267078
2014-09-04,116.78,117.49,115.7202,116.01,99.1222,26525381
2014-09-05,115.78,116.42,115.17,116.38,99.4383,26940141
2014-09-08,116.26,116.8,115.83,116.56,99.5921,20347449
2014-09-09,116.36,116.39,115.0,115.18,98.413,36390488
2014-09-10,115.16,115.93,114.71,115.86,98.994,23060930
2014-09-11,115.17,116.73,115.14,116.61,99.6348,27078660
2014-09-12,116.55,116.56,114.97,115.37,98.5754,32893602
2014-09-15,115.36,115.4,113.705,114.11,97.4988,41648039
2014-09-16,113.775,114.76,113.4,114.43,97.7722,51367473
2014-09-17,114.49,115.47,114.19,114.73,98.0285,45548230
2014-09-18,115.24,115.53,114.91,115.43,98.6266,24722410
2014-09-19,115.89,115.91,113.61,113.97,97.3792,52460121
2014-09-22,113.44,113.53,112.05,112.37,96.0121,45800594
2014-09-23,111.9,112.62,111.19,111.32,95.1149,51616820
2014-09-24,111.15,112.11,110.6,112.02,95.976,34323129
2014-09-25,111.73,111.83,109.75,110.13,94.3567,49733609
2014-09-26,110.55,111.22,110.2,111.12,95.2049,26473279
2014-09-29,109.82,111.35,109.72,111.03,95.1278,30619680
2014-09-30,110.92,111.03,109.31,109.35,93.6884,55596879
2014-10-01,109.29,109.39,107.43,107.8,92.3604,88630414
2014-10-02,107.79,109.28,106.94,108.83,93.2429,71834883
2014-10-03,109.75,110.32,109.08,109.65,93.9454,44036688
2014-10-06,109.95,110.07,108.51,108.71,93.1401,35573621
2014-10-07,108.02,108.5,106.85,106.92,91.6064,40275441
2014-10-08,106.68,109.04,105.76,108.97,93.3628,51597391
2014-10-09,108.89,108.9,106.01,106.03,90.8439,60786090
2014-10-10,105.77,106.89,104.59,104.74,89.7387,66579484
2014-10-13,104.84,106.11,103.86,104.32,89.3788,72054312
2014-10-14,105.23,106.99,104.86,105.54,90.4241,70043422
2014-10-15,104.19,107.0,103.54,106.6,91.3323,117505508
2014-10-16,105.15,108.57,104.95,107.8,92.3604,100537102
2014-10-17,109.16,109.22,107.04,107.48,92.0862,72674961
2014-10-20,107.01,108.74,107.0,108.74,93.1658,34916680
2014-10-21,109.33,110.59,109.01,110.53,94.6994,44752289
2014-10-22,110.8,111.06,108.86,108.95,93.3457,48801898
2014-10-23,110.04,111.58,109.77,110.88,94.9993,60795113
2014-10-24,110.92,111.32,110.44,111.07,95.162,41927609
2014-10-27,110.42,111.09,109.51,111.01,95.1106,31133660
2014-10-28,111.51,114.21,111.3,114.17,97.818,84918883
2014-10-29,114.36,114.89,112.98,113.9,97.5867,67138688
2014-10-30,113.49,115.38,113.14,114.87,98.4178,59046219
2014-10-31,116.91,116.96,115.875,116.56,99.8657,53134840
2014-11-03,116.75,117.37,115.9,116.36,99.6944,39740090
2014-11-04,115.9,116.5,115.28,115.82,99.2317,37347633
2014-11-05,116.67,116.735,115.55,116.03,99.4116,31073520
2014-11-06,115.98,116.53,115.56,116.53,99.84,31720900
2014-11-07,116.39,116.71,115.7,116.71,99.9943,28657680
2014-11-10,116.68,117.31,116.46,117.29,100.4912,29371811
2014-11-11,117.12,117.435,116.87,117.37,100.5597,23536779
2014-11-12,116.69,118.08,116.66,117.9,101.0138,34594660
2014-11-13,117.94,118.25,116.62,116.9,100.157,25135240
2014-11-14,116.94,117.21,116.37,116.69,99.9771,23321449
2014-11-17,116.59,116.93,115.68,115.72,99.146,29847311
2014-11-18,116.16,117.12,115.7499,116.39,99.7201,33717207
2014-11-19,116.25,116.25,114.37,115.15,98.6577,38258719
2014-11-20,114.62,116.46,114.62,116.44,99.7629,26554961
2014-11-21,118.08,118.12,116.16,116.58,99.8829,43240434
2014-11-24,116.74,118.05,116.584,117.97,101.0738,24573160
2014-11-25,118.22,118.78,117.53,118.06,101.1509,26745910
2014-11-26,118.07,118.5,117.84,118.45,101.485,14640720
2014-11-28,118.48,118.52,116.57,116.69,99.9771,21110660
2014-12-01,116.32,116.47,114.81,114.87,98.4178,36244141
2014-12-02,114.99,116.64,114.98,116.25,99.6001,31812080
2014-12-03,116.28,117.71,116.02,117.37,100.5597,29147961
2014-12-04,117.19,117.3,116.219,116.81,100.0799,28631920
2014-12-05,117.25,117.98,116.96,117.69,100.8339,30261400
2014-12-08,117.27,118.37,115.85,116.22,99.5744,32295020
2014-12-09,114.96,118.27,114.74,118.17,101.2451,52645941
2014-12-10,117.74,118.16,115.56,115.66,99.0946,45413578
2014-12-11,116.21,117.68,115.87,116.12,99.4888,36021754
2014-12-12,114.78,115.99,114.6,114.71,98.2807,44815980
2014-12-15,115.26,115.74,113.16,113.55,97.2868,66361180
2014-12-16,113.32,115.34,113.03,113.39,97.1498,62849711
2014-12-17,113.64,116.99,113.49,116.89,100.1485,70379359
2014-12-18,118.46,118.74,117.47,118.63,101.6393,54315621
2014-12-19,118.65,119.48,118.14,118.9,101.8706,49041801
2014-12-22,119.2,119.71,118.8035,119.71,102.5646,27043410
2014-12-23,120.44,120.44,119.45,119.86,102.6931,34532961
2014-12-24,119.63,120.07,119.2601,119.76,102.9898,19175430
2014-12-26,120.14,120.83,120.07,120.54,103.6606,18261939
2014-12-29,120.63,121.38,120.61,121.05,104.0991,27692471
2014-12-30,120.79,121.24,120.27,120.34,103.4886,23995990
2014-12-31,120.8,121.41,119.54,119.62,102.8694,35688660
2015-01-02,120.07,120.56,117.89,118.93,102.276,46133129
2015-01-05,118.23,118.71,116.79,117.34,100.9087,51141887
2015-01-06,117.62,117.77,114.36,115.31,99.1629,67446039
2015-01-07,116.06,116.76,115.48,116.73,100.3841,32252100
2015-01-08,117.66,118.8457,117.45,118.71,102.0868,28361730
2015-01-09,118.81,118.84,117.31,117.57,101.1065,26975180
2015-01-12,117.7,118.01,116.23,117.18,100.7711,27316760
2015-01-13,118.09,119.39,115.82,117.27,100.8485,49991379
2015-01-14,115.98,117.1,115.55,116.8,100.4443,34224199
2015-01-15,117.23,117.38,114.48,114.83,98.7501,46199359
2015-01-16,114.41,116.94,114.2,116.7,100.3583,41895672
2015-01-20,116.85,117.08,115.16,116.21,99.9369,36444441
2015-01-21,115.8,116.82,115.29,115.84,99.6187,27333529
2015-01-22,116.56,118.24,115.1,118.2,101.6482,37876961
2015-01-23,118.24,118.77,117.55,118.12,101.5794,28173391
2015-01-26,117.88,119.27,117.07,119.26,102.5598,23006789
2015-01-27,117.86,119.25,117.62,118.69,102.0696,26919080
2015-01-28,119.18,119.45,116.32,116.69,100.3497,38086121
2015-01-29,117.02,118.32,116.09,118.3,101.7342,39299941
2015-01-30,117.48,117.96,115.6,115.7,99.4983,49739793
2015-02-02,116.12,116.84,114.38,116.76,100.4099,44819102
2015-02-03,117.33,119.0,117.27,118.85,102.2072,43920000
2015-02-04,118.42,119.24,118.1,118.41,101.8288,28597061
2015-02-05,118.77,120.25,118.6,119.94,103.1446,32337109
2015-02-06,120.1,120.82,119.35,119.81,103.0328,31694900
2015-02-09,119.4,120.22,118.72,118.86,102.2158,32367850
2015-02-10,119.53,119.84,118.1,119.62,102.8694,28960801
2015-02-11,119.37,119.82,118.62,119.45,102.7232,23794189
2015-02-12,120.16,120.92,119.84,120.81,103.8928,27854551
2015-02-13,120.91,121.69,120.65,121.53,104.5119,20446920
2015-02-17,121.66,122.06,121.26,121.91,104.8387,16868461
2015-02-18,121.56,122.05,121.13,122.04,104.9505,20450189
2015-02-19,121.76,122.38,121.54,122.05,104.9591,16620471
2015-02-20,121.85,122.54,120.9,122.38,105.2429,30331600
2015-02-23,122.1,122.53,121.27,122.5,105.3461,25778240
2015-02-24,122.47,123.05,122.1866,122.66,105.4837,20023600
2015-02-25,122.57,123.04,122.23,122.8,105.6041,17059631
2015-02-26,122.69,123.3,122.33,123.25,105.9911,24379039
2015-02-27,123.03,123.36,122.55,122.58,105.4149,23821660
2015-03-02,122.55,123.775,122.53,123.47,106.1803,29683461
2015-03-03,123.19,123.19,122.26,122.74,105.5525,23068430
2015-03-04,122.21,122.605,121.61,122.36,105.2257,22822510
2015-03-05,122.53,122.92,121.91,122.72,105.5353,19725650
2015-03-06,121.98,122.685,120.88,121.17,104.2023,37319887
2015-03-09,121.37,121.92,121.12,121.7,104.6581,17556340
2015-03-10,120.61,120.7,119.83,120.3,103.4542,32440301
2015-03-11,120.47,121.139,119.88,121.04,104.0905,20914510
2015-03-12,121.82,123.15,121.74,123.05,105.8191,41063340
2015-03-13,122.94,123.19,121.21,122.61,105.4407,26371039
2015-03-16,123.11,123.58,122.88,123.33,106.0599,19906330
2015-03-17,122.97,123.78,122.77,123.66,106.3437,23142600
2015-03-18,123.4,125.12,122.85,124.65,107.195,40292648
2015-03-19,124.36,124.96,124.31,124.89,107.4014,34008230
2015-03-20,125.36,126.16,125.31,125.99,108.3474,34165602
2015-03-23,125.95,126.32,125.79,125.88,108.2528,17132359
2015-03-24,125.77,126.31,125.66,125.85,108.227,30115619
2015-03-25,125.53,125.6,122.38,122.47,105.6418,42513980
2015-03-26,122.09,122.91,121.54,122.32,105.5124,26899199
2015-03-27,122.38,123.23,121.86,123.1,106.1852,23066820
2015-03-30,123.72,124.99,123.7,124.77,107.6258,20486971
2015-03-31,124.28,124.71,123.9,124.37,107.2807,24507779
2015-04-01,124.23,124.42,122.9,124.42,107.3239,31955180
2015-04-02,124.36,125.26,124.29,124.65,107.5223,23586391
2015-04-06,123.91,125.48,123.88,125.2,107.9967,22045580
2015-04-07,124.97,125.5,124.37,124.4,107.3066,20214721
2015-04-08,124.38,125.66,124.38,125.47,108.2296,19314420
2015-04-09,125.36,125.73,123.77,125.02,107.8414,22325250
2015-04-10,125.44,125.79,125.22,125.62,108.359,14966320
2015-04-13,125.69,126.39,125.58,125.7,108.428,22819199
2015-04-14,125.74,126.08,124.78,125.67,108.4021,22600830
2015-04-15,126.16,127.13,125.92,126.55,109.1612,37282312
2015-04-16,126.47,126.75,126.16,126.48,109.1008,24439881
2015-04-17,125.12,125.545,123.82,124.43,107.3325,48283500
2015-04-20,125.05,125.95,124.83,125.65,108.3848,24602270
2015-04-21,126.05,126.25,125.42,125.52,108.2727,13844630
2015-04-22,125.52,125.88,124.47,125.71,108.4366,21991311
2015-04-23,125.48,126.535,125.26,126.28,108.9283,18025830
2015-04-24,126.33,126.46,125.69,125.86,108.566,14992500
2015-04-27,126.21,126.91,124.04,124.47,107.367,32924559
2015-04-28,124.54,125.37,123.25,125.16,107.9622,35654898
2015-04-29,124.47,124.9,123.63,123.8,106.7891,26437939
2015-04-30,123.06,123.44,120.66,121.18,104.5291,72393766
2015-05-01,121.52,122.16,120.905,121.97,105.2105,47996207
2015-05-04,122.13,123.345,121.795,122.41,105.59,37675152
2015-05-05,122.35,122.62,120.28,120.85,104.2444,56891566
2015-05-06,121.11,121.49,120.24,121.27,104.6067,34348281
2015-05-07,121.14,122.23,120.57,121.73,105.0035,29826090
2015-05-08,122.93,123.25,122.4,122.64,105.7884,26357109
2015-05-11,122.6,123.66,122.44,122.71,105.8488,28406740
2015-05-12,122.35,122.92,120.87,122.49,105.6591,34961559
2015-05-13,122.76,123.21,122.0,122.485,105.6547,27214721
2015-05-14,123.08,123.86,122.45,123.79,106.7804,23293250
2015-05-15,123.56,123.72,122.94,123.65,106.6597,22055619
2015-05-18,123.4,125.16,123.17,125.05,107.8673,30846029
2015-05-19,124.8,125.05,124.31,124.88,107.7207,23256801
2015-05-20,125.17,125.4625,124.34,125.11,107.919,20838539
2015-05-21,124.98,125.47,124.48,124.97,107.7983,16229260
2015-05-22,124.76,125.24,124.0,124.43,107.3325,22601420
2015-05-26,123.94,124.04,122.52,123.24,106.306,44037809
2015-05-27,123.36,124.87,122.79,124.75,107.6085,32086279
2015-05-28,124.45,124.71,123.77,124.64,107.5136,18631920
2015-05-29,124.61,124.73,123.32,123.89,106.8667,33468891
2015-06-01,124.69,124.9,123.03,124.28,107.2031,35649422
2015-06-02,123.8,125.31,123.48,124.52,107.4101,29477551
2015-06-03,124.76,125.93,124.42,125.76,108.4797,30774801
2015-06-04,125.08,125.62,124.08,124.5,107.3929,25820600
2015-06-05,124.23,125.52,123.32,125.4,108.1692,36626473
2015-06-08,125.28,125.62,124.57,124.82,107.6689,18798650
2015-06-09,124.71,124.86,123.5,124.44,107.3411,23928301
2015-06-10,124.93,126.48,124.85,125.99,108.6781,42563461
2015-06-11,126.17,126.54,125.91,126.31,108.9542,17489369
2015-06-12,125.92,126.15,125.43,125.93,108.6264,23578619
2015-06-15,125.11,125.8,123.94,125.53,108.2813,30618320
2015-06-16,125.38,126.65,125.32,126.42,109.049,32800871
2015-06-17,126.74,126.96,125.97,126.23,108.8852,32467039
2015-06-18,126.82,128.24,126.74,127.92,110.3429,39642059
2015-06-19,127.82,128.16,127.6,127.86,110.2912,23310939
2015-06-22,128.42,128.84,128.15,128.74,111.0503,25229949
2015-06-23,128.68,129.09,128.395,129.01,111.2832,23378510
2015-06-24,128.76,129.1,127.73,127.92,110.3429,26436840
2015-06-25,128.35,128.42,127.245,127.85,110.2826,24100910
2015-06-26,128.1,128.34,126.82,127.5,109.9806,38219898
2015-06-29,126.63,127.07,124.11,124.28,107.2031,49224898
2015-06-30,125.18,125.32,124.29,124.86,107.7034,39631246
2015-07-01,125.77,126.16,124.06,125.23,108.0226,28627699
2015-07-02,124.805,124.96,123.37,123.78,107.2247,31486359
2015-07-06,122.94,124.51,122.82,123.74,107.1901,27852250
2015-07-07,123.88,123.99,121.53,123.88,107.3114,39347102
2015-07-08,122.8,123.35,121.28,121.99,105.6741,40724488
2015-07-09,123.35,123.53,122.2701,122.43,106.0553,29770369
2015-07-10,123.84,124.34,123.36,124.13,107.5279,28735789
2015-07-13,124.77,125.64,124.75,125.53,108.7407,21349930
2015-07-14,125.46,126.5,125.4,126.23,109.3471,21009539
2015-07-15,126.31,126.48,125.27,125.56,108.7667,22238320
2015-07-16,126.11,126.74,125.97,126.31,109.4164,33568441
2015-07-17,126.31,126.38,125.36,125.76,108.9399,24739900
2015-07-20,125.78,125.86,124.76,125.08,108.3509,23271061
2015-07-21,125.07,125.8,124.11,124.49,107.8398,28118740
2015-07-22,124.08,125.09,123.88,124.95,108.2383,20654240
2015-07-23,124.99,125.39,123.3,123.57,107.0428,39712141
2015-07-24,123.48,123.71,121.49,121.58,105.319,39533031
2015-07-27,121.13,121.32,120.27,120.57,104.4441,35627207
2015-07-28,120.92,121.81,119.339,121.6,105.3363,53474781
2015-07-29,121.36,122.33,120.97,121.94,105.6308,32411279
2015-07-30,121.63,122.44,121.01,122.29,105.934,29383881
2015-07-31,122.45,123.67,122.22,122.96,106.5144,31812750
2015-08-03,123.03,123.16,121.455,122.35,105.986,34033238
2015-08-04,122.39,122.96,121.61,122.06,105.7348,21728891
2015-08-05,122.59,123.53,121.91,122.34,105.9773,25673529
2015-08-06,122.47,122.66,119.78,120.69,104.548,42225320
2015-08-07,120.14,120.44,119.07,119.88,103.8464,42261406
2015-08-10,120.33,121.52,120.31,121.26,105.0418,28798900
2015-08-11,120.48,121.09,119.65,120.22,104.1409,33383750
2015-08-12,119.57,120.34,117.965,119.99,103.9416,46500070
2015-08-13,120.1,120.59,119.39,119.59,103.5951,35698301
2015-08-14,119.49,120.49,119.02,120.36,104.2622,21091500
2015-08-17,120.03,121.68,119.6,121.63,105.3623,22328150
2015-08-18,121.46,121.46,120.52,120.66,104.522,26360381
2015-08-19,119.9,120.5,118.74,119.41,103.4392,45178922
2015-08-20,118.34,118.61,116.39,116.39,100.8231,51879762
2015-08-21,115.13,116.66,114.37,115.03,99.645,79168352
2015-08-24,109.51,114.9188,108.26,110.54,95.7556,83809203
2015-08-25,114.05,114.1,109.56,109.69,95.0192,59240246
2015-08-26,111.83,112.69,109.42,112.48,97.4361,51605352
2015-08-27,113.3,115.12,112.36,114.49,99.1773,49533699
2015-08-28,114.36,115.7,114.21,115.62,100.1561,41601406
2015-08-31,115.1,115.98,114.76,115.2,99.7923,29250930
2015-09-01,113.11,114.12,111.6,111.9,96.9337,45129152
2015-09-02,113.41,113.97,112.075,113.91,98.6748,26865760
2015-09-03,114.08,115.13,113.55,113.73,98.5189,33334531
2015-09-04,112.53,113.7,112.28,112.87,97.7739,31154600
2015-09-08,114.56,115.57,114.11,115.45,100.0089,29916289
2015-09-09,116.17,116.415,114.01,114.12,98.8567,40963020
2015-09-10,113.75,115.28,113.725,114.64,99.3072,29877869
2015-09-11,114.16,115.2,113.66,115.18,99.775,27949439
2015-09-14,115.52,115.54,114.43,114.65,99.3159,22365779
2015-09-15,114.86,116.19,114.73,115.94,100.4333,26745301
2015-09-16,115.95,117.02,115.79,116.94,101.2996,27127830
2015-09-17,116.92,118.89,116.68,117.34,101.6461,50405391
2015-09-18,115.76,116.84,115.4,115.72,100.2427,42736047
2015-09-21,116.54,117.3,115.08,115.51,100.0608,33021750
2015-09-22,114.45,114.73,113.05,113.76,98.5449,35786941
2015-09-23,114.02,114.42,113.07,113.42,98.2504,25506811
2015-09-24,112.79,113.42,111.87,113.23,98.0858,39810262
2015-09-25,113.82,113.91,110.93,111.42,96.7948,43750273
2015-09-28,111.05,111.15,107.88,108.3,94.0844,56765262
2015-09-29,108.25,109.11,106.99,107.53,93.4154,49980719
2015-09-30,108.48,109.43,107.91,109.2,94.8662,50834520
2015-10-01,109.37,109.68,107.43,109.01,94.7012,44985930
2015-10-02,107.98,110.63,107.12,110.63,96.1085,58019230
2015-10-05,111.66,113.45,111.54,113.27,98.402,45220488
2015-10-06,113.21,113.674,111.78,112.49,97.7244,34140039
2015-10-07,113.1,114.5,112.63,114.48,99.4532,36371008
2015-10-08,114.38,115.75,113.95,115.51,100.348,43072219
2015-10-09,115.72,116.14,115.395,115.74,100.5478,26497160
2015-10-12,115.79,115.9899,115.07,115.57,100.4001,22984029
2015-10-13,115.11,116.3,113.93,113.99,99.0275,37445273
2015-10-14,114.04,114.75,112.71,112.87,98.0545,39987422
2015-10-15,113.19,115.57,112.66,115.57,100.4001,42503379
2015-10-16,115.8,115.8,114.43,115.42,100.2698,33685609
2015-10-19,114.9,116.21,114.65,115.64,100.4609,24949449
2015-10-20,115.58,116.3,115.03,115.48,100.3219,20531391
2015-10-21,115.92,115.98,113.65,113.72,98.7929,34060340
2015-10-22,114.41,115.42,113.73,114.72,99.6617,36882602
2015-10-23,115.65,116.05,114.73,115.85,100.6433,40172527
2015-10-26,115.6,115.87,114.93,115.06,99.957,19783311
2015-10-27,114.59,114.87,113.1,113.8,98.8624,38189199
2015-10-28,114.14,117.14,113.92,117.12,101.7466,65529930
2015-10-29,116.74,117.1127,115.56,115.87,100.6607,27252000
2015-10-30,115.56,116.03,115.08,115.34,100.2003,28018670
2015-11-02,115.45,118.0711,115.42,117.74,102.2853,33836887
2015-11-03,117.59,119.0299,117.39,118.35,102.8152,28626350
2015-11-04,118.65,119.0,117.69,118.29,102.7631,25695980
2015-11-05,118.24,118.6,117.09,118.38,102.8412,27141340
2015-11-06,118.01,119.36,117.29,119.22,103.571,35141289
2015-11-09,119.07,119.29,117.27,117.82,102.3548,32983109
2015-11-10,117.32,118.17,116.96,118.17,102.6588,21892230
2015-11-11,118.31,118.34,117.08,117.14,101.764,22037619
2015-11-12,116.33,116.49,114.73,114.9,99.818,39916113
2015-11-13,114.44,115.34,113.66,114.07,99.097,43883000
2015-11-16,113.96,115.09,113.36,115.05,99.9484,28979090
2015-11-17,115.15,116.15,114.45,114.61,99.5661,34441039
2015-11-18,114.93,116.65,114.52,116.55,101.2515,35554328
2015-11-19,116.44,116.65,115.74,116.06,100.8258,25512500
2015-11-20,116.48,117.36,116.38,116.81,101.4773,31697750
2015-11-23,116.71,117.89,116.68,117.39,101.9812,22716391
2015-11-24,116.88,118.42,116.56,118.25,102.7283,24994480
2015-11-25,118.3,119.32,118.11,119.17,103.5276,20772631
2015-11-27,119.27,119.9,118.88,119.62,103.9185,14129310
2015-11-30,120.02,120.07,119.05,119.1,103.4667,30165410
2015-12-01,119.61,119.91,118.9,119.89,104.153,27899881
2015-12-02,119.73,120.04,118.45,118.6,103.0324,22238250
2015-12-03,118.93,119.45,116.14,116.6,101.2949,39485406
2015-12-04,116.6,117.93,116.34,117.78,102.32,32669869
2015-12-07,117.64,117.67,115.5139,116.01,100.7823,29621391
2015-12-08,114.96,116.005,114.46,115.37,100.2263,30945961
2015-12-09,115.03,116.17,113.6,114.08,99.1057,41980379
2015-12-10,113.89,115.08,113.65,114.46,99.4358,31278840
2015-12-11,113.27,113.34,111.53,111.91,97.2205,52609320
2015-12-14,111.87,112.38,110.28,111.11,96.5255,53400352
2015-12-15,111.73,112.96,111.6,112.71,97.9155,48273941
2015-12-16,113.49,114.645,112.83,114.43,99.4097,44560566
2015-12-17,114.91,114.94,112.9701,113.21,98.3499,41318039
2015-12-18,112.66,112.89,111.44,111.48,96.847,49876641
2015-12-21,112.17,112.63,111.5,112.32,97.5767,26479330
2015-12-22,112.64,113.52,111.79,113.35,98.4715,28108670
2015-12-23,113.92,114.96,113.725,114.78,99.7138,29609689
2015-12-24,114.44,115.16,114.15,114.5,99.9023,13370510
2015-12-28,113.98,114.07,112.955,113.97,99.4398,22125529
2015-12-29,114.48,115.29,114.065,115.2,100.513,22841480
2015-12-30,115.05,115.35,114.0,114.04,99.5009,21273189
2015-12-31,113.56,113.97,112.51,112.62,98.2619,39517672
2016-01-04,110.61,110.83,109.08,110.01,95.9847,66665883
2016-01-05,110.41,110.575,109.55,110.25,96.1941,28253330
2016-01-06,108.7,109.6,108.0,108.57,94.7283,35569160
2016-01-07,106.72,107.5,105.49,105.67,92.198,52481992
2016-01-08,105.87,106.49,103.66,103.85,90.61,60299289
2016-01-11,104.21,104.78,102.31,103.4,90.2174,47144832
2016-01-12,104.22,104.99,101.94,103.71,90.4879,53702941
2016-01-13,103.91,104.42,99.65,100.38,87.5824,70591570
2016-01-14,100.86,102.71,99.19,101.77,88.7952,69373352
2016-01-15,99.08,100.29,97.51,100.12,87.3556,85759242
2016-01-19,101.07,101.1985,97.74,98.77,86.1777,51391059
2016-01-20,97.43,100.325,95.06,99.18,86.5354,94385852
2016-01-21,99.33,100.91,98.38,98.95,86.3347,65798203
2016-01-22,100.65,101.61,100.13,101.37,88.4462,46056680
2016-01-25,100.74,101.08,98.85,99.115,86.4787,35019609
2016-01-26,99.52,101.4,99.18,101.1,88.2106,33349609
2016-01-27,100.59,101.59,99.06,99.71,86.9978,47973898
2016-01-28,100.55,100.95,99.215,99.69,86.9804,41951152
2016-01-29,100.04,102.98,99.96,102.96,89.8335,42245328
2016-02-01,102.14,103.09,101.25,102.49,89.4234,33615711
2016-02-02,101.33,101.47,99.77,100.28,87.4952,39692711
2016-02-03,101.06,101.07,98.14,100.41,87.6086,55262500
2016-02-04,100.0,101.97,99.97,100.8,87.9489,51188406
2016-02-05,100.35,100.44,97.96,98.04,85.5408,53366633
2016-02-08,97.01,97.01,94.94,96.43,84.136,61107711
2016-02-09,95.13,97.13,95.02,95.78,83.5689,55857230
2016-02-10,96.45,97.92,95.675,95.83,83.6125,42756152
2016-02-11,94.08,95.4,93.64,94.7892,82.7044,57923230
2016-02-12,95.66,96.79,95.19,96.59,84.2756,40097273
2016-02-16,97.79,99.0999,97.22,98.88,86.2737,38882090
2016-02-17,99.57,101.09,99.53,100.43,87.6261,40940441
2016-02-18,100.51,100.635,99.54,99.95,87.2073,35043594
2016-02-19,99.56,100.56,99.11,100.45,87.6435,32424830
2016-02-22,101.34,102.01,101.24,101.57,88.6207,28867449
2016-02-23,101.24,101.49,100.55,100.64,87.8093,29857090
2016-02-24,99.62,101.819,98.97,101.61,88.6556,36909566
2016-02-25,101.79,102.6,101.39,102.54,89.467,22612580
2016-02-26,103.06,103.47,102.7,103.19,90.0342,27474750
2016-02-29,103.13,104.03,102.72,102.73,89.6328,32014359
2016-03-01,103.62,104.94,103.07,104.94,91.5611,36422727
2016-03-02,104.79,106.09,104.59,106.0208,92.5041,24937070
2016-03-03,106.05,107.15,105.92,107.13,93.4719,28216301
2016-03-04,107.07,108.32,106.67,107.72,93.9866,38180879
2016-03-07,107.21,108.99,107.21,108.8892,95.0068,38739953
2016-03-08,108.29,108.29,106.14,106.26,92.7128,46193930
2016-03-09,106.62,107.005,106.07,106.8,93.1839,25627170
2016-03-10,107.1,107.49,104.81,105.93,92.4249,48532281
2016-03-11,106.79,108.33,106.66,108.2008,94.4061,33625008
2016-03-14,107.87,108.34,107.4,107.92,94.1611,24422689
2016-03-15,107.21,107.28,106.03,106.24,92.6953,34258391
2016-03-16,105.73,107.33,105.73,106.99,93.3497,37952238
2016-03-17,106.73,109.1,106.33,108.63,94.7806,41724461
2016-03-18,108.77,109.95,108.7,109.61,95.6357,36512566
2016-03-21,109.44,109.94,109.08,109.35,95.4088,29903740
2016-03-22,108.78,109.69,108.47,109.22,95.2954,23602061
2016-03-23,108.54,108.59,106.8,106.88,93.5338,39243312
2016-03-24,106.24,107.22,105.74,107.2,93.8138,30924320
2016-03-28,107.43,107.78,106.55,107.33,93.9276,21096400
2016-03-29,107.04,110.34,106.77,110.31,96.5355,46761078
2016-03-30,110.89,111.12,110.05,110.32,96.5442,35683500
2016-03-31,110.48,111.17,110.34,110.63,96.8155,28555881
2016-04-01,109.61,111.22,109.48,111.12,97.2443,29981400
2016-04-04,110.91,111.32,110.1,110.19,96.4304,21529430
2016-04-05,109.37,109.855,108.84,108.94,95.3365,32515820
2016-04-06,108.93,110.27,108.585,110.17,96.4129,28157750
2016-04-07,109.37,109.88,108.13,108.68,95.109,33298410
2016-04-08,109.61,110.07,108.63,109.11,95.4853,26151740
2016-04-11,109.74,110.55,108.75,108.77,95.1878,25842080
2016-04-12,108.79,110.18,108.43,109.94,96.2117,25058740
2016-04-13,110.58,112.43,110.51,112.31,98.2857,40534711
2016-04-14,112.26,112.7,111.88,112.17,98.1632,25538580
2016-04-15,111.9,112.63,111.86,112.45,98.4082,21176070
2016-04-18,111.98,113.39,111.87,113.3,99.1521,19428330
2016-04-19,113.51,114.125,112.89,113.39,99.2309,23228119
2016-04-20,113.39,114.21,112.97,113.56,99.3796,21422529
2016-04-21,113.47,113.92,112.66,112.99,98.8808,20535670
2016-04-22,112.98,114.19,112.975,114.11,99.861,29094551
2016-04-25,113.8,113.91,112.81,113.3,99.1521,16369580
2016-04-26,113.67,114.53,113.17,114.41,100.1235,30564080
2016-04-27,114.48,115.05,113.9,114.81,100.4735,24360270
2016-04-28,114.27,115.0,113.19,113.5,99.3271,26126471
2016-04-29,113.01,113.46,111.72,112.48,98.4345,33284539
2016-05-02,112.83,113.51,112.175,113.48,99.3096,21880990
2016-05-03,112.55,112.56,110.93,111.62,97.6819,37929641
2016-05-04,110.99,111.99,110.37,110.7,96.8768,30767160
2016-05-05,111.15,111.33,110.1,110.26,96.4917,26249160
2016-05-06,109.8,110.93,109.54,110.91,97.0605,25497420
2016-05-09,110.92,111.8899,110.625,111.23,97.3406,23426971
2016-05-10,111.66,112.4,111.07,112.35,98.3207,18635260
2016-05-11,112.1,112.27,110.87,110.96,97.1043,23604641
2016-05-12,111.19,111.49,109.498,110.3708,96.5887,34802969
2016-05-13,110.06,110.94,109.36,109.64,95.9491,24510250
2016-05-16,109.92,111.52,109.87,111.03,97.1656,27337051
2016-05-17,110.88,111.42,108.77,109.27,95.6253,46676262
2016-05-18,108.81,110.661,108.79,109.84,96.1242,35967941
2016-05-19,109.04,109.77,107.99,108.955,95.3497,36849281
2016-05-20,109.29,110.79,109.23,110.79,96.9555,37404520
2016-05-23,110.77,111.39,110.5,110.66,96.8418,23721740
2016-05-24,111.31,113.22,111.27,112.94,98.8371,41124273
2016-05-25,113.3,113.9,113.08,113.6,99.4146,26486471
2016-05-26,113.77,114.015,113.25,113.47,99.3009,15157170
2016-05-27,113.56,114.6,113.51,114.6,100.2898,21265100
2016-05-31,114.82,115.54,114.5,115.0,100.6398,32764369
2016-06-01,114.61,115.95,114.42,115.78,101.3224,26806051
2016-06-02,115.49,116.67,115.37,116.67,102.1013,23303289
2016-06-03,116.47,116.47,115.0,115.97,101.4887,28733150
2016-06-06,116.08,117.58,116.01,117.22,102.5826,26946039
2016-06-07,117.29,117.98,116.96,117.56,102.8801,21038461
2016-06-08,117.66,118.64,117.6499,118.43,103.6415,27999930
2016-06-09,117.94,117.94,117.29,117.67,102.9764,23440750
2016-06-10,116.58,116.88,115.69,116.07,101.5762,32686801
2016-06-13,115.65,116.18,114.59,114.81,100.4735,36400320
2016-06-14,114.39,115.11,113.67,114.48,100.1848,34267578
2016-06-15,114.89,115.56,114.46,114.56,100.2548,24197680
2016-06-16,113.72,114.59,112.89,114.55,100.246,36306578
2016-06-17,114.41,114.92,113.68,114.06,99.8172,30096391
2016-06-20,115.8,116.45,115.3,115.3,100.9024,28219801
2016-06-21,115.34,115.41,114.33,115.08,100.7098,34706781
2016-06-22,115.3,115.88,114.49,114.63,100.316,27226150
2016-06-23,115.82,116.91,115.73,116.82,102.2326,30240301
2016-06-24,111.94,114.035,111.5,112.55,98.4958,74945391
2016-06-27,111.07,111.07,108.19,108.69,95.1178,59524207
2016-06-28,109.65,110.88,109.57,110.37,96.588,42040578
2016-06-29,111.7,113.05,111.53,112.88,98.7845,34031609
2016-06-30,113.12,115.02,112.57,114.98,100.6223,42973801
2016-07-01,115.05,115.95,114.8,115.39,100.9811,24401900
2016-07-05,115.02,115.26,113.065,113.69,99.4934,29347240
2016-07-06,112.54,114.01,112.31,113.89,100.2158,24678270
2016-07-07,114.22,114.99,113.41,114.13,100.427,20780609
2016-07-08,115.25,117.09,115.15,116.79,102.7676,37964832
2016-07-11,117.56,118.43,117.47,118.14,103.9556,26987340
2016-07-12,119.0,120.42,118.83,119.72,105.3458,44153031
2016-07-13,120.33,120.39,118.95,119.25,104.9323,28050160
2016-07-14,120.3,120.36,119.3,119.37,105.0379,19345449
2016-07-15,119.89,120.04,119.28,119.7,105.3283,23857289
2016-07-18,119.53,120.35,119.33,119.9,105.5042,17422359
2016-07-19,119.76,119.97,118.93,119.3,104.9763,19734080
2016-07-20,119.55,120.44,118.94,120.08,105.6626,22390480
2016-07-21,120.01,120.595,119.25,119.51,105.1611,19018740
2016-07-22,119.58,120.65,119.35,120.4,105.9442,17796051
2016-07-25,120.15,120.46,119.76,120.22,105.7858,13694590
2016-07-26,120.2,120.97,119.92,120.8,106.2962,19551150
2016-07-27,121.0,121.4675,120.35,121.14,106.5954,21064730
2016-07-28,120.88,121.235,120.53,120.83,106.3226,16540119
2016-07-29,120.71,121.76,120.05,121.07,106.5338,30267869
2016-08-01,121.2,121.7,120.44,121.17,106.6218,34771680
2016-08-02,121.16,121.21,119.1,119.48,105.1347,28690971
2016-08-03,119.37,120.5,119.1,120.45,105.9882,17830311
2016-08-04,120.45,121.19,120.26,120.56,106.085,17526740
2016-08-05,121.34,122.58,120.97,122.3,107.6161,28643439
2016-08-08,122.35,122.85,122.03,122.24,107.5633,14625740
2016-08-09,122.27,122.63,122.14,122.37,107.6777,12487730
2016-08-10,122.38,122.599,121.15,121.4892,106.9026,19138051
2016-08-11,122.03,122.4,121.565,122.07,107.4137,21144641
2016-08-12,121.83,122.46,121.63,122.19,107.5193,12251150
2016-08-15,122.46,123.685,122.43,123.4,108.584,22047949
2016-08-16,123.08,123.12,122.26,122.4,107.7041,20244279
2016-08-17,122.44,122.5,121.33,122.04,107.3873,20632641
2016-08-18,122.08,122.97,122.04,122.94,108.1792,16244570
2016-08-19,122.77,123.07,122.28,122.94,108.1792,17379461
2016-08-22,122.68,123.34,122.33,123.22,108.4256,16929730
2016-08-23,123.61,124.46,123.61,124.08,109.1824,21539439
2016-08-24,123.94,124.25,122.77,123.07,108.2936,21533369
2016-08-25,122.62,123.69,122.61,123.31,108.5048,17023199
2016-08-26,123.45,124.41,122.3,123.06,108.2848,26734381
2016-08-29,123.27,124.17,123.24,123.7,108.848,14013850
2016-08-30,123.83,124.17,123.38,123.93,109.0504,14031350
2016-08-31,123.78,123.89,122.55,123.23,108.4344,29236340
2016-09-01,123.34,123.63,122.02,123.32,108.5136,22964711
2016-09-02,124.01,124.53,123.63,124.51,109.5607,23083320
2016-09-06,124.92,124.97,123.97,124.6292,109.6656,13710990
2016-09-07,124.55,125.44,124.48,125.41,110.3527,17830461
2016-09-08,125.31,125.41,124.77,125.16,110.1327,16265540
2016-09-09,124.18,124.21,121.21,121.25,106.6922,54239020
2016-09-12,120.69,122.97,120.58,122.94,108.1792,33408148
2016-09-13,122.06,122.16,119.8805,120.58,106.1026,47536238
2016-09-14,120.77,121.47,120.29,120.6,106.1202,30545520
2016-09-15,120.68,122.185,120.51,122.04,107.3873,30052131
2016-09-16,121.47,121.97,121.095,121.86,107.2289,31940490
2016-09-19,122.32,123.55,121.99,122.67,107.9417,22807010
2016-09-20,123.2,123.23,122.15,122.15,107.4841,16877930
2016-09-21,122.58,123.97,122.1,123.92,109.0416,30784740
2016-09-22,124.73,125.8,124.66,125.7,110.6079,36287688
2016-09-23,125.56,125.882,124.81,124.81,109.8247,26117971
2016-09-26,123.8,124.17,123.1,123.23,108.7341,20028039
2016-09-27,123.17,123.88,122.81,123.73,109.1753,16939480
2016-09-28,123.95,124.76,123.07,124.68,110.0135,19426449
2016-09-29,124.62,124.64,122.7,122.86,108.4076,26657699
2016-09-30,123.42,124.78,122.86,124.21,109.5988,31764461
2016-10-03,123.83,124.095,123.13,123.82,109.2547,18674270
2016-10-04,124.02,124.31,122.65,123.21,108.7165,26057250
2016-10-05,123.69,124.68,123.65,123.95,109.3694,24317330
2016-10-06,123.75,124.015,122.82,123.82,109.2547,18937090
2016-10-07,124.04,124.32,122.23,122.83,108.3812,28732711
2016-10-10,123.57,124.74,123.56,124.3,109.6782,21481670
2016-10-11,124.05,124.11,121.34,122.03,107.6753,31931289
2016-10-12,122.09,122.61,121.5328,121.93,107.587,20210420
2016-10-13,120.99,121.41,120.11,120.92,106.6958,26302529
2016-10-14,121.36,121.84,120.4,120.43,106.2635,24554561
2016-10-17,120.58,120.85,120.16,120.29,106.14,17119461
2016-10-18,121.52,121.58,120.66,120.98,106.7488,19158920
2016-10-19,121.17,121.95,120.5001,121.49,107.1988,18477449
2016-10-20,121.14,122.0,120.41,121.13,106.8811,20485609
2016-10-21,120.26,121.37,120.1,121.07,106.8282,21093689
2016-10-24,122.04,122.61,121.4499,121.84,107.5076,15421590
2016-10-25,121.81,121.9895,120.6,120.93,106.7047,16459840
2016-10-26,120.11,121.0,119.46,119.73,105.6458,24975311
2016-10-27,120.12,120.14,118.09,118.36,104.437,29525721
2016-10-28,118.31,119.03,117.75,118.03,104.1458,35473672
2016-10-31,118.18,118.64,117.7999,118.5,104.5605,20311801
2016-11-01,118.66,118.7,116.28,117.05,103.2811,34147168
2016-11-02,116.87,117.0,115.39,115.56,101.9664,29859891
2016-11-03,115.91,116.24,114.88,115.0,101.4722,22717471
2016-11-04,115.3,116.9,115.0458,115.74,102.1252,35237238
2016-11-07,118.0,118.82,117.7082,118.57,104.6223,32370930
2016-11-08,118.3,119.46,117.71,118.88,104.8958,26196820
2016-11-09,118.08,122.83,118.05,122.54,108.1253,77416805
2016-11-10,124.26,125.4,122.62,124.5,109.8547,83440711
2016-11-11,125.03,127.72,124.55,127.36,112.3783,95612750
2016-11-14,128.95,130.26,128.39,129.15,113.9577,83119422
2016-11-15,128.85,129.89,128.3,129.55,114.3107,38704480
2016-11-16,129.25,130.0,129.03,129.54,114.3019,42325512
2016-11-17,129.95,130.83,129.75,130.3,114.9725,42576887
2016-11-18,130.69,131.09,130.2979,130.99,115.5813,41380594
2016-11-21,131.31,132.0,130.61,131.6,116.1195,32293090
2016-11-22,132.12,132.9,131.67,132.8,117.1784,39681551
2016-11-23,132.48,133.65,132.1,133.63,117.9107,37939230
2016-11-25,133.73,134.1,133.54,134.07,118.299,13373380
2016-11-28,133.97,134.0,132.15,132.33,116.7637,32505740
2016-11-29,132.51,133.09,132.1,132.26,116.7019,27993680
2016-11-30,132.92,133.09,131.5,131.61,116.1284,32491180
2016-12-01,132.25,132.55,130.29,130.97,115.5636,39815930
2016-12-02,130.94,131.47,130.52,130.9,115.5019,24054051
2016-12-05,131.95,133.33,131.89,133.15,117.4872,27547131
2016-12-06,133.52,134.91,132.74,134.59,118.7578,27820029
2016-12-07,134.59,136.18,134.18,135.9,119.9137,31825850
2016-12-08,136.25,138.21,135.8,138.04,121.802,49048887
2016-12-09,138.4,138.82,137.75,138.31,122.0402,34313473
2016-12-12,137.95,138.57,136.51,136.85,120.752,34592910
2016-12-13,137.53,138.05,136.2417,136.86,120.7608,32624561
2016-12-14,136.42,137.35,134.81,135.15,119.2519,45923660
2016-12-15,135.37,137.14,134.96,136.16,120.1431,41352520
2016-12-16,136.35,137.525,135.63,135.91,119.9225,39348180
2016-12-19,136.045,137.19,135.91,136.8,120.7078,33393871
2016-12-20,137.28,138.21,136.99,137.96,121.7314,31753609
2016-12-21,137.85,138.15,137.01,137.06,120.9373,23215910
2016-12-22,136.56,136.75,134.81,135.32,119.8944,34737848
2016-12-23,135.46,136.12,135.27,136.04,120.5323,17081381
2016-12-27,136.23,137.3,136.21,136.65,121.0728,13571700
2016-12-28,136.89,136.98,134.83,135.25,119.8324,22712420
2016-12-29,135.29,136.26,134.685,135.37,119.9387,21312930
2016-12-30,135.6,135.63,134.4,134.85,119.478,28399350
2017-01-03,136.49,136.8295,134.5,135.52,120.0716,29792449
2017-01-04,136.05,137.96,136.01,137.78,122.074,34499367
2017-01-05,137.49,137.76,135.51,136.19,120.6652,30286881
2017-01-06,136.41,136.71,135.68,135.69,120.2222,23436000
2017-01-09,135.54,135.72,134.5,134.8,119.4337,24077869
2017-01-10,135.0,136.38,134.76,136.09,120.5766,21684859
2017-01-11,136.23,136.79,135.42,136.33,120.7893,27428750
2017-01-12,136.16,136.22,133.59,135.28,119.859,41844207
2017-01-13,135.65,136.97,135.65,136.26,120.7273,27784461
2017-01-17,135.6,135.69,134.13,134.41,119.0882,28197779
2017-01-18,134.76,134.935,133.95,134.85,119.478,21289660
2017-01-19,135.14,135.44,133.17,133.75,118.5034,34105879
2017-01-20,134.21,134.88,133.82,134.44,119.1147,29286080
2017-01-23,134.03,134.68,133.12,133.88,118.6186,20537010
2017-01-24,134.34,136.28,134.22,135.93,120.4349,34313840
2017-01-25,137.06,137.55,136.95,137.21,121.569,29127320
2017-01-26,137.34,137.5,136.42,136.66,121.0817,22255561
2017-01-27,136.77,137.04,135.65,136.19,120.6652,19467820
2017-01-30,135.23,135.24,133.24,134.29,118.9818,40464367
2017-01-31,133.87,135.56,133.48,135.23,119.8147,32944988
2017-02-01,136.22,136.87,134.7,135.15,119.7438,30010461
2017-02-02,135.3,135.67,134.49,134.81,119.4426,19935730
2017-02-03,135.99,136.98,135.51,136.87,121.2677,24534080
2017-02-06,136.4,136.7784,135.43,135.84,120.3551,23691510
2017-02-07,135.82,136.465,134.77,135.24,119.8235,30342150
2017-02-08,134.6,135.22,133.89,135.0,119.6109,32956871
2017-02-09,135.25,137.25,135.25,136.9,121.2943,28267609
2017-02-10,137.79,138.37,137.2,137.94,122.2158,27287551
2017-02-13,138.77,139.205,138.09,138.3,122.5347,23245051
2017-02-14,137.94,138.945,137.61,138.76,122.9423,27144980
2017-02-15,138.19,139.77,138.07,139.59,123.6777,20253539
2017-02-16,139.46,139.84,138.21,139.2,123.3321,24613561
2017-02-17,138.45,139.16,138.25,139.11,123.2524,26703221
2017-02-21,139.38,140.32,139.38,140.2,124.2181,21353471
2017-02-22,140.0,140.02,139.25,139.58,123.6688,14890830
2017-02-23,139.96,140.01,137.69,138.75,122.9334,24596199
2017-02-24,137.46,138.65,137.3,138.65,122.8448,24512340
2017-02-27,138.34,140.0,138.21,140.0,124.0409,28269039
2017-02-28,139.38,139.48,137.76,137.84,122.1272,40184129
2017-03-01,139.65,140.86,139.52,140.36,124.3599,35719832
2017-03-02,140.33,140.36,138.64,138.75,122.9334,25937000
2017-03-03,138.8,139.42,137.88,138.65,122.8448,30989760
2017-03-06,137.78,137.97,136.99,137.7,122.0031,23892090
2017-03-07,137.4,137.74,136.61,136.8,121.2057,29711279
2017-03-08,137.28,137.62,135.78,135.9,120.4083,34115129
2017-03-09,135.83,136.49,134.89,135.36,119.9299,35223801
2017-03-10,136.29,136.31,134.84,135.96,120.4615,39516609
2017-03-13,135.65,136.79,135.65,136.28,120.745,21295020
2017-03-14,135.75,135.83,134.5601,135.63,120.1691,30037830
2017-03-15,136.29,138.02,135.97,137.73,122.0297,31230410
2017-03-16,138.22,138.51,137.555,137.91,122.1892,25306609
2017-03-17,138.14,138.73,137.31,138.46,122.6765,33324629
2017-03-20,138.28,138.52,137.37,137.7512,122.0485,19091189
2017-03-21,138.51,138.6,133.92,133.97,118.6983,61868961
2017-03-22,133.71,134.31,132.78,134.0,118.7249,46332594
2017-03-23,134.0,135.6957,133.64,134.78,119.416,37764648
2017-03-24,134.95,135.47,133.86,134.49,119.5022,33514379
2017-03-27,132.76,135.07,132.4,134.74,119.7243,35596754
2017-03-28,134.28,135.9,134.14,135.79,120.6573,26891869
2017-03-29,135.7,136.49,135.3,136.23,121.0483,22119500
2017-03-30,136.32,137.38,136.26,137.26,121.9635,25792939
2017-03-31,137.42,138.17,136.94,137.48,122.159,29434279
2017-04-03,137.97,138.1,135.6,136.03,120.8705,38834898
2017-04-04,135.93,136.55,135.35,135.87,120.7284,25642561
2017-04-05,136.83,137.43,134.08,134.33,119.36,44968770
2017-04-06,134.54,135.63,133.83,135.58,120.4707,41012047
2017-04-07,135.21,136.03,134.75,135.52,120.4174,24300170
2017-04-10,135.47,136.85,135.16,135.82,120.684,22779949
2017-04-11,135.27,136.92,135.08,136.9,121.6436,32589221
2017-04-12,136.64,136.7,134.92,135.04,119.9909,25700830
2017-04-13,134.88,135.37,133.66,133.72,118.818,30206990
2017-04-17,134.07,135.32,133.68,135.29,120.213,18278801
2017-04-18,134.72,135.46,134.155,135.32,120.2397,24553320
2017-04-19,135.69,136.9628,135.54,135.79,120.6573,34627641
2017-04-20,136.34,137.67,136.15,137.52,122.1945,31934430
2017-04-21,137.24,137.5475,136.71,137.21,121.919,29385980
2017-04-24,139.08,139.34,138.49,138.92,123.4385,33836930
2017-04-25,140.24,140.88,140.09,140.27,124.638,32751680
2017-04-26,140.17,141.8166,140.13,140.99,125.2778,41669246
2017-04-27,141.34,141.8,140.48,140.95,125.2423,23004330
2017-04-28,141.03,141.17,139.04,139.06,123.5629,31113930
2017-05-01,139.64,140.29,138.7799,139.86,124.2737,20925240
2017-05-02,139.98,140.34,138.69,139.15,123.6428,17993930
2017-05-03,138.49,139.1142,137.69,138.29,122.8787,27050260
2017-05-04,138.53,138.73,137.11,138.1,122.7099,25799131
2017-05-05,138.69,138.99,137.53,138.99,123.5007,23806539
2017-05-08,138.66,138.98,137.76,138.41,122.9853,16680020
2017-05-09,138.59,138.83,137.78,138.35,122.932,23988359
2017-05-10,138.04,139.48,137.86,139.21,123.6962,19791520
2017-05-11,138.67,138.83,136.98,138.24,122.8343,28617311
2017-05-12,137.71,137.8875,137.16,137.51,122.1856,24111221
2017-05-15,137.98,139.25,137.975,138.58,123.1364,31132240
2017-05-16,138.97,139.04,137.62,138.63,123.1808,18520900
2017-05-17,136.33,137.04,134.75,134.89,119.8576,50791168
2017-05-18,134.57,135.9,134.23,135.38,120.293,44805141
2017-05-19,135.64,136.76,135.4176,136.03,120.8705,44450512
2017-05-22,136.26,137.2,136.16,136.95,121.688,20062660
2017-05-23,137.29,137.69,136.35,137.4,122.0879,16681420
2017-05-24,137.51,138.03,136.83,137.49,122.1678,21500660
2017-05-25,138.14,138.61,137.2,137.58,122.2478,22804160
2017-05-26,137.38,137.79,136.78,137.54,122.2123,20047270
2017-05-30,137.12,137.44,136.22,136.46,121.2526,25544109
2017-05-31,136.84,136.92,134.64,136.32,121.1282,34345406
2017-06-01,136.72,139.0,136.27,138.95,123.4651,44618559
2017-06-02,139.45,141.02,139.05,139.85,124.2648,46680180
2017-06-05,139.96,140.11,138.95,138.98,123.4918,20808881
2017-06-06,138.11,139.66,137.81,138.85,123.3763,25460881
2017-06-07,138.86,139.53,138.49,138.98,123.4918,20542221
2017-06-08,138.98,141.46,138.74,140.88,125.1801,33956434
2017-06-09,141.46,142.9,140.7,141.61,125.8287,56979379
2017-06-12,141.66,142.15,140.8901,141.38,125.6243,34665480
2017-06-13,141.8,142.31,141.47,142.1,126.2641,22046770
2017-06-14,142.03,142.04,140.45,141.26,125.5177,33021941
2017-06-15,139.69,140.98,139.69,140.54,124.8779,27376770
2017-06-16,140.03,140.215,139.28,140.19,124.567,35608434
2017-06-19,140.56,141.58,140.51,141.23,125.4911,25163279
2017-06-20,140.88,140.97,139.7,139.8,124.2204,20111949
2017-06-21,140.05,140.8,139.22,139.45,123.9094,23351391
2017-06-22,139.37,140.39,139.01,139.98,124.3804,17917211
2017-06-23,140.14,141.08,139.55,140.91,125.2067,20772471
2017-06-26,141.09,141.53,140.201,141.08,125.3578,22988279
2017-06-27,141.1,141.62,139.75,139.84,124.256,24610100
2017-06-28,140.67,142.26,140.4,141.98,126.1575,25085430
2017-06-29,142.24,142.35,139.65,141.14,125.4111,38794879
2017-06-30,141.25,141.67,140.77,140.92,125.2156,22798520
2017-07-03,141.34,142.495,141.3,142.1,126.2641,12968190
2017-07-05,141.7,141.85,140.7,141.59,125.8109,21865449
2017-07-06,139.93,140.47,138.83,139.14,124.168,30992600
2017-07-07,139.43,140.68,139.18,140.49,125.3728,20511000
2017-07-10,139.92,140.89,139.37,139.88,124.8284,17206020
2017-07-11,139.78,140.38,138.98,140.29,125.1943,16192890
2017-07-12,141.05,142.22,141.01,141.37,126.1581,19358609
2017-07-13,141.2,141.56,140.38,141.49,126.2652,16559270
2017-07-14,141.1,142.3,141.1,141.73,126.4793,15465290
2017-07-17,141.6,142.46,141.26,142.06,126.7738,15374600
2017-07-18,141.54,141.87,141.04,141.69,126.4436,16653260
2017-07-19,141.88,143.14,141.88,143.1,127.7019,16985449
2017-07-20,143.12,143.52,142.8,143.2,127.7912,17047801
2017-07-21,143.01,143.33,142.25,142.55,127.2111,21949461
2017-07-24,142.31,142.82,141.97,142.75,127.3896,16694029
2017-07-25,143.62,144.25,143.21,144.05,128.5497,21066391
2017-07-26,144.15,144.15,143.0483,143.25,127.8358,13574880
2017-07-27,143.48,143.68,141.55,142.34,127.0237,24355820
2017-07-28,142.02,142.36,141.47,141.96,126.6846,19933340
2017-07-31,142.22,142.38,140.97,141.51,126.283,16417721
2017-08-01,142.17,142.2,140.965,141.78,126.524,19835910
2017-08-02,141.59,141.82,139.725,140.23,125.1407,19934289
2017-08-03,140.44,140.54,139.16,139.53,124.5161,19624900
2017-08-04,139.91,140.32,139.49,140.21,125.1229,16473510
2017-08-07,140.44,140.85,139.71,140.44,125.3281,9176166
2017-08-08,140.41,141.79,139.69,140.0,124.9355,27248711
2017-08-09,139.12,139.39,138.28,138.79,123.8557,26534311
2017-08-10,138.28,138.28,136.26,136.27,121.6069,40983527
2017-08-11,136.21,136.74,135.77,136.47,121.7853,32779609
2017-08-14,137.26,138.59,137.23,138.54,123.6326,21710930
2017-08-15,138.8,138.82,137.34,137.4,122.6153,16645980
2017-08-16,137.67,138.39,137.21,137.44,122.651,21858650
2017-08-17,136.98,137.69,134.9199,134.93,120.411,32722881
2017-08-18,134.47,135.46,134.12,134.92,120.4021,42401871
2017-08-21,134.69,135.02,134.14,134.83,120.3218,21504100
2017-08-22,135.26,136.445,135.14,136.29,121.6247,25170590
2017-08-23,135.53,136.57,135.207,136.07,121.4284,18381859
2017-08-24,136.64,136.93,136.02,136.49,121.8032,15726650
2017-08-25,136.88,137.31,136.42,136.88,122.1512,17162961
2017-08-28,137.37,137.61,136.77,137.46,122.6688,16333270
2017-08-29,136.49,137.81,136.23,137.49,122.6956,20277570
2017-08-30,137.36,138.51,137.25,138.37,123.4809,15915530
2017-08-31,138.91,139.94,138.67,139.73,124.6945,29260570
2017-09-01,139.98,140.63,139.7256,140.52,125.3995,17412510
2017-09-05,140.63,140.89,138.58,139.17,124.1948,21908369
2017-09-06,139.74,140.0,139.08,139.46,124.4536,18399670
2017-09-07,139.59,139.685,138.59,139.11,124.1413,18159820
2017-09-08,138.93,139.77,138.615,139.22,124.2394,21870449
2017-09-11,140.39,140.92,140.23,140.68,125.5423,22617670
2017-09-12,141.04,141.69,140.82,141.54,126.3098,22679590
2017-09-13,141.41,142.22,141.32,141.96,126.6846,25052480
2017-09-14,141.78,142.16,141.42,141.83,126.5686,18353801
2017-09-15,141.64,142.47,141.55,142.41,127.0862,23184039
2017-09-18,142.62,143.8075,142.6,143.38,127.9518,24427350
2017-09-19,143.57,143.6886,143.09,143.38,127.9518,16346320
2017-09-20,143.53,144.02,143.26,143.84,128.3623,20244660
2017-09-21,144.02,144.26,143.48,143.69,128.2284,17395881
2017-09-22,143.67,144.67,143.56,144.3,128.7728,25203029
2017-09-25,144.27,144.94,143.69,144.5,128.9513,30012820
2017-09-26,144.29,145.15,144.18,144.61,129.3619,28238141
2017-09-27,145.63,147.86,145.16,147.44,131.8935,66351680
2017-09-28,147.25,148.06,146.78,147.83,132.2423,29291400
2017-09-29,147.92,148.43,147.74,148.18,132.5554,21738750
2017-10-02,148.31,150.0,148.08,150.0,134.1835,29772449
2017-10-03,150.11,150.33,149.33,150.33,134.4787,28372760
2017-10-04,150.09,150.61,149.39,149.85,134.0494,22024680
2017-10-05,150.29,150.63,149.87,150.26,134.4161,22538500
2017-10-06,149.71,150.34,149.57,150.05,134.2283,19350770
2017-10-09,150.19,150.68,149.18,149.43,133.6736,13981340
2017-10-10,149.93,150.29,149.41,149.86,134.0583,21951850
2017-10-11,149.94,150.19,149.46,149.75,133.9599,15137110
2017-10-12,149.46,150.01,149.02,149.64,133.8615,17185570
2017-10-13,149.92,149.99,149.23,149.37,133.62,15464430
2017-10-16,149.61,150.35,149.03,149.24,133.5037,20653100
2017-10-17,149.27,149.77,148.5,148.81,133.119,18046820
2017-10-18,149.5,149.91,149.08,149.52,133.7542,20541660
2017-10-19,148.77,149.33,148.17,149.29,133.5484,17164891
2017-10-20,150.31,150.4134,149.86,149.98,134.1656,25224480
2017-10-23,150.15,150.15,148.7,148.86,133.1637,14676360
2017-10-24,149.39,149.78,149.0401,149.17,133.4411,17527730
2017-10-25,148.94,149.0,147.22,148.45,132.797,27235301
2017-10-26,148.94,149.34,148.51,148.76,133.0743,15205930
2017-10-27,148.88,149.91,148.3,149.79,133.9957,32744061
2017-10-30,149.27,149.45,147.385,148.21,132.5823,30524850
2017-10-31,148.79,149.83,148.635,149.26,133.5216,22449359
2017-11-01,150.5,150.53,147.44,148.27,132.636,31585539
2017-11-02,148.24,149.23,147.72,148.71,133.0296,28176570
2017-11-03,148.48,148.96,148.06,148.61,132.9401,22312721
2017-11-06,148.75,149.38,148.39,148.78,133.0922,15576780
2017-11-07,148.8,148.85,146.54,147.0,131.4999,29549301
2017-11-08,146.66,147.45,145.835,147.2,131.6788,30682449
2017-11-09,146.27,147.39,145.28,146.68,131.2136,40144391
2017-11-10,146.71,147.1,146.345,146.57,131.1152,17823699
2017-11-13,145.93,146.825,145.5,146.61,131.151,14679970
2017-11-14,146.06,146.49,145.59,146.21,130.7932,19682240
2017-11-15,145.35,146.21,144.5,145.63,130.2743,23925211
2017-11-16,146.21,148.4,146.19,147.77,132.1887,25888990
2017-11-17,147.25,149.03,147.171,148.45,132.797,25816711
2017-11-20,148.76,149.58,148.33,149.53,133.7631,22793039
2017-11-21,150.2,151.29,150.06,151.09,135.1586,29392340
2017-11-22,151.28,151.77,150.86,150.89,134.9797,14136610
2017-11-24,151.21,151.37,150.77,150.95,135.0334,6816264
2017-11-27,151.3,151.62,150.44,150.49,134.6219,18416900
2017-11-28,151.02,152.97,150.66,152.86,136.742,35898273
2017-11-29,153.34,154.21,152.95,153.37,137.1982,38234168
2017-11-30,154.1,154.55,153.281,153.65,137.4487,32230660
2017-12-01,153.67,153.71,148.75,153.02,136.8851,62734781
2017-12-04,154.9,155.41,152.3,152.45,136.3752,36366781
2017-12-05,152.95,152.96,150.92,150.93,135.0155,29667221
2017-12-06,150.82,151.19,149.95,150.22,134.3803,21273789
2017-12-07,150.32,151.89,150.02,151.27,135.3196,29675221
2017-12-08,151.89,152.28,151.28,151.41,135.4449,20832439
2017-12-11,151.68,152.13,151.02,151.35,135.3912,26654051
2017-12-12,151.7,151.93,150.82,150.88,134.9707,25854820
2017-12-13,150.81,152.71,150.81,151.78,135.7758,30082609
2017-12-14,151.85,152.2,149.64,150.1,134.273,32882641
2017-12-15,151.05,153.2525,150.58,152.24,136.1873,42851609
2017-12-18,153.67,154.72,153.46,154.3,138.0301,22714350
2017-12-19,154.75,154.77,152.82,153.08,136.9388,24313561
2017-12-20,153.75,153.935,152.84,153.38,137.2071,19042820
2017-12-21,153.24,154.0199,153.08,153.47,137.8079,16772609
2017-12-22,153.38,153.39,152.8,153.19,137.5564,13599370
2017-12-26,153.0,153.43,152.9,153.28,137.6373,11949550
2017-12-27,153.21,153.95,152.81,153.13,137.5026,15949850
2017-12-28,153.24,153.75,153.015,153.73,138.0413,10167340
2017-12-29,154.15,154.15,152.39,152.46,136.9009,21006480
2018-01-02,153.2,153.97,152.46,153.9,138.194,20489650
2018-01-03,153.87,154.46,153.5199,154.06,138.3377,21836631
2018-01-04,154.97,155.15,154.02,154.47,138.7058,14207050
2018-01-05,154.88,154.98,153.94,154.79,138.9932,19883850
2018-01-08,154.73,155.27,153.5,155.03,139.2087,18457320
2018-01-09,155.24,155.5,154.73,154.82,139.0201,16571250
2018-01-10,154.47,155.17,153.92,154.84,139.0381,18516750
2018-01-11,155.07,157.66,154.98,157.5,141.4266,26522381
2018-01-12,157.68,158.8599,157.47,158.16,142.0192,24089801
2018-01-16,158.86,159.41,155.8,156.14,140.2054,27704740
2018-01-17,156.8,157.935,156.28,157.62,141.5343,18571609
2018-01-18,157.22,157.5,156.39,156.54,140.5646,17903631
2018-01-19,156.73,158.69,156.55,158.6,142.4143,31040930
2018-01-22,158.4,159.45,158.31,159.45,143.1776,12702360
2018-01-23,159.24,160.3,158.67,159.96,143.6355,16904619
2018-01-24,160.36,160.625,158.4,158.97,142.7466,20340881
2018-01-25,159.64,159.915,158.21,159.03,142.8004,20290881
2018-01-26,159.53,159.685,158.77,159.6,143.3123,16120310
2018-01-29,159.06,159.86,158.62,158.7,142.5041,18293260
2018-01-30,157.66,158.22,156.73,157.18,141.1392,24533789
2018-01-31,157.74,158.42,155.9199,156.36,140.4029,26181039
2018-02-01,155.73,157.21,155.53,156.85,140.8429,21412980
2018-02-02,156.13,156.15,153.51,153.83,138.1311,33314078
2018-02-05,152.67,153.79,147.86,147.92,132.8243,52622246
2018-02-06,145.53,150.37,144.24,149.69,134.4136,69232414
2018-02-07,149.61,150.79,148.61,149.84,134.5483,37100961
2018-02-08,149.99,150.0,145.44,145.44,130.5974,44704512
2018-02-09,146.76,147.94,142.5,146.77,131.7916,53315262
2018-02-12,146.92,148.92,145.48,148.16,133.0398,36213871
2018-02-13,147.38,148.79,146.9,148.48,133.3271,25021221
2018-02-14,147.63,151.52,147.18,151.15,135.7246,36286953
2018-02-15,152.22,152.87,150.56,152.8,137.2062,23773561
2018-02-16,152.61,154.29,152.54,153.34,137.6911,27973881
2018-02-20,152.55,153.77,151.67,152.08,136.5597,24046211
2018-02-21,152.42,154.81,152.01,152.24,136.7034,26735480
2018-02-22,152.805,154.025,151.91,152.0,136.4879,16340030
2018-02-23,152.98,154.02,152.15,153.98,138.2658,18065160
2018-02-26,154.53,155.26,153.47,154.99,139.1727,15267660
2018-02-27,155.18,155.88,152.75,152.76,137.1703,18125490
2018-02-28,153.14,153.6,150.31,150.35,135.0063,29951779
2018-03-01,150.05,151.57,148.38,149.95,134.6471,38943219
2018-03-02,148.71,152.75,148.4,152.35,136.8022,31842320
2018-03-05,151.82,154.2601,151.47,153.71,138.0234,19603689
2018-03-06,154.43,155.39,152.8,155.37,139.514,17303961
2018-03-07,154.46,156.93,154.22,156.74,140.7442,22684580
2018-03-08,156.9,157.47,155.5,156.42,140.4568,23391301
2018-03-09,157.31,159.0,156.87,158.92,142.7017,24927150
2018-03-12,159.25,159.65,158.49,159.2,142.9531,15310120
2018-03-13,160.0,160.3,158.14,158.46,142.2886,17757221
2018-03-14,159.22,159.3899,157.41,157.71,141.6152,18097551
2018-03-15,158.1,158.14,156.37,156.92,140.9058,14172090
2018-03-16,156.98,158.27,156.75,157.8,141.696,36000320
2018-03-19,157.17,157.2099,154.45,156.28,140.3311,25663051
2018-03-20,156.67,157.02,155.77,156.24,140.2952,11418520
2018-03-21,156.32,158.26,156.2,157.15,141.1123,22213471
2018-03-22,155.655,156.62,153.31,153.35,138.018,29774840
2018-03-23,153.56,154.13,150.0,150.05,135.048,35744102
2018-03-26,152.09,153.38,150.43,153.33,138.0,28442430
2018-03-27,153.66,153.7,149.71,150.36,135.327,32820648
2018-03-28,150.74,151.35,149.39,150.31,135.282,26510850
2018-03-29,151.08,153.1,150.75,151.83,136.65,24209150
2018-04-02,151.52,152.07,147.18,148.13,133.3199,35040719
2018-04-03,149.02,150.6,148.3,150.25,135.228,29857789
2018-04-04,148.5,152.58,148.27,152.16,136.947,29619680
2018-04-05,153.04,153.6099,152.32,153.42,138.081,17301631
2018-04-06,152.37,153.4,149.15,150.36,135.327,25762680
2018-04-09,151.4,152.6,150.42,150.54,135.489,18997051
2018-04-10,152.14,153.95,151.67,153.38,138.045,24728900
2018-04-11,152.78,154.31,152.63,153.71,138.342,14884600
2018-04-12,154.43,155.41,153.93,154.76,139.2871,14413180
2018-04-13,155.29,155.3292,153.511,153.95,138.5581,19813590
2018-04-16,154.84,155.82,154.11,155.37,139.8361,18846930
2018-04-17,156.21,157.49,155.96,157.06,141.3571,18624189
2018-04-18,157.52,158.38,157.16,157.48,141.7351,16974160
2018-04-19,157.14,157.54,155.88,156.39,140.7541,16174540
2018-04-20,156.05,156.72,155.15,155.55,139.9981,21480631
2018-04-23,155.78,156.29,154.57,155.32,139.7911,13268150
2018-04-24,155.9,156.63,153.19,154.43,138.9901,24859689
2018-04-25,154.36,154.8,152.96,154.2,138.7831,21981369
2018-04-26,154.42,155.41,153.94,154.91,139.4221,14862880
2018-04-27,154.88,155.37,153.78,154.69,139.2241,17734289
2018-04-30,155.02,155.65,153.29,153.32,137.991,15624580
2018-05-01,153.01,154.29,151.71,154.07,138.6661,24977510
2018-05-02,153.78,155.78,153.68,154.65,139.1881,16786820
2018-05-03,154.11,154.5,152.16,153.81,138.4321,20985939
2018-05-04,153.26,156.5,152.8,155.73,140.1601,17927920
2018-05-07,156.19,157.86,156.1,157.05,141.3481,16303480
2018-05-08,156.92,157.83,156.75,157.83,142.0501,17281250
2018-05-09,158.01,159.1,157.38,158.68,142.8151,15758470
2018-05-10,158.9,160.17,158.75,159.53,143.5802,15828660
2018-05-11,159.55,160.13,159.04,159.84,143.8592,14413630
2018-05-14,160.02,160.69,159.05,159.23,143.3102,15028540
2018-05-15,158.71,159.5899,158.17,159.26,143.3372,17544920
2018-05-16,159.49,161.32,159.47,160.92,144.8312,21004449
2018-05-17,161.0,162.0,160.75,161.66,145.4972,18639699
2018-05-18,161.95,162.3178,161.55,161.87,145.6862,17579850
2018-05-21,162.37,163.24,162.36,162.94,146.6492,15667340
2018-05-22,163.26,163.33,161.63,161.76,145.5872,13212020
2018-05-23,161.33,162.28,161.13,161.97,145.7762,14235680
2018-05-24,161.92,162.35,160.62,162.03,145.8302,12785050
2018-05-25,161.75,162.16,161.47,161.74,145.5692,11150240
2018-05-29,160.88,162.23,160.11,161.52,145.3712,20986900
2018-05-30,162.36,164.39,162.36,164.08,147.6753,25169010
2018-05-31,164.08,164.38,162.34,162.77,146.4962,28573730
2018-06-01,163.83,164.38,163.28,163.84,147.4592,21108150
2018-06-04,164.32,164.71,163.32,164.71,148.2423,14836040
2018-06-05,164.55,165.77,164.34,165.73,149.1603,13283590
2018-06-06,165.71,166.93,165.58,166.93,150.2403,16661340
2018-06-07,167.11,167.23,165.23,166.02,149.4213,17571869
2018-06-08,166.06,166.61,165.76,166.52,149.8713,17569850
2018-06-11,166.64,167.1125,166.29,166.77,150.0963,15923000
2018-06-12,166.92,167.94,166.73,167.53,150.7803,16166730
2018-06-13,167.77,167.87,166.62,166.87,150.1863,19853699
2018-06-14,167.49,167.8399,166.61,167.76,150.9873,19248131
2018-06-15,167.24,167.87,166.53,167.81,151.0323,24922580
2018-06-18,166.97,168.61,166.73,168.6,151.7433,18616480
2018-06-19,167.55,168.77,166.54,168.61,151.7523,24605881
2018-06-20,169.45,170.2,168.9515,169.97,152.9764,19216900
2018-06-21,169.98,170.08,167.77,168.38,151.5453,26946199
2018-06-22,169.01,169.2,167.31,167.82,151.0413,34140422
2018-06-25,167.24,167.37,164.14,165.08,148.5753,37005121
2018-06-26,165.23,166.66,164.85,166.04,149.4393,20481680
2018-06-27,166.21,166.51,163.31,163.38,147.0452,27511760
2018-06-28,163.23,164.22,162.26,163.88,147.4953,26759109
2018-06-29,164.31,165.05,163.61,163.77,147.3962,24146600
2018-07-02,162.76,164.96,162.48,164.9,148.4133,24283650
2018-07-03,164.75,165.701,164.7,164.96,149.0049,13561340
2018-07-05,165.86,166.87,164.83,166.84,150.7031,18640551
2018-07-06,166.97,168.44,166.52,168.25,151.9767,19606590
2018-07-09,169.01,169.33,168.385,169.31,152.9342,16565170
2018-07-10,169.58,169.87,167.57,168.54,152.2387,18790699
2018-07-11,167.62,168.61,167.045,167.11,150.947,23912641
2018-07-12,168.07,168.25,166.64,167.92,151.6786,19617570
2018-07-13,167.85,168.73,167.42,167.42,151.227,15409850
2018-07-16,167.76,168.03,165.96,166.77,150.6399,15946910
2018-07-17,166.75,168.0,166.59,167.51,151.3083,15134720
2018-07-18,167.36,168.06,166.57,167.98,151.7328,13780020
2018-07-19,167.77,169.25,167.26,169.17,152.8077,18398260
2018-07-20,168.8,169.31,168.35,168.48,152.1845,17570891
2018-07-23,168.3,169.15,167.81,168.69,152.3741,12335040
2018-07-24,169.45,169.755,166.22,166.89,150.7482,25831311
2018-07-25,166.94,167.5,166.14,167.5,151.2992,18418150
2018-07-26,167.66,169.365,167.51,168.4,152.1122,20944211
2018-07-27,168.5,168.72,164.79,165.26,149.2759,28782609
2018-07-30,165.25,166.02,164.07,164.2,148.3184,20093721
2018-07-31,164.53,166.62,164.39,165.87,149.8269,23567270
2018-08-01,165.7,166.24,164.495,165.76,149.7275,17942580
2018-08-02,164.96,167.21,164.94,166.97,150.8205,18292170
2018-08-03,167.15,167.6799,165.61,166.39,150.2966,21735100
2018-08-06,166.27,167.51,165.9,167.32,151.1367,16288800
2018-08-07,167.89,168.4933,167.6,167.72,151.498,15045700
2018-08-08,167.72,167.985,166.49,167.57,151.3625,14792590
2018-08-09,167.65,168.71,167.55,168.0,151.7509,10437760
2018-08-10,167.05,168.665,166.96,167.53,151.3263,20521939
2018-08-13,167.74,168.05,165.88,166.55,150.4411,20518279
2018-08-14,166.91,168.6,166.89,168.2,151.9315,17683090
2018-08-15,167.7,167.82,165.15,166.09,150.0256,27479910
2018-08-16,166.86,168.17,166.69,167.63,151.4167,15484740
2018-08-17,167.47,168.47,166.93,168.35,152.067,15106680
2018-08-20,168.81,169.18,167.83,168.82,152.4916,12547300
2018-08-21,169.14,171.36,169.12,170.76,154.2439,20661189
2018-08-22,170.59,171.49,170.42,171.18,154.6233,14329160
2018-08-23,171.09,171.52,170.175,170.66,154.1536,12945760
2018-08-24,171.15,171.78,171.02,171.59,154.9937,11894460
2018-08-27,172.11,172.94,171.62,171.84,155.2195,15880420
2018-08-28,172.16,172.48,171.1,172.0,155.364,13170320
2018-08-29,172.02,172.77,171.455,172.5,155.8156,13157920
2018-08-30,172.17,173.23,171.82,172.36,155.6892,14199580
2018-08-31,171.96,173.39,171.95,173.02,156.2853,12240490
2018-09-04,172.79,173.12,171.12,172.25,155.5898,17923500
2018-09-05,172.18,172.23,170.36,171.79,155.1743,15166070
2018-09-06,172.17,172.48,170.42,170.63,154.1265,16647721
2018-09-07,170.21,171.445,169.6585,170.54,154.0452,17247971
2018-09-10,171.25,171.68,170.39,170.75,154.2349,11067140
2018-09-11,170.6,171.6,170.0,171.03,154.4878,14078390
2018-09-12,170.79,171.09,169.33,170.62,154.1175,21572350
2018-09-13,171.28,171.54,170.26,170.66,154.1536,14570480
2018-09-14,170.77,171.93,170.4,171.38,154.804,15734940
2018-09-17,171.42,171.54,169.35,169.56,153.16,20023211
2018-09-18,169.8,170.71,169.63,170.27,153.8013,13018030
2018-09-19,170.28,171.07,169.07,169.65,153.2413,17593520
2018-09-20,170.37,171.3,169.81,171.22,154.6594,16918660
2018-09-21,171.75,171.82,170.22,170.4,153.9188,32538961
2018-09-24,170.26,170.5,168.76,169.77,153.3497,15786690
2018-09-25,170.05,170.52,169.85,170.03,153.5845,13758480
2018-09-26,169.93,170.03,167.78,168.03,152.1807,17787199
2018-09-27,168.37,168.7,167.76,168.04,152.1898,14471940
2018-09-28,167.45,169.0,167.45,168.55,152.6517,22740289
2018-10-01,169.29,169.32,165.77,166.33,150.6411,27897461
2018-10-02,166.18,166.53,164.18,164.53,149.0109,28440340
2018-10-03,165.18,166.73,164.51,165.97,150.3151,26027250
2018-10-04,165.44,165.65,163.13,163.64,148.2048,29463000
2018-10-05,163.75,164.16,160.66,162.16,146.8644,31240131
2018-10-08,161.77,162.4,160.55,161.82,146.5565,21330670
2018-10-09,161.62,162.74,160.98,161.19,145.9859,20620369
2018-10-10,160.82,160.9865,156.36,156.56,141.7926,46921781
2018-10-11,155.81,157.315,153.51,153.57,139.0847,68877445
2018-10-12,155.557,155.76,151.885,153.6,139.1118,53492578
2018-10-15,153.36,155.29,152.54,154.17,139.6281,32747561
2018-10-16,155.28,158.86,154.04,158.64,143.6764,35569059
2018-10-17,158.1807,158.2199,155.885,157.96,143.0606,24140150
2018-10-18,157.41,157.63,154.3735,155.0,140.3798,31042711
2018-10-19,155.47,156.36,152.74,153.36,138.8945,34214191
2018-10-22,153.92,154.45,152.52,153.03,138.5956,28218320
2018-10-23,150.93,152.89,148.92,151.66,137.3548,37228113
2018-10-24,151.43,151.98,145.82,145.95,132.1834,40412449
2018-10-25,146.73,149.82,146.41,149.11,135.0454,32311279
2018-10-26,147.54,149.42,144.7,147.48,133.5691,36986059
2018-10-29,149.13,150.63,145.07,146.67,132.8355,33031270
2018-10-30,146.85,149.89,146.56,149.73,135.6069,29017211
2018-10-31,151.26,151.86,150.03,150.03,135.8786,36785367
2018-11-01,150.89,153.7725,150.81,153.49,139.0122,28496350
2018-11-02,154.0593,154.89,152.4365,154.0,139.4741,26671570
2018-11-05,154.04,154.66,152.35,153.88,139.3654,16940939
2018-11-06,153.65,155.11,153.52,154.64,140.0537,15572910
2018-11-07,155.36,157.41,154.8,157.41,142.5625,22127750
2018-11-08,156.61,157.9,156.34,156.99,142.1821,14987740
2018-11-09,156.0,156.03,152.9501,154.08,139.5466,20654381
2018-11-12,154.02,154.17,150.84,151.03,136.7843,21886779
2018-11-13,151.6,153.09,150.29,150.55,136.3495,18468480
2018-11-14,151.82,152.5,148.48,149.45,135.3533,24549051
2018-11-15,148.49,151.8,148.13,151.58,137.2824,24481980
2018-11-16,150.61,152.29,150.06,151.94,137.6084,29323500
2018-11-19,151.68,152.03,148.37,148.86,134.8189,21540891
2018-11-20,147.25,148.43,145.59,145.99,132.2196,25906980
2018-11-21,146.78,149.37,146.53,148.03,134.0672,17902260
2018-11-23,146.82,149.3,146.81,147.89,133.9404,11134830
2018-11-26,149.32,150.4001,148.74,149.81,135.6793,15346410
2018-11-27,149.18,149.73,148.29,148.57,134.5563,14461830
2018-11-28,149.2,152.37,147.7,152.24,137.8801,26125949
2018-11-29,151.61,152.74,150.44,151.83,137.5088,15134470
2018-11-30,151.46,152.86,151.08,152.62,138.2243,20304680
2018-12-03,154.39,154.48,152.02,154.08,139.5466,23353439
2018-12-04,153.75,154.13,147.14,147.52,133.6053,41077910
2018-12-06,145.45,147.2,143.43,147.2,133.3155,37581207
2018-12-07,147.14,148.26,143.27,144.02,130.4355,28525061
2018-12-10,144.27,144.72,141.45,143.6,130.0551,30776561
2018-12-11,145.68,146.19,142.39,143.45,129.9192,29229340
2018-12-12,144.88,146.76,144.76,144.82,131.16,27894830
2018-12-13,145.24,145.69,142.54,142.77,129.3034,23205439
2018-12-14,141.73,143.23,140.095,140.61,127.3471,24037240
2018-12-17,139.67,140.8801,136.16,137.02,124.511,36468461
2018-12-18,138.26,139.18,136.29,136.85,124.3566,42277230
2018-12-19,136.8,138.68,133.25,134.0,121.7667,47676621
2018-12-20,133.63,134.41,130.23,131.79,119.7585,57908059
2018-12-21,132.38,132.95,127.98,128.37,116.6507,59404809
2018-12-24,127.73,128.47,125.84,125.88,114.388,28575721
2018-12-26,126.28,132.1,125.81,131.93,119.8857,40182688
2018-12-27,130.27,132.48,127.8701,132.48,120.3855,39527879
2018-12-28,132.48,135.01,131.54,132.86,120.7308,35994367
2018-12-31,133.72,134.05,131.8,133.9,121.6759,29173369
2019-01-02,132.17,135.17,131.54,134.66,122.3665,27295131
2019-01-03,133.91,134.64,131.65,132.25,120.1765,29294641
2019-01-04,133.92,137.6,133.71,137.19,124.6655,35355273
2019-01-07,137.26,140.37,136.74,139.59,126.8464,30477881
2019-01-08,140.8,141.79,139.39,141.73,128.791,27320949
2019-01-09,142.22,143.39,141.62,142.9,129.8542,25764590
2019-01-10,142.06,143.72,141.35,143.64,130.5267,22896770
2019-01-11,143.01,143.99,142.6775,143.68,130.563,22428369
2019-01-14,142.82,143.44,142.09,142.25,129.2636,29184961
2019-01-15,142.65,143.6481,142.0901,143.45,130.354,25678930
2019-01-16,143.68,145.2501,143.6717,144.52,131.3263,20827340
2019-01-17,143.99,146.33,143.97,145.83,132.5167,19273420
2019-01-18,146.6,147.92,146.0,147.33,133.8798,28306740
2019-01-22,146.46,146.76,144.05,145.0,131.7625,27741109
2019-01-23,145.32,146.18,143.46,144.6,131.399,20621250
2019-01-24,144.43,145.76,144.33,145.47,132.1896,16976330
2019-01-25,146.62,147.64,146.43,147.34,133.8889,22266881
2019-01-28,145.96,146.91,145.37,146.55,133.171,22784750
2019-01-29,146.71,146.82,145.88,146.2,132.853,12084750
2019-01-30,146.98,148.34,145.68,147.8,134.3069,25516859
2019-01-31,147.61,149.3,147.53,149.06,135.4519,27252910
2019-02-01,149.35,149.68,148.58,149.18,135.5609,17057869
2019-02-04,149.41,150.97,148.875,150.96,137.1784,21301680
2019-02-05,151.01,151.6,150.24,151.12,137.3238,18295910
2019-02-06,151.04,151.37,150.1,150.93,137.1511,13720570
2019-02-07,149.92,150.7028,148.39,149.69,136.0244,22850750
2019-02-08,149.06,149.9,148.5,149.85,136.1697,13463000
2019-02-11,150.29,151.15,149.63,151.1,137.3056,16374790
2019-02-12,151.92,153.19,151.8815,152.99,139.0231,20779900
2019-02-13,153.42,153.76,152.7,153.42,139.4138,15534480
2019-02-14,152.58,154.37,152.4,153.77,139.7319,18250980
2019-02-15,154.78,156.24,154.27,156.22,141.9582,27240211
2019-02-19,155.55,157.1,155.55,156.65,142.349,15856930
2019-02-20,156.66,157.58,156.53,157.39,143.0214,18317391
2019-02-21,157.13,157.37,156.06,156.79,142.4762,17497051
2019-02-22,157.27,158.27,157.1,158.15,143.712,20411820
2019-02-25,159.08,159.5,158.09,158.19,143.7484,17957119
2019-02-26,158.01,158.19,156.89,157.1,142.7579,21497350
2019-02-27,156.49,157.44,156.12,157.32,142.9578,18194869
2019-02-28,157.09,157.48,156.37,156.78,142.4671,18155250
2019-03-01,157.95,158.34,156.7501,158.24,143.7938,19247141
2019-03-04,158.54,158.775,155.59,156.81,142.4943,23301820
2019-03-05,156.94,156.95,155.96,156.08,141.831,16798160
2019-03-06,156.02,156.08,152.88,153.02,139.0503,29604619
2019-03-07,153.02,153.14,151.37,151.68,137.8327,26822480
2019-03-08,150.84,151.76,150.61,151.64,137.7963,20466830
2019-03-11,152.11,154.31,151.9,154.29,140.2044,20854539
2019-03-12,154.4,154.98,153.8,154.37,140.2771,18966779
2019-03-13,154.92,155.73,154.75,154.98,140.8314,24109141
2019-03-14,154.9,155.02,154.2,154.35,140.2589,14217480
2019-03-15,154.53,155.87,154.33,154.76,140.6315,22025850
2019-03-18,155.06,156.45,154.48,155.75,141.5311,24510170
2019-03-19,156.48,156.53,154.57,154.96,140.8132,18633100
2019-03-20,154.54,155.42,152.41,153.26,139.6397,29463211
2019-03-21,152.73,156.06,152.73,155.27,141.4711,31844980
2019-03-22,154.2,154.545,149.57,149.62,136.3232,40663039
2019-03-25,149.48,151.32,148.405,150.28,136.9245,26454650
2019-03-26,151.47,152.82,150.79,151.86,138.3641,21308590
2019-03-27,151.71,152.21,149.48,151.27,137.8266,23477051
2019-03-28,151.79,152.93,150.93,152.62,139.0566,19473279
2019-03-29,153.68,153.97,152.1,153.09,139.4848,28298939
2019-04-01,154.29,154.92,153.72,154.76,141.0064,20075221
2019-04-02,154.87,154.88,153.5072,154.36,140.6419,18253471
2019-04-03,155.74,156.15,154.73,155.16,141.3708,19554699
2019-04-04,155.28,156.01,154.84,155.92,142.0633,15909540
2019-04-05,156.3,157.47,156.19,157.38,143.3936,21378990
2019-04-08,156.85,157.5,156.07,157.12,143.1567,14202430
2019-04-09,156.46,156.7,154.91,155.2,141.4073,18534150
2019-04-10,155.48,157.36,155.33,157.31,143.3298,18938830
2019-04-11,157.52,157.68,156.81,157.11,143.1476,12218700
2019-04-12,158.13,158.16,157.11,157.68,143.6669,14120290
2019-04-15,157.95,158.1,156.5,157.17,143.2022,10964050
2019-04-16,157.71,157.8999,156.98,157.54,143.5393,16782939
2019-04-17,158.09,158.11,155.2,156.1,142.2273,17108480
2019-04-18,156.11,156.28,154.66,155.64,141.8082,23276340
2019-04-22,155.31,155.81,154.52,155.23,141.4346,15596770
2019-04-23,155.37,158.05,155.36,157.57,143.5667,23396090
2019-04-24,157.62,158.69,157.37,158.06,144.0131,18053141
2019-04-25,157.33,157.4725,155.47,156.75,142.8195,19365359
2019-04-26,156.96,158.49,156.395,158.27,144.2045,16999449
2019-04-29,158.62,159.61,158.49,159.03,144.8969,13698860
2019-04-30,159.15,159.19,156.96,158.29,144.2227,24127490
2019-05-01,158.67,158.7329,156.71,156.79,142.856,17734289
2019-05-02,156.64,158.15,155.6764,157.52,143.5211,22715750
2019-05-03,158.31,160.64,158.19,160.53,146.2636,20178820
2019-05-06,158.18,161.11,158.01,160.71,146.4276,21262070
2019-05-07,159.31,159.87,156.25,157.53,143.5302,25434461
2019-05-08,157.26,158.09,156.65,156.76,142.8287,16113730
2019-05-09,155.52,156.65,153.74,156.19,142.3093,25259930
2019-05-10,155.59,156.83,153.67,156.62,142.7011,26544660
2019-05-13,153.69,154.02,151.16,151.63,138.1546,26936490
2019-05-14,151.96,154.17,151.7,153.54,139.8948,15519160
2019-05-15,152.4,154.41,152.0699,154.04,140.3504,18410551
2019-05-16,154.51,156.175,154.44,155.0,141.2251,13772120
2019-05-17,153.82,155.27,152.66,152.84,139.257,21534439
2019-05-20,151.93,152.82,151.41,151.78,138.2912,18689811
2019-05-21,152.63,154.04,152.58,153.82,140.1499,11659100
2019-05-22,153.22,153.59,152.0,152.53,138.9746,13922640
2019-05-23,151.06,151.06,148.58,149.39,136.1136,26379400
2019-05-24,150.38,151.09,149.79,150.79,137.3892,16093130
2019-05-28,151.01,151.65,149.58,149.59,136.2959,14042230
2019-05-29,148.84,148.93,147.36,148.34,135.1569,22622301
2019-05-30,148.75,149.58,147.04,147.93,134.7834,17739131
2019-05-31,146.19,146.84,145.32,145.86,132.8973,25411311
2019-06-03,146.13,147.205,145.33,146.37,133.362,26554490
2019-06-04,147.92,150.29,146.4238,150.16,136.8152,21217590
2019-06-05,150.76,150.885,148.61,150.19,136.8425,18184100
2019-06-06,150.12,150.52,148.31,149.8,136.4872,20772461
2019-06-07,150.35,151.51,150.02,150.86,137.453,17107471
2019-06-10,151.45,153.14,151.45,151.75,138.2639,18912301
2019-06-11,152.87,153.23,150.58,151.3,137.8539,15373040
2019-06-12,151.18,151.78,150.62,151.47,138.0088,11957590
2019-06-13,152.31,153.18,151.87,153.07,139.4666,14839360
2019-06-14,152.88,152.94,151.72,151.73,138.2457,16154770
2019-06-17,151.87,152.895,151.67,152.24,139.1993,12509310
2019-06-18,153.27,155.15,152.258,154.01,140.8177,22100750
2019-06-19,154.19,154.7025,153.4,154.56,141.3206,15625010
2019-06-20,156.05,156.22,154.44,155.29,141.9881,17595699
2019-06-21,155.13,155.17,153.61,153.95,140.7629,19854439
2019-06-24,154.36,154.41,152.0,152.08,139.053,24002609
2019-06-25,152.31,152.5,151.0,151.15,138.2027,17462150
2019-06-26,151.7,152.22,150.76,150.8,137.8827,15726890
2019-06-27,151.24,153.77,151.24,153.63,140.4703,22278430
2019-06-28,153.95,156.02,153.94,155.5,142.1801,35089879
2019-07-01,157.54,158.03,155.22,156.1,142.7287,23151311
2019-07-02,156.02,156.1175,154.26,155.15,141.8601,19024619
2019-07-03,155.6,156.34,155.17,156.26,142.875,9115116
2019-07-05,155.49,156.74,154.86,156.68,143.259,14156690
2019-07-08,156.21,156.48,154.89,155.19,141.8966,9735719
2019-07-09,154.54,155.43,154.48,155.4,142.0887,12381580
2019-07-10,156.2,156.56,154.85,155.67,142.3355,17325420
2019-07-11,155.89,155.94,154.215,154.91,141.6406,14260840
2019-07-12,155.14,156.67,154.88,156.11,142.7378,16678029
2019-07-15,156.56,156.59,154.85,155.29,141.9881,12194260
2019-07-16,155.13,156.2,154.67,155.24,141.9424,15152690
2019-07-17,155.24,155.34,153.73,154.13,140.9274,14155080
2019-07-18,154.08,155.01,153.73,154.71,141.4578,15746870
2019-07-19,154.94,155.43,153.82,153.82,140.644,17182650
2019-07-22,154.24,154.7,153.4,153.68,140.516,14481910
2019-07-23,154.28,154.72,153.54,154.7,141.4486,15493250
2019-07-24,154.29,157.45,154.12,157.26,143.7893,23823119
2019-07-25,157.18,157.24,155.09,155.36,142.0521,17902529
2019-07-26,155.58,157.415,155.5,157.2,143.7345,14260260
2019-07-29,157.19,157.36,155.6,156.15,142.7744,13192150
2019-07-30,155.06,157.84,154.71,157.84,144.3196,20743141
2019-07-31,157.78,159.23,155.55,156.56,143.1493,40445871
2019-08-01,156.88,158.17,153.59,154.29,141.0737,38070180
2019-08-02,153.35,153.75,151.28,152.58,139.5102,30148311
2019-08-05,149.78,149.915,146.2072,148.0,135.3225,39221520
2019-08-06,148.9,149.7,147.38,149.36,136.566,24283350
2019-08-07,147.92,149.71,146.69,149.32,136.5295,23952109
2019-08-08,150.15,152.63,149.99,152.54,139.4736,19415551
2019-08-09,152.09,152.15,150.03,150.62,137.7181,19313211
2019-08-12,149.81,150.12,148.33,148.67,135.9351,15962570
2019-08-13,148.34,151.79,147.67,150.27,137.3981,21952980
2019-08-14,147.95,147.98,145.72,146.07,133.5578,28235760
2019-08-15,146.62,146.67,144.791,145.49,133.0275,24281980
2019-08-16,146.14,148.91,146.11,148.63,135.8986,23945311
2019-08-19,150.32,150.89,149.95,150.13,137.2701,17031811
2019-08-20,149.92,150.01,148.99,149.15,136.374,13326670
2019-08-21,150.62,150.65,149.79,150.38,137.4987,13794630
2019-08-22,150.67,151.08,149.14,150.03,137.1786,12982210
2019-08-23,149.22,150.11,144.93,145.43,132.9727,36977680
2019-08-26,146.8,147.05,145.71,147.03,134.4356,19188189
2019-08-27,147.96,148.02,144.68,144.85,132.4424,24565211
2019-08-28,144.56,147.385,144.25,146.54,133.9876,20134650
2019-08-29,148.15,149.29,147.96,149.11,136.3374,18795180
2019-08-30,149.89,149.97,148.04,148.84,136.0906,18729080
2019-09-03,147.45,148.315,146.0,146.66,134.0973,20704420
2019-09-04,148.01,148.36,147.175,147.84,135.1762,13121040
2019-09-05,149.85,151.91,149.37,150.59,137.6907,25681631
2019-09-06,150.7,151.23,149.83,149.9,137.0598,14645860
2019-09-09,150.57,152.24,150.06,151.91,138.8976,25780080
2019-09-10,151.68,153.95,150.89,153.85,140.6714,29576180
2019-09-11,154.52,157.16,153.555,157.0,143.5516,42970551
2019-09-12,157.18,157.9,155.57,157.04,143.5882,38648320
2019-09-13,157.85,158.92,157.13,157.31,143.835,31042750
2019-09-16,156.97,158.75,156.7,157.9,144.3745,23242561
2019-09-17,157.36,157.575,156.45,157.49,143.9996,23025020
2019-09-18,157.48,157.5,155.065,156.52,143.1127,19845740
2019-09-19,156.8,157.82,155.525,155.76,142.4178,21945289
2019-09-20,155.64,156.65,154.45,155.43,142.1161,23570010
2019-09-23,154.86,155.95,154.56,155.31,142.0064,15461690
2019-09-24,155.15,155.29,151.84,152.43,139.863,28353080
2019-09-25,152.28,154.36,151.8,154.1,141.3953,22137080
2019-09-26,153.92,153.92,151.95,152.38,139.8171,21122199
2019-09-27,152.82,153.22,150.5,151.16,138.6977,20183250
2019-09-30,151.37,152.26,150.79,151.34,138.8628,18105221
2019-10-01,152.11,153.35,148.05,148.37,136.1377,34571406
2019-10-02,147.63,147.63,145.86,147.25,135.11,25066270
2019-10-03,146.69,147.94,144.93,147.74,135.5596,26257820
2019-10-04,147.99,149.25,147.12,149.14,136.8442,18821820
2019-10-07,148.78,150.07,148.12,148.88,136.6056,16064730
2019-10-08,147.42,147.93,146.11,146.46,134.3851,18411891
2019-10-09,147.54,147.6874,146.64,147.13,134.9999,11050860
2019-10-10,147.34,148.5,147.1,147.72,135.5413,16519949
2019-10-11,149.79,151.96,147.6865,150.22,137.8352,29572311
2019-10-14,149.91,150.3257,149.1,149.67,137.3305,10965120
2019-10-15,150.17,152.13,149.79,151.39,138.9087,18016650
2019-10-16,151.21,152.27,151.14,151.55,139.0555,13177580
2019-10-17,152.29,153.51,152.05,153.34,140.6979,13459920
2019-10-18,152.93,153.5,151.45,152.61,140.0281,14490900
2019-10-21,154.17,154.98,153.905,154.04,141.3402,17467260
2019-10-22,154.2,155.05,153.74,154.21,141.4962,12679860
2019-10-23,154.34,154.75,153.55,154.4,141.6705,8769357
2019-10-24,154.95,155.06,153.47,154.18,141.4687,8687064
2019-10-25,153.91,155.53,153.9,155.0,142.2211,10531480
2019-10-28,155.66,156.98,155.0061,156.34,143.4506,15392370
2019-10-29,156.01,157.34,155.86,156.85,143.9185,11978310
2019-10-30,156.79,156.81,155.28,156.33,143.4414,14451510
2019-10-31,156.1,156.1,154.24,155.45,142.634,17344199
2019-11-01,156.4,158.185,156.05,158.1,145.0655,18421561
2019-11-04,159.4,159.7,158.47,158.95,145.8454,16182050
2019-11-05,159.4,160.46,158.97,159.15,146.0289,13760240
2019-11-06,158.99,158.99,157.81,158.23,145.1848,16025460
2019-11-07,159.74,160.17,158.17,158.65,145.5701,13448930
2019-11-08,158.28,159.27,157.95,159.08,145.9647,11985670
2019-11-11,158.03,158.9,157.88,158.78,145.6894,10525670
2019-11-12,158.93,159.88,158.485,158.83,145.7353,14316890
2019-11-13,157.74,158.5,157.19,158.15,145.1114,14697830
2019-11-14,157.93,158.91,157.7938,158.1,145.0655,13134820
2019-11-15,159.23,159.29,158.35,158.92,145.8179,13121680
2019-11-18,158.72,158.74,157.94,158.52,145.4509,10780160
2019-11-19,159.11,159.7,158.31,159.11,145.9922,15212220
2019-11-20,158.55,159.595,157.26,158.51,145.4417,21332221
2019-11-21,158.82,158.89,157.23,157.73,144.726,15388320
2019-11-22,158.31,158.54,157.35,158.22,145.1756,13482390
2019-11-25,159.03,161.83,158.89,161.58,148.2586,24776400
2019-11-26,161.75,162.54,161.29,161.69,148.3595,15516610
2019-11-27,162.38,162.93,162.08,162.83,149.4055,13222450
2019-11-29,162.41,162.795,161.67,161.77,148.4329,9988199
2019-12-02,162.15,162.21,159.91,160.19,146.9832,17242020
2019-12-03,158.82,160.1183,158.1,159.68,146.5152,14993050
2019-12-04,160.5,161.22,160.3,160.78,147.5245,10842080
2019-12-05,161.47,161.65,160.45,160.94,147.6713,11488960
2019-12-06,162.59,163.41,162.5,162.82,149.3964,16486580
2019-12-09,162.75,163.155,162.39,162.51,149.1119,13871130
2019-12-10,162.41,162.96,161.94,162.61,149.2037,13878180
2019-12-11,162.88,163.08,161.95,162.56,149.1578,19631240
2019-12-12,162.75,165.1,162.25,163.96,150.4424,24875100
2019-12-13,163.73,164.81,162.55,163.33,149.8643,23279090
2019-12-16,164.06,164.845,163.735,163.88,150.9206,20125180
2019-12-17,164.14,164.7,163.695,164.7,151.6758,12990060
2019-12-18,165.06,165.28,164.32,165.02,151.9705,15459710
2019-12-19,165.28,165.73,164.88,165.73,152.6243,11931270
2019-12-20,166.15,166.41,165.72,165.97,152.8453,25456090
2019-12-23,166.24,166.36,165.36,166.3,153.1492,13378600
2019-12-24,166.45,166.7,166.04,166.68,153.4992,4334517
2019-12-26,166.83,166.98,166.36,166.68,153.4992,9388339
2019-12-27,167.12,167.12,165.43,165.86,152.744,12264810
2019-12-30,165.98,166.205,164.57,165.44,152.3572,14913100
2019-12-31,165.08,166.35,164.71,165.67,152.5691,17368500
2020-01-02,166.74,166.75,164.2299,165.78,152.6704,18298020
2020-01-03,163.74,165.41,163.7,165.13,152.0718,19309350
2020-01-06,163.85,165.54,163.54,165.35,152.2744,17180141
2020-01-07,164.85,165.335,164.21,164.8,151.7678,11951250
2020-01-08,164.82,166.025,164.72,165.31,152.2375,13836960
2020-01-09,166.12,166.45,165.26,165.51,152.4217,11912370
2020-01-10,165.55,165.69,164.2,164.89,151.8507,15364090
2020-01-13,164.94,166.04,164.07,165.96,152.8361,17284920
2020-01-14,165.14,167.59,164.98,166.57,153.3979,18347619
2020-01-15,166.15,167.95,166.14,167.37,154.1346,15437160
2020-01-16,168.59,169.865,168.43,169.53,156.1238,19976240
2020-01-17,170.28,170.5586,168.67,169.07,155.7002,18306381
2020-01-21,168.36,168.9905,167.27,167.67,154.4109,17935109
2020-01-22,168.19,168.62,167.18,167.56,154.3096,14916350
2020-01-23,167.1,167.965,165.45,167.45,154.2083,15954270
2020-01-24,168.01,168.01,164.23,165.39,152.3112,20491381
2020-01-27,162.85,164.49,162.42,163.51,150.5799,18539051
2020-01-28,164.5,165.4,163.4901,164.87,151.8323,16690369
2020-01-29,165.1,165.56,163.9,163.93,150.9666,14968790
2020-01-30,162.84,164.135,161.93,163.93,150.9666,21889660
2020-01-31,163.32,163.9195,160.03,160.53,147.8355,30439039
2020-02-03,161.6,162.93,161.49,162.32,149.484,17403641
2020-02-04,164.31,165.31,164.16,164.77,151.7402,15994180
2020-02-05,166.48,167.53,165.685,167.31,154.0794,17807020
2020-02-06,167.89,168.15,166.76,166.93,153.7294,14768880
2020-02-07,166.29,166.36,164.4,164.88,151.8415,18029619
2020-02-10,164.56,165.89,164.46,165.81,152.698,11428810
2020-02-11,166.79,167.96,166.2679,166.96,153.757,15005570
2020-02-12,168.02,168.29,167.28,168.11,154.8161,12122960
2020-02-13,167.22,168.95,167.11,168.55,155.2213,12649270
2020-02-14,168.7,168.78,167.34,167.9,154.6227,16006200
2020-02-18,167.5,168.06,166.43,167.54,154.2912,13422380
2020-02-19,168.17,169.14,167.5344,168.4,155.0832,11084640
2020-02-20,167.9,169.105,166.59,168.81,155.4607,20383830
2020-02-21,168.15,168.628,166.3295,167.1,153.886,18730730
2020-02-24,161.86,167.0623,161.095,162.07,149.2537,28239500
2020-02-25,162.52,162.76,155.96,156.31,143.9492,45046969
2020-02-26,157.05,158.49,154.215,154.5,142.2824,39589898
2020-02-27,151.35,155.01,148.815,149.06,137.2725,50530281
2020-02-28,144.85,149.1325,143.91,146.33,134.7584,72757680
2020-03-02,147.97,151.23,145.39,151.03,139.0868,33569320
2020-03-03,151.09,154.2,146.31,147.95,136.2503,42941281
2020-03-04,150.28,152.45,148.52,152.16,140.1274,36195809
2020-03-05,148.84,152.4823,145.485,147.32,135.6701,32729430
2020-03-06,142.71,145.98,140.99,144.4,132.9811,39688312
2020-03-09,134.13,136.17,130.26,130.36,120.0513,56319961
2020-03-10,134.71,134.8,128.02,134.43,123.7995,54432660
2020-03-11,130.92,132.27,124.17,125.88,115.9256,51521246
2020-03-12,116.77,119.9,111.6,111.97,103.1156,70114289
2020-03-13,118.31,119.96,109.55,119.47,110.0225,57915121
2020-03-16,108.62,111.3,101.43,103.62,95.4259,59095688
2020-03-17,104.96,110.5,100.61,108.37,99.8003,59344832
2020-03-18,103.05,106.775,96.25,99.97,92.0645,62296688
2020-03-19,99.66,106.8,95.69,103.87,95.6561,62654660
2020-03-20,106.12,108.76,100.45,101.4,93.3814,76203727
2020-03-23,101.9,102.18,95.91,99.9,92.0,63534699
2020-03-24,105.37,109.33,99.9337,109.04,100.4173,73386688
2020-03-25,109.48,114.0,106.02,109.97,101.6653,56043672
2020-03-26,111.54,117.6,111.2,116.81,107.9888,51657559
2020-03-27,112.25,116.02,110.87,112.56,104.0597,39931488
2020-03-30,113.24,115.26,110.8,115.04,106.3524,41552121
2020-03-31,114.6,116.17,111.955,114.46,105.8162,52948047
2020-04-01,108.7,110.38,105.525,106.66,98.6053,54224230
2020-04-02,105.72,110.39,104.565,107.67,99.539,43774152
2020-04-03,106.59,108.0,102.6,104.62,96.7193,42189238
2020-04-06,109.09,113.34,109.02,112.63,104.1244,48367200
2020-04-07,116.88,118.64,112.39,112.92,104.3925,57546078
2020-04-08,114.88,119.24,113.2856,118.07,109.1536,52822246
2020-04-09,121.92,124.61,121.325,123.72,114.377,69666430
2020-04-13,122.85,123.51,119.115,120.37,111.2799,40198160
2020-04-14,123.9,124.88,121.3,122.81,113.5357,35089738
2020-04-15,117.86,119.11,116.66,117.8,108.904,34809848
2020-04-16,118.09,118.42,114.555,116.91,108.0812,49501273
2020-04-17,121.9,122.72,120.06,122.06,112.8423,46250180
2020-04-20,119.59,122.9,119.04,120.62,111.5111,36700539
2020-04-21,117.42,119.24,116.48,117.74,108.8485,31608900
2020-04-22,120.32,120.99,118.77,119.17,110.1706,24407189
2020-04-23,120.11,122.9,119.68,120.34,111.2522,38571207
2020-04-24,121.53,123.32,120.09,122.41,113.1659,27155770
2020-04-27,123.95,128.44,123.86,127.26,117.6496,39021246
2020-04-28,131.12,131.46,127.28,129.11,119.3599,47292711
2020-04-29,133.49,136.845,131.875,135.46,125.2304,50390527
2020-04-30,131.9,132.94,130.14,130.31,120.4693,43727520
2020-05-01,127.15,127.46,123.29,125.14,115.6897,43352039
2020-05-04,123.6,125.9,122.25,125.68,116.1889,28498221
2020-05-05,128.07,129.92,126.1,126.65,117.0857,31209381
2020-05-06,127.49,128.2,125.0,125.72,116.2259,29836760
2020-05-07,127.39,128.5,126.55,127.44,117.816,27492980
2020-05-08,130.16,132.75,129.19,132.36,122.3645,32162029
2020-05-11,130.41,132.95,129.332,131.7,121.7543,33983191
2020-05-12,132.26,132.29,126.84,126.97,117.3815,44275312
2020-05-13,125.65,126.08,120.41,122.72,113.4525,58719328
2020-05-14,119.97,123.27,117.18,123.12,113.8223,55904273
2020-05-15,122.01,125.53,121.46,125.08,115.6343,40236633
2020-05-18,131.45,133.39,130.83,132.68,122.6603,47075367
2020-05-19,132.22,133.45,130.055,130.06,120.2382,30269949
2020-05-20,132.73,134.98,132.3826,134.0,123.8806,35901352
2020-05-21,134.05,135.06,132.5787,134.24,124.1025,32716510
2020-05-22,134.67,135.05,133.02,134.89,124.7034,24035240
2020-05-26,140.09,140.375,134.9893,138.78,128.2997,36971000
2020-05-27,141.57,143.5,137.33,143.09,132.2842,42681969
2020-05-28,144.74,144.74,137.58,139.7,129.1502,42164070
2020-05-29,138.3,139.28,136.41,138.9,128.4106,41628793
2020-06-01,139.26,141.67,138.61,140.23,129.6402,25664211
2020-06-02,141.07,141.855,139.56,141.39,130.7126,24666240
2020-06-03,143.67,146.07,143.11,144.8,133.865,36111711
2020-06-04,143.84,145.6,143.182,144.59,133.6709,28904721
2020-06-05,150.86,152.315,149.55,150.18,138.8388,53513379
2020-06-08,152.35,153.39,151.63,153.09,141.529,33834301
2020-06-09,150.86,151.77,149.06,150.26,138.9127,39645961
2020-06-10,150.09,150.26,145.9,146.18,135.1408,51774512
2020-06-11,140.15,141.0323,134.77,135.03,124.8328,72041445
2020-06-12,140.33,141.02,134.15,138.27,127.8282,63864887
2020-06-15,133.28,142.06,133.28,140.99,130.7835,57354793
2020-06-16,146.69,146.69,141.03,144.38,133.9281,48957020
2020-06-17,144.59,144.99,141.32,141.77,131.5071,34811398
2020-06-18,140.37,143.31,139.81,141.72,131.4607,26974061
2020-06-19,144.42,144.51,139.84,140.99,130.7835,50293840
2020-06-22,140.24,142.56,138.83,142.4,132.0915,28983240
2020-06-23,144.32,144.66,142.65,143.0,132.648,20344160
2020-06-24,141.1,141.6,136.31,138.36,128.3439,42998648
2020-06-25,137.71,140.58,136.29,140.45,130.2826,37191199
2020-06-26,139.48,139.83,136.49,136.67,126.7763,39100059
2020-06-29,138.71,141.985,137.1,141.14,130.9227,33935238
2020-06-30,140.67,143.62,140.59,143.18,132.815,32865852
2020-07-01,143.65,144.51,141.24,141.82,131.5534,26457471
2020-07-02,144.56,145.28,141.8909,142.4,132.0915,24022381
2020-07-06,145.32,145.6966,142.93,143.43,133.0469,19858180
2020-07-07,142.18,143.435,140.48,140.89,130.6908,22661051
2020-07-08,140.76,142.5,139.1,141.94,131.6648,27358920
2020-07-09,142.02,142.35,137.24,139.07,129.0025,34647848
2020-07-10,139.14,141.5,138.455,141.31,131.0804,24008199
2020-07-13,142.8,144.64,139.39,139.52,129.4199,34235500
2020-07-14,139.43,141.98,138.64,141.83,131.5627,28113961
2020-07-15,145.42,147.78,144.79,147.03,136.3863,40770078
2020-07-16,146.11,146.67,144.88,146.16,135.5793,30530811
2020-07-17,146.68,147.59,145.51,146.59,135.9781,20644131
2020-07-20,146.12,146.85,145.15,145.96,135.3937,19663340
2020-07-21,147.47,149.16,147.2,148.03,137.3139,24544750
2020-07-22,147.09,148.67,147.03,148.11,137.3881,24424811
2020-07-23,147.98,150.2,146.7,148.26,137.5272,21704891
2020-07-24,147.29,147.665,145.56,146.08,135.5051,20015551
2020-07-27,146.19,147.69,145.39,147.6,136.915,13370650
2020-07-28,147.07,148.04,146.06,146.13,135.5514,13268010
2020-07-29,147.0,149.4486,146.98,149.35,138.5383,19864420
2020-07-30,147.14,149.12,146.33,148.76,137.9911,23618910
2020-07-31,148.14,148.42,144.67,147.36,136.6924,29936500
2020-08-03,148.29,149.97,147.22,149.76,138.9187,20777070
2020-08-04,149.39,150.93,149.045,150.79,139.8741,20285000
2020-08-05,152.29,153.89,151.78,153.79,142.6569,18526869
2020-08-06,153.8,154.44,152.91,153.73,142.6013,18237750
2020-08-07,153.45,156.25,153.15,156.17,144.8646,20475160
2020-08-10,156.65,158.83,156.65,157.79,146.3674,24000500
2020-08-11,159.27,159.82,156.16,156.88,145.5232,30359381
2020-08-12,158.67,158.89,156.49,157.52,146.1169,23402789
2020-08-13,156.99,158.53,156.65,157.19,145.8108,15799880
2020-08-14,156.28,157.7585,155.87,157.09,145.718,13360920
2020-08-17,157.5,158.03,156.74,157.9,146.4694,9744151
2020-08-18,157.85,157.85,155.71,156.39,145.0687,14647530
2020-08-19,156.93,158.04,156.19,156.4,145.078,14337270
2020-08-20,154.8,156.485,154.54,155.76,144.4843,15413010
2020-08-21,155.15,155.7178,153.6,154.61,143.4176,20685119
2020-08-24,155.86,156.27,154.33,156.23,144.9203,13707140
2020-08-25,156.81,156.82,154.79,156.4,145.078,16269660
2020-08-26,156.5,156.77,155.1822,155.42,144.1689,13772730
2020-08-27,156.12,157.0,154.6301,155.8,144.5214,17508369
2020-08-28,156.6,157.2,155.73,157.12,145.7459,12371400
2020-08-31,157.19,157.37,155.3,155.43,144.1782,17051510
2020-09-01,155.22,157.31,154.45,157.21,145.8293,15654140
2020-09-02,157.96,158.98,156.175,158.46,146.9889,16763449
2020-09-03,158.12,158.29,152.96,153.78,142.6476,32117590
2020-09-04,155.71,155.89,149.29,152.8,141.7386,30618779
2020-09-08,151.18,152.48,149.0,149.86,139.0114,26447779
2020-09-09,151.43,152.7787,150.57,152.13,141.1171,19254449
2020-09-10,152.83,153.875,150.055,150.15,139.2804,23005490
2020-09-11,150.92,151.05,147.675,149.15,138.3528,20850990
2020-09-14,150.59,153.43,150.37,153.08,141.9983,21991289
2020-09-15,154.38,154.695,152.86,153.37,142.2673,16175460
2020-09-16,154.11,156.85,153.84,154.82,143.6124,22210881
2020-09-17,152.62,154.4,151.75,153.69,142.5642,20002881
2020-09-18,153.98,155.29,151.14,153.29,142.1931,38352762
2020-09-21,149.82,150.255,146.33,147.92,137.2119,40652520
2020-09-22,148.65,149.3,146.56,149.06,138.2693,19385789
2020-09-23,148.41,149.43,143.98,144.07,134.15,33403391
2020-09-24,144.04,146.53,142.09,144.07,134.15,31723750
2020-09-25,143.44,146.85,143.35,146.41,136.3288,20689270
2020-09-28,148.37,150.44,146.404,150.02,139.6903,17600900
2020-09-29,149.85,150.28,148.0,149.34,139.0571,18703039
2020-09-30,149.9,151.97,148.49,149.79,139.4761,29073750
2020-10-01,150.81,152.2,149.49,152.18,141.7015,25871961
2020-10-02,149.41,153.58,148.99,152.85,142.3254,29451990
2020-10-05,154.49,157.305,154.48,157.07,146.2548,18553609
2020-10-06,158.5,161.01,156.34,156.62,145.8358,36347980
2020-10-07,158.59,160.56,158.4638,160.04,149.0203,27049660
2020-10-08,161.72,162.28,160.58,161.86,150.715,37278551
2020-10-09,163.35,163.71,161.805,162.7,151.4972,25038061
2020-10-12,163.4,164.24,162.6,163.79,152.5121,20336189
2020-10-13,162.52,163.22,161.48,162.7,151.4972,20106461
2020-10-14,163.01,163.909,160.935,161.09,149.998,19063420
2020-10-15,159.29,163.18,158.81,162.75,151.5437,22865141
2020-10-16,163.21,163.7,162.31,162.35,151.1713,17643680
2020-10-19,162.88,164.03,160.03,160.41,149.3648,18360609
2020-10-20,161.56,162.45,160.34,160.76,149.6907,18927699
2020-10-21,160.87,161.365,159.29,159.38,148.4058,17504061
2020-10-22,160.14,162.19,159.18,162.13,150.9664,20673930
2020-10-23,163.07,163.33,161.25,163.07,151.8417,20889840
2020-10-26,160.92,161.37,157.38,159.55,148.5641,26509949
2020-10-27,159.45,160.06,157.94,158.18,147.2884,20523010
2020-10-28,154.66,155.44,153.045,153.31,142.7537,32338740
2020-10-29,152.77,155.79,151.67,155.14,144.4577,27203170
2020-10-30,154.32,155.28,151.39,153.09,142.5489,31732990
2020-11-02,154.77,155.89,153.665,155.82,145.0909,25252100
2020-11-03,158.43,161.2301,158.06,160.24,149.2066,30257381
2020-11-04,157.75,162.35,157.71,160.42,149.3742,45226281
2020-11-05,162.01,165.58,161.91,164.91,153.555,31910990
2020-11-06,165.62,165.71,163.3,163.62,152.3538,24930391
2020-11-09,176.95,178.1,169.33,169.55,157.8755,55052699
2020-11-10,171.2,173.33,169.75,172.7,160.8086,35492160
2020-11-11,173.34,173.48,170.86,172.63,160.7434,23972641
2020-11-12,171.4,172.6383,168.34,169.98,158.2759,34011359
2020-11-13,171.35,174.1264,171.31,173.5,161.5535,25494211
2020-11-16,176.49,177.78,175.4,177.63,165.3992,31812260
2020-11-17,176.04,178.8,174.28,178.46,166.172,26154529
2020-11-18,178.94,179.715,175.86,175.96,163.8441,24377840
2020-11-19,175.65,177.59,175.07,177.31,165.1012,20187600
2020-11-20,176.67,177.94,175.83,177.5,165.2781,24898770
2020-11-23,179.25,181.99,178.73,180.82,168.3695,24816039
2020-11-24,183.39,185.44,182.36,184.22,171.5354,34945398
2020-11-25,183.5,184.3105,181.89,183.59,170.9488,21082750
2020-11-27,183.72,184.49,183.22,184.37,171.6751,10384410
2020-11-30,183.82,184.32,180.32,181.02,168.5557,25481590
2020-12-01,183.595,184.22,181.0218,182.7,170.1201,30324340
2020-12-02,181.95,183.48,180.76,182.89,170.297,20142801
2020-12-03,183.34,185.18,182.94,183.92,171.2561,19603551
2020-12-04,185.02,188.45,183.9203,188.2,175.2413,24415711
2020-12-07,188.23,188.9528,187.44,188.38,175.409,14671510
2020-12-08,187.12,190.98,187.08,190.8,177.6623,20165590
2020-12-09,192.02,192.81,187.9,189.41,176.368,29507619
2020-12-10,187.76,191.65,187.305,191.24,178.072,21245289
2020-12-11,189.99,191.72,188.3,190.3,177.1968,30864990
2020-12-14,191.96,193.12,189.88,189.93,177.4041,32237660
2020-12-15,191.76,194.9,190.73,194.68,181.8408,26906350
2020-12-16,195.13,195.21,192.96,193.98,181.187,25484650
2020-12-17,194.73,196.38,194.055,196.29,183.3447,23834150
2020-12-18,196.61,197.83,194.8,195.34,182.4573,37033379
2020-12-21,191.9,195.78,191.48,195.24,182.3639,30872961
2020-12-22,195.99,197.72,195.39,197.46,184.4375,22031439
2020-12-23,198.57,199.645,197.9045,199.14,186.0067,18392051
2020-12-24,199.93,199.94,198.06,199.01,185.8853,8904865
2020-12-28,201.16,201.18,198.13,198.27,185.1941,27168439
2020-12-29,198.64,199.0,193.44,194.43,181.6073,33901262
2020-12-30,195.05,197.48,195.025,196.41,183.4568,20595689
2020-12-31,196.62,196.8399,194.62,196.06,183.1298,24747750
2021-01-04,197.54,197.89,190.94,193.5,180.7387,33664238
2021-01-05,193.09,197.615,193.07,196.49,183.5315,27442949
2021-01-06,199.48,206.78,199.16,204.53,191.0412,52952238
2021-01-07,205.71,208.52,205.7,208.17,194.4412,24031400
2021-01-08,209.32,209.77,204.6581,207.72,194.0209,29016980
2021-01-11,205.09,208.12,204.83,207.54,193.8527,21000529
2021-01-12,208.52,211.39,208.49,211.26,197.3274,24892230
2021-01-13,211.43,211.73,209.19,209.75,195.917,22782230
2021-01-14,211.24,215.0,211.13,213.94,199.8306,33913727
2021-01-15,210.81,213.9553,208.26,210.75,196.851,41043473
2021-01-19,213.34,213.61,211.72,213.45,199.373,19744311
2021-01-20,214.36,215.98,213.07,214.39,200.251,25385051
2021-01-21,214.97,215.155,211.95,212.53,198.5136,21236920
2021-01-22,210.49,215.33,209.55,215.0,200.8207,24800221
2021-01-25,214.93,217.91,211.6,214.79,200.6246,33984992
2021-01-26,216.3,216.69,212.77,213.3,199.2329,23969820
2021-01-27,209.5,212.985,207.29,209.39,195.5807,45830273
2021-01-28,210.84,212.37,207.63,208.72,194.9549,32202539
2021-01-29,209.73,210.99,204.84,205.56,192.0033,40591922
2021-02-01,208.17,211.57,205.76,210.61,196.7203,26375100
2021-02-02,213.15,214.05,210.89,213.61,199.5224,22773109
2021-02-03,213.7,214.74,211.59,214.25,200.1202,23923240
2021-02-04,215.09,218.83,215.08,218.62,204.202,25400830
2021-02-05,220.94,221.84,218.77,221.65,207.0322,23338801
2021-02-08,223.79,227.33,223.4019,227.31,212.3189,20831471
2021-02-09,227.13,229.62,226.31,228.38,213.3183,19510939
2021-02-10,229.92,230.315,224.945,226.88,211.9173,27955439
2021-02-11,228.14,229.0,223.42,226.62,211.6744,25847590
2021-02-12,225.93,227.74,224.64,227.26,212.2722,17440189
2021-02-16,229.47,229.63,224.79,225.83,210.9365,22999510
2021-02-17,223.61,224.74,220.96,224.06,209.2832,25163199
2021-02-18,222.34,222.9,219.385,220.59,206.0421,24501510
2021-02-19,222.46,226.3,222.17,225.19,210.3387,31238160
2021-02-22,223.51,226.385,222.98,223.73,208.975,23272100
2021-02-23,220.96,222.975,215.56,221.76,207.1349,38646781
2021-02-24,222.62,227.45,221.71,227.0,212.0293,27584920
2021-02-25,226.79,227.585,218.01,218.61,204.1927,49961441
2021-02-26,219.515,222.23,214.81,218.31,203.9124,47734238
2021-03-01,223.48,226.71,222.94,226.07,211.1607,26160990
2021-03-02,225.79,225.96,221.55,221.72,207.0976,26895439
2021-03-03,222.42,224.26,219.21,219.32,204.8558,33407621
2021-03-04,218.51,220.685,209.43,213.19,199.1301,59126461
2021-03-05,216.89,218.15,207.21,217.71,203.352,53204281
2021-03-08,219.36,222.27,217.67,218.74,204.3141,40619719
2021-03-09,222.41,224.99,220.92,223.34,208.6107,32247279
2021-03-10,225.6,228.97,225.2,227.22,212.2348,36812000
2021-03-11,229.55,232.28,228.79,232.22,216.9051,25256670
2021-03-12,231.99,234.15,231.37,233.59,218.1847,23732180
2021-03-15,233.34,234.53,231.91,234.42,218.96,21543170
2021-03-16,234.02,234.09,229.12,230.5,215.2985,24675010
2021-03-17,228.97,232.82,227.36,232.31,216.9891,29422580
2021-03-18,230.8,232.93,224.61,225.24,210.3854,35726301
2021-03-19,224.57,228.6,222.95,226.94,211.9733,40855633
2021-03-22,227.68,228.1,224.1,225.23,210.3761,26128439
2021-03-23,223.16,223.86,216.03,217.06,202.7449,43660719
2021-03-24,219.86,221.33,212.04,212.04,198.056,47270219
2021-03-25,209.34,217.52,208.03,216.66,202.7518,59244566
2021-03-26,218.96,220.68,215.96,220.61,206.4483,34452566
2021-03-29,219.01,220.93,214.08,214.4,200.6369,38078840
2021-03-30,214.39,218.68,213.1399,218.01,204.0152,36205449
2021-03-31,219.17,222.3999,219.12,220.94,206.7571,34800090
2021-04-01,222.4,223.9,222.02,223.74,209.3773,29799199
2021-04-05,226.4,226.535,223.57,224.97,210.5284,27826551
2021-04-06,225.0,226.69,223.84,224.31,209.9108,24907760
2021-04-07,224.23,224.37,219.94,220.69,206.5231,26233699
2021-04-08,221.84,222.82,219.39,222.56,208.2731,23989439
2021-04-09,222.49,223.09,221.24,222.59,208.3012,23267369
2021-04-12,222.72,222.93,220.4,221.72,207.487,20533910
2021-04-13,221.48,222.57,218.83,221.14,206.9442,24608359
2021-04-14,221.87,226.0,221.8,223.32,208.9843,27361961
2021-04-15,225.09,225.12,222.26,224.29,209.892,20587330
2021-04-16,225.4,225.678,223.01,224.65,210.2289,23942971
2021-04-19,223.71,224.6571,219.94,221.73,207.4964,25285930
2021-04-20,220.77,221.6165,215.24,217.19,203.2478,35570762
2021-04-21,217.02,222.62,215.5,222.5,208.2169,31147779
2021-04-22,223.26,225.33,220.78,221.58,207.356,31943660
2021-04-23,222.82,226.65,222.02,225.76,211.2677,28409680
2021-04-26,227.0,228.69,226.75,228.11,213.4668,19069180
2021-04-27,228.71,229.39,227.51,228.45,213.785,19648109
2021-04-28,228.08,229.49,227.1,228.84,214.15,16222740
2021-04-29,230.85,230.95,225.79,227.99,213.3545,25500340
2021-04-30,225.72,227.8,224.14,224.89,210.4535,27005990
2021-05-03,227.21,227.407,224.92,225.99,211.4829,18693359
2021-05-04,224.6,226.1447,220.955,223.29,208.9562,26892740
2021-05-05,224.28,224.54,221.36,222.4,208.1234,25139500
2021-05-06,222.65,222.81,218.64,222.59,208.3012,27647250
2021-05-07,222.66,225.93,222.16,225.39,210.9214,26172680
2021-05-10,225.23,225.67,219.59,219.66,205.5593,28109131
2021-05-11,214.92,220.3888,214.42,218.96,204.9042,39519520
2021-05-12,217.1,218.77,211.54,211.85,198.2506,42113398
2021-05-13,213.31,217.44,211.8,215.75,201.9002,37739887
2021-05-14,217.94,221.41,215.678,221.02,206.8319,25070400
2021-05-17,219.78,221.39,217.9,221.32,207.1127,19998520
2021-05-18,221.39,223.24,219.47,219.64,205.5405,24564500
2021-05-19,216.03,218.16,214.05,217.95,203.959,31202830
2021-05-20,218.27,219.87,216.33,219.4,205.3159,24932750
2021-05-21,221.33,222.37,219.3497,219.97,205.8494,24213721
2021-05-24,221.18,222.45,220.0,221.4,207.1876,18324180
2021-05-25,222.23,223.71,219.19,219.26,205.1849,20514900
2021-05-26,220.13,223.69,220.12,223.35,209.0124,20388240
2021-05-27,225.04,226.36,224.18,225.65,211.1647,21225721
2021-05-28,227.08,227.18,225.05,225.5,211.0244,20668439
2021-06-01,227.46,228.5598,225.96,228.06,213.42,23081520
2021-06-02,228.91,228.92,226.825,228.33,213.6727,18927551
2021-06-03,226.82,227.62,224.04,226.42,211.8853,24811510
2021-06-04,227.56,228.055,226.21,227.4,212.8024,19395789
2021-06-07,227.89,230.775,227.2494,230.45,215.6566,24049859
2021-06-08,231.21,233.4818,229.98,232.89,217.94,27770311
2021-06-09,233.54,233.64,230.98,231.34,216.4895,18700650
2021-06-10,231.68,232.18,228.71,229.28,214.884,29068990
2021-06-11,230.3,231.8,230.07,231.7,217.1521,16707150
2021-06-14,232.31,233.35,230.14,231.02,216.5148,19182830
2021-06-15,231.12,231.47,228.475,230.36,215.8962,17039891
2021-06-16,229.7,230.68,227.64,229.87,215.437,24526980
2021-06-17,229.24,230.2,224.52,227.29,213.019,48292461
2021-06-18,223.7,225.7375,221.13,222.13,208.183,54023727
2021-06-21,224.05,227.5,223.28,226.88,212.6347,26736350
2021-06-22,226.27,228.41,224.72,227.91,213.6,21188551
2021-06-23,227.99,229.96,227.99,228.66,214.303,22387480
2021-06-24,230.12,231.91,228.7152,231.89,217.3302,21732461
2021-06-25,232.29,233.41,231.75,232.28,217.6957,27619029
2021-06-28,232.24,232.59,228.77,230.44,215.9712,25005990
2021-06-29,231.23,231.73,228.77,229.34,214.9403,18844311
2021-06-30,228.65,230.32,227.76,229.37,214.9684,26039029
2021-07-01,230.81,231.85,229.71,231.39,216.8615,18089141
2021-07-02,232.0,232.08,228.56,229.19,214.7997,21029730
2021-07-06,229.36,229.46,223.87,225.86,211.6788,27771270
2021-07-07,225.54,226.67,221.8,223.76,209.7106,28521449
2021-07-08,219.31,224.075,217.85,221.7,207.78,42297879
2021-07-09,224.16,226.45,223.34,226.38,212.1661,23976350
2021-07-12,225.56,226.8881,224.55,226.57,212.3442,16831029
2021-07-13,225.23,225.74,222.22,222.3,208.3423,25357529
2021-07-14,223.71,224.355,218.55,218.87,205.1276,30594070
2021-07-15,217.83,219.0598,214.94,217.63,203.9655,45476980
2021-07-16,219.83,219.88,214.47,214.95,201.4538,36620207
2021-07-19,210.63,214.445,209.05,211.73,198.436,58570961
2021-07-20,212.2,219.27,211.26,218.3,204.5934,40794551
2021-07-21,219.45,222.22,219.36,222.06,208.1174,28278730
2021-07-22,221.47,221.9255,217.58,218.53,204.809,32878961
2021-07-23,219.87,219.95,216.91,219.55,205.765,23660330
2021-07-26,220.39,222.05,219.15,220.19,206.3648,22194199
2021-07-27,219.01,219.08,215.3819,217.62,203.9561,35063566
2021-07-28,219.0,222.59,217.4,220.82,206.9552,33043691
2021-07-29,222.79,224.435,222.14,222.52,208.5485,22634840
2021-07-30,221.65,224.05,220.275,221.05,207.1708,28473020
2021-08-02,222.47,224.55,219.64,219.95,206.1398,24192609
2021-08-03,220.62,221.12,217.1,220.86,206.9927,27798641
2021-08-04,219.1,221.2,217.89,218.11,204.4154,25588461
2021-08-05,219.09,222.435,218.68,222.03,208.0892,23915221
2021-08-06,223.75,225.21,222.14,223.39,209.3638,24429221
2021-08-09,222.92,223.19,221.21,222.16,208.2111,17225600
2021-08-10,222.64,223.22,221.19,222.6,208.6234,22681590
2021-08-11,223.02,223.73,220.47,223.69,209.645,25691279
2021-08-12,223.76,223.84,221.71,223.16,209.1483,23305189
2021-08-13,222.98,223.3,220.7,221.13,207.2457,20813670
2021-08-16,219.77,220.26,217.65,219.07,205.3151,24120029
2021-08-17,216.66,217.44,213.75,216.4,202.8127,35161520
2021-08-18,216.1,218.04,214.37,214.51,201.0414,29102340
2021-08-19,212.43,214.07,210.6825,211.94,198.6328,38119879
2021-08-20,212.1,216.02,211.42,215.52,201.988,31759529
2021-08-23,217.48,219.94,217.44,219.62,205.8306,25778830
2021-08-24,220.32,221.92,219.69,221.78,207.8549,18677900
2021-08-25,221.77,223.9699,220.85,222.56,208.586,21548029
2021-08-26,222.14,223.16,219.74,220.2,206.3741,22380330
2021-08-27,220.65,227.025,220.57,226.41,212.1942,33998461
2021-08-30,227.25,227.35,224.98,225.48,211.3226,20733340
2021-08-31,225.24,226.609,224.33,225.92,211.735,20839801
2021-09-01,226.83,228.24,224.87,227.44,213.1596,20451510
2021-09-02,228.33,229.84,227.6,229.02,214.6404,22849900
2021-09-03,228.25,228.97,227.19,227.96,213.6469,18252369
2021-09-07,227.72,229.0,226.2549,226.39,212.1755,19153391
2021-09-08,225.61,225.97,222.63,223.92,209.8606,25241520
2021-09-09,223.54,226.285,222.962,223.81,209.7575,27180480
2021-09-10,225.16,225.29,221.52,221.62,207.705,24366131
2021-09-13,223.21,223.38,220.25,222.88,208.8859,34693059
2021-09-14,223.75,223.77,219.07,220.04,206.2242,30312551
2021-09-15,220.02,222.74,219.46,222.03,208.0892,27572010
2021-09-16,222.26,223.34,220.26,222.19,208.2392,22369029
2021-09-17,221.62,223.03,220.64,222.48,208.511,39957578
2021-09-20,217.45,218.99,214.22,217.19,203.5531,44958527
2021-09-21,218.77,219.29,215.82,217.52,203.8624,26711160
2021-09-22,218.88,222.55,218.87,220.9,207.0302,32100320
2021-09-23,222.18,225.645,221.56,224.81,210.6947,31057850
2021-09-24,223.02,224.355,221.84,223.05,209.6785,28866029
2021-09-27,223.62,227.675,223.53,226.44,212.8653,29743230
2021-09-28,225.41,225.6,220.85,221.29,208.024,39938160
2021-09-29,222.27,222.66,220.17,220.82,207.5822,23628859
2021-09-30,222.12,222.61,218.6,218.75,205.6363,33153551
2021-10-01,219.95,223.5,217.74,222.28,208.9547,32647020
2021-10-04,222.14,222.32,218.93,220.26,207.0557,32580240
2021-10-05,220.96,223.06,219.88,221.02,207.7702,20407609
2021-10-06,218.76,220.2,216.76,219.87,206.6891,32893270
2021-10-07,221.53,224.95,221.37,223.26,209.8759,24289330
2021-10-08,223.39,224.11,221.5,221.58,208.2966,17989561
2021-10-11,221.83,223.55,220.25,220.31,207.1028,15929780
2021-10-12,220.85,222.47,220.36,221.52,208.2402,18800641
2021-10-13,221.89,222.7,219.83,222.57,209.2273,19676170
2021-10-14,224.75,226.0,224.32,225.87,212.3294,18159961
2021-10-15,227.98,228.4062,225.06,225.16,211.662,27555330
2021-10-18,223.88,225.675,223.73,225.03,211.5398,19082600
2021-10-19,225.98,226.88,224.61,225.87,212.3294,15498360
2021-10-20,225.97,227.98,225.12,227.37,213.7395,18130551
2021-10-21,227.19,229.01,226.62,227.95,214.2847,17851619
2021-10-22,227.8,228.39,225.69,227.41,213.7771,16886971
2021-10-25,227.79,229.98,227.28,229.57,215.8076,16387150
2021-10-26,230.03,230.72,227.8,227.84,214.1813,25290160
2021-10-27,227.18,227.46,223.5,223.65,210.2425,27088449
2021-10-28,224.8,228.26,224.77,228.11,214.4352,22890650
2021-10-29,227.8,228.83,226.96,228.05,214.3787,20777670
2021-11-01,229.25,234.18,228.89,233.96,219.9345,35500820
2021-11-02,234.38,234.85,232.65,234.45,220.3951,24949699
2021-11-03,234.15,239.81,233.92,238.64,224.3339,47648500
2021-11-04,239.48,240.935,237.56,238.55,224.2493,26514020
2021-11-05,241.17,243.4,240.2,241.81,227.3139,42041680
2021-11-08,243.74,244.46,241.93,242.56,228.0189,31324551
2021-11-09,242.0,242.53,239.54,241.15,226.6934,29895920
2021-11-10,240.08,241.56,236.31,237.35,223.1212,32471631
2021-11-11,238.31,240.378,237.66,239.26,224.9167,17987500
2021-11-12,239.92,240.21,238.74,239.5,225.1423,20526721
2021-11-15,240.57,240.76,237.55,238.55,224.2493,27390039
2021-11-16,237.76,239.37,236.95,238.99,224.6629,21925180
2021-11-17,238.06,238.13,235.13,235.86,221.7206,26527770
2021-11-18,236.92,237.07,233.05,234.86,220.7805,30637301
2021-11-19,233.27,234.42,232.39,232.72,218.7688,33994020
2021-11-22,234.22,235.74,231.62,231.73,217.8381,31042090
2021-11-23,231.39,233.0,228.62,231.33,217.4621,33843832
2021-11-24,229.39,231.99,228.54,231.58,217.6971,24099289
2021-11-26,224.96,226.17,219.64,222.85,209.4905,62595367
2021-11-29,226.22,226.75,221.24,222.71,209.3589,45982406
2021-11-30,220.66,221.86,215.88,218.17,205.091,64908359
2021-12-01,223.17,224.21,213.15,213.26,200.4754,69305398
2021-12-02,214.37,219.94,213.82,219.21,206.0687,64315719
2021-12-03,220.29,220.38,212.71,214.71,201.8385,64425238
2021-12-06,216.54,220.69,213.71,219.02,205.8901,43878328
2021-12-07,222.14,226.04,221.98,224.1,210.6655,44679199
2021-12-08,224.6,226.535,223.06,225.63,212.1038,36546379
2021-12-09,223.95,225.81,220.48,220.52,207.3002,34830246
2021-12-10,222.2,222.85,218.32,219.91,206.7267,32924570
2021-12-13,218.39,219.05,214.745,216.04,203.7057,33478398
2021-12-14,214.58,217.52,213.31,214.18,201.9518,36543488
2021-12-15,214.21,218.16,211.08,217.58,205.1577,51261020
2021-12-16,219.45,219.9,212.25,213.18,201.0089,52743793
2021-12-17,212.2,217.35,210.3,215.14,202.857,63114781
2021-12-20,212.09,212.94,208.76,212.12,200.0095,49993000
2021-12-21,214.2,218.385,212.061,218.18,205.7235,38545273
2021-12-22,217.87,220.35,217.13,220.28,207.7036,32442010
2021-12-23,221.05,222.8,220.34,222.04,209.3631,22125391
2021-12-27,222.34,224.235,220.6,224.12,211.3243,24196660
2021-12-28,223.79,225.73,222.35,222.75,210.0326,23120270
2021-12-29,222.72,223.4901,221.255,222.99,210.2589,19444391
2021-12-30,222.94,225.43,222.7,222.93,210.2023,23607699
2021-12-31,222.49,224.12,222.39,222.45,209.7497,23997430
2022-01-03,223.71,226.69,222.73,225.32,212.4558,30618789
2022-01-04,226.0,227.13,223.38,224.98,212.1352,22013131
2022-01-05,224.87,225.91,217.32,217.36,204.9503,40582078
2022-01-06,217.82,220.42,215.82,218.6,206.1195,39105871
2022-01-07,218.6,220.38,215.925,216.07,203.7339,31583891
2022-01-10,214.77,215.385,211.11,215.32,203.0268,45778070
2022-01-11,215.48,217.83,212.96,217.61,205.186,35209887
2022-01-12,218.52,219.38,214.64,215.99,203.6585,35284512
2022-01-13,216.81,218.19,213.38,214.01,201.7916,34489559
2022-01-14,211.99,214.4,210.58,214.31,202.0744,42020871
2022-01-18,212.2,212.44,207.53,207.83,195.9644,49512160
2022-01-19,208.81,209.46,204.38,204.45,192.7774,46209070
2022-01-20,205.38,208.99,200.33,200.75,189.2886,50465969
2022-01-21,199.76,203.02,196.99,196.99,185.7433,85821000
2022-01-24,194.07,202.39,191.23,201.53,190.0241,85903219
2022-01-25,198.48,201.7,194.56,198.84,187.4877,61088551
2022-01-26,201.78,203.55,193.72,195.97,184.7815,71471750
2022-01-27,197.63,199.61,190.601,191.52,180.5856,59829047
2022-01-28,191.7,195.31,188.09,195.25,184.1026,65869953
2022-01-31,194.39,201.24,193.85,201.24,189.7506,53393762
2022-02-01,201.66,203.57,197.965,203.36,191.7496,43429352
2022-02-02,203.62,203.9,199.29,201.34,189.8449,42777820
2022-02-03,198.84,201.24,197.05,197.53,186.2524,39629367
2022-02-04,197.04,200.1,194.92,198.38,187.0539,34291070
2022-02-07,198.43,201.16,197.99,199.36,187.978,33242578
2022-02-08,199.47,203.12,199.36,202.76,191.1838,28341920
2022-02-09,204.57,206.65,204.3,206.61,194.814,27329311
2022-02-10,202.9,209.05,202.12,203.44,191.825,44788102
2022-02-11,203.65,206.06,199.69,201.38,189.8826,41516551
2022-02-14,201.63,203.53,199.24,200.68,189.2226,32262660
2022-02-15,202.78,206.305,202.63,206.06,194.2954,25883740
2022-02-16,205.3,207.27,204.08,206.49,194.7009,30104760
2022-02-17,204.55,205.03,200.78,201.2,189.7129,27140230
2022-02-18,201.03,202.72,198.76,199.47,188.0817,36255434
2022-02-22,198.48,200.45,195.35,196.66,185.4321,31847131
2022-02-23,198.24,198.9,192.55,192.98,181.9622,31491520
2022-02-24,188.32,198.48,187.92,198.04,186.7333,52221070
2022-02-25,198.69,202.62,197.0,202.5,190.9387,33656152
2022-02-28,200.47,204.6,200.46,203.32,191.7119,34975848
2022-03-01,202.66,203.79,197.8,199.49,188.1005,40638910
2022-03-02,200.84,205.3,200.69,204.24,192.5794,29978551
2022-03-03,205.09,205.11,200.29,201.82,190.2975,30142660
2022-03-04,199.7,200.86,196.98,198.66,187.3179,31657740
2022-03-07,199.22,199.585,193.68,193.72,182.66,39279832
2022-03-08,194.34,199.57,193.46,194.79,183.6689,45715793
2022-03-09,198.22,201.0,197.62,200.28,188.8454,29048020
2022-03-10,197.41,200.04,196.56,199.92,188.506,25660990
2022-03-11,200.78,201.76,196.44,196.73,185.4981,24990029
2022-03-14,197.24,197.44,191.88,192.71,181.7076,34969461
2022-03-15,193.46,195.79,192.88,195.78,184.6024,25464340
2022-03-16,197.54,201.94,196.15,201.94,190.4107,31869730
2022-03-17,200.77,205.21,200.3,205.11,193.3997,25783100
2022-03-18,204.21,207.45,204.0,207.27,195.4364,37092180
2022-03-21,207.2,208.18,203.935,205.44,193.7108,26747520
2022-03-22,206.31,208.79,205.8,207.5,195.6532,24699900
2022-03-23,206.15,207.2,203.75,203.9,192.2588,19774980
2022-03-24,204.38,205.9,202.73,205.84,194.4695,19781211
2022-03-25,206.09,206.62,204.44,206.12,194.734,19430369
2022-03-28,205.6,206.21,203.03,206.19,194.8002,18999131
2022-03-29,208.0,212.25,207.88,211.71,200.0152,29550570
2022-03-30,211.37,211.74,206.61,207.46,196.0,26251500
2022-03-31,207.13,208.91,205.15,205.27,193.931,26771580
2022-04-01,206.18,207.72,205.01,207.57,196.1039,25948510
2022-04-04,207.87,208.43,205.88,207.91,196.4252,20333900
2022-04-05,207.96,209.435,202.51,202.99,191.7769,26509789
2022-04-06,201.27,201.8,198.68,200.11,189.056,34903887
2022-04-07,200.11,201.23,196.68,199.46,188.4419,29291240
2022-04-08,199.22,200.31,197.5,197.87,186.9398,25249580
2022-04-11,197.12,199.2549,195.88,196.54,185.6832,33702312
2022-04-12,198.7,201.68,196.42,197.16,186.269,33699781
2022-04-13,197.68,201.45,197.61,200.91,189.8118,22303590
2022-04-14,201.11,202.37,198.87,198.96,187.9696,27106949
2022-04-18,198.46,199.18,196.53,197.62,186.7036,22246350
2022-04-19,197.86,202.235,197.69,201.56,190.4259,22786689
2022-04-20,203.05,203.87,201.86,202.33,191.1534,20516180
2022-04-21,204.23,204.8,197.02,197.8,186.8736,31547680
2022-04-22,196.87,197.37,192.29,192.68,182.0365,35686941
2022-04-25,190.99,194.11,189.21,193.85,183.1418,35556527
2022-04-26,192.32,192.71,187.48,187.74,177.3693,40513594
2022-04-27,187.67,189.78,186.26,186.96,176.6324,37807969
2022-04-28,189.17,191.4,184.71,190.45,179.9296,37405191
2022-04-29,189.59,191.73,184.51,184.95,174.7335,41193367
2022-05-02,184.9,187.82,182.38,186.89,176.5663,38002090
2022-05-03,186.92,189.5099,185.68,188.49,178.0779,30246270
2022-05-04,189.05,193.93,185.6932,193.52,182.8301,38834738
2022-05-05,191.53,191.56,183.38,185.67,175.4137,41468711
2022-05-06,184.96,185.42,180.55,182.58,172.4944,45457871
2022-05-09,179.86,182.6534,174.1,174.9,165.2386,53682207
2022-05-10,177.57,178.905,171.2,174.95,165.2859,53650809
2022-05-11,175.13,178.19,170.3,170.6,161.1761,64377820
2022-05-12,169.83,174.34,168.9,172.6,163.0657,52967379
2022-05-13,175.04,179.41,175.01,178.07,168.2335,36517008
2022-05-16,177.5,179.44,176.135,177.22,167.4305,28225461
2022-05-17,180.41,182.84,178.99,182.64,172.5511,31833730
2022-05-18,180.47,181.41,175.1,176.24,166.5046,36093762
2022-05-19,174.89,178.81,174.89,176.53,166.7786,33627738
2022-05-20,178.5,178.97,171.79,176.08,166.3534,42243688
2022-05-23,177.88,178.96,175.5,178.21,168.3658,24644131
2022-05-24,176.57,176.93,172.33,175.57,165.8716,26861779
2022-05-25,174.88,179.78,174.81,178.73,168.857,27950061
2022-05-26,179.85,183.795,179.7,182.72,172.6266,25702699
2022-05-27,183.76,187.65,183.4,187.64,177.2749,24952061
2022-05-31,186.91,187.6765,184.09,185.31,175.0736,29794500
2022-06-01,186.27,186.94,181.77,184.26,174.0816,28352141
2022-06-02,184.59,188.76,184.17,188.76,178.333,24875961
2022-06-03,187.29,187.96,185.79,187.06,176.7269,18972141
2022-06-06,189.29,189.305,186.83,187.87,177.4922,24678750
2022-06-07,186.41,190.94,185.9,190.9,180.3548,21661590
2022-06-08,189.96,190.7,187.06,187.95,177.5677,21521730
2022-06-09,186.55,187.07,183.53,183.57,173.8867,21697230
2022-06-10,180.51,181.55,177.65,178.59,169.1694,37153559
2022-06-13,173.63,174.96,169.29,170.2,161.222,39712711
2022-06-14,170.67,171.24,167.74,169.38,160.4452,30282430
2022-06-15,171.21,174.06,168.66,171.86,162.7944,32150529
2022-06-16,167.84,168.42,162.78,163.9,155.2543,43810559
2022-06-17,164.48,167.52,163.7,165.18,156.4668,40327273
2022-06-21,167.98,170.08,166.81,168.14,159.2707,34665449
2022-06-22,165.96,169.255,165.37,167.82,158.9675,29303490
2022-06-23,168.19,170.23,166.55,169.83,160.8715,27089789
2022-06-24,171.22,175.1,170.9,175.09,165.854,37138449
2022-06-27,175.67,176.99,174.18,175.74,166.4698,24745410
2022-06-28,176.93,178.15,172.35,172.44,163.3438,25958301
2022-06-29,172.55,172.7,168.97,170.69,161.6861,21292490
2022-06-30,168.2,171.31,166.76,169.36,160.4263,31466340
2022-07-01,169.05,171.84,167.66,171.41,162.3682,24598631
2022-07-05,168.68,172.9,166.73,172.83,163.7133,25151150
2022-07-06,172.45,173.71,169.75,171.55,162.5008,25697551
2022-07-07,172.86,175.98,172.85,175.61,166.3466,24822529
2022-07-08,175.07,176.99,173.65,175.59,166.3277,20546961
2022-07-11,174.26,174.97,171.6,172.06,162.9839,22031449
2022-07-12,171.54,173.36,170.56,171.47,162.425,23864189
2022-07-13,169.15,172.275,168.79,171.32,162.2829,25535609
2022-07-14,168.68,170.0,167.02,169.56,160.6157,25102170
2022-07-15,171.54,173.345,169.31,173.09,163.9595,34935910
2022-07-18,175.13,176.2893,172.06,172.6,163.4954,23031551
2022-07-19,174.75,178.89,174.66,178.69,169.2641,24234561
2022-07-20,178.65,181.81,178.4,181.49,171.9164,26049311
2022-07-21,180.45,182.5,178.845,182.42,172.7974,21709859
2022-07-22,182.88,183.25,178.05,179.51,170.0409,25116100
2022-07-25,180.05,180.92,178.43,180.44,170.9218,19267160
2022-07-26,179.78,180.21,178.54,179.33,169.8704,19391211
2022-07-27,180.48,184.25,180.0,183.41,173.7352,21670689
2022-07-28,184.32,186.14,181.76,185.93,176.1222,22838529
2022-07-29,186.04,187.73,185.04,187.25,177.3726,21760641
2022-08-01,185.79,188.32,184.22,187.18,177.3063,23905551
2022-08-02,186.47,189.02,185.48,187.0,177.1358,17492570
2022-08-03,188.3,190.15,187.64,189.75,179.7407,19157750
2022-08-04,189.84,190.04,188.44,189.35,179.3618,14838910
2022-08-05,187.47,191.02,187.1703,190.8,180.7353,18540320
2022-08-08,192.15,194.625,191.89,192.82,182.6488,22234910
2022-08-09,192.04,192.17,189.16,190.19,180.1575,18247301
2022-08-10,193.63,195.95,193.11,195.62,185.3011,20796381
2022-08-11,197.42,199.53,196.04,196.35,185.9926,23727551
2022-08-12,197.35,200.43,196.58,200.36,189.7911,21726590
2022-08-15,198.795,201.155,198.22,201.07,190.4636,17414801
2022-08-16,200.5,201.99,199.025,200.99,190.3878,18833100
2022-08-17,198.72,199.33,196.38,197.61,187.1861,22427990
2022-08-18,197.88,199.25,196.9,198.92,188.427,18368051
2022-08-19,196.83,197.11,194.0707,194.65,184.3823,27416391
2022-08-22,191.99,192.35,190.01,190.64,180.5838,22937020
2022-08-23,190.94,192.93,190.39,190.95,180.8774,20069840
2022-08-24,190.79,193.3,190.16,192.41,182.2604,16038270
2022-08-25,193.38,195.45,192.98,195.4,185.0927,14794950
2022-08-26,195.34,195.44,188.66,188.98,179.0113,24177221
2022-08-29,186.95,188.99,186.52,187.24,177.3631,19753270
2022-08-30,187.82,188.01,183.535,184.62,174.8813,22548930
2022-08-31,184.94,185.74,183.19,183.5,173.8204,22412480
2022-09-01,181.78,181.89,178.9,181.5,171.9259,30706641
2022-09-02,183.6,183.95,179.14,180.09,170.5903,27468199
2022-09-06,180.71,181.08,177.5,178.31,168.9042,23837119
2022-09-07,177.97,182.465,177.93,182.19,172.5795,24781160
2022-09-08,180.69,183.79,179.62,183.71,174.0193,25273211
2022-09-09,185.34,187.63,185.1,187.4,177.5147,23208770
2022-09-12,188.6,189.86,187.97,189.67,179.6649,23134570
2022-09-13,184.86,185.91,181.535,182.25,172.6364,34144711
2022-09-14,182.57,183.32,180.57,182.96,173.3089,25278340
2022-09-15,181.92,184.69,180.86,181.63,172.0491,25378689
2022-09-16,179.09,179.68,176.91,178.99,169.5483,41155871
2022-09-19,177.01,180.75,176.96,180.52,170.9976,25412221
2022-09-20,178.77,178.94,176.71,178.06,168.6674,22247529
2022-09-21,179.37,181.1,175.33,175.34,166.0909,29357100
2022-09-22,175.0,175.58,170.7405,171.39,162.3492,33468590
2022-09-23,169.0,169.19,165.0,167.31,158.4844,40336930
2022-09-26,165.47,168.97,163.58,164.17,156.3145,30597801
2022-09-27,166.31,167.63,163.28,164.73,156.8477,42406578
2022-09-28,165.76,170.99,165.07,169.94,161.8084,35186539
2022-09-29,167.78,167.93,163.8,166.13,158.1807,31464020
2022-09-30,165.78,169.515,164.87,164.92,157.0286,40643781
2022-10-03,167.34,170.3,165.25,169.29,161.1895,33611559
2022-10-04,172.61,176.08,172.53,176.0,167.5784,37537301
2022-10-05,173.41,175.33,171.42,174.7,166.3406,25281359
2022-10-06,173.85,176.165,172.91,173.72,165.4075,22635930
2022-10-07,171.93,172.47,167.92,168.61,160.542,26536119
2022-10-10,169.29,169.57,166.59,167.67,159.647,23386430
2022-10-11,166.96,170.11,164.8,167.72,159.6946,28009131
2022-10-12,167.9,168.46,165.48,167.26,159.2566,26796660
2022-10-13,164.0,172.2,162.5,171.4,163.1985,45376512
2022-10-14,172.74,173.92,166.71,166.81,158.8282,29608631
2022-10-17,170.22,172.62,170.11,172.13,163.8936,28199211
2022-10-18,175.86,177.29,172.69,174.17,165.836,34523152
2022-10-19,172.49,173.4,169.3301,171.21,163.0176,27146939
2022-10-20,171.42,173.55,168.4693,169.03,160.9419,26710711
2022-10-21,169.4,173.2,168.19,172.7,164.4363,45402699
2022-10-24,173.32,174.0,171.05,173.44,165.1409,27284471
2022-10-25,173.57,178.895,173.56,178.17,169.6446,33105750
2022-10-26,179.15,182.37,178.33,179.05,170.4825,37084754
2022-10-27,180.59,182.0,178.87,179.09,170.5206,28651850
2022-10-28,179.825,183.41,178.7383,183.16,174.3958,33221621
2022-10-31,182.27,184.24,181.55,183.33,174.5577,25699391
2022-11-01,185.24,185.6,182.88,183.58,174.7957,27446650
2022-11-02,182.84,185.0,177.43,177.49,168.9971,38139594
2022-11-03,175.29,177.94,174.11,176.3,167.8641,29093221
2022-11-04,178.92,179.94,175.47,178.68,170.1302,25842369
2022-11-07,179.74,180.59,177.68,179.49,170.9014,20689939
2022-11-08,180.23,181.95,177.36,179.56,170.9681,20265189
2022-11-09,178.0,178.67,174.275,174.63,166.274,27276980
2022-11-10,181.85,185.445,181.15,185.38,176.5096,38572801
2022-11-11,185.76,188.84,185.69,186.9,177.9569,28765359
2022-11-14,185.79,187.785,184.6317,184.81,175.9669,26499631
2022-11-15,187.84,189.56,186.11,187.55,178.5758,26128760
2022-11-16,186.6,186.64,183.71,184.25,175.4337,24802010
2022-11-17,181.62,182.95,180.51,182.54,173.8055,20835670
2022-11-18,184.59,185.31,182.57,183.72,174.929,27269070
2022-11-21,182.78,183.19,181.43,182.76,174.015,19038939
2022-11-22,183.74,184.94,182.33,184.71,175.8716,16869721
2022-11-23,184.29,185.78,183.55,185.19,176.3287,19758779
2022-11-25,185.09,186.37,184.66,185.58,176.7,13393410
2022-11-28,184.13,184.92,181.29,181.84,173.139,17490369
2022-11-29,181.96,183.61,181.96,182.37,173.6436,14020550
2022-11-30,182.67,187.43,180.795,187.37,178.4044,28030141
2022-12-01,188.151,189.24,186.13,186.96,178.014,21996369
2022-12-02,184.37,188.86,184.33,188.05,179.0518,22574779
2022-12-05,186.86,187.06,182.1838,182.87,174.1197,25449289
2022-12-06,182.88,182.98,179.08,180.07,171.4537,18502131
2022-12-07,179.75,181.5,179.11,179.54,170.949,17177779
2022-12-08,180.77,182.625,179.51,180.84,172.1868,20971439
2022-12-09,179.77,180.81,178.56,178.62,170.0731,22046490
2022-12-12,178.85,181.09,178.0,180.72,172.0726,22765420
2022-12-13,185.73,186.64,180.14,181.38,173.4978,38445312
2022-12-14,181.31,182.91,178.83,180.19,172.3595,32406859
2022-12-15,178.03,178.6,175.04,175.68,168.0455,33546711
2022-12-16,173.8,175.11,172.67,174.37,166.7924,38502422
2022-12-19,174.61,175.0529,171.47,172.01,164.535,25614029
2022-12-20,171.67,174.02,171.18,172.92,165.4055,18050789
2022-12-21,174.45,176.8,174.2,175.9,168.256,22997199
2022-12-22,174.33,174.49,170.67,173.6,166.0559,21297570
2022-12-23,173.48,174.45,172.34,174.39,166.8116,11647740
2022-12-27,174.36,174.57,172.58,173.22,165.6924,13553780
2022-12-28,173.18,174.1,170.34,170.53,163.1193,19648020
2022-12-29,171.72,175.25,171.4,174.85,167.2516,22311311
2022-12-30,173.34,174.7203,172.61,174.36,166.7829,21275580
2023-01-03,175.93,177.32,171.9,173.4,165.8646,22503840
2023-01-04,174.62,176.67,174.28,175.56,167.9307,22973500
2023-01-05,174.59,174.76,172.39,173.68,166.1324,17032619
2023-01-06,175.3,178.04,173.87,177.58,169.863,21986910
2023-01-09,179.01,180.12,177.65,177.88,170.1499,18366449
2023-01-10,177.66,180.62,177.3,180.51,172.6656,18751119
2023-01-11,181.26,182.79,180.68,182.76,174.8178,18222699
2023-01-12,183.57,185.95,181.92,185.83,177.7544,29650760
2023-01-13,184.5,187.34,184.33,187.05,178.9214,22119990
2023-01-17,187.0,187.84,186.235,186.82,178.7014,22422561
2023-01-18,187.45,188.96,183.695,183.8,175.8127,23507760
2023-01-19,182.73,183.1,180.78,182.04,174.1291,24624449
2023-01-20,182.71,185.15,181.27,185.04,176.9988,36070246
2023-01-23,185.43,188.115,184.58,187.33,179.1893,20329900
2023-01-24,186.59,187.83,185.88,186.93,178.8066,19263449
2023-01-25,185.41,187.51,183.87,187.45,179.304,18174580
2023-01-26,188.98,189.85,186.29,188.56,180.3658,18369119
2023-01-27,187.98,190.3,187.79,189.58,181.3415,20019850
2023-01-30,187.84,189.61,186.83,186.94,178.8162,18395070
2023-01-31,187.42,191.58,187.38,191.48,183.1589,21567869
2023-02-01,191.19,196.19,190.13,194.49,186.0381,27007330
2023-02-02,196.01,199.26,194.35,198.32,189.7017,31020430
2023-02-03,196.11,199.13,195.7,196.99,188.4295,24981471
2023-02-06,195.65,196.38,193.37,194.14,185.7033,18160090
2023-02-07,193.41,196.1,191.65,195.58,187.0807,27074051
2023-02-08,194.36,195.37,192.2,192.72,184.345,17933500
2023-02-09,194.23,195.12,189.43,189.93,181.6763,20516650
2023-02-10,189.28,190.63,188.5328,190.31,182.0397,15248730
2023-02-13,190.51,192.855,189.31,192.6,184.2302,15754370
2023-02-14,191.28,193.95,190.08,192.51,184.1441,21889609
2023-02-15,190.98,194.5537,190.53,194.46,186.0094,18782881
2023-02-16,191.8,194.87,191.25,192.6,184.2302,21366260
2023-02-17,191.88,193.3699,190.97,193.13,184.7372,23892199
2023-02-21,190.75,191.3383,187.24,187.43,179.2849,26004029
2023-02-22,187.83,189.15,186.7515,187.94,179.7727,24651721
2023-02-23,189.35,190.3,186.7,189.28,181.0545,21311730
2023-02-24,186.65,187.78,185.78,187.51,179.3614,24280699
2023-02-27,189.13,190.2,187.6,188.17,179.9927,17562850
2023-02-28,188.12,190.02,188.07,188.18,180.0023,19542641
2023-03-01,188.19,189.49,187.19,188.42,180.2319,22532789
2023-03-02,186.86,189.3,186.12,188.87,180.6623,18134840
2023-03-03,189.67,191.93,188.42,191.5,183.178,22774340
2023-03-06,191.56,191.74,187.9,188.7,180.4997,23266750
2023-03-07,188.65,189.07,186.22,186.51,178.4049,25865711
2023-03-08,186.79,187.61,185.12,186.6,178.491,22505859
2023-03-09,186.73,187.27,181.28,181.41,173.5265,33546891
2023-03-10,180.39,180.39,174.255,176.18,168.5238,69274211
2023-03-13,172.52,176.4,171.07,173.31,165.7785,74171453
2023-03-14,178.6,179.26,174.61,176.52,168.849,48946152
2023-03-15,171.93,173.91,170.3762,173.61,166.0655,54405762
2023-03-16,171.47,177.38,170.495,175.98,168.3325,52888340
2023-03-17,174.04,174.76,170.86,171.23,163.7889,70239914
2023-03-20,173.05,175.37,172.525,173.45,165.9124,46103180
2023-03-21,176.55,178.18,175.96,176.65,168.9734,34465879
2023-03-22,176.52,177.35,171.53,171.64,164.1811,56098238
2023-03-23,172.28,174.39,168.71,170.25,163.4524,47720848
2023-03-24,168.75,172.105,167.455,171.79,164.9309,47538473
2023-03-27,173.84,174.73,172.36,173.7,166.7646,33880621
2023-03-28,173.1,174.505,172.69,173.45,166.5246,28555090
2023-03-29,175.34,175.55,173.5719,175.42,168.416,25564789
2023-03-30,176.88,177.305,174.445,175.18,168.1855,26728561
2023-03-31,176.4,178.64,176.37,178.4,171.277,39602848
2023-04-03,178.95,179.78,176.49,178.48,171.3538,27608980
2023-04-04,178.92,179.1,174.32,175.35,168.3488,33487180
2023-04-05,174.25,174.83,172.53,173.63,166.6974,28243090
2023-04-06,173.72,174.46,172.68,173.89,166.9471,26366279
2023-04-10,173.07,175.88,173.03,175.75,168.7328,22237789
2023-04-11,176.57,177.97,176.12,177.14,170.0673,21876240
2023-04-12,178.82,178.98,175.58,175.84,168.8192,27018109
2023-04-13,176.54,178.685,175.93,178.17,171.0562,23259881
2023-04-14,178.33,179.22,175.34,176.51,169.4624,29600369
2023-04-17,176.97,178.86,176.75,178.78,171.6418,22177350
2023-04-18,179.59,179.63,176.94,178.02,170.9122,22692961
2023-04-19,177.08,178.79,176.58,178.25,171.133,19306760
2023-04-20,177.15,178.43,176.52,177.33,170.2497,20336279
2023-04-21,177.81,177.958,175.86,177.56,170.4705,25972820
2023-04-24,177.38,178.45,176.495,177.44,170.3553,17781010
2023-04-25,175.63,175.94,173.01,173.06,166.1502,28857920
2023-04-26,172.23,173.4,171.0,171.39,164.5469,30309779
2023-04-27,172.03,173.855,170.94,173.68,166.7454,33424121
2023-04-28,173.29,175.825,173.18,175.2,168.2048,31911859
2023-05-01,175.0,177.34,174.76,175.3,168.3008,27420141
2023-05-02,174.4,174.45,169.92,171.7,164.8445,40851047
2023-05-03,172.22,175.7,172.19,172.33,165.4493,43261391
2023-05-04,171.32,171.56,168.78,170.4,163.5964,42382102
2023-05-05,173.29,175.1,173.1,174.45,167.4847,35456840
2023-05-08,175.26,175.55,173.13,174.05,167.1007,22109891
2023-05-09,172.98,174.27,172.16,173.53,166.6014,21465510
2023-05-10,175.96,176.02,172.72,174.41,167.4463,27281900
2023-05-11,173.22,173.78,172.11,173.07,166.1598,25884561
2023-05-12,173.65,174.205,171.65,172.72,165.8238,20406400
2023-05-15,173.31,175.71,172.82,174.83,167.8495,24310020
2023-05-16,173.61,174.8069,172.23,172.28,165.4013,24212869
2023-05-17,173.43,176.5,172.16,176.12,169.088,38231621
2023-05-18,175.56,177.57,175.02,177.19,170.1153,30446570
2023-05-19,178.51,178.8941,175.25,176.11,169.0784,34316246
2023-05-22,176.62,179.02,176.04,178.26,171.1426,28207230
2023-05-23,177.91,180.53,177.38,177.42,170.3361,32708910
2023-05-24,176.55,176.74,174.67,175.54,168.5312,28744170
2023-05-25,175.25,175.53,172.6999,174.17,167.2159,36202621
2023-05-26,174.3,176.38,174.02,176.15,169.1168,29841301
2023-05-30,176.71,177.554,174.76,175.5,168.4928,25572551
2023-05-31,174.69,176.01,172.36,173.77,166.8318,34598809
2023-06-01,173.86,176.24,172.9317,175.65,168.6368,27800881
2023-06-02,178.01,182.09,177.45,182.02,174.7524,50212406
2023-06-05,181.26,181.39,178.44,179.58,172.4099,40025070
2023-06-06,178.93,184.96,178.93,184.31,176.951,58584473
2023-06-07,184.96,187.77,184.96,187.24,180.2618,60685566
2023-06-08,186.75,187.375,184.91,186.54,179.5879,34185000
2023-06-09,186.32,186.61,184.45,185.03,178.1342,30242199
2023-06-12,185.23,186.675,184.22,185.8,178.8755,26615221
2023-06-13,186.44,188.98,186.27,187.93,180.9261,35758219
2023-06-14,188.32,189.24,184.55,185.91,178.9814,37114090
2023-06-15,185.08,187.57,184.91,187.44,180.4544,36488406
2023-06-16,187.95,188.55,185.09,185.94,179.0103,50684500
2023-06-20,185.16,185.57,183.761,185.13,178.2305,33269309
2023-06-21,184.44,185.91,183.59,184.7,177.8165,30730221
2023-06-22,184.2,184.25,182.485,183.33,176.4976,27063730
2023-06-23,180.77,182.41,180.05,180.57,173.8404,50610113
2023-06-26,180.44,182.74,180.37,180.75,174.0137,31507869
2023-06-27,181.2,183.985,180.4,183.36,176.5264,28818760
2023-06-28,182.99,184.42,182.12,184.26,177.3929,23187609
2023-06-29,184.72,187.08,184.43,186.38,179.4339,32084100
2023-06-30,188.26,188.4341,186.91,187.27,180.2907,30287340
2023-07-03,186.91,188.84,186.74,187.65,180.6566,14011920
2023-07-05,187.13,187.21,185.44,185.78,178.8563,24092141
2023-07-06,183.63,183.71,180.72,182.78,175.9681,39080781
2023-07-07,182.98,186.49,182.93,184.71,177.8261,31706670
2023-07-10,184.58,188.05,184.16,187.87,180.8684,29272699
2023-07-11,188.48,190.08,187.69,189.8,182.7264,26738830
2023-07-12,192.76,193.05,191.365,191.87,184.7193,40127301
2023-07-13,192.51,193.685,191.8,193.42,186.2115,23523020
2023-07-14,193.34,193.4887,190.29,191.53,184.392,32198600
2023-07-17,191.34,194.36,191.14,193.58,186.3656,23283689
2023-07-18,193.7,196.39,193.49,195.97,188.6665,28551480
2023-07-19,196.7,197.66,195.9301,196.8,189.4656,23678949
2023-07-20,196.94,196.94,194.265,195.08,187.8097,27278061
2023-07-21,196.39,196.62,194.0901,194.46,187.2128,28982430
2023-07-24,194.56,196.255,193.99,194.94,187.6749,16929830
2023-07-25,194.58,196.21,194.42,194.92,187.6556,18961100
2023-07-26,194.77,197.16,194.71,196.46,189.1382,20377891
2023-07-27,197.63,197.9,193.18,193.92,186.6929,31159260
2023-07-28,196.02,196.95,195.5,196.43,189.1094,21612221
2023-07-31,196.93,198.75,196.915,198.71,191.3044,24203900
2023-08-01,197.43,197.935,195.78,197.8,190.4283,27552000
2023-08-02,195.59,196.09,194.09,195.11,187.8385,28079650
2023-08-03,194.3,195.64,193.06,194.56,187.309,24323070
2023-08-04,194.82,196.31,193.71,194.17,186.9336,24950430
2023-08-07,194.66,195.06,192.68,194.3,187.0587,20184971
2023-08-08,192.14,193.29,190.52,193.08,185.8842,25578160
2023-08-09,192.87,192.88,190.75,191.57,184.4305,22293211
2023-08-10,192.24,194.12,189.89,190.72,183.6122,29378811
2023-08-11,189.92,191.69,189.74,190.99,183.8721,21428590
2023-08-14,189.94,190.7,188.64,190.66,183.5544,20354930
2023-08-15,189.52,189.64,188.035,188.14,181.1283,25491279
2023-08-16,187.99,189.06,185.81,185.84,178.914,27018359
2023-08-17,186.34,186.74,183.63,183.65,176.8056,26715090
2023-08-18,182.21,185.25,181.94,184.65,177.7684,33375219
2023-08-21,184.7,185.275,183.0704,184.38,177.5084,22678100
2023-08-22,185.04,185.545,183.22,183.83,176.9789,21335820
2023-08-23,184.0,186.11,183.425,185.79,178.8659,21231070
2023-08-24,185.25,186.335,183.2,183.22,176.3917,26582350
2023-08-25,184.06,185.0,181.61,184.0,177.1426,29340439
2023-08-28,184.84,186.75,184.82,185.64,178.7215,23002020
2023-08-29,185.54,188.365,184.57,188.23,181.215,22986020
2023-08-30,187.73,189.61,187.33,188.94,181.8985,19869939
2023-08-31,189.2,190.255,188.53,188.61,181.5808,17953391
2023-09-01,190.07,191.86,189.85,190.85,183.7373,25094641
2023-09-05,189.65,189.9,186.77,186.83,179.8671,27160090
2023-09-06,187.06,188.09,185.09,186.13,179.1932,26406221
2023-09-07,185.14,185.38,183.59,184.33,177.4603,23894850
2023-09-08,184.56,184.83,183.45,183.92,177.0656,19413289
2023-09-11,185.26,185.72,184.2,184.36,177.4892,17424650
2023-09-12,184.04,185.335,183.74,184.18,177.3159,16826279
2023-09-13,184.5,184.88,182.39,182.97,176.151,24415721
2023-09-14,184.53,186.07,184.24,185.55,178.6348,27952529
2023-09-15,184.79,185.07,182.79,183.61,176.7671,39695480
2023-09-18,183.7,183.76,182.37,182.39,175.5926,19287850
2023-09-19,182.49,183.3,181.07,181.68,174.9091,24085939
2023-09-20,182.4,183.509,179.82,179.86,173.1569,27642930
2023-09-21,178.5,178.755,177.07,177.07,170.4709,31625619
2023-09-22,177.56,178.37,176.56,176.67,170.0858,23171080
2023-09-25,175.69,177.8599,175.54,177.46,170.8463,22416150
2023-09-26,175.5,177.02,174.29,174.36,168.6497,30476039
2023-09-27,175.45,176.93,174.4619,175.99,170.2263,37292969
2023-09-28,176.09,178.57,175.97,177.58,171.7643,31372439
2023-09-29,178.97,179.16,176.15,176.74,170.9518,36689031
2023-10-02,176.33,176.73,173.15,174.07,168.3692,42139312
2023-10-03,172.95,173.5,170.37,171.14,165.5352,42733594
2023-10-04,171.01,171.61,169.09,171.22,165.6125,42491887
2023-10-05,170.8,171.9,169.94,171.35,165.7383,33273469
2023-10-06,170.37,173.89,169.51,173.0,167.3342,42160887
2023-10-09,171.84,174.545,171.77,174.0,168.3015,26658369
2023-10-10,174.31,177.04,174.28,175.97,170.207,31584990
2023-10-11,176.12,177.23,174.375,175.67,169.9168,27427199
2023-10-12,175.88,175.88,170.79,171.7,166.0768,38693781
2023-10-13,172.35,172.7,169.69,170.27,164.6937,33969129
2023-10-16,171.74,173.39,171.02,173.02,167.3536,31140289
2023-10-17,171.94,176.42,171.9,174.95,169.2204,39823230
2023-10-18,173.64,173.66,170.995,171.35,165.7383,38501422
2023-10-19,170.855,172.15,168.36,168.62,163.0977,51397289
2023-10-20,168.66,169.026,166.43,166.44,160.9891,54421910
2023-10-23,165.66,167.455,164.645,165.03,159.6253,45590887
2023-10-24,166.45,167.62,165.41,166.47,161.0181,32666320
2023-10-25,165.01,165.655,163.4,163.72,158.3582,36832922
2023-10-26,164.15,165.77,163.2,164.14,158.7644,50525609
2023-10-27,164.52,164.83,161.67,162.21,156.8976,46017090
2023-10-30,163.79,164.81,161.94,163.11,157.7681,35156340
2023-10-31,163.4,164.99,162.83,164.52,159.132,31533189
2023-11-01,164.46,165.6,163.1,165.46,160.0412,44367078
2023-11-02,167.75,170.0,167.325,169.87,164.3068,50458070
2023-11-03,172.8,175.645,172.78,174.49,168.7755,57060672
2023-11-06,174.49,174.775,171.39,172.31,166.6668,35294391
2023-11-07,171.56,172.51,170.57,171.7,166.0768,31168939
2023-11-08,171.7,172.13,169.3024,169.87,164.3068,44938566
2023-11-09,171.03,171.03,166.98,167.24,161.7629,38577406
2023-11-10,168.22,169.71,166.7901,169.11,163.5716,36148727
2023-11-13,168.24,169.77,167.52,169.17,163.6297,27610279
2023-11-14,174.23,178.47,174.22,178.46,172.6154,77610969
2023-11-15,178.35,181.76,178.11,178.77,172.9153,59641359
2023-11-16,178.14,178.63,175.155,175.88,170.1199,46616699
2023-11-17,177.45,178.64,177.105,178.29,172.451,43436770
2023-11-20,178.52,179.65,177.74,179.33,173.4569,26698070
2023-11-21,178.24,178.505,176.91,177.02,171.2226,30457020
2023-11-22,178.18,179.39,177.42,178.13,172.2962,28980359
2023-11-24,178.05,179.73,177.8,179.33,173.4569,13846890
2023-11-27,178.5,179.11,177.23,178.73,172.8766,30665811
2023-11-28,178.55,179.22,177.2,178.04,172.2092,28350211
2023-11-29,179.55,181.75,178.7,178.98,173.1184,31590199
2023-11-30,180.05,180.64,178.76,179.66,173.7761,32216750
2023-12-01,179.2,185.18,178.21,184.91,178.8542,64221301
2023-12-04,184.23,186.99,184.02,186.89,180.7694,44862602
2023-12-05,186.05,186.05,183.98,184.39,178.3512,36873500
2023-12-06,185.7,187.92,183.79,184.06,178.032,43637859
2023-12-07,184.33,185.56,183.39,185.39,179.3185,32662340
2023-12-08,185.15,187.75,184.86,186.8,180.6823,36087141
2023-12-11,186.68,187.62,185.885,187.19,181.0595,29302061
2023-12-12,186.97,187.655,185.335,187.0,180.8757,32024000
2023-12-13,187.1,193.64,185.67,193.33,186.9984,69484812
2023-12-14,196.87,200.035,196.48,198.71,192.2022,83649328
2023-12-15,198.95,199.55,195.95,197.04,190.5869,74160703
2023-12-18,197.96,198.77,196.68,197.11,190.6546,44451113
2023-12-19,198.48,201.3,198.02,200.93,194.3495,52156180
2023-12-20,199.86,202.17,196.16,196.28,190.5479,62360262
2023-12-21,198.5,199.82,197.52,199.62,193.7904,38613391
2023-12-22,200.88,202.81,200.19,201.48,195.596,39173801
2023-12-26,202.21,204.56,201.69,204.1,198.1395,26878990
2023-12-27,204.44,205.49,203.395,204.82,198.8385,35806359
2023-12-28,203.79,205.165,203.28,204.04,198.0813,28930090
2023-12-29,203.48,204.0301,200.71,200.71,194.8485,41496801
2024-01-02,199.4,201.62,198.44,199.52,193.6933,44341500
2024-01-03,197.4,197.67,193.78,194.2,188.5286,57532500
2024-01-04,194.06,195.49,193.69,193.82,188.1597,43114160
2024-01-05,192.69,195.46,192.29,193.25,187.6064,40964953
2024-01-08,193.29,196.97,192.26,196.73,190.9848,31545400
2024-01-09,194.35,195.769,193.32,194.97,189.2762,28998689
2024-01-10,194.74,195.375,193.08,195.08,189.3829,35075168
2024-01-11,194.5,194.74,191.3,193.55,187.8976,48939230
2024-01-12,195.89,197.1,192.64,193.23,187.587,42992070
2024-01-16,191.72,193.26,190.11,190.84,185.2668,42213039
2024-01-17,188.13,189.93,187.525,189.48,183.9465,37787660
2024-01-18,190.71,191.17,188.21,190.6,185.0338,41759969
2024-01-19,191.29,192.85,189.225,192.43,186.8103,63338328
2024-01-22,194.15,196.82,194.09,196.54,190.8003,42379488
2024-01-23,198.22,198.59,194.98,195.97,190.247,42471199
2024-01-24,198.379,198.46,194.12,194.36,188.684,41120113
2024-01-25,197.1,197.6584,194.41,195.97,190.247,37659520
2024-01-26,196.89,197.89,195.38,195.98,190.2567,33478621
2024-01-29,196.16,199.41,195.09,199.41,193.5865,29234420
2024-01-30,198.39,198.93,197.1,197.71,191.9361,33121238
2024-01-31,197.21,198.94,192.71,192.88,187.2472,68126711
2024-02-01,194.31,195.74,191.53,195.44,189.7324,59479000
2024-02-02,193.24,195.5,192.39,194.41,188.7325,52839301
2024-02-05,192.47,193.11,190.06,191.94,186.3346,39751859
2024-02-06,191.7,193.8,191.02,193.67,188.0141,34689121
2024-02-07,194.07,194.15,192.04,193.22,187.5773,31713859
2024-02-08,193.36,196.37,192.71,196.15,190.4217,35370840
2024-02-09,196.92,199.547,196.45,199.34,193.5185,46107059
2024-02-12,199.87,203.55,199.84,202.96,197.0328,43290992
2024-02-13,196.22,197.63,193.06,194.61,188.9267,86247438
2024-02-14,197.68,199.79,196.23,199.13,193.3147,43808008
2024-02-15,200.99,204.765,200.72,204.44,198.4696,44931922
2024-02-16,202.12,203.7,201.09,201.66,195.7708,48346199
2024-02-20,199.15,199.72,198.01,198.88,193.072,30547480
2024-02-21,197.66,198.35,196.39,197.94,192.1594,28821471
2024-02-22,198.65,200.085,197.8052,199.44,193.6156,38184699
2024-02-23,199.6,201.135,198.565,199.89,194.0525,37667680
2024-02-26,199.69,201.64,199.15,201.15,195.2757,29118221
2024-02-27,203.08,204.215,202.535,204.0,198.0425,32268570
2024-02-28,202.44,203.8559,201.87,202.32,196.4115,30143881
2024-02-29,205.18,206.04,202.52,203.73,197.7803,40404129
2024-03-01,204.53,206.325,203.14,205.89,199.8773,35156922
2024-03-04,207.03,207.77,205.45,205.7,199.6928,24785369
2024-03-05,204.3,205.91,203.01,203.73,197.7803,34163527
2024-03-06,206.03,206.08,204.08,205.25,199.2559,34255160
2024-03-07,206.7,208.099,206.4,206.96,200.916,28020189
2024-03-08,208.74,210.41,205.8,206.83,200.7898,41447793
2024-03-11,205.96,206.84,204.75,205.19,199.1977,24435840
2024-03-12,205.15,205.92,203.39,204.91,198.9259,34958887
2024-03-13,204.87,206.58,204.77,205.71,199.7025,25140711
2024-03-14,205.05,205.28,200.17,202.03,196.13,47509152
2024-03-15,201.25,203.08,201.13,202.41,196.4989,53216969
2024-03-18,202.91,203.18,200.905,201.25,195.3728,32405061
2024-03-19,199.78,202.75,199.661,202.1,196.1979,29864061
2024-03-20,201.52,206.99,201.11,206.1,200.0811,49609594
2024-03-21,207.0,208.95,206.84,207.94,202.38,43067328
2024-03-22,207.85,208.24,205.07,205.07,199.5867,28437340
2024-03-25,205.72,207.01,205.51,205.54,200.0441,20107820
2024-03-26,207.05,207.635,204.99,205.17,199.684,23434850
2024-03-27,206.8,209.71,206.155,209.64,204.0345,35028422
2024-03-28,210.08,211.875,209.84,210.3,204.6769,37675152
2024-04-01,210.77,210.8,207.96,208.32,202.7498,25684199
2024-04-02,205.75,205.88,203.4,204.49,199.0222,36632152
2024-04-03,203.38,206.4,203.28,205.83,200.3264,27362770
2024-04-04,208.05,208.55,203.21,203.77,198.3215,32265240
2024-04-05,203.14,205.695,202.88,204.45,198.9833,27569381
2024-04-08,205.98,206.4197,204.58,205.57,200.0733,21331000
2024-04-09,206.22,206.97,204.47,206.38,200.8617,23330850
2024-04-10,201.18,202.93,199.54,200.93,195.5574,57130473
2024-04-11,201.97,202.91,200.1,202.29,196.881,37184020
2024-04-12,201.23,201.91,197.68,198.69,193.3773,35388672
2024-04-15,199.37,200.23,194.98,195.78,190.5451,41119301
2024-04-16,194.41,196.24,193.36,195.06,189.8444,43267539
2024-04-17,196.47,196.62,192.99,193.0,187.8394,38589527
2024-04-18,193.7,195.655,192.15,192.84,187.6837,40238246
2024-04-19,191.94,194.39,191.34,193.14,187.9757,42666520
2024-04-22,194.21,196.295,192.9,195.3,190.0779,31553029
2024-04-23,195.26,199.32,195.13,198.57,193.2605,31838301
2024-04-24,198.17,198.9103,196.46,197.68,192.3943,28791711
2024-04-25,195.44,196.83,193.77,196.48,191.2264,31915561
2024-04-26,197.0,198.89,196.42,198.36,193.0561,24613600
2024-04-29,199.25,200.41,198.88,199.96,194.6133,20494590
2024-04-30,198.11,198.65,195.75,195.9,190.6619,30606789
2024-05-01,195.88,200.32,195.025,196.31,191.0609,38782078
2024-05-02,198.78,200.12,196.54,199.92,194.5744,27200980
2024-05-03,203.41,204.16,201.12,201.9,196.5015,30880551
2024-05-06,203.47,204.78,203.38,204.51,199.0417,23129840
2024-05-07,204.77,206.15,204.5,204.97,199.4894,20116900
2024-05-08,202.72,203.955,202.555,203.78,198.3312,18349400
2024-05-09,203.97,205.99,203.41,205.86,200.3556,22914289
2024-05-10,206.35,206.62,203.68,204.31,198.847,21520199
2024-05-13,206.08,206.55,204.6,204.74,199.2655,18585250
2024-05-14,207.13,207.74,205.91,206.86,201.3288,33169012
2024-05-15,209.21,209.77,207.72,209.44,203.8399,33412262
2024-05-16,208.9,209.35,207.93,207.93,202.3702,26731090
2024-05-17,208.01,208.52,207.35,208.08,202.5162,35219781
2024-05-20,208.02,209.48,207.775,208.54,202.9639,15695900
2024-05-21,207.83,208.69,207.59,208.34,202.7693,13466830
2024-05-22,207.53,208.22,205.8,206.58,201.0563,20853061
2024-05-23,207.51,207.62,202.35,203.19,197.757,34039801
2024-05-24,204.79,205.68,203.96,205.44,199.9468,19946109
2024-05-28,206.97,207.09,203.965,205.16,199.6743,18475881
2024-05-29,202.53,203.005,201.78,202.13,196.7253,25654779
2024-05-30,203.515,204.939,203.0802,204.05,198.594,20537500
2024-05-31,204.95,206.28,203.08,205.77,200.268,25784881
2024-06-03,207.53,207.555,203.145,204.61,199.139,23902859
2024-06-04,203.15,204.5035,201.65,201.97,196.5696,27098881
2024-06-05,203.3,205.06,201.79,205.06,199.577,20707600
2024-06-06,204.18,204.81,202.9875,203.59,198.1463,17335520
2024-06-07,201.53,203.17,200.68,201.2,195.8202,26036029
2024-06-10,199.52,202.13,199.01,201.89,196.4917,25115570
2024-06-11,199.64,201.02,198.42,200.64,195.8203,23768350
2024-06-12,205.87,207.27,203.1,203.72,198.8263,43668727
2024-06-13,203.27,203.54,200.51,201.94,197.089,28021109
2024-06-14,199.56,200.04,197.94,198.73,193.9561,33453699
2024-06-17,198.12,200.95,197.4088,200.4,195.586,25538080
2024-06-18,200.46,201.69,200.03,200.75,195.9276,25446930
2024-06-20,200.32,201.86,199.22,199.9,195.098,27999721
2024-06-21,199.93,200.41,198.46,200.35,195.5372,37570246
2024-06-24,200.69,202.69,200.53,201.22,196.3863,22289619
2024-06-25,201.13,201.16,199.82,200.56,195.7422,16150630
2024-06-26,199.33,200.58,198.8101,200.03,195.2249,19313461
2024-06-27,200.63,202.15,199.96,202.06,197.2062,17432580
2024-06-28,203.88,204.635,201.315,202.89,198.0162,35025980
2024-07-01,203.52,203.82,200.48,201.19,196.3571,21886189
2024-07-02,201.52,202.27,200.9034,201.88,197.0305,17219141
2024-07-03,202.25,203.28,201.63,201.83,196.9817,15167240
2024-07-05,201.21,201.625,199.88,200.87,196.0447,17282461
2024-07-08,202.51,203.7,201.84,202.28,197.4209,20823750
2024-07-09,201.92,202.52,200.53,201.4,196.562,17919119
2024-07-10,202.29,203.59,201.49,203.37,198.4847,19286061
2024-07-11,207.9,211.225,206.94,210.68,205.6191,65443648
2024-07-12,212.92,214.94,212.66,213.14,208.02,50810672
2024-07-15,214.79,218.24,214.3,217.19,211.9727,48925281
2024-07-16,219.14,224.86,219.02,224.6,219.2047,67945672
2024-07-17,222.36,226.64,221.66,222.25,216.9112,66092047
2024-07-18,221.41,224.78,216.98,217.95,212.7144,53179980
2024-07-19,217.63,218.65,215.85,216.84,211.6311,37933461
2024-07-22,217.68,220.6499,215.38,220.29,214.9982,36185953
2024-07-23,219.21,223.75,219.04,222.63,217.282,44884648
2024-07-24,221.07,223.86,217.715,217.85,212.6168,42442980
2024-07-25,218.45,224.02,218.2,220.57,215.2715,45053078
2024-07-26,223.9,225.39,221.7,224.22,218.8338,40822648
2024-07-29,224.71,225.4172,220.77,221.73,216.4036,33869688
2024-07-30,222.72,224.46,221.11,222.57,217.2235,26876750
2024-07-31,223.71,228.63,221.98,223.86,218.4825,52387680
2024-08-01,223.77,224.89,215.06,216.58,211.3774,71508117
2024-08-02,208.85,211.19,206.99,208.92,203.9014,66850203
2024-08-05,197.9,204.74,196.7,202.2,197.3428,65683109
2024-08-06,203.01,207.25,201.2,204.4,199.4899,37072539
2024-08-07,207.85,207.96,201.56,201.98,197.1281,30594520
2024-08-08,204.42,207.0,203.17,206.89,201.9201,26550311
2024-08-09,207.05,207.12,204.94,206.46,201.5005,20954490
2024-08-12,206.61,206.98,203.82,204.6,199.6851,20357891
2024-08-13,206.09,208.38,204.86,207.97,202.9742,25458311
2024-08-14,208.63,208.75,205.74,206.68,201.7152,25345561
2024-08-15,211.26,213.1,209.91,212.04,206.9464,42561578
2024-08-16,211.37,213.98,211.28,212.6,207.493,30427400
2024-08-19,212.96,215.21,212.82,215.2,210.0305,17246240
2024-08-20,214.89,214.95,212.05,212.69,207.5808,21703869
2024-08-21,214.28,215.66,212.82,215.46,210.2843,19623051
2024-08-22,215.57,216.37,213.13,213.56,208.4299,18084250
2024-08-23,215.18,221.08,214.79,220.38,215.0861,40003078
2024-08-26,221.93,222.45,220.08,220.45,215.1544,24865551
2024-08-27,218.91,219.37,217.71,218.74,213.4855,19577859
2024-08-28,217.87,219.115,216.27,217.26,212.041,19685020
2024-08-29,218.78,220.98,217.15,218.81,213.5538,24599500
2024-08-30,219.71,220.5,217.4,220.08,214.7933,23010461
2024-09-03,218.13,219.37,212.91,213.35,208.2249,31242500
2024-09-04,212.76,215.37,211.7,212.99,207.8736,23706260
2024-09-05,213.54,214.03,210.92,211.93,206.8391,23910480
2024-09-06,211.93,213.19,207.14,207.9,202.9059,34561312
2024-09-09,208.15,210.255,207.52,208.48,203.4719,23584100
2024-09-10,208.72,208.86,205.791,208.31,203.306,23025689
2024-09-11,207.47,209.25,204.21,208.92,203.9014,27175641
2024-09-12,209.91,212.78,208.41,211.61,206.5267,27658529
2024-09-13,214.03,217.25,213.94,216.83,211.6213,37388102
2024-09-16,217.63,218.285,216.14,217.61,212.3826,23289010
2024-09-17,219.58,221.8,218.47,219.41,214.1394,35563480
2024-09-18,219.23,224.94,218.25,219.45,214.1784,54085219
2024-09-19,224.66,224.68,221.5,223.97,218.5898,35369500
2024-09-20,223.45,223.46,221.29,221.57,216.2475,34587473
2024-09-23,222.69,223.11,220.02,220.76,215.4569,20157689
2024-09-24,221.63,221.93,219.5,221.13,215.8181,20939811
2024-09-25,220.32,220.61,217.54,217.69,213.1857,23242340
2024-09-26,220.49,221.13,218.38,218.85,214.3217,24974650
2024-09-27,220.86,222.599,219.53,220.33,215.771,23959600
2024-09-30,219.42,221.59,218.58,220.89,216.3195,21952211
2024-10-01,220.17,220.34,216.3,217.89,213.3815,30015971
2024-10-02,216.99,218.75,216.21,217.59,213.0877,14455440
2024-10-03,216.23,217.23,215.08,216.13,211.658,21353020
2024-10-04,219.29,219.98,217.29,219.15,214.6155,27914830
2024-10-07,218.64,218.66,215.87,217.43,212.9311,14891800
2024-10-08,217.63,218.37,216.7,217.58,213.0779,18118580
2024-10-09,217.53,219.61,216.92,218.06,213.548,18230670
2024-10-10,215.9,216.88,214.6,216.85,212.3631,24571439
2024-10-11,216.77,221.61,216.71,221.26,216.6818,19950920
2024-10-14,221.45,223.11,220.4301,222.89,218.2781,19263301
2024-10-15,222.57,225.5,221.98,223.07,218.4544,25998750
2024-10-16,224.89,227.17,224.39,226.74,222.0484,27656699
2024-10-17,226.91,226.96,224.91,226.12,221.4412,18003631
2024-10-18,226.66,227.0299,225.39,225.65,220.981,20047350
2024-10-21,225.63,225.69,221.53,222.1,217.5044,24243820
2024-10-22,221.47,221.83,220.3,221.26,216.6818,15813920
2024-10-23,220.03,220.8,217.37,219.24,214.7036,23263490
2024-10-24,220.43,221.04,218.525,219.72,215.1737,18381920
2024-10-25,221.31,221.97,218.52,218.89,214.3608,23807850
2024-10-28,220.79,222.97,220.48,222.46,217.857,19877721
2024-10-29,220.74,221.9,219.97,221.74,217.1519,20282199
2024-10-30,221.07,224.48,220.9,221.44,216.8581,19754850
2024-10-31,221.22,221.77,217.63,217.76,213.2542,24078430
2024-11-01,219.5,220.97,218.34,218.98,214.449,21222180
2024-11-04,218.5,221.74,217.8401,220.09,215.536,20463670
2024-11-05,219.34,224.29,219.06,224.23,219.5904,26404600
2024-11-06,236.59,237.58,232.75,237.22,232.3116,75554570
2024-11-07,236.89,238.49,235.4,236.38,231.489,34970273
2024-11-08,235.93,238.465,235.65,238.12,233.1929,26597830
2024-11-11,240.52,242.3899,239.85,241.7,236.6989,29207689
2024-11-12,239.96,241.79,236.56,237.46,232.5466,35314352
2024-11-13,238.95,239.88,234.833,235.11,230.2452,25947670
2024-11-14,235.95,236.43,231.21,231.94,227.1408,29272070
2024-11-15,232.22,232.29,227.81,228.48,223.7524,37930047
2024-11-18,229.22,230.6,228.13,228.93,224.1931,29398811
2024-11-19,226.59,230.82,226.4,230.63,225.8579,26009369
2024-11-20,230.23,230.93,228.04,230.93,226.1517,24222670
2024-11-21,232.16,235.57,231.11,234.44,229.5891,28679391
2024-11-22,235.64,239.235,235.33,238.77,233.8295,22693131
2024-11-25,241.49,244.98,241.39,242.4,237.3844,33534000
2024-11-26,241.18,241.6068,239.429,240.62,235.6412,22581359
2024-11-27,242.01,243.69,240.44,240.95,235.9644,19472811
2024-11-29,242.37,243.475,241.54,241.87,236.8654,16782721
2024-12-02,242.24,242.66,240.01,241.75,236.7478,25274750
2024-12-03,241.54,242.14,239.37,240.03,235.0634,21376750
2024-12-04,240.28,241.67,239.21,240.89,235.9056,19903039
2024-12-05,240.52,240.86,237.735,238.08,233.1538,20227010
2024-12-06,239.79,239.89,238.38,238.93,233.9862,20760910
2024-12-09,240.55,241.38,237.65,237.73,232.811,16684340
2024-12-10,237.58,238.815,235.92,236.7,231.8023,19946471
2024-12-11,238.71,239.285,236.83,237.77,232.8502,23156930
2024-12-12,237.16,237.65,234.35,234.68,229.8241,21454510
2024-12-13,234.37,234.86,231.88,233.07,228.2474,23972920
2024-12-16,232.91,235.63,232.35,234.44,229.5891,32293520
2024-12-17,232.67,233.44,230.55,231.07,226.9607,33064328
2024-12-18,232.24,233.076,218.92,220.84,216.9126,52267520
2024-12-19,223.25,224.43,219.3299,219.86,215.95,51871699
2024-12-20,218.6,224.655,218.07,221.92,217.9734,53882238
2024-12-23,221.74,222.4,219.38,221.41,217.4725,29606801
2024-12-24,222.02,223.63,220.48,223.39,219.4173,13399600
2024-12-26,222.42,226.1407,221.465,225.68,221.6665,20085711
2024-12-27,224.29,225.44,220.2,222.39,218.435,26956051
2024-12-30,220.67,221.81,217.85,220.68,216.7555,25706131
2024-12-31,222.12,223.28,220.15,220.96,217.0305,26208301
2025-01-02,222.93,224.37,219.596,221.14,217.2073,29362961
2025-01-03,222.07,224.82,221.38,224.43,220.4388,24525330
2025-01-06,225.76,227.17,224.14,224.52,220.5272,23541881
2025-01-07,225.58,226.515,221.38,222.72,218.7592,28835230
2025-01-08,220.9,222.31,219.0121,221.71,217.7671,26795949
2025-01-10,218.31,218.71,215.31,216.83,212.9739,37379434
2025-01-13,214.5,217.515,213.97,217.25,213.3865,28603830
2025-01-14,219.18,220.225,217.22,219.72,215.8125,25447520
2025-01-15,225.44,225.575,223.0,224.04,220.0557,30124680
2025-01-16,224.15,225.23,222.71,224.49,220.4977,21029801
2025-01-17,226.93,226.9692,224.67,225.46,221.4504,26754910
2025-01-21,227.52,229.89,226.985,229.79,225.7034,26086311
2025-01-22,229.35,229.85,227.83,228.29,224.2301,21307330
2025-01-23,226.93,229.35,226.55,229.33,225.2516,20850721
2025-01-24,228.82,230.23,228.04,228.69,224.623,19074529
2025-01-27,226.71,229.62,225.21,226.5,222.472,27461721
2025-01-28,226.74,227.56,225.18,226.75,222.7175,16847369
2025-01-29,226.68,228.22,224.58,226.23,222.2068,20280449
2025-01-30,228.52,230.05,226.92,228.53,224.4659,25575051
2025-01-31,228.75,230.32,225.535,226.48,222.4523,35348793
2025-02-03,221.51,225.55,220.67,223.83,219.8494,34023352
2025-02-04,223.6,227.13,223.21,226.93,222.8943,17985500
2025-02-05,228.06,229.5,226.8893,229.4,225.3204,15197290
2025-02-06,230.51,230.7,227.3,228.65,224.5837,18809381
2025-02-07,228.85,229.2499,225.58,226.0,221.9808,28914430
2025-02-10,227.37,227.52,225.86,227.02,222.9827,14574660
2025-02-11,225.05,226.42,224.805,225.7,221.6862,18215721
2025-02-12,222.26,224.48,221.79,223.62,219.6432,25572760
2025-02-13,225.04,226.34,223.75,226.14,222.1184,21419400
2025-02-14,227.27,227.98,225.61,225.97,221.9514,13574520
2025-02-18,226.15,227.6699,225.51,227.21,223.1693,15166520
2025-02-19,225.41,227.15,225.08,226.43,222.4032,16194790
2025-02-20,226.01,226.19,223.01,224.26,220.2718,18507740
2025-02-21,226.0,226.3576,217.46,217.8,213.9267,45036910
2025-02-24,218.79,218.79,215.15,216.23,212.3846,30246230
2025-02-25,216.37,217.27,213.49,215.41,211.5792,33665070
2025-02-26,216.06,218.41,214.84,215.68,211.8444,25464170
2025-02-27,215.64,216.49,212.22,212.39,208.6129,29378529
2025-02-28,211.64,214.66,210.955,214.65,210.8327,32015381
2025-03-03,215.4,215.96,207.42,208.78,205.0671,36330031
2025-03-04,205.93,209.77,203.19,206.42,202.7491,56427047
2025-03-05,206.45,208.84,204.82,208.47,204.7626,35778461
2025-03-06,205.78,208.12,203.9,205.28,201.6293,39206273
2025-03-07,204.97,207.11,201.73,205.95,202.2874,43513961
2025-03-10,203.44,204.74,198.75,200.77,197.1995,39442840
2025-03-11,201.12,203.22,198.53,200.75,197.1799,51509688
2025-03-12,203.05,203.75,199.55,201.1,197.5237,36881727
2025-03-13,201.27,202.025,197.0,198.1,194.577,31336881
2025-03-14,200.24,203.07,199.34,202.89,199.2818,34089406
2025-03-17,202.71,206.02,202.6,205.45,201.7963,26947561
2025-03-18,203.85,203.92,202.345,203.21,200.044,22887971
2025-03-19,203.35,207.68,202.9,206.37,203.1548,31595580
2025-03-20,204.32,207.3,204.195,205.06,201.8652,25665930
2025-03-21,202.72,204.415,201.76,203.79,200.615,39470238
2025-03-24,206.96,209.23,206.69,208.86,205.606,25774689
2025-03-25,208.69,209.27,207.09,207.7,204.4641,17836900
2025-03-26,207.96,208.82,204.68,205.59,202.387,19422391
2025-03-27,205.33,206.35,203.76,204.61,201.4222,23960039
2025-03-28,204.54,204.58,199.38,200.45,197.327,26656150
2025-03-31,197.48,200.64,195.49,199.49,196.382,32250760
2025-04-01,198.99,201.23,196.66,199.51,196.4017,26054119
2025-04-02,196.78,203.33,196.54,202.66,199.5026,36603039
2025-04-03,193.11,195.0599,189.2,189.65,186.6953,60551539
2025-04-04,182.61,184.05,176.67,181.19,178.3671,92612781
2025-04-07,174.32,190.25,171.73,179.55,176.7527,96706227
2025-04-08,185.69,185.92,172.34,174.82,172.0963,61090559
2025-04-09,172.72,192.11,171.74,189.68,186.7248,123015102
2025-04-10,184.52,185.48,176.98,181.71,178.879,67503008
2025-04-11,181.14,184.85,178.58,184.36,181.4877,44954391
2025-04-14,187.81,187.97,183.05,186.53,183.6239,35214609
2025-04-15,186.34,189.05,185.84,186.76,183.8503,30715461
2025-04-16,185.7,186.73,182.56,184.97,182.0882,35063320
2025-04-17,184.99,187.43,184.46,186.48,183.5747,42359246
2025-04-21,185.0,185.29,180.765,182.74,179.893,26019000
2025-04-22,185.15,188.1,184.55,187.47,184.5493,34477047
2025-04-23,192.92,195.51,189.84,190.25,187.2859,44866129
2025-04-24,190.76,194.37,189.89,194.06,191.0366,29820131
2025-04-25,192.72,194.26,191.55,194.12,191.0957,25028971
2025-04-28,194.5,196.15,192.53,194.94,191.9029,22482250
2025-04-29,194.47,196.86,193.01,196.09,193.035,20118160
2025-04-30,193.14,195.48,190.721,194.86,191.8241,29046141
2025-05-01,195.71,197.67,193.74,196.07,193.0153,33169719
2025-05-02,198.33,201.21,198.18,200.48,197.3566,30201789
2025-05-05,198.57,200.5,198.08,198.94,195.8406,20834211
2025-05-06,196.59,198.59,195.64,196.77,193.7044,24642150
2025-05-07,198.1,198.56,196.04,197.42,194.3442,24027150
2025-05-08,199.77,202.735,198.26,201.18,198.0457,32646311
2025-05-09,201.54,202.28,199.96,200.81,197.6814,17203051
2025-05-12,208.84,209.73,205.82,207.87,204.6314,38207230
2025-05-13,208.93,209.61,207.96,208.63,205.3796,28295840
2025-05-14,208.04,208.54,206.53,206.78,203.5584,26316119
2025-05-15,206.58,208.19,205.39,208.13,204.8874,21563650
2025-05-16,208.42,210.13,207.78,209.85,206.5806,28906391
2025-05-19,206.8,209.09,206.26,208.97,205.7143,25859570
2025-05-20,208.66,209.755,207.96,209.08,205.8226,22053141
2025-05-21,206.63,207.61,202.84,203.21,200.044,36704352
2025-05-22,202.29,204.37,201.53,203.2,200.0342,31831350
2025-05-23,199.78,203.255,199.65,202.56,199.4042,29114600
2025-05-27,205.64,207.75,204.16,207.7,204.4641,31655881
2025-05-28,207.71,208.03,205.2,205.51,202.3082,26046660
2025-05-29,206.95,207.06,204.47,206.12,202.9087,32797660
2025-05-30,205.14,206.245,203.54,205.07,201.8751,37768910
2025-06-02,205.32,205.84,202.67,205.71,202.5051,30334301
2025-06-03,206.46,209.605,205.55,209.03,205.7734,37702199
2025-06-04,209.18,210.01,208.14,208.44,205.1926,27225340
2025-06-05,208.7,209.83,207.0,208.53,205.2812,35778312
2025-06-06,211.5,212.1284,210.6,211.9,208.5986,32144461
2025-06-09,213.87,214.28,212.55,213.36,210.0359,33984449
2025-06-10,214.46,215.43,213.81,214.51,211.168,30182221
2025-06-11,215.58,215.93,213.3,213.63,210.3017,31113381
2025-06-12,212.17,213.265,211.63,212.78,209.4649,25366980
2025-06-13,209.84,211.44,208.22,208.89,205.6355,60579992
2025-06-16,210.48,211.95,209.64,210.77,208.06,28974029
2025-06-17,209.06,210.45,208.37,208.55,205.8685,32843172
2025-06-18,208.44,211.39,207.78,209.65,206.9544,42850527
2025-06-20,211.11,211.25,208.46,209.21,206.52,36978129
2025-06-23,208.48,211.78,206.81,211.77,209.0471,35516441
2025-06-24,213.29,214.93,212.36,214.47,211.7124,31772551
2025-06-25,214.655,214.73,211.89,211.97,209.2445,27725580
2025-06-26,212.83,215.545,212.7,215.41,212.6403,26261199
2025-06-27,216.05,217.405,214.125,215.48,212.7094,47717340
2025-06-30,216.68,216.71,215.39,215.79,213.0154,25558000
2025-07-01,214.62,220.525,214.1499,218.01,215.2069,43864840
2025-07-02,218.37,221.095,217.36,221.03,218.188,35735199
2025-07-03,222.01,223.33,221.77,223.08,220.2117,23515740
2025-07-07,221.57,222.82,218.41,219.73,216.9048,41551199
2025-07-08,220.58,222.29,220.33,221.25,218.4052,36339320
2025-07-09,222.57,223.69,221.115,223.65,220.7744,32425150
2025-07-10,223.39,226.05,222.86,224.8,221.9096,33865887
2025-07-11,223.17,223.54,221.5727,221.7,218.8494,31579641
2025-07-14,221.37,223.335,221.06,223.19,220.3203,24632250
2025-07-15,224.07,224.23,218.79,218.82,216.0065,44215379
2025-07-16,220.22,221.365,216.91,221.02,218.1782,48199762
2025-07-17,221.08,224.2,220.71,223.92,221.0409,43548031
2025-07-18,225.29,225.36,221.98,222.33,219.4713,49009879
2025-07-21,223.54,224.41,221.25,221.43,218.5829,28191420
2025-07-22,221.62,223.81,220.66,223.27,220.3992,30873279
2025-07-23,224.82,226.71,224.065,226.68,223.7654,37478059
2025-07-24,225.515,225.8499,223.48,223.55,220.6756,29446650
2025-07-25,224.42,224.595,222.54,224.38,221.495,24555539
2025-07-28,225.32,225.44,223.43,224.12,221.2383,24934939
2025-07-29,225.61,225.69,222.055,222.69,219.8267,28685900
2025-07-30,223.66,224.931,220.12,221.56,218.7112,48924406
2025-07-31,220.455,222.02,218.88,219.39,216.5691,42913930
2025-08-01,216.22,216.56,212.34,214.92,212.1566,63854121
2025-08-04,216.55,219.74,216.08,219.73,216.9048,34989621
2025-08-05,220.56,221.26,218.235,220.85,218.0104,31337061
2025-08-06,220.95,220.99,219.38,220.56,217.7241,23142100
2025-08-07,222.76,222.84,218.505,219.84,217.0133,37088008
2025-08-08,221.07,221.57,219.74,220.32,217.4872,28318100
2025-08-11,220.77,221.68,219.81,220.27,217.4378,25212840
2025-08-12,221.85,226.975,221.15,226.81,223.8937,43991898
2025-08-13,228.26,231.46,227.83,231.22,228.247,41705781
2025-08-14,228.44,228.8,226.17,228.24,225.3053,55945512
2025-08-15,228.64,228.78,226.035,227.13,224.2096,33571449
2025-08-18,227.21,228.46,226.94,227.96,225.0289,20144109
2025-08-19,228.02,228.98,225.685,226.21,223.3014,25000689
2025-08-20,225.93,226.375,223.69,225.41,222.5117,29229750
2025-08-21,224.41,226.32,223.78,225.97,223.0645,24539359
2025-08-22,227.37,235.42,227.18,234.83,231.8106,58205539
2025-08-25,234.14,234.3,232.36,232.36,229.3724,28453660
2025-08-26,232.83,234.87,232.59,234.28,231.2677,25121539
2025-08-27,233.74,236.12,233.555,235.94,232.9063,25395391
2025-08-28,236.96,236.97,235.345,236.22,233.1827,25011199
2025-08-29,236.74,237.02,234.37,235.17,232.1462,29254770
2025-09-02,231.99,234.4,231.47,233.9,230.8926,33108621
2025-09-03,233.27,235.26,232.46,233.67,230.6655,33252352
2025-09-04,234.23,236.6665,233.58,236.59,233.548,30323830
2025-09-05,237.72,239.68,234.95,237.77,234.7128,47542500
2025-09-08,238.51,238.56,236.39,238.25,235.1866,31487730
2025-09-09,237.9,237.96,235.42,236.85,233.8046,35395781
2025-09-10,237.305,238.27,235.46,236.43,233.39,33910160
2025-09-11,236.85,240.9295,236.24,240.8,237.7038,43629820
2025-09-12,240.2,240.32,238.195,238.34,235.2755,46097641
2025-09-15,239.23,240.04,238.55,239.35,236.2725,33014031
2025-09-16,238.45,238.93,236.76,238.28,235.8834,37059320
2025-09-17,238.82,244.28,237.02,238.89,236.4873,79955602
2025-09-18,240.8,245.15,240.13,244.84,242.3775,49167672
2025-09-19,245.57,245.57,242.51,242.98,240.5362,56092039
2025-09-22,242.24,244.785,241.11,244.39,241.932,53572930
2025-09-23,245.01,247.175,243.44,243.84,241.3875,41854512
2025-09-24,243.9,244.61,241.555,241.6,239.17,36002180
2025-09-25,238.98,239.99,237.55,239.29,236.8833,37209480
2025-09-26,239.62,241.68,239.3344,241.34,238.9127,28942770
2025-09-29,242.84,242.93,240.81,241.62,239.1898,26391480
2025-09-30,241.11,242.125,239.4,241.96,239.5264,33447719
2025-10-01,240.57,243.04,240.55,242.49,240.0511,28520000
2025-10-02,243.0,244.09,241.47,244.02,241.5657,28687400
2025-10-03,245.35,248.09,245.03,245.83,243.3575,34579609
2025-10-06,247.73,248.475,246.065,246.81,244.3276,31507369
2025-10-07,247.36,247.64,243.19,244.16,241.7043,31766600
2025-10-08,245.28,246.955,243.8,246.72,244.2386,25824961
2025-10-09,246.31,247.25,244.01,245.13,242.6645,26243150
2025-10-10,245.75,246.885,237.56,237.79,235.3984,70569422
2025-10-13,241.83,244.63,241.4001,244.41,241.9518,36298633
2025-10-14,241.23,249.6,240.36,247.9,245.4067,45320809
2025-10-15,250.36,252.77,247.06,250.33,247.8122,45369047
2025-10-16,250.97,251.26,244.0,245.06,242.5952,52740391
2025-10-17,243.32,245.16,241.47,243.41,240.9618,55379512
2025-10-20,246.62,248.33,246.14,248.16,245.6641,32545029
2025-10-21,247.43,248.365,245.505,246.99,244.5058,26337900
2025-10-22,246.03,246.86,240.765,243.34,240.8925,46578449
2025-10-23,244.29,247.12,243.68,246.42,243.9416,28591000
2025-10-24,249.8,251.11,248.97,249.43,246.9213,26627010
2025-10-27,251.78,252.21,249.5,250.3,247.7825,31798150
2025-10-28,249.55,250.9,248.11,248.96,246.456,28075891
2025-10-29,248.84,251.14,244.69,246.84,244.3573,55951801
2025-10-30,245.27,248.14,244.63,244.85,242.3874,44538754
2025-10-31,244.99,246.79,243.69,246.23,243.7535,37214672
2025-11-03,246.17,246.26,242.485,245.44,242.9714,28887900
2025-11-04,241.79,244.06,240.995,241.2,238.7741,34468699
2025-11-05,241.955,245.7297,241.64,244.68,242.2191,38229168
2025-11-06,244.26,244.785,240.0,240.35,237.9326,40601199
2025-11-07,238.41,241.66,236.2744,241.61,239.1799,54978871
2025-11-10,245.01,245.24,242.25,244.03,241.5756,31238020
2025-11-11,243.37,244.74,242.52,244.24,241.7835,27357869
2025-11-12,244.84,246.375,243.33,243.64,241.1895,34543230
2025-11-13,241.84,242.68,235.84,236.79,234.4084,65709953
2025-11-14,233.34,238.725,233.27,237.48,235.0915,58344441
2025-11-17,236.46,237.84,231.755,232.76,230.419,55765898
2025-11-18,231.31,235.08,230.955,233.47,231.1218,63092500
2025-11-19,233.8,236.37,232.43,233.43,231.0822,57280551
2025-11-20,237.24,239.1,228.9,229.11,226.8057,95483023
2025-11-21,229.96,237.11,229.58,235.6,233.2304,99504109
2025-11-24,235.96,240.385,235.48,239.9,237.4871,36135320
2025-11-25,240.74,245.55,240.04,245.13,242.6645,46160793
2025-11-26,245.05,248.825,244.77,247.3,244.8127,34636594
2025-11-28,248.01,248.81,247.07,248.75,246.2481,18904300
2025-12-01,245.57,247.685,245.335,245.62,243.1496,36733600
2025-12-02,247.37,247.37,245.12,245.17,242.7041,31918471
2025-12-03,245.97,249.835,245.48,249.63,247.1193,32846270
2025-12-04,248.97,252.66,248.54,251.82,249.2873,40245801
2025-12-05,251.485,252.66,250.275,250.77,248.2478,36956621
2025-12-08,252.7,252.77,250.18,250.87,248.3468,29100029
2025-12-09,250.25,252.95,250.1,251.39,248.8616,30170109
2025-12-10,250.9,256.565,250.54,254.81,252.2472,51105180
2025-12-11,254.64,258.01,254.32,257.8,255.2071,41345160
2025-12-12,257.95,258.2,253.44,253.85,251.2968,57657738
2025-12-15,255.545,255.685,251.74,251.93,249.3962,43120090
2025-12-16,250.34,252.16,248.47,249.9,248.2162,43115262
2025-12-17,250.37,252.16,246.695,247.24,245.5741,38132441
2025-12-18,250.18,251.355,248.21,248.71,247.0342,39067969
2025-12-19,249.28,251.3999,249.06,250.79,249.1002,43610398
2025-12-22,252.28,255.115,252.2,253.58,251.8714,40497273
2025-12-23,252.42,253.22,251.46,252.08,250.3815,24973500
2025-12-24,251.97,252.86,251.12,252.71,251.0072,12102970
2025-12-26,252.58,252.75,250.395,251.42,249.7259,17429949
2025-12-29,250.26,251.5,249.35,249.88,248.1963,25218779
2025-12-30,249.97,250.15,247.95,248.03,246.3588,22123641
2025-12-31,248.18,248.28,246.01,246.16,244.5014,35351969
2026-01-02,247.63,249.09,245.86,248.78,247.1037,40007648
2026-01-05,249.79,253.55,249.57,252.73,251.0271,37428059
2026-01-06,252.24,256.25,251.52,256.08,254.3545,40677781
2026-01-07,256.4,256.795,253.97,255.48,253.7586,33052031
2026-01-08,254.7,258.93,254.36,258.27,256.5298,37957031
2026-01-09,259.58,261.56,258.09,260.23,258.4766,36301551
2026-01-12,259.28,261.66,258.24,261.5,259.738,28423359
2026-01-13,262.405,262.885,260.46,261.35,259.589,33882359
2026-01-14,261.13,263.46,260.19,263.19,261.4166,37164301
2026-01-15,264.06,267.045,263.73,265.51,263.721,33465211
2026-01-16,265.865,267.215,264.71,265.76,263.9693,33844879
2026-01-20,261.14,265.0799,261.06,262.58,260.8107,47911488
2026-01-21,264.64,268.59,262.92,267.79,265.9856,59952801
2026-01-22,269.83,271.595,269.42,269.79,267.9721,35110781
2026-01-23,269.04,269.05,264.46,264.81,263.0257,42636688
2026-01-26,265.07,266.69,263.49,263.98,262.2013,32119330
2026-01-27,264.05,264.86,262.66,264.73,262.9462,26975520
2026-01-28,265.98,266.675,262.56,263.3,261.5259,37139121
2026-01-29,264.07,265.06,259.41,263.37,261.5954,43922930
2026-01-30,261.07,262.98,257.94,259.65,257.9005,59164152
2026-02-02,258.48,263.77,258.35,262.18,260.4134,42896191
2026-02-03,263.06,265.0599,258.551,262.78,261.0094,54588008
2026-02-04,264.16,264.65,257.14,260.52,258.7646,48826551
2026-02-05,258.5,261.62,255.05,255.83,254.1062,48279641
2026-02-06,259.74,265.72,259.58,265.02,263.2343,43354859
2026-02-09,264.84,267.67,263.34,266.88,265.0817,29064850
2026-02-10,267.23,268.52,265.88,266.16,264.3666,24661660
2026-02-11,268.47,268.96,262.1,264.95,263.1648,41829434
2026-02-12,267.02,267.46,258.39,259.54,257.7912,47628168
2026-02-13,260.6,265.17,258.51,262.96,261.1882,45360320
2026-02-17,262.375,264.36,259.06,263.04,261.2676,33734781
2026-02-18,263.03,266.91,261.85,263.99,262.2112,36034688
2026-02-19,262.57,264.64,261.075,264.6,262.8171,31005949
2026-02-20,262.85,267.33,262.14,264.61,262.827,47126578
2026-02-23,263.4,264.37,258.1,260.49,258.7348,44001078
2026-02-24,260.4,264.14,259.86,263.33,261.5557,34884238
2026-02-25,265.25,265.2814,262.43,264.58,262.7972,26012141
2026-02-26,265.01,266.235,262.12,265.99,264.1977,41206473
2026-02-27,262.095,262.76,259.77,261.41,259.6486,40631480
2026-03-02,257.81,264.28,257.79,263.81,262.0324,53495719
2026-03-03,256.8,261.12,253.31,259.24,257.4932,59536969
2026-03-04,261.2,262.96,258.82,261.76,259.9962,37979727
2026-03-05,258.99,260.755,254.16,256.76,255.0299,60414633
2026-03-06,251.49,253.2999,249.94,250.89,249.1995,64191992
2026-03-09,247.59,254.65,244.39,253.62,251.9111,65369512
2026-03-10,252.96,257.65,252.4,253.36,251.6528,55879102
2026-03-11,252.34,254.38,250.58,252.85,251.1463,50418070
2026-03-12,248.94,249.805,246.575,247.41,245.7429,61802941
2026-03-13,249.26,250.61,245.535,246.59,244.9285,53933301
2026-03-16,249.76,251.465,248.31,248.92,247.2428,48755648
2026-03-17,249.87,251.71,248.96,250.05,248.8069,40642770
2026-03-18,248.41,249.23,245.88,246.02,244.797,43192621
2026-03-19,243.03,250.085,242.52,247.63,246.399,59219539
2026-03-20,246.97,247.5,240.33,242.22,241.0159,76749859
2026-03-23,247.17,251.36,246.11,247.45,246.2199,78746578
2026-03-24,245.51,250.16,244.6,248.78,247.5433,45210762
2026-03-25,251.74,253.07,249.52,251.82,250.5681,45671738
2026-03-26,248.89,251.86,247.16,247.44,246.2099,46830207
2026-03-27,246.01,246.74,242.41,243.1,241.8915,48114398
2026-03-30,245.35,245.37,238.69,239.61,238.4188,51290488
2026-03-31,243.04,248.92,242.24,248.0,246.7671,58660820
2026-04-01,249.92,252.44,249.11,249.56,248.3194,51295859
2026-04-02,244.94,252.37,244.87,251.29,250.0408,30369199
2026-04-06,250.99,253.05,250.25,252.36,251.1055,22151439
2026-04-07,251.21,253.48,249.52,252.91,251.6527,34881922
2026-04-08,261.52,262.27,258.41,260.47,259.1751,46680246
2026-04-09,258.78,262.9,258.78,261.96,260.6577,26758381
2026-04-10,262.4,262.75,260.34,261.3,260.001,22365910
2026-04-13,260.24,265.36,260.02,265.07,263.7523,23820000
2026-04-14,267.09,269.42,266.28,268.72,267.3841,24270359
2026-04-15,268.78,269.585,267.59,269.39,268.0508,21670619
2026-04-16,269.45,270.35,268.05,269.95,268.608,30847920
2026-04-17,273.74,277.63,273.115,275.78,274.409,46462699
2026-04-20,274.65,277.665,274.53,277.35,275.9712,22993850
2026-04-21,278.175,279.79,273.76,274.51,273.1454,32235230
2026-04-22,277.59,278.01,274.9,276.48,275.1056,20274270
2026-04-23,276.73,277.87,271.95,275.52,274.1503,32886590
2026-04-24,276.67,278.13,274.23,276.65,275.2747,21568590
2026-04-27,276.82,278.24,276.25,277.14,275.7623,23399410
2026-04-28,276.05,276.97,272.915,273.91,272.5483,24139410
2026-04-29,273.92,274.38,270.36,272.08,270.7274,29428949
2026-04-30,273.13,278.22,272.44,277.97,276.5882,29220711
2026-05-01,278.66,279.81,276.57,279.28,277.8916,28936699
2026-05-04,278.7,280.79,276.1,277.88,276.4986,28632340
2026-05-05,280.13,282.945,280.0,282.56,281.1553,24863180
2026-05-06,285.36,287.045,283.36,286.8,285.3743,23330330
2026-05-07,287.53,287.58,281.15,282.26,280.8568,28350391
2026-05-08,284.035,284.97,282.61,284.17,282.7573,22474311
2026-05-11,284.92,287.05,284.59,285.33,283.9116,20150350
2026-05-12,284.04,284.06,278.28,282.57,281.1653,27404641
2026-05-13,282.92,283.56,279.93,282.67,281.2648,20742270
2026-05-14,283.84,285.655,281.96,284.45,283.0359,17428750
2026-05-15,280.3,280.33,277.24,277.6,276.22,35407980
2026-05-18,278.74,279.08,273.94,275.97,274.5981,27243340
2026-05-19,273.805,275.075,270.63,273.0,271.6429,30276939
2026-05-20,274.91,280.09,273.41,279.87,278.4787,31562010
2026-05-21,278.66,283.68,277.15,282.49,281.0857,31680480
2026-05-22,284.1,286.61,283.67,285.12,283.7026,23849301
2026-05-26,288.39,290.55,287.74,290.51,289.0658,24506449
2026-05-27,291.16,291.72,289.31,290.37,288.9265,24519850
2026-05-28,289.64,292.74,287.98,292.03,290.5783,23710561
2026-05-29,291.38,291.41,288.33,290.43,288.9862,26961010
2026-06-01,288.37,290.61,286.27,288.98,287.5434,23826070
2026-06-02,288.46,291.865,288.4,291.66,290.2101,18378830
2026-06-03,289.99,290.01,286.78,287.67,286.2399,29167270
2026-06-04,287.56,292.875,286.66,292.01,290.5584,24307770
2026-06-05,289.1,289.395,280.15,281.65,280.2499,35812840
2026-06-08,285.51,286.84,283.575,284.11,282.6976,27277381
2026-06-09,287.18,290.87,277.62,285.02,283.6031,41761262
2026-06-10,284.59,289.0,281.76,282.05,280.6479,39285000
2026-06-11,284.44,291.06,284.07,290.41,288.9663,41468781
2026-06-12,291.63,295.72,290.31,292.95,291.4937,34415246
2026-06-15,296.56,297.91,293.92,294.64,293.8725,23888990
2026-06-16,295.5,296.8,291.58,292.08,291.3191,23807721
2026-06-17,292.47,295.82,288.93,289.88,289.1249,39920152
2026-06-18,294.55,295.97,291.42,295.59,294.82,32463160
2026-06-22,297.13,299.49,296.16,298.18,297.4032,22796221
2026-06-23,293.26,297.75,292.4,295.32,294.5507,26821711
2026-06-24,295.88,299.69,294.69,296.69,295.9171,28664850
2026-06-25,299.52,301.5,296.73,298.91,298.1313,27666109
2026-06-26,296.6,300.03,295.73,299.83,299.0489,39832520
2026-06-29,298.11,299.16,294.68,298.97,298.1912,24834051
2026-06-30,298.56,300.98,297.44,300.45,299.6673,23230279
2026-07-01,299.93,302.72,298.92,299.32,298.5403,20607881
2026-07-02,300.54,302.23,294.98,297.58,296.8048,21236400
2026-07-06,297.75,300.41,297.62,298.9,298.1214,18581289
2026-07-07,299.17,299.972,295.18,296.19,295.4184,18057100
2026-07-08,294.03,295.1,290.68,293.48,292.7155,24078350
2026-07-09,295.27,297.88,294.9,297.24,296.4657,16466830
2026-07-10,297.69,298.21,293.62,295.99,295.219,15888500
2026-07-13,295.06,295.78,292.6,293.48,292.7155,19375490
2026-07-14,295.49,296.065,293.75,294.51,293.7428,18326930
2026-07-15,295.25,297.14,294.15,295.77,294.9995,18832740
2026-07-16,294.65,297.81,294.345,295.59,294.82,24081330
2026-07-17,292.03,296.13,291.64,294.04,293.274,28738551
2026-07-20,295.01,295.99,292.18,292.31,291.5485,20539881
2026-07-21,293.43,296.75,292.68,296.54,295.7675,18190170
2026-07-22,295.7,296.44,293.41,293.79,293.0247,19115990
2026-07-23,290.87,293.01,290.17,292.09,291.3291,27795141
2026-07-24,293.41,293.97,290.48,291.17,290.4115,19771039
2026-07-27,293.98,295.52,291.1101,292.91,292.147,19445520
2026-07-28,293.16,293.77,290.375,293.37,292.6058,20531090
2026-07-29,292.49,293.665,288.26,288.57,287.8183,33297422
2026-07-30,291.15,292.84,288.96,292.59,291.8278,22198840
2026-07-31,293.56,293.95,287.83,291.2,290.4414,28350650
2026-08-03,292.9,296.66,292.4,296.22,295.4484,23175699
2026-08-04,297.59,302.39,297.22,301.71,300.9241,20751770
2026-08-05,302.43,303.06,299.75,299.77,298.9891,17791020
2026-08-06,299.6,301.38,297.95,298.25,297.4731,16314110
2026-08-07,300.46,302.03,299.795,301.56,300.7744,18416789
2026-08-10,300.51,301.39,299.08,299.98,299.1986,16226880
2026-08-11,300.93,301.99,300.6,300.99,300.2059,14942810
2026-08-12,303.02,303.41,301.0,302.71,301.9214,15480560
2026-08-13,304.04,305.05,302.72,303.5,302.7094,14719320
2026-08-14,303.28,305.18,302.74,305.09,304.2952,13163360
2026-08-17,303.96,304.33,303.23,304.06,303.2679,14546780
2026-08-18,302.45,303.15,300.11,300.23,299.4479,18263750
2026-08-19,302.88,303.4105,301.23,301.72,300.934,14995740
2026-08-20,299.27,300.04,297.04,297.67,296.8946,21638740
2026-08-21,299.85,300.33,298.17,299.96,299.1786,22949561
2026-08-24,299.55,299.74,297.4,297.97,297.1938,12868870
2026-08-25,299.6,299.78,297.97,299.23,298.4505,14617960
2026-08-26,298.64,299.95,298.13,298.93,298.1513,10555690
2026-08-27,298.77,300.315,298.14,299.81,299.029,13668340
2026-08-28,299.7,300.39,295.67,295.75,294.9796,19061311
2026-08-31,295.09,295.35,292.705,293.93,293.1643,20883439
2026-09-01,291.98,292.94,289.97,290.57,289.8131,22801609
2026-09-02,291.54,294.35,291.19,294.01,293.2441,22395199
2026-09-03,295.79,296.18,293.43,295.19,294.421,16651230
2026-09-04,293.7,296.18,293.56,296.01,295.2389,13960290
2026-09-08,295.34,296.1,294.26,294.67,293.9024,17332381
2026-09-09,293.46,294.155,290.31,290.64,289.8829,19141730
2026-09-10,288.48,289.83,287.18,287.7,286.9505,27044689
2026-09-11,290.71,291.44,288.77,288.89,288.1374,26358500
2026-09-14,287.49,289.84,287.06,287.91,287.16,26060900
2026-09-15,286.62,286.93,284.08,285.14,285.14,25300500
2026-09-16,285.63,287.04,281.03,283.92,283.92,27599400
2026-09-17,287.95,288.29,285.21,285.43,285.43,22159600
2026-09-18,284.92,285.27,282.54,284.1,284.1,31106300
