date,open,high,low,close,adjusted_close,volume
2013-07-18,50.23,50.23,50.15,50.15,41.1524,200
2013-07-19,50.6,50.6,49.76,49.76,40.8324,3900
2013-07-22,50.48,50.48,49.95,50.0,41.0293,3511
2013-07-23,50.39,50.39,49.8999,49.92,40.9637,4626
2013-07-24,49.802,49.852,49.802,49.852,40.9079,320
2013-07-25,49.85,50.11,49.83,50.11,41.1196,2850
2013-07-26,49.94,50.06,49.78,49.87,40.9226,3000
2013-07-29,50.2,50.2,50.05,50.05,41.0703,1187
2013-07-30,50.15,50.25,50.13,50.25,41.2344,1100
2013-07-31,50.34,50.34,50.12,50.12,41.1278,2300
2013-08-02,50.49,50.72,50.49,50.7199,41.62,3448
2013-08-05,51.18,51.18,50.7,50.73,41.6283,752
2013-08-06,50.649,50.649,50.392,50.46,41.4068,75634
2013-08-07,50.83,50.83,50.12,50.25,41.2344,16110
2013-08-08,50.68,50.68,50.309,50.49,41.4314,3903
2013-08-09,50.446,50.446,50.309,50.378,41.3395,96753
2013-08-12,50.59,50.59,50.18,50.22,41.2098,72050
2013-08-13,50.54,50.56,50.5199,50.52,41.456,700
2013-08-14,50.58,50.58,50.18,50.18,41.177,60980
2013-08-15,49.84,49.84,49.42,49.46,40.5862,24274
2013-08-16,49.5,49.538,49.3,49.32,40.4713,28761
2013-08-19,49.5,49.5,49.26,49.26,40.4221,5530
2013-08-20,49.76,49.76,49.52,49.65,40.7421,1150
2013-08-21,51.66,51.66,49.19,49.62,40.7175,7663
2013-08-22,49.649,53.27,49.61,50.0,41.0293,2800
2013-08-23,50.01,50.039,49.85,49.96,40.9965,35319
2013-08-26,50.51,50.51,49.89,49.89,40.939,17488
2013-08-27,49.91,49.91,49.0,49.085,40.2785,11329
2013-08-28,49.51,49.51,49.198,49.27,40.4303,9126
2013-08-29,49.47,49.51,49.36,49.39,40.5287,8306
2013-08-30,49.49,49.49,49.01,49.08,40.2744,20212
2013-09-03,49.5445,49.5445,49.17,49.29,40.4467,26271
2013-09-04,49.39,49.779,49.39,49.71,40.7913,26048
2013-09-05,49.8,49.85,49.77,49.77,40.8406,1886
2013-09-06,49.56,50.04,49.56,50.02,41.0457,41000
2013-09-09,50.02,50.349,50.02,50.3,41.2755,2275
2013-09-10,51.05,51.05,50.56,50.59,41.5134,4135
2013-09-11,50.5,50.77,50.5,50.77,41.6611,871
2013-09-12,53.34,53.34,50.73,50.83,41.7104,2631
2013-09-13,51.12,51.12,50.87,50.96,41.8171,4000
2013-09-16,51.15,51.25,51.04,51.04,41.8827,1242
2013-09-17,51.28,51.32,51.25,51.32,42.1125,1700
2013-09-18,51.6,52.048,51.6,52.0,42.6705,11777
2013-09-19,52.3,52.3,52.0,52.07,42.7279,6000
2013-09-20,52.26,52.26,51.7,51.86,42.5556,8370
2013-09-23,51.28,51.7,51.28,51.58,42.3258,7100
2013-09-24,51.3,51.497,51.25,51.25,42.1951,975
2013-09-25,51.2,51.2,51.016,51.04,42.0222,4531
2013-09-26,51.41,51.41,51.18,51.33,42.261,14280
2013-09-27,51.61,51.61,51.03,51.1,42.0716,36886
2013-09-30,51.0,51.0,50.33,50.78,41.8082,7219
2013-10-01,51.1,51.18,50.909,51.0332,42.0166,3625
2013-10-02,50.96,51.15,50.89,51.108,42.0782,1750
2013-10-03,51.54,51.54,50.45,50.74,41.7752,41656
2013-10-04,51.18,51.18,50.64,50.97,41.9646,10717
2013-10-07,50.95,50.95,50.55,50.58,41.6435,29458
2013-10-08,50.24,50.46,49.8,49.8,41.0013,25925
2013-10-09,50.41,50.41,49.5,49.84,41.0342,8613
2013-10-10,50.71,50.71,50.39,50.56,41.627,20250
2013-10-11,50.83,51.07,50.83,51.0,41.9893,25783
2013-10-14,51.35,51.459,50.85,51.39,42.3104,91273
2013-10-15,51.77,51.77,51.0,51.07,42.0469,33740
2013-10-16,51.81,51.81,51.4,51.74,42.5986,45334
2013-10-17,52.03,52.03,51.42,51.94,42.7632,45558
2013-10-18,52.53,52.53,52.13,52.44,43.1749,39220
2013-10-21,52.78,52.78,52.4,52.54,43.2572,46443
2013-10-22,53.05,53.05,52.57,52.74,43.4219,69886
2013-10-23,52.74,52.74,52.49,52.68,43.3725,37594
2013-10-24,53.04,53.04,52.68,52.83,43.496,127868
2013-10-25,53.15,53.15,52.9,52.96,43.603,42903
2013-10-28,53.5,53.5,53.069,53.21,43.8088,55275
2013-10-29,53.55,53.55,53.24,53.55,44.0888,36373
2013-10-30,54.0,54.0,53.269,53.44,43.9982,48729
2013-10-31,53.17,53.49,53.17,53.25,43.8418,27824
2013-11-01,53.81,53.81,53.02,53.2937,43.8777,14695
2013-11-04,53.92,53.92,53.31,53.53,44.0723,45232
2013-11-05,53.52,53.6,53.18,53.52,44.0641,54322
2013-11-06,54.09,54.09,53.5701,53.79,44.2864,49205
2013-11-07,53.87,53.87,53.01,53.1,43.7183,14312
2013-11-08,53.3,53.56,53.25,53.56,44.097,30568
2013-11-11,53.81,53.81,53.61,53.74,44.2452,43467
2013-11-12,53.88,53.88,53.56,53.77,44.2699,50724
2013-11-13,53.68,54.27,53.68,54.27,44.6816,39428
2013-11-14,54.43,54.6,54.43,54.6,44.9533,21242
2013-11-15,54.95,54.95,54.5704,54.85,45.1591,32657
2013-11-18,54.9,54.96,54.5,54.52,44.8874,32208
2013-11-19,54.7,54.75,54.49,54.59,44.945,27028
2013-11-20,54.62,54.7,54.26,54.4,44.7886,31505
2013-11-21,54.93,54.93,54.5818,54.87,45.1755,47898
2013-11-22,54.86,55.06,54.85,55.06,45.332,59204
2013-11-25,55.47,55.47,55.0,55.0,45.2826,32088
2013-11-26,55.28,55.28,55.01,55.19,45.439,12445
2013-11-27,55.515,55.515,55.24,55.3552,45.575,9897
2013-11-29,55.54,55.57,55.44,55.44,45.6448,5950
2013-12-02,55.74,55.74,55.18,55.18,45.4308,11418
2013-12-03,55.1,55.15,54.87,55.05,45.3237,32928
2013-12-04,55.21,55.21,54.6135,55.0,45.2826,67933
2013-12-05,55.05,55.05,54.7899,54.86,45.1673,158126
2013-12-06,55.16,55.38,55.05,55.27,45.5049,30694
2013-12-09,55.71,55.71,55.35,55.44,45.6448,26242
2013-12-10,55.5,55.5,55.12,55.18,45.4308,37246
2013-12-11,55.3,55.3,54.66,54.66,45.0027,20212
2013-12-12,54.72,54.72,54.42,54.536,44.9006,18972
2013-12-13,54.54,54.54,54.2499,54.41,44.7968,10707
2013-12-16,54.85,54.93,54.65,54.77,45.0932,126059
2013-12-17,55.08,55.08,54.47,54.56,44.9203,64264
2013-12-18,54.75,55.382,54.3,55.3367,45.5598,302745
2013-12-19,55.39,55.48,55.23,55.43,45.6366,188931
2013-12-20,55.5,55.89,55.5,55.8,45.9412,36782
2013-12-23,56.01,56.43,55.74,55.92,46.1933,106186
2013-12-24,56.08,56.08,55.9166,56.03,46.2841,29516
2013-12-26,55.96,56.39,55.96,56.39,46.5815,217580
2013-12-27,56.59,56.59,56.24,56.3,46.5072,75465
2013-12-30,56.46,56.46,56.19,56.3,46.5072,55790
2013-12-31,56.57,56.65,56.33,56.52,46.6889,55244
2014-01-02,56.46,56.76,55.94,56.1,46.3419,78535
2014-01-03,56.57,56.57,55.9,55.99,46.2511,76082
2014-01-06,55.98,55.98,55.63,55.77,46.0693,63213
2014-01-07,56.11,56.26,56.02,56.22,46.4411,86116
2014-01-08,56.38,56.38,56.0,56.2,46.4246,71238
2014-01-09,56.37,56.3899,55.92,56.1699,46.3997,72632
2014-01-10,56.15,56.4,56.04,56.29,46.4989,17052
2014-01-13,56.34,56.36,55.4,55.51,45.8546,40358
2014-01-14,55.79,56.1717,55.67,56.15,46.3833,19768
2014-01-15,56.39,56.52,56.26,56.43,46.6145,39439
2014-01-16,56.47,56.47,56.2401,56.46,46.6393,17375
2014-01-17,56.57,56.57,56.21,56.31,46.5154,25410
2014-01-21,56.87,56.87,56.122,56.53,46.6972,27286
2014-01-22,56.44,56.44,56.22,56.39,46.5815,25772
2014-01-23,56.27,56.27,55.66,55.97,46.2346,27060
2014-01-24,55.57,55.61,54.81,54.81,45.2763,355422
2014-01-27,54.81,54.9451,54.02,54.37,44.9129,66047
2014-01-28,54.54,54.54,54.2184,54.47,44.9955,37086
2014-01-29,54.28,54.336,53.78,54.0,44.6072,33108
2014-01-30,54.51,54.53,54.1335,54.4,44.9376,24133
2014-01-31,53.8,54.421,53.8,54.15,44.7311,43941
2014-02-03,54.29,54.29,52.81,52.88,43.682,52277
2014-02-04,52.99,53.36,52.99,53.29,44.0207,366100
2014-02-05,53.28,53.28,52.73,53.14,43.8968,69986
2014-02-06,53.3,53.79,53.3,53.79,44.4337,11742
2014-02-07,54.16,54.63,53.963,54.63,45.1276,20729
2014-02-10,54.79,54.79,54.4826,54.75,45.2268,36125
2014-02-11,54.87,55.38,54.809,55.34,45.7141,31933
2014-02-12,55.47,55.63,55.3575,55.46,45.8133,24838
2014-02-13,55.28,55.88,55.22,55.82,46.1107,22892
2014-02-14,55.94,56.14,55.73,56.06,46.3089,34193
2014-02-18,56.21,56.27,56.0,56.26,46.4741,35946
2014-02-19,56.22,56.39,55.8357,55.8499,46.1354,54095
2014-02-20,55.8,56.27,55.74,56.27,46.4824,34328
2014-02-21,56.39,56.48,56.15,56.15,46.3833,21124
2014-02-24,56.39,56.7,56.29,56.46,46.6393,62890
2014-02-25,56.29,56.61,56.29,56.391,46.5823,18759
2014-02-26,56.7,56.7999,56.374,56.58,46.7385,34496
2014-02-27,56.76,56.79,56.39,56.73,46.8624,13998
2014-02-28,56.53,57.07,56.4581,56.8,46.9202,60980
2014-03-03,56.71,56.71,55.94,56.2625,46.4762,82673
2014-03-04,57.08,57.26,56.98,57.21,47.2589,28237
2014-03-05,57.33,57.33,57.0,57.0588,47.134,27159
2014-03-06,57.33,57.33,57.0,57.1,47.168,27582
2014-03-07,57.44,57.44,56.8304,56.942,47.0375,12314
2014-03-10,56.94,57.0388,56.75,57.0388,47.1175,14481
2014-03-11,57.25,57.27,56.79,56.9,47.0028,5283
2014-03-12,56.98,56.98,56.4744,56.9199,47.0192,23131
2014-03-13,57.03,57.03,56.0,56.17,46.3998,30784
2014-03-14,55.94,56.2901,55.94,56.0,46.2593,18238
2014-03-17,56.12,56.68,56.12,56.58,46.7385,24935
2014-03-18,56.84,57.11,56.7,57.08,47.1515,12526
2014-03-19,57.27,57.27,56.33,56.67,46.8128,52509
2014-03-20,56.43,56.88,56.43,56.7401,46.8707,12011
2014-03-21,56.99,57.11,56.34,56.44,46.6228,212547
2014-03-24,56.71,56.71,55.91,56.33,46.5319,24981
2014-03-25,56.78,56.78,55.95,56.32,46.6916,24207
2014-03-26,56.8,56.8,55.85,55.85,46.302,44244
2014-03-27,55.67,55.759,55.3901,55.66,46.1445,15000
2014-03-28,56.02,56.2,55.7,55.8,46.2605,18384
2014-03-31,56.2,56.44,56.15,56.3299,46.6998,9283
2014-04-01,56.7,56.88,56.6086,56.88,47.1559,13628
2014-04-02,57.13,57.13,56.841,57.0296,47.2799,12576
2014-04-03,56.85,57.0999,56.63,56.8102,47.098,8886
2014-04-04,56.9293,56.9293,55.8,55.9364,46.3736,202667
2014-04-07,55.62,55.86,55.17,55.4586,45.9775,196230
2014-04-08,55.29,55.668,55.2,55.4901,46.0036,31306
2014-04-09,55.81,56.26,55.66,56.26,46.6419,10777
2014-04-10,56.41,56.41,55.03,55.2188,45.7787,13180
2014-04-11,54.74,55.12,54.44,54.54,45.2159,29765
2014-04-14,54.97,55.1141,54.6401,54.945,45.5517,26883
2014-04-15,55.08,55.46,54.5,55.4156,45.9418,28810
2014-04-16,55.76,56.058,55.67,56.058,46.4744,25409
2014-04-17,56.05,56.2599,55.8,56.17,46.5673,44096
2014-04-21,55.98,56.3,55.98,56.29,46.6668,42919
2014-04-22,56.51,56.7199,56.36,56.602,46.9254,24947
2014-04-23,56.4529,56.4529,56.3,56.33,46.6999,20217
2014-04-24,56.61,56.72,56.0342,56.38,46.7414,15263
2014-04-25,56.18,56.21,55.9,55.96,46.3932,16870
2014-04-28,56.03,56.4,55.78,56.37,46.7331,30091
2014-04-29,56.63,56.71,56.493,56.67,46.9818,332691
2014-04-30,56.37,56.82,56.37,56.75,47.0481,91357
2014-05-01,56.94,57.03,56.67,56.83,47.1144,39625
2014-05-02,56.964,57.0299,56.678,56.7,47.0067,8040
2014-05-05,56.43,56.9699,56.43,56.96,47.2222,25987
2014-05-06,56.68,56.8796,56.48,56.5,46.8409,6618
2014-05-07,56.6,56.6,55.96,56.46,46.8077,9770
2014-05-08,56.46,56.939,56.42,56.48,46.8243,9274
2014-05-09,56.6,56.72,56.45,56.72,47.0232,10249
2014-05-12,57.012,57.3204,57.012,57.3204,47.521,9215
2014-05-13,57.48,57.54,57.34,57.42,47.6036,10672
2014-05-14,57.42,57.42,57.08,57.08,47.3217,39450
2014-05-15,56.87,56.87,56.32,56.486,46.8292,24490
2014-05-16,56.47,56.77,56.3001,56.77,47.0647,11247
2014-05-19,56.69,57.02,56.67,56.971,47.2313,71668
2014-05-20,56.82,56.891,56.47,56.62,46.9403,53859
2014-05-21,56.79,57.02,56.79,57.02,47.272,12186
2014-05-22,57.15,57.29,57.02,57.16,47.388,42196
2014-05-23,57.3,57.45,57.3,57.4479,47.6267,9447
2014-05-27,57.56,57.72,57.56,57.67,47.8108,19561
2014-05-28,57.78,57.81,57.624,57.6577,47.8006,16686
2014-05-29,57.7301,57.8799,57.71,57.8799,47.9848,14359
2014-05-30,57.95,58.07,57.83,58.07,48.1424,43025
2014-06-02,58.24,58.24,57.88,58.11,48.1756,267007
2014-06-03,57.96,58.0399,57.85,57.98,48.0678,12864
2014-06-04,57.75,58.29,57.72,58.11,48.1756,11128
2014-06-05,58.22,58.539,58.09,58.47,48.4741,10061
2014-06-06,58.62,58.712,58.611,58.7,48.6647,14298
2014-06-09,58.84,58.87,58.702,58.749,48.7054,13993
2014-06-10,58.78,58.78,58.54,58.63,48.6067,18633
2014-06-11,58.53,58.55,58.3297,58.44,48.4492,12921
2014-06-12,58.47,58.47,57.75,57.88,47.9849,53094
2014-06-13,57.998,58.0859,57.89,57.95,48.043,7686
2014-06-16,57.8113,58.1675,57.8113,58.0495,48.1255,5124
2014-06-17,57.99,58.18,57.94,58.16,48.2171,23964
2014-06-18,58.06,58.33,57.9587,58.33,48.358,11193
2014-06-19,58.48,58.57,58.358,58.49,48.4906,13452
2014-06-20,58.59,58.61,58.48,58.5697,48.5567,25598
2014-06-23,58.67,58.67,58.45,58.57,48.557,23539
2014-06-24,58.45,58.759,58.132,58.2115,48.2598,20993
2014-06-25,57.98,58.25,57.95,58.25,48.476,13272
2014-06-26,57.95,58.15,57.89,58.15,48.3928,9902
2014-06-27,58.09,58.36,58.09,58.28,48.501,54172
2014-06-30,58.39,58.42,58.17,58.19,48.4261,24241
2014-07-01,58.4,58.86,58.4,58.81,48.942,33661
2014-07-02,58.86,58.91,58.82,58.86,48.9836,15159
2014-07-03,59.0,59.19,59.0,59.19,49.2583,3786
2014-07-07,59.17,59.19,58.99,59.01,49.1085,9109
2014-07-08,58.81,58.81,58.43,58.7,48.8505,27521
2014-07-09,58.71,58.9765,58.71,58.89,49.0086,34060
2014-07-10,58.4,58.765,58.2101,58.55,48.7257,12487
2014-07-11,58.65,58.6799,58.401,58.61,48.7756,12481
2014-07-14,58.9,59.04,58.9,58.98,49.0835,24217
2014-07-15,58.86,58.98,58.66,58.71,48.8588,9356
2014-07-16,58.98,58.98,58.75,58.8,48.9337,12238
2014-07-17,58.7,58.836,58.1,58.1,48.3512,13825
2014-07-18,58.42,58.86,58.36,58.86,48.9836,38507
2014-07-21,58.71,58.71,58.47,58.64,48.8006,4762
2014-07-22,59.04,59.18,58.965,59.05,49.1418,19683
2014-07-23,59.24,59.3699,59.23,59.339,49.3823,6913
2014-07-24,59.2,59.2999,59.1116,59.17,49.2416,16369
2014-07-25,59.0,59.08,58.868,58.9,49.0169,12739
2014-07-28,59.05,59.2199,58.71,59.11,49.1917,28799
2014-07-29,59.21,59.21,58.82,58.9,49.0169,10288
2014-07-30,58.89,59.1,58.75,58.91,49.0253,19060
2014-07-31,58.57,58.57,57.72,57.7499,48.0598,30659
2014-08-01,57.65,57.83,57.27,57.51,47.8602,22727
2014-08-04,57.69,57.88,57.34,57.88,48.1681,12654
2014-08-05,57.64,57.82,57.0,57.445,47.8061,11293
2014-08-06,57.29,57.75,57.1801,57.6,47.9351,13093
2014-08-07,57.72,57.78,57.13,57.23,47.6272,20416
2014-08-08,57.29,57.9,57.23,57.89,48.1764,200335
2014-08-11,58.16,58.22,58.03,58.03,48.2929,16100
2014-08-12,57.9606,58.089,57.7571,57.98,48.2513,10383
2014-08-13,58.1145,58.42,58.1,58.3545,48.563,43957
2014-08-14,58.5,58.64,58.4393,58.63,48.7922,8693
2014-08-15,58.871,58.98,58.43,58.69,48.8422,27709
2014-08-18,59.03,59.3199,59.03,59.28,49.3332,49835
2014-08-19,59.49,59.78,59.48,59.7224,49.7013,25660
2014-08-20,59.68,59.9701,59.68,59.9701,49.9075,23369
2014-08-21,60.05,60.09,60.03,60.03,49.9573,17639
2014-08-22,60.02,60.1499,60.01,60.02,49.949,13604
2014-08-25,60.3018,60.4099,60.2,60.251,50.1412,9072
2014-08-26,60.26,60.436,60.25,60.36,50.232,12641
2014-08-27,60.37,60.37,60.154,60.21,50.1071,22563
2014-08-28,60.01,60.23,59.9901,60.1621,50.0673,4548
2014-08-29,60.31,60.31,60.031,60.2599,50.1487,7053
2014-09-02,60.41,60.41,60.12,60.4,50.2652,61120
2014-09-03,60.61,60.61,60.11,60.15,50.0572,233911
2014-09-04,60.24,60.46,59.94,60.01,49.9407,21236
2014-09-05,59.99,60.308,59.8401,60.27,50.1571,10631
2014-09-08,60.28,60.31,60.09,60.24,50.1321,7607
2014-09-09,60.16,60.27,59.7901,59.89,49.8408,6720
2014-09-10,59.8,60.2599,59.8,60.2599,50.1487,6675
2014-09-11,60.1045,60.1394,59.874,60.08,49.9989,9039
2014-09-12,60.0,60.02,59.67,59.84,49.7992,521865
2014-09-15,59.72,59.77,59.54,59.68,49.6661,81942
2014-09-16,59.52,60.24,59.48,60.1728,50.0762,21064
2014-09-17,60.3,60.3299,59.8601,60.16,50.0655,21003
2014-09-18,60.3425,60.5799,60.3425,60.5799,50.415,543299
2014-09-19,60.7,60.7699,60.43,60.58,50.415,31633
2014-09-22,60.35,60.39,59.97,60.14,50.0489,9386
2014-09-23,59.89,60.124,59.8,59.82,49.7826,18473
2014-09-24,59.62,60.2399,59.6,60.2395,50.287,16106
2014-09-25,59.83,59.83,59.22,59.22,49.4359,56613
2014-09-26,59.465,59.83,59.32,59.83,49.9451,140106
2014-09-29,59.29,59.7399,58.81,59.7399,49.8699,42363
2014-09-30,59.65,59.8399,59.454,59.6099,49.7614,11538
2014-10-01,59.53,59.53,58.57,58.7699,49.0602,233571
2014-10-02,58.64,58.9199,58.22,58.78,49.0686,80742
2014-10-03,59.01,59.48,58.93,59.3899,49.5777,20963
2014-10-06,59.64,59.64,59.15,59.2708,49.4783,16075
2014-10-07,58.99,58.99,58.41,58.41,48.7597,125594
2014-10-08,58.3,59.48,58.158,59.48,49.653,38241
2014-10-09,59.32,59.32,58.286,58.42,48.7681,221040
2014-10-10,58.45,58.589,57.54,57.5999,48.0835,100663
2014-10-13,57.56,57.69,56.55,56.624,47.2688,26642
2014-10-14,56.91,57.22,56.57,56.7,47.3323,72015
2014-10-15,55.9,56.498,55.268,56.4065,47.0873,97209
2014-10-16,55.14,56.7,55.14,56.3879,47.0717,34554
2014-10-17,56.91,57.35,56.62,57.01,47.591,185042
2014-10-20,56.73,57.33,56.73,57.3,47.8331,33699
2014-10-21,57.8,58.4699,57.8,58.42,48.7681,249250
2014-10-22,58.6099,58.6099,58.11,58.11,48.5093,185915
2014-10-23,58.7,59.15,58.63,58.93,49.1938,20935
2014-10-24,59.01,59.3899,58.92,59.354,49.5478,10113
2014-10-27,59.25,59.48,59.132,59.4699,49.6445,51530
2014-10-28,59.65,60.06,59.6342,60.06,50.1371,62510
2014-10-29,60.02,60.2256,59.68,59.95,50.0453,39405
2014-10-30,59.86,60.73,59.86,60.63,50.613,91103
2014-10-31,61.48,61.48,60.9766,61.2,51.0888,84672
2014-11-03,61.33,61.33,61.06,61.11,51.0137,68895
2014-11-04,61.03,61.04,60.6901,60.95,50.8801,16507
2014-11-05,61.41,61.41,60.931,61.09,50.997,71621
2014-11-06,61.11,61.38,60.97,61.38,51.239,49017
2014-11-07,61.43,61.43,61.17,61.31,51.1806,20432
2014-11-10,61.39,61.69,61.37,61.64,51.4561,23297
2014-11-11,61.79,61.8067,61.624,61.71,51.5145,28241
2014-11-12,61.52,61.82,61.52,61.79,51.5813,10291
2014-11-13,61.97,62.0499,61.6,61.852,51.6331,41398
2014-11-14,61.87,61.87,61.46,61.77,51.5646,470410
2014-11-17,61.74,61.8,61.61,61.64,51.4561,180509
2014-11-18,61.72,62.06,61.72,61.93,51.6982,143229
2014-11-19,61.81,61.91,61.58,61.79,51.5813,21035
2014-11-20,61.63,62.03,61.63,61.97,51.7316,44564
2014-11-21,62.81,62.81,62.13,62.28,51.9904,50758
2014-11-24,62.55,62.55,62.3764,62.49,52.1657,127547
2014-11-25,62.69,62.69,62.44,62.44,52.1239,208329
2014-11-26,62.59,62.59,62.41,62.58,52.2408,35022
2014-11-28,62.59,62.8499,62.52,62.6,52.2575,8110
2014-12-01,62.33,62.52,62.24,62.29,51.9987,30815
2014-12-02,62.386,62.67,62.34,62.61,52.2658,64520
2014-12-03,62.8,62.94,62.6,62.91,52.5163,104953
2014-12-04,62.88,63.04,62.65,62.9,52.5079,159347
2014-12-05,62.919,63.1199,62.8976,62.97,52.5664,37208
2014-12-08,62.84,63.0,62.326,62.5,52.174,133858
2014-12-09,61.93,62.61,61.8201,62.6,52.2575,36453
2014-12-10,62.51,62.51,61.46,61.546,51.3776,22448
2014-12-11,61.83,62.5375,61.14,61.88,51.6564,24189
2014-12-12,61.7,61.96,61.0,61.0,50.9218,14562
2014-12-15,61.37,61.4799,60.4406,60.7,50.6714,39605
2014-12-16,60.26,61.0699,59.96,59.9817,50.0718,54373
2014-12-17,59.96,61.0999,59.96,60.983,50.9076,55743
2014-12-18,61.94,62.71,61.84,62.71,52.3493,21869
2014-12-19,62.9,63.1699,62.57,62.979,52.5739,30180
2014-12-22,62.68,62.98,62.67,62.98,52.5747,28812
2014-12-23,63.2,63.2,62.87,62.999,52.5906,15952
2014-12-24,62.69,62.9799,62.69,62.8799,52.6842,4444
2014-12-26,62.91,63.12,62.91,63.03,52.81,29163
2014-12-29,63.1,63.1199,62.9564,63.05,52.8267,18223
2014-12-30,62.8999,62.8999,62.64,62.81,52.6256,34172
2014-12-31,62.91,63.0499,62.24,62.25,52.1564,30284
2015-01-02,62.7,62.71,61.76,62.24,52.1481,29681
2015-01-05,61.91,61.91,61.1401,61.3,51.3605,21315
2015-01-06,61.35,61.51,60.3999,60.7699,50.9163,26845
2015-01-07,60.87,61.47,60.87,61.46,51.4945,18546
2015-01-08,62.05,62.61,62.05,62.61,52.4581,511724
2015-01-09,62.62,62.62,61.89,62.07,52.0056,68368
2015-01-12,62.12,62.12,61.39,61.56,51.5783,41894
2015-01-13,62.0,62.496,61.05,61.3881,51.4343,532885
2015-01-14,60.95,61.2728,60.65,61.15,51.2348,50978
2015-01-15,61.5,61.58,60.5799,60.5799,50.7571,92387
2015-01-16,60.39,61.3999,60.39,61.3999,51.4442,32700
2015-01-20,61.78,61.78,60.98,61.68,51.6789,272202
2015-01-21,61.49,61.9195,61.47,61.7996,51.7791,36535
2015-01-22,62.14,62.79,61.606,62.79,52.6089,250358
2015-01-23,62.79,62.98,62.65,62.65,52.4916,34214
2015-01-26,62.6,62.7799,62.375,62.76,52.5837,26350
2015-01-27,61.89,62.14,61.44,61.71,51.704,1670786
2015-01-28,62.12,62.18,61.13,61.13,51.218,70679
2015-01-29,61.13,61.7699,60.69,61.7225,51.7145,26077
2015-01-30,61.62,61.96,61.12,61.17,51.2516,42914
2015-02-02,61.46,61.76,60.58,61.72,51.7124,107099
2015-02-03,62.24,62.65,61.87,62.65,52.4916,40426
2015-02-04,62.24,62.53,62.09,62.2,52.1145,99763
2015-02-05,62.53,62.96,62.53,62.96,52.7513,38956
2015-02-06,63.01,63.0699,62.4499,62.54,52.3994,28643
2015-02-09,62.18,62.6499,62.18,62.34,52.2318,31418
2015-02-10,62.71,63.0099,62.4701,63.0,52.7848,81500
2015-02-11,62.93,63.13,62.76,63.03,52.81,104184
2015-02-12,63.19,63.6,63.19,63.546,53.2423,60172
2015-02-13,63.8,63.94,63.6299,63.94,53.5724,57614
2015-02-17,63.99,64.073,63.726,63.98,53.6059,186647
2015-02-18,63.96,64.1299,63.8201,64.11,53.7148,24882
2015-02-19,64.01,64.3444,64.01,64.23,53.8154,24232
2015-02-20,64.26,64.7,64.01,64.7,54.2092,28111
2015-02-23,64.72,64.75,64.4601,64.75,54.2511,34324
2015-02-24,64.75,64.98,64.66,64.89,54.3684,31252
2015-02-25,64.76,65.12,64.76,64.99,54.4522,25274
2015-02-26,65.07,65.07,64.79,64.95,54.4186,91317
2015-02-27,64.83,65.05,64.82,64.85,54.3349,40658
2015-03-02,64.96,65.36,64.95,65.35,54.7538,31864
2015-03-03,65.33,65.33,64.67,64.98,54.4438,92112
2015-03-04,64.89,64.89,64.41,64.7072,54.2152,51297
2015-03-05,64.86,64.94,64.67,64.91,54.3851,36279
2015-03-06,64.59,64.68,63.86,63.9299,53.564,51246
2015-03-09,63.97,64.4,63.97,64.29,53.8657,290278
2015-03-10,63.8,63.83,63.22,63.22,52.9692,39458
2015-03-11,63.26,63.3966,62.8635,62.9,52.701,28717
2015-03-12,63.01,63.57,63.01,63.56,53.254,26348
2015-03-13,63.44,63.44,62.84,63.13,52.8938,24907
2015-03-16,63.46,64.06,63.45,64.06,53.673,33122
2015-03-17,63.88,63.98,63.58,63.78,53.4384,43598
2015-03-18,63.76,64.7599,63.3,64.56,54.0919,35895
2015-03-19,64.54,64.6,64.3501,64.5499,54.0834,49444
2015-03-20,64.9,65.3299,64.89,65.17,54.603,32791
2015-03-23,65.15,65.2299,65.07,65.1599,54.5945,17086
2015-03-24,64.92,65.2204,64.71,64.71,54.2176,16297
2015-03-25,64.7,64.83,63.5,63.5599,53.4395,25435
2015-03-26,63.14,63.7099,63.14,63.46,53.3555,876789
2015-03-27,63.47,63.6,63.4,63.49,53.3807,94460
2015-03-30,63.98,64.2599,63.98,64.22,53.9945,40020
2015-03-31,63.92,64.1099,63.6,63.61,53.4816,555216
2015-04-01,63.43,63.57,62.882,63.23,53.1621,84858
2015-04-02,63.32,63.52,63.11,63.35,53.263,50966
2015-04-06,63.0,63.88,62.91,63.6972,53.5549,34653
2015-04-07,63.86,64.15,63.8199,63.8199,53.6581,36623
2015-04-08,63.82,64.084,63.67,63.9,53.7254,29047
2015-04-09,64.01,64.25,63.8227,64.22,53.9945,41085
2015-04-10,64.23,64.4799,64.19,64.38,54.129,18099
2015-04-13,64.58,64.68,64.1534,64.17,53.9524,26668
2015-04-14,64.1,64.21,63.78,64.0076,53.8159,76925
2015-04-15,64.24,64.57,64.24,64.41,54.1542,27192
2015-04-16,64.22,64.39,64.16,64.25,54.0197,217099
2015-04-17,63.86,63.86,63.25,63.44,53.3386,72336
2015-04-20,63.76,64.23,63.76,64.14,53.9272,29988
2015-04-21,64.45,64.45,64.16,64.2,53.9776,31583
2015-04-22,64.41,64.7099,64.1443,64.58,54.2971,31031
2015-04-23,64.51,65.0444,64.47,64.89,54.5578,49755
2015-04-24,65.13,65.2099,64.91,65.134,54.7629,244327
2015-04-27,65.42,65.42,64.8,64.88,54.5494,562240
2015-04-28,64.93,65.05,64.36,64.95,54.6082,201275
2015-04-29,64.6,64.84,64.3046,64.5808,54.2978,44401
2015-04-30,64.35,64.38,63.54,63.72,53.5741,579654
2015-05-01,64.16,64.6899,64.16,64.63,54.3392,42322
2015-05-04,64.94,65.1,64.77,64.77,54.4569,976987
2015-05-05,64.68,64.75,64.01,64.1,53.8936,78834
2015-05-06,64.29,64.3,63.421,63.74,53.5909,23420
2015-05-07,63.62,64.2099,63.6,64.08,53.8767,115467
2015-05-08,64.72,65.04,64.72,65.04,54.6839,16238
2015-05-11,64.96,65.03,64.8,64.8421,54.5175,17841
2015-05-12,64.4,64.8299,64.14,64.64,54.3476,38840
2015-05-13,64.76,65.02,64.56,64.62,54.3308,30258
2015-05-14,65.0,65.42,64.99,65.3972,54.9842,39159
2015-05-15,65.33,65.4699,65.23,65.4499,55.0285,17783
2015-05-18,65.47,65.759,65.3,65.63,55.1799,29923
2015-05-19,65.9,65.9,65.5657,65.69,55.2304,33693
2015-05-20,65.73,65.7915,65.5101,65.62,55.1715,13767
2015-05-21,65.55,65.79,65.4724,65.73,55.264,36536
2015-05-22,65.66,65.7299,65.53,65.53,55.0959,30332
2015-05-26,65.42,65.42,64.586,64.73,54.4232,19934
2015-05-27,64.92,65.33,64.77,65.26,54.8689,85160
2015-05-28,65.22,65.26,65.058,65.2222,54.8371,37256
2015-05-29,65.26,65.26,64.6675,64.69,54.3896,26600
2015-06-01,65.08,65.08,64.5,64.86,54.5325,19651
2015-06-02,64.72,65.055,64.59,64.8,54.4821,25564
2015-06-03,65.12,65.189,64.82,64.92,54.583,36330
2015-06-04,64.77,64.778,64.2506,64.33,54.0869,20792
2015-06-05,64.29,64.33,63.94,64.2,53.9776,22584
2015-06-08,64.01,64.07,63.79,63.79,53.6329,18982
2015-06-09,63.84,63.9,63.5897,63.78,53.6245,45314
2015-06-10,64.1,64.75,64.1,64.65,54.356,26857
2015-06-11,64.94,64.9699,64.756,64.91,54.5746,20658
2015-06-12,64.61,64.61,64.32,64.39,54.1374,23955
2015-06-15,63.93,64.0899,63.73,64.05,53.8515,27486
2015-06-16,63.92,64.5499,63.92,64.47,54.2046,36452
2015-06-17,64.67,64.84,64.26,64.7243,54.4185,24125
2015-06-18,64.86,65.5,64.86,65.3899,54.9781,37941
2015-06-19,65.47,65.47,65.0501,65.18,54.8016,25402
2015-06-22,65.51,65.61,65.3224,65.4099,54.9949,27499
2015-06-23,65.53,65.53,65.17,65.3,54.9025,42118
2015-06-24,65.03,65.03,64.6099,64.6412,54.6029,14532
2015-06-25,64.96,64.96,64.37,64.4,54.3991,33701
2015-06-26,64.55,64.5974,64.19,64.34,54.3484,34725
2015-06-29,63.71,63.881,62.8921,62.91,53.1405,43013
2015-06-30,63.63,63.63,62.99,63.2,53.3855,52608
2015-07-01,63.82,63.82,63.31,63.52,53.6558,29838
2015-07-02,63.74,63.74,63.3701,63.62,53.7402,38223
2015-07-06,63.11,63.66,63.0,63.35,53.5122,34025
2015-07-07,63.5,63.79,62.7393,63.79,53.8838,16207
2015-07-08,63.44,63.44,62.7828,62.82,53.0645,26455
2015-07-09,63.52,63.75,62.924,63.01,53.225,54643
2015-07-10,63.73,63.7704,63.47,63.67,53.7825,41658
2015-07-13,64.0,64.5399,63.995,64.52,54.5005,17443
2015-07-14,64.57,64.9,64.5,64.8,54.737,50476
2015-07-15,64.88,65.02,64.6501,64.76,54.7032,60249
2015-07-16,65.2,65.23,65.02,65.22,55.0918,42562
2015-07-17,65.5,65.67,65.39,65.67,55.4719,34895
2015-07-20,65.7,65.96,65.67,65.81,55.5902,156018
2015-07-21,65.93,65.93,65.49,65.62,55.4297,106052
2015-07-22,65.21,65.59,65.21,65.35,55.2016,141669
2015-07-23,65.41,65.46,64.85,65.0,54.9059,45240
2015-07-24,64.9,64.9,63.9801,64.03,54.0866,25296
2015-07-27,63.89,63.89,63.54,63.62,53.7402,46037
2015-07-28,64.02,64.557,63.71,64.465,54.454,23972
2015-07-29,64.68,65.0999,64.67,65.0099,54.9143,93992
2015-07-30,64.88,65.249,64.6,65.22,55.0918,15271
2015-07-31,65.43,65.43,64.92,65.02,54.9228,485933
2015-08-03,65.11,65.11,64.48,64.76,54.7032,172588
2015-08-04,64.83,65.0001,64.6201,64.78,54.7201,119871
2015-08-05,65.19,65.6099,65.19,65.31,55.1678,116851
2015-08-06,65.41,65.41,64.36,64.52,54.5005,68943
2015-08-07,64.42,64.42,64.01,64.38,54.3822,31585
2015-08-10,64.81,65.22,64.68,65.12,55.0073,39014
2015-08-11,64.98,64.98,64.32,64.61,54.5765,37007
2015-08-12,64.24,64.7099,63.6501,64.7,54.6525,115391
2015-08-13,64.73,65.0,64.49,64.71,54.661,35751
2015-08-14,64.67,64.89,64.4915,64.86,54.7877,34819
2015-08-17,64.69,65.2,64.435,65.2,55.0749,24757
2015-08-18,65.25,65.35,65.09,65.1214,55.0085,86803
2015-08-19,64.94,65.21,64.5,64.87,54.7961,139685
2015-08-20,64.3,64.41,63.52,63.52,53.6558,33966
2015-08-21,62.92,62.94,61.18,61.275,51.7594,126885
2015-08-24,57.75,60.7628,41.1,58.94,49.787,141938
2015-08-25,59.529,61.14,58.25,58.25,49.2042,120447
2015-08-26,59.095,60.94,58.9599,60.93,51.468,83549
2015-08-27,61.53,62.18,61.01,62.16,52.507,86691
2015-08-28,61.88,62.32,61.81,62.18,52.5239,46314
2015-08-31,61.82,62.0099,61.38,61.5,51.9495,65689
2015-09-01,60.89,60.89,59.52,59.82,50.5304,58452
2015-09-02,60.41,60.8599,60.07,60.8599,51.4088,78698
2015-09-03,61.22,61.54,60.81,60.99,51.5187,51579
2015-09-04,60.43,60.45,59.8,60.12,50.7838,445154
2015-09-08,61.15,61.59,60.881,61.59,52.0255,80659
2015-09-09,62.15,62.15,60.587,60.587,51.1783,384059
2015-09-10,60.61,61.38,60.61,60.98,51.5102,57567
2015-09-11,60.82,61.36,60.75,61.36,51.8312,29541
2015-09-14,61.52,61.52,61.001,61.11,51.62,49315
2015-09-15,61.37,62.06,61.16,61.9,52.2874,63455
2015-09-16,62.0,62.4,61.86,62.32,52.6421,49325
2015-09-17,62.34,63.125,62.2199,62.2499,52.5829,64965
2015-09-18,61.39,61.945,61.18,61.31,51.789,52938
2015-09-21,61.67,62.0107,61.22,61.58,52.017,117714
2015-09-22,60.8,61.08,60.54,61.07,51.5862,57055
2015-09-23,60.86,61.17,60.67,60.93,51.468,86206
2015-09-24,60.53,60.86,60.1,60.76,51.3244,70417
2015-09-25,61.07,61.11,60.26,60.56,51.3695,515214
2015-09-28,60.26,60.26,59.14,59.23,50.2414,240763
2015-09-29,59.37,59.7401,59.09,59.41,50.394,1586893
2015-09-30,60.13,60.46,59.77,60.45,51.2762,352957
2015-10-01,60.68,60.68,59.8401,60.44,51.2677,49958
2015-10-02,59.75,61.24,59.51,61.24,51.9463,115116
2015-10-05,61.7,62.25,61.7,62.21,52.7691,56769
2015-10-06,62.19,62.19,61.86,61.99,52.5825,40506
2015-10-07,62.42,62.6,62.01,62.49,53.0066,160605
2015-10-08,62.39,63.1999,62.24,63.1,53.5241,104800
2015-10-09,63.21,63.2797,62.9,63.15,53.5665,644605
2015-10-12,63.16,63.16,63.02,63.0766,53.5042,26617
2015-10-13,62.76,63.14,62.565,62.62,53.1169,43347
2015-10-14,62.62,62.78,62.15,62.24,52.7946,81384
2015-10-15,62.45,63.19,62.41,63.19,53.6004,53572
2015-10-16,63.32,63.55,63.17,63.55,53.9058,88850
2015-10-19,63.35,63.63,63.31,63.63,53.9736,881920
2015-10-20,63.53,63.78,63.49,63.65,53.9906,61746
2015-10-21,63.93,64.0,63.45,63.5,53.8634,316448
2015-10-22,63.89,65.04,63.78,64.92,55.0679,468526
2015-10-23,65.6,65.61,65.0615,65.53,55.5853,101501
2015-10-26,65.49,65.55,65.33,65.47,55.5344,132952
2015-10-27,65.29,65.4,65.13,65.33,55.4156,225764
2015-10-28,65.46,65.98,65.16,65.98,55.967,502141
2015-10-29,65.84,66.01,65.6201,65.93,55.9246,378185
2015-10-30,66.09,66.13,65.68,65.68,55.7125,326901
2015-11-02,65.83,66.4,65.782,66.32,56.2554,302788
2015-11-03,66.31,66.82,66.14,66.64,56.5268,387368
2015-11-04,66.74,66.74,66.3,66.44,56.3572,246573
2015-11-05,66.34,66.4,65.91,66.15,56.1112,256556
2015-11-06,66.09,66.17,65.63,66.17,56.1282,182525
2015-11-09,65.98,65.98,65.18,65.44,55.5089,546869
2015-11-10,65.27,65.58,65.21,65.58,55.6277,229542
2015-11-11,65.68,65.77,65.41,65.42,55.492,47363
2015-11-12,65.0,65.12,64.5,64.51,54.7201,384969
2015-11-13,64.3,64.37,63.67,63.73,54.0584,143186
2015-11-16,63.67,64.71,63.67,64.7,54.8812,85787
2015-11-17,64.95,65.14,64.5901,64.72,54.8982,122748
2015-11-18,64.9,65.7501,64.75,65.73,55.7549,231809
2015-11-19,65.77,65.9,65.6886,65.75,55.7719,123094
2015-11-20,66.17,66.3199,65.978,66.07,56.0433,89687
2015-11-23,66.13,66.3385,65.9676,66.14,56.1027,71036
2015-11-24,65.81,66.32,65.6401,66.18,56.1366,305144
2015-11-25,66.22,66.36,66.12,66.23,56.1791,579820
2015-11-27,66.22,66.38,66.125,66.31,56.2469,72363
2015-11-30,66.36,66.43,65.95,65.97,55.9585,311804
2015-12-01,66.21,66.47,66.08,66.41,56.3317,357625
2015-12-02,66.44,66.5,65.81,65.89,55.8906,1250003
2015-12-03,66.02,66.02,64.65,64.9,55.0509,126395
2015-12-04,64.98,66.4,64.98,66.35,56.2808,86179
2015-12-07,66.19,66.21,65.7,66.01,55.9924,190515
2015-12-08,65.48,65.91,65.29,65.63,55.6701,75314
2015-12-09,65.42,66.089,64.8,65.04,55.1696,146773
2015-12-10,65.08,65.6577,65.0154,65.24,55.3393,104159
2015-12-11,64.51,64.64,63.8801,63.94,54.2366,109581
2015-12-14,64.01,64.37,63.46,64.37,54.6013,156564
2015-12-15,64.85,65.23,64.84,64.96,55.1018,184181
2015-12-16,65.37,65.8899,64.925,65.78,55.7973,87434
2015-12-17,65.91,65.91,64.85,64.86,55.017,410389
2015-12-18,64.62,64.62,63.64,63.66,53.9991,157279
2015-12-21,64.05,64.22,63.73,64.22,54.4741,135468
2015-12-22,64.52,64.86,64.1396,64.76,54.9321,802231
2015-12-23,65.19,65.55,65.11,65.51,55.5683,475677
2015-12-24,65.17,65.334,65.0799,65.17,55.509,63031
2015-12-28,64.85,65.01,64.6201,65.01,55.3727,174823
2015-12-29,65.37,65.8,65.37,65.7,55.9604,141786
2015-12-30,65.63,65.63,65.24,65.26,55.5856,79704
2015-12-31,65.14,65.1571,64.55,64.57,54.9979,99830
2016-01-04,63.59,63.62,62.8845,63.62,54.1888,196660
2016-01-05,63.78,63.94,63.34,63.79,54.3336,543256
2016-01-06,63.02,63.34,62.7,63.03,53.6862,180127
2016-01-07,61.86,62.49,61.4,61.53,52.4086,165957
2016-01-08,61.9,62.02,60.75,60.83,51.8124,541394
2016-01-11,61.17,61.22,60.22,60.92,51.889,276186
2016-01-12,61.46,61.7,60.76,61.54,52.4171,342725
2016-01-13,61.77,61.87,60.075,60.1453,51.2292,212751
2016-01-14,60.37,61.55,59.8401,61.05,51.9997,311397
2016-01-15,59.12,60.12,59.12,59.85,50.9776,659671
2016-01-19,60.61,60.61,59.43,59.919,51.0364,614993
2016-01-20,59.04,59.71,57.86,59.18,50.407,857767
2016-01-21,59.3,59.98,58.85,59.44,50.6284,1410678
2016-01-22,60.32,60.77,60.16,60.73,51.7272,700627
2016-01-25,60.57,60.66,59.8,59.8,50.935,228734
2016-01-26,60.02,60.7499,59.99,60.69,51.6931,307864
2016-01-27,60.43,60.9,59.596,59.93,51.0458,771529
2016-01-28,60.38,60.3999,59.61,60.14,51.2246,338092
2016-01-29,60.44,61.65,60.4,61.59,52.4597,365678
2016-02-01,61.27,61.9,61.0954,61.64,52.5023,346334
2016-02-02,61.12,61.12,60.42,60.61,51.625,687956
2016-02-03,60.94,61.1741,59.8802,61.05,51.9997,215799
2016-02-04,60.92,61.3899,60.665,61.17,52.1019,495407
2016-02-05,60.95,60.96,59.76,60.06,51.1565,677516
2016-02-08,59.38,59.6799,58.67,59.44,50.6284,616614
2016-02-09,58.89,60.05,58.89,59.59,50.7562,155764
2016-02-10,60.02,60.56,59.62,59.66,50.8158,362697
2016-02-11,58.69,59.2522,58.33,58.93,50.194,358649
2016-02-12,59.41,60.0,59.22,59.97,51.0798,539007
2016-02-16,60.65,60.9598,60.349,60.93,51.8975,129475
2016-02-17,61.35,61.91,61.35,61.83,52.6641,199873
2016-02-18,61.92,62.01,61.62,61.7,52.5534,501897
2016-02-19,61.42,61.68,61.24,61.64,52.5023,125083
2016-02-22,62.17,62.46,62.13,62.37,53.1241,210232
2016-02-23,62.25,62.3099,61.65,61.69,52.5449,1070449
2016-02-24,61.21,62.11,60.86,62.02,52.8259,122901
2016-02-25,62.18,62.7,61.91,62.68,53.3881,334916
2016-02-26,63.03,63.07,62.3902,62.42,53.1666,971842
2016-02-29,62.42,62.83,61.96,61.96,52.7748,175988
2016-03-01,62.46,63.36,62.3825,63.36,53.9673,128859
2016-03-02,63.22,63.49,63.03,63.47,54.061,448139
2016-03-03,63.41,63.55,63.09,63.55,54.1291,252505
2016-03-04,63.57,63.9,63.23,63.69,54.2484,185485
2016-03-07,63.37,63.8454,63.37,63.73,54.2824,110503
2016-03-08,63.4,63.78,63.3,63.31,53.9247,1532177
2016-03-09,63.58,63.73,63.2101,63.43,54.0269,104773
2016-03-10,63.69,63.949,62.85,63.48,54.0695,172978
2016-03-11,64.06,64.42,63.9701,64.39,54.8446,115843
2016-03-14,64.21,64.5,64.21,64.38,54.8361,326473
2016-03-15,64.04,64.45,64.04,64.45,54.8957,100903
2016-03-16,64.29,64.9,64.23,64.74,55.1427,122721
2016-03-17,64.75,65.39,64.6505,65.25,55.5771,692740
2016-03-18,65.51,65.51,65.243,65.4,55.7049,104641
2016-03-21,65.27,65.6081,65.27,65.54,55.8241,81547
2016-03-22,65.22,65.71,65.22,65.51,55.7986,763177
2016-03-23,65.02,65.0918,64.82,64.875,55.527,88680
2016-03-24,64.47,64.8,64.44,64.8,55.4628,178234
2016-03-28,64.93,65.064,64.8,64.89,55.5399,123813
2016-03-29,64.76,65.48,64.6201,65.46,56.0277,141801
2016-03-30,65.79,65.979,65.6276,65.79,56.3102,495121
2016-03-31,65.74,65.92,65.55,65.62,56.1647,768688
2016-04-01,65.27,66.15,65.19,66.12,56.5926,255192
2016-04-04,66.15,66.15,65.76,65.89,56.3958,153645
2016-04-05,65.52,65.7385,65.3699,65.43,56.0021,133068
2016-04-06,65.47,66.06,65.4,66.045,56.5284,157683
2016-04-07,65.68,65.71,65.08,65.34,55.925,201456
2016-04-08,65.75,65.89,65.34,65.5,56.062,76366
2016-04-11,65.68,66.02,65.31,65.33,55.9165,161607
2016-04-12,65.4,65.98,65.2199,65.92,56.4215,424378
2016-04-13,66.24,66.5,66.08,66.47,56.8922,180234
2016-04-14,66.44,66.61,66.29,66.44,56.8665,589067
2016-04-15,66.44,66.54,66.3,66.45,56.8751,225644
2016-04-18,66.23,66.8765,66.23,66.86,57.226,244873
2016-04-19,67.11,67.2099,66.7799,67.01,57.3544,615545
2016-04-20,67.0,67.2301,66.8436,66.96,57.3116,263262
2016-04-21,66.98,67.0,66.52,66.57,56.9778,1008407
2016-04-22,66.48,66.64,66.21,66.51,56.9264,247445
2016-04-25,66.28,66.47,66.1301,66.46,56.8836,177996
2016-04-26,66.58,66.78,66.36,66.56,56.9692,675648
2016-04-27,66.34,66.77,66.16,66.6,57.0035,94275
2016-04-28,66.27,66.69,65.85,65.98,56.4728,166721
2016-04-29,65.66,65.66,65.0187,65.36,55.9421,295641
2016-05-02,65.59,66.01,65.4501,65.95,56.4471,340288
2016-05-03,65.51,65.58,65.19,65.43,56.0021,94856
2016-05-04,65.1,65.22,64.909,65.02,55.6511,133115
2016-05-05,65.21,65.2582,64.9489,65.05,55.6768,76368
2016-05-06,64.86,65.24,64.7,65.2,55.8052,83297
2016-05-09,65.2,65.49,65.17,65.34,55.925,69046
2016-05-10,65.59,66.1,65.59,66.08,56.5584,397429
2016-05-11,66.0,66.0,65.38,65.38,55.9593,111642
2016-05-12,65.73,65.8099,65.15,65.51,56.0705,68245
2016-05-13,65.34,65.6299,64.84,64.93,55.5741,84924
2016-05-16,64.95,65.71,64.95,65.55,56.1048,79866
2016-05-17,65.57,65.6399,64.7399,64.94,55.5827,116972
2016-05-18,64.86,65.27,64.5,64.84,55.4971,277403
2016-05-19,64.5,64.62,64.11,64.57,55.266,191016
2016-05-20,64.8,65.08,64.743,64.8671,55.5203,54877
2016-05-23,64.92,65.03,64.76,64.76,55.4286,714858
2016-05-24,65.18,65.8592,65.18,65.75,56.2759,188762
2016-05-25,65.92,66.17,65.87,66.03,56.5156,167080
2016-05-26,66.14,66.17,65.95,66.01,56.4985,196881
2016-05-27,66.07,66.3,66.0501,66.24,56.6953,75870
2016-05-31,66.47,66.47,65.83,66.06,56.5413,95640
2016-06-01,65.89,66.2099,65.77,66.16,56.6269,112318
2016-06-02,66.05,66.21,65.7848,66.21,56.6697,224057
2016-06-03,66.07,66.1926,65.775,66.08,56.5584,310017
2016-06-06,66.22,66.5827,66.13,66.5,56.9179,228597
2016-06-07,66.5,66.648,66.42,66.45,56.8751,137498
2016-06-08,66.44,66.6999,66.44,66.65,57.0463,114323
2016-06-09,66.45,66.64,66.333,66.57,56.9778,76262
2016-06-10,66.07,66.23,65.8,66.03,56.5156,439539
2016-06-13,65.75,66.0099,65.47,65.51,56.0705,1613349
2016-06-14,65.33,65.45,65.05,65.42,55.9935,102672
2016-06-15,65.55,65.64,65.17,65.24,55.8394,358489
2016-06-16,64.97,65.62,64.7,65.57,56.1219,161426
2016-06-17,65.58,65.58,65.06,65.31,55.8993,272923
2016-06-20,65.89,66.2001,65.6848,65.73,56.2588,135228
2016-06-21,65.56,65.63,65.4033,65.48,56.3672,177842
2016-06-22,65.59,65.82,65.36,65.38,56.2811,290444
2016-06-23,65.92,66.21,65.78,66.21,56.9956,341939
2016-06-24,64.22,64.9799,63.7,63.9201,55.0244,523027
2016-06-27,63.46,63.46,62.64,62.94,54.1807,1835353
2016-06-28,63.64,63.98,63.38,63.98,55.076,159509
2016-06-29,64.49,65.07,64.46,65.03,55.9798,178162
2016-06-30,65.12,66.0,65.0786,66.0,56.8148,147454
2016-07-01,66.02,66.28,66.0001,66.12,56.9181,228026
2016-07-05,65.87,65.87,65.56,65.73,56.5824,80644
2016-07-06,65.52,66.01,65.3499,66.0,56.8148,117912
2016-07-07,66.11,66.37,65.74,65.96,56.7804,160587
2016-07-08,66.41,66.915,66.37,66.87,57.5638,180302
2016-07-11,67.03,67.24,66.94,67.05,57.7187,112850
2016-07-12,67.27,67.54,67.22,67.41,58.0286,517734
2016-07-13,67.51,67.63,67.2585,67.4,58.02,202895
2016-07-14,67.71,67.87,67.5801,67.71,58.2869,742305
2016-07-15,67.86,68.0,67.56,67.72,58.2955,104416
2016-07-18,67.8,67.92,67.6522,67.84,58.3988,3234736
2016-07-19,67.75,67.88,67.703,67.88,58.4332,118985
2016-07-20,68.11,68.2537,67.96,68.19,58.7001,250174
2016-07-21,68.17,68.23,67.75,67.92,58.4676,76530
2016-07-22,67.97,68.26,67.89,68.25,58.7517,76553
2016-07-25,68.22,68.22,67.8901,68.15,58.6656,78755
2016-07-26,68.02,68.1595,67.72,67.98,58.5193,140962
2016-07-27,68.22,68.22,67.73,67.94,58.4849,854987
2016-07-28,67.9,68.04,67.63,67.96,58.5021,57082
2016-07-29,67.77,68.08,67.6801,68.01,58.5451,96024
2016-08-01,68.01,68.17,67.81,67.94,58.4849,183638
2016-08-02,67.88,67.92,67.3,67.69,58.2697,752551
2016-08-03,67.62,67.79,67.5123,67.79,58.3557,119926
2016-08-04,67.8,67.93,67.66,67.77,58.3385,202857
2016-08-05,68.09,68.34,68.052,68.34,58.8292,155782
2016-08-08,68.44,68.44,68.17,68.3,58.7948,113970
2016-08-09,68.35,68.43,68.1737,68.25,58.7517,80757
2016-08-10,68.32,68.3299,68.05,68.13,58.6484,299325
2016-08-11,68.36,68.59,68.2846,68.49,58.9583,143591
2016-08-12,68.41,68.48,68.315,68.4,58.8808,64214
2016-08-15,68.56,68.71,68.56,68.59,59.0444,135248
2016-08-16,68.41,68.43,68.16,68.17,58.6829,63456
2016-08-17,68.14,68.41,67.99,68.37,58.855,79470
2016-08-18,68.39,68.44,68.24,68.42,58.8981,222724
2016-08-19,68.27,68.44,68.1223,68.4101,58.8895,83534
2016-08-22,68.35,68.52,68.2001,68.37,58.855,120521
2016-08-23,68.55,68.72,68.4901,68.52,58.9841,120936
2016-08-24,68.51,68.51,68.1201,68.24,58.7431,162699
2016-08-25,68.16,68.3799,68.12,68.24,58.7431,129291
2016-08-26,68.3,68.66,67.8,68.04,58.5709,123406
2016-08-29,68.1,68.36,68.1,68.28,58.7775,79926
2016-08-30,68.23,68.27,67.896,68.04,58.5709,72402
2016-08-31,67.96,67.9926,67.61,67.86,58.416,129294
2016-09-01,67.84,67.91,67.46,67.81,58.373,326958
2016-09-02,68.11,68.254,67.92,68.13,58.6484,60851
2016-09-06,68.18,68.25,67.92,68.21,58.7173,141675
2016-09-07,68.22,68.22,68.0,68.22,58.7259,125636
2016-09-08,68.06,68.24,67.8414,67.93,58.4763,724467
2016-09-09,67.5,67.5,66.38,66.3925,57.1527,177888
2016-09-12,66.14,67.39,66.09,67.27,57.9081,148265
2016-09-13,66.91,67.015,66.31,66.49,57.2367,2599760
2016-09-14,66.55,66.89,66.29,66.49,57.2367,2585022
2016-09-15,66.46,67.26,66.35,67.14,57.7962,655602
2016-09-16,66.97,66.97,66.61,66.84,57.5379,729392
2016-09-19,67.06,67.3,66.82,66.92,57.6068,127454
2016-09-20,67.17,67.26,66.944,67.0,57.6757,247979
2016-09-21,67.22,67.75,66.96,67.71,58.2869,206259
2016-09-22,68.02,68.1901,67.95,68.07,58.5968,124871
2016-09-23,67.93,68.03,67.64,67.64,58.2266,112089
2016-09-26,67.06,67.13,66.85,66.89,57.8377,151798
2016-09-27,66.83,67.28,66.75,67.27,58.1663,247084
2016-09-28,67.34,67.5,67.015,67.47,58.3392,247185
2016-09-29,67.45,67.58,66.75,66.88,57.8291,677682
2016-09-30,67.2,67.6928,67.2,67.49,58.3565,2026762
2016-10-03,67.35,67.39,67.081,67.28,58.1749,2196982
2016-10-04,67.31,67.39,66.69,66.85,57.8031,925583
2016-10-05,67.03,67.22,66.98,67.1,58.0193,784077
2016-10-06,67.04,67.225,66.87,67.16,58.0712,440610
2016-10-07,67.23,67.331,66.75,66.96,57.8983,166140
2016-10-10,67.32,67.48,67.28,67.29,58.1836,148510
2016-10-11,67.22,67.22,66.3299,66.55,57.5437,66591
2016-10-12,66.56,66.83,66.45,66.64,57.6216,968831
2016-10-13,66.25,66.686,66.0,66.49,57.4919,233751
2016-10-14,66.73,66.97,66.55,66.56,57.5524,289614
2016-10-17,66.54,66.635,66.345,66.45,57.4573,105959
2016-10-18,66.76,66.93,66.47,66.48,57.4832,175604
2016-10-19,66.62,66.7299,66.49,66.6,57.587,196177
2016-10-20,66.55,66.6998,66.29,66.39,57.4054,289120
2016-10-21,66.23,66.37,66.09,66.28,57.3103,104996
2016-10-24,66.55,66.7,66.5199,66.58,57.5697,124003
2016-10-25,66.45,66.52,66.2,66.28,57.3103,76173
2016-10-26,66.01,66.48,65.96,66.35,57.3708,277780
2016-10-27,66.52,66.61,66.08,66.09,57.146,184933
2016-10-28,66.09,66.4927,65.9,66.11,57.1633,212382
2016-10-31,66.16,66.3,66.05,66.11,57.1633,235863
2016-11-01,66.3,66.32,65.3124,65.65,56.7655,471225
2016-11-02,65.5,65.65,65.27,65.32,56.4802,118136
2016-11-03,65.4,65.57,65.0768,65.17,56.3505,304371
2016-11-04,65.22,65.47,65.06,65.06,56.2554,560332
2016-11-07,65.91,66.46,65.9,66.43,57.44,564194
2016-11-08,66.46,66.98,66.405,66.75,57.7167,182127
2016-11-09,66.11,67.71,66.11,67.54,58.3998,695288
2016-11-10,67.88,68.099,67.27,67.63,58.4776,770822
2016-11-11,67.46,67.6341,67.23,67.56,58.4171,621131
2016-11-14,67.69,67.833,67.1599,67.38,58.2614,514246
2016-11-15,67.44,67.69,67.3499,67.67,58.5122,231310
2016-11-16,67.59,67.79,67.58,67.78,58.6073,1023792
2016-11-17,67.84,68.1,67.765,68.1,58.884,156276
2016-11-18,68.13,68.13,67.89,67.98,58.7802,194321
2016-11-21,68.11,68.45,68.1,68.42,59.1607,1778924
2016-11-22,68.61,68.79,68.37,68.63,59.3423,855253
2016-11-23,68.26,68.45,68.26,68.43,59.1693,318242
2016-11-25,68.52,68.71,68.52,68.71,59.4114,73282
2016-11-28,68.63,68.75,68.46,68.48,59.2126,319208
2016-11-29,68.45,68.65,68.33,68.5,59.2298,245228
2016-11-30,68.66,68.68,68.1,68.1,58.884,248872
2016-12-01,68.15,68.1899,67.74,67.87,58.6851,522663
2016-12-02,67.87,68.0161,67.7459,67.87,58.6851,82779
2016-12-05,68.12,68.26,68.0423,68.17,58.9445,184718
2016-12-06,68.26,68.29,68.0526,68.29,59.0483,165739
2016-12-07,68.28,69.24,68.24,69.19,59.8265,1243727
2016-12-08,69.23,69.46,69.12,69.33,59.9475,226605
2016-12-09,69.42,69.7,69.42,69.7,60.2674,389545
2016-12-12,69.7,69.85,69.66,69.82,60.3712,162357
2016-12-13,70.09,70.42,70.09,70.32,60.8035,131739
2016-12-14,70.26,70.5,69.64,69.75,60.3107,204584
2016-12-15,69.8,70.25,69.75,69.94,60.475,305572
2016-12-16,70.11,70.33,69.8398,69.91,60.449,196888
2016-12-19,70.0,70.2027,69.95,70.05,60.5701,173662
2016-12-20,70.21,70.37,70.12,70.28,60.769,241779
2016-12-21,70.27,70.32,70.1,70.1,60.6133,988013
2016-12-22,69.75,69.85,69.51,69.7,60.5807,800428
2016-12-23,69.67,69.76,69.64,69.75,60.6241,748562
2016-12-27,69.79,70.03,69.79,69.81,60.6763,562137
2016-12-28,69.9,69.97,69.28,69.31,60.2417,805628
2016-12-29,69.36,69.51,69.3,69.39,60.3112,586223
2016-12-30,69.54,69.57,68.94,69.1,60.0592,888774
2017-01-03,69.48,69.72,69.28,69.6,60.4937,854427
2017-01-04,69.7,70.08,69.65,69.99,60.8327,815576
2017-01-05,69.92,70.16,69.71,69.92,60.7719,171886
2017-01-06,69.94,70.258,69.81,70.16,60.9805,181335
2017-01-09,70.08,70.16,69.79,69.81,60.6763,185389
2017-01-10,69.81,70.03,69.67,69.7,60.5807,323067
2017-01-11,69.7,69.8039,69.43,69.74,60.6154,253003
2017-01-12,69.58,69.69,69.1844,69.66,60.5459,545800
2017-01-13,69.63,69.83,69.63,69.66,60.5459,287334
2017-01-17,69.54,69.7763,69.51,69.7,60.5807,225320
2017-01-18,69.78,69.87,69.6266,69.82,60.685,194172
2017-01-19,69.78,69.89,69.3574,69.47,60.3807,415046
2017-01-20,69.61,69.79,69.4,69.66,60.5459,135004
2017-01-23,69.54,69.66,69.3311,69.56,60.459,468095
2017-01-24,69.65,70.12,69.65,70.03,60.8675,170799
2017-01-25,70.29,70.66,70.29,70.62,61.3803,466461
2017-01-26,70.55,70.66,70.36,70.45,61.2325,1655181
2017-01-27,70.44,70.54,70.2601,70.35,61.1456,80193
2017-01-30,70.14,70.14,69.76,70.04,60.8762,2298692
2017-01-31,69.78,69.92,69.62,69.9,60.7545,564697
2017-02-01,70.06,70.19,69.6708,69.8,60.6676,274951
2017-02-02,69.73,69.92,69.61,69.82,60.685,116695
2017-02-03,70.16,70.3562,70.0441,70.33,61.1282,308462
2017-02-06,70.16,70.3232,70.05,70.25,61.0587,103694
2017-02-07,70.37,70.47,70.3,70.36,61.1543,1683768
2017-02-08,70.18,70.345,70.1034,70.33,61.1282,292805
2017-02-09,70.46,70.8028,70.44,70.68,61.4324,284054
2017-02-10,70.78,71.14,70.78,71.02,61.7279,285455
2017-02-13,71.18,71.48,71.18,71.41,62.0669,132030
2017-02-14,71.35,71.72,71.2636,71.72,62.3364,118562
2017-02-15,71.67,72.2,71.63,72.17,62.7275,201128
2017-02-16,72.18,72.26,71.9536,72.25,62.797,217905
2017-02-17,72.08,72.55,72.0501,72.55,63.0578,236765
2017-02-21,72.58,72.95,72.58,72.87,63.3359,97315
2017-02-22,72.76,72.92,72.76,72.86,63.3272,95089
2017-02-23,73.03,73.13,72.769,73.07,63.5097,224631
2017-02-24,72.81,73.3,72.81,73.3,63.7096,182049
2017-02-27,73.25,73.37,73.14,73.29,63.7009,94492
2017-02-28,73.16,73.315,73.11,73.18,63.6053,307688
2017-03-01,73.67,74.29,73.6599,74.14,64.4397,249442
2017-03-02,74.09,74.1161,73.87,73.87,64.2051,137481
2017-03-03,73.85,73.94,73.6314,73.84,64.179,259861
2017-03-06,73.57,73.76,73.48,73.65,64.0138,134396
2017-03-07,73.47,73.72,73.365,73.46,63.8487,215871
2017-03-08,73.45,73.61,73.32,73.34,63.7444,128926
2017-03-09,73.36,73.42,73.04,73.34,63.7444,534185
2017-03-10,73.65,73.73,73.31,73.63,63.9965,197221
2017-03-13,73.6,73.6666,73.4468,73.64,64.0052,125010
2017-03-14,73.52,73.59,73.331,73.41,63.8052,164222
2017-03-15,73.61,74.2187,73.601,74.09,64.3963,117144
2017-03-16,74.13,74.22,73.79,73.93,64.2572,175393
2017-03-17,74.03,74.21,73.92,73.92,64.2485,60669
2017-03-20,73.95,73.95,73.65,73.82,64.1616,120931
2017-03-21,73.99,74.13,73.05,73.09,63.5271,92097
2017-03-22,73.06,73.3,72.8989,73.23,63.6488,80987
2017-03-23,73.15,73.56,73.07,73.14,63.5706,451830
2017-03-24,72.93,73.04,72.5,72.7,63.4895,170670
2017-03-27,72.17,72.67,72.0,72.57,63.3759,110580
2017-03-28,72.51,73.09,72.3765,72.94,63.6991,188550
2017-03-29,72.91,72.95,72.75,72.87,63.6379,273155
2017-03-30,72.83,73.01,72.73,72.95,63.7078,129108
2017-03-31,72.88,73.04,72.8,72.8,63.5768,135637
2017-04-03,72.85,72.86,72.24,72.62,63.4196,152603
2017-04-04,72.48,72.62,72.39,72.6,63.4021,130905
2017-04-05,72.78,73.1328,72.39,72.4,63.2275,101335
2017-04-06,72.46,72.71,72.36,72.57,63.3759,71576
2017-04-07,72.53,72.73,72.37,72.55,63.3585,82205
2017-04-10,72.57,72.8426,72.45,72.55,63.3585,111517
2017-04-11,72.49,72.59,72.1,72.56,63.3672,150471
2017-04-12,72.46,72.52,72.2363,72.33,63.1663,155999
2017-04-13,72.24,72.436,71.96,71.96,62.8432,81282
2017-04-17,72.08,72.51,72.08,72.5,63.3148,78434
2017-04-18,72.26,72.39,72.08,72.27,63.1139,281559
2017-04-19,72.34,72.43,71.9606,72.02,62.8956,88121
2017-04-20,72.2,72.71,72.17,72.54,63.3497,56551
2017-04-21,72.5,72.6,72.29,72.41,63.2362,76652
2017-04-24,72.96,73.14,72.82,73.02,63.7689,84419
2017-04-25,73.29,73.58,73.29,73.51,64.1968,280074
2017-04-26,73.49,73.63,73.33,73.38,64.0833,117072
2017-04-27,73.45,73.52,73.25,73.44,64.1357,62203
2017-04-28,73.53,73.53,73.1709,73.25,63.9698,280614
2017-05-01,73.31,73.37,73.13,73.17,63.8999,82910
2017-05-02,73.27,73.3603,73.19,73.3,64.0134,96076
2017-05-03,73.16,73.28,72.96,73.2,63.9261,150951
2017-05-04,73.25,73.38,72.96,73.28,63.996,66559
2017-05-05,73.32,73.54,73.29,73.53,64.2143,154906
2017-05-08,73.55,73.5748,73.3501,73.5,64.1881,70240
2017-05-09,73.54,73.6179,73.3818,73.49,64.1794,157614
2017-05-10,73.43,73.53,73.3601,73.48,64.1706,68133
2017-05-11,73.32,73.46,72.97,73.31,64.0222,80008
2017-05-12,73.26,73.2951,73.15,73.21,63.9348,172813
2017-05-15,73.35,73.655,73.35,73.63,64.3016,135390
2017-05-16,73.67,73.7048,73.46,73.57,64.2492,401656
2017-05-17,73.04,73.2349,72.59,72.63,63.4283,128633
2017-05-18,72.53,72.99,72.48,72.78,63.5593,211901
2017-05-19,72.88,73.338,72.8277,73.16,63.8912,98357
2017-05-22,73.33,73.66,73.25,73.63,64.3016,191553
2017-05-23,73.73,73.93,73.6,73.6,64.2754,116597
2017-05-24,73.69,73.87,73.64,73.81,64.4588,157843
2017-05-25,73.97,74.31,73.95,74.24,64.8344,58665
2017-05-26,74.13,74.28,74.13,74.22,64.8169,48296
2017-05-30,74.09,74.23,74.03,74.18,64.782,65346
2017-05-31,74.28,74.39,74.15,74.34,64.9217,208774
2017-06-01,74.49,74.85,74.36,74.85,65.3671,553580
2017-06-02,74.86,75.158,74.779,75.06,65.5505,125729
2017-06-05,75.05,75.13,74.9838,75.01,65.5068,193961
2017-06-06,74.85,74.94,74.7,74.74,65.271,253043
2017-06-07,74.85,74.96,74.6358,74.8,65.3234,1181810
2017-06-08,74.84,75.0,74.68,74.88,65.3933,67915
2017-06-09,74.98,75.24,74.49,74.94,65.4457,223485
2017-06-12,74.76,74.93,74.66,74.9,65.4107,382182
2017-06-13,75.08,75.32,75.0,75.29,65.7513,85809
2017-06-14,75.37,75.44,74.99,75.27,65.7339,363135
2017-06-15,74.83,75.23,74.75,75.23,65.6989,867686
2017-06-16,75.21,75.29,74.89,75.29,65.7513,334429
2017-06-19,75.53,75.8614,75.49,75.84,66.2316,1075699
2017-06-20,75.78,75.78,75.32,75.33,65.7863,441853
2017-06-21,75.43,75.48,75.1491,75.26,65.7251,63565
2017-06-22,75.26,75.375,75.0523,75.19,65.664,58325
2017-06-23,75.13,75.42,75.02,75.32,65.7775,73067
2017-06-26,75.5,75.6399,75.35,75.35,65.8037,132206
2017-06-27,74.95,74.99,74.42,74.42,65.3323,270414
2017-06-28,74.69,75.06,74.62,74.99,65.8327,117809
2017-06-29,74.94,74.94,73.7903,74.12,65.0689,91740
2017-06-30,74.49,74.68,74.3,74.37,65.2884,103422
2017-07-03,74.72,74.89,74.64,74.64,65.5254,115465
2017-07-05,74.71,74.71,74.4001,74.61,65.4991,121337
2017-07-06,74.37,74.49,73.9485,74.0,64.9636,132801
2017-07-07,74.14,74.58,74.14,74.49,65.3937,219421
2017-07-10,74.5,74.65,74.39,74.54,65.4376,166517
2017-07-11,74.46,74.51,73.96,74.32,65.2445,78523
2017-07-12,74.69,74.9797,74.69,74.92,65.7712,60134
2017-07-13,74.87,75.05,74.82,74.98,65.8239,899194
2017-07-14,75.1,75.57,75.066,75.44,66.2277,2505653
2017-07-17,75.34,75.46,75.292,75.36,66.1575,77393
2017-07-18,75.19,75.488,75.1,75.47,66.2541,62170
2017-07-19,75.52,75.74,75.48,75.7,66.456,321003
2017-07-20,75.86,75.99,75.766,75.9,66.6315,47571
2017-07-21,75.73,75.88,75.7,75.88,66.614,94709
2017-07-24,75.81,75.87,75.53,75.69,66.4472,153237
2017-07-25,75.89,76.0,75.68,75.79,66.535,45378
2017-07-26,75.91,75.91,75.7,75.78,66.5262,85575
2017-07-27,75.73,75.73,75.275,75.68,66.4384,137536
2017-07-28,75.46,75.57,74.57,75.13,65.9556,444877
2017-07-31,75.17,75.24,75.0,75.13,65.9556,79130
2017-08-01,75.39,75.39,75.16,75.39,66.1838,92417
2017-08-02,75.65,75.65,75.089,75.38,66.175,331065
2017-08-03,75.61,75.61,75.21,75.25,66.0609,218765
2017-08-04,75.48,75.506,75.31,75.34,66.1399,54769
2017-08-07,75.64,75.64,75.4,75.56,66.3331,94194
2017-08-08,75.57,75.75,75.25,75.39,66.1838,144983
2017-08-09,75.22,75.325,75.04,75.325,66.1268,300554
2017-08-10,75.15,75.25,74.27,74.31,65.2357,175616
2017-08-11,74.23,74.54,74.23,74.29,65.2181,64905
2017-08-14,74.53,75.09,74.53,75.0,65.8414,110313
2017-08-15,75.21,75.23,74.921,75.0,65.8414,81056
2017-08-16,75.01,75.33,75.01,75.15,65.9731,104724
2017-08-17,75.0,75.09,73.97,73.98,64.946,73488
2017-08-18,73.92,74.21,73.69,73.79,64.7792,110581
2017-08-21,73.71,74.03,73.62,73.96,64.9284,128710
2017-08-22,74.01,74.72,74.01,74.64,65.5254,59251
2017-08-23,74.31,74.52,74.31,74.43,65.3411,105531
2017-08-24,74.45,74.74,74.29,74.38,65.2972,85547
2017-08-25,74.48,74.85,74.48,74.54,65.4376,83867
2017-08-28,74.78,74.79,74.51,74.6,65.4903,100204
2017-08-29,74.38,74.696,74.22,74.58,65.4727,66508
2017-08-30,74.52,75.11,74.52,75.04,65.8766,97009
2017-08-31,75.18,75.575,75.18,75.48,66.2628,72235
2017-09-01,75.59,75.83,75.53,75.62,66.3857,66523
2017-09-05,75.38,75.48,74.74,75.1,65.9292,203808
2017-09-06,75.12,75.43,75.12,75.27,66.0785,97364
2017-09-07,75.47,75.71,75.17,75.5,66.2804,71063
2017-09-08,75.29,75.675,75.29,75.58,66.3506,215125
2017-09-11,75.84,76.341,75.84,76.31,66.9915,102830
2017-09-12,76.55,76.58,76.4,76.55,67.2022,80735
2017-09-13,76.49,76.68,76.32,76.44,67.1056,104357
2017-09-14,76.36,76.55,76.235,76.5,67.1583,1189647
2017-09-15,76.49,76.82,76.2,76.81,67.4304,431782
2017-09-18,76.98,77.09,76.6,77.05,67.6411,1651579
2017-09-19,77.01,77.2,77.01,77.17,67.7465,87143
2017-09-20,77.21,77.21,76.67,77.03,67.6236,61620
2017-09-21,76.85,77.18,76.77,76.81,67.4304,70999
2017-09-22,76.72,77.12,76.69,77.06,67.6499,228622
2017-09-25,77.03,77.211,76.82,77.14,67.7201,97306
2017-09-26,77.12,77.12,76.845,76.89,67.7996,644469
2017-09-27,76.92,77.26,76.76,77.15,68.0289,1134410
2017-09-28,76.94,77.098,76.91,77.07,67.9584,183855
2017-09-29,77.11,77.16,76.98,77.14,68.0201,219805
2017-10-02,77.29,77.58,77.219,77.58,68.4081,348522
2017-10-03,77.81,77.82,77.35,77.77,68.5756,84381
2017-10-04,77.68,77.98,77.62,77.91,68.6991,160965
2017-10-05,78.03,78.4096,78.0064,78.4,69.1311,59525
2017-10-06,78.34,78.35,78.0692,78.25,68.9989,164727
2017-10-09,78.37,78.48,78.2702,78.33,69.0694,269910
2017-10-10,78.48,78.76,78.47,78.66,69.3604,1568743
2017-10-11,78.68,78.89,78.62,78.85,69.5279,519967
2017-10-12,78.75,78.9522,78.7019,78.86,69.5367,163610
2017-10-13,78.85,79.1341,78.85,78.91,69.5808,56101
2017-10-16,78.87,79.2,78.73,78.89,69.5632,53399
2017-10-17,79.02,79.05,78.858,78.99,69.6514,103914
2017-10-18,79.04,79.22,79.04,79.09,69.7395,116480
2017-10-19,78.81,79.22,78.61,79.22,69.8542,60473
2017-10-20,79.65,79.77,79.3799,79.58,70.1716,116932
2017-10-23,79.69,79.73,79.42,79.45,70.057,102678
2017-10-24,79.54,79.81,79.35,79.48,70.0834,467354
2017-10-25,79.3,79.516,78.75,79.26,69.8894,95843
2017-10-26,79.31,79.69,79.31,79.39,70.0041,204955
2017-10-27,79.65,79.65,79.19,79.58,70.1716,260306
2017-10-30,79.55,79.75,79.1799,79.32,69.9424,113381
2017-10-31,79.51,79.54,79.21,79.39,70.0041,219463
2017-11-01,79.75,79.87,79.38,79.43,70.0393,158791
2017-11-02,79.52,79.6,79.21,79.58,70.1716,103869
2017-11-03,79.75,79.8,79.51,79.72,70.2951,64329
2017-11-06,79.81,79.9,79.36,79.82,70.3832,1006491
2017-11-07,79.78,79.99,79.5,79.7,70.2774,699265
2017-11-08,79.62,79.99,79.6,79.98,70.5243,69036
2017-11-09,79.65,79.74,79.15,79.68,70.2598,90657
2017-11-10,79.64,79.81,79.4,79.78,70.348,222800
2017-11-13,79.68,79.935,79.53,79.85,70.4097,1091734
2017-11-14,79.77,79.88,79.4638,79.88,70.4361,80569
2017-11-15,79.42,79.75,79.32,79.41,70.0217,145896
2017-11-16,79.58,80.1298,79.58,80.01,70.5508,151964
2017-11-17,80.0699,80.0999,79.95,80.02,70.5596,111474
2017-11-20,80.06,80.2996,80.02,80.17,70.6919,185511
2017-11-21,80.41,80.703,80.3954,80.67,71.1327,104278
2017-11-22,80.72,80.72,80.441,80.5,70.9828,191151
2017-11-24,80.66,80.71,80.5,80.64,71.1063,29884
2017-11-27,80.67,80.79,80.59,80.62,71.0887,94215
2017-11-28,80.76,81.53,80.73,81.49,71.8558,210235
2017-11-29,81.69,81.83,81.31,81.64,71.9881,141271
2017-11-30,82.03,82.5732,81.64,82.25,72.526,125638
2017-12-01,82.53,82.53,81.0264,82.28,72.5524,333524
2017-12-04,82.84,82.9,82.34,82.34,72.6053,182888
2017-12-05,82.51,82.64,82.1,82.13,72.4201,368431
2017-12-06,81.86,82.27,81.85,82.08,72.3761,66302
2017-12-07,81.92,82.47,81.92,82.4,72.6582,98880
2017-12-08,82.73,82.78,82.4435,82.78,72.9933,86723
2017-12-11,82.86,82.9547,82.7195,82.93,73.1256,146241
2017-12-12,83.17,83.18,82.86,82.97,73.1608,1909956
2017-12-13,83.01,83.29,82.88,83.01,73.1961,149892
2017-12-14,83.01,83.22,82.66,82.67,72.8963,227561
2017-12-15,83.02,83.49,82.93,83.29,73.443,749016
2017-12-18,83.78,84.01,83.63,83.79,73.8839,183444
2017-12-19,83.85,84.15,83.61,83.63,73.7428,132962
2017-12-20,84.12,84.12,83.48,83.6,73.7163,322290
2017-12-21,83.61,83.61,83.11,83.17,73.6699,106086
2017-12-22,83.0,83.15,82.98,83.11,73.6167,118350
2017-12-26,83.03,83.14,82.97,83.13,73.6344,147721
2017-12-27,83.39,83.39,83.139,83.22,73.7141,141195
2017-12-28,83.4,83.4,83.18,83.32,73.8027,222551
2017-12-29,83.46,83.53,82.9,82.9,73.4307,236760
2018-01-02,83.32,83.32,83.04,83.28,73.7673,472137
2018-01-03,83.37,83.9,83.36,83.87,74.2899,421574
2018-01-04,84.21,84.3624,83.88,84.25,74.6265,194206
2018-01-05,84.55,84.81,84.32,84.8,75.1137,182554
2018-01-08,84.83,85.14,84.83,85.06,75.344,375244
2018-01-09,85.19,85.54,85.02,85.32,75.5743,249959
2018-01-10,85.12,85.2199,84.73,85.16,75.4325,300883
2018-01-11,85.4,85.65,85.17,85.61,75.8311,178422
2018-01-12,85.88,86.279,85.76,86.23,76.3803,238167
2018-01-16,86.67,86.87,85.67,85.93,76.1146,181385
2018-01-17,86.43,87.2524,86.13,87.13,77.1775,146314
2018-01-18,87.25,87.26,86.7405,86.88,76.9561,248941
2018-01-19,87.05,87.45,86.8,87.43,77.4433,154017
2018-01-22,87.45,87.89,87.3,87.89,77.8507,132464
2018-01-23,88.05,88.06,87.6,87.91,77.8684,115039
2018-01-24,88.05,88.109,87.25,87.68,77.6647,342300
2018-01-25,88.03,88.06,87.48,87.7,77.6824,216123
2018-01-26,87.77,88.63,87.77,88.61,78.4885,196860
2018-01-29,88.49,88.49,87.8175,87.83,77.7976,228780
2018-01-30,87.4,87.48,86.78,86.89,76.9649,570635
2018-01-31,87.07,87.1528,86.36,86.69,76.7878,442783
2018-02-01,86.55,87.01,86.43,86.76,76.8498,1376600
2018-02-02,86.44,86.45,84.9197,84.97,75.2642,558403
2018-02-05,84.18,85.12,81.3,81.72,72.3855,618765
2018-02-06,80.11,83.18,79.72,82.99,73.5104,2287488
2018-02-07,82.98,84.08,82.69,82.69,73.2447,630625
2018-02-08,82.93,82.93,79.8,79.82,70.7025,425971
2018-02-09,80.6,81.73,78.6277,81.13,71.8629,788827
2018-02-12,81.93,82.67,81.19,82.1,72.7221,794601
2018-02-13,81.63,82.54,81.6,82.4,72.9878,175376
2018-02-14,81.71,83.6,81.71,83.48,73.9444,530408
2018-02-15,84.17,84.51,83.27,84.51,74.8568,313749
2018-02-16,84.5,85.2452,84.3799,84.56,74.9011,188070
2018-02-20,84.39,84.758,83.8604,84.09,74.4848,177935
2018-02-21,84.25,84.98,83.52,83.54,73.9976,144790
2018-02-22,83.58,84.35,83.4,83.57,74.0242,295048
2018-02-23,83.9,84.93,83.87,84.93,75.2288,149754
2018-02-26,85.32,85.9261,85.09,85.89,76.0792,139643
2018-02-27,86.045,86.349,84.93,84.93,75.2288,237125
2018-02-28,85.42,85.6399,84.17,84.17,74.5556,130857
2018-03-01,84.28,84.7,82.55,83.1,73.6078,1494809
2018-03-02,82.5,83.7531,82.2301,83.61,74.0596,191124
2018-03-05,83.2,84.6148,83.189,84.42,74.7771,163039
2018-03-06,84.715,84.99,84.32,84.82,75.1314,378217
2018-03-07,83.99,84.89,83.97,84.71,75.0339,143782
2018-03-08,84.89,85.26,84.745,85.24,75.5034,163416
2018-03-09,85.72,86.68,85.62,86.67,76.7701,154956
2018-03-12,86.86,87.0,86.51,86.66,76.7612,393486
2018-03-13,87.12,87.37,86.09,86.25,76.398,229025
2018-03-14,86.6,86.74,85.5,85.66,75.8754,136445
2018-03-15,85.72,86.15,85.53,85.68,75.8931,170812
2018-03-16,85.69,86.21,85.69,85.89,76.0792,251219
2018-03-19,85.55,85.94,84.232,84.8,75.1137,222801
2018-03-20,84.9,85.36,84.9,85.145,75.4193,151367
2018-03-21,85.22,85.78,84.95,85.01,75.2997,133080
2018-03-22,83.99,84.05,82.44,82.44,73.3485,171277
2018-03-23,82.54,82.835,80.57,80.6,71.7114,852704
2018-03-26,81.99,82.94,81.27,82.88,73.74,217292
2018-03-27,83.04,83.4,81.15,81.65,72.6456,484957
2018-03-28,81.53,82.23,81.18,81.505,72.5166,316737
2018-03-29,82.1,83.23,81.61,82.71,73.5887,217108
2018-04-02,82.74,82.74,79.93,80.73,71.8271,684015
2018-04-03,81.33,82.0054,80.86,81.87,72.8413,225744
2018-04-04,80.65,83.07,80.65,82.89,73.7489,329750
2018-04-05,83.4,83.53,82.88,83.27,74.0869,265048
2018-04-06,82.67,83.07,80.81,81.39,72.4143,320882
2018-04-09,82.04,82.78,81.51,81.59,72.5922,276693
2018-04-10,82.35,83.2107,82.35,82.98,73.8289,353987
2018-04-11,82.49,83.05,82.38,82.48,73.3841,928946
2018-04-12,82.87,83.4,82.87,83.04,73.8823,296496
2018-04-13,83.5,83.54,82.4,82.73,73.6065,223622
2018-04-16,83.22,83.6,83.08,83.38,74.1848,257648
2018-04-17,83.98,84.28,83.58,84.08,74.8076,2021668
2018-04-18,84.25,84.25,83.66,83.78,74.5407,562357
2018-04-19,83.68,83.68,82.49,82.82,73.6866,339476
2018-04-20,82.92,82.92,81.78,82.1,73.046,190898
2018-04-23,82.38,82.44,81.7,82.01,72.9659,162029
2018-04-24,82.35,82.41,80.5,81.05,72.1118,383351
2018-04-25,81.19,81.35,80.43,81.19,72.2363,261845
2018-04-26,81.73,82.2,81.21,82.03,72.9837,220657
2018-04-27,81.71,82.24,81.71,82.14,73.0816,292487
2018-04-30,82.39,82.57,81.63,81.63,72.6278,172100
2018-05-01,81.48,81.74,80.87,81.67,72.6634,531579
2018-05-02,81.6,82.1261,81.31,81.4,72.4232,327981
2018-05-03,81.02,81.6048,80.3,81.42,72.441,401928
2018-05-04,81.18,82.68,81.0985,82.42,73.3307,103233
2018-05-07,82.8,82.97,82.4232,82.61,73.4997,210252
2018-05-08,82.61,82.8205,82.3,82.7,73.5798,226418
2018-05-09,83.05,83.5368,82.72,83.4,74.2026,240146
2018-05-10,83.66,84.15,83.5648,84.07,74.7987,548913
2018-05-11,84.15,84.53,84.04,84.3,75.0034,645892
2018-05-14,84.58,84.58,84.03,84.21,74.9233,278052
2018-05-15,83.93,83.93,83.3501,83.66,74.4339,1999182
2018-05-16,83.87,84.268,83.82,84.1,74.8254,737625
2018-05-17,84.09,84.4901,83.9714,84.19,74.9055,189088
2018-05-18,84.11,84.1953,83.88,84.03,74.7631,283365
2018-05-21,84.64,84.71,84.32,84.47,75.1546,341422
2018-05-22,84.88,84.88,84.099,84.19,74.9055,200581
2018-05-23,83.9,84.56,83.9,84.54,75.2169,208071
2018-05-24,84.57,84.57,83.88,84.51,75.1902,294950
2018-05-25,84.37,84.48,84.062,84.25,74.9589,252580
2018-05-29,83.74,83.94,82.99,83.42,74.2204,207191
2018-05-30,83.7,84.63,83.7,84.51,75.1902,183999
2018-05-31,84.49,84.57,83.75,83.83,74.5852,186991
2018-06-01,84.37,84.84,84.28,84.75,75.4037,292218
2018-06-04,84.94,85.35,84.94,85.26,75.8575,195409
2018-06-05,85.35,85.43,85.0,85.39,75.9732,238767
2018-06-06,85.42,86.15,85.41,86.15,76.6493,196473
2018-06-07,86.28,86.49,85.7678,86.06,76.5693,418432
2018-06-08,85.85,86.33,85.76,86.32,76.8006,240617
2018-06-11,86.26,86.61,86.18,86.2,76.6938,143231
2018-06-12,86.36,86.52,86.07,86.33,76.8095,844253
2018-06-13,86.39,86.49,85.83,85.84,76.3735,172859
2018-06-14,86.18,86.21,85.84,85.95,76.4714,247959
2018-06-15,85.67,86.1,85.41,86.1,76.6049,217742
2018-06-18,85.66,85.87,85.33,85.84,76.3735,164774
2018-06-19,85.04,85.57,84.96,85.51,76.0799,1095857
2018-06-20,85.79,85.79,85.33,85.42,75.9998,621707
2018-06-21,85.38,85.38,84.62,84.765,75.4171,535051
2018-06-22,85.25,85.25,84.83,84.83,75.4749,457840
2018-06-25,84.46,84.46,83.24,83.75,74.514,673306
2018-06-26,83.66,83.8,83.37,83.47,74.6006,373243
2018-06-27,83.63,83.99,82.6399,82.66,73.8767,349865
2018-06-28,82.64,83.4632,82.561,83.25,74.404,1297119
2018-06-29,83.85,84.14,83.45,83.45,74.5827,255022
2018-07-02,82.99,83.52,82.73,83.47,74.6006,419054
2018-07-03,83.82,83.94,83.23,83.34,74.4844,108991
2018-07-05,83.91,84.0298,83.39,84.02,75.0922,240813
2018-07-06,84.16,84.8598,83.92,84.74,75.7357,284431
2018-07-09,85.15,85.42,84.94,85.42,76.3434,335407
2018-07-10,85.5,85.78,85.5,85.74,76.6294,138352
2018-07-11,85.25,85.4616,84.98,85.12,76.0753,248458
2018-07-12,85.6,85.84,85.37,85.81,76.692,1247517
2018-07-13,85.79,85.98,85.7698,85.91,76.7813,230499
2018-07-16,85.78,85.8613,85.3916,85.52,76.4328,156284
2018-07-17,85.42,86.18,85.42,86.08,76.9333,124237
2018-07-18,86.05,86.28,85.87,86.255,77.0897,172756
2018-07-19,86.1,86.26,85.86,86.1,76.9511,260437
2018-07-20,86.04,86.17,85.9,85.93,76.7992,260485
2018-07-23,85.89,85.94,85.62,85.92,76.7903,190122
2018-07-24,86.19,86.54,86.0,86.29,77.121,363282
2018-07-25,86.31,87.18,86.06,87.16,77.8985,402277
2018-07-26,86.91,87.32,86.901,87.09,77.836,299544
2018-07-27,87.25,87.25,86.27,86.55,77.3533,292705
2018-07-30,86.525,86.63,85.89,85.97,76.835,321400
2018-07-31,86.31,86.739,86.3,86.55,77.3533,261423
2018-08-01,86.77,86.77,86.07,86.32,77.1478,655654
2018-08-02,85.97,86.702,85.781,86.62,77.4159,250535
2018-08-03,86.78,87.06,86.64,87.02,77.7734,208275
2018-08-06,86.91,87.35,86.84,87.29,78.0147,256990
2018-08-07,87.48,87.75,87.3856,87.66,78.3454,163768
2018-08-08,87.62,87.8,87.36,87.55,78.2471,109554
2018-08-09,87.52,87.59,87.31,87.35,78.0683,141877
2018-08-10,86.97,87.08,86.611,86.79,77.5678,390974
2018-08-13,86.98,87.0897,86.39,86.46,77.2729,561199
2018-08-14,86.83,87.12,86.61,87.05,77.8002,162812
2018-08-15,86.7,86.94,86.1248,86.66,77.4516,230043
2018-08-16,87.1,87.61,86.86,87.35,78.0683,161994
2018-08-17,87.27,87.86,87.03,87.73,78.4079,145209
2018-08-20,87.83,88.18,87.83,88.11,78.7476,223857
2018-08-21,88.23,88.51,88.2047,88.27,78.8906,187895
2018-08-22,88.2,88.4885,88.0958,88.27,78.8906,162149
2018-08-23,88.26,88.58,88.1301,88.3,78.9174,254641
2018-08-24,88.32,88.82,88.32,88.78,79.3464,325032
2018-08-27,89.135,89.45,89.1157,89.36,79.8647,1721381
2018-08-28,89.51,89.66,89.18,89.34,79.8469,868804
2018-08-29,89.36,89.93,89.34,89.86,80.3116,425687
2018-08-30,89.75,89.83,89.27,89.45,79.9452,399423
2018-08-31,89.31,89.7941,89.31,89.78,80.2401,176996
2018-09-04,89.49,89.79,89.3,89.68,80.1507,648284
2018-09-05,89.48,89.75,89.2,89.68,80.1507,605425
2018-09-06,89.72,89.83,89.15,89.57,80.0524,172213
2018-09-07,89.28,89.65,89.0825,89.26,79.7754,165349
2018-09-10,89.65,89.8067,89.44,89.48,79.972,177904
2018-09-11,89.365,89.84,89.21,89.69,80.1597,239616
2018-09-12,89.78,89.9292,89.51,89.73,80.1954,486266
2018-09-13,90.13,90.29,89.99,90.25,80.6602,796566
2018-09-14,90.37,90.455,90.12,90.39,80.7853,827468
2018-09-17,90.47,90.47,89.88,89.96,80.401,200363
2018-09-18,90.2,90.58,89.98,90.38,80.7764,322556
2018-09-19,90.46,90.62,90.2893,90.365,80.763,374547
2018-09-20,90.84,91.14,90.42,91.06,81.3841,319995
2018-09-21,91.24,91.47,91.2,91.26,81.5629,1055859
2018-09-24,91.2,91.23,90.7237,90.84,81.1875,210054
2018-09-25,91.17,91.17,90.56,90.61,80.9819,245358
2018-09-26,90.42,90.78,89.98,90.08,80.8368,327390
2018-09-27,90.21,90.62,90.18,90.24,80.9804,399572
2018-09-28,90.19,90.52,90.1,90.37,81.0971,695553
2018-10-01,90.71,91.0199,90.51,90.71,81.4022,430569
2018-10-02,90.68,90.98,90.5496,90.78,81.465,2124377
2018-10-03,91.24,91.25,90.59,90.74,81.4291,574679
2018-10-04,90.5,90.6192,89.44,89.93,80.7022,441096
2018-10-05,90.21,90.21,88.84,89.29,80.1279,552618
2018-10-08,89.19,89.405,88.59,89.27,80.1099,246476
2018-10-09,89.08,89.57,88.99,89.1,79.9574,291879
2018-10-10,88.94,89.14,85.92,86.05,77.2203,2979317
2018-10-11,85.51,86.24,83.63,84.05,75.4256,2571489
2018-10-12,85.63,85.63,84.1801,85.27,76.5204,850801
2018-10-15,85.15,85.57,84.82,84.83,76.1255,456753
2018-10-16,85.28,86.54,85.1419,86.4,77.5344,2862585
2018-10-17,86.15,86.6,85.53,86.35,77.4896,1921524
2018-10-18,86.05,86.35,84.75,85.23,76.4845,640019
2018-10-19,85.71,85.76,84.64,84.83,76.1255,754625
2018-10-22,84.9,85.16,84.41,84.68,75.9909,326340
2018-10-23,83.44,84.54,82.56,84.13,75.4973,636446
2018-10-24,83.95,84.1899,81.44,81.53,73.1641,513852
2018-10-25,82.0,83.25,81.43,82.76,74.2679,1281077
2018-10-26,81.66,82.55,80.73,81.63,73.2539,1171289
2018-10-29,82.7,83.2367,80.33,81.47,73.1103,520281
2018-10-30,81.48,82.84,81.48,82.78,74.2859,705387
2018-10-31,83.7,84.34,83.35,83.53,74.9589,952216
2018-11-01,83.73,84.55,83.39,84.485,75.8159,3218761
2018-11-02,84.82,85.0884,83.29,83.95,75.3358,1045528
2018-11-05,84.16,84.645,83.76,84.45,75.7845,1054550
2018-11-06,84.57,85.06,84.5,85.0,76.2781,385046
2018-11-07,85.83,86.79,85.49,86.74,77.8395,938077
2018-11-08,86.55,86.88,86.31,86.64,77.7498,946070
2018-11-09,86.3,86.51,85.42,85.85,77.0409,374293
2018-11-12,85.82,85.82,84.14,84.26,75.614,1671847
2018-11-13,84.53,85.045,83.82,84.05,75.4256,965944
2018-11-14,84.58,84.95,82.9198,83.39,74.8333,1461712
2018-11-15,83.04,84.3499,82.46,84.29,75.6409,1420726
2018-11-16,83.83,84.47,83.41,84.19,75.5512,677267
2018-11-19,84.09,84.1033,82.46,82.73,74.241,1083672
2018-11-20,81.5,82.18,81.04,81.32,72.9757,1594120
2018-11-21,81.97,81.98,81.29,81.29,72.9488,1064468
2018-11-23,80.81,81.14,80.58,80.71,72.4283,350543
2018-11-26,81.48,81.79,81.142,81.75,73.3616,620533
2018-11-27,81.46,81.92,81.22,81.92,73.5141,621618
2018-11-28,82.46,83.88,82.03,83.88,75.273,750735
2018-11-29,83.78,83.95,83.1341,83.49,74.923,724380
2018-11-30,83.54,84.45,83.3904,84.3,75.6499,976354
2018-12-03,85.955,85.955,84.7981,85.27,76.5204,1004635
2018-12-04,85.13,85.24,82.52,82.66,74.1782,1273146
2018-12-06,81.5,82.6423,80.38,82.64,74.1602,1646666
2018-12-07,82.6,83.04,80.4174,80.74,72.4552,1073079
2018-12-10,80.58,81.3,79.35,80.99,72.6795,1435429
2018-12-11,82.06,82.1,80.55,81.04,72.7244,1017431
2018-12-12,82.1,82.45,81.41,81.46,73.1013,3225119
2018-12-13,81.88,81.99,81.03,81.51,73.1462,2250787
2018-12-14,80.64,81.0,79.52,79.7,71.5219,802997
2018-12-17,78.93,79.24,77.09,77.56,69.9634,2653633
2018-12-18,78.26,78.53,77.2,77.67,70.0626,1583135
2018-12-19,77.98,78.59,75.83,76.37,68.8899,3323759
2018-12-20,76.01,76.47,74.43,75.24,67.8706,2955999
2018-12-21,75.54,76.36,73.48,73.67,66.4544,2949667
2018-12-24,73.06,73.65,71.87,71.91,64.8668,1706977
2018-12-26,72.33,75.2935,71.7923,75.28,67.9067,3150205
2018-12-27,74.34,76.16,73.4401,76.16,68.7005,2685778
2018-12-28,76.53,77.0,75.6038,75.97,68.5291,1299091
2018-12-31,76.54,76.76,75.96,76.76,69.2417,1550503
2019-01-02,75.59,77.0,75.56,76.72,69.2057,1536021
2019-01-03,76.24,76.27,74.69,74.79,67.4647,1054208
2019-01-04,75.95,77.585,75.53,77.43,69.8461,995447
2019-01-07,77.37,78.42,77.07,77.9,70.2701,2560506
2019-01-08,78.66,78.83,77.83,78.74,71.0278,18799270
2019-01-09,79.06,79.49,78.71,79.18,71.4247,1956147
2019-01-10,78.7,79.56,78.48,79.54,71.7494,846717
2019-01-11,79.15,79.33,78.74,79.31,71.542,2167660
2019-01-14,78.76,79.08,78.52,78.89,71.1631,1009139
2019-01-15,79.04,79.71,78.89,79.61,71.8126,739782
2019-01-16,79.8,79.96,79.58,79.68,71.8757,951395
2019-01-17,79.45,80.63,79.44,80.4,72.5252,907190
2019-01-18,80.96,81.64,80.7901,81.48,73.4994,941907
2019-01-22,81.02,81.24,79.825,80.32,72.4531,1669096
2019-01-23,80.71,80.96,79.67,80.37,72.4982,982897
2019-01-24,80.43,80.7,80.0,80.44,72.5613,646793
2019-01-25,81.06,81.52,81.0,81.32,73.3551,722532
2019-01-28,80.77,80.83,80.15,80.76,72.85,709017
2019-01-29,80.94,81.06,80.485,80.8,72.886,441618
2019-01-30,81.31,82.06,80.68,81.82,73.8061,994716
2019-01-31,82.07,83.23,82.07,83.09,74.9517,1253225
2019-02-01,83.22,83.7,83.13,83.46,75.2855,1241105
2019-02-04,83.52,84.01,83.15,84.01,75.7816,623112
2019-02-05,84.23,84.58,84.1,84.56,76.2778,2436960
2019-02-06,84.48,84.56,84.17,84.41,76.1425,988579
2019-02-07,83.87,84.0,83.02,83.57,75.3847,912432
2019-02-08,83.19,83.8,83.02,83.79,75.5832,1047275
2019-02-11,84.01,84.02,83.68,83.88,75.6644,494429
2019-02-12,84.33,85.0,84.11,84.84,76.5303,1099529
2019-02-13,85.15,85.51,85.09,85.315,76.9588,903215
2019-02-14,85.04,85.46,84.76,85.16,76.819,933438
2019-02-15,85.57,86.03,85.56,86.03,77.6038,1518876
2019-02-19,85.86,86.275,85.74,86.03,77.6038,1130489
2019-02-20,86.04,86.48,86.0,86.38,77.9195,1082849
2019-02-21,86.2,86.21,85.602,85.91,77.4955,642827
2019-02-22,86.22,86.78,86.14,86.75,78.2533,820565
2019-02-25,87.24,87.36,86.77,86.82,78.3164,1406222
2019-02-26,86.65,87.09,86.65,86.8,78.2984,1152774
2019-02-27,86.585,87.07,86.3,86.92,78.4066,760772
2019-02-28,86.83,86.99,86.58,86.71,78.2172,550422
2019-03-01,87.27,87.48,86.85,87.34,78.7855,851396
2019-03-04,87.73,87.89,86.29,87.11,78.578,1665514
2019-03-05,87.19,87.29,86.8959,87.01,78.4878,918960
2019-03-06,87.12,87.37,86.565,86.69,78.1991,1091041
2019-03-07,86.55,86.84,85.67,85.99,77.5677,1409179
2019-03-08,85.33,85.88,85.11,85.83,77.4234,848471
2019-03-11,86.05,87.15,86.05,87.15,78.6141,1241067
2019-03-12,87.33,87.675,87.29,87.51,78.9388,3455716
2019-03-13,87.82,88.31,87.72,87.98,79.3628,1014414
2019-03-14,87.79,88.21,87.7,87.95,79.3357,569242
2019-03-15,88.1,88.53,88.02,88.34,79.6875,2075705
2019-03-18,88.46,88.61,88.17,88.45,79.7868,668738
2019-03-19,88.9,89.06,88.11,88.4,79.7417,926546
2019-03-20,88.22,88.43,87.41,87.87,79.582,1530796
2019-03-21,87.59,88.97,87.11,88.74,80.3699,1001636
2019-03-22,88.38,88.5,87.09,87.12,78.9027,1808600
2019-03-25,87.0,87.4,86.65,87.09,78.8755,889947
2019-03-26,87.68,88.19,87.43,87.88,79.591,1337793
2019-03-27,87.93,88.11,86.97,87.5,79.2469,1612014
2019-03-28,87.69,88.09,87.49,87.91,79.6182,1376710
2019-03-29,88.49,88.6,88.11,88.55,80.1978,833736
2019-04-01,89.2,89.55,89.07,89.47,81.0311,885702
2019-04-02,89.56,89.64,89.28,89.55,81.1035,610957
2019-04-03,89.87,90.12,89.38,89.635,81.1805,1393864
2019-04-04,89.68,90.02,89.45,89.85,81.3752,1109672
2019-04-05,90.12,90.33,89.95,90.31,81.7918,1683260
2019-04-08,90.11,90.425,89.97,90.42,81.8915,815421
2019-04-09,90.16,90.2149,89.77,89.92,81.4386,2881720
2019-04-10,90.11,90.37,89.95,90.31,81.7918,1293146
2019-04-11,90.4,90.72,90.15,90.37,81.8462,554672
2019-04-12,90.98,91.16,90.65,91.16,82.5617,872621
2019-04-15,91.21,91.33,90.8691,91.16,82.5617,513280
2019-04-16,91.48,91.5899,91.0671,91.31,82.6975,3927902
2019-04-17,91.66,91.66,90.96,91.03,82.4439,1270115
2019-04-18,91.24,91.2895,90.625,90.94,82.3624,1982595
2019-04-22,90.7,90.97,90.5455,90.94,82.3624,897605
2019-04-23,91.12,92.04,91.09,91.95,83.2771,540982
2019-04-24,91.99,92.16,91.83,91.89,83.2228,827000
2019-04-25,91.85,91.89,91.14,91.58,82.942,2443645
2019-04-26,91.49,91.89,91.13,91.89,83.2228,467536
2019-04-29,92.03,92.05,91.724,91.88,83.2137,597707
2019-04-30,91.77,92.0,91.24,91.91,83.2409,594787
2019-05-01,92.2,92.22,91.1,91.11,82.5164,752077
2019-05-02,91.0,91.36,90.35,90.97,82.3896,861445
2019-05-03,91.62,91.79,91.32,91.67,83.0236,764001
2019-05-06,90.2,91.43,90.09,91.32,82.7066,462767
2019-05-07,90.5,90.76,89.07,89.76,81.2937,1109152
2019-05-08,89.67,90.21,89.45,89.71,81.2484,1254177
2019-05-09,89.0,89.59,88.38,89.42,80.9858,783760
2019-05-10,89.08,90.09,88.02,89.83,81.3571,1336341
2019-05-13,88.12,88.38,87.315,87.64,79.3737,1060707
2019-05-14,87.99,88.9065,87.89,88.34,80.0076,1062187
2019-05-15,87.88,89.27,87.847,89.06,80.6597,1028538
2019-05-16,89.26,90.24,89.18,89.75,81.2846,553641
2019-05-17,89.125,90.0357,88.89,89.26,80.8409,1084432
2019-05-20,88.65,89.0229,88.34,88.63,80.2703,671654
2019-05-21,89.2,89.53,89.1,89.41,80.9767,1455850
2019-05-22,89.1,89.35,88.9452,89.136,80.7286,654979
2019-05-23,88.35,88.87,87.48,87.97,79.6725,1394719
2019-05-24,88.44,88.6,87.8478,88.02,79.7178,589645
2019-05-28,88.1,88.53,87.26,87.26,79.0295,1546872
2019-05-29,86.905,86.92,85.95,86.59,78.4227,4972508
2019-05-30,86.52,87.15,86.5,86.81,78.622,1379647
2019-05-31,85.94,86.34,85.73,85.86,77.7616,1025331
2019-06-03,85.79,86.23,85.17,85.59,77.517,1168753
2019-06-04,86.4,87.63,86.29,87.61,79.3465,657796
2019-06-05,88.18,88.43,87.49,88.41,80.071,4141365
2019-06-06,88.56,89.18,88.19,88.97,80.5782,695940
2019-06-07,89.34,90.34,89.2,90.03,81.5382,489591
2019-06-10,90.48,90.9157,90.34,90.38,81.8552,1889423
2019-06-11,91.06,91.24,90.23,90.45,81.9186,531582
2019-06-12,90.31,90.67,90.12,90.3,81.7828,908310
2019-06-13,90.65,90.9,90.34,90.67,82.1179,875053
2019-06-14,90.58,90.6,90.12,90.37,81.8462,428834
2019-06-17,90.11,90.22,89.86,89.9,81.8321,401220
2019-06-18,90.6,91.21,90.4672,90.8,82.6514,604703
2019-06-19,91.0,91.26,90.58,91.13,82.9518,668762
2019-06-20,92.1,92.34,91.475,92.22,83.9439,1216430
2019-06-21,92.125,92.39,91.87,91.96,83.7073,7531149
2019-06-24,92.07,92.11,91.63,91.68,83.4524,1790448
2019-06-25,91.71,92.01,90.89,90.9,82.7424,374781
2019-06-26,91.19,91.45,90.68,90.71,82.5694,1037938
2019-06-27,91.0,91.14,90.78,91.01,82.8425,549443
2019-06-28,91.35,91.59,91.02,91.47,83.2612,929963
2019-07-01,92.59,92.68,91.84,92.23,83.953,3553017
2019-07-02,92.26,92.54,91.98,92.46,84.1624,1924530
2019-07-03,92.63,93.35,92.5,93.35,84.9725,299033
2019-07-05,92.84,93.23,92.36,93.15,84.7905,333596
2019-07-08,92.75,92.8,92.45,92.6,84.2898,286315
2019-07-09,92.31,92.78,92.25,92.75,84.4264,469251
2019-07-10,93.15,93.42,92.8835,93.14,84.7814,459887
2019-07-11,93.22,93.35,92.92,93.35,84.9725,860499
2019-07-12,93.41,93.72,93.31,93.68,85.2729,737956
2019-07-15,93.88,93.97,93.5422,93.78,85.3639,1001995
2019-07-16,93.77,93.82,93.4,93.47,85.0818,1028710
2019-07-17,93.6,93.6,92.83,92.83,84.4992,438756
2019-07-18,92.77,93.37,92.51,93.22,84.8542,657498
2019-07-19,93.43,93.73,92.505,92.53,84.2261,541323
2019-07-22,92.76,93.02,92.55,92.82,84.4901,300476
2019-07-23,93.22,93.495,92.89,93.47,85.0818,508247
2019-07-24,93.31,93.96,93.28,93.95,85.5187,342362
2019-07-25,93.88,93.88,93.24,93.51,85.1182,401148
2019-07-26,93.82,94.16,93.61,94.1,85.6552,1134505
2019-07-29,94.11,94.45,93.855,94.07,85.6279,1388422
2019-07-30,93.625,93.87,93.33,93.7,85.2911,862339
2019-07-31,93.9,93.9,91.97,92.73,84.4082,617307
2019-08-01,92.82,93.79,91.56,91.88,83.6344,1148808
2019-08-02,91.64,91.66,90.58,91.03,82.8607,4307521
2019-08-05,89.67,89.695,87.4,88.14,80.2301,3982204
2019-08-06,88.91,89.54,88.39,89.45,81.4225,1924294
2019-08-07,88.35,89.77,87.68,89.52,81.4862,1310056
2019-08-08,90.13,91.43,89.99,91.43,83.2248,1277667
2019-08-09,91.07,91.45,90.025,90.65,82.5148,887064
2019-08-12,90.05,90.39,89.285,89.64,81.5955,520256
2019-08-13,89.56,91.56,89.12,91.12,82.9426,731155
2019-08-14,89.84,89.9,88.31,88.31,80.3848,869104
2019-08-15,88.67,88.8814,87.94,88.61,80.6579,1320977
2019-08-16,89.17,90.1066,89.17,89.92,81.8503,472229
2019-08-19,91.12,91.25,90.73,91.0,82.8334,460922
2019-08-20,90.86,90.9569,90.28,90.3,82.1962,531986
2019-08-21,90.95,91.31,90.84,91.05,82.8789,301845
2019-08-22,91.37,91.4995,90.3638,91.06,82.888,480536
2019-08-23,90.71,91.07,88.12,88.51,80.5669,735519
2019-08-26,89.38,89.53,88.8,89.52,81.4862,707756
2019-08-27,90.07,90.42,89.25,89.48,81.4498,1075624
2019-08-28,89.21,90.13,89.03,90.06,81.9778,1037113
2019-08-29,90.91,91.36,90.522,91.14,82.9609,530800
2019-08-30,91.61,91.79,90.72,91.08,82.9062,679880
2019-09-03,90.64,90.855,90.06,90.41,82.2964,635777
2019-09-04,91.25,91.45,90.92,91.43,83.2248,590142
2019-09-05,91.94,93.2157,91.81,92.9,84.5629,348163
2019-09-06,92.96,93.25,92.9094,93.02,84.6721,387063
2019-09-09,93.25,93.27,92.45,92.83,84.4992,709198
2019-09-10,92.59,92.77,91.972,92.74,84.4173,794294
2019-09-11,92.93,93.24,92.62,93.24,84.8724,367559
2019-09-12,93.64,93.91,93.3084,93.54,85.1455,579547
2019-09-13,93.565,93.73,93.3,93.39,85.0089,631611
2019-09-16,93.09,93.2004,92.8,92.97,84.6266,428943
2019-09-17,92.88,93.33,92.88,93.33,84.9543,398080
2019-09-18,93.26,93.4,92.4375,93.38,84.9998,430198
2019-09-19,93.48,93.75,93.13,93.24,84.8724,288802
2019-09-20,93.43,93.61,92.61,92.72,84.3991,386790
2019-09-23,92.41,93.125,92.41,92.92,84.5811,453500
2019-09-24,92.94,93.16,91.5401,91.91,83.9936,3374223
2019-09-25,92.06,92.62,91.5,92.46,84.4962,1542131
2019-09-26,92.48,92.74,91.75,92.23,84.286,971841
2019-09-27,92.4,92.5,91.29,91.82,83.9113,438196
2019-09-30,92.06,92.6205,92.04,92.4,84.4414,726238
2019-10-01,92.65,92.85,91.23,91.23,83.3721,6722977
2019-10-02,90.81,90.855,89.26,89.66,81.9374,2051016
2019-10-03,89.73,90.46,88.748,90.46,82.6685,2197951
2019-10-04,90.79,91.88,90.79,91.8,83.893,1775621
2019-10-07,91.48,92.0,91.2397,91.34,83.4727,864234
2019-10-08,90.81,90.9,89.8372,89.8372,82.0993,1076393
2019-10-09,90.53,90.999,90.28,90.67,82.8604,948224
2019-10-10,90.65,91.59,90.65,91.28,83.4178,1109418
2019-10-11,92.2,93.35,92.2,92.63,84.6516,893853
2019-10-14,92.56,92.94,92.4198,92.64,84.6607,480443
2019-10-15,92.98,93.75,92.63,93.44,85.3918,466346
2019-10-16,93.34,93.43,93.04,93.22,85.1907,606232
2019-10-17,93.56,93.87,93.33,93.52,85.4649,733868
2019-10-18,93.32,93.63,92.72,93.02,85.008,405269
2019-10-21,93.54,93.66,93.12,93.64,85.5746,679163
2019-10-22,94.08,94.389,93.34,93.35,85.3095,1363333
2019-10-23,93.18,93.48,93.1283,93.4,85.3552,786152
2019-10-24,93.79,94.0,93.39,93.86,85.7756,835731
2019-10-25,93.76,94.535,93.63,94.34,86.2143,811604
2019-10-28,94.69,94.9154,94.4,94.81,86.6438,714363
2019-10-29,94.76,95.03,94.5002,94.66,86.5067,678448
2019-10-30,94.81,94.88,94.17,94.81,86.6438,654948
2019-10-31,94.9,94.9,94.06,94.44,86.3057,834450
2019-11-01,95.05,95.4,94.9982,95.4,87.183,533450
2019-11-04,96.03,96.08,95.61,95.76,87.512,739985
2019-11-05,95.87,96.01,95.525,95.67,87.4297,1529063
2019-11-06,95.64,95.76,95.32,95.69,87.448,641889
2019-11-07,96.13,96.39,95.85,96.01,87.7404,625170
2019-11-08,96.0,96.22,95.78,96.21,87.9232,771192
2019-11-11,95.72,96.08,95.72,96.06,87.7861,427049
2019-11-12,96.24,96.64,96.04,96.25,87.9598,636821
2019-11-13,95.99,96.65,95.85,96.52,88.2065,664236
2019-11-14,96.435,96.76,96.247,96.72,88.3893,5564271
2019-11-15,97.16,97.46,96.9938,97.46,89.0655,1173252
2019-11-18,97.36,97.5483,97.07,97.48,89.0838,809941
2019-11-19,97.76,97.76,97.3266,97.59,89.1843,867499
2019-11-20,97.42,97.52,96.6,97.14,88.7731,1385513
2019-11-21,97.29,97.29,96.74,97.01,88.6543,563974
2019-11-22,97.27,97.43,96.795,97.25,88.8736,985075
2019-11-25,97.64,98.12,97.5544,98.1,89.6504,3346686
2019-11-26,98.24,98.54,98.05,98.43,89.952,1596242
2019-11-27,98.71,98.97,98.53,98.94,90.4181,555569
2019-11-29,98.89,98.95,98.56,98.65,90.153,269661
2019-12-02,98.77,98.77,97.6756,97.85,89.4219,955284
2019-12-03,97.09,97.215,96.5,97.19,88.8188,616019
2019-12-04,97.62,98.11,97.51,97.9,89.4676,833465
2019-12-05,98.21,98.21,97.6641,98.18,89.7235,550559
2019-12-06,98.91,99.2373,98.63,99.0,90.4729,583618
2019-12-09,98.895,99.065,98.8197,98.83,90.3175,541472
2019-12-10,98.87,99.04,98.52,98.7,90.1987,778614
2019-12-11,98.855,99.15,98.7767,99.06,90.5277,695738
2019-12-12,99.11,100.1005,98.93,99.8,91.204,887448
2019-12-13,99.76,100.17,99.37,99.71,91.1217,763810
2019-12-16,99.92,100.08,99.76,99.93,91.728,690866
2019-12-17,100.04,100.07,99.79,99.85,91.6546,1117786
2019-12-18,100.08,100.1377,99.925,99.95,91.7464,647186
2019-12-19,100.21,100.4,99.9661,100.36,92.1227,829119
2019-12-20,100.75,101.27,100.59,100.93,92.6459,1828361
2019-12-23,101.23,101.24,100.86,100.94,92.6551,1238017
2019-12-24,101.05,101.05,100.77,100.91,92.6276,380000
2019-12-26,101.07,101.28,100.9806,101.28,92.9672,428807
2019-12-27,101.57,101.62,101.12,101.3,92.9855,490883
2019-12-30,101.38,101.38,100.59,100.81,92.5358,718104
2019-12-31,100.59,101.06,100.5,101.0,92.7102,567065
2020-01-02,101.62,101.88,101.23,101.88,93.5179,1885263
2020-01-03,100.93,101.55,100.7125,101.22,92.9121,826808
2020-01-06,100.62,101.475,100.51,101.46,93.1324,767578
2020-01-07,101.3,101.53,101.05,101.32,93.0039,3601614
2020-01-08,101.34,102.1974,101.28,101.73,93.3803,701911
2020-01-09,102.33,102.56,102.19,102.56,94.1421,1218153
2020-01-10,102.76,102.98,102.28,102.42,94.0136,676714
2020-01-13,102.73,103.27,102.5516,103.27,94.7939,718742
2020-01-14,103.23,103.5,102.965,103.12,94.6562,1070898
2020-01-15,103.12,103.66,103.09,103.43,94.9407,1140283
2020-01-16,103.97,104.28,103.85,104.27,95.7118,911476
2020-01-17,104.55,104.61,104.29,104.56,95.978,721674
2020-01-21,104.265,104.57,104.12,104.28,95.721,947424
2020-01-22,104.51,104.878,104.2549,104.34,95.776,912262
2020-01-23,104.17,104.28,103.575,104.24,95.6842,865335
2020-01-24,104.47,104.49,102.8,103.16,94.6929,903136
2020-01-27,101.4,102.02,101.21,101.45,93.1232,1150301
2020-01-28,102.02,102.6458,101.6359,102.36,93.9585,909148
2020-01-29,102.86,103.134,102.27,102.5,94.0871,684174
2020-01-30,101.73,102.7,101.33,102.64,94.2156,925064
2020-01-31,102.21,102.21,100.05,100.31,92.0768,957379
2020-02-03,101.01,101.95,100.95,101.31,92.9947,1121582
2020-02-04,102.53,103.1731,102.44,102.8,94.3624,680144
2020-02-05,103.89,104.08,103.22,104.05,95.5098,964935
2020-02-06,104.65,104.65,104.125,104.42,95.8495,582637
2020-02-07,104.14,104.14,103.506,103.73,95.2161,642703
2020-02-10,103.49,104.23,103.4,104.23,95.6751,1313138
2020-02-11,104.72,104.84,104.24,104.42,95.8495,627154
2020-02-12,104.92,105.12,104.63,105.05,96.4278,3387276
2020-02-13,104.83,105.1,104.37,104.8,96.1983,2212056
2020-02-14,105.06,105.1,104.49,105.0,96.3819,2023415
2020-02-18,104.84,104.93,104.32,104.71,96.1157,741605
2020-02-19,105.1,105.23,104.88,105.06,96.4369,5644101
2020-02-20,105.0,105.3209,103.84,104.74,96.1432,1375752
2020-02-21,104.41,104.41,103.45,103.73,95.2161,4847609
2020-02-24,100.0,101.23,99.81,100.15,91.9299,1180577
2020-02-25,100.63,100.71,96.81,97.09,89.1211,1326207
2020-02-26,97.82,98.85,96.67,96.875,88.9237,3605461
2020-02-27,94.93,96.56,92.72,92.755,85.1419,1943594
2020-02-28,89.68,92.165,89.34,91.95,84.403,4074236
2020-03-02,93.29,96.02,91.6596,96.02,88.1389,3411378
2020-03-03,96.36,97.28,92.38,93.14,85.4953,2987695
2020-03-04,94.9,96.85,93.87,96.77,88.8274,2320503
2020-03-05,94.29,95.41,92.973,93.72,86.0277,1424905
2020-03-06,90.81,92.76,90.17,92.35,84.7701,1870046
2020-03-09,85.67,88.71,84.75,85.85,78.8036,3206371
2020-03-10,89.0,90.29,85.5,90.29,82.8792,4144749
2020-03-11,87.8,88.17,84.7893,85.85,78.8036,2998013
2020-03-12,79.38,83.2732,77.65,77.81,71.4235,3878139
2020-03-13,82.32,84.87,78.09,84.86,77.8949,4118171
2020-03-16,82.37,82.37,75.25,76.22,69.9641,2575099
2020-03-17,76.64,80.48,74.9282,79.54,73.0116,3226136
2020-03-18,77.21,77.2771,72.38,76.12,69.8723,3259779
2020-03-19,75.88,78.06,73.6164,76.14,69.8906,3322767
2020-03-20,77.01,77.25,71.77,72.06,66.1455,2212086
2020-03-23,71.63,71.82,68.2,69.28,63.5937,2590697
2020-03-24,73.31,76.54,72.19,76.46,70.1844,2369337
2020-03-25,76.12,80.71,75.299,77.67,71.6797,3679867
2020-03-26,78.83,82.536,78.2485,82.03,75.7035,3189635
2020-03-27,79.42,82.04,78.8118,79.48,73.3501,2472477
2020-03-30,80.32,82.6,79.78,82.45,76.0911,3603296
2020-03-31,82.4,82.84,80.7,81.04,74.7898,2733088
2020-04-01,78.31,79.28,76.935,77.66,71.6705,1873517
2020-04-02,77.45,79.76,77.27,79.49,73.3594,1756396
2020-04-03,79.42,79.94,77.35,78.26,72.2242,1748334
2020-04-06,81.22,84.2896,81.11,83.5,77.0601,2473570
2020-04-07,86.79,86.91,83.72,83.75,77.2908,7883860
2020-04-08,84.98,86.98,83.745,86.55,79.8749,3358773
2020-04-09,87.53,88.38,86.625,87.44,80.6962,19224801
2020-04-13,86.97,87.17,84.92,86.04,79.4042,5263795
2020-04-14,87.95,89.08,87.68,88.75,81.9052,2715429
2020-04-15,86.85,87.22,85.95,86.7,80.0133,2006047
2020-04-16,87.09,87.4286,85.77,86.88,80.1794,1622538
2020-04-17,89.23,89.55,88.14,89.39,82.4958,1733175
2020-04-20,88.02,88.98,87.6,87.76,80.9915,2107199
2020-04-21,86.27,86.3935,84.9,85.16,78.5921,1565885
2020-04-22,86.53,87.67,86.3,87.12,80.4009,1771537
2020-04-23,87.77,88.5701,86.94,87.03,80.3178,1617581
2020-04-24,87.38,88.59,86.97,88.41,81.5914,1381139
2020-04-27,88.94,90.27,88.78,89.93,82.9942,1812776
2020-04-28,91.25,91.45,89.8,89.94,83.0034,2230889
2020-04-29,92.07,92.82,91.55,92.3,85.1814,2788877
2020-04-30,91.96,91.96,90.59,90.99,83.9724,2355709
2020-05-01,89.28,89.8362,88.44,88.81,81.9606,1630079
2020-05-04,88.28,89.17,87.74,89.09,82.219,1679069
2020-05-05,90.05,90.84,89.75,89.94,83.0034,1724620
2020-05-06,90.72,90.72,89.43,89.48,82.5789,1839542
2020-05-07,90.6,91.19,90.3,90.49,83.511,3148967
2020-05-08,91.8,92.14,91.19,92.0,84.9045,1812448
2020-05-11,91.34,92.63,91.17,92.15,85.043,1693103
2020-05-12,92.48,92.6,90.1,90.12,83.1695,1695191
2020-05-13,90.1,90.42,87.8,88.72,81.8775,1780579
2020-05-14,87.78,89.79,86.97,89.79,82.865,1951728
2020-05-15,88.88,90.49,88.66,90.47,83.4925,1256673
2020-05-18,92.33,93.71,92.33,93.27,86.0766,1412983
2020-05-19,93.1,93.455,92.15,92.18,85.0707,1946409
2020-05-20,93.48,93.98,93.22,93.65,86.4273,1139622
2020-05-21,93.78,93.93,92.71,93.09,85.9105,815262
2020-05-22,93.05,93.3,92.52,93.27,86.0766,1073424
2020-05-26,95.28,95.58,94.6,94.77,87.4609,1662861
2020-05-27,95.83,95.86,94.15,95.85,88.4576,1326537
2020-05-28,96.35,96.85,95.42,95.57,88.1992,2391682
2020-05-29,95.53,96.28,94.57,96.1,88.6883,1285571
2020-06-01,95.94,96.59,95.61,96.42,88.9836,1033652
2020-06-02,96.76,97.2099,96.25,97.17,89.6758,1110679
2020-06-03,97.94,98.9,97.58,98.62,91.014,1283480
2020-06-04,98.33,98.68,97.32,98.06,90.4972,2975303
2020-06-05,99.98,101.117,99.5,100.52,92.7674,1183744
2020-06-08,101.0,101.43,100.4,101.43,93.6073,1701196
2020-06-09,100.6,100.87,100.134,100.42,92.6752,1907634
2020-06-10,100.6,100.79,99.48,99.82,92.1214,1503027
2020-06-11,97.76,97.78,93.71,93.9,86.658,1691256
2020-06-12,96.56,96.56,93.0431,94.91,87.5901,1761278
2020-06-15,92.42,95.7764,92.11,95.39,88.364,1202222
2020-06-16,98.15,98.15,95.76,97.17,90.0128,1014304
2020-06-17,97.56,97.56,96.54,96.74,89.6145,1369402
2020-06-18,96.27,96.79,95.97,96.67,89.5497,1124097
2020-06-19,97.88,97.89,95.62,96.11,89.0309,1103862
2020-06-22,95.92,96.8,95.45,96.76,89.633,936325
2020-06-23,97.76,97.96,97.105,97.29,90.124,962757
2020-06-24,96.58,96.76,94.05,94.67,87.697,2237584
2020-06-25,94.57,95.62,93.74,95.53,88.4936,1218012
2020-06-26,95.15,95.17,92.929,93.07,86.2148,1200079
2020-06-29,93.36,94.49,92.77,94.46,87.5025,1540952
2020-06-30,94.5,96.29,94.38,95.92,88.8549,1245544
2020-07-01,96.23,96.86,96.09,96.43,89.3274,1035978
2020-07-02,97.69,97.98,96.84,97.02,89.8739,715043
2020-07-06,98.25,98.6,98.02,98.42,91.1708,890333
2020-07-07,97.96,98.5974,97.15,97.22,90.0592,1313584
2020-07-08,97.6,97.91,96.84,97.76,90.5594,1403372
2020-07-09,97.99,97.99,96.07,97.09,89.9387,881918
2020-07-10,97.12,98.13,96.55,98.08,90.8558,627529
2020-07-13,98.82,99.52,97.14,97.25,90.087,703196
2020-07-14,96.71,98.67,96.6,98.63,91.3653,1310358
2020-07-15,99.76,100.19,99.135,99.92,92.5603,1518226
2020-07-16,99.18,99.579,99.0,99.44,92.1157,835892
2020-07-17,99.76,100.18,99.24,99.88,92.5232,859050
2020-07-20,99.68,100.58,99.33,100.34,92.9494,810712
2020-07-21,101.19,101.3286,100.5,100.75,93.3292,973966
2020-07-22,100.82,101.64,100.82,101.56,94.0795,745408
2020-07-23,101.48,101.81,100.04,100.44,93.042,1086193
2020-07-24,99.63,99.86,98.97,99.41,92.0879,769434
2020-07-27,99.69,100.15,99.32,100.12,92.7456,699518
2020-07-28,99.82,100.13,99.29,99.36,92.0415,758460
2020-07-29,99.6,100.61,99.54,100.41,93.0142,1914841
2020-07-30,99.36,100.0178,98.59,99.95,92.5881,1072958
2020-07-31,100.18,100.67,99.02,100.67,93.2551,985129
2020-08-03,101.19,101.3599,100.8,101.02,93.5793,1074240
2020-08-04,100.9,101.39,100.76,101.39,93.922,806881
2020-08-05,101.98,102.45,101.82,102.38,94.8391,710829
2020-08-06,102.34,103.03,102.0075,102.99,95.4042,778271
2020-08-07,102.67,103.27,102.57,103.27,95.6635,625968
2020-08-10,103.42,103.6391,102.9093,103.52,95.8951,707464
2020-08-11,104.24,104.43,102.8201,103.0,95.4134,3373596
2020-08-12,103.61,104.52,103.61,104.29,96.6084,672346
2020-08-13,104.06,104.42,103.72,104.04,96.3768,729324
2020-08-14,104.21,104.2899,103.67,103.99,96.3305,1018225
2020-08-17,104.37,104.54,104.13,104.31,96.6269,385708
2020-08-18,104.74,104.74,103.82,104.36,96.6733,610546
2020-08-19,104.46,104.82,103.88,104.04,96.3768,756112
2020-08-20,103.5,104.42,103.345,104.28,96.5992,643329
2020-08-21,104.22,104.71,104.07,104.59,96.8863,471382
2020-08-24,105.53,105.77,105.22,105.74,97.9516,646090
2020-08-25,106.07,106.14,105.62,106.1,98.2851,1289513
2020-08-26,106.23,107.2,106.05,107.07,99.1837,656641
2020-08-27,107.5,107.78,106.695,107.16,99.267,1311016
2020-08-28,107.66,108.3,107.29,108.22,100.249,584391
2020-08-31,108.21,108.3,107.53,107.58,99.6561,597799
2020-09-01,107.56,108.34,107.35,108.34,100.3601,1558508
2020-09-02,108.89,110.42,108.64,110.16,102.0461,1143940
2020-09-03,109.46,109.75,105.73,106.49,98.6464,1105083
2020-09-04,107.02,107.17,103.63,105.53,97.7571,1061279
2020-09-08,104.34,104.34,102.86,103.01,95.4227,1460337
2020-09-09,104.21,105.45,103.7634,104.66,96.9512,913621
2020-09-10,105.4,105.4,102.599,102.94,95.3579,642233
2020-09-11,103.7,103.91,102.2,103.02,95.432,1137650
2020-09-14,104.08,104.875,103.93,104.37,96.6825,587299
2020-09-15,105.28,105.64,104.67,104.94,97.2105,1531705
2020-09-16,105.45,105.9799,104.71,104.78,97.0623,752161
2020-09-17,103.71,104.4618,103.033,103.85,96.2008,660476
2020-09-18,104.32,104.32,102.155,102.88,95.3023,717718
2020-09-21,101.58,101.58,99.96,101.23,93.7738,1012073
2020-09-22,101.66,102.48,100.8997,102.31,94.7743,918241
2020-09-23,102.59,102.6135,99.97,100.14,93.1662,680752
2020-09-24,99.66,101.31,99.1678,100.28,93.2964,843516
2020-09-25,100.17,101.9,99.61,101.69,94.6082,448448
2020-09-28,103.11,103.62,102.76,103.36,96.1619,861850
2020-09-29,103.5,103.6391,102.73,103.06,95.8828,556642
2020-09-30,103.37,104.72,103.16,103.74,96.5155,948511
2020-10-01,104.46,104.9,103.74,104.31,97.0458,873154
2020-10-02,102.76,104.13,102.38,103.48,96.2736,673120
2020-10-05,104.43,105.23,104.2268,105.19,97.8645,622655
2020-10-06,105.38,106.1,103.7323,103.96,96.7202,652734
2020-10-07,104.91,105.84,104.7745,105.59,98.2366,977132
2020-10-08,106.45,106.58,106.03,106.56,99.1391,705402
2020-10-09,107.18,107.74,106.94,107.59,100.0974,746208
2020-10-12,108.4,109.3633,108.13,108.96,101.372,471145
2020-10-13,109.14,109.14,107.93,108.22,100.6835,734708
2020-10-14,108.3,108.74,107.33,107.58,100.0881,711044
2020-10-15,106.53,107.6,105.8104,107.44,99.9578,614094
2020-10-16,107.84,108.27,107.41,107.42,99.9392,787328
2020-10-19,107.69,107.97,105.49,105.71,98.3483,1506105
2020-10-20,106.35,107.255,106.06,106.23,98.8321,812079
2020-10-21,106.43,107.199,106.28,106.4,98.9902,466510
2020-10-22,106.68,107.2399,105.89,106.99,99.5391,831063
2020-10-23,107.355,107.54,106.65,107.54,100.0508,666091
2020-10-26,106.55,106.55,104.04,105.24,97.911,667539
2020-10-27,105.44,105.44,104.69,104.77,97.4738,740262
2020-10-28,103.03,103.03,100.67,100.86,93.836,1156115
2020-10-29,100.89,102.83,100.29,101.98,94.878,1093476
2020-10-30,101.55,101.92,99.73,101.05,94.0128,1017704
2020-11-02,102.28,103.0631,101.46,102.32,95.1944,717467
2020-11-03,103.45,104.8,103.28,104.24,96.9807,508820
2020-11-04,105.64,108.16,105.34,106.77,99.3345,841850
2020-11-05,108.78,109.2187,108.061,108.61,101.0463,1207156
2020-11-06,108.65,108.87,107.837,108.42,100.8696,815036
2020-11-09,114.33,114.85,110.91,110.97,103.242,1136298
2020-11-10,110.95,111.18,109.73,110.78,103.0652,1141910
2020-11-11,111.74,111.74,110.6,111.12,103.3815,659038
2020-11-12,110.58,110.82,109.2405,109.8,102.1535,3356715
2020-11-13,110.83,111.81,110.4261,111.54,103.7723,906606
2020-11-16,112.85,112.93,111.8,112.93,105.0655,513545
2020-11-17,112.42,112.83,111.65,112.47,104.6375,1396860
2020-11-18,112.82,112.8436,111.1,111.14,103.4001,586760
2020-11-19,110.95,111.42,110.15,111.29,103.5397,550524
2020-11-20,111.47,111.47,110.4268,110.46,102.7675,769658
2020-11-23,111.09,111.5199,110.38,111.23,103.4839,737039
2020-11-24,112.2,113.23,111.74,113.02,105.1492,938332
2020-11-25,113.07,113.07,112.26,112.62,104.7771,636634
2020-11-27,113.12,113.12,112.6,112.88,105.019,206793
2020-11-30,112.75,112.75,111.6,112.46,104.6282,1590026
2020-12-01,113.58,114.51,113.5279,114.01,106.0703,1018330
2020-12-02,113.37,113.83,113.285,113.78,105.8563,464642
2020-12-03,113.78,114.32,113.59,113.9,105.9679,594280
2020-12-04,114.11,114.84,114.09,114.84,106.8425,776888
2020-12-07,114.63,114.82,114.28,114.68,106.6936,711056
2020-12-08,114.26,115.4,114.26,115.13,107.1123,1000472
2020-12-09,115.28,115.41,113.95,114.28,106.3215,1725323
2020-12-10,114.07,114.295,113.43,113.92,105.9865,718644
2020-12-11,113.32,114.03,113.09,113.94,106.0051,716833
2020-12-14,114.13,114.7095,112.9,112.9,105.4149,899031
2020-12-15,113.76,114.375,113.44,114.32,106.7407,2387473
2020-12-16,114.51,114.65,114.0501,114.32,106.7407,926847
2020-12-17,115.09,115.24,114.87,115.18,107.5437,1328094
2020-12-18,115.69,115.69,114.05,114.76,107.1516,2240329
2020-12-21,113.38,114.4,112.2925,114.19,106.6194,1008569
2020-12-22,114.03,114.3,113.72,113.94,106.3859,1179760
2020-12-23,114.35,114.54,113.85,113.87,106.3206,1023820
2020-12-24,114.02,114.46,113.99,114.46,106.8715,242407
2020-12-28,115.06,115.5276,115.06,115.31,107.6651,616241
2020-12-29,115.76,115.92,115.0291,115.2,107.5624,691370
2020-12-30,115.39,115.92,115.36,115.47,107.8145,613375
2020-12-31,115.29,116.29,115.24,116.21,108.5054,351718
2021-01-04,116.42,116.4689,113.15,114.36,106.7781,949903
2021-01-05,113.94,115.15,113.94,114.82,107.2076,719038
2021-01-06,114.28,116.2333,114.0,115.35,107.7024,659164
2021-01-07,116.02,116.885,115.842,116.65,108.9163,667931
2021-01-08,117.1,117.3,116.06,117.22,109.4485,831536
2021-01-11,116.56,117.21,116.34,116.68,108.9443,721292
2021-01-12,116.79,116.79,115.72,116.43,108.7108,990636
2021-01-13,116.61,116.89,116.14,116.47,108.7482,868097
2021-01-14,116.78,116.91,115.7,115.81,108.132,1663910
2021-01-15,115.59,115.6309,114.55,115.22,107.5811,2510937
2021-01-19,115.89,116.2408,115.45,116.13,108.4307,823675
2021-01-20,116.59,117.665,116.52,117.32,109.5418,1562517
2021-01-21,117.59,117.8599,117.16,117.41,109.6259,1728729
2021-01-22,116.91,117.1775,116.5651,116.7,108.9629,4288767
2021-01-25,116.67,117.07,115.47,117.02,109.2617,4228643
2021-01-26,117.3,117.4444,116.74,116.78,109.0376,3805068
2021-01-27,115.66,115.66,113.42,114.1,106.5353,2105576
2021-01-28,114.47,116.58,114.47,115.37,107.7211,837824
2021-01-29,114.97,114.97,112.3501,112.92,105.4336,5358656
2021-02-01,114.07,114.8556,113.2881,114.46,106.8715,790807
2021-02-02,115.56,116.66,115.49,116.19,108.4868,781232
2021-02-03,116.59,116.59,115.685,115.97,108.2813,1077115
2021-02-04,116.3,117.38,116.1561,117.37,109.5885,1119716
2021-02-05,117.88,118.23,117.79,118.01,110.1861,883903
2021-02-08,118.42,118.87,118.2503,118.84,110.9611,2200264
2021-02-09,118.62,118.95,118.41,118.76,110.8864,1062141
2021-02-10,119.37,119.3725,118.12,118.86,110.9797,667003
2021-02-11,119.32,119.62,118.75,119.49,111.568,910984
2021-02-12,119.25,119.88,119.21,119.8,111.8574,891690
2021-02-16,119.96,120.25,119.39,119.47,111.5493,824796
2021-02-17,119.15,119.7,118.66,119.66,111.7267,644280
2021-02-18,118.97,119.67,118.39,119.39,111.4746,804098
2021-02-19,119.94,119.94,118.91,119.01,111.1198,552666
2021-02-22,118.15,118.89,117.95,118.26,110.4195,530320
2021-02-23,117.83,119.06,116.72,118.62,110.7557,874338
2021-02-24,118.06,120.09,117.85,119.97,112.0161,3870686
2021-02-25,119.1,119.82,116.64,117.04,109.2804,2761689
2021-02-26,117.62,117.92,115.91,116.53,108.8042,1580404
2021-03-01,117.81,119.6499,117.79,119.21,111.3065,642923
2021-03-02,119.21,119.4142,118.2145,118.32,110.4755,911822
2021-03-03,118.17,118.27,116.62,116.63,108.8976,958433
2021-03-04,116.43,117.31,113.815,114.99,107.3663,1069937
2021-03-05,116.16,117.995,114.38,117.71,109.906,1635038
2021-03-08,117.83,119.37,117.47,117.54,109.7473,2280404
2021-03-09,118.69,119.865,118.69,118.98,111.0918,1237516
2021-03-10,119.59,120.3599,119.312,119.8,111.8574,1003118
2021-03-11,120.73,121.61,120.45,120.8,112.7911,961112
2021-03-12,120.45,120.74,119.96,120.67,112.6697,999483
2021-03-15,120.77,121.94,120.47,121.88,113.7995,853309
2021-03-16,121.95,122.425,121.6384,121.9,113.8182,932857
2021-03-17,121.38,122.16,120.85,121.91,113.8275,1168341
2021-03-18,121.02,121.66,120.01,120.13,112.1655,896898
2021-03-19,120.16,120.565,119.29,119.71,111.7734,1553379
2021-03-22,119.77,121.035,119.76,120.78,112.7724,716362
2021-03-23,120.17,121.08,119.72,119.97,112.0161,811835
2021-03-24,120.41,121.01,119.5,119.5,111.5773,935270
2021-03-25,118.685,119.71,117.83,119.47,112.0556,903809
2021-03-26,119.95,122.08,119.56,122.01,114.4379,1725818
2021-03-29,121.86,122.43,121.16,122.16,114.5786,1001589
2021-03-30,121.88,121.88,121.05,121.46,113.9221,967293
2021-03-31,121.73,122.28,121.63,121.78,114.2222,880859
2021-04-01,122.43,123.1,122.36,123.09,115.4509,1097484
2021-04-05,123.64,124.91,123.64,124.61,116.8766,1613160
2021-04-06,124.53,125.02,124.29,124.59,116.8578,904178
2021-04-07,124.46,124.77,124.22,124.55,116.8203,772864
2021-04-08,124.81,125.07,124.71,125.05,117.2893,890698
2021-04-09,125.19,126.1,125.06,126.04,118.2178,1084439
2021-04-12,125.73,126.05,125.494,125.88,118.0677,835643
2021-04-13,125.9,126.03,125.48,125.91,118.0959,1557022
2021-04-14,125.7,126.209,125.4,125.61,117.8145,962041
2021-04-15,126.11,127.12,126.11,126.99,119.1089,1371073
2021-04-16,127.33,127.78,127.24,127.585,119.6669,713899
2021-04-19,127.31,127.545,126.62,127.03,119.1464,981647
2021-04-20,126.74,126.9,125.78,126.21,118.3773,917624
2021-04-21,126.28,127.54,126.28,127.4,119.4934,985209
2021-04-22,127.48,127.7,126.13,126.46,118.6117,1417630
2021-04-23,126.64,128.05,126.4498,127.56,119.6435,1025539
2021-04-26,127.74,127.91,127.365,127.54,119.6247,725683
2021-04-27,127.69,127.69,127.115,127.44,119.5309,733174
2021-04-28,127.72,127.8804,127.31,127.38,119.4747,742051
2021-04-29,128.11,128.7,127.51,128.57,120.5908,1230447
2021-04-30,128.0,128.0,127.395,127.63,119.7091,747148
2021-05-03,128.35,128.5905,128.12,128.24,120.2813,924189
2021-05-04,127.75,127.8,126.64,127.66,119.7373,1055857
2021-05-05,128.105,128.16,127.43,127.58,119.6622,1563228
2021-05-06,127.72,128.56,127.11,128.54,120.5627,855535
2021-05-07,128.68,129.72,128.67,129.53,121.4912,533256
2021-05-10,129.57,129.825,128.36,128.36,120.3938,817209
2021-05-11,127.05,127.47,126.04,127.26,119.3621,2188448
2021-05-12,126.35,126.57,124.3,124.45,116.7265,1184893
2021-05-13,124.84,126.7799,124.59,126.2,118.3679,1016847
2021-05-14,127.02,128.32,126.99,127.97,120.028,702117
2021-05-17,127.54,127.81,126.915,127.4,119.4934,870078
2021-05-18,127.37,127.62,126.35,126.35,118.5086,672251
2021-05-19,124.92,126.28,124.45,126.17,118.3397,1118781
2021-05-20,126.35,128.06,126.33,127.62,119.6998,813233
2021-05-21,128.08,128.48,127.29,127.43,119.5215,642543
2021-05-24,128.25,128.99,128.09,128.64,120.6565,523500
2021-05-25,129.01,129.04,128.3,128.47,120.497,2059073
2021-05-26,128.89,128.91,128.5,128.71,120.7221,737785
2021-05-27,129.13,129.16,128.67,128.77,120.7784,682769
2021-05-28,129.53,129.53,128.89,128.92,120.9191,696747
2021-06-01,129.48,129.775,128.51,128.66,120.6752,650363
2021-06-02,128.94,129.41,128.77,129.24,121.2192,2932413
2021-06-03,128.38,129.15,127.95,128.87,120.8722,1002293
2021-06-04,129.55,130.2799,129.2892,130.19,122.1103,567164
2021-06-07,130.1,130.335,129.8,130.26,122.1759,892611
2021-06-08,130.26,130.62,129.58,130.14,122.0634,533795
2021-06-09,130.5,130.54,129.89,129.89,121.8289,680579
2021-06-10,129.63,130.385,129.5,130.26,122.5329,1092011
2021-06-11,130.5,130.74,129.9705,130.52,122.7775,828624
2021-06-14,130.75,130.79,130.03,130.79,123.0315,647123
2021-06-15,130.93,130.93,130.22,130.45,122.7116,547974
2021-06-16,130.64,130.64,128.8,129.4,121.7239,645742
2021-06-17,129.16,129.995,128.86,129.62,121.9309,932183
2021-06-18,128.49,128.83,127.89,127.94,120.3505,836949
2021-06-21,128.23,129.83,128.23,129.74,122.0438,558861
2021-06-22,129.92,130.765,129.62,130.55,122.8057,585171
2021-06-23,131.19,131.19,130.15,130.15,122.4294,699503
2021-06-24,131.03,131.15,130.71,130.98,123.2102,515773
2021-06-25,131.77,132.365,131.73,132.21,124.3672,487525
2021-06-28,132.65,132.8193,132.22,132.8,124.9222,417410
2021-06-29,132.85,133.1699,132.81,133.01,125.1198,489870
2021-06-30,132.63,133.01,132.63,132.87,124.9881,602817
2021-07-01,133.09,133.6796,132.94,133.67,125.7406,625729
2021-07-02,134.26,134.94,133.96,134.86,126.86,796351
2021-07-06,134.76,134.97,133.62,134.53,126.5496,1114872
2021-07-07,134.93,135.28,134.3,135.2,127.1799,3849818
2021-07-08,133.29,134.32,133.19,134.09,126.1357,1825514
2021-07-09,134.17,135.32,134.17,135.27,127.2457,770765
2021-07-12,135.13,135.7,135.13,135.68,127.6314,651918
2021-07-13,135.51,135.92,135.26,135.43,127.3962,2844840
2021-07-14,135.98,135.98,135.18,135.56,127.5185,782609
2021-07-15,135.28,135.28,134.52,135.05,127.0388,792037
2021-07-16,135.35,135.4,134.19,134.29,126.3239,667464
2021-07-19,132.91,133.18,131.7,132.58,124.7153,6085508
2021-07-20,132.82,134.71,132.45,134.31,126.3427,1608188
2021-07-21,134.42,135.32,134.42,135.31,127.2834,3358897
2021-07-22,135.51,135.65,134.99,135.61,127.5656,3478223
2021-07-23,136.21,137.63,136.2,137.53,129.3717,852644
2021-07-26,137.07,137.64,137.04,137.6,129.4375,1275228
2021-07-27,137.43,137.43,136.06,137.05,128.9201,773052
2021-07-28,137.07,137.535,136.73,137.09,128.9578,945550
2021-07-29,137.36,137.885,137.29,137.73,129.5598,1008311
2021-07-30,137.38,137.74,137.1,137.36,129.2117,812114
2021-08-02,138.39,138.39,136.99,137.14,129.0048,940786
2021-08-03,137.23,138.18,136.81,138.16,129.9643,860273
2021-08-04,138.16,138.33,137.7,137.95,129.7667,835285
2021-08-05,138.46,138.9,138.24,138.85,130.6134,556038
2021-08-06,139.0,139.04,138.6,138.86,130.6228,741570
2021-08-09,138.76,139.05,138.56,138.72,130.4911,864730
2021-08-10,138.75,139.16,138.5,138.76,130.5287,702075
2021-08-11,138.99,139.115,138.665,138.93,130.6886,711685
2021-08-12,138.74,139.1621,138.45,139.06,130.8109,726382
2021-08-13,139.28,139.61,139.08,139.61,131.3283,526113
2021-08-16,139.19,140.445,139.07,140.44,132.109,535721
2021-08-17,139.73,139.73,138.4606,139.26,130.999,3552287
2021-08-18,138.91,139.42,137.491,137.6,129.4375,976018
2021-08-19,136.58,138.68,136.57,138.19,129.9925,885436
2021-08-20,138.33,139.655,138.19,139.55,131.2718,875427
2021-08-23,140.02,140.84,140.02,140.42,132.0902,785923
2021-08-24,140.74,140.74,140.38,140.51,132.1749,784792
2021-08-25,140.88,140.955,140.49,140.74,132.3912,531977
2021-08-26,140.53,140.6,139.68,139.79,131.4976,1314522
2021-08-27,140.29,141.33,140.1,141.2,132.824,723547
2021-08-30,141.35,142.07,141.35,141.78,133.3695,681464
2021-08-31,141.92,141.92,141.12,141.25,132.871,642319
2021-09-01,141.53,141.595,141.06,141.33,132.9462,1484219
2021-09-02,141.61,141.78,140.93,141.4,133.0121,1013409
2021-09-03,141.12,141.68,140.86,141.39,133.0027,588817
2021-09-07,141.27,141.36,140.12,140.28,131.9585,1107551
2021-09-08,139.84,140.24,139.51,140.07,131.761,5565770
2021-09-09,140.16,140.64,139.48,139.54,131.2624,1055944
2021-09-10,140.14,140.399,138.77,138.82,130.5851,1212673
2021-09-13,139.6,139.8699,137.9376,138.68,130.4534,871372
2021-09-14,139.0,139.19,137.77,138.05,129.8608,1109248
2021-09-15,138.13,139.08,137.78,138.92,130.6792,661535
2021-09-16,138.72,139.03,137.85,138.705,130.477,591482
2021-09-17,138.53,138.53,137.05,137.23,129.0895,684223
2021-09-20,135.21,135.9186,133.47,135.03,127.02,1081283
2021-09-21,135.76,136.19,134.68,134.92,126.9165,5180580
2021-09-22,135.4,136.41,134.95,135.81,127.7537,1357548
2021-09-23,136.49,137.825,136.3501,137.21,129.0706,1066941
2021-09-24,136.15,137.015,136.03,136.77,129.0503,942533
2021-09-27,136.48,136.6,135.645,135.92,128.2483,923523
2021-09-28,134.98,135.0,132.74,133.02,125.512,1778503
2021-09-29,133.57,134.04,133.1,133.2,125.6818,1300296
2021-09-30,133.92,134.12,131.71,131.73,124.2948,1491676
2021-10-01,132.46,133.69,130.9226,133.07,125.5592,1624918
2021-10-04,132.475,132.71,130.2,130.89,123.5022,3004565
2021-10-05,131.42,133.1,131.28,132.43,124.9553,929973
2021-10-06,131.4,132.88,130.8009,132.83,125.3327,1137711
2021-10-07,133.93,135.14,133.93,134.11,126.5405,886534
2021-10-08,134.5,134.57,133.79,133.98,126.4178,543261
2021-10-11,133.96,134.79,133.18,133.18,125.6629,864212
2021-10-12,133.58,133.6,132.62,132.89,125.3893,3984912
2021-10-13,133.33,134.16,132.69,133.88,126.3234,1294785
2021-10-14,135.18,136.37,135.06,136.3,128.6068,799598
2021-10-15,137.09,137.28,136.74,137.06,129.3239,605498
2021-10-18,136.57,137.895,136.35,137.82,130.0411,592091
2021-10-19,138.58,139.01,138.33,139.0,131.1545,1090948
2021-10-20,139.11,139.59,139.11,139.46,131.5885,1135397
2021-10-21,139.38,140.23,138.96,140.19,132.2773,581058
2021-10-22,139.84,140.56,139.505,140.14,132.2301,753129
2021-10-25,140.43,141.17,139.9,140.9,132.9472,842385
2021-10-26,141.13,141.36,140.44,140.52,132.5887,896114
2021-10-27,140.32,140.56,139.4731,139.49,131.6168,604328
2021-10-28,140.01,140.84,140.01,140.8,132.8529,657553
2021-10-29,140.49,141.965,140.18,141.89,133.8813,606779
2021-11-01,142.28,142.34,141.11,141.61,133.6171,824825
2021-11-02,141.92,142.521,141.86,142.42,134.3814,660744
2021-11-03,142.32,143.17,142.0,143.1,135.023,947675
2021-11-04,143.51,144.71,143.3735,144.71,136.5422,631845
2021-11-05,145.04,145.64,144.36,144.8,136.6271,667534
2021-11-08,145.14,145.39,144.54,144.98,136.7969,1011668
2021-11-09,145.32,145.42,144.54,145.09,136.9007,548001
2021-11-10,144.38,144.81,143.3,143.69,135.5797,800695
2021-11-11,144.23,144.23,143.77,143.91,135.7873,480063
2021-11-12,144.46,145.66,144.25,145.44,137.231,525921
2021-11-15,145.71,146.07,145.21,145.5,137.2876,1230490
2021-11-16,145.5,146.47,145.28,146.09,137.8443,476741
2021-11-17,145.7,145.7,144.74,144.92,136.7403,1430829
2021-11-18,145.49,145.56,144.39,145.1,136.9101,598581
2021-11-19,145.28,146.2283,145.01,145.43,137.2215,567106
2021-11-22,145.815,146.52,144.27,144.32,136.1742,786410
2021-11-23,144.02,144.64,143.06,144.53,136.3723,611250
2021-11-24,143.76,145.11,143.43,145.09,136.9007,811184
2021-11-26,143.0,143.74,141.62,142.07,134.0512,905914
2021-11-29,143.39,144.35,142.68,143.84,135.7213,631797
2021-11-30,143.15,143.56,140.75,141.03,133.0699,1209008
2021-12-01,142.86,143.23,139.0,139.06,131.2111,2059443
2021-12-02,139.01,141.529,138.702,140.975,133.018,2091322
2021-12-03,141.55,142.0366,138.32,139.69,131.8055,1550282
2021-12-06,140.42,141.16,139.27,140.76,132.8151,2283857
2021-12-07,142.9,144.331,142.58,144.08,135.9477,1333093
2021-12-08,144.18,144.41,143.46,144.26,136.1176,991759
2021-12-09,143.845,144.28,143.025,143.09,135.0136,1035839
2021-12-10,143.685,144.27,142.97,144.25,136.1081,1254540
2021-12-13,144.13,144.13,142.72,142.78,135.1026,1306663
2021-12-14,141.51,142.27,140.56,141.62,134.005,1290311
2021-12-15,141.79,144.5,141.19,144.46,136.6923,1428012
2021-12-16,145.07,145.07,142.04,142.65,134.9796,1631204
2021-12-17,141.7,142.54,140.6,141.02,133.4372,1507698
2021-12-20,139.37,139.62,138.04,139.1,131.6205,1570515
2021-12-21,140.61,141.75,139.59,141.72,134.0996,1245954
2021-12-22,141.52,142.9101,141.42,142.91,135.2256,1095109
2021-12-23,143.26,144.34,143.1706,143.88,136.1434,703062
2021-12-27,144.35,146.29,144.35,146.28,138.4144,681448
2021-12-28,146.71,146.77,145.68,145.91,138.0643,935456
2021-12-29,146.01,146.64,145.7,146.3,138.4333,674271
2021-12-30,146.33,146.83,145.7803,145.91,138.0643,649982
2021-12-31,145.79,146.11,145.43,145.56,137.7331,595693
2022-01-03,145.79,145.96,144.23,145.17,137.3641,1352607
2022-01-04,145.25,145.76,144.35,145.0,137.2032,3915923
2022-01-05,144.78,144.87,141.49,141.51,133.9009,4518411
2022-01-06,141.28,142.46,140.56,141.64,134.0239,2014011
2022-01-07,141.76,141.76,140.01,140.31,132.7654,1075313
2022-01-10,139.05,139.79,136.96,139.68,132.1693,2396779
2022-01-11,139.6,141.01,138.36,140.975,133.3947,1977986
2022-01-12,141.56,141.965,140.49,141.18,133.5886,1298122
2022-01-13,141.755,141.897,138.805,139.16,131.6772,1483516
2022-01-14,138.2,139.17,137.448,138.91,131.4407,987801
2022-01-18,137.89,137.89,136.18,136.43,129.094,1075772
2022-01-19,136.98,137.68,135.14,135.18,127.9113,1124351
2022-01-20,135.56,137.33,133.25,133.42,126.2459,1722622
2022-01-21,132.87,134.4161,131.19,131.22,124.1642,2600461
2022-01-24,129.86,132.27,126.19,132.1,124.9969,3337686
2022-01-25,130.27,132.01,128.37,130.2,123.199,2229484
2022-01-26,132.31,133.35,128.58,129.89,122.9057,2504551
2022-01-27,131.2,132.24,128.73,129.32,122.3664,2253035
2022-01-28,129.88,132.86,128.23,132.81,125.6687,2830780
2022-01-31,132.59,135.5,132.29,135.44,128.1573,1469508
2022-02-01,135.59,136.31,134.36,136.21,128.8859,1786115
2022-02-02,137.23,138.29,136.67,138.07,130.6459,1156949
2022-02-03,134.97,135.72,133.55,133.85,126.6528,2714649
2022-02-04,133.47,134.53,132.09,133.39,126.2175,1332484
2022-02-07,133.5,134.0078,132.52,132.84,125.6971,1234842
2022-02-08,132.6,133.77,132.02,133.42,126.2459,1657583
2022-02-09,134.91,136.11,134.91,135.98,128.6682,1652081
2022-02-10,133.96,135.7522,132.4,133.0,125.8485,1562849
2022-02-11,133.27,133.54,129.83,130.24,123.2369,1444551
2022-02-14,129.9,130.48,128.43,129.53,122.5651,1763673
2022-02-15,130.84,131.97,130.84,131.84,124.7508,1153623
2022-02-16,131.33,132.55,130.69,132.1,124.9969,1048211
2022-02-17,131.42,131.42,129.01,129.17,122.2244,1129640
2022-02-18,129.35,129.65,127.81,128.36,121.458,1609309
2022-02-22,127.97,128.79,125.68,126.7,119.8872,1645817
2022-02-23,127.54,128.09,124.4902,124.64,117.938,1505314
2022-02-24,121.98,127.19,121.51,127.0,120.1711,2931448
2022-02-25,127.59,130.13,126.99,130.13,123.1328,1626226
2022-02-28,128.75,130.38,128.12,129.88,122.8962,1608315
2022-03-01,129.86,130.5,127.3,128.16,121.2687,1675736
2022-03-02,128.77,131.06,128.49,130.59,123.5681,2210503
2022-03-03,131.45,131.52,129.39,130.06,123.0666,1604152
2022-03-04,129.1,129.34,127.61,128.86,121.9311,1433341
2022-03-07,128.6,128.82,124.97,125.05,118.326,2977019
2022-03-08,125.01,127.29,123.74,124.13,117.4554,3383136
2022-03-09,126.47,128.16,126.05,127.45,120.5969,1571406
2022-03-10,125.79,126.97,125.05,126.62,119.8115,1806944
2022-03-11,127.34,127.59,124.6001,124.77,118.061,1588956
2022-03-14,124.78,125.89,123.18,123.55,116.9066,1471447
2022-03-15,124.12,126.43,123.99,126.22,119.433,1548011
2022-03-16,127.48,128.98,125.62,128.95,122.0162,2189201
2022-03-17,128.43,130.78,128.43,130.74,123.71,1151401
2022-03-18,130.25,132.785,130.25,132.71,125.5741,988229
2022-03-21,132.63,133.29,131.1788,132.42,125.2997,867743
2022-03-22,132.86,134.1,132.86,133.76,126.5676,818967
2022-03-23,133.13,133.21,131.82,131.85,124.7603,1068123
2022-03-24,132.01,133.6,131.8,133.56,126.7452,875779
2022-03-25,133.63,134.15,132.76,133.98,127.1438,1478819
2022-03-28,133.93,134.94,133.1,134.93,128.0453,736237
2022-03-29,136.03,137.64,135.86,137.39,130.3798,1083814
2022-03-30,137.32,137.41,135.9,136.44,129.4783,1414577
2022-03-31,136.54,136.72,134.34,134.63,127.7606,1269181
2022-04-01,134.71,134.94,133.77,134.81,127.9314,1357626
2022-04-04,134.78,136.03,134.78,135.98,129.0417,793614
2022-04-05,135.49,136.18,133.83,134.18,127.3336,1663801
2022-04-06,132.78,133.53,131.835,132.94,126.1569,1591434
2022-04-07,132.69,134.26,132.16,133.6,126.7832,1328525
2022-04-08,133.58,134.18,132.77,133.05,126.2612,965524
2022-04-11,132.33,132.33,130.66,130.78,124.1071,2177277
2022-04-12,131.88,132.71,129.72,130.22,123.5756,1288587
2022-04-13,130.46,131.9906,130.2233,131.72,124.9991,1088422
2022-04-14,131.81,132.21,130.2,130.25,123.6041,653179
2022-04-18,129.79,130.55,129.24,129.9,123.272,1031712
2022-04-19,129.85,132.82,129.85,132.57,125.8057,771019
2022-04-20,133.39,133.62,132.28,132.51,125.7488,1245212
2022-04-21,133.67,134.0,130.0,130.26,123.6136,1379571
2022-04-22,129.91,130.23,126.67,126.8,120.3301,1291400
2022-04-25,126.07,127.89,124.89,127.85,121.3266,1452910
2022-04-26,127.16,127.4,124.57,124.61,118.2519,1267542
2022-04-27,124.6,126.38,124.16,124.49,118.138,2377960
2022-04-28,126.5,128.7,124.9,128.01,121.4784,1904586
2022-04-29,127.15,127.88,123.29,123.48,117.1795,1920408
2022-05-02,123.46,125.08,121.72,124.57,118.2139,2221753
2022-05-03,124.2,125.62,123.92,124.9,118.5271,1856296
2022-05-04,125.25,129.05,123.93,128.85,122.2755,1909683
2022-05-05,127.28,127.57,122.41,123.69,117.3788,1835937
2022-05-06,122.9,123.52,120.63,122.32,116.0787,1953316
2022-05-09,120.5,121.04,118.25,118.71,112.6529,3111106
2022-05-10,120.74,121.17,117.69,118.88,112.8143,3784154
2022-05-11,118.56,120.08,116.66,116.84,110.8783,2370459
2022-05-12,115.86,118.24,115.2,117.35,111.3623,3560094
2022-05-13,118.65,120.74,118.4411,120.22,114.0859,1926195
2022-05-16,119.78,120.91,118.96,119.81,113.6968,1948774
2022-05-17,121.54,122.13,120.415,122.04,115.813,1407906
2022-05-18,119.88,120.02,116.03,116.42,110.4798,1035013
2022-05-19,115.39,116.87,114.75,115.38,109.4928,1512171
2022-05-20,116.72,116.85,113.23,115.98,110.0622,1732649
2022-05-23,116.58,118.04,116.12,117.88,111.8653,1413028
2022-05-24,116.51,117.15,114.6,116.79,110.8309,1141139
2022-05-25,116.22,118.66,116.09,118.09,112.0646,1194914
2022-05-26,118.42,121.65,118.42,121.1,114.921,1865792
2022-05-27,121.95,124.36,121.91,124.35,118.0052,1003043
2022-05-31,123.8,124.17,122.24,123.27,116.9803,2154343
2022-06-01,123.28,123.99,121.1666,121.82,115.6042,1356114
2022-06-02,121.84,124.7,121.56,124.7,118.3373,995231
2022-06-03,123.26,123.71,122.48,122.77,116.5058,807757
2022-06-06,124.09,124.4199,122.71,123.04,116.762,1187280
2022-06-07,121.87,124.48,121.75,124.31,117.9672,1559553
2022-06-08,123.78,124.46,122.7,122.93,116.6576,682479
2022-06-09,122.12,122.68,119.61,119.62,113.9072,772178
2022-06-10,117.8,117.8,115.96,116.0,110.4601,1526699
2022-06-13,113.02,113.3,110.88,111.3,105.9845,2709608
2022-06-14,112.0,112.1,110.08,111.0,105.6989,2728868
2022-06-15,112.16,114.03,110.55,112.51,107.1367,2054801
2022-06-16,109.99,109.99,107.6731,108.57,103.3849,1703009
2022-06-17,108.63,109.76,107.59,108.62,103.4325,1610090
2022-06-21,110.28,111.55,110.1838,110.94,105.6417,2091662
2022-06-22,109.54,112.03,109.4432,110.75,105.4608,1735450
2022-06-23,111.36,112.53,110.77,112.35,106.9844,1267891
2022-06-24,113.18,116.14,113.18,116.06,110.5172,1352623
2022-06-27,116.35,116.46,115.2,115.56,110.0411,1076955
2022-06-28,115.91,116.62,112.55,112.62,107.2415,879281
2022-06-29,112.75,113.04,111.75,112.41,107.0415,1287929
2022-06-30,111.33,112.7864,110.3,111.73,106.394,1508882
2022-07-01,111.45,112.53,110.4,112.32,106.9558,1807332
2022-07-05,110.97,113.12,110.19,113.08,107.6795,2534659
2022-07-06,113.2,114.48,112.5626,113.7,108.2699,1151797
2022-07-07,114.25,115.91,114.25,115.67,110.1458,1139718
2022-07-08,114.98,116.11,114.54,115.53,110.0125,690373
2022-07-11,114.71,115.0,113.98,114.19,108.7365,4932853
2022-07-12,114.11,114.94,112.48,113.08,107.6795,2187312
2022-07-13,111.44,113.41,111.16,112.59,107.2129,1404784
2022-07-14,111.23,112.73,110.36,112.55,107.1748,1975233
2022-07-15,113.79,114.53,113.23,114.48,109.0127,1096275
2022-07-18,115.48,115.8457,113.3,113.64,108.2128,817044
2022-07-19,114.96,117.1,114.7751,116.94,111.3552,976725
2022-07-20,117.04,118.525,116.68,118.14,112.4979,1453757
2022-07-21,117.95,119.14,117.02,119.11,113.4215,1680382
2022-07-22,119.21,119.6,117.02,117.68,112.0598,1737772
2022-07-25,117.83,117.83,116.77,117.5,111.8884,1088232
2022-07-26,116.84,116.964,115.63,115.89,110.3553,657323
2022-07-27,116.85,119.36,116.62,118.84,113.1644,1180713
2022-07-28,118.96,120.96,117.97,120.73,114.9642,1272419
2022-07-29,120.63,122.25,120.38,122.02,116.1926,1081055
2022-08-01,121.29,122.4893,120.8586,121.71,115.8974,1103800
2022-08-02,121.17,122.21,120.18,120.68,114.9166,678181
2022-08-03,121.3,122.62,121.03,122.24,116.4021,876037
2022-08-04,122.46,122.71,121.85,122.53,116.6782,875215
2022-08-05,121.1,122.49,120.97,122.32,116.4782,768875
2022-08-08,122.45,123.36,121.79,122.25,116.4116,622179
2022-08-09,121.86,121.88,120.66,121.07,115.2879,586601
2022-08-10,123.16,124.16,123.06,124.11,118.1827,637899
2022-08-11,124.79,125.5,123.4601,123.7,117.7923,783507
2022-08-12,124.46,125.82,124.2,125.785,119.7777,1286318
2022-08-15,125.1,126.47,125.1,126.26,120.2301,770841
2022-08-16,126.16,127.1399,125.52,126.48,120.4396,529047
2022-08-17,125.21,126.3,124.83,125.4,119.4111,941574
2022-08-18,125.6,126.2999,125.3191,126.0,119.9825,652468
2022-08-19,124.95,125.17,123.77,124.04,118.1161,492483
2022-08-22,122.72,122.72,121.19,121.54,115.7355,777709
2022-08-23,121.52,122.22,121.07,121.16,115.3736,757960
2022-08-24,121.045,122.05,120.81,121.53,115.726,646867
2022-08-25,122.05,123.66,121.73,123.66,117.7542,494325
2022-08-26,123.47,123.6823,119.02,119.07,113.3834,854515
2022-08-29,118.02,119.0,117.79,117.92,112.2884,6389896
2022-08-30,118.24,118.43,116.03,116.72,111.1457,847334
2022-08-31,117.14,117.64,115.75,115.75,110.222,1447584
2022-09-01,114.82,116.11,114.03,115.99,110.4505,1443814
2022-09-02,117.24,117.56,114.26,114.82,109.3364,1432482
2022-09-06,114.94,115.75,113.9,114.71,109.2317,1223957
2022-09-07,114.55,116.98,114.47,116.75,111.1742,1389793
2022-09-08,115.79,117.69,115.6214,117.64,112.0217,1194848
2022-09-09,118.37,120.01,118.37,119.69,113.9738,539247
2022-09-12,120.03,121.0496,119.94,120.42,114.669,1071211
2022-09-13,117.56,117.9489,114.5999,114.95,109.4602,986929
2022-09-14,115.31,115.66,114.1054,115.08,109.584,1042244
2022-09-15,114.62,115.22,113.01,113.46,108.0414,1089479
2022-09-16,112.01,112.85,111.63,112.6,107.2224,994013
2022-09-19,111.62,113.39,111.61,113.36,107.9461,683629
2022-09-20,112.35,112.35,110.8899,111.76,106.4226,793438
2022-09-21,112.04,113.52,109.95,109.98,104.7276,1002405
2022-09-22,109.7,109.92,108.68,108.88,103.6801,1167271
2022-09-23,107.68,107.8,106.0,107.29,102.166,1691528
2022-09-26,106.41,107.37,105.28,105.58,101.0365,2608148
2022-09-27,106.61,107.48,104.75,105.43,100.8929,2636622
2022-09-28,106.045,108.42,105.59,107.94,103.2949,2341634
2022-09-29,106.78,107.05,104.85,105.72,101.1705,1378672
2022-09-30,105.14,106.32,103.89,103.94,99.4671,2155670
2022-10-03,105.06,107.41,104.72,106.83,102.2327,1925518
2022-10-04,108.22,109.96,108.22,109.92,105.1897,1537747
2022-10-05,108.75,110.69,108.04,109.94,105.2089,1252647
2022-10-06,109.39,110.69,108.87,109.0,104.3093,1310600
2022-10-07,107.725,107.725,105.4,105.94,101.381,1094220
2022-10-10,106.44,106.44,104.46,105.32,100.7877,1043010
2022-10-11,104.63,106.17,104.0097,104.71,100.2039,1414654
2022-10-12,104.6,105.3,104.25,104.3,99.8116,1120849
2022-10-13,102.0,107.0411,101.6,106.49,101.9073,1763776
2022-10-14,107.18,107.66,103.68,103.82,99.3522,2319532
2022-10-17,105.49,106.9,105.49,106.55,101.9647,1475868
2022-10-18,108.9,108.9362,106.72,107.77,103.1322,1505525
2022-10-19,107.2,107.91,106.0,106.89,102.2901,1310039
2022-10-20,106.94,108.27,105.81,106.05,101.4863,1419411
2022-10-21,105.86,108.87,105.67,108.74,104.0605,1342412
2022-10-24,109.14,110.49,108.35,110.07,105.3333,1037789
2022-10-25,109.93,112.53,109.93,112.44,107.6013,991855
2022-10-26,111.46,113.76,111.46,111.96,107.1419,1232621
2022-10-27,112.07,112.56,110.88,110.99,106.2137,1085938
2022-10-28,110.95,113.74,110.95,113.62,108.7305,880414
2022-10-31,112.88,113.2,112.33,112.56,107.7161,1072856
2022-11-01,113.45,113.86,111.92,112.52,107.6778,1347183
2022-11-02,112.11,113.48,109.35,109.38,104.673,1541275
2022-11-03,108.12,109.3,107.46,108.38,103.716,1570038
2022-11-04,110.03,110.92,108.32,110.14,105.4002,1361066
2022-11-07,110.56,111.63,110.05,111.41,106.6156,852100
2022-11-08,111.9,113.22,110.809,112.07,107.2472,894246
2022-11-09,111.31,111.86,109.62,109.75,105.027,797621
2022-11-10,113.63,116.99,113.63,116.83,111.8023,1682138
2022-11-11,116.69,118.84,116.69,118.5,113.4005,1060611
2022-11-14,118.23,119.16,117.52,117.53,112.4722,1107185
2022-11-15,119.64,119.91,117.65,118.85,113.7354,1151392
2022-11-16,117.38,117.96,116.98,117.17,112.1277,799760
2022-11-17,115.56,117.05,115.45,116.96,111.9268,678502
2022-11-18,117.77,118.08,116.41,117.4,112.3478,1962310
2022-11-21,116.63,117.1,116.27,116.76,111.7354,3035200
2022-11-22,117.09,118.73,116.925,118.67,113.5632,717177
2022-11-23,118.47,119.66,118.47,119.43,114.2905,628670
2022-11-25,119.04,119.38,119.04,119.21,114.0799,260789
2022-11-28,118.04,118.82,117.2897,117.59,112.5296,502020
2022-11-29,117.6,117.996,116.88,117.52,112.4627,568995
2022-11-30,117.59,121.24,117.0201,121.24,116.0226,952674
2022-12-01,121.44,121.91,120.41,121.21,115.9939,1570144
2022-12-02,119.53,121.48,119.44,121.17,115.9556,816350
2022-12-05,120.66,120.66,118.68,119.18,114.0512,834619
2022-12-06,118.98,119.0,116.6,117.24,112.1947,571502
2022-12-07,116.9,117.88,116.8,117.09,112.0512,640805
2022-12-08,117.79,118.46,117.265,118.08,112.9986,585819
2022-12-09,117.77,118.29,116.96,116.98,111.9459,741689
2022-12-12,117.09,118.94,117.09,118.93,113.812,1345024
2022-12-13,121.69,122.16,118.68,119.48,114.8031,1313714
2022-12-14,119.4,120.66,117.94,119.0,114.3418,792460
2022-12-15,117.45,117.62,115.32,115.92,111.3824,742374
2022-12-16,115.07,115.42,113.8938,114.57,110.0852,651937
2022-12-19,114.81,114.81,112.8901,113.34,108.9034,939601
2022-12-20,112.97,113.98,112.65,113.52,109.0764,1173814
2022-12-21,114.61,115.8201,114.42,115.55,111.0269,784170
2022-12-22,114.43,114.5,112.07,113.77,109.3166,1355810
2022-12-23,113.5,114.485,113.01,114.44,109.9603,799657
2022-12-27,114.47,114.69,113.71,114.08,109.6144,786691
2022-12-28,114.1,114.63,112.55,112.56,108.1539,835252
2022-12-29,113.33,114.89,113.27,114.53,110.0468,806568
2022-12-30,113.8,114.09,112.93,113.96,109.4991,1086249
2023-01-03,115.12,115.38,112.82,113.64,109.1917,1781883
2023-01-04,114.08,115.09,113.5,114.56,110.0756,1521825
2023-01-05,113.895,114.03,113.03,113.23,108.7977,857648
2023-01-06,114.29,116.4487,113.66,116.14,111.5938,531999
2023-01-09,116.56,117.85,116.03,116.05,111.5073,925398
2023-01-10,115.87,116.89,115.55,116.89,112.3144,691457
2023-01-11,117.38,118.572,117.21,118.57,113.9287,2110377
2023-01-12,118.95,119.47,117.67,119.13,114.4668,1750187
2023-01-13,117.94,119.57,117.94,119.39,114.7166,684413
2023-01-17,119.24,119.96,118.87,119.14,114.4764,1410780
2023-01-18,119.4,120.0,117.42,117.48,112.8813,1460208
2023-01-19,116.78,117.31,116.24,116.47,111.9109,824909
2023-01-20,117.06,118.9,116.45,118.81,114.1593,487778
2023-01-23,119.07,120.9,118.87,120.39,115.6774,1017239
2023-01-24,119.91,120.519,119.48,120.31,115.6006,492694
2023-01-25,119.09,120.3,118.352,120.17,115.466,616903
2023-01-26,120.86,121.51,120.09,121.46,116.7055,1065459
2023-01-27,121.26,122.5,121.11,121.75,116.9842,889508
2023-01-30,121.08,121.6357,120.08,120.11,115.4084,615284
2023-01-31,120.38,122.11,120.37,122.11,117.3301,765641
2023-02-01,121.61,124.44,120.99,123.58,118.7426,646816
2023-02-02,125.09,126.749,125.09,126.2,121.26,813966
2023-02-03,124.65,126.1,124.43,124.75,119.8668,965445
2023-02-06,123.79,124.23,123.25,123.65,118.8098,472804
2023-02-07,123.44,125.56,122.94,125.16,120.2607,608887
2023-02-08,124.47,124.74,123.22,123.42,118.5888,506648
2023-02-09,124.38,124.5,121.8,122.18,117.3974,510308
2023-02-10,121.72,122.48,121.51,122.37,117.5799,937230
2023-02-13,122.58,124.15,122.58,124.15,119.2902,428142
2023-02-14,123.52,124.74,122.75,123.98,119.1269,536319
2023-02-15,123.0,124.04,122.75,124.04,119.1846,599479
2023-02-16,122.31,123.7,122.31,122.33,117.5415,559522
2023-02-17,121.61,121.92,120.91,121.84,117.0707,426742
2023-02-21,120.33,120.88,119.16,119.22,114.5532,652204
2023-02-22,119.44,119.85,118.57,118.95,114.2938,473387
2023-02-23,120.28,120.44,118.75,120.11,115.4084,471756
2023-02-24,118.52,119.03,117.95,118.71,114.0632,320659
2023-02-27,119.56,120.135,118.67,118.9,114.2458,538252
2023-02-28,118.73,119.74,118.69,118.75,114.1016,556134
2023-03-01,118.61,118.95,117.97,118.4,113.7653,681076
2023-03-02,117.68,119.81,117.6639,119.545,114.8655,583723
2023-03-03,120.15,121.48,119.79,121.41,116.6575,483972
2023-03-06,121.68,122.4,121.3965,121.53,116.7728,2735760
2023-03-07,121.74,121.81,119.705,119.83,115.1394,701358
2023-03-08,120.03,120.485,119.55,120.24,115.5333,1216493
2023-03-09,120.3,121.13,118.0,118.26,113.6308,649676
2023-03-10,118.07,118.64,115.89,116.31,111.7571,1178148
2023-03-13,115.44,117.78,115.03,116.27,111.7187,1633783
2023-03-14,117.56,118.809,116.86,118.34,113.7077,1308948
2023-03-15,116.82,117.83,116.04,117.77,113.16,1630092
2023-03-16,117.43,119.92,116.93,119.84,115.149,1830109
2023-03-17,119.85,120.19,118.52,118.98,114.3226,43206793
2023-03-20,119.54,120.19,118.98,120.01,115.3123,11609180
2023-03-21,121.22,121.52,120.29,121.34,116.5902,2873392
2023-03-22,120.96,122.535,119.33,119.33,114.6589,2788896
2023-03-23,120.04,121.37,118.87,119.77,115.435,2169570
2023-03-24,119.46,120.41,118.51,120.28,115.9265,2440881
2023-03-27,120.75,121.08,120.02,120.24,115.888,1428346
2023-03-28,120.19,120.2,119.365,119.91,115.5699,1522149
2023-03-29,121.14,121.64,120.79,121.53,117.1313,2106191
2023-03-30,122.25,122.41,121.67,122.25,117.8252,1530195
2023-03-31,122.51,124.16,122.51,124.065,119.5746,1363343
2023-04-03,123.95,124.67,123.64,124.63,120.1191,1155864
2023-04-04,124.92,124.92,123.17,123.5,119.03,1041490
2023-04-05,123.35,123.6,122.67,123.37,118.9047,911896
2023-04-06,123.17,123.73,122.51,123.66,119.1842,894808
2023-04-10,123.02,124.1,122.84,124.1,119.6083,1295820
2023-04-11,124.35,124.79,124.03,124.33,119.83,1754351
2023-04-12,124.97,125.09,123.55,123.7,119.2228,3721824
2023-04-13,124.12,125.3168,123.7,125.15,120.6203,2224679
2023-04-14,124.9,125.85,124.22,125.0,120.4757,1281002
2023-04-17,124.71,125.175,124.33,125.17,120.6396,1223786
2023-04-18,125.8,125.82,124.96,125.37,120.8323,1193325
2023-04-19,124.81,125.32,124.59,125.06,120.5335,1193377
2023-04-20,124.2,125.66,124.2,125.05,120.5239,1353322
2023-04-21,125.23,125.23,124.4,124.86,120.3408,917906
2023-04-24,124.62,125.1199,124.29,125.05,120.5239,743915
2023-04-25,124.49,124.64,122.86,122.91,118.4614,746744
2023-04-26,123.06,123.12,121.8,121.98,117.565,1230110
2023-04-27,123.11,124.97,123.11,124.86,120.3408,864816
2023-04-28,124.64,126.19,124.64,126.19,121.6226,972170
2023-05-01,125.99,126.88,125.99,126.44,121.8636,827418
2023-05-02,126.21,126.34,123.753,124.7,120.1866,935359
2023-05-03,124.72,125.7,123.82,123.89,119.4059,1169495
2023-05-04,123.36,123.45,122.22,122.48,118.0469,1470918
2023-05-05,123.44,124.885,123.44,124.54,120.0324,973789
2023-05-08,124.575,124.69,124.09,124.55,120.042,687649
2023-05-09,124.08,124.39,123.91,124.05,119.5601,1668711
2023-05-10,124.94,125.1599,123.41,124.65,120.1384,782759
2023-05-11,124.41,124.64,123.92,124.52,120.0131,1219093
2023-05-12,124.86,125.015,123.86,124.625,120.1143,921021
2023-05-15,124.9,125.24,124.2892,125.17,120.6396,988666
2023-05-16,124.61,124.8552,124.12,124.14,119.6468,598226
2023-05-17,124.57,125.92,124.27,125.7,121.1504,1554356
2023-05-18,125.56,127.2,125.53,127.03,122.4322,869230
2023-05-19,127.21,127.3674,126.28,126.72,122.1335,1132184
2023-05-22,126.53,127.34,126.5,126.88,122.2877,840589
2023-05-23,126.22,126.45,125.15,125.35,120.813,939172
2023-05-24,124.87,124.92,123.96,124.46,119.9553,930450
2023-05-25,126.485,127.04,125.69,126.53,121.9503,1027170
2023-05-26,126.79,128.54,126.63,128.28,123.637,880671
2023-05-30,129.19,129.19,127.88,128.3,123.6563,988782
2023-05-31,127.51,127.786,126.6635,127.1,122.4997,1441667
2023-06-01,127.43,128.55,126.88,128.23,123.5888,1194971
2023-06-02,129.27,130.33,128.99,130.08,125.3718,1513431
2023-06-05,129.94,130.3,129.34,129.45,124.7646,1690031
2023-06-06,129.46,129.88,129.185,129.75,125.0538,1090031
2023-06-07,129.42,129.87,128.5,128.6,124.3138,1025037
2023-06-08,128.3,129.3,128.3,129.15,124.8455,941563
2023-06-09,129.47,130.07,129.1101,129.33,125.0195,1338748
2023-06-12,129.8,130.85,129.448,130.82,126.4598,1011694
2023-06-13,131.42,131.83,131.0,131.64,127.2525,834081
2023-06-14,131.54,132.51,131.01,132.26,127.8518,870185
2023-06-15,131.92,134.2,131.83,133.82,129.3599,1326939
2023-06-16,134.42,134.66,133.42,133.5,129.0505,676324
2023-06-20,132.86,133.26,132.3,132.91,128.4802,1248740
2023-06-21,132.77,133.02,132.13,132.53,128.1128,863968
2023-06-22,132.07,132.9,132.0,132.89,128.4608,1003123
2023-06-23,131.95,132.48,131.68,132.05,127.6488,884388
2023-06-26,131.89,132.44,131.325,131.34,126.9625,735376
2023-06-27,131.82,133.36,131.65,133.12,128.6832,1070069
2023-06-28,132.7,133.31,132.37,132.81,128.3835,1108962
2023-06-29,132.89,133.54,132.6864,133.4,128.9539,803430
2023-06-30,134.34,135.1095,134.27,134.87,130.3749,1021962
2023-07-03,134.47,134.77,134.39,134.69,130.2009,480503
2023-07-05,134.25,134.9599,134.155,134.57,130.0849,851465
2023-07-06,133.3,133.64,132.74,133.51,129.0602,921540
2023-07-07,133.17,134.21,132.87,132.89,128.4608,993414
2023-07-10,132.96,133.75,132.9,133.75,129.2922,1057606
2023-07-11,133.94,134.78,133.6201,134.65,130.1622,968360
2023-07-12,135.62,136.22,135.45,135.89,131.3609,1094268
2023-07-13,136.77,137.42,136.54,137.18,132.6079,1861954
2023-07-14,137.48,137.945,137.0201,137.25,132.6755,786915
2023-07-17,137.25,138.2921,137.04,138.02,133.4199,727607
2023-07-18,137.88,138.98,137.82,138.78,134.1545,829257
2023-07-19,138.99,139.19,138.55,138.81,134.1835,1013440
2023-07-20,138.19,138.86,137.63,137.8,133.2072,14983950
2023-07-21,138.63,138.67,137.92,137.92,133.3232,2723881
2023-07-24,138.26,138.74,138.04,138.53,133.9129,1466876
2023-07-25,138.51,139.71,138.51,139.39,134.7442,1071120
2023-07-26,139.07,139.83,138.68,139.34,134.6959,1297413
2023-07-27,140.57,140.7978,138.33,138.72,134.0965,834588
2023-07-28,139.45,140.11,139.24,139.93,135.2662,896964
2023-07-31,140.11,140.24,139.48,139.97,135.3049,951855
2023-08-01,139.53,140.11,139.414,139.97,135.3049,1067425
2023-08-02,138.83,138.92,137.57,137.79,133.1975,1103478
2023-08-03,137.25,138.01,136.96,137.53,132.9462,1061883
2023-08-04,137.74,138.52,136.51,136.76,132.2019,908986
2023-08-07,137.18,138.29,137.18,138.29,133.6809,802690
2023-08-08,137.68,137.81,136.8,137.74,133.1492,875844
2023-08-09,137.84,137.84,136.57,136.88,132.3179,720053
2023-08-10,137.32,138.59,136.19,136.72,132.1632,832551
2023-08-11,136.14,136.75,135.79,136.18,131.6412,806547
2023-08-14,136.07,137.65,135.84,137.65,133.0622,830644
2023-08-15,137.1,137.42,136.22,136.43,131.8829,945080
2023-08-16,136.25,137.0607,135.61,135.61,131.0902,982207
2023-08-17,136.16,136.31,134.57,134.72,130.2299,1886930
2023-08-18,133.85,135.25,133.671,134.86,130.3652,837281
2023-08-21,135.23,136.405,134.8096,136.16,131.6219,1475120
2023-08-22,136.65,136.65,135.39,135.56,131.0419,3756034
2023-08-23,135.94,137.14,135.68,136.995,132.429,1258777
2023-08-24,137.89,138.08,135.14,135.15,130.6455,1269024
2023-08-25,135.61,136.54,134.41,135.96,131.4285,1036429
2023-08-28,136.59,137.04,136.17,136.86,132.2985,806092
2023-08-29,136.75,138.95,136.68,138.92,134.2899,1324432
2023-08-30,139.07,139.63,138.77,139.33,134.6862,795600
2023-08-31,139.46,140.11,139.32,139.36,134.7152,815166
2023-09-01,140.02,140.38,139.23,139.68,135.0245,629852
2023-09-05,139.47,139.6,138.82,138.89,134.2609,967999
2023-09-06,138.67,138.72,137.21,137.97,133.3715,783732
2023-09-07,136.78,137.67,136.76,137.44,132.8592,478104
2023-09-08,137.495,138.06,137.18,137.43,132.8495,654145
2023-09-11,138.13,138.34,137.32,137.89,133.2942,1154960
2023-09-12,137.51,137.72,136.86,137.04,132.4725,1549618
2023-09-13,136.95,137.66,136.83,137.28,132.7045,1293122
2023-09-14,137.92,138.3209,137.32,138.17,133.5649,1288509
2023-09-15,137.54,137.76,135.94,136.07,131.5349,1002897
2023-09-18,135.84,136.84,135.78,136.45,131.9022,829419
2023-09-19,136.3,136.424,135.4006,136.28,131.7379,779472
2023-09-20,136.57,136.8305,134.92,134.97,130.4715,792535
2023-09-21,134.0,134.0,132.38,132.41,127.9968,919037
2023-09-22,132.96,133.65,132.48,132.59,128.1708,1016903
2023-09-25,132.18,133.06,132.1,133.03,128.5962,1410536
2023-09-26,131.79,131.84,130.56,130.77,126.8984,5987998
2023-09-27,131.44,131.655,130.04,131.08,127.1992,1259606
2023-09-28,131.2,132.56,130.87,132.02,128.1114,1281530
2023-09-29,133.21,133.3,131.4,131.79,127.8882,1756275
2023-10-02,131.79,132.42,131.14,132.11,128.1987,1149423
2023-10-03,131.35,132.0101,130.02,130.45,126.5878,1114137
2023-10-04,130.49,131.64,130.26,131.47,127.5776,1082217
2023-10-05,131.33,131.81,130.64,131.53,127.6359,1421006
2023-10-06,131.07,133.795,130.66,133.39,129.4408,1498578
2023-10-09,132.8,134.58,132.73,134.42,130.4403,1109791
2023-10-10,134.8,135.96,134.48,134.95,130.9546,1928718
2023-10-11,135.39,135.99,134.93,135.91,131.8862,1500223
2023-10-12,136.19,136.46,134.64,135.5,131.4883,1369365
2023-10-13,135.82,136.24,134.29,134.76,130.7702,1353028
2023-10-16,135.25,136.57,135.25,136.25,132.2161,1410356
2023-10-17,135.15,136.555,134.92,136.03,132.0026,1049772
2023-10-18,135.35,135.7199,133.97,134.29,130.3142,980443
2023-10-19,134.7,134.8,132.72,132.93,128.9944,4343852
2023-10-20,132.85,133.21,131.43,131.47,127.5776,1722575
2023-10-23,130.95,132.67,130.49,131.4,127.5097,1528427
2023-10-24,132.22,132.75,131.44,132.36,128.4413,1643149
2023-10-25,131.75,131.75,130.07,130.27,126.4132,1478915
2023-10-26,129.44,129.73,127.86,128.12,124.3268,1592234
2023-10-27,128.64,128.79,127.15,127.66,123.8804,1972379
2023-10-30,128.32,129.58,128.23,129.26,125.4331,1459086
2023-10-31,129.22,129.995,128.635,129.84,125.9959,9310843
2023-11-01,129.9,131.4,129.9,131.18,127.2962,1704952
2023-11-02,132.28,133.94,132.28,133.84,129.8775,2483866
2023-11-03,134.88,135.54,134.62,134.99,130.9934,1488184
2023-11-06,135.14,135.51,134.89,135.46,131.4495,1157421
2023-11-07,135.42,136.3102,135.16,136.06,132.0318,1478112
2023-11-08,136.21,136.705,135.73,136.48,132.4393,1562156
2023-11-09,136.99,137.0,135.45,135.6,131.5854,1165872
2023-11-10,136.33,137.855,135.88,137.8,133.7202,1166639
2023-11-13,137.37,137.92,137.01,137.57,133.497,1405000
2023-11-14,139.33,140.38,139.26,140.01,135.8648,1721630
2023-11-15,140.27,140.547,139.63,139.88,135.7387,1882307
2023-11-16,139.58,139.87,139.07,139.8,135.661,1522316
2023-11-17,139.83,140.11,139.4,139.88,135.7387,906889
2023-11-20,139.39,141.26,139.39,141.02,136.8449,2028907
2023-11-21,140.48,140.89,140.31,140.76,136.5926,1172636
2023-11-22,141.09,141.69,140.72,141.17,136.9905,1110448
2023-11-24,141.155,141.3,141.0,141.17,136.9905,328704
2023-11-27,140.64,141.235,140.64,140.75,136.5829,1003974
2023-11-28,140.4,141.1796,140.2701,140.65,136.4859,843305
2023-11-29,141.24,141.55,140.46,140.58,136.4179,1055023
2023-11-30,140.98,141.07,139.935,141.07,136.8934,1462909
2023-12-01,140.87,142.07,140.64,141.91,137.7086,1170968
2023-12-04,140.95,141.2995,140.45,141.19,137.0099,986037
2023-12-05,140.73,141.37,140.53,141.12,136.9419,1313543
2023-12-06,141.89,141.89,140.585,140.71,136.5441,1626550
2023-12-07,141.17,141.89,141.0,141.78,137.5824,727589
2023-12-08,141.35,142.72,141.35,142.51,138.2908,949517
2023-12-11,142.77,143.79,142.69,143.74,139.4844,1890204
2023-12-12,143.83,144.87,143.65,144.86,140.5712,3530952
2023-12-13,144.84,146.7,144.8201,146.53,142.1918,1079576
2023-12-14,146.88,146.92,145.68,146.43,142.0947,1660159
2023-12-15,146.09,146.71,145.94,146.3,141.9686,1461655
2023-12-18,146.87,147.55,146.78,147.32,142.9584,1034632
2023-12-19,147.41,148.02,147.3701,147.99,143.6086,3666038
2023-12-20,147.35,147.997,145.57,145.62,141.7386,1358246
2023-12-21,146.56,147.0,145.81,146.91,142.9942,1062080
2023-12-22,146.75,147.22,146.15,146.7,142.7898,993035
2023-12-26,146.83,147.68,146.82,147.36,143.4322,778680
2023-12-27,147.5,147.7,147.14,147.64,143.7048,1057393
2023-12-28,147.62,147.83,147.44,147.5,143.6624,1089351
2023-12-29,147.61,147.7594,146.63,147.14,143.3118,997597
2024-01-02,146.12,146.36,145.42,146.07,142.2696,1070023
2024-01-03,145.48,145.72,144.93,145.13,141.3541,944366
2024-01-04,145.05,145.82,144.55,144.615,140.8525,1251472
2024-01-05,144.71,145.44,144.26,144.745,140.9791,1067584
2024-01-08,144.79,146.91,144.79,146.89,143.0683,1165927
2024-01-09,146.22,147.13,145.965,146.78,142.9612,877510
2024-01-10,147.02,147.94,146.88,147.66,143.8183,1512066
2024-01-11,148.0,148.31,146.515,148.02,144.1689,1142771
2024-01-12,148.36,148.75,147.86,148.38,144.5195,719992
2024-01-16,147.985,148.41,147.23,147.74,143.8962,1311821
2024-01-17,146.97,147.2399,146.41,147.15,143.3215,1230347
2024-01-18,147.8,148.82,147.3601,148.65,144.7825,1928789
2024-01-19,149.44,150.89,149.0,150.81,146.8863,1213388
2024-01-22,151.39,151.63,151.04,151.34,147.4025,1338678
2024-01-23,151.18,151.18,150.45,151.0,147.0714,1184565
2024-01-24,152.02,152.459,151.13,151.27,147.3343,1262696
2024-01-25,151.73,152.1566,150.905,151.71,147.7629,18640230
2024-01-26,151.36,151.86,151.07,151.35,147.4123,3662373
2024-01-29,151.41,152.81,151.41,152.73,148.7564,2663038
2024-01-30,152.64,152.93,152.43,152.73,148.7564,1571516
2024-01-31,151.91,152.39,150.465,150.5,146.5844,1592037
2024-02-01,150.89,152.3,150.81,152.3,148.3375,1645145
2024-02-02,152.94,154.86,152.68,154.3,150.2855,1876796
2024-02-05,154.43,154.645,153.38,154.21,150.1978,1646192
2024-02-06,154.74,155.0,153.715,154.48,150.4608,1181036
2024-02-07,155.18,156.49,155.18,156.29,152.2237,1295179
2024-02-08,156.545,156.86,156.38,156.66,152.5841,1232731
2024-02-09,157.0,157.85,156.7601,157.64,153.5386,1018873
2024-02-12,157.84,158.465,157.286,157.63,153.5289,916805
2024-02-13,155.26,156.4199,154.71,155.67,151.6199,1166779
2024-02-14,156.6,157.39,155.9,157.25,153.1588,1076760
2024-02-15,157.71,158.39,157.4,158.16,154.0451,1883157
2024-02-16,158.61,158.61,156.95,156.96,152.8763,912310
2024-02-20,156.24,156.448,155.02,155.79,151.7367,948777
2024-02-21,155.13,156.06,154.7838,156.04,151.9802,1505192
2024-02-22,158.52,160.3201,158.4,160.06,155.8956,1275970
2024-02-23,160.82,161.1801,159.89,160.26,156.0904,814060
2024-02-26,160.56,160.7,160.03,160.11,155.9443,992613
2024-02-27,160.13,160.34,159.55,160.1,155.9346,1142250
2024-02-28,159.46,159.945,159.22,159.745,155.5888,812171
2024-02-29,160.59,160.625,159.398,160.28,156.1099,1299170
2024-03-01,160.82,162.38,160.56,162.38,158.1553,878141
2024-03-04,162.46,163.0,162.205,162.26,158.0384,1473222
2024-03-05,161.78,161.88,159.69,160.5,156.3242,1681106
2024-03-06,161.92,162.379,161.14,161.67,157.4638,894563
2024-03-07,162.64,163.85,162.5,163.56,159.3046,934408
2024-03-08,164.04,164.285,161.425,161.61,157.4053,1007394
2024-03-11,161.29,161.43,160.115,161.16,156.967,840412
2024-03-12,162.08,163.64,161.34,163.51,159.2559,834801
2024-03-13,163.46,163.73,162.81,163.27,159.0221,857273
2024-03-14,163.93,164.14,162.0761,163.01,158.7689,17780689
2024-03-15,162.28,162.31,161.14,161.48,157.2787,3647216
2024-03-18,162.79,163.38,162.27,162.39,158.165,1331057
2024-03-19,161.93,163.45,161.49,163.34,159.0903,1508900
2024-03-20,163.62,164.95,163.2401,164.94,160.6487,1451084
2024-03-21,165.65,166.2351,165.21,165.44,161.5028,1790855
2024-03-22,165.0,165.119,164.36,164.58,160.6633,920229
2024-03-25,164.03,164.38,163.79,163.94,160.0385,1108063
2024-03-26,164.58,164.58,163.24,163.31,159.4235,1365376
2024-03-27,164.17,164.2275,162.98,164.16,160.2533,1132831
2024-03-28,164.065,164.58,163.9,164.35,160.4388,1573281
2024-04-01,164.5,164.69,163.42,163.87,159.9702,1193617
2024-04-02,162.305,162.855,161.82,162.85,158.9744,1215035
2024-04-03,162.59,163.51,162.42,162.9,159.0233,1172359
2024-04-04,164.18,164.4,160.55,160.6,156.778,1262603
2024-04-05,161.21,163.07,160.91,162.54,158.6718,880932
2024-04-08,162.71,162.94,162.11,162.435,158.5693,834219
2024-04-09,162.83,163.035,160.61,162.46,158.5937,1379344
2024-04-10,160.84,161.535,160.38,160.88,157.0513,1455111
2024-04-11,161.56,162.67,160.48,162.31,158.4473,1156138
2024-04-12,161.33,161.55,159.68,160.15,156.3387,1303604
2024-04-15,161.59,161.7,157.88,158.17,154.4058,1304090
2024-04-16,158.24,159.17,157.88,158.32,154.5523,1218694
2024-04-17,159.18,159.3,156.8501,157.21,153.4687,1170550
2024-04-18,157.75,158.423,156.6324,156.87,153.1368,1849417
2024-04-19,156.57,156.91,154.17,154.56,150.8817,2146601
2024-04-22,155.44,156.85,154.58,155.88,152.1703,1467902
2024-04-23,156.69,157.96,156.39,157.67,153.9177,1015127
2024-04-24,158.34,158.58,156.97,157.56,153.8103,1211982
2024-04-25,155.54,157.48,155.13,157.08,153.3418,1011964
2024-04-26,158.2,159.49,157.9,159.05,155.2649,716646
2024-04-29,159.19,159.35,158.08,158.97,155.1868,895027
2024-04-30,158.73,159.23,156.92,156.96,153.2246,1171438
2024-05-01,156.65,158.69,156.09,156.19,152.4729,1627036
2024-05-02,157.37,157.64,155.8,157.37,153.6249,1854575
2024-05-03,159.11,159.44,158.19,159.19,155.4015,1411118
2024-05-06,160.0,161.34,159.75,161.34,157.5004,1093253
2024-05-07,161.72,162.34,161.51,161.86,158.008,1449613
2024-05-08,161.45,162.19,161.37,161.86,158.008,852555
2024-05-09,161.95,162.44,161.61,162.39,158.5254,738313
2024-05-10,162.94,163.41,162.53,162.94,159.0623,946580
2024-05-13,163.43,163.43,162.52,162.84,158.9647,869366
2024-05-14,162.87,163.72,162.67,163.56,159.6676,940530
2024-05-15,164.36,166.31,164.3,166.21,162.2545,1216630
2024-05-16,166.25,166.6199,165.525,165.57,161.6297,1035022
2024-05-17,165.66,165.72,164.89,165.54,161.6004,914194
2024-05-20,165.52,166.45,165.52,166.1,162.1471,490582
2024-05-21,165.88,166.31,165.76,166.25,162.2935,777098
2024-05-22,166.18,166.2201,165.08,165.74,161.7957,754471
2024-05-23,167.14,167.26,164.875,165.34,161.4052,762475
2024-05-24,165.99,166.8,165.68,166.52,162.5571,630482
2024-05-28,167.36,167.36,166.01,166.93,162.9574,753734
2024-05-29,165.2,166.06,165.2,165.6,161.659,976395
2024-05-30,165.365,165.54,164.27,164.69,160.7707,618553
2024-05-31,165.16,165.83,163.09,165.74,161.7957,896049
2024-06-03,166.61,166.61,164.4,165.89,161.9421,1064881
2024-06-04,165.67,166.52,165.17,166.29,162.3326,973065
2024-06-05,167.245,168.4,166.57,168.4,164.3924,776656
2024-06-06,168.575,168.63,167.83,168.33,164.324,1597906
2024-06-07,168.18,169.15,167.72,168.15,164.1483,828662
2024-06-10,167.95,168.92,167.66,168.83,164.8121,1002357
2024-06-11,168.27,169.32,167.47,169.26,165.5705,982460
2024-06-12,170.96,171.319,170.01,170.4,166.6857,1129920
2024-06-13,170.61,171.11,169.7354,170.86,167.1356,986905
2024-06-14,170.62,171.13,170.24,171.13,167.3997,976529
2024-06-17,171.11,172.948,170.68,172.49,168.7301,813786
2024-06-18,172.75,173.31,172.5974,173.19,169.4148,1471727
2024-06-20,173.73,173.82,171.9,172.42,168.6616,1036072
2024-06-21,172.11,172.525,171.68,172.05,168.2997,930496
2024-06-24,171.99,172.71,171.395,171.43,167.6932,800123
2024-06-25,171.99,172.31,171.4419,172.21,168.4562,692802
2024-06-26,171.84,172.03,171.19,171.84,168.0943,760176
2024-06-27,171.89,172.27,171.3,171.74,167.9964,1607028
2024-06-28,171.71,172.63,170.28,170.76,167.0378,1007535
2024-07-01,171.03,171.07,169.56,170.43,166.715,1055756
2024-07-02,169.96,171.5,169.85,171.46,167.7225,1169848
2024-07-03,171.48,172.32,171.34,172.21,168.4562,674073
2024-07-05,172.36,173.54,172.07,173.41,169.63,976678
2024-07-08,173.85,173.85,172.81,173.23,169.454,779689
2024-07-09,173.73,173.77,173.14,173.29,169.5127,958714
2024-07-10,173.61,174.74,173.165,174.66,170.8528,897012
2024-07-11,174.77,174.89,173.04,173.05,169.2779,861376
2024-07-12,173.45,175.62,173.42,174.32,170.5202,784827
2024-07-15,175.09,175.88,174.32,174.98,171.1658,977758
2024-07-16,175.46,176.15,175.21,176.08,172.2418,957429
2024-07-17,174.01,174.46,173.22,173.22,169.4442,1965449
2024-07-18,173.93,174.21,171.42,172.07,168.3193,1188138
2024-07-19,172.24,172.82,170.6,170.78,167.0574,547375
2024-07-22,172.32,173.23,171.73,173.09,169.317,803049
2024-07-23,173.02,173.31,172.37,172.49,168.7301,812424
2024-07-24,170.99,171.13,168.19,168.47,164.7977,1101717
2024-07-25,168.42,170.0053,166.86,167.2,163.5554,1081137
2024-07-26,168.61,170.3,168.47,169.36,165.6683,914083
2024-07-29,170.0,170.22,168.82,169.34,165.6488,697854
2024-07-30,169.9,170.325,167.54,168.65,164.9738,821201
2024-07-31,171.34,172.53,170.795,171.78,168.0356,1807232
2024-08-01,172.65,173.59,168.67,169.86,166.1574,1331956
2024-08-02,167.78,168.67,166.08,167.52,163.8684,1076019
2024-08-05,160.74,164.83,160.74,162.64,159.0948,1538242
2024-08-06,163.64,166.745,163.09,164.39,160.8067,1777773
2024-08-07,166.07,167.12,162.91,163.04,159.4861,819881
2024-08-08,164.66,167.43,164.5,167.24,163.5945,641667
2024-08-09,167.22,168.75,166.95,168.26,164.5923,700263
2024-08-12,168.68,169.31,167.72,168.54,164.8662,744376
2024-08-13,169.41,171.09,169.23,171.05,167.3215,587360
2024-08-14,171.41,171.88,170.42,171.47,167.7323,925355
2024-08-15,173.22,174.66,173.18,174.53,170.7256,619436
2024-08-16,174.1,174.98,173.82,174.63,170.8235,904630
2024-08-19,174.78,175.93,174.24,175.91,172.0755,557677
2024-08-20,175.96,176.57,175.41,175.87,172.0364,829640
2024-08-21,176.39,177.4497,176.24,177.14,173.2787,1155673
2024-08-22,177.36,177.755,175.39,175.77,171.9386,694982
2024-08-23,176.82,177.71,175.93,177.38,173.5135,674656
2024-08-26,177.57,177.93,176.67,177.12,173.2592,829254
2024-08-27,176.47,177.869,176.405,177.76,173.8852,561977
2024-08-28,177.73,177.78,175.38,176.4,172.5549,668289
2024-08-29,177.01,178.1401,176.11,176.42,172.5744,1046449
2024-08-30,177.09,177.89,175.7,177.78,173.9048,655295
2024-09-03,177.02,177.02,173.18,173.95,170.1583,1037940
2024-09-04,173.22,174.55,173.18,173.72,169.9333,722818
2024-09-05,173.55,173.845,171.91,172.71,168.9453,2281343
2024-09-06,173.05,173.575,170.2941,170.66,166.94,1176714
2024-09-09,171.88,172.99,171.51,172.56,168.7986,865258
2024-09-10,172.91,173.18,171.53,172.99,169.2192,1145785
2024-09-11,173.05,175.05,170.24,174.79,170.98,1938881
2024-09-12,175.21,176.13,174.15,176.06,172.2223,793446
2024-09-13,176.29,177.26,175.93,176.82,172.9657,589843
2024-09-16,176.76,177.24,176.11,177.16,173.2983,620836
2024-09-17,177.82,178.06,176.49,177.14,173.2787,731052
2024-09-18,177.3,178.61,176.19,176.37,172.5255,1093526
2024-09-19,179.07,179.6609,178.545,178.98,175.0786,777332
2024-09-20,178.82,178.8468,177.87,178.4,174.5113,670699
2024-09-23,178.75,179.23,178.43,179.03,175.1275,634405
2024-09-24,179.42,179.42,178.19,179.09,175.1862,673049
2024-09-25,178.5,178.84,177.89,178.28,174.9243,1260694
2024-09-26,179.67,180.0,178.33,179.09,175.7191,789909
2024-09-27,179.39,179.64,178.41,178.69,175.3266,916768
2024-09-30,178.3,179.39,177.54,179.3,175.9251,1017298
2024-10-01,179.19,179.47,177.23,178.14,174.7869,1619569
2024-10-02,177.73,178.67,176.98,178.44,175.0813,725241
2024-10-03,177.95,178.85,177.63,178.36,175.0028,802753
2024-10-04,179.41,179.57,177.89,179.21,175.8368,744957
2024-10-07,178.69,178.91,177.32,177.59,174.2473,1077242
2024-10-08,178.25,179.57,178.25,179.38,176.0036,891907
2024-10-09,179.47,180.75,179.39,180.55,177.1516,1034566
2024-10-10,180.2,180.62,179.68,180.26,176.867,757274
2024-10-11,180.345,181.64,180.345,181.43,178.015,840616
2024-10-14,181.99,183.43,181.87,183.19,179.7419,511314
2024-10-15,182.87,182.99,180.58,180.94,177.5342,673296
2024-10-16,181.11,182.02,180.57,181.91,178.486,836110
2024-10-17,183.05,183.085,181.61,181.61,178.1916,763470
2024-10-18,182.35,182.5899,181.98,182.42,178.9864,558195
2024-10-21,182.05,182.45,181.2134,181.97,178.5449,717273
2024-10-22,181.17,181.8599,180.87,181.38,177.966,654966
2024-10-23,180.81,180.99,178.79,179.85,176.4648,711547
2024-10-24,180.23,180.28,179.16,179.72,176.3372,708796
2024-10-25,180.67,181.43,179.61,179.76,176.3764,578511
2024-10-28,180.6,180.71,179.99,180.09,176.7002,566145
2024-10-29,179.85,180.95,179.2834,180.55,177.1516,697241
2024-10-30,179.73,180.69,179.055,179.62,176.2391,795964
2024-10-31,178.87,178.87,176.42,176.42,173.0993,1933215
2024-11-01,177.04,178.1199,176.64,177.085,173.7518,765603
2024-11-04,177.03,177.75,176.44,176.89,173.5605,820471
2024-11-05,177.13,178.69,177.01,178.69,175.3266,828545
2024-11-06,182.31,182.49,180.54,182.26,178.8294,1038650
2024-11-07,182.73,184.25,182.73,183.98,180.517,1169590
2024-11-08,184.05,185.01,183.9253,184.42,180.9487,1784407
2024-11-11,184.7,184.86,183.91,184.25,180.7819,1005623
2024-11-12,184.35,184.67,183.35,184.07,180.6053,903814
2024-11-13,184.07,184.31,183.15,183.62,180.1638,1084568
2024-11-14,183.73,183.73,182.34,182.55,179.1139,1272496
2024-11-15,181.3,181.3,179.18,179.56,176.1802,1164884
2024-11-18,179.38,180.4,178.97,179.98,176.5923,959344
2024-11-19,178.9,180.6199,178.65,180.4,177.0044,817984
2024-11-20,180.7,181.0299,179.13,180.89,177.4852,1847226
2024-11-21,181.52,182.48,180.135,182.08,178.6528,934241
2024-11-22,182.04,183.09,182.04,182.75,179.3102,742227
2024-11-25,183.68,184.32,182.73,183.75,180.2913,2910569
2024-11-26,184.18,184.75,183.82,184.55,181.0763,865035
2024-11-27,184.56,184.74,183.84,184.25,180.7819,630149
2024-11-29,184.81,185.66,184.51,185.29,181.8024,553430
2024-12-02,185.32,186.005,185.1028,185.98,182.4794,961004
2024-12-03,185.81,186.18,185.3415,186.02,182.5186,675883
2024-12-04,186.56,187.02,186.24,186.85,183.333,860990
2024-12-05,187.02,187.02,185.91,186.06,182.5579,1031460
2024-12-06,186.6,187.26,186.46,186.46,182.9503,752740
2024-12-09,186.52,186.52,185.41,185.57,182.0771,1079548
2024-12-10,185.81,185.9464,184.92,185.15,181.665,1005810
2024-12-11,185.82,186.66,185.695,186.12,182.6167,704069
2024-12-12,185.53,185.56,184.725,184.74,181.2627,629787
2024-12-13,184.73,185.06,183.5914,183.96,180.4974,955346
2024-12-16,184.33,184.8299,183.84,183.91,180.4483,1977031
2024-12-17,182.71,183.18,182.3101,182.69,179.7865,798171
2024-12-18,182.92,183.59,177.8,177.92,175.0924,1295119
2024-12-19,179.4,179.72,177.7,177.71,174.8857,1380366
2024-12-20,177.29,181.1299,177.02,179.43,176.5784,1271403
2024-12-23,179.68,180.88,178.6199,180.79,177.9167,1037119
2024-12-24,181.0,182.19,180.7,182.14,179.2453,442276
2024-12-26,181.58,182.5,181.3922,182.25,179.3535,557561
2024-12-27,181.33,181.34,179.33,180.52,177.651,700753
2024-12-30,178.615,179.62,177.4724,178.58,175.7419,681161
2024-12-31,179.12,179.2482,177.69,178.08,175.2498,2818779
2025-01-02,179.0,179.77,176.47,177.61,174.7873,1252182
2025-01-03,178.3,179.6028,178.01,179.3,176.4504,760734
2025-01-06,180.23,181.335,179.56,180.0,177.1393,1500945
2025-01-07,180.71,181.1,178.0999,178.64,175.8009,893835
2025-01-08,178.54,179.25,177.93,178.99,176.1453,2389426
2025-01-10,177.85,178.105,176.02,176.35,173.5473,1261973
2025-01-13,175.19,176.74,174.8496,176.65,173.8425,1901119
2025-01-14,177.33,177.34,175.25,176.64,173.8327,1012081
2025-01-15,178.86,179.9075,178.705,179.445,176.5931,1138177
2025-01-16,179.9,180.41,179.26,179.47,176.6177,869906
2025-01-17,181.14,181.35,180.43,180.69,177.8183,1840488
2025-01-21,181.52,182.2997,181.21,182.14,179.2453,1063146
2025-01-22,183.42,184.21,183.15,183.72,180.8002,902156
2025-01-23,183.24,184.66,183.17,184.61,181.676,1208924
2025-01-24,184.71,184.84,183.81,184.1,181.1741,775241
2025-01-27,180.52,182.59,180.48,182.55,179.6488,677694
2025-01-28,182.65,184.18,181.9399,183.71,180.7903,905831
2025-01-29,183.66,183.7719,182.44,183.15,180.2392,3288643
2025-01-30,183.79,185.27,183.71,184.86,181.9221,1429639
2025-01-31,185.47,185.85,183.23,183.36,180.4459,2191739
2025-02-03,180.63,183.27,180.23,182.46,179.5602,1249921
2025-02-04,182.19,183.52,182.02,183.32,180.4065,807128
2025-02-05,182.82,184.16,182.26,184.12,181.1938,1862421
2025-02-06,184.21,184.74,183.42,184.36,181.43,1305343
2025-02-07,184.69,184.965,182.78,182.91,180.003,1001044
2025-02-10,183.96,184.33,183.64,184.245,181.3168,1096924
2025-02-11,183.57,184.7,183.57,184.42,181.489,681936
2025-02-12,182.51,184.01,182.37,183.85,180.9281,963841
2025-02-13,184.31,185.83,184.05,185.8,182.8471,1739671
2025-02-14,185.69,185.89,185.0707,185.11,182.1681,752058
2025-02-18,185.53,185.59,184.68,185.575,182.6257,1277034
2025-02-19,185.25,186.21,185.0109,186.21,183.2506,890499
2025-02-20,185.91,186.14,184.899,185.7,182.7487,913591
2025-02-21,185.61,185.61,182.56,182.6,179.698,1060831
2025-02-24,183.25,183.63,181.89,182.02,179.1272,899039
2025-02-25,181.65,182.5,180.51,181.83,178.9402,1313351
2025-02-26,181.94,183.0615,180.87,181.54,178.6548,897943
2025-02-27,182.44,182.5,178.85,178.94,176.0961,8412233
2025-02-28,178.84,181.7,178.11,181.57,178.6843,2606467
2025-03-03,181.83,182.49,178.05,179.1,176.2536,2434886
2025-03-04,177.85,179.71,176.21,177.26,174.4428,2011665
2025-03-05,177.27,179.6997,176.2301,179.15,176.3028,1704581
2025-03-06,177.16,178.57,175.45,176.22,173.4194,2249545
2025-03-07,175.59,177.35,173.84,176.83,174.0197,2098326
2025-03-10,174.55,175.45,171.5066,172.88,170.1325,1185408
2025-03-11,172.21,172.83,169.73,170.75,168.0363,2518577
2025-03-12,172.56,172.62,169.8,171.11,168.3906,2190620
2025-03-13,170.79,170.79,167.75,168.16,165.4875,2019992
2025-03-14,169.57,171.71,169.34,171.38,168.6563,1198410
2025-03-17,171.39,173.7916,171.39,173.1,170.349,970634
2025-03-18,171.91,172.1699,170.24,170.96,168.6236,2089671
2025-03-19,171.13,173.62,171.1,172.58,170.2215,2371723
2025-03-20,171.47,173.63,171.12,171.93,169.5803,1347468
2025-03-21,170.42,171.72,169.95,171.6,169.2548,1350889
2025-03-24,173.32,174.91,173.22,174.57,172.1843,854004
2025-03-25,175.07,175.2996,174.3587,174.84,172.4506,1084473
2025-03-26,174.69,175.2099,172.9,173.36,170.9908,1039984
2025-03-27,172.98,174.2,172.39,173.07,170.7048,928940
2025-03-28,172.7,172.88,169.41,169.61,167.292,1179331
2025-03-31,167.82,171.44,167.1806,170.89,168.5545,3072174
2025-04-01,170.28,171.733,169.26,171.29,168.9491,1278363
2025-04-02,169.79,173.06,169.61,172.26,169.9058,1616454
2025-04-03,166.07,167.34,164.46,164.61,162.3604,2361837
2025-04-04,160.61,161.53,155.45,155.49,153.365,3771661
2025-04-07,150.77,160.36,148.3401,154.59,152.4773,4311566
2025-04-08,159.66,160.66,150.24,152.42,150.337,3128972
2025-04-09,151.41,166.8,151.37,165.65,163.3862,3466038
2025-04-10,162.91,163.205,156.17,160.7,158.5038,4111314
2025-04-11,160.3,164.41,159.4,163.45,161.2162,2062682
2025-04-14,166.45,166.58,163.43,164.85,162.5971,2014700
2025-04-15,165.01,166.165,164.13,164.44,162.1927,1508223
2025-04-16,162.69,163.66,159.455,161.01,158.8096,1734636
2025-04-17,161.48,162.8196,160.47,161.43,159.2238,1457939
2025-04-21,159.83,160.1092,156.13,157.86,155.7026,1667403
2025-04-22,159.53,162.325,159.37,161.77,159.5592,2565353
2025-04-23,165.54,166.7,163.06,163.67,161.4332,1241355
2025-04-24,164.09,166.93,163.62,166.82,164.5402,877350
2025-04-25,166.58,167.91,165.77,167.73,165.4377,1556688
2025-04-28,167.87,168.39,166.16,167.88,165.5857,777681
2025-04-29,167.46,169.24,167.32,168.89,166.5819,968793
2025-04-30,166.69,169.75,165.28,169.37,167.0553,2175731
2025-05-01,170.61,171.09,169.33,169.41,167.0948,1304774
2025-05-02,171.4,172.77,171.4,172.28,169.9256,1541710
2025-05-05,171.16,172.6199,171.08,171.7,169.3535,1108436
2025-05-06,170.22,171.4,169.79,170.03,167.7063,2539080
2025-05-07,170.53,171.56,169.2301,170.97,168.6335,1490973
2025-05-08,172.01,173.2,170.88,171.47,169.1266,1041171
2025-05-09,171.99,172.23,170.64,170.92,168.5841,810686
2025-05-12,176.01,176.41,174.515,176.34,173.9301,1268240
2025-05-13,176.26,177.45,176.07,176.65,174.2358,1770585
2025-05-14,177.0,177.2,176.31,176.72,174.3049,1142941
2025-05-15,176.01,178.117,176.01,177.93,175.4983,942858
2025-05-16,178.02,179.21,177.75,179.14,176.6918,749099
2025-05-19,177.34,179.85,177.34,179.67,177.2146,1043829
2025-05-20,179.14,179.31,178.105,178.96,176.5143,2310214
2025-05-21,177.67,178.9,175.7651,176.12,173.7131,2373435
2025-05-22,175.88,176.82,175.37,175.82,173.4172,1312581
2025-05-23,173.23,174.79,173.0,174.01,171.6319,1292406
2025-05-27,176.18,177.58,175.525,177.58,175.1531,813229
2025-05-28,177.53,178.0532,176.16,176.39,173.9794,1519283
2025-05-29,178.0,178.0,175.87,176.89,174.4725,2050409
2025-05-30,176.64,177.56,175.285,177.06,174.6402,1167171
2025-06-02,176.65,177.9,175.64,177.85,175.4194,1042664
2025-06-03,177.82,179.07,177.34,178.96,176.5143,1254939
2025-06-04,179.23,180.13,179.23,179.63,177.1751,855271
2025-06-05,179.93,180.5121,178.63,179.16,176.7115,1310848
2025-06-06,180.39,180.87,179.705,180.4,177.9346,652278
2025-06-09,180.64,180.8247,179.74,179.74,177.2836,910057
2025-06-10,179.88,181.24,179.88,181.15,178.6743,1181990
2025-06-11,181.42,181.7299,179.95,180.57,178.1023,1270825
2025-06-12,180.21,181.19,180.12,181.19,178.7138,932282
2025-06-13,179.32,179.975,177.83,178.28,175.8436,1251893
2025-06-16,179.0,180.24,178.92,179.51,177.4434,923005
2025-06-17,178.795,179.22,177.61,177.79,175.7432,901413
2025-06-18,178.15,178.41,176.33,176.58,174.5471,1341498
2025-06-20,177.17,177.2,175.2,175.64,173.618,1103806
2025-06-23,175.66,177.69,175.21,177.6,175.5554,978499
2025-06-24,178.84,179.8399,178.46,179.61,177.5423,974495
2025-06-25,179.86,179.92,179.01,179.37,177.305,1032665
2025-06-26,179.8,180.5,179.28,180.37,178.2935,975336
2025-06-27,180.88,182.3,180.66,181.59,179.4995,1126354
2025-06-30,182.24,183.135,181.77,182.82,180.7153,1095224
2025-07-01,182.46,183.8669,182.43,183.43,181.3183,1450120
2025-07-02,183.13,183.96,183.06,183.935,181.8175,1420897
2025-07-03,184.23,185.26,184.23,184.97,182.8406,615420
2025-07-07,184.47,184.72,182.74,183.6,181.4863,1379192
2025-07-08,183.775,184.28,183.37,183.81,181.6939,1198738
2025-07-09,184.2,185.045,183.889,184.94,182.8109,943062
2025-07-10,184.88,185.47,184.43,184.93,182.801,686064
2025-07-11,184.12,184.22,183.615,183.86,181.7433,1169315
2025-07-14,183.61,184.08,183.38,183.9,181.7829,790230
2025-07-15,184.72,184.72,182.6,182.62,180.5176,1407810
2025-07-16,182.97,183.56,181.55,183.38,181.2689,2614269
2025-07-17,183.43,184.68,183.3011,184.48,182.3562,1649181
2025-07-18,184.86,184.86,183.695,184.03,181.9114,2239967
2025-07-21,184.31,185.215,184.239,184.42,182.2969,884934
2025-07-22,184.64,185.02,184.19,184.83,182.7022,1582291
2025-07-23,185.6,186.25,185.035,186.25,184.1058,998448
2025-07-24,186.26,186.635,185.95,186.15,184.007,1446003
2025-07-25,186.4,187.04,186.31,186.89,184.7384,890027
2025-07-28,187.11,187.3801,186.43,186.78,184.6297,909102
2025-07-29,186.74,186.85,185.87,186.03,183.8883,991232
2025-07-30,186.16,186.33,184.48,185.28,183.147,1598827
2025-07-31,186.2,186.565,183.82,184.12,182.0003,1796887
2025-08-01,183.08,183.335,181.65,182.33,180.2309,1466656
2025-08-04,183.29,185.5,183.29,185.45,183.315,1087304
2025-08-05,185.05,185.16,183.8,183.88,181.7631,1089916
2025-08-06,184.36,185.63,184.23,185.39,183.2557,1195438
2025-08-07,185.8,185.82,183.28,184.12,182.0003,1306817
2025-08-08,184.6,185.77,184.6,185.65,183.5127,966118
2025-08-11,185.6,186.11,184.96,185.3,183.1668,864205
2025-08-12,185.92,187.3,185.5801,187.23,185.0745,854160
2025-08-13,187.78,188.74,187.78,188.7,186.5276,704034
2025-08-14,187.85,188.81,187.72,188.61,186.4386,932729
2025-08-15,188.64,188.88,187.91,188.11,185.9444,716197
2025-08-18,187.98,188.51,187.91,188.1,185.9345,624030
2025-08-19,188.22,188.66,187.27,187.55,185.3909,1211796
2025-08-20,187.58,187.96,186.14,187.15,184.9955,3373739
2025-08-21,186.44,187.16,185.96,186.56,184.4122,823251
2025-08-22,187.1,189.75,187.1,189.365,187.185,712279
2025-08-25,188.95,189.23,188.41,188.41,186.241,758892
2025-08-26,188.47,189.1354,188.33,189.06,186.8835,665115
2025-08-27,188.87,189.56,188.87,189.35,187.1701,633561
2025-08-28,189.62,189.84,188.84,189.69,187.5062,659609
2025-08-29,189.22,189.465,188.5,188.95,186.7747,675381
2025-09-02,186.74,187.7,186.19,187.61,185.4502,992894
2025-09-03,188.19,188.71,187.8201,188.67,186.498,887379
2025-09-04,188.72,190.35,188.6,190.33,188.1388,858873
2025-09-05,190.12,190.64,188.33,189.215,187.0367,1321903
2025-09-08,189.76,189.95,189.2899,189.71,187.526,1093178
2025-09-09,189.74,190.115,189.15,190.0,187.8126,957321
2025-09-10,190.46,190.46,189.095,189.57,187.3876,1370192
2025-09-11,190.05,191.755,190.0444,191.57,189.3646,1082467
2025-09-12,191.45,191.45,190.73,190.81,188.6133,1140997
2025-09-15,191.16,191.5,190.97,191.44,189.2361,948895
2025-09-16,190.88,191.1299,190.325,190.79,189.0563,13653870
2025-09-17,190.93,192.159,190.07,191.29,189.5517,3811630
2025-09-18,192.34,193.16,191.845,192.02,190.2751,4099266
2025-09-19,192.73,192.91,191.7096,192.71,190.9588,1500912
2025-09-22,192.36,193.845,192.32,193.78,192.0191,1552453
2025-09-23,193.53,194.0,192.53,192.87,191.1174,1556674
2025-09-24,192.93,192.95,191.9001,192.2,190.4535,1162457
2025-09-25,191.3,191.66,190.37,191.3,189.5617,1539441
2025-09-26,191.57,192.68,191.32,192.6,190.8498,1036899
2025-09-29,193.3,193.75,192.93,193.36,191.6029,1336980
2025-09-30,193.05,194.62,192.97,194.5,192.7326,1080289
2025-10-01,193.83,196.02,193.72,195.835,194.0554,2328579
2025-10-02,196.16,196.46,195.3885,196.36,194.5757,2024069
2025-10-03,196.35,197.5,196.35,196.47,194.6847,1474930
2025-10-06,196.91,197.37,196.38,196.81,195.0216,1483512
2025-10-07,197.02,197.28,195.5,195.81,194.0307,1223379
2025-10-08,196.11,196.8,195.9302,196.69,194.9027,1005164
2025-10-09,196.89,197.005,195.38,195.77,193.991,1041077
2025-10-10,196.12,196.4796,190.9,191.01,189.2743,1424042
2025-10-13,192.79,193.33,192.07,192.88,191.1273,873982
2025-10-14,191.1,193.85,190.74,193.03,191.2759,1099097
2025-10-15,194.33,195.25,192.17,193.71,191.9498,968472
2025-10-16,194.14,194.16,191.23,192.29,190.5427,1565378
2025-10-17,191.66,193.82,191.66,193.455,191.6971,1309704
2025-10-20,194.27,195.97,194.27,195.61,193.8325,765379
2025-10-21,195.36,196.545,195.26,196.13,194.3478,1041444
2025-10-22,195.81,196.1199,193.98,194.85,193.0794,1750793
2025-10-23,194.94,196.5,194.94,196.09,194.3081,1504604
2025-10-24,197.12,197.48,196.8,196.86,195.0711,822787
2025-10-27,198.51,199.27,198.19,199.18,197.37,1147214
2025-10-28,199.59,199.67,198.8499,199.13,197.3205,1534897
2025-10-29,199.53,199.965,197.63,198.32,196.5179,4191896
2025-10-30,197.2,198.219,196.7,196.7,194.9126,1446549
2025-10-31,197.32,197.32,195.61,196.3,194.5162,2342280
2025-11-03,197.01,197.08,195.07,196.02,194.2388,1333174
2025-11-04,194.29,195.4501,194.22,194.52,192.7524,1205501
2025-11-05,194.27,196.3399,194.25,195.29,193.5154,1211463
2025-11-06,195.04,195.04,192.825,193.27,191.5138,1324441
2025-11-07,192.6,193.25,190.9,193.21,191.4543,1772481
2025-11-10,194.79,196.12,194.3,195.91,194.1298,1166031
2025-11-11,195.32,196.72,195.32,196.52,194.7342,1078541
2025-11-12,197.2,197.29,196.285,197.01,195.2198,1099639
2025-11-13,196.35,196.76,194.48,194.91,193.1388,1971385
2025-11-14,192.95,195.51,192.81,194.38,192.6137,2055203
2025-11-17,193.6,194.62,191.53,192.32,190.5724,1302726
2025-11-18,191.28,192.2,189.69,191.07,189.3337,28135641
2025-11-19,191.3,192.96,190.85,191.75,190.0076,4873713
2025-11-20,194.25,194.99,189.215,189.36,187.6393,4122319
2025-11-21,189.82,193.5053,189.82,191.98,190.2355,4583479
2025-11-24,192.66,194.0989,192.02,193.68,191.92,1851352
2025-11-25,193.58,196.24,193.02,195.99,194.209,2469997
2025-11-26,196.78,197.905,196.62,197.34,195.5468,1368171
2025-11-28,197.6,198.21,197.32,198.08,196.28,696136
2025-12-01,196.82,198.65,196.76,197.67,195.8738,1536440
2025-12-02,197.94,198.865,197.6307,198.43,196.6269,1586265
2025-12-03,197.97,199.375,197.9,199.12,197.3106,1577867
2025-12-04,199.68,199.6905,198.595,199.28,197.4691,1427818
2025-12-05,199.42,200.475,199.42,199.76,197.9448,1407527
2025-12-08,200.06,200.06,198.18,198.55,196.7458,1428467
2025-12-09,198.39,198.86,198.2755,198.41,196.607,1655709
2025-12-10,198.3,199.8,197.875,199.34,197.5286,1518539
2025-12-11,199.19,201.01,198.76,201.01,199.1834,1642630
2025-12-12,201.08,201.65,199.09,199.51,197.697,3550571
2025-12-15,200.52,200.7418,199.06,199.685,197.8705,1896919
2025-12-16,198.63,198.95,197.17,198.19,196.9918,1893603
2025-12-17,198.32,198.7,196.36,196.36,195.1729,1757998
2025-12-18,198.09,199.12,197.32,197.77,196.5744,1557851
2025-12-19,197.87,199.165,197.87,198.84,197.6379,1262557
2025-12-22,199.71,200.0,199.48,199.87,198.6617,987335
2025-12-23,199.36,200.255,199.36,200.16,198.9499,922661
2025-12-24,200.11,201.17,200.11,200.99,199.7749,570154
2025-12-26,201.05,201.35,200.65,201.03,199.8147,629667
2025-12-29,200.3,201.055,199.9144,200.5,199.2879,1054845
2025-12-30,200.3,200.69,200.005,200.1,198.8903,881467
2025-12-31,200.22,200.22,198.59,198.62,197.4192,937763
2026-01-02,199.89,199.95,198.18,199.19,197.9858,1995398
2026-01-05,200.11,202.05,199.98,201.18,199.9638,1279545
2026-01-06,201.52,203.085,201.3405,202.91,201.6833,1137144
2026-01-07,202.71,203.2,201.89,201.93,200.7092,1705213
2026-01-08,201.54,202.73,201.22,202.41,201.1863,1481117
2026-01-09,203.08,204.405,202.815,204.07,202.8363,1059073
2026-01-12,203.23,204.48,202.99,204.23,202.9953,973989
2026-01-13,204.31,204.35,202.875,203.53,202.2995,975020
2026-01-14,202.86,203.1099,201.44,202.61,201.3851,1117757
2026-01-15,204.46,204.645,203.22,203.49,202.2598,1518716
2026-01-16,203.85,203.88,202.8,203.31,202.0809,1010431
2026-01-20,200.32,201.46,199.31,199.53,198.3237,1515539
2026-01-21,200.13,202.88,199.83,201.97,200.749,1725970
2026-01-22,203.38,203.642,202.32,202.63,201.405,1119243
2026-01-23,202.69,203.36,202.195,202.68,201.4547,901130
2026-01-26,203.03,204.07,202.985,203.73,202.4983,1092666
2026-01-27,203.97,204.58,203.815,204.135,202.9009,1015275
2026-01-28,204.43,204.87,203.69,204.27,203.0351,6841214
2026-01-29,205.03,205.48,201.94,204.74,203.5022,3248563
2026-01-30,203.22,203.87,201.46,202.42,201.1963,2173806
2026-02-02,201.8,204.0795,201.8,203.73,202.4983,1481023
2026-02-03,203.43,203.49,200.14,201.37,200.1526,2024576
2026-02-04,202.06,202.74,200.48,201.62,200.4011,3069386
2026-02-05,200.09,200.71,198.9,199.24,198.0355,2079513
2026-02-06,200.87,204.03,200.87,203.64,202.4089,2733348
2026-02-09,203.38,204.48,203.04,204.03,202.7965,1198639
2026-02-10,204.22,204.62,203.41,203.62,202.389,1610653
2026-02-11,204.79,205.12,202.89,203.79,202.558,966441
2026-02-12,204.025,204.4,200.56,200.74,199.5264,2571870
2026-02-13,201.7,203.15,200.83,201.75,200.5303,2255825
2026-02-17,201.44,202.807,200.08,202.24,201.0173,2688115
2026-02-18,202.91,204.18,202.41,203.49,202.2598,1817174
2026-02-19,202.51,203.14,201.835,203.03,201.8026,1694229
2026-02-20,202.315,204.85,202.315,204.39,203.1543,2213156
2026-02-23,203.93,204.75,201.77,202.26,201.0372,1782012
2026-02-24,202.26,204.17,201.77,203.97,202.7369,1259180
2026-02-25,204.63,205.555,204.63,205.45,204.2079,1398598
2026-02-26,205.52,205.65,203.27,204.8,203.5619,1666492
2026-02-27,203.2,204.98,203.09,204.86,203.6215,2188394
2026-03-02,202.785,205.32,202.53,204.47,203.2339,2951180
2026-03-03,201.18,202.87,199.49,202.29,201.067,3568593
2026-03-04,202.66,203.9,202.05,203.44,202.2101,2112626
2026-03-05,202.27,203.04,199.86,201.68,200.4607,2449030
2026-03-06,199.1,199.94,198.12,198.66,197.459,2682009
2026-03-09,196.58,201.0,195.8002,200.71,199.4966,3126353
2026-03-10,200.3,202.22,199.41,200.28,199.0692,3097946
2026-03-11,200.05,200.67,198.92,199.52,198.3138,1797895
2026-03-12,198.25,198.25,196.105,196.22,195.0337,2853651
2026-03-13,196.81,197.855,194.88,195.15,193.9702,2774969
2026-03-16,196.6,197.63,196.2,196.98,195.7891,2161595
2026-03-17,197.27,198.135,196.73,196.88,196.1078,1465487
2026-03-18,196.09,196.605,194.02,194.08,193.3188,1519155
2026-03-19,192.58,195.03,192.365,194.21,193.4483,3629765
2026-03-20,193.94,194.127,190.78,191.89,191.1374,1860164
2026-03-23,194.51,196.085,193.63,193.95,193.1893,2546294
2026-03-24,192.76,194.56,192.23,193.3,192.5419,2198704
2026-03-25,194.7,195.025,193.13,194.12,193.3587,2116984
2026-03-26,192.48,193.44,190.11,190.15,189.4042,2171463
2026-03-27,189.4,189.75,186.945,187.3,186.5654,2664073
2026-03-30,188.78,189.22,185.885,186.49,185.7586,3147965
2026-03-31,188.47,192.09,188.25,191.81,191.0577,3552802
2026-04-01,192.45,194.03,192.25,192.77,192.014,1841072
2026-04-02,190.29,193.97,190.29,193.16,192.4024,1696276
2026-04-06,193.1,194.14,192.925,194.03,193.269,1680383
2026-04-07,193.32,193.6,191.49,193.39,192.6315,2380259
2026-04-08,198.58,199.27,197.84,199.01,198.2295,1240163
2026-04-09,198.81,200.63,198.43,200.25,199.4646,1112162
2026-04-10,200.91,200.93,199.285,199.47,198.6877,687254
2026-04-13,199.0,201.32,198.74,201.25,200.4607,891611
2026-04-14,202.0,203.29,201.69,203.27,202.4728,1896831
2026-04-15,203.27,204.47,202.72,204.37,203.5685,913753
2026-04-16,204.82,204.87,203.77,204.32,203.5187,712697
2026-04-17,205.21,207.44,205.21,206.92,206.1085,864562
2026-04-20,206.34,206.9099,206.04,206.585,205.7748,974366
2026-04-21,207.36,207.67,205.0207,205.46,204.6542,899954
2026-04-22,206.69,207.25,206.3,207.17,206.3575,592160
2026-04-23,206.57,206.98,203.99,205.89,205.0825,1176381
2026-04-24,206.29,207.72,206.12,207.4,206.5866,664443
2026-04-27,207.06,207.42,206.62,207.19,206.3774,606537
2026-04-28,206.3,206.6,205.42,205.91,205.1024,789917
2026-04-29,206.06,206.358,204.81,205.76,204.953,709499
2026-04-30,205.69,207.55,205.0,207.25,206.4372,1126238
2026-05-01,208.15,208.67,207.13,207.155,206.3425,785256
2026-05-04,206.72,207.4624,205.35,206.1,205.2917,1471430
2026-05-05,207.17,207.79,206.42,207.5,206.6862,614044
2026-05-06,208.19,210.23,207.98,210.04,209.2162,1195758
2026-05-07,210.77,210.89,209.17,209.46,208.6385,888555
2026-05-08,210.53,211.02,209.97,210.43,209.6047,1151478
2026-05-11,210.1,211.225,210.06,210.57,209.7442,972221
2026-05-12,209.67,210.59,208.915,210.39,209.5649,1350899
2026-05-13,210.48,211.4395,209.69,210.97,210.1426,901780
2026-05-14,211.23,212.78,211.155,212.37,211.5371,831387
2026-05-15,210.88,211.58,210.22,210.45,209.6246,913217
2026-05-18,210.72,211.09,209.51,210.92,210.0928,1156234
2026-05-19,209.93,210.6,209.29,209.555,208.7331,1008344
2026-05-20,210.11,212.23,209.76,212.23,211.3976,1042471
2026-05-21,211.3,213.33,210.97,212.74,211.9056,1105927
2026-05-22,213.83,215.03,213.54,214.38,213.5392,876550
2026-05-26,215.7,216.22,214.85,215.79,214.9437,806259
2026-05-27,215.93,216.03,214.7,215.24,214.3958,662326
2026-05-28,215.56,216.32,214.32,215.88,215.0333,29883660
2026-05-29,216.17,216.44,215.485,215.49,214.6449,5294903
2026-06-01,215.3,216.4,214.96,215.97,215.123,2168107
2026-06-02,215.02,215.9,214.865,215.78,214.9337,1284609
2026-06-03,215.04,215.98,214.98,215.63,214.7843,1870667
2026-06-04,216.26,217.65,216.13,217.33,216.4776,2203676
2026-06-05,216.14,216.756,212.755,213.14,212.3041,1592963
2026-06-08,214.25,215.71,213.7,213.83,212.9914,1316701
2026-06-09,214.78,216.66,210.645,214.12,213.2802,1869561
2026-06-10,213.58,216.04,212.21,212.33,211.4972,2001560
2026-06-11,213.57,216.69,212.88,215.9,215.0532,1859130
2026-06-12,216.01,217.5203,214.95,216.91,216.0593,1646953
2026-06-15,218.97,219.82,218.37,219.2,218.7294,1305932
2026-06-16,218.76,219.37,217.59,217.76,217.2925,1165513
2026-06-17,218.09,218.88,214.08,214.45,213.9896,1757528
2026-06-18,216.26,216.718,215.67,215.89,215.4265,1821852
2026-06-22,215.88,217.125,214.91,215.83,215.3666,1155000
2026-06-23,213.07,213.98,212.74,213.01,212.5527,846960
2026-06-24,212.84,214.77,212.49,213.19,212.7323,1174722
2026-06-25,214.96,214.96,212.455,213.25,212.7921,1546274
2026-06-26,212.44,214.77,212.07,213.66,213.2013,1193704
2026-06-29,215.35,217.59,215.16,217.29,216.8235,1321183
2026-06-30,217.82,220.24,217.41,219.43,218.9589,2343536
2026-07-01,218.78,220.055,218.06,218.87,218.4001,1079284
2026-07-02,219.28,219.945,217.08,218.43,217.961,1285755
2026-07-06,219.41,219.41,217.75,218.49,218.0209,1255298
2026-07-07,217.75,218.315,217.235,217.74,217.2725,1653741
2026-07-08,216.65,217.44,215.59,216.92,216.4543,1149564
2026-07-09,217.87,218.69,217.3,218.5,218.0309,1636051
2026-07-10,218.54,219.76,217.58,219.69,219.2183,1370119
2026-07-13,218.75,220.0,218.36,218.65,218.1806,1158921
2026-07-14,219.6,219.6,218.25,219.24,218.7693,827928
2026-07-15,220.2,220.21,218.76,219.8,219.3281,1035109
2026-07-16,219.58,221.16,219.49,220.66,220.1862,1270872
2026-07-17,217.57,218.74,217.37,217.87,217.4022,922379
2026-07-20,218.53,218.63,216.85,216.94,216.4742,735697
2026-07-21,218.19,218.49,217.39,218.13,217.6617,960343
2026-07-22,217.54,218.12,217.11,217.34,216.8734,760360
2026-07-23,215.24,216.485,215.195,216.0,215.5362,672414
2026-07-24,215.9,218.1683,215.89,216.81,216.3445,635709
2026-07-27,218.32,218.82,216.53,217.26,216.7935,941075
2026-07-28,217.69,219.1154,217.6,218.46,217.991,1094187
2026-07-29,217.37,219.5099,215.91,215.98,215.5163,1254156
2026-07-30,218.995,219.218,217.11,218.92,218.45,1536183
2026-07-31,218.59,219.84,216.86,219.32,218.8491,1349259
2026-08-03,219.92,221.92,219.92,221.74,221.2639,752639
2026-08-04,222.15,225.35,221.93,224.83,224.3473,1190910
2026-08-05,226.95,227.16,224.58,224.83,224.3473,1135109
2026-08-06,225.0,225.25,224.225,224.97,224.487,667606
2026-08-07,225.67,226.0836,225.14,225.69,225.2054,737254
2026-08-10,226.08,226.38,225.435,225.74,225.2553,837269
2026-08-11,226.56,226.56,224.97,225.15,224.6666,1174733
2026-08-12,225.84,225.97,224.98,225.45,224.966,777975
2026-08-13,226.475,227.32,226.25,227.18,226.6922,757719
2026-08-14,226.49,226.83,225.6,225.84,225.3551,683796
2026-08-17,225.65,225.65,224.56,224.63,224.1477,680349
2026-08-18,223.63,224.47,223.61,224.095,223.6139,727827
2026-08-19,224.6,225.98,224.16,224.35,223.8683,1074922
2026-08-20,223.235,223.98,222.17,222.3,221.8227,776419
2026-08-21,223.37,223.73,222.545,223.22,222.7407,739967
2026-08-24,223.03,223.88,222.73,223.8,223.3195,571885
2026-08-25,224.37,224.4,223.39,224.07,223.5889,550296
2026-08-26,223.77,224.29,223.31,223.82,223.3395,910455
2026-08-27,223.87,225.055,223.44,224.6,224.1178,1262016
2026-08-28,224.66,225.31,223.37,223.62,223.1399,757872
2026-08-31,223.38,223.38,222.08,222.62,222.142,834404
2026-09-01,221.35,222.0108,220.5201,220.99,220.5155,855246
2026-09-02,221.2,221.87,220.89,221.4,220.9246,1304252
2026-09-03,222.28,223.67,222.05,223.46,222.9802,487730
2026-09-04,223.59,223.69,222.47,222.58,222.1021,615254
2026-09-08,221.97,222.0,220.46,220.79,220.316,881328
2026-09-09,220.9,220.9,219.36,219.56,219.0886,1410938
2026-09-10,218.63,218.98,217.92,218.42,217.951,905476
2026-09-11,220.1,220.71,219.7864,220.2,219.7272,1025961
2026-09-14,219.35,220.82,219.35,220.15,219.677,767400
2026-09-15,219.7,219.7,218.13,218.68,218.68,1470400
2026-09-16,219.47,219.47,216.31,217.37,217.37,1090600
2026-09-17,219.77,219.77,217.84,218.95,218.95,916400
2026-09-18,219.02,219.38,218.08,219.18,219.18,736300
