date,open,high,low,close,adjusted_close,volume
2013-04-18,49.34,49.34,49.34,49.34,35.5082,100
2013-04-24,50.05,50.05,50.05,50.05,36.0192,510
2013-04-25,51.01,51.01,51.01,51.01,36.71,100
2013-04-26,50.79,50.79,50.79,50.79,36.5517,400
2013-04-30,49.97,49.97,49.97,49.97,35.9616,894
2013-05-02,51.12,51.19,51.12,51.1899,36.8395,355
2013-05-08,52.12,52.3,52.12,52.28,37.624,1800
2013-05-09,52.11,52.11,52.11,52.11,37.5017,500
2013-05-10,52.87,52.87,52.15,52.2543,37.6055,1842
2013-05-13,52.93,52.93,52.178,52.32,37.6528,463
2013-05-14,52.87,52.87,52.87,52.87,38.0486,303
2013-05-15,52.9755,52.9755,52.9755,52.9755,38.1245,110
2013-05-16,53.3,53.3,53.29,53.29,38.3509,1200
2013-05-17,53.314,53.314,53.3,53.3,38.3581,503
2013-05-21,53.78,53.83,53.7799,53.7799,38.7034,1100
2013-05-22,53.75,53.75,53.29,53.29,38.3509,600
2013-05-23,52.65,52.74,52.65,52.74,37.955,300
2013-05-24,52.93,52.93,52.93,52.93,38.0918,100
2013-05-28,53.86,53.86,53.7,53.7,38.6459,934
2013-05-29,53.4131,53.4131,53.4131,53.4131,38.4395,100
2013-05-30,53.63,53.63,53.63,53.63,38.5955,1500
2013-05-31,53.62,53.62,53.62,53.62,38.5884,930
2013-06-04,53.11,53.26,53.11,53.26,38.3293,920
2013-06-05,52.1,52.1,52.1,52.1,37.4945,100
2013-06-10,53.13,53.25,53.13,53.25,38.3221,3780
2013-06-11,53.18,53.18,53.18,53.18,38.2717,470
2013-06-12,52.61,52.61,52.61,52.61,37.8615,500
2013-06-14,52.96,52.96,52.6,52.6,37.8543,1294
2013-06-17,52.95,52.95,52.95,52.95,38.1062,500
2013-06-19,53.392,53.404,53.36,53.36,38.4012,800
2013-06-20,51.8399,51.8399,51.73,51.73,37.2282,687
2013-06-21,51.792,51.792,51.1601,51.62,37.149,1200
2013-06-24,50.701,50.75,50.701,50.75,36.5229,600
2013-06-25,51.3799,51.38,51.3799,51.38,36.9763,200
2013-06-28,52.05,52.05,52.05,52.05,37.6117,100
2013-07-01,52.39,52.4,52.35,52.35,37.8285,1600
2013-07-05,52.43,52.43,52.17,52.17,37.6984,1500
2013-07-08,53.02,53.02,53.02,53.02,38.3126,138
2013-07-09,53.44,53.44,53.44,53.44,38.6161,600
2013-07-12,54.08,54.09,54.07,54.07,39.0713,1600
2013-07-15,54.32,54.32,54.32,54.32,39.252,672
2013-07-16,54.41,54.41,54.09,54.09,39.0858,584
2013-07-18,54.728,54.732,54.66,54.732,39.5497,1450
2013-07-19,54.63,54.63,54.63,54.63,39.476,180
2013-07-22,54.99,54.99,54.78,54.78,39.5844,1385
2013-07-25,54.5,54.5087,54.5,54.5087,39.3883,600
2013-07-26,54.5,54.5,54.5,54.5,39.3821,150
2013-07-29,54.63,54.66,54.51,54.63,39.476,900
2013-08-01,55.318,55.318,55.318,55.318,39.9732,800
2013-08-02,55.258,55.38,55.258,55.38,40.018,400
2013-08-05,55.319,55.319,55.31,55.31,39.9674,399
2013-08-06,54.979,54.979,54.979,54.979,39.7282,100
2013-08-07,54.5701,54.6299,54.5701,54.6299,39.4759,300
2013-08-09,54.85,54.85,54.85,54.85,39.635,100
2013-08-12,54.75,54.75,54.75,54.75,39.5627,100
2013-08-14,54.91,54.9199,54.91,54.9199,39.6855,300
2013-08-15,54.01,54.01,54.01,54.01,39.028,200
2013-08-16,53.88,53.8944,53.759,53.759,38.8466,600
2013-08-19,53.58,53.58,53.58,53.58,38.7173,1593
2013-08-21,53.99,53.99,53.45,53.45,38.6233,1400
2013-08-26,54.54,54.54,54.0,54.11,39.1002,488
2013-08-27,52.9684,52.9684,52.9684,52.9684,38.2753,200
2013-09-06,53.95,53.95,53.9,53.9,38.9485,1000
2013-09-09,53.9,53.9,53.9,53.9,38.9485,2217
2013-09-10,54.5801,54.61,54.5801,54.61,39.4615,927
2013-09-17,55.2799,55.2799,55.27,55.27,39.9385,968
2013-09-19,55.83,55.83,55.83,55.83,40.3431,600
2013-09-23,54.6,55.17,54.6,54.98,39.7289,400
2013-09-27,54.371,54.371,54.371,54.371,39.4863,299
2013-09-30,54.15,54.15,54.15,54.15,39.3258,500
2013-10-02,54.23,54.23,54.23,54.23,39.3839,300
2013-10-03,54.04,54.04,54.04,54.04,39.246,122
2013-10-07,54.29,54.29,54.24,54.25,39.3985,500
2013-10-08,54.04,54.04,53.5,53.61,38.9337,3092
2013-10-09,53.45,53.47,53.4,53.4,38.7812,3085
2013-10-10,54.36,54.44,54.15,54.44,39.5365,1235
2013-10-11,54.82,54.82,54.82,54.82,39.8124,500
2013-10-14,55.19,55.19,55.19,55.19,40.0811,362
2013-10-15,55.2,55.22,55.2,55.22,40.1029,10000
2013-10-16,55.56,55.56,55.56,55.56,40.3498,768
2013-10-21,56.38,56.38,56.2979,56.2979,40.8857,426
2013-10-22,56.72,56.73,56.45,56.68,41.1632,1800
2013-10-23,56.34,56.37,56.16,56.308,40.8931,2600
2013-10-24,56.36,56.36,56.36,56.36,40.9308,234
2013-10-25,56.43,56.5726,56.43,56.5726,41.0852,210
2013-10-28,56.77,56.77,56.7,56.7,41.1778,635
2013-10-29,56.92,56.92,56.92,56.92,41.3375,938
2013-10-30,56.978,56.978,56.71,56.71,41.185,1100
2013-11-01,56.5,56.5,56.5,56.5,41.0325,380
2013-11-04,56.88,56.88,56.88,56.88,41.3085,200
2013-11-07,56.5,56.5,56.5,56.5,41.0325,100
2013-11-11,57.26,57.26,57.25,57.25,41.5772,444
2013-11-14,57.54,57.54,57.533,57.533,41.7827,276
2013-11-18,58.2,58.2,58.2,58.2,42.2671,100
2013-11-19,57.81,57.81,57.81,57.81,41.9839,400
2013-11-21,58.04,58.04,57.99,57.99,42.1146,400
2013-11-22,58.07,58.28,58.07,58.2799,42.3251,458
2013-11-25,58.34,58.34,58.3399,58.3399,42.3687,200
2013-11-26,58.39,58.5,58.39,58.5,42.485,200
2013-11-27,58.54,58.54,58.37,58.37,42.3906,1100
2013-11-29,58.7,58.7,58.58,58.58,42.5431,900
2013-12-03,58.06,58.08,57.87,57.87,42.0275,4200
2013-12-04,57.96,58.3,57.8,58.11,42.2018,5064
2013-12-05,58.3,58.3,57.81,57.83,41.9984,95430
2013-12-06,58.2,58.46,58.1999,58.35,42.3761,830
2013-12-09,58.639,58.639,58.639,58.639,42.5859,150
2013-12-10,58.47,58.48,58.47,58.48,42.4705,344
2013-12-11,58.06,58.06,57.83,57.83,41.9984,820
2013-12-12,57.6,57.65,57.49,57.65,41.8677,5712
2013-12-13,57.61,57.62,57.58,57.58,41.8168,1542
2013-12-16,57.91,58.0144,57.91,57.98,42.1073,1011
2013-12-17,57.84,57.91,57.8,57.89,42.042,3318
2013-12-18,57.68,58.45,57.68,58.45,42.4487,946
2013-12-20,58.994,59.03,58.994,59.03,42.8699,324
2013-12-23,58.89,58.89,58.89,58.89,42.9896,301
2013-12-26,59.31,59.342,59.31,59.342,43.3196,355
2013-12-27,59.38,59.38,59.38,59.38,43.3473,123
2013-12-30,59.44,59.44,59.36,59.36,43.3327,620
2013-12-31,59.51,59.57,59.51,59.544,43.467,1652
2014-01-02,59.55,59.55,59.16,59.21,43.2232,991
2014-01-03,59.29,59.29,59.139,59.14,43.1721,828
2014-01-06,59.14,59.14,59.13,59.13,43.1648,600
2014-01-07,59.39,59.46,59.39,59.46,43.4057,1308
2014-01-09,59.475,59.475,59.29,59.33,43.3108,5554
2014-01-10,59.45,59.52,59.28,59.52,43.4495,6701
2014-01-13,59.47,59.51,59.11,59.11,43.1502,1239
2014-01-14,59.03,59.3,59.03,59.3,43.2889,1274
2014-01-15,59.61,59.68,59.61,59.68,43.5663,1421
2014-01-16,59.38,59.3899,59.38,59.3899,43.3545,550
2014-01-17,59.26,59.26,59.26,59.26,43.2597,314
2014-01-21,59.62,59.62,59.13,59.34,43.3181,925
2014-01-22,59.37,59.44,59.27,59.43,43.3838,1488
2014-01-23,58.93,58.9488,58.66,58.76,42.8947,2470
2014-01-24,58.09,58.09,57.63,57.63,42.0698,19923
2014-01-27,57.52,57.606,57.34,57.34,41.8581,2236
2014-01-29,57.26,57.3604,57.1696,57.34,41.8581,772
2014-01-30,57.55,57.55,57.55,57.55,42.0114,1751
2014-01-31,57.08,57.53,57.08,57.42,41.9165,6981
2014-02-03,57.1,57.1,56.74,56.78,41.4493,5761
2014-02-04,56.32,56.422,56.15,56.422,41.188,2046
2014-02-05,56.21,56.23,55.87,56.23,41.0478,1323
2014-02-06,56.46,57.01,56.46,56.99,41.6026,4734
2014-02-07,57.33,57.33,57.13,57.15,41.7194,3241
2014-02-10,57.75,57.75,57.57,57.622,42.064,3824
2014-02-11,57.85,58.49,57.85,58.35,42.5954,3408
2014-02-12,58.58,58.58,58.32,58.32,42.5735,1332
2014-02-13,58.3,58.72,58.3,58.716,42.8626,3133
2014-02-14,58.68,58.95,58.68,58.95,43.0334,1171
2014-02-18,59.14,59.17,59.13,59.15,43.1794,892
2014-02-19,59.05,59.35,59.02,59.02,43.0845,1327
2014-02-20,58.98,59.2,58.98,59.2,43.2159,1024
2014-02-21,59.2,59.2,59.092,59.092,43.1371,1432
2014-02-25,59.282,59.282,59.282,59.282,43.2758,178
2014-02-28,59.58,59.9,59.58,59.7,43.5809,1354
2014-03-03,59.28,59.42,59.0,59.27,43.267,3057
2014-03-04,59.9501,60.21,59.9501,60.17,43.924,855
2014-03-05,60.14,60.14,60.14,60.14,43.9021,290
2014-03-06,60.38,60.38,60.38,60.38,44.0773,274
2014-03-07,60.46,60.46,60.33,60.46,44.1357,1124
2014-03-10,60.304,60.41,60.248,60.41,44.0992,669
2014-03-11,60.44,60.45,60.0,60.0,43.7999,2209
2014-03-14,59.382,59.382,59.382,59.382,43.3488,237
2014-03-17,59.9,59.94,59.79,59.79,43.6466,2432
2014-03-18,60.09,60.36,60.09,60.36,44.0627,1932
2014-03-19,60.3633,60.3633,60.3259,60.3259,44.0378,719
2014-03-21,60.52,60.57,60.37,60.5,44.1649,5128
2014-03-24,60.74,60.74,60.1462,60.1462,43.9066,1253
2014-03-25,60.1872,60.26,60.1872,60.26,44.1977,776
2014-03-26,60.6,60.6,59.92,59.92,43.9483,1412
2014-03-27,59.76,59.76,59.66,59.72,43.8016,7461
2014-03-28,60.14,60.3,60.12,60.12,44.095,2079
2014-03-31,60.59,60.59,60.54,60.55,44.4104,1355
2014-04-01,60.85,60.89,60.812,60.89,44.6597,578
2014-04-04,61.34,61.39,61.3301,61.39,45.0265,794
2014-04-07,60.53,60.53,59.9496,59.9496,43.97,1641
2014-04-08,60.1,60.1,59.939,59.939,43.9622,727
2014-04-09,60.12,60.532,60.12,60.532,44.3972,1022
2014-04-10,60.465,60.465,59.52,59.52,43.6549,1032
2014-04-11,59.12,59.25,58.9946,58.9946,43.2696,819
2014-04-14,59.25,59.47,59.1,59.1,43.3469,571
2014-04-15,59.71,59.74,59.04,59.74,43.8163,2286
2014-04-16,59.98,60.25,59.9799,60.25,44.1903,829
2014-04-17,60.171,60.55,60.171,60.54,44.403,769
2014-04-21,60.61,60.61,60.61,60.61,44.4544,207
2014-04-22,60.76,60.97,60.7599,60.95,44.7038,681
2014-04-23,60.8,60.86,60.8,60.86,44.6377,983
2014-04-24,60.74,60.86,60.74,60.86,44.6377,885
2014-04-25,60.91,60.91,60.4399,60.44,44.3297,1391
2014-04-28,60.7608,60.7608,60.6175,60.6175,44.4599,829
2014-04-29,60.96,60.96,60.96,60.96,44.7111,157
2014-04-30,60.82,61.04,60.82,61.0399,44.7697,896
2014-05-01,61.0856,61.0856,61.0,61.0,44.7404,671
2014-05-02,61.048,61.048,61.01,61.02,44.7551,1150
2014-05-05,60.76,60.77,60.65,60.66,44.4911,1153
2014-05-06,60.65,60.65,60.632,60.632,44.4705,965
2014-05-08,61.21,61.21,60.83,60.83,44.6157,1449
2014-05-09,61.03,61.03,60.6,60.6,44.447,4749
2014-05-12,61.34,61.49,61.34,61.49,45.0998,3230
2014-05-13,61.56,61.65,61.56,61.64,45.2098,5348
2014-05-14,61.43,61.43,61.35,61.35,44.9971,1550
2014-05-15,61.25,61.25,60.598,60.598,44.4456,423
2014-05-19,60.91,61.13,60.91,61.13,44.8358,2129
2014-05-20,61.01,61.02,60.58,60.73,44.5424,38286
2014-05-21,61.09,61.1,61.08,61.1,44.8138,4233
2014-05-22,61.3599,61.41,61.3599,61.41,45.0411,666
2014-05-23,61.49,61.53,61.4899,61.5299,45.1291,1293
2014-05-27,61.86,61.86,61.7599,61.77,45.3052,2959
2014-05-28,61.82,61.82,61.816,61.816,45.3389,468
2014-05-29,61.957,61.98,61.93,61.979,45.4585,3463
2014-06-02,62.322,62.322,62.26,62.32,45.7086,1668
2014-06-04,62.27,62.5,62.25,62.497,45.8384,4859
2014-06-05,62.59,62.59,62.582,62.59,45.9066,515
2014-06-06,63.15,63.21,63.14,63.184,46.3423,2061
2014-06-09,63.33,63.33,63.2501,63.2501,46.3908,531
2014-06-10,63.28,63.3,63.264,63.28,46.4127,1985
2014-06-11,63.0499,63.0499,63.0499,63.0499,46.2439,198
2014-06-12,62.947,62.99,62.8599,62.8599,46.1046,2273
2014-06-13,62.89,62.92,62.7305,62.75,46.024,81984
2014-06-16,62.85,62.94,62.6839,62.89,46.1266,2243
2014-06-17,63.02,63.09,63.0,63.09,46.2733,7003
2014-06-18,63.08,63.5799,63.012,63.5799,46.6327,11379
2014-06-19,63.58,63.6092,63.44,63.6092,46.6541,4247
2014-06-20,63.78,63.81,63.76,63.81,46.8014,8573
2014-06-23,63.83,63.84,63.76,63.84,46.8234,9478
2014-06-24,63.81,63.96,63.3699,63.38,46.486,4296
2014-06-25,63.0301,63.25,63.0301,63.23,46.5981,56249
2014-06-26,63.4,63.4,62.878,62.878,46.3386,3885
2014-06-27,62.97,63.21,62.89,63.08,46.4875,85898
2014-06-30,63.29,63.3,63.29,63.3,46.6496,561
2014-07-01,63.33,63.75,63.33,63.65,46.9076,668
2014-07-02,63.7,63.71,63.65,63.65,46.9076,37530
2014-07-03,64.04,64.119,63.91,64.0,47.1655,13370
2014-07-07,64.03,64.03,63.68,63.77,46.996,5585
2014-07-08,63.58,63.58,63.42,63.452,46.7617,7179
2014-07-09,63.64,63.8195,63.49,63.706,46.9488,13427
2014-07-10,63.251,63.435,63.251,63.435,46.7491,699
2014-07-11,63.46,63.46,63.46,63.46,46.7676,1917
2014-07-15,63.863,63.863,63.863,63.863,47.0645,490
2014-07-16,63.97,64.0227,63.97,64.0227,47.1822,22359
2014-07-17,63.65,63.65,63.65,63.65,46.9076,1030
2014-07-18,63.64,63.95,63.59,63.95,47.1287,1962
2014-07-21,63.81,63.85,63.55,63.85,47.055,969
2014-07-22,64.2328,64.2328,64.1,64.1,47.2392,14425
2014-07-23,64.22,64.28,64.07,64.28,47.3719,965
2014-07-24,64.28,64.33,64.28,64.33,47.4087,2162
2014-07-25,63.98,64.0062,63.98,64.0,47.1655,619
2014-07-28,64.12,64.12,63.64,63.89,47.0844,1696
2014-07-29,64.02,64.02,64.02,64.02,47.1803,5164
2014-07-30,63.567,63.7228,63.567,63.7228,46.9612,633
2014-07-31,62.79,62.79,62.79,62.79,46.2738,411
2014-08-01,62.3,62.3401,61.88,62.3258,45.9317,1976
2014-08-05,62.47,62.47,61.8501,61.8501,45.5811,611
2014-08-06,61.65,62.2,61.65,62.076,45.7476,1209
2014-08-07,61.927,61.927,61.682,61.682,45.4572,708
2014-08-08,62.28,62.42,62.22,62.34,45.9422,161419
2014-08-11,62.53,62.6,62.53,62.6,46.1338,385
2014-08-12,62.46,62.5,62.41,62.5,46.0601,4924
2014-08-13,62.7501,62.7501,62.6243,62.6243,46.1517,1236
2014-08-14,62.79,63.06,62.79,63.04,46.458,3843
2014-08-15,63.105,63.105,62.74,63.03,46.4507,7588
2014-08-18,63.385,63.54,63.38,63.54,46.8265,10607
2014-08-19,63.79,63.95,63.7,63.95,47.1287,9326
2014-08-20,63.68,64.15,63.68,64.15,47.2761,662
2014-08-21,64.12,64.42,64.12,64.42,47.475,506
2014-08-22,64.26,64.26,64.18,64.18,47.2982,1620
2014-08-25,64.55,64.59,64.52,64.55,47.5708,13963
2014-08-26,64.7,64.79,64.6599,64.66,47.6519,920
2014-08-27,64.74,64.74,64.74,64.74,47.7109,271
2014-08-28,64.56,64.64,64.4601,64.6038,47.6105,3021
2014-08-29,64.609,64.609,64.609,64.609,47.6143,401
2014-09-02,64.99,64.99,64.53,64.62,47.6224,1903
2014-09-03,65.09,65.09,64.725,64.75,47.7182,226306
2014-09-04,64.59,65.07,64.5599,64.5599,47.5781,2024
2014-09-05,64.45,64.8,64.45,64.8,47.7551,3279
2014-09-08,64.7,64.91,64.69,64.69,47.674,603
2014-09-09,64.46,64.59,64.3575,64.3575,47.429,653
2014-09-10,64.19,64.44,64.04,64.44,47.4898,1826
2014-09-12,64.445,64.465,63.9601,64.0201,47.1803,1131237
2014-09-15,63.92,64.12,63.92,64.12,47.2539,3381
2014-09-16,64.1,64.1,64.1,64.1,47.2392,382
2014-09-17,64.77,64.82,64.64,64.78,47.7403,2494
2014-09-18,64.86,65.0889,64.85,65.0889,47.968,1168738
2014-09-19,65.19,65.24,64.84,64.85,47.7919,50338
2014-09-22,64.82,64.82,64.4,64.4,47.4603,819
2014-09-23,64.14,64.26,64.04,64.04,47.195,1118
2014-09-24,64.091,64.2099,64.091,64.2099,47.4372,420
2014-09-25,63.5,63.55,63.35,63.35,46.802,17634
2014-09-26,63.26,63.9212,63.26,63.638,47.0147,2507
2014-09-29,63.15,63.64,63.15,63.64,47.0162,821
2014-09-30,63.39,63.51,63.39,63.44,46.8684,1055
2014-10-01,63.0,63.19,62.45,62.45,46.1371,180819
2014-10-02,62.45,62.45,62.0,62.0,45.8046,1015
2014-10-03,62.95,63.0305,62.95,63.0305,46.5659,548
2014-10-06,63.2799,63.2799,62.97,63.22,46.7059,107280
2014-10-07,62.59,62.89,62.317,62.408,46.106,2176
2014-10-08,62.3,63.252,61.8449,63.252,46.7296,3639
2014-10-09,62.88,62.93,61.92,61.92,45.7455,43172
2014-10-10,61.88,61.88,61.09,61.09,45.1323,1655084
2014-10-13,61.34,61.34,60.11,60.11,44.4083,72058
2014-10-14,60.56,60.82,60.26,60.26,44.5191,3633
2014-10-15,59.58,59.87,58.32,59.6199,44.0462,28966
2014-10-16,59.258,60.09,59.16,59.71,44.1128,12579
2014-10-17,60.75,60.84,60.44,60.4801,44.6817,47893
2014-10-20,60.69,61.13,60.69,61.13,45.1619,1607
2014-10-21,61.79,62.1896,61.7558,62.1896,45.9447,4760
2014-10-22,62.34,62.42,61.98,61.98,45.7898,169015
2014-10-23,62.69,62.69,62.46,62.54,46.2035,816
2014-10-24,62.71,62.8496,62.56,62.8,46.3956,1849
2014-10-27,62.761,62.85,62.75,62.85,46.4326,1450
2014-10-28,63.0201,63.0201,63.0201,63.0201,46.5582,361
2014-10-29,63.17,63.17,63.17,63.17,46.669,229
2014-10-30,63.42,63.9,63.39,63.6818,47.0471,83999
2014-10-31,64.71,64.71,64.37,64.37,47.5555,34099
2014-11-03,64.75,64.7799,64.52,64.77,47.851,31273
2014-11-04,64.19,64.46,64.0,64.46,47.622,1270
2014-11-05,64.5701,64.8599,64.3701,64.8599,47.9174,2928
2014-11-06,64.88,64.89,64.69,64.89,47.9397,1041
2014-11-07,65.1,65.1,65.1,65.1,48.0948,309
2014-11-10,65.3175,65.4,65.3175,65.4,48.3165,386
2014-11-11,65.3716,65.3716,65.324,65.324,48.2603,954
2014-11-12,65.19,65.358,65.19,65.358,48.2854,708
2014-11-14,65.4389,65.47,65.4,65.4399,48.3459,24456
2014-11-17,65.44,65.44,65.27,65.32,48.2574,93836
2014-11-19,65.66,65.78,65.5,65.76,48.5824,115822
2014-11-20,65.65,65.8399,65.5,65.8399,48.6415,18583
2014-11-21,66.84,66.84,66.26,66.26,48.9518,16365
2014-11-24,66.53,66.53,66.44,66.44,49.0848,2958
2014-11-25,66.71,66.71,66.38,66.56,49.1735,11352
2014-11-26,66.4044,66.4999,66.3,66.3,48.9814,12748
2014-11-28,66.272,66.272,66.0,66.0,48.7597,1762
2014-12-01,65.531,65.74,65.52,65.6138,48.4744,1839
2014-12-02,66.03,66.181,66.02,66.181,48.8935,16511
2014-12-03,66.3877,66.411,66.3877,66.411,49.0634,695
2014-12-04,66.0801,66.402,66.0801,66.3,48.9814,3079
2014-12-05,66.49,66.5,66.49,66.5,49.1291,1207
2014-12-08,66.3,66.3,65.844,65.9348,48.7116,2101
2014-12-10,65.21,65.21,64.65,64.84,47.9027,11752
2014-12-11,65.259,65.4401,65.14,65.14,48.1244,3253
2014-12-12,64.6199,64.6199,64.6199,64.6199,47.7401,182
2014-12-15,63.27,63.54,63.27,63.54,46.9423,9545
2014-12-16,63.15,63.15,63.15,63.15,46.6542,368
2014-12-18,64.978,65.54,64.978,65.54,48.4199,4493
2014-12-19,66.11,66.207,66.0284,66.207,48.9127,682
2014-12-22,66.4545,66.5399,66.3,66.5399,49.1586,923
2014-12-23,66.9971,66.9971,66.9971,66.9971,49.4964,485
2014-12-24,66.67,66.6799,66.54,66.54,49.4102,1107
2014-12-26,66.77,66.96,66.73,66.73,49.5513,77857
2014-12-29,66.82,66.85,66.82,66.8462,49.6375,2044
2014-12-30,66.59,66.6199,66.5596,66.56,49.425,2564
2014-12-31,66.55,66.58,65.95,66.01,49.0166,20587
2015-01-02,65.3901,65.3901,65.3901,65.3901,48.5563,280
2015-01-06,64.7899,64.7899,63.74,64.03,47.5463,963
2015-01-07,64.69,64.69,64.5275,64.54,47.925,1734
2015-01-08,65.619,65.849,65.47,65.849,48.8971,1102866
2015-01-09,65.59,65.59,65.2305,65.2305,48.4378,2635
2015-01-12,65.22,65.22,64.39,64.55,47.9325,2376
2015-01-13,65.266,65.4,63.91,64.37,47.7988,1107967
2015-01-14,63.64,63.8582,63.09,63.8582,47.4188,3214
2015-01-15,63.29,63.29,63.29,63.29,46.9968,400
2015-01-16,63.29,64.135,63.23,64.135,47.6243,5670
2015-01-20,64.29,64.29,63.67,63.93,47.4721,1158
2015-01-21,64.28,64.52,64.25,64.41,47.8285,2745
2015-01-22,64.762,64.98,64.58,64.88,48.1775,211351
2015-01-23,65.434,65.434,65.09,65.09,48.3334,1754
2015-01-26,64.74,65.02,64.74,64.99,48.2592,485
2015-01-27,64.43,64.72,64.43,64.72,48.0587,949
2015-01-28,64.55,64.56,63.4,63.4,47.0785,6741
2015-01-29,63.49,63.93,63.079,63.93,47.4721,13915
2015-01-30,63.29,63.29,63.29,63.29,46.9968,344
2015-02-02,63.3,63.3,63.1099,63.1099,46.8631,547
2015-02-03,64.4,65.29,64.4,65.29,48.482,7565
2015-02-04,65.16,65.468,65.08,65.468,48.6141,27658
2015-02-05,65.454,65.8,65.42,65.79,48.8532,3345
2015-02-06,65.99,66.14,65.99,66.0443,49.0421,583
2015-02-09,65.67,65.67,65.36,65.36,48.5339,815
2015-02-10,65.67,66.1299,65.49,65.97,48.9869,6121
2015-02-11,65.896,66.067,65.8,66.067,49.0589,3662
2015-02-12,66.579,66.72,66.579,66.72,49.5438,431
2015-02-13,66.9048,67.0099,66.9048,67.0099,49.7591,409
2015-02-17,67.06,67.18,67.06,67.18,49.8854,908
2015-02-18,66.82,67.0599,66.82,67.04,49.7814,1423
2015-02-19,66.784,67.1,66.784,67.04,49.7814,2457
2015-02-20,66.88,67.1972,66.41,67.07,49.8037,2599
2015-02-23,67.15,67.15,67.15,67.15,49.8631,367
2015-02-24,67.45,67.45,67.42,67.42,50.0636,751
2015-02-25,67.19,67.42,67.19,67.34,50.0042,5579
2015-02-26,67.3,67.3,67.04,67.04,49.7814,7557
2015-02-27,67.267,67.267,66.97,67.04,49.7814,15209
2015-03-02,67.12,67.4,67.1,67.4,50.0488,1056
2015-03-03,66.92,66.99,66.78,66.94,49.7072,8054
2015-03-04,66.75,66.75,66.6774,66.71,49.5364,693
2015-03-05,67.04,67.04,66.759,66.8099,49.6106,1371
2015-03-06,66.7,66.7,65.75,65.76,48.831,6907
2015-03-09,66.23,66.2892,66.17,66.18,49.1428,149216
2015-03-10,65.83,65.83,65.06,65.06,48.3112,3639
2015-03-11,65.138,65.138,65.078,65.078,48.3245,2558
2015-03-12,65.25,65.634,65.25,65.618,48.7255,1361
2015-03-13,65.65,65.65,65.1,65.43,48.5859,11490
2015-03-16,65.89,66.2,65.89,66.19,49.1503,2327
2015-03-17,66.02,66.13,65.85,66.07,49.0612,3531
2015-03-18,65.74,66.8,65.74,66.8,49.6032,706
2015-03-19,66.6,66.6,66.34,66.3876,49.297,14609
2015-03-20,67.018,67.233,67.01,67.233,49.9248,4078
2015-03-23,67.01,67.1,67.01,67.1,49.826,1777
2015-03-24,66.898,67.039,66.62,66.62,49.4696,2549
2015-03-25,66.18,66.18,65.566,65.566,48.9153,1423
2015-03-26,65.3599,65.3599,65.18,65.3,48.7168,8228
2015-03-27,65.114,65.274,65.09,65.2287,48.6636,1075
2015-03-30,65.86,66.13,65.86,66.1,49.3136,8363
2015-04-01,65.77,65.77,65.29,65.57,48.9182,17614
2015-04-02,65.792,65.792,65.628,65.628,48.9615,821
2015-04-06,65.32,66.36,65.32,66.26,49.433,1436
2015-04-07,66.32,66.41,65.97,65.97,49.2167,3980
2015-04-08,66.1,66.1,65.97,66.02,49.254,10717
2015-04-09,66.19,66.2798,66.17,66.2798,49.4478,1602
2015-04-10,66.34,66.69,66.34,66.678,49.7449,1131
2015-04-13,66.911,66.911,66.6018,66.6316,49.7102,2271
2015-04-14,66.46,66.76,66.46,66.6,49.6867,1562
2015-04-15,67.32,67.32,67.2682,67.3,50.2089,717
2015-04-16,67.14,67.21,66.951,66.98,49.9702,113732
2015-04-17,66.41,66.41,66.1515,66.28,49.4479,5839
2015-04-20,66.8017,66.946,66.8016,66.946,49.9448,1031
2015-04-21,66.84,66.88,66.84,66.88,49.8956,681
2015-04-22,66.51,66.51,66.47,66.47,49.5897,291
2015-04-23,67.03,67.23,67.03,67.2,50.1343,553
2015-04-24,67.13,67.18,67.07,67.09,50.0522,395734
2015-04-27,67.31,67.31,67.098,67.098,50.0582,1258
2015-04-28,67.16,67.2266,67.16,67.2266,50.1541,665
2015-04-29,67.015,67.0212,67.0,67.0212,50.0009,72629
2015-04-30,66.84,66.9,66.45,66.54,49.6419,6280
2015-05-01,66.88,67.0101,66.88,67.0101,49.9926,769
2015-05-04,67.38,67.4595,67.25,67.45,50.3208,1140
2015-05-05,67.0199,67.0199,66.67,66.67,49.7389,683
2015-05-06,66.78,66.78,66.0,66.38,49.5225,2952
2015-05-07,66.27,66.5503,66.27,66.5503,49.6496,709
2015-05-08,67.32,67.3952,67.32,67.3416,50.2399,545
2015-05-11,67.4,67.44,67.0,67.02,50.0,20328
2015-05-12,66.9399,66.9399,66.9399,66.9399,49.9402,490
2015-05-13,66.8428,66.8428,66.79,66.79,49.8284,8378
2015-05-14,67.23,67.3801,67.23,67.3801,50.2687,1840
2015-05-15,67.3882,67.51,67.3882,67.51,50.3656,685
2015-05-18,67.57,67.7737,67.45,67.7,50.5073,1275
2015-05-19,67.74,67.7461,67.74,67.7461,50.5417,379
2015-05-20,67.836,67.836,67.836,67.836,50.6088,286
2015-05-21,67.72,67.969,67.61,67.82,50.5968,4069
2015-05-22,67.7593,67.89,67.7201,67.89,50.6491,1303
2015-05-26,67.25,67.25,66.9499,66.9499,49.9477,2439
2015-05-27,67.3134,67.48,67.3134,67.434,50.3089,1075
2015-05-28,67.5499,67.56,67.5499,67.55,50.3954,669
2015-05-29,67.19,67.3688,67.08,67.15,50.097,681
2015-06-01,67.202,67.24,67.15,67.15,50.097,7813
2015-06-02,67.18,67.468,67.15,67.24,50.1641,13502
2015-06-03,67.33,67.6076,67.33,67.3995,50.2831,1006
2015-06-04,67.02,67.02,66.899,66.899,49.9097,453
2015-06-05,66.709,67.02,66.709,66.8812,49.8965,1418
2015-06-08,66.67,66.67,66.5919,66.6299,49.709,1189
2015-06-09,66.4277,66.66,66.4277,66.66,49.7314,1241
2015-06-10,66.98,67.34,66.98,67.334,50.2343,3700
2015-06-11,67.326,67.59,67.326,67.44,50.3133,4705
2015-06-12,66.966,66.9799,66.85,66.93,49.9329,6472
2015-06-15,66.33,66.62,66.33,66.62,49.7016,2170
2015-06-16,66.8303,66.9668,66.8224,66.9668,49.9603,1078
2015-06-18,67.8799,67.8799,67.71,67.71,50.5148,3026
2015-06-19,67.79,67.79,67.444,67.444,50.3163,750
2015-06-22,67.68,67.84,67.6601,67.74,50.5372,2661
2015-06-24,66.983,66.983,66.983,66.983,50.2334,284
2015-06-25,66.99,67.0043,66.97,67.0043,50.2494,1270
2015-06-26,66.486,66.58,66.486,66.5602,49.9163,1008
2015-06-29,65.85,66.12,65.5,65.55,49.1587,2309
2015-06-30,65.588,65.75,65.25,65.7,49.2712,1649
2015-07-01,65.85,66.008,65.75,65.75,49.3087,982
2015-07-02,66.044,66.1299,65.7,65.89,49.4137,1112
2015-07-06,65.3244,65.37,65.3244,65.37,49.0237,508
2015-07-07,64.8,65.84,64.8,65.84,49.3762,9158
2015-07-08,65.2272,65.2272,64.66,64.66,48.4913,244980
2015-07-09,65.68,65.68,65.0415,65.0483,48.7825,2318
2015-07-10,65.59,65.68,65.59,65.68,49.2562,9662
2015-07-13,66.17,66.35,66.13,66.32,49.7362,7782
2015-07-14,66.642,66.695,66.6181,66.6733,50.0011,2031
2015-07-15,66.77,66.77,66.36,66.48,49.8562,3385
2015-07-16,66.945,66.97,66.8928,66.9397,50.2009,1982
2015-07-20,66.76,66.9,66.76,66.865,50.1449,3396
2015-07-21,66.85,66.85,66.4279,66.4279,49.8171,2672
2015-07-22,66.4068,66.53,66.4068,66.43,49.8187,75521
2015-07-23,66.52,66.52,66.1001,66.1604,49.6165,1338
2015-07-24,65.76,65.76,65.76,65.76,49.3162,285
2015-07-27,65.12,65.12,64.74,64.83,48.6188,11007
2015-07-28,65.63,65.63,65.63,65.63,49.2187,276
2015-07-29,66.09,66.2999,66.09,66.24,49.6762,19605
2015-07-30,66.15,66.2088,66.13,66.1501,49.6088,1323
2015-07-31,66.18,66.18,65.91,65.91,49.4287,336
2015-08-03,65.73,65.81,65.73,65.7701,49.3238,3206
2015-08-04,65.6577,65.7699,65.418,65.49,49.1137,563
2015-08-05,66.0399,66.0399,65.6238,65.64,49.2262,7989
2015-08-06,65.395,65.4302,65.18,65.37,49.0237,13084
2015-08-10,65.81,66.07,65.81,66.02,49.5112,1409
2015-08-11,65.48,65.48,65.27,65.31,48.9787,1314
2015-08-12,64.9,65.34,64.9,65.34,49.0012,1426
2015-08-13,65.31,65.64,65.31,65.63,49.2187,557
2015-08-14,65.52,65.6199,65.52,65.61,49.2037,652
2015-08-17,65.44,65.85,65.44,65.85,49.3837,2546
2015-08-18,65.82,65.885,65.74,65.77,49.3237,2743
2015-08-19,65.45,65.45,65.14,65.2409,48.9269,821
2015-08-20,64.3901,64.4401,63.94,63.94,47.9513,3183
2015-08-21,63.09,63.16,62.1251,62.15,46.6089,12022
2015-08-24,58.1,61.15,51.72,59.71,44.7791,33272
2015-08-25,60.57,60.6,59.97,59.99,44.989,32876
2015-08-26,60.3,60.55,59.08,60.55,45.409,10109
2015-08-27,61.5899,62.05,61.5899,61.95,46.4589,2474
2015-08-28,62.135,62.274,62.04,62.144,46.6044,8028
2015-08-31,62.23,62.23,62.1,62.1,46.5714,490
2015-09-01,60.99,60.99,60.04,60.06,45.0415,18890
2015-09-02,60.46,60.72,60.32,60.58,45.4315,22394
2015-09-03,61.96,61.96,61.16,61.4052,46.0504,9210
2015-09-04,60.706,60.706,60.14,60.59,45.439,6943
2015-09-08,61.47,61.9,61.37,61.86,46.3914,10099
2015-09-09,62.397,62.397,61.4599,61.4599,46.0914,6992
2015-09-10,61.2799,61.77,61.205,61.4517,46.0852,7337
2015-09-11,61.6,61.65,61.35,61.62,46.2114,12058
2015-09-14,61.47,61.552,61.42,61.42,46.0615,4499
2015-09-15,62.11,62.47,62.02,62.44,46.8264,10556
2015-09-16,62.924,63.04,62.92,62.99,47.2389,4532
2015-09-17,63.01,63.69,62.69,62.8999,47.1713,30368
2015-09-18,61.64,62.1899,61.33,61.41,46.054,7998
2015-09-21,61.678,61.8,61.49,61.75,46.3089,72058
2015-09-22,60.77,60.77,60.35,60.59,45.439,24388
2015-09-23,60.629,60.83,60.3,60.5,45.3715,22972
2015-09-24,60.0,60.45,59.475,60.31,45.229,15627
2015-09-25,60.46,60.4999,59.67,59.97,45.2441,384311
2015-09-28,59.55,59.55,58.41,58.44,44.0898,11475
2015-09-29,58.56,58.7,58.346,58.472,44.1139,9504
2015-09-30,59.52,59.96,59.23,59.96,45.2366,215201
2015-10-01,60.09,60.09,59.2301,59.69,45.0329,29579
2015-10-02,59.11,60.505,59.11,60.505,45.6477,71035
2015-10-05,62.15,62.37,62.15,62.28,46.9869,4990
2015-10-06,62.27,62.584,62.09,62.26,46.9718,12803
2015-10-07,62.8,62.96,62.35,62.95,47.4924,11074
2015-10-08,62.976,63.79,62.976,63.66,48.028,6633
2015-10-09,63.7,63.7,63.504,63.5566,47.95,15757
2015-10-12,63.55,63.6499,63.39,63.61,47.9903,9420
2015-10-13,63.4,63.959,63.32,63.32,47.7715,219426
2015-10-14,63.46,63.46,62.93,63.07,47.5829,7050
2015-10-15,63.129,63.78,62.97,63.78,48.1185,9190
2015-10-16,64.16,64.16,63.63,63.8367,48.1613,1651
2015-10-19,63.76,63.96,63.58,63.96,48.2543,69798
2015-10-20,63.9374,64.01,63.8201,63.88,48.194,11178
2015-10-21,63.94,63.94,63.2939,63.2939,47.7518,8892
2015-10-22,63.8985,64.17,63.8985,64.17,48.4128,7353
2015-10-23,64.7,64.714,64.39,64.69,48.8051,5709
2015-10-26,64.43,64.43,64.2,64.27,48.4882,17095
2015-10-27,63.79,63.88,63.6934,63.88,48.194,2800
2015-10-28,64.15,64.9,63.95,64.9,48.9635,11437
2015-10-29,64.67,64.74,64.43,64.5599,48.7069,93166
2015-10-30,64.578,64.73,64.34,64.34,48.541,2834
2015-11-02,64.45,65.2424,64.45,65.17,49.1672,3885
2015-11-03,65.02,65.4199,64.9,65.25,49.2276,13367
2015-11-04,65.03,65.03,64.79,64.84,48.9183,3580
2015-11-05,64.79,64.87,64.7294,64.8338,48.9136,2290
2015-11-06,64.94,65.02,64.6,65.02,49.0541,7301
2015-11-09,65.0,65.0,64.3,64.3,48.5109,406
2015-11-10,64.36,64.51,64.356,64.49,48.6542,1405
2015-11-11,64.255,64.3339,64.0537,64.0537,48.325,1215
2015-11-12,63.44,63.44,63.275,63.28,47.7413,2892
2015-11-13,62.5175,62.698,62.31,62.3114,47.0106,1606
2015-11-16,62.37,63.04,62.28,63.04,47.5603,6637
2015-11-17,62.96,63.26,62.9313,62.95,47.4924,8138
2015-11-18,63.259,64.0,63.25,64.0,48.2845,9100
2015-11-19,63.66,63.75,63.6,63.75,48.0959,1616
2015-11-20,64.221,64.221,63.8501,63.8501,48.1714,1901
2015-11-23,63.85,64.1199,63.77,63.8,48.1336,2086
2015-11-24,63.49,64.04,63.485,63.97,48.2619,1486
2015-11-25,63.8299,64.04,63.8299,63.9754,48.266,2369
2015-11-27,63.99,64.0305,63.95,64.0305,48.3075,20600
2015-11-30,63.97,64.0061,63.8506,63.9001,48.2092,6221
2015-12-01,64.27,64.47,64.17,64.47,48.6391,3776
2015-12-02,64.6126,64.6126,63.7689,63.8599,48.1788,3078
2015-12-03,63.79,63.79,62.9301,62.9301,47.4773,706
2015-12-04,63.15,64.18,63.15,64.12,48.3751,9602
2015-12-07,63.9,63.9,63.41,63.62,47.9978,2099
2015-12-08,62.91,63.28,62.65,62.88,47.4395,2785
2015-12-09,63.1399,63.35,62.39,62.4679,47.1286,1956
2015-12-10,62.91,63.2899,62.8914,63.28,47.7413,71851
2015-12-11,62.07,62.07,61.548,61.64,46.504,16270
2015-12-14,61.6445,61.66,61.1244,61.35,46.2852,4652
2015-12-15,62.39,62.75,62.265,62.44,47.1076,75477
2015-12-16,62.95,63.34,62.53,63.32,47.7715,3932
2015-12-17,63.37,63.38,62.25,62.25,46.9642,24960
2015-12-18,61.8001,61.84,61.3705,61.5185,46.4124,6914
2015-12-21,61.688,61.8599,61.52,61.79,46.6172,32145
2015-12-22,62.13,62.62,61.97,62.45,47.1151,3720
2015-12-23,63.32,63.43,63.29,63.43,47.8545,8395
2015-12-24,63.03,63.06,62.95,63.01,47.8651,4271
2015-12-28,62.3872,62.42,62.3872,62.42,47.4169,565
2015-12-29,62.93,63.2,62.93,63.16,48.0068,7962
2015-12-30,63.0,63.02,62.6101,62.6101,47.5888,3275
2015-12-31,62.46,62.46,62.24,62.24,47.3075,923
2016-01-04,60.93,61.18,60.61,61.18,46.5018,4274
2016-01-05,60.97,61.37,60.89,61.28,46.5778,10530
2016-01-06,60.48,60.514,60.034,60.16,45.7265,3720
2016-01-07,59.09,59.56,58.64,58.86,44.7384,4982
2016-01-08,59.2,59.2,58.218,58.218,44.2504,885
2016-01-11,58.09,58.09,57.37,57.86,43.9783,235355
2016-01-12,58.48,58.5232,57.58,58.28,44.2976,102902
2016-01-13,58.23,58.23,56.7035,56.758,43.1407,123883
2016-01-14,56.81,57.56,56.81,57.32,43.5679,16460
2016-01-15,55.6,55.95,55.158,55.83,42.4354,34559
2016-01-19,56.42,56.42,54.85,55.35,42.0705,335502
2016-01-20,53.86,55.1654,53.22,54.75,41.6145,166149
2016-01-21,54.9,55.6,54.9,54.99,41.7969,61468
2016-01-22,56.04,56.14,55.7,55.88,42.4734,3845
2016-01-25,55.8,55.81,54.84,54.84,41.6829,51824
2016-01-26,55.22,55.82,55.22,55.82,42.4278,1993
2016-01-27,56.31,56.34,55.47,55.61,42.2681,5347
2016-01-28,55.3801,55.4968,55.2,55.49,42.1769,73060
2016-01-29,55.76,56.84,55.76,56.84,43.203,122523
2016-02-01,56.57,57.25,56.3451,57.25,43.5147,11565
2016-02-02,56.47,56.47,55.47,55.51,42.1921,2428
2016-02-03,55.87,55.93,55.165,55.86,42.4582,15930
2016-02-04,55.85,56.59,55.85,56.15,42.6786,187047
2016-02-05,56.08,56.08,55.38,55.53,42.2073,29491
2016-02-08,54.64,54.85,53.95,54.6099,41.508,29631
2016-02-09,54.46,54.562,53.9505,54.45,41.3864,19184
2016-02-10,54.79,54.99,54.4,54.4,41.3484,13815
2016-02-11,53.62,54.08,53.27,53.5399,40.6947,6333
2016-02-12,54.12,54.9799,53.88,54.96,41.7741,232993
2016-02-16,55.96,56.2699,55.52,56.23,42.7394,7474
2016-02-17,56.78,57.255,56.78,57.245,43.5109,2581
2016-02-18,57.09,57.09,56.8919,56.9693,43.3013,6357
2016-02-19,56.74,56.74,56.4,56.68,43.0814,328116
2016-02-22,57.7,57.87,57.54,57.87,43.9859,32173
2016-02-23,57.41,57.41,57.03,57.07,43.3779,10289
2016-02-24,56.118,57.32,56.118,57.32,43.5679,3756
2016-02-25,57.3092,58.02,57.3092,58.02,44.0999,829
2016-02-26,58.206,58.5,58.03,58.03,44.1075,28023
2016-02-29,58.0,58.3498,57.788,57.8732,43.9884,8689
2016-03-01,57.9212,59.03,57.9212,59.03,44.8676,11754
2016-03-02,58.92,59.48,58.92,59.48,45.2097,69544
2016-03-03,59.4001,59.93,59.4001,59.93,45.5517,6989
2016-03-04,59.75,60.4765,59.75,60.11,45.6885,114616
2016-03-07,59.88,60.74,59.88,60.62,46.0762,104050
2016-03-08,59.768,59.94,59.4101,59.4101,45.1565,35164
2016-03-09,59.82,60.1536,59.77,59.99,45.5973,19378
2016-03-10,60.24,60.5,59.39,60.16,45.7265,12381
2016-03-11,60.98,61.33,60.96,61.33,46.6158,17844
2016-03-14,61.16,61.25,60.845,61.1,46.441,116906
2016-03-15,60.79,60.79,60.44,60.7401,46.1674,9693
2016-03-16,60.8101,61.29,60.5957,61.22,46.5322,20406
2016-03-17,61.18,61.8201,61.18,61.59,46.8134,27763
2016-03-18,61.86,62.21,61.86,62.1,47.2011,12461
2016-03-21,62.0773,62.18,61.9784,62.16,47.2467,9551
2016-03-22,61.68,62.31,61.68,62.09,47.1935,10680
2016-03-23,61.51,61.51,60.77,60.83,46.5609,19592
2016-03-24,60.61,60.76,60.13,60.74,46.492,69970
2016-03-28,60.8,60.91,60.6581,60.79,46.5303,33574
2016-03-29,60.62,61.24,60.51,61.24,46.8747,48999
2016-03-30,61.689,61.76,61.2645,61.5,47.0737,48917
2016-03-31,61.44,61.57,61.2811,61.35,46.9589,17754
2016-04-01,60.69,61.45,60.69,61.43,47.0201,8489
2016-04-04,61.38,61.38,60.96,61.03,46.714,8534
2016-04-05,60.36,60.58,60.35,60.4,46.2318,11650
2016-04-06,60.63,61.06,60.36,61.04,46.7216,6198
2016-04-07,60.74,60.79,59.93,60.18,46.0634,9015
2016-04-08,60.5,60.78,60.13,60.34,46.1858,5412
2016-04-11,60.95,60.95,60.19,60.25,46.1169,4257
2016-04-12,60.48,60.98,60.48,60.86,46.5839,11096
2016-04-13,61.48,61.85,61.42,61.81,47.311,66450
2016-04-14,61.73,61.76,61.58,61.74,47.2574,6154
2016-04-15,61.7275,61.75,61.4507,61.52,47.089,7245
2016-04-18,61.5,62.02,61.36,62.02,47.4718,7511
2016-04-19,62.57,62.64,62.29,62.58,47.9004,10083
2016-04-20,62.76,63.26,62.71,63.0,48.2219,58079
2016-04-21,63.2,63.2,62.66,62.68,47.9769,4133
2016-04-22,62.95,63.02,62.7533,63.02,48.2372,3183
2016-04-25,62.81,62.81,62.46,62.73,48.0152,5470
2016-04-26,62.75,63.05,62.75,63.05,48.2601,215709
2016-04-27,63.213,63.39,62.9,63.39,48.5204,117699
2016-04-28,63.0,63.44,62.68,62.7,47.9922,9835
2016-04-29,62.23,62.23,61.4978,61.81,47.311,2264
2016-05-02,61.93,62.08,61.631,62.03,47.4794,9161
2016-05-03,61.66,61.66,61.01,61.31,46.9283,161146
2016-05-04,60.84,61.07,60.53,60.66,46.4308,33358
2016-05-05,60.75,60.976,60.48,60.51,46.316,23511
2016-05-06,60.37,60.79,60.29,60.78,46.5226,3056
2016-05-09,60.89,60.93,60.59,60.64,46.4155,9620
2016-05-10,61.04,61.45,61.02,61.43,47.0201,78520
2016-05-11,61.0,61.29,60.79,60.79,46.5303,30195
2016-05-12,60.48,60.75,60.2487,60.57,46.3619,12421
2016-05-13,60.43,60.7,59.89,59.99,45.9179,419781
2016-05-16,60.49,60.82,60.4725,60.7,46.4614,54156
2016-05-17,60.7,60.89,60.22,60.39,46.2241,7212
2016-05-18,60.46,60.74,60.14,60.44,46.2624,13385
2016-05-19,60.49,60.518,60.07,60.44,46.2624,5697
2016-05-20,60.63,61.14,60.63,60.99,46.6834,48690
2016-05-23,60.98,61.21,60.89,60.98,46.6757,31119
2016-05-24,61.63,61.83,61.63,61.78,47.288,12743
2016-05-25,62.2,62.4832,62.2,62.4,47.7626,6646
2016-05-26,62.4072,62.47,62.2928,62.35,47.7243,8044
2016-05-27,62.35,62.63,62.35,62.63,47.9387,4164
2016-05-31,62.78,62.83,62.43,62.72,48.0075,21574
2016-06-01,62.22,62.77,62.17,62.7,47.9922,14764
2016-06-02,62.6189,62.95,62.6189,62.95,48.1836,21263
2016-06-03,62.84,62.84,62.24,62.6,47.9157,11184
2016-06-06,62.78,63.1499,62.78,63.02,48.2372,16428
2016-06-07,63.29,63.49,63.13,63.29,48.4438,71297
2016-06-08,63.27,63.49,63.27,63.44,48.5587,139959
2016-06-09,63.16,63.2904,62.9624,63.26,48.4209,24919
2016-06-10,62.66,62.7154,62.29,62.53,47.8621,138602
2016-06-13,62.19,62.28,61.82,61.86,47.3493,15057
2016-06-14,61.75,61.82,61.1,61.46,47.0431,21108
2016-06-15,61.54,61.91,61.39,61.47,47.0508,164324
2016-06-16,61.24,61.54,60.71,61.45,47.0355,15357
2016-06-17,61.45,61.78,61.39,61.6,47.1503,12816
2016-06-20,62.25,62.55,61.99,61.99,47.4488,5383
2016-06-21,61.62,61.85,61.5,61.76,47.5288,191247
2016-06-22,62.09,62.1328,61.6,61.65,47.4442,6915
2016-06-23,62.46,62.63,62.33,62.63,48.1984,23107
2016-06-24,60.6,61.21,59.95,60.03,46.1975,172656
2016-06-27,59.54,59.54,58.1999,58.44,44.9738,51391
2016-06-28,59.2,59.66,58.97,59.6,45.8665,37942
2016-06-29,60.15,60.8292,60.15,60.7,46.7131,27058
2016-06-30,60.8,61.63,60.57,61.63,47.4288,22474
2016-07-01,61.61,61.85,61.6,61.76,47.5288,11708
2016-07-05,61.35,61.35,60.65,60.9,46.867,29511
2016-07-06,60.49,61.33,60.4894,61.33,47.1979,12353
2016-07-07,61.45,61.92,61.168,61.4,47.2518,3829849
2016-07-08,61.88,62.6141,61.88,62.54,48.1291,23055
2016-07-11,62.67,62.9639,62.67,62.82,48.3446,11201
2016-07-12,63.28,63.7,63.28,63.64,48.9756,185072
2016-07-13,63.75,63.785,63.38,63.66,48.991,153122
2016-07-14,64.21,64.276,64.05,64.1,49.3296,6608
2016-07-15,64.0764,64.16,63.9601,64.09,49.3219,15404
2016-07-18,64.13,64.38,64.08,64.29,49.4758,46597
2016-07-19,64.02,64.205,63.99,64.17,49.3835,72360
2016-07-20,64.22,64.62,64.169,64.55,49.6759,8868
2016-07-21,64.67,64.67,64.1401,64.32,49.4989,9888
2016-07-22,64.43,64.61,64.35,64.61,49.7221,9401
2016-07-25,64.59,64.59,64.35,64.48,49.6221,9345
2016-07-26,64.532,64.718,64.43,64.66,49.7606,135564
2016-07-27,64.87,64.895,64.43,64.62,49.7298,49668
2016-07-28,64.29,64.49,64.1,64.411,49.569,7119
2016-07-29,64.18,64.42,64.103,64.42,49.5759,8356
2016-08-01,64.33,64.4,64.03,64.13,49.3527,53273
2016-08-02,64.0,64.0,63.06,63.32,48.7294,17923
2016-08-03,63.29,63.84,63.2783,63.8101,49.1065,15253
2016-08-04,63.87,63.95,63.76,63.82,49.1141,4877
2016-08-05,64.17,64.6599,64.17,64.64,49.7452,9649
2016-08-08,64.71,64.86,64.6,64.6,49.7144,7078
2016-08-09,64.75,64.78,64.6,64.66,49.7606,7665
2016-08-10,64.61,64.61,64.28,64.34,49.5143,5935
2016-08-11,64.69,64.91,64.5183,64.81,49.876,64222
2016-08-12,64.66,64.8,64.61,64.77,49.8452,14064
2016-08-15,64.9,65.28,64.9,65.21,50.1838,20380
2016-08-16,65.0,65.09,64.9818,64.9818,50.0082,9903
2016-08-17,64.7152,64.98,64.6,64.97,49.9992,4637
2016-08-18,64.9999,65.2299,64.9999,65.21,50.1838,16324
2016-08-19,65.04,65.2499,64.82,65.17,50.1531,34546
2016-08-22,65.04,65.14,64.87,65.06,50.0684,8860
2016-08-23,65.28,65.55,65.28,65.38,50.3147,7684
2016-08-24,65.285,65.4,64.9201,65.03,50.0453,56335
2016-08-25,64.955,65.07,64.8419,64.94,49.9761,6965
2016-08-26,65.167,65.394,64.7,64.85,49.9068,75655
2016-08-29,65.07,65.3499,65.05,65.26,50.2223,86386
2016-08-30,65.21,65.31,65.171,65.28,50.2377,35875
2016-08-31,65.05,65.22,64.81,65.22,50.1915,39460
2016-09-01,65.33,65.33,64.69,65.03,50.0453,25554
2016-09-02,65.29,65.51,65.251,65.4,50.3301,11550
2016-09-06,65.49,65.53,65.1501,65.53,50.4301,29522
2016-09-07,65.53,65.7,65.53,65.67,50.5379,5324
2016-09-08,65.6,65.7499,65.5,65.63,50.5071,643208
2016-09-09,65.17,65.259,64.14,64.15,49.3681,94791
2016-09-12,64.11,65.23,64.11,65.13,50.1223,28466
2016-09-13,64.53,64.55,64.165,64.38,49.5451,10179
2016-09-14,64.23,64.67,64.06,64.115,49.3412,22386
2016-09-15,64.69,65.0016,64.69,64.93,49.9684,7624
2016-09-16,64.85,64.93,64.565,64.835,49.8953,130691
2016-09-19,65.23,65.4099,64.83,64.87,49.9222,12213
2016-09-20,65.09,65.11,64.6852,64.79,49.8606,11132
2016-09-21,65.17,65.5,64.88,65.47,50.3839,11140
2016-09-22,65.97,66.0,65.7,65.8,50.6379,13334
2016-09-23,65.75,65.83,65.435,65.53,50.4301,15666
2016-09-26,64.58,64.81,64.41,64.41,49.8451,39202
2016-09-27,64.28,64.84,64.28,64.84,50.1778,26985
2016-09-28,65.01,65.24,64.61,65.22,50.4719,80204
2016-09-29,65.26,65.26,64.33,64.49,49.907,728443
2016-09-30,64.91,65.48,64.84,65.28,50.5183,551886
2016-10-03,65.08,65.23,64.99,65.14,50.41,1087621
2016-10-04,65.37,65.47,64.84,64.9889,50.2931,22708
2016-10-05,65.29,65.72,65.29,65.558,50.7335,45205
2016-10-06,65.46,65.595,65.17,65.535,50.7157,22357
2016-10-07,65.53,65.715,64.93,65.18,50.4409,24779
2016-10-10,65.71,65.823,65.5614,65.62,50.7815,17934
2016-10-11,65.42,65.42,64.53,64.76,50.1159,15472
2016-10-12,64.83,64.83,64.5735,64.71,50.0772,616686
2016-10-13,64.29,64.58,63.6921,64.41,49.8451,185095
2016-10-14,64.87,64.97,64.33,64.34,49.7909,371233
2016-10-17,64.35,64.52,64.1408,64.18,49.6671,26418
2016-10-18,64.75,64.91,64.51,64.72,50.085,23972
2016-10-19,64.7,64.9153,64.63,64.81,50.1546,134765
2016-10-20,64.82,64.92,64.53,64.77,50.1237,54806
2016-10-21,64.33,64.66,64.33,64.57,49.9689,425876
2016-10-24,64.88,65.0,64.71,64.86,50.1933,39099
2016-10-25,64.9,64.9,64.49,64.62,50.0076,904371
2016-10-26,64.22,64.7995,64.11,64.62,50.0076,1101074
2016-10-27,64.815,64.88,64.37,64.37,49.8141,34757
2016-10-28,64.36,64.795,64.11,64.33,49.7832,62786
2016-10-31,64.485,64.63,64.4,64.5,49.9147,55466
2016-11-01,64.73,64.78,63.6,64.06,49.5742,31059
2016-11-02,63.89,64.2,63.77,63.84,49.404,626319
2016-11-03,63.98,64.1,63.405,63.47,49.1176,148302
2016-11-04,63.38,63.89,63.31,63.37,49.0402,294648
2016-11-07,64.25,64.8,64.2319,64.79,50.1391,121392
2016-11-08,64.71,65.17,64.4398,64.97,50.2784,1014274
2016-11-09,64.83,66.5728,64.59,66.28,51.2922,1470053
2016-11-10,66.74,67.55,66.59,67.04,51.8803,426999
2016-11-11,66.67,67.11,66.5,67.1,51.9268,469029
2016-11-14,67.3,67.88,67.28,67.7928,52.4629,190361
2016-11-15,68.02,68.33,67.6,68.33,52.8786,178069
2016-11-16,68.15,68.205,67.9,68.01,52.631,1642294
2016-11-17,67.87,68.19,67.82,68.19,52.7703,85603
2016-11-18,68.28,68.4,68.0076,68.05,52.662,102908
2016-11-21,68.21,68.49,68.19,68.45,52.9715,129066
2016-11-22,68.57,68.72,68.4,68.7,53.165,116692
2016-11-23,68.57,68.93,68.51,68.93,53.343,60635
2016-11-25,69.05,69.21,68.93,69.16,53.521,60137
2016-11-28,69.07,69.1,68.65,68.77,53.2191,208869
2016-11-29,68.72,69.0,68.5894,68.81,53.2501,311363
2016-11-30,69.13,69.26,68.9801,69.07,53.4513,46982
2016-12-01,69.2,69.71,69.05,69.17,53.5287,964452
2016-12-02,69.18,69.36,68.98,69.05,53.4358,28279
2016-12-05,69.41,69.66,69.26,69.44,53.7376,128107
2016-12-06,69.57,69.84,69.3565,69.83,54.0394,236282
2016-12-07,69.8,71.03,69.72,70.95,54.9062,94595
2016-12-08,71.04,71.55,71.0,71.32,55.1925,303672
2016-12-09,71.48,71.73,71.43,71.71,55.4943,665773
2016-12-12,71.62,71.8159,71.2622,71.44,55.2854,424060
2016-12-13,71.71,72.05,71.5396,71.85,55.6027,287384
2016-12-14,71.49,72.04,71.09,71.18,55.0842,67019
2016-12-15,71.21,71.9,71.21,71.55,55.3705,439638
2016-12-16,71.72,72.02,71.2,71.31,55.1848,62292
2016-12-19,71.34,71.58,71.243,71.45,55.2931,52663
2016-12-20,71.56,71.86,71.56,71.74,55.5175,39470
2016-12-21,71.75,71.77,71.61,71.63,55.4324,109744
2016-12-22,71.28,71.29,70.735,70.87,55.0912,804407
2016-12-23,70.82,71.06,70.82,71.06,55.2389,42044
2016-12-27,71.07,71.39,71.05,71.23,55.371,42811
2016-12-28,71.31,71.41,70.49,70.55,54.8424,28225
2016-12-29,70.48,70.66,70.263,70.44,54.7569,601275
2016-12-30,70.53,70.53,69.965,70.19,54.5626,85549
2017-01-03,70.7,71.06,70.41,70.92,55.13,345002
2017-01-04,71.1,71.74,71.1,71.67,55.713,169708
2017-01-05,71.4,71.55,70.88,71.28,55.4099,134147
2017-01-06,71.26,71.43,70.99,71.21,55.3555,52200
2017-01-09,71.05,71.2358,70.92,70.95,55.1533,65982
2017-01-10,71.0,71.5598,70.94,71.23,55.371,2507471
2017-01-11,71.23,71.33,70.8729,71.25,55.3866,123972
2017-01-12,71.06,71.18,70.39,70.99,55.1844,60967
2017-01-13,71.03,71.28,70.89,71.03,55.2155,39798
2017-01-17,70.8,71.0,70.54,70.72,54.9746,141487
2017-01-18,70.71,70.87,70.5075,70.86,55.0834,608405
2017-01-19,70.87,70.99,70.36,70.56,54.8502,325606
2017-01-20,70.72,70.91,70.46,70.67,54.9357,843700
2017-01-23,70.65,70.71,70.185,70.44,54.7569,166891
2017-01-24,70.53,71.28,70.53,71.18,55.3321,174679
2017-01-25,71.65,72.0234,71.57,72.01,55.9773,124860
2017-01-26,71.98,72.11,71.78,71.82,55.8296,482467
2017-01-27,71.85,71.93,71.42,71.51,55.5887,86239
2017-01-30,71.26,71.26,70.579,71.06,55.2389,89656
2017-01-31,70.86,71.12,70.55,71.08,55.2544,438866
2017-02-01,71.61,71.75,71.2306,71.57,55.6353,1180929
2017-02-02,71.35,71.56,71.195,71.44,55.5343,86945
2017-02-03,71.86,72.224,71.77,72.18,56.1095,51295
2017-02-06,72.06,72.33,71.94,72.12,56.0629,89638
2017-02-07,72.17,72.3,71.876,71.96,55.9385,852630
2017-02-08,71.66,71.87,71.46,71.84,55.8452,420823
2017-02-09,71.93,72.51,71.93,72.33,56.2261,239042
2017-02-10,72.45,72.62,72.3,72.56,56.4049,46672
2017-02-13,72.74,73.249,72.74,73.1,56.8247,102065
2017-02-14,73.16,73.66,73.06,73.66,57.26,180157
2017-02-15,73.71,74.19,73.68,74.15,57.6409,110852
2017-02-16,74.16,74.32,73.88,74.12,57.6176,99455
2017-02-17,73.77,74.17,73.75,74.17,57.6564,114565
2017-02-21,74.38,74.8099,74.38,74.74,58.0995,167460
2017-02-22,74.62,74.66,74.43,74.56,57.9596,218929
2017-02-23,74.81,74.81,74.33,74.41,57.843,42647
2017-02-24,73.95,74.48,73.91,74.48,57.8974,97988
2017-02-27,74.46,74.79,74.37,74.75,58.1073,111679
2017-02-28,74.45,74.49,74.1901,74.33,57.7808,86858
2017-03-01,75.0,75.57,75.0,75.32,58.5504,141221
2017-03-02,75.32,75.32,74.81,74.87,58.2006,383524
2017-03-03,74.86,75.035,74.72,75.03,58.325,125407
2017-03-06,74.68,74.68,74.23,74.52,57.9285,72510
2017-03-07,74.31,74.44,74.01,74.08,57.5865,160908
2017-03-08,74.21,74.42,73.87,73.96,57.4932,262613
2017-03-09,73.9,74.07,73.435,73.79,57.361,228189
2017-03-10,74.16,74.2,73.7,74.06,57.5709,141334
2017-03-13,74.04,74.12,73.8499,73.94,57.4776,93472
2017-03-14,73.75,73.75,73.32,73.64,57.2444,1490536
2017-03-15,73.71,74.38,73.66,74.24,57.7108,482187
2017-03-16,74.3,74.33,73.96,74.11,57.6098,117357
2017-03-17,74.23,74.23,73.78,73.78,57.3533,67083
2017-03-20,73.75,73.81,73.465,73.5784,57.1965,90901
2017-03-21,73.77,73.77,72.24,72.3,56.2028,270934
2017-03-22,72.17,72.68,72.09,72.56,56.4049,81142
2017-03-23,72.49,72.93,72.335,72.5,56.3582,251493
2017-03-24,72.33,72.515,71.75,72.08,56.3317,87772
2017-03-27,71.45,72.09,71.21,72.04,56.3004,266202
2017-03-28,71.93,72.96,71.91,72.78,56.8787,79603
2017-03-29,72.72,73.095,72.68,72.97,57.0272,168497
2017-03-30,72.91,73.38,72.87,73.31,57.2929,125039
2017-03-31,73.18,73.4,73.12,73.12,57.1445,247436
2017-04-03,73.19,73.22,72.32,72.83,56.9178,156170
2017-04-04,72.62,72.88,72.56,72.88,56.9569,119846
2017-04-05,73.14,73.43,72.38,72.46,56.6287,112513
2017-04-06,72.49,72.97,72.34,72.76,56.8631,64458
2017-04-07,72.64,72.95,72.5344,72.7,56.8162,84768
2017-04-10,72.74,73.08,72.56,72.78,56.8787,479686
2017-04-11,72.64,72.67,72.0,72.67,56.7928,397872
2017-04-12,72.67,72.67,72.13,72.26,56.4723,540787
2017-04-13,72.18,72.4,71.71,71.73,56.0581,155801
2017-04-17,71.88,72.29,71.75,72.26,56.4723,78770
2017-04-18,72.05,72.2,71.64,71.97,56.2457,103741
2017-04-19,72.21,72.38,71.81,71.92,56.2066,65625
2017-04-20,72.17,72.82,72.15,72.66,56.785,80218
2017-04-21,72.58,72.76,72.16,72.34,56.5349,51981
2017-04-24,73.09,73.33,72.96,73.21,57.2148,237523
2017-04-25,73.52,73.67,73.43,73.56,57.4883,113268
2017-04-26,73.51,73.99,73.51,73.62,57.5352,102731
2017-04-27,73.65,73.68,73.29,73.65,57.5587,41868
2017-04-28,73.7,73.7,73.219,73.28,57.2695,65222
2017-05-01,73.41,73.61,73.285,73.33,57.3086,75786
2017-05-02,73.43,73.46,73.12,73.36,57.332,47173
2017-05-03,73.02,73.31,72.95,73.24,57.2382,109223
2017-05-04,73.32,73.42,72.84,73.16,57.1757,68097
2017-05-05,73.32,73.61,73.16,73.61,57.5274,52178
2017-05-08,73.59,73.75,73.44,73.69,57.5899,53767
2017-05-09,73.84,73.96,73.61,73.74,57.629,56640
2017-05-10,73.66,73.86,73.55,73.85,57.715,692127
2017-05-11,73.65,73.78,73.24,73.63,57.543,413908
2017-05-12,73.55,73.56,73.19,73.31,57.2929,32142
2017-05-15,73.51,73.8599,73.45,73.71,57.6055,573528
2017-05-16,73.81,73.81,73.31,73.51,57.4492,75698
2017-05-17,72.85,73.03,71.78,71.84,56.1441,73732
2017-05-18,71.61,72.21,71.535,71.92,56.2066,225602
2017-05-19,72.18,72.7,72.18,72.46,56.6287,59363
2017-05-22,72.69,72.84,72.515,72.75,56.8553,36313
2017-05-23,72.91,73.09,72.7,73.06,57.0976,272821
2017-05-24,73.12,73.12,72.93,73.1,57.1288,54174
2017-05-25,73.36,73.54,73.235,73.35,57.3242,128919
2017-05-26,73.24,73.4,73.09,73.38,57.3476,103118
2017-05-30,73.22,73.52,73.1835,73.33,57.3086,89167
2017-05-31,73.41,73.58,72.86,73.19,57.1992,140424
2017-06-01,73.28,73.91,73.2,73.91,57.7619,616951
2017-06-02,73.94,74.07,73.73,73.97,57.8087,292527
2017-06-05,73.96,73.96,73.6901,73.78,57.6603,184678
2017-06-06,73.56,73.6447,73.3768,73.46,57.4102,63454
2017-06-07,73.52,73.76,73.43,73.68,57.5821,350864
2017-06-08,73.66,74.11,73.66,73.89,57.7462,39540
2017-06-09,74.07,74.4097,73.7,74.05,57.8713,230192
2017-06-12,73.94,74.19,73.79,74.13,57.9338,1274871
2017-06-13,74.41,74.41,74.17,74.39,58.137,200610
2017-06-14,74.41,74.55,73.76,74.11,57.9182,697235
2017-06-15,73.54,73.73,73.4,73.73,57.6212,76405
2017-06-16,73.62,73.62,73.1,73.42,57.3789,99272
2017-06-19,73.7,74.17,73.65,74.13,57.9338,820299
2017-06-20,74.06,74.06,73.5082,73.56,57.4883,78918
2017-06-21,73.64,73.68,73.33,73.48,57.4258,60978
2017-06-22,73.46,73.81,73.4501,73.62,57.5352,87647
2017-06-23,73.69,73.78,73.5,73.68,57.5821,308911
2017-06-26,73.92,74.2897,73.83,74.02,57.8478,835168
2017-06-27,73.46,73.8,73.14,73.14,57.5379,93119
2017-06-28,73.43,74.0,73.43,73.9,58.1357,70800
2017-06-29,74.06,74.1345,73.02,73.49,57.8132,61055
2017-06-30,73.8,73.845,73.45,73.57,57.8761,56163
2017-07-03,73.87,74.365,73.87,74.13,58.3167,64105
2017-07-05,74.26,74.28,73.7783,74.15,58.3324,104089
2017-07-06,73.88,73.95,73.36,73.4,57.7424,37611
2017-07-07,73.51,73.865,73.47,73.8,58.0571,25721
2017-07-10,73.63,73.83,73.59,73.67,57.9548,177943
2017-07-11,73.6,73.69,73.24,73.6,57.8997,219147
2017-07-12,73.9,74.13,73.9,74.03,58.238,34675
2017-07-13,74.09,74.43,74.06,74.39,58.5212,213986
2017-07-14,74.41,74.86,74.4,74.75,58.8044,2245844
2017-07-17,74.75,75.0,74.68,74.89,58.9146,245678
2017-07-18,74.73,74.73,74.41,74.68,58.7494,73678
2017-07-19,74.76,75.02,74.75,75.02,59.0168,75236
2017-07-20,75.09,75.1299,74.8,74.94,58.9539,111833
2017-07-21,74.75,74.85,74.53,74.85,58.8831,117316
2017-07-24,74.84,74.88,74.73,74.85,58.8831,152729
2017-07-25,75.19,75.56,75.19,75.28,59.2214,55888
2017-07-26,75.39,75.41,75.02,75.1,59.0798,39820
2017-07-27,75.14,75.28,74.54,75.01,59.009,208054
2017-07-28,74.82,75.05,74.77,75.01,59.009,1268033
2017-07-31,75.17,75.26,74.9735,75.03,59.0247,81876
2017-08-01,75.21,75.29,74.85,75.21,59.1663,73149
2017-08-02,75.55,75.63,75.11,75.39,59.3079,202146
2017-08-03,75.42,75.43,75.09,75.14,59.1112,147002
2017-08-04,75.36,75.41,75.19,75.29,59.2292,43926
2017-08-07,75.48,75.61,75.36,75.53,59.418,545456
2017-08-08,75.51,76.13,75.371,75.5,59.3944,53078
2017-08-09,75.23,75.41,75.1,75.4,59.3158,54625
2017-08-10,75.13,75.13,74.13,74.15,58.3324,670445
2017-08-11,74.04,74.43,74.04,74.19,58.3639,126113
2017-08-14,74.75,75.06,74.75,74.92,58.9382,403390
2017-08-15,75.0,75.07,74.86,74.93,58.946,42739
2017-08-16,75.04,75.25,74.855,74.97,58.9775,215628
2017-08-17,74.73,74.77,73.63,73.67,57.9548,60113
2017-08-18,73.57,73.89,73.3,73.39,57.7345,138286
2017-08-21,73.45,73.47,73.08,73.37,57.7188,75709
2017-08-22,73.67,74.18,73.65,74.18,58.356,53579
2017-08-23,73.77,74.22,73.77,74.04,58.2459,40287
2017-08-24,74.16,74.31,73.83,73.87,58.1121,73943
2017-08-25,74.13,74.43,74.12,74.2,58.3717,60232
2017-08-28,74.29,74.44,74.13,74.3,58.4504,106755
2017-08-29,73.7,74.38,73.7,74.31,58.4583,47174
2017-08-30,74.35,74.79,74.23,74.71,58.773,82059
2017-08-31,75.01,75.31,75.01,75.19,59.1506,61811
2017-09-01,75.48,75.8,75.475,75.72,59.5675,188953
2017-09-05,75.5,75.51,74.62,74.98,58.9854,1314220
2017-09-06,75.2,75.491,75.14,75.41,59.3236,235858
2017-09-07,75.52,75.53,75.11,75.23,59.182,82166
2017-09-08,75.12,75.24,74.98,75.05,59.0404,295231
2017-09-11,75.5,75.99,75.5,75.96,59.7563,66382
2017-09-12,76.19,76.68,76.19,76.52,60.1968,601019
2017-09-13,76.44,76.66,76.36,76.66,60.307,225152
2017-09-14,76.46,76.68,76.46,76.55,60.2204,153933
2017-09-15,76.52,76.83,76.43,76.83,60.4407,617260
2017-09-18,76.95,77.16,76.82,76.91,60.5037,362723
2017-09-19,77.09,77.09,76.77,76.89,60.4879,65277
2017-09-20,76.96,76.96,76.56,76.865,60.4683,66620
2017-09-21,76.76,76.87,76.59,76.73,60.3621,89185
2017-09-22,76.66,76.92,76.6,76.87,60.4722,41254
2017-09-25,76.8,77.22,76.78,77.02,60.5902,54908
2017-09-26,76.73,76.89,76.64,76.76,60.7636,352633
2017-09-27,77.13,77.32,76.76,77.24,61.1435,166118
2017-09-28,76.96,77.18,76.95,77.16,61.0802,93291
2017-09-29,77.12,77.363,77.03,77.32,61.2068,164990
2017-10-02,77.47,78.02,77.4,78.02,61.761,824385
2017-10-03,78.18,78.44,78.06,78.44,62.0934,529128
2017-10-04,78.45,78.58,78.338,78.39,62.0539,200182
2017-10-05,78.44,78.87,78.44,78.79,62.3705,58762
2017-10-06,78.57,78.78,78.5,78.6,62.2201,59061
2017-10-09,78.68,78.78,78.34,78.47,62.1172,32300
2017-10-10,78.68,78.95,78.575,78.83,62.4022,104437
2017-10-11,78.71,78.9,78.71,78.88,62.4418,248766
2017-10-12,78.77,78.77,78.44,78.51,62.1489,81471
2017-10-13,78.54,78.91,78.43,78.77,62.3547,52918
2017-10-16,78.9,78.95,78.66,78.82,62.3943,58656
2017-10-17,78.88,78.88,78.7,78.82,62.3943,243583
2017-10-18,78.99,79.05,78.83,78.96,62.5051,219807
2017-10-19,78.49,78.88,78.34,78.88,62.4418,47814
2017-10-20,79.31,79.45,79.2,79.41,62.8613,32129
2017-10-23,79.59,79.7,79.3158,79.36,62.8217,144498
2017-10-24,79.58,79.869,79.53,79.7,63.0909,150773
2017-10-25,79.635,79.66,78.651,79.16,62.6634,44189
2017-10-26,79.45,79.6,79.18,79.3,62.7742,138364
2017-10-27,79.3,79.4879,78.89,79.48,62.9167,2610611
2017-10-30,79.12,79.47,79.04,79.21,62.703,142471
2017-10-31,79.33,79.44,79.1801,79.34,62.8059,65231
2017-11-01,79.67,79.93,79.45,79.57,62.988,101871
2017-11-02,79.72,79.74,79.17,79.71,63.0988,88253
2017-11-03,79.83,79.96,79.6874,79.89,63.2413,53428
2017-11-06,79.98,80.09,79.75,80.04,63.36,626243
2017-11-07,80.19,80.23,79.58,79.79,63.1621,513878
2017-11-08,79.81,79.98,79.58,79.98,63.3125,49489
2017-11-09,79.61,79.79,79.18,79.75,63.1304,52392
2017-11-10,79.79,79.88,79.57,79.85,63.2096,149812
2017-11-13,79.46,80.04,79.46,79.91,63.2571,164800
2017-11-14,79.71,79.72,79.38,79.56,62.98,60651
2017-11-15,79.23,79.46,78.7701,79.26,62.7426,210377
2017-11-16,79.84,80.57,79.83,80.41,63.6529,298735
2017-11-17,80.15,80.44,80.15,80.31,63.5737,68666
2017-11-20,80.49,80.64,80.295,80.59,63.7954,106052
2017-11-21,80.98,81.13,80.8865,81.04,64.1516,172276
2017-11-22,81.12,81.17,80.965,81.05,64.1595,255661
2017-11-24,81.29,81.3,81.03,81.06,64.1674,23107
2017-11-27,81.1,81.1,80.66,80.75,63.9221,82051
2017-11-28,80.88,81.75,80.82,81.72,64.6899,53437
2017-11-29,81.95,82.49,81.95,82.18,65.054,639893
2017-11-30,82.47,83.19,82.42,82.64,65.4182,154525
2017-12-01,82.64,82.69,81.11,82.43,65.2519,308471
2017-12-04,83.28,83.53,82.82,82.82,65.5607,113591
2017-12-05,82.97,82.97,82.29,82.33,65.1728,588777
2017-12-06,82.26,82.35,81.96,82.12,65.0065,1371185
2017-12-07,82.09,82.52,82.0,82.44,65.2599,256583
2017-12-08,82.84,83.06,82.65,83.06,65.7507,98978
2017-12-11,83.1,83.47,83.03,83.465,66.0713,64593
2017-12-12,83.87,83.87,83.34,83.48,66.0831,119197
2017-12-13,83.53,83.7523,83.4,83.4,66.0198,130871
2017-12-14,83.45,83.64,82.7855,82.83,65.5686,214399
2017-12-15,83.02,83.86,83.02,83.63,66.2019,221965
2017-12-18,84.25,84.7,84.09,84.64,67.0014,800656
2017-12-19,84.68,84.84,84.37,84.39,66.8035,362459
2017-12-20,84.89,84.89,84.43,84.64,67.0014,857744
2017-12-21,84.47,84.57,84.23,84.34,67.1136,169199
2017-12-22,84.44,84.44,84.08,84.27,67.0579,80107
2017-12-26,84.09,84.2,83.83,84.07,66.8987,210497
2017-12-27,84.18,84.18,83.82,83.95,66.8033,676338
2017-12-28,84.2,84.2,83.92,84.13,66.9465,66949
2017-12-29,84.26,84.47,83.62,83.62,66.5407,128724
2018-01-02,83.87,84.73,83.86,84.73,67.4239,198870
2018-01-03,84.82,84.87,84.63,84.83,67.5035,572708
2018-01-04,85.03,85.3399,84.84,85.3,67.8775,434679
2018-01-05,85.61,85.7,85.36,85.69,68.1879,180072
2018-01-08,85.75,85.86,85.4012,85.86,68.3231,348384
2018-01-09,85.83,86.12,85.76,85.85,68.3152,503462
2018-01-10,85.67,86.09,85.46,85.86,68.3231,339946
2018-01-11,86.15,86.92,86.12,86.92,69.1666,740931
2018-01-12,87.18,87.63,87.18,87.58,69.6918,108332
2018-01-16,88.13,88.28,86.97,87.25,69.4292,439247
2018-01-17,87.38,88.23,87.19,88.09,70.0977,158789
2018-01-18,88.16,88.2,87.82,87.99,70.0181,278063
2018-01-19,88.32,88.32,87.78,88.19,70.1772,240227
2018-01-22,88.23,88.83,88.08,88.83,70.6865,120190
2018-01-23,88.81,88.97,88.53,88.85,70.7024,176269
2018-01-24,89.0,89.1,88.09,88.59,70.4955,282203
2018-01-25,88.97,88.97,87.88,88.15,70.1454,175862
2018-01-26,88.48,89.39,88.48,89.39,71.1321,506114
2018-01-29,89.21,89.4,88.87,88.93,70.7661,199701
2018-01-30,87.99,88.21,87.33,87.58,69.6918,294889
2018-01-31,87.85,88.1,86.89,87.27,69.4451,580691
2018-02-01,86.83,87.47,86.82,87.1,69.3099,289942
2018-02-02,86.65,86.65,84.79,84.83,67.5035,260011
2018-02-05,84.15,85.19,81.38,81.57,64.9094,632356
2018-02-06,80.02,83.68,80.02,83.49,66.4372,850855
2018-02-07,83.17,84.699,83.17,83.36,66.3338,635832
2018-02-08,83.39,83.6,80.26,80.26,63.8669,754628
2018-02-09,81.25,81.78,78.5,81.24,64.6468,717571
2018-02-12,81.92,82.98,81.42,82.46,65.6176,379264
2018-02-13,82.13,82.9,81.9,82.78,65.8722,371863
2018-02-14,82.17,84.12,82.17,84.03,66.8669,281148
2018-02-15,84.64,84.86,83.66,84.86,67.5274,272394
2018-02-16,84.69,85.62,84.67,84.84,67.5115,1266733
2018-02-20,84.4,84.85,83.86,84.16,66.9704,270163
2018-02-21,84.21,85.09,83.61,83.65,66.5645,242629
2018-02-22,84.11,84.61,83.56,83.76,66.6521,506099
2018-02-23,84.35,85.14,84.15,85.14,67.7502,132312
2018-02-26,85.6,86.3,85.31,86.24,68.6255,200183
2018-02-27,86.35,86.745,85.27,85.27,67.8536,458273
2018-02-28,85.77,85.81,84.38,84.39,67.1534,191748
2018-03-01,84.33,84.94,82.56,83.24,66.2383,1335020
2018-03-02,82.54,83.81,82.2,83.67,66.5804,489276
2018-03-05,83.12,84.761,83.12,84.54,67.2727,147871
2018-03-06,84.94,85.0,84.34,84.85,67.5194,131877
2018-03-07,84.14,84.73,83.83,84.62,67.3364,192868
2018-03-08,85.02,85.02,84.29,84.8,67.4796,299810
2018-03-09,85.22,86.21,85.17,86.21,68.6016,277565
2018-03-12,86.41,86.5,86.01,86.22,68.6096,820851
2018-03-13,86.72,87.05,85.75,85.98,68.4186,153367
2018-03-14,86.27,86.49,85.2,85.38,67.9412,143225
2018-03-15,85.49,85.71,84.98,85.16,67.7661,80078
2018-03-16,85.22,85.899,85.22,85.55,68.0765,250124
2018-03-19,85.28,85.39,83.85,84.46,67.2091,147843
2018-03-20,84.77,84.89,84.43,84.59,67.3125,106490
2018-03-21,84.6,85.27,84.44,84.44,67.1932,184148
2018-03-22,83.32,83.57,81.95,82.0,65.6121,306492
2018-03-23,82.24,82.27,79.93,79.98,63.9958,637863
2018-03-26,81.35,82.4,80.52,82.34,65.8841,735145
2018-03-27,82.73,82.83,80.47,80.99,64.8039,463250
2018-03-28,81.09,81.73,80.58,80.87,64.7079,613582
2018-03-29,81.39,82.48,81.21,82.02,65.6281,243663
2018-04-02,81.65,81.93,79.17,80.17,64.1478,696231
2018-04-03,80.49,81.48,80.12,81.36,65.1,897737
2018-04-04,80.12,82.5,80.11,82.33,65.8761,328673
2018-04-05,82.86,83.1,82.485,82.81,66.2602,177377
2018-04-06,82.15,82.66,80.46,81.07,64.8679,1164330
2018-04-09,81.67,82.61,81.26,81.33,65.076,350700
2018-04-10,82.39,83.08,82.09,82.8,66.2522,553126
2018-04-11,82.27,82.93,82.27,82.38,65.9161,783348
2018-04-12,82.77,83.55,82.77,83.26,66.6203,524635
2018-04-13,83.84,83.84,82.6,82.94,66.3642,254580
2018-04-16,83.59,84.07,83.23,83.73,66.9963,172484
2018-04-17,84.4,84.52,84.11,84.34,67.4844,197669
2018-04-18,84.6,84.89,84.39,84.52,67.6284,639372
2018-04-19,84.26,84.26,83.37,83.69,66.9643,241087
2018-04-20,83.56,83.57,82.55,82.85,66.2922,176886
2018-04-23,82.96,83.282,82.57,82.94,66.3642,212087
2018-04-24,83.4,83.66,81.78,82.29,65.8441,379835
2018-04-25,82.41,82.9,81.73,82.75,66.2122,1061584
2018-04-26,82.95,83.3,82.58,83.1,66.4922,222475
2018-04-27,83.16,83.34,82.82,83.08,66.4762,190716
2018-04-30,83.23,83.65,82.34,82.34,65.8841,137363
2018-05-01,82.23,82.38,81.52,82.38,65.9161,418250
2018-05-02,82.4,82.65,81.79,81.92,65.5481,265105
2018-05-03,81.67,81.67,80.41,81.44,65.164,548288
2018-05-04,81.23,82.72,80.96,82.49,66.0041,165532
2018-05-07,82.77,82.87,82.34,82.52,66.0282,279834
2018-05-08,82.54,82.7934,82.09,82.61,66.1002,254384
2018-05-09,82.76,83.37,82.58,83.28,66.6363,120660
2018-05-10,83.46,84.26,83.46,84.1,67.2924,501567
2018-05-11,84.15,84.49,83.9378,84.35,67.4924,116760
2018-05-14,84.69,84.91,84.47,84.58,67.6765,163402
2018-05-15,84.25,84.42,84.02,84.33,67.4764,273867
2018-05-16,84.46,85.2,84.46,85.05,68.0525,178992
2018-05-17,84.85,85.44,84.78,85.05,68.0525,625638
2018-05-18,84.96,84.96,84.4764,84.49,67.6044,127933
2018-05-21,85.13,85.43,84.93,85.17,68.1485,239263
2018-05-22,85.5,85.62,84.97,85.06,68.0605,207005
2018-05-23,84.69,84.98,84.26,84.98,67.9965,124490
2018-05-24,84.87,84.99,84.14,84.9,67.9325,269904
2018-05-25,84.61,84.82,84.3701,84.59,67.6845,271646
2018-05-29,84.07,84.3,83.19,83.58,66.8763,301732
2018-05-30,83.98,84.66,83.96,84.5,67.6124,184085
2018-05-31,84.56,84.59,83.7,83.97,67.1884,296418
2018-06-01,84.53,85.0122,84.5,84.94,67.9645,442808
2018-06-04,85.19,85.56,85.19,85.35,68.2926,113681
2018-06-05,85.37,85.5949,85.21,85.52,68.4286,139716
2018-06-06,85.69,86.24,85.4,86.24,69.0047,535618
2018-06-07,86.48,86.66,86.06,86.42,69.1487,355225
2018-06-08,86.27,86.57,86.05,86.55,69.2527,184194
2018-06-11,86.6,86.98,86.57,86.75,69.4128,192083
2018-06-12,86.98,86.98,86.45,86.69,69.3648,764851
2018-06-13,86.86,86.86,86.32,86.35,69.0927,210149
2018-06-14,86.7,86.7,86.21,86.32,69.0687,262715
2018-06-15,85.95,86.28,85.45,86.19,68.9647,259636
2018-06-18,85.72,85.99,85.42,85.92,68.7487,149965
2018-06-19,85.08,85.49,84.68,85.44,68.3646,655632
2018-06-20,85.75,85.79,85.32,85.58,68.4766,207020
2018-06-21,85.59,85.59,84.8,84.97,67.9885,148100
2018-06-22,85.49,85.54,84.93,84.95,67.9725,105169
2018-06-25,84.47,84.53,83.17,83.74,67.0043,371150
2018-06-26,83.49,83.65,83.07,83.39,67.1001,424870
2018-06-27,83.58,84.11,82.72,82.74,66.5771,323332
2018-06-28,82.47,83.03,82.01,82.82,66.6414,296339
2018-06-29,83.18,83.53,82.56,82.61,66.4725,188859
2018-07-02,82.17,82.79,81.97,82.79,66.6173,547220
2018-07-03,83.13,83.1302,82.2799,82.34,66.2552,79515
2018-07-05,82.96,83.0702,82.43,83.07,66.8426,166210
2018-07-06,83.06,83.79,82.85,83.67,67.3254,184167
2018-07-09,83.99,84.79,83.99,84.79,68.2266,175138
2018-07-10,85.06,85.07,84.73,84.99,68.3875,483476
2018-07-11,84.44,84.44,83.77,83.85,67.4702,216555
2018-07-12,84.31,84.63,84.0235,84.51,68.0013,520325
2018-07-13,84.5,84.719,84.35,84.49,67.9852,188970
2018-07-16,84.46,84.57,84.21,84.42,67.9289,114264
2018-07-17,84.27,84.76,84.2577,84.64,68.1059,162266
2018-07-18,84.695,85.0,84.64,84.9,68.3151,95516
2018-07-19,84.77,84.9,84.39,84.71,68.1622,164986
2018-07-20,84.5,84.69,84.3,84.39,67.9047,100639
2018-07-23,84.33,84.69,84.11,84.6,68.0737,102274
2018-07-24,84.92,85.19,84.5299,84.7,68.1542,149900
2018-07-25,84.45,85.13,84.088,85.08,68.46,244650
2018-07-26,85.09,85.67,85.07,85.37,68.6933,165474
2018-07-27,85.14,85.46,84.6702,84.91,68.3232,221202
2018-07-30,84.95,85.28,84.95,85.09,68.468,225933
2018-07-31,85.4,85.7247,85.29,85.43,68.7416,550103
2018-08-01,85.62,85.879,85.1698,85.34,68.6692,343759
2018-08-02,85.03,85.94,84.88,85.88,69.1037,152813
2018-08-03,85.99,86.55,85.97,86.53,69.6267,121333
2018-08-06,86.4,86.83,86.34,86.74,69.7957,136903
2018-08-07,86.8,87.16,86.8,86.97,69.9807,558900
2018-08-08,86.97,87.13,86.76,87.0,70.0049,152034
2018-08-09,87.06,87.1802,86.77,86.83,69.8681,281865
2018-08-10,86.33,86.4,85.86,86.12,69.2968,422517
2018-08-13,86.11,86.31,85.62,85.69,68.9508,454929
2018-08-14,86.03,86.43,85.9911,86.31,69.4497,254978
2018-08-15,85.9,85.9,85.02,85.59,68.8703,216142
2018-08-16,86.28,86.9,86.28,86.65,69.7233,112854
2018-08-17,86.57,87.42,86.56,87.23,70.19,172333
2018-08-20,87.43,87.7129,87.4292,87.63,70.5118,129447
2018-08-21,87.86,88.2833,87.78,88.0,70.8095,180628
2018-08-22,87.9,88.0299,87.67,87.71,70.5762,191041
2018-08-23,87.67,87.7316,87.29,87.41,70.3348,145073
2018-08-24,87.65,87.83,87.515,87.75,70.6084,226200
2018-08-27,88.04,88.668,88.04,88.55,71.2521,191676
2018-08-28,88.86,88.86,88.56,88.72,71.3889,407889
2018-08-29,88.91,89.1,88.49,88.94,71.5659,134961
2018-08-30,88.75,88.97,88.3834,88.58,71.2762,351517
2018-08-31,88.55,88.65,88.22,88.51,71.2199,148462
2018-09-04,88.38,88.47,88.0,88.34,71.0831,335144
2018-09-05,88.31,88.47,87.82,88.34,71.0831,165886
2018-09-06,88.45,88.45,87.4289,87.64,70.5199,1747587
2018-09-07,87.41,87.7425,87.14,87.31,70.2543,241594
2018-09-10,87.54,87.68,87.25,87.29,70.2382,141241
2018-09-11,87.18,87.57,86.77,87.43,70.3509,171757
2018-09-12,87.42,87.7031,87.28,87.47,70.3831,212531
2018-09-13,87.88,88.15,87.88,88.04,70.8417,250909
2018-09-14,88.01,88.32,87.9099,88.2,70.9705,333865
2018-09-17,88.22,88.2648,87.75,87.83,70.6728,96959
2018-09-18,88.02,88.5377,87.87,88.3,71.0509,872839
2018-09-19,88.37,88.815,88.32,88.55,71.2521,356772
2018-09-20,88.98,89.5,88.98,89.31,71.8636,608425
2018-09-21,89.52,89.71,89.2,89.23,71.7993,1322292
2018-09-24,89.04,89.2064,88.66,88.79,71.4452,409289
2018-09-25,89.03,89.03,88.35,88.38,71.1153,189471
2018-09-26,88.13,88.34,87.47,87.57,70.854,200209
2018-09-27,87.75,88.23,87.6513,87.77,71.0158,155096
2018-09-28,87.68,87.99,87.51,87.85,71.0805,195395
2018-10-01,88.4,88.66,87.94,88.14,71.3152,509284
2018-10-02,88.02,88.56,88.02,88.24,71.3961,190640
2018-10-03,88.67,89.18,88.64,88.78,71.833,190213
2018-10-04,88.71,88.73,87.72,88.21,71.3718,267915
2018-10-05,88.31,88.39,87.05,87.55,70.8378,205508
2018-10-08,87.35,87.86,87.0,87.71,70.9672,196572
2018-10-09,87.61,87.6815,87.01,87.25,70.5951,231480
2018-10-10,87.17,87.17,84.81,84.95,68.7341,1628328
2018-10-11,84.49,85.15,82.55,82.98,67.1401,1721621
2018-10-12,84.37,84.37,82.86,83.89,67.8764,562973
2018-10-15,83.84,84.1648,83.44,83.44,67.5123,336409
2018-10-16,84.03,85.15,83.74,85.025,68.7948,722055
2018-10-17,84.91,85.35,84.1408,84.9,68.6936,362925
2018-10-18,84.57,84.83,83.2962,83.64,67.6742,296282
2018-10-19,83.82,84.35,83.36,83.57,67.6175,286577
2018-10-22,83.8,83.9752,83.1065,83.24,67.3505,315611
2018-10-23,81.95,83.2486,81.14,82.88,67.0592,614514
2018-10-24,82.82,82.85,79.89,79.96,64.6966,557140
2018-10-25,80.6,82.16,80.42,81.62,66.0397,717954
2018-10-26,80.53,81.505,79.57,80.56,65.1821,701253
2018-10-29,81.55,82.26,79.43,80.61,65.2225,721953
2018-10-30,80.45,81.97,80.45,81.89,66.2582,626679
2018-10-31,82.85,83.44,82.55,82.66,66.8812,410104
2018-11-01,82.95,83.92,82.72,83.86,67.8522,809056
2018-11-02,83.92,84.1,82.3,82.9,67.0754,580538
2018-11-05,82.97,83.69,82.73,83.5,67.5609,513050
2018-11-06,83.55,84.0,83.4663,83.97,67.9412,288224
2018-11-07,84.69,85.5,84.2661,85.45,69.1386,465759
2018-11-08,85.09,85.51,84.87,85.2,68.9364,470901
2018-11-09,84.6,84.7,83.68,84.11,68.0544,299539
2018-11-12,83.77,83.77,82.32,82.47,66.7275,1375369
2018-11-13,82.6,83.32,82.045,82.25,66.5495,421604
2018-11-14,82.94,83.0367,80.77,81.28,65.7647,842083
2018-11-15,80.93,82.13,80.24,81.93,66.2906,585468
2018-11-16,81.61,82.43,81.54,82.09,66.42,291926
2018-11-19,81.83,81.95,80.8,81.1,65.619,547363
2018-11-20,79.82,80.1,78.81,79.14,64.0331,518126
2018-11-21,79.61,80.16,79.5,79.55,64.3649,345558
2018-11-23,79.0,79.455,78.89,79.0,63.9199,172351
2018-11-26,79.63,80.31,79.62,80.26,64.9394,421076
2018-11-27,79.91,80.42,79.75,80.42,65.0688,451813
2018-11-28,80.7,82.11,80.1601,82.11,66.4362,474812
2018-11-29,81.93,82.1699,81.3601,81.68,66.0883,351186
2018-11-30,81.65,82.32,81.53,82.17,66.4848,511315
2018-12-03,83.58,83.5998,82.6,83.17,67.2939,354527
2018-12-04,82.83,83.01,80.04,80.15,64.8504,424973
2018-12-06,78.75,79.795,77.73,79.78,64.551,2001924
2018-12-07,79.74,79.8887,77.41,77.7,62.868,650239
2018-12-10,77.56,77.78,75.71,77.24,62.4958,1278927
2018-12-11,78.24,78.58,76.62,77.06,62.3502,865344
2018-12-12,77.97,78.68,77.57,77.65,62.8276,1509320
2018-12-13,77.96,78.09,76.89,77.29,62.5363,1613108
2018-12-14,76.55,77.44,76.2,76.43,61.8405,507654
2018-12-17,75.54,76.19,74.05,74.49,60.7012,2097004
2018-12-18,75.08,75.6732,74.04,74.42,60.6442,1090215
2018-12-19,74.37,75.6,72.7,73.09,59.5604,1995267
2018-12-20,72.77,73.33,71.06,71.54,58.2973,2946799
2018-12-21,71.94,72.97,70.19,70.42,57.3846,1391632
2018-12-24,69.9,70.1,68.6,68.64,55.9341,1500395
2018-12-26,69.04,71.65,67.97,71.63,58.3706,1700180
2018-12-27,70.63,72.2,69.59,72.2,58.8351,1028325
2018-12-28,72.49,73.04,71.79,72.08,58.7374,1329520
2018-12-31,72.49,72.61,71.64,72.57,59.1366,1217375
2019-01-02,71.34,73.58,71.34,73.32,59.7478,558290
2019-01-03,72.87,73.03,71.7133,71.93,58.6151,451742
2019-01-04,73.0,74.6399,73.0,74.45,60.6686,484963
2019-01-07,74.5,75.92,74.28,75.31,61.3694,445596
2019-01-08,76.0,76.17,75.14,75.82,61.785,1685996
2019-01-09,76.22,76.66,75.77,76.32,62.1925,448369
2019-01-10,75.7,76.58,75.56,76.56,62.3881,489209
2019-01-11,76.3,77.32,76.2842,77.06,62.7955,425963
2019-01-14,76.29,76.87,76.2126,76.6,62.4207,853812
2019-01-15,76.71,77.07,76.35,76.86,62.6325,2339303
2019-01-16,77.06,77.44,76.92,77.06,62.7955,278407
2019-01-17,76.68,77.92,76.68,77.66,63.2844,476479
2019-01-18,78.17,79.0,77.97,78.85,64.2542,571435
2019-01-22,78.25,78.27,77.19,77.61,63.2437,1331503
2019-01-23,77.88,78.18,76.825,77.54,63.1867,346273
2019-01-24,77.6,78.35,77.6,78.11,63.6511,304691
2019-01-25,78.55,79.07,78.46,78.89,64.2868,288248
2019-01-28,78.08,78.53,77.86,78.51,63.9771,603693
2019-01-29,78.59,78.72,78.266,78.52,63.9852,182056
2019-01-30,78.81,79.44,78.12,79.16,64.5068,760324
2019-01-31,79.0,79.77,78.84,79.71,64.955,4174050
2019-02-01,79.78,80.18,79.55,79.98,65.175,416375
2019-02-04,79.92,80.2,79.46,80.2,65.3543,297731
2019-02-05,80.2,80.49,79.92,80.28,65.4195,246295
2019-02-06,80.26,80.72,80.26,80.53,65.6232,338383
2019-02-07,80.01,80.01,78.73,79.4,64.7024,887491
2019-02-08,78.95,79.11,78.13,79.1,64.4579,517218
2019-02-11,79.3,79.32,78.98,79.22,64.5557,326783
2019-02-12,79.69,80.49,79.64,80.28,65.4195,922898
2019-02-13,80.52,81.0,80.48,80.77,65.8188,460047
2019-02-14,80.375,80.96,80.16,80.58,65.6639,407018
2019-02-15,81.0,81.63,81.0,81.58,66.4788,230066
2019-02-19,81.35,82.1,81.35,81.9,66.7396,195003
2019-02-20,81.79,82.34,81.76,82.08,66.8863,176927
2019-02-21,81.92,82.01,81.33,81.59,66.487,363011
2019-02-22,81.84,82.105,81.68,82.01,66.8292,210187
2019-02-25,82.605,82.81,82.2,82.24,67.0166,454672
2019-02-26,82.05,82.48,82.05,82.1,66.9026,250986
2019-02-27,81.94,82.05,81.47,81.72,66.5929,577438
2019-02-28,81.47,81.47,81.13,81.22,66.1855,399933
2019-03-01,81.74,82.09,81.17,81.5,66.4136,361161
2019-03-04,81.75,81.78,80.23,80.93,65.9491,398545
2019-03-05,80.9,80.9,80.3,80.57,65.6558,253005
2019-03-06,80.44,80.44,79.49,79.59,64.8572,382444
2019-03-07,79.35,79.35,78.58,78.9,64.2949,850741
2019-03-08,78.17,78.85,78.07,78.82,64.2297,309429
2019-03-11,79.01,80.02,79.01,79.95,65.1505,455737
2019-03-12,80.02,80.45,80.01,80.15,65.3135,1211453
2019-03-13,80.4,80.88,80.39,80.61,65.6884,338904
2019-03-14,80.63,80.74,80.28,80.38,65.5009,253092
2019-03-15,80.56,81.02,80.56,80.86,65.8921,1847624
2019-03-18,80.9,81.41,80.9,81.25,66.2099,561508
2019-03-19,81.63,81.98,81.05,81.31,66.2588,525328
2019-03-20,80.56,80.56,79.57,79.73,65.4486,552159
2019-03-21,79.56,81.1,79.48,80.88,66.3926,450619
2019-03-22,80.44,80.46,78.95,79.06,64.8986,722462
2019-03-25,78.93,79.259,78.32,78.7,64.6031,586218
2019-03-26,79.11,79.67,78.86,79.39,65.1695,293404
2019-03-27,79.35,79.61,78.63,78.99,64.8411,612786
2019-03-28,79.14,79.46,78.695,79.16,64.9807,348467
2019-03-29,79.735,79.95,79.5,79.86,65.5553,370058
2019-04-01,80.56,81.29,80.5335,81.23,66.6799,298690
2019-04-02,81.04,81.18,80.75,80.88,66.3926,245142
2019-04-03,81.4,81.72,81.115,81.39,66.8112,467645
2019-04-04,81.32,81.9,81.25,81.86,67.1971,780922
2019-04-05,82.0,82.3322,81.89,82.31,67.5665,534326
2019-04-08,82.13,82.37,81.99,82.37,67.6157,1638904
2019-04-09,82.08,82.08,81.3499,81.53,66.9262,446943
2019-04-10,81.65,82.08,81.51,82.03,67.3366,394321
2019-04-11,82.14,82.45,81.9,82.08,67.3777,434434
2019-04-12,82.52,82.76,82.07,82.38,67.6239,694328
2019-04-15,82.39,82.54,81.93,82.17,67.4515,449707
2019-04-16,82.435,82.74,82.24,82.74,67.9194,508841
2019-04-17,83.27,83.34,82.63,82.78,67.9523,1231091
2019-04-18,82.9,83.01,82.54,82.93,68.0754,1813469
2019-04-22,82.735,82.85,82.57,82.67,67.862,589676
2019-04-23,82.8,83.35,82.68,83.24,68.3299,272989
2019-04-24,83.06,83.12,82.64,82.81,67.9769,426606
2019-04-25,82.61,82.61,81.82,82.07,67.3694,861982
2019-04-26,81.7,82.17,81.48,82.13,67.4187,1736960
2019-04-29,82.21,82.7,82.21,82.39,67.6321,1774622
2019-04-30,82.47,82.72,81.9599,82.59,67.7963,1358761
2019-05-01,82.82,83.0,82.12,82.14,67.4269,534042
2019-05-02,82.03,82.56,81.53,81.99,67.3038,1285862
2019-05-03,82.44,82.9,82.32,82.83,67.9933,309489
2019-05-06,81.34,82.6,81.33,82.46,67.6896,607680
2019-05-07,81.9,81.9013,80.6,81.15,66.6142,809687
2019-05-08,81.0,81.4792,80.7,80.73,66.2695,593402
2019-05-09,80.01,80.51,79.32,80.29,65.9083,321559
2019-05-10,80.04,80.7798,78.96,80.52,66.0971,558951
2019-05-13,78.97,79.11,77.96,78.28,64.2583,722532
2019-05-14,78.63,79.7,78.63,79.23,65.0381,1126235
2019-05-15,78.7,79.71,78.56,79.52,65.2762,1523390
2019-05-16,79.54,80.33,79.54,79.79,65.4978,620916
2019-05-17,79.13,80.1,79.06,79.18,64.9971,370608
2019-05-20,78.63,79.22,78.44,78.66,64.5702,642379
2019-05-21,79.14,79.66,79.09,79.54,65.2926,749571
2019-05-22,79.05,79.18,78.51,78.64,64.5538,176581
2019-05-23,77.97,77.97,77.15,77.67,63.7576,687858
2019-05-24,78.02,78.24,77.63,77.85,63.9053,325207
2019-05-28,77.94,77.99,76.8,76.8,63.0434,610700
2019-05-29,76.29,76.66,75.83,76.37,62.6904,572904
2019-05-30,76.52,76.88,75.89,76.2,62.5509,376639
2019-05-31,75.3,75.3,74.62,74.66,61.2867,298225
2019-06-03,74.76,75.76,74.76,75.34,61.8449,1004580
2019-06-04,76.08,77.59,76.08,77.54,63.6509,361717
2019-06-05,77.93,78.0,76.84,77.46,63.5852,1602002
2019-06-06,77.51,78.08,77.27,77.83,63.8889,639500
2019-06-07,78.07,78.6,77.99,78.31,64.2829,501095
2019-06-10,78.76,79.44,78.76,78.89,64.7591,316968
2019-06-11,79.56,79.62,78.94,79.02,64.8658,130912
2019-06-12,78.87,78.99,78.48,78.52,64.4553,171179
2019-06-13,78.82,79.28,78.74,79.2,65.0135,211381
2019-06-14,78.96,78.96,78.52,78.77,64.6605,105723
2019-06-17,78.26,78.382,77.87,78.06,64.5629,174497
2019-06-18,78.48,79.64,78.43,79.19,65.4976,201905
2019-06-19,79.26,79.55,79.15,79.33,65.6134,190764
2019-06-20,80.02,80.12,79.2,79.79,65.9938,145819
2019-06-21,79.63,80.03,79.5,79.66,65.8863,728488
2019-06-24,79.66,79.81,79.3,79.33,65.6134,198928
2019-06-25,79.65,79.65,79.1,79.14,65.4562,445847
2019-06-26,79.64,79.9499,79.64,79.67,65.8946,176376
2019-06-27,79.85,80.39,79.85,80.31,66.4239,136572
2019-06-28,80.725,81.24,80.62,81.19,67.1518,1285655
2019-07-01,82.29,82.56,81.28,81.67,67.5488,3217474
2019-07-02,81.53,81.62,81.08,81.49,67.3999,379521
2019-07-03,81.63,81.99,81.63,81.97,67.7969,139875
2019-07-05,81.64,82.07,81.42,82.01,67.83,155886
2019-07-08,81.58,81.88,81.39,81.59,67.4826,176455
2019-07-09,81.3,81.55,80.91,81.51,67.4164,392613
2019-07-10,81.86,82.26,81.6214,81.76,67.6232,154668
2019-07-11,82.2,82.35,81.68,82.04,67.8548,140025
2019-07-12,82.25,82.9873,82.25,82.92,68.5826,144419
2019-07-15,83.02,83.06,82.61,82.9,68.5661,219872
2019-07-16,82.82,82.96,82.56,82.7,68.4007,146785
2019-07-17,82.69,82.69,81.96,81.96,67.7886,133954
2019-07-18,81.85,82.61,81.73,82.44,68.1856,187284
2019-07-19,82.66,82.92,82.35,82.37,68.1277,285531
2019-07-22,82.51,82.75,82.2201,82.39,68.1443,186340
2019-07-23,82.74,83.21,82.5099,83.18,68.7977,255855
2019-07-24,83.06,84.23,83.06,84.19,69.633,204291
2019-07-25,84.01,84.04,83.42,83.62,69.1616,141575
2019-07-26,83.85,83.99,83.49,83.86,69.3601,173832
2019-07-29,83.75,83.94,83.54,83.78,69.2939,522855
2019-07-30,83.25,83.62,83.0,83.53,69.0872,487944
2019-07-31,83.37,83.47,81.86,82.49,68.227,237810
2019-08-01,82.63,83.4243,81.03,81.36,67.2924,573835
2019-08-02,81.01,81.01,80.21,80.57,66.639,1307780
2019-08-05,79.27,79.28,77.66,78.3,64.7615,594058
2019-08-06,78.91,79.08,77.97,79.05,65.3818,1254174
2019-08-07,78.16,79.14,77.51,78.95,65.2991,928011
2019-08-08,79.24,80.2,79.152,80.15,66.2916,656855
2019-08-09,79.76,79.76,78.65,79.05,65.3818,214320
2019-08-12,78.57,78.57,77.71,78.02,64.5299,159516
2019-08-13,77.86,79.89,77.73,79.11,65.4314,469308
2019-08-14,77.81,77.81,76.36,76.38,63.1734,363324
2019-08-15,76.7,76.7,75.62,76.17,62.9997,407786
2019-08-16,76.62,77.67,76.62,77.53,64.1246,303662
2019-08-19,78.62,78.82,78.4144,78.58,64.993,165141
2019-08-20,78.39,78.49,77.72,77.75,64.3065,300861
2019-08-21,78.51,78.69,78.41,78.54,64.96,151584
2019-08-22,78.76,79.06,78.2745,78.67,65.0675,160825
2019-08-23,78.13,78.58,76.13,76.44,63.2231,417400
2019-08-26,77.16,77.339,76.72,77.07,63.7441,283633
2019-08-27,77.4,77.44,76.19,76.26,63.0742,240373
2019-08-28,76.11,77.2,75.93,77.13,63.7938,381113
2019-08-29,77.85,78.565,77.85,78.34,64.7945,341427
2019-08-30,78.75,79.155,78.54,78.76,65.1419,226514
2019-09-03,78.32,78.42,77.6,78.35,64.8028,405679
2019-09-04,78.99,79.6,78.99,79.54,65.787,312173
2019-09-05,80.41,81.5397,80.41,81.11,67.0856,223182
2019-09-06,81.2,81.55,81.07,81.38,67.3089,127472
2019-09-09,81.99,82.94,81.99,82.83,68.5082,729662
2019-09-10,82.73,84.0,82.73,84.0,69.4759,1142912
2019-09-11,84.21,84.8625,83.56,84.82,70.1541,939212
2019-09-12,84.81,84.99,84.01,84.59,69.9639,912626
2019-09-13,84.73,85.215,84.61,84.65,70.0135,540127
2019-09-16,84.03,84.39,83.93,84.23,69.6661,397721
2019-09-17,83.98,84.01,83.45,84.0,69.4759,265190
2019-09-18,83.7,83.7,83.01,83.61,69.1533,309878
2019-09-19,83.94,84.02,83.39,83.48,69.0458,219554
2019-09-20,83.76,84.0386,83.2,83.29,68.8886,281741
2019-09-23,83.02,83.47,82.85,83.23,68.839,160303
2019-09-24,82.88,83.04,81.4706,81.73,68.0464,425541
2019-09-25,81.66,82.6,81.49,82.44,68.6375,348242
2019-09-26,82.47,82.61,81.63,82.03,68.2962,337838
2019-09-27,82.1,82.3,81.24,81.66,67.9881,706580
2019-09-30,81.84,82.2838,81.73,82.04,68.3045,200719
2019-10-01,82.34,82.59,80.5,80.65,67.1472,597074
2019-10-02,80.13,80.13,78.69,78.98,65.7568,343100
2019-10-03,78.86,79.41,77.83,79.41,66.1148,572876
2019-10-04,79.58,80.3,79.39,80.24,66.8059,1699815
2019-10-07,80.04,80.64,79.91,79.955,66.5686,230069
2019-10-08,79.35,79.3634,78.53,78.54,65.3905,471227
2019-10-09,79.11,79.57,79.0192,79.25,65.9816,150221
2019-10-10,79.265,80.43,79.18,80.06,66.656,349446
2019-10-11,80.98,82.06,80.98,81.39,67.7633,378508
2019-10-14,81.13,81.38,81.0,81.32,67.7051,330110
2019-10-15,81.44,82.75,81.39,82.44,68.6375,147096
2019-10-16,82.34,82.71,82.12,82.14,68.3878,109847
2019-10-17,82.39,82.5,81.86,82.19,68.4294,181738
2019-10-18,82.03,82.358,81.7462,82.14,68.3878,554977
2019-10-21,82.55,83.0,82.55,82.81,68.9456,171188
2019-10-22,82.97,83.69,82.73,83.31,69.3619,474519
2019-10-23,82.98,83.35,82.6819,83.35,69.3952,343785
2019-10-24,83.7,83.702,82.8,83.13,69.212,384704
2019-10-25,83.34,84.44,83.34,84.35,70.2278,214550
2019-10-28,84.98,85.37,84.98,85.18,70.9188,927545
2019-10-29,85.08,85.5,85.08,85.15,70.8938,1308932
2019-10-30,85.16,85.16,84.42,84.89,70.6774,526101
2019-10-31,84.66,84.66,83.6,84.37,70.2444,216941
2019-11-01,84.68,85.75,84.68,85.75,71.3934,365844
2019-11-04,86.45,86.93,86.33,86.9,72.3508,368460
2019-11-05,86.98,87.5572,86.98,87.17,72.5756,1285771
2019-11-06,87.3,87.3,86.71,87.06,72.484,1122328
2019-11-07,87.73,88.03,87.4,87.53,72.8754,341117
2019-11-08,87.39,87.78,86.895,87.78,73.0835,1242490
2019-11-11,87.51,87.65,87.23,87.58,72.917,261968
2019-11-12,87.77,88.15,87.41,87.63,72.9586,387793
2019-11-13,87.265,87.29,86.905,87.11,72.5257,327569
2019-11-14,86.97,87.27,86.8,87.12,72.534,361444
2019-11-15,87.69,87.99,87.54,87.98,73.25,344828
2019-11-18,87.83,87.98,87.51,87.96,73.2334,180848
2019-11-19,88.02,88.02,87.16,87.29,72.6755,325339
2019-11-20,86.91,86.99,86.02,86.64,72.1344,239606
2019-11-21,86.58,86.84,86.33,86.7,72.1843,379394
2019-11-22,87.04,87.32,86.83,87.12,72.534,185330
2019-11-25,87.49,88.01,87.37,87.98,73.25,351351
2019-11-26,87.99,87.99,87.39,87.65,72.9753,646263
2019-11-27,87.88,88.0,87.67,87.98,73.25,279335
2019-11-29,87.71,87.85,87.43,87.49,72.842,112306
2019-12-02,87.76,87.76,86.9,86.94,72.3841,519101
2019-12-03,86.0,86.0208,85.19,85.89,71.5099,557394
2019-12-04,86.39,86.86,86.24,86.51,72.0261,992182
2019-12-05,86.87,86.9,86.34,86.71,72.1926,409479
2019-12-06,87.35,87.78,87.35,87.57,72.9087,420256
2019-12-09,87.33,87.68,87.27,87.28,72.6672,210258
2019-12-10,87.25,87.49,86.95,87.2,72.6006,379201
2019-12-11,87.31,87.62,87.27,87.5,72.8504,464126
2019-12-12,87.57,88.98,87.46,88.84,73.966,616359
2019-12-13,88.79,89.36,88.22,88.34,73.5497,1079153
2019-12-16,88.52,89.0163,88.52,88.57,74.2489,925577
2019-12-17,88.65,88.75,88.54,88.59,74.2657,959937
2019-12-18,88.6,88.8517,88.525,88.74,74.3914,207538
2019-12-19,89.05,89.16,88.82,89.05,74.6513,258473
2019-12-20,89.5,89.88,89.43,89.8,75.28,265282
2019-12-23,90.0,90.03,89.84,89.88,75.3471,244588
2019-12-24,89.95,90.04,89.75,89.86,75.3303,63269
2019-12-26,89.99,90.16,89.91,90.105,75.5357,94874
2019-12-27,90.29,90.46,89.805,89.92,75.3806,289607
2019-12-30,89.9,89.985,89.3264,89.42,74.9614,225192
2019-12-31,89.2,89.82,89.14,89.73,75.2213,345252
2020-01-02,90.25,90.41,89.79,90.31,75.7075,742916
2020-01-03,89.38,89.65,89.21,89.34,74.8944,275989
2020-01-06,88.63,89.205,88.63,89.2,74.777,400326
2020-01-07,89.24,89.47,88.94,89.33,74.886,341826
2020-01-08,89.3,89.9,89.02,89.53,75.0537,319291
2020-01-09,89.87,89.87,89.34,89.69,75.1878,652355
2020-01-10,89.79,89.89,89.19,89.31,74.8692,179799
2020-01-13,89.5,89.6,89.15,89.59,75.104,292624
2020-01-14,89.68,90.26,89.6467,89.91,75.3722,398344
2020-01-15,89.63,90.04,89.32,89.56,75.0788,762669
2020-01-16,89.99,90.32,89.98,90.29,75.6908,447684
2020-01-17,90.58,90.58,90.18,90.37,75.7578,515378
2020-01-21,90.1,90.32,89.81,89.94,75.3974,604969
2020-01-22,90.33,90.72,90.27,90.42,75.7998,375873
2020-01-23,90.18,90.61,89.61,90.48,75.8501,332611
2020-01-24,90.98,90.98,89.3276,89.87,75.3387,284533
2020-01-27,88.18,88.48,87.87,88.01,73.7794,319220
2020-01-28,88.42,89.26,88.24,88.9,74.5255,243648
2020-01-29,89.14,89.17,87.95,87.95,73.7291,277803
2020-01-30,87.21,88.01,86.6837,88.0,73.7711,565142
2020-01-31,87.67,87.67,86.01,86.34,72.3795,972446
2020-02-03,86.79,87.61,86.7,86.74,72.7148,509653
2020-02-04,88.04,88.59,88.04,88.3,74.0225,353279
2020-02-05,89.07,90.31,89.07,90.19,75.6069,513716
2020-02-06,90.58,90.85,90.23,90.3,75.6992,672921
2020-02-07,90.05,90.05,89.51,89.58,75.0956,184412
2020-02-10,89.44,89.92,89.31,89.92,75.3806,393347
2020-02-11,90.46,90.9,90.37,90.63,75.9758,783617
2020-02-12,91.31,91.855,91.26,91.41,76.6297,287996
2020-02-13,90.97,91.31,90.72,91.04,76.3195,965694
2020-02-14,91.115,91.12,90.11,90.42,75.7998,677054
2020-02-18,90.105,90.16,89.38,89.87,75.3387,350706
2020-02-19,90.24,90.5,90.09,90.35,75.7411,567201
2020-02-20,90.14,90.445,89.36,90.19,75.6069,387857
2020-02-21,89.89,89.89,89.03,89.28,74.8441,408658
2020-02-24,86.51,87.0,85.82,86.08,72.1615,826578
2020-02-25,86.46,86.46,82.73,82.98,69.5627,763418
2020-02-26,83.39,84.15,82.11,82.11,68.8334,1099619
2020-02-27,80.45,81.71,78.66,78.66,65.9413,1139829
2020-02-28,76.04,78.42,75.53,78.02,65.4047,1796173
2020-03-02,78.54,81.13,77.33,81.13,68.0119,727490
2020-03-03,81.23,82.53,77.81,78.51,65.8155,684129
2020-03-04,80.14,81.71,79.25,81.6,68.4059,765169
2020-03-05,79.7,80.32,78.16,78.75,66.0167,720945
2020-03-06,76.11,77.93,75.63,77.28,64.7844,813456
2020-03-09,75.43,75.43,69.52,69.98,58.6648,855670
2020-03-10,72.88,73.66,69.46,73.66,61.7497,2713905
2020-03-11,71.71,72.01,68.76,69.62,58.363,1220537
2020-03-12,65.77,66.37,61.6,61.73,51.7487,1649642
2020-03-13,65.54,68.07,62.39,67.86,56.8875,1172235
2020-03-16,59.56,64.215,57.77,59.25,49.6697,853834
2020-03-17,60.62,63.67,58.5,62.46,52.3607,988999
2020-03-18,58.65,60.2899,55.715,59.49,49.8709,1087217
2020-03-19,58.71,60.5558,56.6101,59.2,49.6278,857600
2020-03-20,59.68,60.54,56.52,56.52,47.3811,446830
2020-03-23,56.9,56.9,54.2,55.33,46.3835,425217
2020-03-24,58.21,60.99,58.21,60.88,51.0362,1276831
2020-03-25,60.8,64.06,59.0,61.05,51.7688,960961
2020-03-26,61.91,65.39,61.81,64.99,55.1098,1113767
2020-03-27,62.84,64.3599,61.73,62.53,53.0238,626388
2020-03-30,63.13,64.44,62.06,64.3,54.5247,769449
2020-03-31,64.11,64.56,62.39,63.0,53.4224,2001709
2020-04-01,60.23,61.19,58.965,59.5,50.4544,771450
2020-04-02,59.01,61.08,58.901,60.32,51.1498,678544
2020-04-03,60.14,60.66,58.51,59.26,50.2509,432746
2020-04-06,61.74,64.03,61.74,63.67,53.9905,566489
2020-04-07,66.28,66.91,64.41,64.445,54.6477,601905
2020-04-08,65.36,67.43,64.73,67.06,56.8651,543107
2020-04-09,68.37,69.589,67.26,68.24,57.8657,12894090
2020-04-13,68.05,68.07,66.33,67.23,57.0093,4347355
2020-04-14,68.86,69.18,67.7,68.75,58.2982,2336445
2020-04-15,67.05,67.05,65.66,66.34,56.2546,1308934
2020-04-16,66.49,66.55,65.2,66.15,56.0935,861932
2020-04-17,68.28,68.62,67.51,68.47,58.0608,1194160
2020-04-20,67.33,68.21,66.74,66.88,56.7125,774718
2020-04-21,65.69,65.87,64.42,64.6,54.7791,1042497
2020-04-22,66.32,66.32,65.38,65.79,55.7882,1068780
2020-04-23,65.92,67.05,65.86,66.0,55.9663,550827
2020-04-24,66.19,67.16,65.57,66.97,56.7888,1249089
2020-04-27,67.66,68.89,67.32,68.63,58.1964,1162197
2020-04-28,69.89,70.52,68.847,69.4,58.8494,981201
2020-04-29,71.28,72.47,70.89,72.02,61.0711,1105184
2020-04-30,71.59,71.59,69.75,69.98,59.3412,1166562
2020-05-01,68.64,68.64,66.95,67.21,56.9923,702334
2020-05-04,66.72,67.11,65.925,67.11,56.9075,806884
2020-05-05,68.0,68.6,67.26,67.385,57.1407,781246
2020-05-06,67.94,68.27,66.59,66.59,56.4666,496625
2020-05-07,67.69,68.26,67.25,67.38,57.1365,1216735
2020-05-08,68.27,69.58,68.27,69.47,58.9087,686291
2020-05-11,69.08,69.35,68.27,68.835,58.3703,738114
2020-05-12,69.05,69.37,67.05,67.05,56.8566,360190
2020-05-13,66.8,66.8,64.36,64.895,55.0293,1476130
2020-05-14,64.13,66.35,62.99,66.32,56.2376,1294674
2020-05-15,65.61,66.2,65.16,66.01,55.9748,381748
2020-05-18,68.41,69.83,68.1528,69.49,58.9257,895876
2020-05-19,69.39,69.8451,68.51,68.575,58.1498,749570
2020-05-20,69.74,70.38,69.52,70.06,59.409,319341
2020-05-21,70.08,70.24,69.22,69.53,58.9596,386776
2020-05-22,69.37,69.55,68.72,69.38,58.8324,635337
2020-05-26,71.24,72.42,71.24,71.76,60.8506,709956
2020-05-27,73.31,74.18,72.04,74.18,62.9027,587994
2020-05-28,74.77,74.77,72.3,72.45,61.4357,1072518
2020-05-29,72.22,72.76,71.29,72.4,61.3933,498227
2020-06-01,72.25,73.0118,71.98,72.7,61.6477,635792
2020-06-02,72.9,73.47,72.76,73.47,62.3006,248158
2020-06-03,74.57,75.44,74.5312,75.23,63.7931,927120
2020-06-04,74.95,76.29,74.67,76.27,64.675,6552089
2020-06-05,79.18,79.85,78.46,78.86,66.8712,4181635
2020-06-08,79.78,80.59,79.45,80.55,68.3043,1654905
2020-06-09,79.49,79.49,78.28,78.82,66.8373,2154603
2020-06-10,78.52,78.93,77.0,77.0,65.294,907295
2020-06-11,74.3,74.5,71.21,71.36,60.5114,808731
2020-06-12,73.95,74.05,71.11,72.8,61.7325,993347
2020-06-15,70.63,73.36,70.07,73.08,62.3097,556070
2020-06-16,75.72,75.74,73.05,74.45,63.4778,1193250
2020-06-17,74.53,74.61,73.4,73.51,62.6764,1176149
2020-06-18,72.92,73.82,72.75,73.32,62.5144,428113
2020-06-19,74.67,74.67,72.47,72.89,62.1477,754826
2020-06-22,72.74,73.09,72.05,72.87,62.1307,670752
2020-06-23,73.46,73.61,72.83,72.88,62.1392,691051
2020-06-24,72.02,72.02,70.0706,70.62,60.2123,648228
2020-06-25,70.44,71.325,69.82,71.27,60.7665,2905506
2020-06-26,70.84,70.84,69.35,69.7,59.4279,531114
2020-06-29,70.13,71.15,69.69,71.1408,60.6563,637230
2020-06-30,71.35,72.57,71.2474,72.28,61.6276,465623
2020-07-01,72.53,72.89,71.53,71.55,61.0052,347516
2020-07-02,72.63,73.22,71.87,72.0,61.3889,588389
2020-07-06,73.25,73.63,72.61,73.03,62.2671,449184
2020-07-07,72.45,72.505,71.56,71.63,61.0734,752148
2020-07-08,72.0,72.19,71.2,71.85,61.261,1256191
2020-07-09,71.86,71.86,69.77,70.37,59.9991,1270326
2020-07-10,70.49,72.05,70.4521,71.99,61.3804,956926
2020-07-13,72.63,73.13,71.75,71.81,61.2269,554238
2020-07-14,71.52,72.9599,71.2,72.82,62.088,845897
2020-07-15,74.1,74.47,73.44,74.28,63.3329,949595
2020-07-16,74.06,74.82,73.69,74.47,63.4949,559610
2020-07-17,74.8,74.93,74.3,74.54,63.5546,440958
2020-07-20,74.45,74.45,73.73,74.14,63.2135,373445
2020-07-21,74.7,75.32,74.58,74.8,63.7762,612225
2020-07-22,74.73,75.46,74.6,75.42,64.3049,685969
2020-07-23,75.39,76.04,75.0,75.38,64.2708,617240
2020-07-24,74.29,74.29,73.1989,73.37,62.557,496548
2020-07-27,73.51,73.59,72.93,73.54,62.7019,496218
2020-07-28,73.36,73.87,73.21,73.25,62.4547,272149
2020-07-29,73.53,74.13,73.1,73.94,63.043,2386682
2020-07-30,73.21,73.41,72.54,73.32,62.5144,661361
2020-07-31,73.42,73.42,72.03,73.04,62.2756,572090
2020-08-03,73.48,73.65,72.95,73.45,62.6252,527114
2020-08-04,73.38,73.99,73.29,73.99,63.0856,368111
2020-08-05,74.5,74.51,74.01,74.23,63.2902,444883
2020-08-06,74.18,74.18,73.67,73.86,62.9748,383020
2020-08-07,73.64,74.71,73.64,74.71,63.6995,400705
2020-08-10,74.8,76.11,74.8,76.09,64.8761,785482
2020-08-11,76.78,77.49,75.76,76.0,64.7994,993952
2020-08-12,76.89,76.89,76.02,76.38,65.1234,508482
2020-08-13,76.1,76.14,75.3779,75.6,64.4583,1160429
2020-08-14,75.43,76.315,75.18,76.025,64.8207,266595
2020-08-17,76.36,76.36,75.65,75.89,64.7056,515319
2020-08-18,76.11,76.11,75.39,75.41,64.2963,1412960
2020-08-19,75.56,75.98,75.19,75.36,64.2537,519849
2020-08-20,74.87,75.18,74.7,74.75,63.7336,301218
2020-08-21,74.6,74.855,74.48,74.71,63.6995,437147
2020-08-24,75.12,76.08,74.9046,76.04,64.8335,434125
2020-08-25,76.54,76.56,75.54,75.91,64.7226,725382
2020-08-26,76.03,76.03,75.29,75.59,64.4498,1050838
2020-08-27,75.83,76.12,75.51,75.77,64.6033,1089221
2020-08-28,76.04,76.61,75.855,76.56,65.2769,813334
2020-08-31,76.48,76.752,75.82,75.85,64.6715,10749660
2020-09-01,75.62,75.76,75.31,75.73,64.5692,1882618
2020-09-02,76.06,77.5,75.92,77.32,65.9248,889865
2020-09-03,77.27,77.93,75.03,75.51,64.3816,750268
2020-09-04,76.18,76.41,74.67,75.73,64.5692,810063
2020-09-08,74.99,75.3,74.31,74.37,63.4096,518809
2020-09-09,75.07,75.56,74.67,75.08,64.015,3151068
2020-09-10,75.25,75.52,73.7,73.83,62.9492,3335607
2020-09-11,74.34,74.735,73.76,74.39,63.4267,782836
2020-09-14,74.97,75.95,74.93,75.53,64.3986,692193
2020-09-15,75.87,76.0,75.23,75.33,64.2281,1771029
2020-09-16,75.89,76.9795,75.69,76.08,64.8676,463497
2020-09-17,75.11,76.19,74.95,75.91,64.7226,1059124
2020-09-18,76.07,76.1,74.72,75.21,64.1258,599756
2020-09-21,74.04,74.04,72.57,73.39,62.574,498018
2020-09-22,73.62,73.98,72.95,73.45,62.6252,488139
2020-09-23,73.23,73.74,71.53,71.59,61.44,518706
2020-09-24,71.34,72.51,70.66,71.78,61.6031,615129
2020-09-25,71.57,72.6672,71.25,72.38,62.118,745793
2020-09-28,73.34,74.17,73.34,73.89,63.4139,675239
2020-09-29,73.96,74.06,73.08,73.37,62.9676,493353
2020-09-30,73.67,74.54,73.32,73.78,63.3195,1287662
2020-10-01,74.07,74.38,73.58,74.04,63.5426,496093
2020-10-02,72.75,74.64,72.75,74.19,63.6714,688858
2020-10-05,74.6,75.64,74.6,75.51,64.8042,419595
2020-10-06,75.75,76.745,74.8,74.91,64.2893,812577
2020-10-07,75.77,76.57,75.77,76.38,65.5509,1200419
2020-10-08,77.0,77.67,76.89,77.67,66.658,549674
2020-10-09,78.03,78.29,77.2,77.28,66.3233,609763
2020-10-12,77.61,78.05,77.435,77.92,66.8725,500540
2020-10-13,77.75,77.94,76.98,77.17,66.2289,560791
2020-10-14,77.45,77.65,76.939,76.96,66.0486,484394
2020-10-15,76.06,77.41,75.9533,77.38,66.4091,625287
2020-10-16,77.55,77.92,77.36,77.48,66.4949,754082
2020-10-19,77.66,77.87,76.61,76.75,65.8684,711113
2020-10-20,77.03,77.81,76.8665,77.0,66.083,630114
2020-10-21,77.15,77.17,76.56,76.6818,65.8099,388770
2020-10-22,76.89,77.88,76.7,77.77,66.7438,404486
2020-10-23,77.54,77.63,76.77,77.25,66.2975,406961
2020-10-26,76.36,76.36,74.65,75.39,64.7012,557743
2020-10-27,75.32,75.32,74.08,74.08,63.577,902794
2020-10-28,72.57,73.28,71.88,71.94,61.7404,903040
2020-10-29,71.86,73.35,71.58,72.77,62.4527,610927
2020-10-30,72.36,73.05,71.87,72.99,62.6415,1429852
2020-11-02,73.86,74.62,73.38,74.45,63.8945,1428046
2020-11-03,75.52,76.33,75.44,75.9,65.1389,1477021
2020-11-04,76.13,77.23,75.31,75.99,65.2162,1396190
2020-11-05,77.28,78.1982,76.89,77.85,66.8124,1254615
2020-11-06,77.6,78.02,77.16,77.31,66.349,1293320
2020-11-09,81.26,82.17,80.03,80.12,68.7606,2998872
2020-11-10,80.22,81.35,80.22,81.21,69.6961,1376720
2020-11-11,81.94,81.94,80.63,81.13,69.6274,2606312
2020-11-12,80.67,80.68,79.0064,79.7,68.4002,849123
2020-11-13,80.11,81.93,80.11,81.69,70.108,700631
2020-11-16,83.28,83.58,82.6,83.55,71.7043,1280168
2020-11-17,82.97,83.48,82.05,83.14,71.3524,3118436
2020-11-18,83.08,84.02,82.62,82.63,70.9147,730464
2020-11-19,82.64,82.925,81.9447,82.89,71.1379,856905
2020-11-20,82.68,83.07,82.4203,82.49,70.7946,1239630
2020-11-23,83.13,84.63,83.13,84.47,72.4939,1496257
2020-11-24,85.5,86.58,85.11,86.51,74.2446,1742936
2020-11-25,86.23,86.23,85.21,85.77,73.6096,739225
2020-11-27,85.88,86.29,85.66,85.82,73.6525,2250249
2020-11-30,85.42,85.69,84.75,84.98,72.9316,1427776
2020-12-01,86.06,86.82,85.88,85.94,73.7555,580268
2020-12-02,85.62,86.6733,85.62,86.61,74.3305,591218
2020-12-03,86.83,87.48,86.54,87.18,74.8196,678388
2020-12-04,87.51,88.81,87.51,88.81,76.2185,515277
2020-12-07,88.73,88.73,87.74,88.12,75.6264,491092
2020-12-08,87.89,88.828,87.685,88.79,76.2014,608972
2020-12-09,88.94,89.46,88.2,88.69,76.1156,697630
2020-12-10,88.26,88.34,87.76,88.06,75.5749,349583
2020-12-11,87.68,87.76,86.8443,87.51,75.1029,720022
2020-12-14,87.95,87.95,86.38,86.42,74.6236,1060507
2020-12-15,87.15,87.41,86.4434,87.36,75.4353,560009
2020-12-16,87.34,87.42,86.89,87.11,75.2194,804937
2020-12-17,87.53,87.54,86.79,87.15,75.254,977151
2020-12-18,87.48,87.48,85.72,86.09,74.3387,1057633
2020-12-21,84.43,85.8,84.366,85.63,73.9415,1919986
2020-12-22,85.47,85.47,84.76,84.86,73.2766,650988
2020-12-23,85.13,86.06,84.97,85.66,73.9674,443687
2020-12-24,85.98,85.98,85.245,85.78,74.071,209939
2020-12-28,86.47,86.62,85.7,85.83,74.1142,414085
2020-12-29,86.31,86.31,85.42,85.71,74.0105,953312
2020-12-30,85.9,86.38,85.9,86.095,74.343,977610
2020-12-31,86.17,86.98,85.86,86.91,75.0467,413368
2021-01-04,87.2,87.45,85.425,86.14,74.3818,1057391
2021-01-05,86.33,87.65,86.33,87.2,75.2971,906959
2021-01-06,87.56,90.2902,87.56,89.47,77.2573,3376197
2021-01-07,90.41,90.935,90.0896,90.63,78.2589,870832
2021-01-08,91.34,91.34,89.39,90.22,77.9049,841440
2021-01-11,89.89,91.1,89.45,90.84,78.4403,500430
2021-01-12,91.36,92.18,91.0,92.04,79.4765,454462
2021-01-13,93.02,93.13,92.05,92.31,79.7096,752045
2021-01-14,92.69,94.48,92.69,93.94,81.1171,1921390
2021-01-15,93.5,93.5,92.09,92.75,80.0896,7896196
2021-01-19,93.66,93.7695,93.07,93.58,80.8063,1030824
2021-01-20,93.96,94.33,93.57,94.05,81.2121,1481912
2021-01-21,94.38,94.69,93.83,94.4,81.5143,463792
2021-01-22,93.23,93.325,92.49,93.01,80.3141,709091
2021-01-25,93.01,93.02,91.61,92.79,80.1241,474104
2021-01-26,93.15,93.24,92.27,92.61,79.9687,672159
2021-01-27,91.65,91.84,90.24,90.66,78.2849,498271
2021-01-28,91.14,92.175,90.95,91.14,78.6993,704911
2021-01-29,91.03,91.54,89.4067,89.78,77.525,1651252
2021-02-01,90.66,91.29,89.76,90.91,78.5007,906464
2021-02-02,91.89,92.1194,91.39,91.77,79.2433,1273338
2021-02-03,91.82,92.34,91.54,92.19,79.606,535319
2021-02-04,92.205,93.46,92.09,93.42,80.6681,619905
2021-02-05,93.85,94.1962,93.59,93.71,80.9185,579778
2021-02-08,94.39,95.2,94.35,95.19,82.1965,1768210
2021-02-09,95.16,95.41,94.66,95.19,82.1965,695584
2021-02-10,95.42,95.489,94.26,95.21,82.2138,607390
2021-02-11,95.32,95.71,94.73,95.68,82.6196,673196
2021-02-12,95.29,96.5248,95.29,96.4,83.2413,767529
2021-02-16,96.98,96.98,96.3301,96.46,83.2931,523475
2021-02-17,96.02,96.76,95.67,96.63,83.4399,556425
2021-02-18,96.06,96.52,95.6588,96.18,83.0514,684771
2021-02-19,96.63,97.42,96.63,97.14,83.8803,414181
2021-02-22,96.75,97.675,96.71,96.91,83.6817,656042
2021-02-23,96.57,97.3,95.24,96.94,83.7076,1193835
2021-02-24,97.12,99.265,96.86,99.19,85.6505,1533514
2021-02-25,99.24,99.24,96.03,96.34,83.1895,1185957
2021-02-26,96.93,97.16,95.05,95.98,82.8787,943105
2021-03-01,97.44,98.76,97.18,98.31,84.8906,519189
2021-03-02,98.51,98.67,97.75,97.765,84.42,2048530
2021-03-03,97.89,98.725,97.57,97.69,84.3553,583368
2021-03-04,97.69,98.325,94.59,96.22,83.0859,1628429
2021-03-05,97.37,99.08,95.62,98.76,85.2792,1427474
2021-03-08,98.95,100.86,98.94,99.62,86.0218,868997
2021-03-09,100.38,100.93,99.65,100.04,86.3845,10290530
2021-03-10,100.46,101.65,100.46,101.2,87.3861,1050527
2021-03-11,101.97,102.37,101.278,101.72,87.8352,820644
2021-03-12,101.94,102.86,101.64,102.83,88.7936,841801
2021-03-15,103.1,103.77,102.4205,103.74,89.5794,1671724
2021-03-16,103.61,103.95,103.1301,103.33,89.2254,806876
2021-03-17,103.18,104.49,102.5701,104.49,90.227,821675
2021-03-18,104.16,105.18,103.1264,103.34,89.234,918009
2021-03-19,103.51,104.1388,102.37,103.35,89.2427,984651
2021-03-22,103.32,104.1595,102.84,103.82,89.6485,622822
2021-03-23,103.14,103.17,100.89,101.27,87.4466,3100578
2021-03-24,102.27,102.49,100.35,100.35,86.6522,1324765
2021-03-25,99.25,101.37,98.96,101.15,87.7505,1312955
2021-03-26,101.61,103.0,101.09,102.96,89.3207,1387165
2021-03-29,102.43,102.88,101.64,102.17,88.6353,1326901
2021-03-30,102.03,102.93,101.88,102.76,89.1472,734447
2021-03-31,103.12,103.12,102.4328,102.46,88.8869,1062591
2021-04-01,103.2,103.58,102.57,103.51,89.7978,964225
2021-04-05,104.43,105.0095,104.0997,104.88,90.9863,1074298
2021-04-06,104.76,105.22,104.39,104.67,90.8042,800115
2021-04-07,104.97,104.97,104.0601,104.52,90.674,753409
2021-04-08,104.63,104.63,103.77,104.42,90.5873,1419002
2021-04-09,104.42,105.02,104.29,105.0,91.0904,587717
2021-04-12,104.82,105.2079,104.25,104.59,90.7347,2699410
2021-04-13,104.36,104.53,103.3205,103.77,90.0234,941215
2021-04-14,103.77,104.57,103.6374,103.97,90.1969,1376283
2021-04-15,104.61,104.61,103.85,104.45,90.6133,1658549
2021-04-16,104.78,105.25,104.685,104.88,90.9863,1149265
2021-04-19,104.83,104.88,103.815,104.18,90.3791,922925
2021-04-20,103.92,103.92,102.48,102.81,89.1905,1443212
2021-04-21,102.65,104.63,102.5,104.53,90.6827,1559148
2021-04-22,104.96,104.96,103.225,103.55,89.8325,2919782
2021-04-23,103.6,104.64,103.18,104.28,90.4658,1218897
2021-04-26,104.51,104.975,104.44,104.56,90.7087,9127139
2021-04-27,104.65,104.9,104.36,104.75,90.8736,1665037
2021-04-28,104.64,104.89,104.36,104.53,90.6827,1962155
2021-04-29,105.15,105.31,104.25,105.2,91.2639,732304
2021-04-30,104.53,104.89,103.91,104.28,90.4658,769169
2021-05-03,105.0,105.62,104.71,105.13,91.2032,973780
2021-05-04,104.71,104.99,103.705,104.95,91.0471,1168263
2021-05-05,105.57,106.04,104.86,105.75,91.7411,1632277
2021-05-06,105.79,106.85,105.25,106.84,92.6867,2462287
2021-05-07,106.61,107.95,106.34,107.86,93.5716,2324549
2021-05-10,108.4,108.4,107.1,107.12,92.9296,5043624
2021-05-11,105.69,106.47,104.675,105.73,91.7237,5219260
2021-05-12,105.44,105.4839,102.905,103.04,89.3901,1588458
2021-05-13,103.44,105.31,103.33,104.79,90.9083,1293138
2021-05-14,105.44,106.66,105.31,106.35,92.2616,984759
2021-05-17,106.55,106.92,106.17,106.58,92.4611,2044643
2021-05-18,106.45,106.535,105.15,105.23,91.29,1151298
2021-05-19,103.89,104.93,103.07,104.93,91.0297,1731977
2021-05-20,105.13,106.09,104.72,105.76,91.7498,994310
2021-05-21,106.16,106.8439,105.95,106.21,92.1401,553299
2021-05-24,106.79,107.36,106.69,106.88,92.7214,1783902
2021-05-25,107.2,107.33,105.83,105.95,91.9146,3475283
2021-05-26,106.37,106.56,105.88,106.51,92.4004,629238
2021-05-27,107.25,107.78,107.25,107.505,93.2636,1236980
2021-05-28,107.83,107.83,106.95,107.25,93.0424,1247468
2021-06-01,107.83,108.24,107.36,107.67,93.4067,586589
2021-06-02,108.02,108.06,107.41,108.03,93.719,442447
2021-06-03,107.76,108.25,107.2,108.08,93.7624,1214794
2021-06-04,108.65,108.7991,108.22,108.72,94.3176,701334
2021-06-07,108.95,108.95,108.24,108.46,94.0921,911989
2021-06-08,108.41,108.47,107.67,108.33,93.9793,540814
2021-06-09,108.46,108.46,107.64,107.7,93.4328,1018730
2021-06-10,107.83,108.01,106.8601,107.1,93.336,1413602
2021-06-11,107.65,107.65,107.01,107.45,93.641,1523453
2021-06-14,107.4,107.4,106.125,106.63,92.9264,755520
2021-06-15,106.87,107.065,106.38,106.85,93.1182,633753
2021-06-16,107.03,107.03,105.47,105.82,92.2205,889087
2021-06-17,106.21,106.21,103.6,104.28,90.8784,1154955
2021-06-18,103.165,103.24,102.2325,102.28,89.1355,1210429
2021-06-21,103.07,104.08,102.96,104.07,90.6954,1277075
2021-06-22,104.14,104.35,103.57,104.07,90.6954,1240209
2021-06-23,104.22,104.39,103.94,103.94,90.5821,1186825
2021-06-24,104.38,104.91,104.15,104.82,91.349,602422
2021-06-25,104.61,105.48,104.61,105.3,91.7674,1207217
2021-06-28,105.34,105.34,104.65,105.1,91.5931,580700
2021-06-29,105.21,105.62,104.59,104.73,91.2706,837921
2021-06-30,104.75,105.25,104.57,105.06,91.5582,753072
2021-07-01,105.43,105.59,104.97,105.42,91.8719,702612
2021-07-02,105.51,105.61,105.06,105.39,91.8458,635296
2021-07-06,105.22,105.25,103.31,103.96,90.5996,1002147
2021-07-07,103.71,104.29,103.145,103.96,90.5996,1611447
2021-07-08,102.24,103.34,101.88,102.82,89.6061,1509076
2021-07-09,103.51,104.7099,103.51,104.6,91.1573,1288100
2021-07-12,104.21,105.12,103.83,105.08,91.5756,1507175
2021-07-13,104.7,104.99,103.99,104.06,90.6867,5930475
2021-07-14,104.63,105.1,103.565,104.03,90.6606,1726319
2021-07-15,103.66,103.87,103.0738,103.56,90.251,1485108
2021-07-16,104.01,104.0711,102.16,102.26,89.118,1630204
2021-07-19,100.67,101.01,99.73,100.57,87.6452,3237612
2021-07-20,101.03,102.89,100.73,102.54,89.3621,2176920
2021-07-21,103.13,103.87,103.065,103.8,90.4601,3553318
2021-07-22,103.7,103.7,102.64,103.15,89.8937,4630422
2021-07-23,103.4,103.415,102.78,103.34,90.0592,2835279
2021-07-26,103.3,104.01,103.22,103.97,90.6083,1326242
2021-07-27,103.53,103.62,102.7009,103.52,90.2161,751294
2021-07-28,103.59,104.08,103.03,103.63,90.312,1407258
2021-07-29,104.57,105.23,104.45,104.89,91.41,935629
2021-07-30,104.48,105.1,104.16,104.33,90.922,1126445
2021-08-02,104.58,105.76,104.11,104.21,90.8174,673860
2021-08-03,104.57,105.45,103.48,105.45,91.8981,995502
2021-08-04,104.69,104.76,103.83,103.83,90.4863,1068759
2021-08-05,104.08,104.44,104.05,104.33,90.922,684044
2021-08-06,104.72,105.3403,104.65,105.12,91.6105,682359
2021-08-09,105.04,105.1545,104.51,104.89,91.41,1153206
2021-08-10,104.87,105.672,104.75,105.6,92.0288,671942
2021-08-11,105.84,106.35,105.45,106.33,92.665,1241113
2021-08-12,106.27,106.27,105.29,105.85,92.2467,636813
2021-08-13,105.96,106.04,105.59,105.78,92.1857,948884
2021-08-16,105.39,105.74,104.77,105.72,92.1334,1014814
2021-08-17,105.16,105.225,103.85,104.84,91.3665,1386706
2021-08-18,104.56,105.22,103.67,103.75,90.4166,1236402
2021-08-19,102.9,103.51,102.41,102.9,89.6758,1819137
2021-08-20,102.9,103.65,102.65,103.48,90.1813,732203
2021-08-23,103.98,104.618,103.98,104.36,90.9482,1179176
2021-08-24,104.55,105.17,104.53,104.97,91.4798,1520358
2021-08-25,105.15,106.0,104.82,105.47,91.9155,1067757
2021-08-26,105.37,105.37,104.3,104.46,91.0353,1545310
2021-08-27,104.535,105.69,104.483,105.53,91.9678,691118
2021-08-30,105.63,105.64,104.94,105.05,91.5495,456024
2021-08-31,105.1,105.56,104.86,105.13,91.6192,967602
2021-09-01,105.295,105.39,104.2348,104.48,91.0527,1108953
2021-09-02,104.73,105.34,104.57,105.34,91.8022,774898
2021-09-03,105.13,105.27,104.61,104.8,91.3316,742512
2021-09-07,104.69,104.71,103.96,104.06,90.6867,723090
2021-09-08,103.89,104.12,103.27,103.73,90.3991,935056
2021-09-09,103.58,104.095,103.3,103.37,90.0854,989827
2021-09-10,103.99,104.16,102.66,102.67,89.4753,761969
2021-09-13,103.52,103.987,103.2,103.79,90.4514,652347
2021-09-14,104.14,104.14,102.4,102.59,89.4056,721548
2021-09-15,102.56,104.04,102.48,103.92,90.5647,744676
2021-09-16,103.81,104.15,103.02,103.63,90.312,477368
2021-09-17,103.57,103.61,102.75,103.0,89.7629,712774
2021-09-20,101.215,101.54,99.84,101.07,88.081,732512
2021-09-21,101.58,101.735,100.42,100.55,87.6278,814027
2021-09-22,101.38,102.38,101.32,101.59,88.5341,755352
2021-09-23,102.06,103.5815,102.04,102.99,89.7542,881512
2021-09-24,101.81,102.82,101.81,102.37,89.8587,549500
2021-09-27,102.54,103.875,102.54,103.46,90.8155,626813
2021-09-28,103.22,103.68,102.14,102.25,89.7533,1061586
2021-09-29,102.47,102.9,101.891,102.33,89.8236,772126
2021-09-30,102.725,102.82,100.66,100.7,88.3928,911810
2021-10-01,101.25,102.205,100.15,101.61,89.1916,1021324
2021-10-04,101.57,102.58,101.08,101.38,88.9897,2631404
2021-10-05,101.82,102.595,101.19,102.14,89.6568,862471
2021-10-06,101.39,101.83,100.4,101.77,89.332,1185581
2021-10-07,102.49,103.62,102.49,102.92,90.3415,742584
2021-10-08,103.0,103.48,102.74,102.9,90.3239,849195
2021-10-11,103.04,103.57,102.18,102.19,89.7007,799760
2021-10-12,102.31,102.39,101.3763,101.64,89.2179,4486581
2021-10-13,101.74,101.98,100.44,101.61,89.1916,988218
2021-10-14,102.51,103.535,102.24,103.42,90.7804,855737
2021-10-15,104.0,104.59,103.94,103.96,91.2544,893104
2021-10-18,103.47,104.129,103.08,103.69,91.0174,754703
2021-10-19,104.1,104.32,103.7,104.3,91.5528,2167830
2021-10-20,104.22,105.5616,104.19,105.37,92.492,987717
2021-10-21,105.08,105.23,104.44,105.0,92.1672,7160881
2021-10-22,104.5,104.96,103.97,104.32,91.5704,1685300
2021-10-25,104.63,104.77,104.3,104.5,91.7284,1410541
2021-10-26,104.49,104.52,103.73,103.82,91.1315,1131277
2021-10-27,103.76,103.76,102.16,102.16,89.6743,2332060
2021-10-28,102.67,103.43,102.67,103.43,90.7891,1209537
2021-10-29,103.13,103.65,102.94,103.2,90.5872,1051370
2021-11-01,103.77,104.48,103.57,104.48,91.7108,899506
2021-11-02,104.67,104.79,104.16,104.74,91.939,1050433
2021-11-03,104.5,105.92,104.3401,105.75,92.8256,1321729
2021-11-04,105.87,106.17,105.12,105.6,92.6939,1119308
2021-11-05,106.45,107.1,106.25,106.57,93.5454,1277007
2021-11-08,107.19,107.48,106.77,106.96,93.8877,919397
2021-11-09,106.93,107.12,106.2573,106.83,93.7736,2729200
2021-11-10,106.64,107.54,106.24,106.46,93.4488,1297941
2021-11-11,106.85,107.31,106.53,107.19,94.0896,1193456
2021-11-12,107.315,107.95,107.11,107.63,94.4758,673700
2021-11-15,107.84,107.94,107.43,107.62,94.467,1141756
2021-11-16,107.61,107.9,107.23,107.25,94.1423,752696
2021-11-17,107.08,107.08,106.395,106.66,93.6244,893575
2021-11-18,106.69,106.69,105.46,106.07,93.1065,1190864
2021-11-19,105.79,105.875,105.13,105.18,92.3253,839696
2021-11-22,105.58,107.265,105.51,106.36,93.361,1193226
2021-11-23,106.63,107.12,106.32,107.01,93.9316,1098822
2021-11-24,106.68,107.02,106.51,106.85,93.7911,965992
2021-11-26,104.47,104.91,103.73,104.49,91.7196,1166632
2021-11-29,105.42,105.75,104.15,104.8,91.9917,1339655
2021-11-30,104.06,104.27,101.97,102.22,89.727,1888369
2021-12-01,103.52,104.92,101.56,101.6,89.1828,2207363
2021-12-02,101.89,104.3,101.7,103.76,91.0788,2120766
2021-12-03,104.23,104.61,102.89,103.7,91.0261,1804957
2021-12-06,104.35,105.71,104.11,104.93,92.1058,1427715
2021-12-07,106.37,107.19,106.16,106.65,93.6156,1281262
2021-12-08,106.84,107.08,106.17,106.44,93.4313,788232
2021-12-09,106.08,106.4,105.84,105.92,92.9748,1020764
2021-12-10,106.39,107.04,105.86,106.97,93.8965,1179582
2021-12-13,106.18,106.25,104.85,104.96,92.7739,1061362
2021-12-14,104.25,105.58,104.25,104.69,92.5353,1501874
2021-12-15,104.8,105.91,104.04,105.86,93.5694,2002416
2021-12-16,106.39,107.6,106.27,106.57,94.197,2329516
2021-12-17,106.26,106.3,105.0,105.52,93.2689,2360354
2021-12-20,104.31,104.49,103.18,104.28,92.1729,1477690
2021-12-21,105.27,106.5406,105.27,106.5,94.1351,1226902
2021-12-22,106.23,107.385,106.03,107.29,94.8334,957649
2021-12-23,107.55,108.52,107.55,108.2,95.6378,701716
2021-12-27,108.41,109.33,107.9627,109.33,96.6366,704692
2021-12-28,109.31,109.93,109.08,109.42,96.7161,1001935
2021-12-29,109.315,110.01,109.315,109.77,97.0255,953306
2021-12-30,109.82,110.34,109.52,109.59,96.8664,621675
2021-12-31,109.57,109.95,109.4,109.47,96.7603,545703
2022-01-03,109.93,111.17,109.88,111.11,98.2099,1635137
2022-01-04,111.81,113.3,111.59,113.02,99.8981,2664382
2022-01-05,113.34,114.96,112.21,112.21,99.1822,3333894
2022-01-06,112.97,113.1199,111.67,112.48,99.4208,3127757
2022-01-07,112.71,113.31,112.49,112.85,99.7479,2336044
2022-01-10,112.67,113.05,111.45,112.97,99.854,3506095
2022-01-11,113.03,113.9,112.17,113.86,100.6406,2925937
2022-01-12,114.32,114.54,113.14,114.04,100.7997,2003633
2022-01-13,114.53,115.42,113.98,114.34,101.0649,3827289
2022-01-14,113.43,114.95,113.16,114.92,101.5776,3906689
2022-01-18,114.11,114.11,112.27,112.68,99.5976,6587346
2022-01-19,112.76,112.94,110.32,110.36,97.547,6913411
2022-01-20,110.45,111.5,108.525,108.67,96.0532,2215254
2022-01-21,108.12,108.89,106.47,106.72,94.3296,3197097
2022-01-24,104.99,107.27,102.93,107.14,94.7008,3635884
2022-01-25,105.56,107.54,104.01,106.55,94.1793,10306810
2022-01-26,107.79,108.3599,104.4,105.6,93.3396,2901881
2022-01-27,106.01,107.03,103.97,104.48,92.3497,17944529
2022-01-28,104.05,106.11,103.24,106.1,93.7816,6006972
2022-01-31,105.97,107.4,105.152,107.31,94.8511,3053211
2022-02-01,107.18,107.955,106.19,107.75,95.24,2497416
2022-02-02,107.84,108.98,107.38,108.75,96.1239,2399008
2022-02-03,108.17,108.73,107.29,107.38,94.913,9420545
2022-02-04,106.83,107.27,105.41,106.48,94.1175,2651993
2022-02-07,106.69,107.665,106.35,106.88,94.471,2452251
2022-02-08,106.63,107.81,106.26,107.64,95.1428,2600806
2022-02-09,108.24,109.47,108.24,109.3,96.61,2077293
2022-02-10,108.25,109.99,107.48,107.84,95.3196,2543873
2022-02-11,108.02,108.91,106.18,106.67,94.2854,2487314
2022-02-14,106.6,106.81,104.98,105.72,93.4457,3382525
2022-02-15,106.44,107.47,106.29,107.43,94.9572,1841946
2022-02-16,106.88,107.77,106.48,107.45,94.9748,1925018
2022-02-17,107.03,107.03,105.56,105.73,93.4545,1468090
2022-02-18,105.57,106.11,104.42,105.11,92.9065,1792443
2022-02-22,104.64,105.37,102.91,103.79,91.7398,2115297
2022-02-23,104.56,104.88,102.35,102.49,90.5907,1937401
2022-02-24,100.07,102.97,99.65,102.84,90.9001,5063185
2022-02-25,103.23,105.85,103.2094,105.56,93.3043,2218208
2022-02-28,104.19,105.39,103.62,105.0,92.8093,1867623
2022-03-01,104.565,105.09,102.31,103.03,91.068,2079563
2022-03-02,103.79,106.57,103.79,106.13,93.8081,2005946
2022-03-03,106.48,106.74,104.8132,105.62,93.3573,1157228
2022-03-04,104.69,104.69,103.3097,104.37,92.2524,1159932
2022-03-07,103.97,104.15,101.51,101.55,89.7598,1932696
2022-03-08,101.82,103.45,100.76,100.86,89.15,1510912
2022-03-09,102.87,103.49,102.41,102.8,90.8647,1709220
2022-03-10,101.68,102.33,100.94,102.12,90.2637,1186301
2022-03-11,102.88,103.0016,101.15,101.19,89.4416,2728619
2022-03-14,101.72,102.01,100.03,100.54,88.8671,1944188
2022-03-15,100.71,102.32,100.53,102.13,90.2725,2112321
2022-03-16,103.06,104.06,101.86,104.04,91.9607,1288563
2022-03-17,103.49,105.05,103.2,105.02,92.827,1085809
2022-03-18,104.47,105.55,104.13,105.43,93.1894,1386733
2022-03-21,105.44,106.37,104.76,105.34,93.1098,1049928
2022-03-22,105.66,106.56,105.66,106.24,93.9053,1150590
2022-03-23,105.82,106.07,104.81,104.81,92.6413,746871
2022-03-24,104.48,105.66,104.3,105.66,94.0459,1084322
2022-03-25,105.65,106.53,105.53,106.51,94.8025,1007475
2022-03-28,106.25,106.25,105.23,106.21,94.5354,737078
2022-03-29,107.07,107.76,106.64,107.64,95.8083,1053324
2022-03-30,107.66,108.02,106.26,106.7,94.9716,730784
2022-03-31,106.025,106.42,104.5,104.57,93.0757,2813081
2022-04-01,105.15,105.22,103.38,104.45,92.9689,980658
2022-04-04,104.5,104.8,103.58,104.71,93.2003,1168874
2022-04-05,104.43,104.879,102.905,103.12,91.7851,2123780
2022-04-06,102.38,103.14,102.12,102.73,91.438,1162732
2022-04-07,102.54,103.5,101.74,103.1,91.7673,1262338
2022-04-08,102.9,104.26,102.87,103.74,92.3369,913583
2022-04-11,103.43,104.79,103.37,103.51,92.1322,1138482
2022-04-12,103.905,104.79,102.92,103.26,91.9097,1036390
2022-04-13,103.14,104.19,103.1,104.05,92.6129,1481563
2022-04-14,103.92,104.53,103.41,103.41,92.0432,544924
2022-04-18,103.05,104.19,103.05,103.7,92.3013,967284
2022-04-19,103.63,105.36,103.63,105.15,93.592,843086
2022-04-20,105.87,106.455,105.59,105.81,94.1794,1070894
2022-04-21,106.56,106.8,104.6753,104.83,93.3071,836435
2022-04-22,104.43,104.47,101.86,101.96,90.7526,841030
2022-04-25,101.34,102.52,99.82,102.37,91.1175,1296732
2022-04-26,101.8,102.185,100.11,100.14,89.1327,1233797
2022-04-27,100.18,101.05,99.2,99.98,88.9902,1473998
2022-04-28,100.77,102.25,99.6,101.79,90.6013,1305994
2022-04-29,101.03,101.46,98.41,98.56,87.7263,2106597
2022-05-02,98.63,99.51,97.25,99.34,88.4206,1676922
2022-05-03,99.37,101.3,99.37,100.64,89.5777,1910654
2022-05-04,100.87,103.8,100.375,103.63,92.239,1984602
2022-05-05,102.82,102.88,100.11,101.15,90.0316,1398409
2022-05-06,100.7,101.38,99.549,100.77,89.6934,1633943
2022-05-09,99.67,100.23,97.96,98.34,87.5305,11246130
2022-05-10,99.5,99.7609,97.01,98.09,87.308,2976910
2022-05-11,98.06,99.69,96.63,96.74,86.1064,3428144
2022-05-12,96.11,97.4687,95.35,97.03,86.3645,2001163
2022-05-13,98.11,99.37,97.87,98.99,88.1091,1496739
2022-05-16,98.62,99.75,98.19,98.95,88.0735,898463
2022-05-17,100.13,101.65,100.13,101.61,90.4411,1034786
2022-05-18,100.58,100.71,97.32,97.67,86.9342,12712250
2022-05-19,96.37,97.73,96.0,96.63,86.0085,3851593
2022-05-20,97.31,97.59,94.37,96.59,85.9729,1547872
2022-05-23,97.33,98.72,97.02,98.26,87.4593,1069263
2022-05-24,97.73,98.19,96.13,97.9,87.1389,1491761
2022-05-25,97.55,99.72,97.46,99.26,88.3494,1410661
2022-05-26,99.7,101.57,99.53,101.13,90.0138,949208
2022-05-27,101.58,103.05,101.58,103.02,91.6961,948100
2022-05-31,102.42,103.14,101.64,102.41,91.1531,1382600
2022-06-01,102.84,103.18,100.64,101.46,90.3076,896523
2022-06-02,101.41,102.47,100.51,102.47,91.2065,1070807
2022-06-03,101.27,101.7555,100.87,101.06,89.9515,649834
2022-06-06,101.88,102.24,101.095,101.37,90.2274,696465
2022-06-07,100.7,102.42,100.38,102.35,91.0997,731788
2022-06-08,101.75,101.78,100.3,100.53,89.4798,666522
2022-06-09,99.47,99.72,97.5,97.51,87.3854,843396
2022-06-10,96.08,96.34,94.8,94.88,85.0285,1259802
2022-06-13,92.62,93.04,90.48,90.89,81.4528,2085258
2022-06-14,91.59,92.11,90.19,90.99,81.5424,2133359
2022-06-15,91.84,92.98,90.38,91.9,82.3579,1407638
2022-06-16,89.9,89.91,87.71,88.45,79.2661,1314874
2022-06-17,88.62,89.1535,87.24,88.4,79.2213,1575243
2022-06-21,89.77,90.775,89.655,90.43,81.0406,1077511
2022-06-22,89.13,90.93,89.13,90.0,80.6552,1047054
2022-06-23,90.46,90.73,89.11,90.24,80.8703,1054032
2022-06-24,90.97,93.09,90.97,93.07,83.4064,824789
2022-06-27,93.58,93.895,92.7999,93.23,83.5498,633227
2022-06-28,93.97,94.77,91.98,92.09,82.5282,698230
2022-06-29,92.08,92.215,90.75,91.28,81.8023,857411
2022-06-30,90.24,91.52,89.51,90.52,81.1212,1155688
2022-07-01,90.13,91.32,89.18,91.11,81.65,890346
2022-07-05,89.61,90.64,88.53,90.64,81.2288,1090513
2022-07-06,90.63,91.14,89.56,90.51,81.1123,806216
2022-07-07,91.23,92.37,91.23,92.09,82.5282,782725
2022-07-08,91.96,92.67,91.55,92.02,82.4655,1317209
2022-07-11,91.2,91.8,90.975,91.08,81.6231,771831
2022-07-12,90.7,92.0299,90.7,91.12,81.6589,1051399
2022-07-13,89.85,91.1552,89.52,90.6,81.1929,727113
2022-07-14,89.34,89.8496,88.37,89.7,80.3864,1058598
2022-07-15,91.04,91.86,90.19,91.86,82.3221,585256
2022-07-18,92.7,92.866,91.12,91.41,81.9188,680486
2022-07-19,92.2,94.09,92.2,93.99,84.2309,654611
2022-07-20,93.5,94.26,93.17,94.09,84.3205,699701
2022-07-21,93.45,94.13,92.51,94.1,84.3295,1564956
2022-07-22,93.96,94.31,92.66,93.23,83.5498,912126
2022-07-25,93.42,93.95,93.16,93.65,83.9262,638847
2022-07-26,93.4,93.6787,92.79,92.96,83.3079,590602
2022-07-27,93.33,95.01,92.9401,94.65,84.8224,1111963
2022-07-28,94.95,95.6,93.85,95.47,85.5573,751341
2022-07-29,94.79,96.06,94.74,95.82,85.8709,780831
2022-08-01,95.35,96.4,95.06,95.96,85.9964,814480
2022-08-02,95.7,96.09,94.84,94.86,85.0106,563915
2022-08-03,95.57,96.34,95.21,95.99,86.0233,557661
2022-08-04,95.83,95.96,95.37,95.42,85.5124,581087
2022-08-05,94.47,95.485,94.3,95.27,85.378,349452
2022-08-08,95.62,96.18,95.28,95.51,85.5931,709764
2022-08-09,95.22,95.5,94.43,94.79,84.9479,488835
2022-08-10,96.0,96.77,96.0,96.63,86.5968,473475
2022-08-11,97.16,98.33,97.16,97.48,87.3585,415380
2022-08-12,97.78,99.15,97.78,99.11,88.8193,820881
2022-08-15,98.33,99.23,98.3,99.1,88.8103,382139
2022-08-16,98.93,99.9,98.82,99.37,89.0523,475818
2022-08-17,98.55,98.8,97.6314,98.2,88.0038,383770
2022-08-18,98.36,99.1095,98.1295,98.98,88.7028,328741
2022-08-19,98.49,98.61,97.81,98.08,87.8963,408075
2022-08-22,97.03,97.03,95.64,95.82,85.8709,554959
2022-08-23,95.98,96.7209,95.76,95.78,85.8351,261455
2022-08-24,95.65,96.4,95.4204,96.1,86.1218,430577
2022-08-25,96.34,97.83,96.31,97.83,87.6722,311947
2022-08-26,97.83,97.88,94.74,94.74,84.903,515145
2022-08-29,94.15,95.14,93.95,94.28,84.4908,480139
2022-08-30,94.48,94.51,92.85,93.33,83.6394,338025
2022-08-31,93.31,93.59,92.4,92.4,82.806,1140395
2022-09-01,91.85,92.65,91.01,92.54,82.9315,1576427
2022-09-02,93.48,94.0,91.54,91.91,82.3669,1848040
2022-09-06,92.35,92.35,90.83,91.14,81.6768,867421
2022-09-07,90.92,92.515,90.6672,92.37,82.7791,502971
2022-09-08,91.825,93.06,91.35,93.05,83.3885,733867
2022-09-09,93.62,94.79,93.62,94.55,84.7328,484215
2022-09-12,95.18,96.04,95.14,95.53,85.611,440597
2022-09-13,93.67,93.85,91.16,91.46,81.9636,364314
2022-09-14,91.58,91.95,90.585,91.31,81.8292,1176680
2022-09-15,91.21,92.14,90.765,91.03,81.5783,942598
2022-09-16,89.97,90.44,89.5,90.32,80.942,806318
2022-09-19,89.455,90.99,89.455,90.92,81.4797,340518
2022-09-20,89.88,89.94,88.56,89.08,79.8307,469433
2022-09-21,89.46,90.27,87.64,87.66,78.5582,556951
2022-09-22,87.74,87.8632,86.82,86.85,77.8323,815827
2022-09-23,85.64,85.74,83.855,85.0,76.1744,1171747
2022-09-26,83.73,84.42,82.52,82.79,74.8667,1207881
2022-09-27,83.55,84.15,82.12,82.69,74.7763,1472193
2022-09-28,83.0,84.87,82.76,84.47,76.386,2214350
2022-09-29,83.74,83.74,82.12,82.82,74.8939,1908009
2022-09-30,82.81,83.55,81.73,81.86,74.0258,1023576
2022-10-03,82.87,84.82,82.56,84.37,76.2955,686457
2022-10-04,85.57,87.47,85.57,87.44,79.0717,885104
2022-10-05,86.29,87.71,85.8,87.2,78.8547,483221
2022-10-06,86.81,87.5,86.11,86.24,77.9866,730859
2022-10-07,85.12,85.4,83.742,84.19,76.1328,583131
2022-10-10,84.2,84.48,82.94,83.45,75.4636,689885
2022-10-11,82.89,84.51,82.6,83.35,75.3732,621443
2022-10-12,83.23,83.86,82.79,82.98,75.0386,601439
2022-10-13,81.67,85.69,81.32,85.42,77.245,1012247
2022-10-14,85.69,86.29,83.84,83.95,75.9157,838834
2022-10-17,85.53,85.91,84.95,85.26,77.1004,949287
2022-10-18,86.69,87.06,85.33,86.29,78.0318,610822
2022-10-19,85.64,86.4321,84.96,85.62,77.4259,547329
2022-10-20,85.84,87.19,85.32,85.54,77.3536,711266
2022-10-21,85.6,88.21,85.5826,88.12,79.6867,515251
2022-10-24,88.66,89.51,88.21,89.26,80.7175,600252
2022-10-25,89.19,90.69,89.015,90.47,81.8117,520547
2022-10-26,90.62,91.986,90.62,91.11,82.3905,352923
2022-10-27,91.38,92.02,90.75,90.86,82.1644,887085
2022-10-28,91.08,93.08,91.08,93.05,84.1448,513850
2022-10-31,92.395,93.04,92.1708,92.58,83.7198,425111
2022-11-01,93.56,93.575,92.41,93.05,84.1448,518589
2022-11-02,92.87,94.13,91.12,91.13,82.4086,789276
2022-11-03,89.81,90.75,89.33,90.15,81.5224,593520
2022-11-04,91.29,92.48,90.43,91.84,83.0506,559004
2022-11-07,92.3,92.8,91.63,92.72,83.8464,325198
2022-11-08,92.855,93.8044,92.07,93.1,84.19,570784
2022-11-09,92.3,92.92,91.12,91.22,82.49,340034
2022-11-10,93.85,95.39,93.6707,95.29,86.1705,690910
2022-11-11,95.28,96.535,94.86,96.23,87.0205,945344
2022-11-14,96.09,97.03,95.52,95.59,86.4417,323459
2022-11-15,96.63,96.98,95.31,96.16,86.9572,356221
2022-11-16,95.38,95.68,94.364,94.48,85.438,406182
2022-11-17,93.24,94.71,93.24,94.67,85.6098,288991
2022-11-18,95.4,95.53,94.6391,95.38,86.2518,327165
2022-11-21,94.98,95.25,94.39,95.06,85.9625,254476
2022-11-22,95.52,96.65,95.52,96.62,87.3732,530802
2022-11-23,96.29,96.96,96.1945,96.85,87.5812,322955
2022-11-25,96.69,97.2472,96.69,97.08,87.7892,132075
2022-11-28,96.16,96.57,95.07,95.34,86.2157,307968
2022-11-29,95.38,96.1478,95.38,95.84,86.6678,534363
2022-11-30,95.7,97.89,94.92,97.89,88.5216,741377
2022-12-01,98.04,98.55,97.31,97.57,88.2323,614156
2022-12-02,96.16,97.44,96.16,97.27,87.961,555485
2022-12-05,96.62,96.82,95.22,95.55,86.4056,465071
2022-12-06,95.38,95.85,93.79,94.4,85.3656,443803
2022-12-07,94.24,95.11,94.0501,94.49,85.447,283373
2022-12-08,94.96,95.39,94.71,95.01,85.9173,562061
2022-12-09,94.53,95.44,94.36,94.41,85.3747,236130
2022-12-12,94.3,95.77,94.2156,95.73,86.5684,361990
2022-12-13,97.54,97.6,95.05,95.51,87.0313,1027871
2022-12-14,95.3,96.31,94.35,95.01,86.5756,776613
2022-12-15,93.91,94.0,92.39,92.74,84.5072,1053504
2022-12-16,91.9,92.035,90.84,91.51,83.3863,354592
2022-12-19,91.67,91.71,90.05,90.62,82.5754,445021
2022-12-20,90.2,91.11,90.2,90.59,82.548,747318
2022-12-21,91.405,92.0217,91.19,91.79,83.6415,405567
2022-12-22,91.03,91.11,89.2268,90.69,82.6391,351655
2022-12-23,90.43,91.22,90.22,91.22,83.1221,462179
2022-12-27,91.07,91.43,90.67,91.21,83.113,552841
2022-12-28,91.01,91.45,89.76,89.82,81.8464,382720
2022-12-29,90.22,91.43,90.22,91.23,83.1312,332763
2022-12-30,90.61,91.17,90.27,91.14,83.0492,338017
2023-01-03,91.49,92.0,90.65,91.15,83.0583,437432
2023-01-04,91.84,93.3,91.69,92.58,84.3614,645231
2023-01-05,91.89,92.4658,91.5,92.11,83.9331,273072
2023-01-06,92.72,94.71,92.63,94.45,86.0654,293678
2023-01-09,94.66,95.4571,94.18,94.21,85.8467,1343036
2023-01-10,94.08,94.9,93.76,94.88,86.4572,231483
2023-01-11,95.13,95.65,94.67,95.65,87.1588,1283729
2023-01-12,95.82,96.47,95.135,96.06,87.5324,1035488
2023-01-13,95.17,96.08,94.78,95.95,87.4322,419625
2023-01-17,95.9,96.155,95.2402,95.39,86.9219,796447
2023-01-18,95.62,95.88,93.77,93.77,85.4457,631761
2023-01-19,93.16,93.615,92.63,93.07,84.8079,308473
2023-01-20,93.43,94.54,92.84,94.52,86.1291,356578
2023-01-23,94.77,96.3601,94.77,95.96,87.4413,388597
2023-01-24,95.56,96.56,95.025,95.68,87.1862,372395
2023-01-25,95.11,96.53,94.965,96.49,87.9243,477856
2023-01-26,96.94,97.22,95.96,97.21,88.5803,292591
2023-01-27,96.41,97.55,96.41,97.13,88.5074,272653
2023-01-30,96.47,97.1199,95.991,96.03,87.5051,238158
2023-01-31,96.06,97.68,96.06,97.68,89.0086,452521
2023-02-01,97.35,99.1,96.51,98.37,89.6374,281285
2023-02-02,98.8,99.94,98.42,99.54,90.7035,1902263
2023-02-03,98.46,99.22,98.06,98.34,89.61,550560
2023-02-06,97.39,97.677,96.89,97.18,88.553,345536
2023-02-07,96.81,98.33,96.53,98.07,89.364,294143
2023-02-08,97.48,97.95,97.0,97.08,88.4619,188062
2023-02-09,97.75,98.1594,96.29,96.57,87.9972,350851
2023-02-10,96.55,97.42,96.44,97.37,88.7261,176516
2023-02-13,97.09,98.34,97.05,98.34,89.61,209231
2023-02-14,97.88,98.77,97.35,98.21,89.4916,475018
2023-02-15,97.54,98.47,97.36,98.45,89.7103,275595
2023-02-16,97.37,98.58,97.37,97.72,89.0451,269053
2023-02-17,97.31,97.5,96.67,97.33,88.6897,184506
2023-02-21,96.28,96.61,94.87,95.02,86.5848,245106
2023-02-22,95.2,95.48,94.45,94.8,86.3843,442295
2023-02-23,95.28,95.64,94.13,95.13,86.685,202299
2023-02-24,94.0,94.5,93.59,94.31,85.9378,286271
2023-02-27,94.78,95.3899,94.13,94.26,85.8922,280795
2023-02-28,94.34,94.43,93.73,93.73,85.4093,207420
2023-03-01,93.59,94.27,93.5601,93.84,85.5095,247859
2023-03-02,93.37,94.64,93.15,94.42,86.038,258963
2023-03-03,94.67,95.74,94.6,95.61,87.1224,211255
2023-03-06,95.61,95.93,94.94,95.1,86.6577,535011
2023-03-07,94.93,94.9769,93.37,93.5,85.1997,165650
2023-03-08,93.48,93.93,93.2,93.81,85.4822,490310
2023-03-09,93.72,94.13,91.61,91.81,83.6597,257064
2023-03-10,91.47,92.17,89.845,90.46,82.4296,277741
2023-03-13,89.15,90.24,88.37,88.98,81.0809,644416
2023-03-14,90.33,91.06,89.18,90.19,82.1835,451372
2023-03-15,88.56,88.77,87.56,88.74,80.8622,397345
2023-03-16,88.06,90.37,87.89,90.255,82.2428,615000
2023-03-17,90.04,90.05,88.43,88.77,80.8896,381789
2023-03-20,89.01,90.19,89.01,89.81,81.8373,589679
2023-03-21,90.68,91.24,90.505,90.93,82.8578,212529
2023-03-22,90.81,91.32,89.02,89.03,81.1265,307737
2023-03-23,88.71,89.7,87.41,88.06,80.9583,350970
2023-03-24,87.43,88.65,87.1,88.58,81.4363,282341
2023-03-27,89.21,89.75,88.8,89.23,82.0339,348566
2023-03-28,89.03,89.55,88.89,89.24,82.0431,285201
2023-03-29,90.29,91.05,90.16,90.96,83.6244,1883941
2023-03-30,91.56,91.85,91.1017,91.45,84.0749,272126
2023-03-31,91.63,92.65,91.63,92.59,85.1229,308149
2023-04-03,92.63,93.35,92.63,93.14,85.6286,303297
2023-04-04,93.36,93.41,91.6,92.08,84.6541,319713
2023-04-05,91.65,92.05,91.46,92.02,84.5989,333235
2023-04-06,91.8,92.28,91.71,91.97,84.5529,207163
2023-04-10,91.74,92.925,91.74,92.925,85.4309,472981
2023-04-11,93.14,93.81,93.14,93.45,85.9136,323011
2023-04-12,93.87,94.05,92.67,92.8,85.316,359522
2023-04-13,92.93,93.42,92.27,93.17,85.6562,350034
2023-04-14,93.19,93.84,92.525,93.07,85.5642,355426
2023-04-17,92.86,93.57,92.86,93.55,86.0055,416456
2023-04-18,93.7,93.91,93.22,93.58,86.0331,327070
2023-04-19,92.795,92.93,92.45,92.76,85.2792,648105
2023-04-20,92.06,92.1397,91.44,91.77,84.3691,681324
2023-04-21,91.85,91.85,91.16,91.62,84.2312,654122
2023-04-24,91.37,91.75,91.28,91.65,84.2587,270355
2023-04-25,91.13,91.2206,90.19,90.23,82.9533,551802
2023-04-26,90.12,90.31,89.09,89.27,82.0707,359620
2023-04-27,89.48,90.4,89.1208,90.35,83.0636,409461
2023-04-28,90.5,91.62,90.5,91.58,84.1944,357700
2023-05-01,91.57,92.12,91.37,91.37,84.0013,178172
2023-05-02,91.05,91.24,89.06,89.86,82.6131,338912
2023-05-03,89.88,90.53,89.17,89.26,82.0615,826312
2023-05-04,88.86,89.02,87.79,88.11,81.0042,672702
2023-05-05,89.04,90.115,89.04,89.86,82.6131,737284
2023-05-08,89.82,90.011,89.46,89.71,82.4752,505537
2023-05-09,89.08,89.56,88.9178,89.28,82.0799,272966
2023-05-10,89.91,90.01,88.11,88.86,81.6937,462776
2023-05-11,88.35,88.42,87.84,88.34,81.2157,557522
2023-05-12,88.45,88.69,87.63,88.16,81.0502,203870
2023-05-15,88.32,89.18,88.2022,89.1,81.9144,218532
2023-05-16,88.8,88.8788,87.72,87.72,80.6457,312212
2023-05-17,88.18,89.31,87.94,89.11,81.9236,279245
2023-05-18,88.81,89.905,88.74,89.79,82.5487,275167
2023-05-19,89.98,90.27,89.37,89.7,82.466,231697
2023-05-22,89.51,90.135,89.12,89.87,82.6223,212941
2023-05-23,89.54,90.27,89.39,89.39,82.181,229732
2023-05-24,89.0,89.11,88.04,88.22,81.1054,277687
2023-05-25,88.06,88.15,87.162,87.85,80.7652,285551
2023-05-26,88.07,89.27,88.06,89.105,81.919,187248
2023-05-30,89.28,89.51,88.69,89.04,81.8592,300807
2023-05-31,88.11,88.55,87.72,88.22,81.1054,224225
2023-06-01,88.47,89.2,88.02,88.84,81.6754,268664
2023-06-02,89.27,90.65,89.26,90.42,83.1279,249502
2023-06-05,90.6,90.72,89.8,89.86,82.6131,322132
2023-06-06,89.65,91.2,89.65,91.01,83.6704,455642
2023-06-07,90.57,91.9,90.5,91.84,84.9609,429034
2023-06-08,91.66,91.94,91.31,91.85,84.9701,261967
2023-06-09,91.98,92.17,91.52,91.7,84.8314,364948
2023-06-12,91.65,92.62,91.65,92.52,85.5899,387512
2023-06-13,93.02,93.7847,92.78,93.6,86.589,632100
2023-06-14,93.34,93.85,92.49,93.06,86.0895,512173
2023-06-15,92.86,94.255,92.86,94.1,87.0516,482585
2023-06-16,94.27,94.59,93.89,94.13,87.0793,523419
2023-06-20,93.71,93.89,92.7,92.92,85.96,524317
2023-06-21,92.58,92.76,92.21,92.21,85.3032,400071
2023-06-22,91.82,92.005,91.481,91.92,85.0349,392079
2023-06-23,91.11,91.62,90.88,91.16,84.3318,387905
2023-06-26,91.07,91.9,91.07,91.58,84.7203,336874
2023-06-27,91.45,92.91,91.28,92.79,85.8397,200023
2023-06-28,92.4,92.75,91.95,92.73,85.7842,452921
2023-06-29,92.77,93.23,92.562,93.2,86.219,258701
2023-06-30,93.79,94.07,93.39,93.79,86.7648,199108
2023-07-03,93.78,94.5199,93.73,94.48,87.4031,269086
2023-07-05,93.98,94.35,93.77,93.91,86.8758,251284
2023-07-06,92.93,93.1,92.2805,92.93,85.9692,220111
2023-07-07,92.89,94.07,92.7,93.13,86.1542,258812
2023-07-10,93.01,93.9,93.0,93.83,86.8018,407216
2023-07-11,94.05,95.11,94.0,95.04,87.9212,250209
2023-07-12,95.7,95.84,95.06,95.15,88.0229,679904
2023-07-13,95.56,95.8,95.21,95.67,88.504,632367
2023-07-14,95.74,95.74,94.46,94.53,87.4494,255967
2023-07-17,94.01,94.79,93.81,94.49,87.4124,243513
2023-07-18,94.35,95.575,94.35,95.34,88.1987,464435
2023-07-19,95.8,96.4907,95.8,96.24,89.0313,183603
2023-07-20,95.89,96.35,95.81,96.085,88.8879,142377
2023-07-21,96.39,96.57,95.9,96.24,89.0313,163616
2023-07-24,96.16,96.94,96.16,96.68,89.4383,183706
2023-07-25,96.28,96.91,96.23,96.6,89.3643,181780
2023-07-26,96.41,97.2,96.3957,96.92,89.6604,283086
2023-07-27,97.41,97.83,96.43,96.64,89.4013,208048
2023-07-28,97.15,97.46,96.59,97.01,89.7436,126018
2023-07-31,97.02,97.44,96.91,97.29,90.0026,228317
2023-08-01,96.96,97.27,96.7,97.04,89.7714,195642
2023-08-02,96.34,96.51,95.88,96.01,88.8185,282981
2023-08-03,95.68,95.9944,94.93,95.67,88.504,240176
2023-08-04,95.72,96.6999,95.54,95.7,88.5317,227816
2023-08-07,95.84,96.61,95.84,96.58,89.3458,151178
2023-08-08,95.55,96.33,95.0,96.27,89.059,222617
2023-08-09,96.14,96.48,95.62,95.7,88.5317,553908
2023-08-10,96.18,96.67,94.98,95.27,88.1339,381247
2023-08-11,94.8,95.51,94.8,95.25,88.1154,252724
2023-08-14,94.99,95.43,94.72,95.42,88.2727,187595
2023-08-15,94.67,94.77,93.91,93.98,86.9406,982498
2023-08-16,93.8,94.12,92.931,92.95,85.9877,411085
2023-08-17,93.1,93.48,92.23,92.31,85.3957,1041251
2023-08-18,91.77,92.99,91.77,92.75,85.8027,353922
2023-08-21,92.65,93.13,92.2297,92.96,85.997,405673
2023-08-22,93.03,93.32,92.4,92.46,85.5344,314572
2023-08-23,92.58,93.16,92.335,93.11,86.1357,214499
2023-08-24,93.055,93.56,92.07,92.1,85.2014,293360
2023-08-25,92.25,92.74,91.41,92.36,85.4419,338604
2023-08-28,92.64,93.43,92.64,93.16,86.182,224505
2023-08-29,93.09,94.35,93.09,94.31,87.2459,339621
2023-08-30,94.15,94.58,94.02,94.39,87.3199,419132
2023-08-31,94.49,94.82,94.4,94.46,87.3846,268306
2023-09-01,94.9,95.46,94.84,95.16,88.0322,296792
2023-09-05,95.06,95.13,94.13,94.15,87.0978,137929
2023-09-06,93.93,94.15,93.3,93.91,86.8758,142690
2023-09-07,93.38,93.72,93.21,93.55,86.5428,182434
2023-09-08,93.47,94.08,93.47,93.94,86.9036,152449
2023-09-11,94.03,94.43,93.7196,94.0,86.9591,270604
2023-09-12,93.77,94.715,93.77,94.13,87.0793,176566
2023-09-13,94.22,94.7,93.63,93.88,86.8481,246676
2023-09-14,94.44,94.92,94.44,94.88,87.7732,461867
2023-09-15,94.35,94.78,93.81,94.09,87.0423,224275
2023-09-18,94.015,94.24,93.71,93.95,86.9128,176307
2023-09-19,93.93,94.22,93.465,93.84,86.8111,235631
2023-09-20,94.06,94.48,93.19,93.19,86.2097,376401
2023-09-21,92.6,92.8,91.97,91.97,85.0811,268376
2023-09-22,92.22,92.35,91.59,91.6,84.7388,205349
2023-09-25,91.28,91.97,91.26,91.93,85.0441,252911
2023-09-26,90.68,91.03,89.9,90.0,83.8791,238289
2023-09-27,90.31,90.64,89.52,90.24,84.1028,236549
2023-09-28,90.06,91.1669,90.02,90.8,84.6247,299470
2023-09-29,91.27,91.51,90.415,90.72,84.5502,490145
2023-10-02,90.79,90.84,89.444,89.89,83.7766,322081
2023-10-03,89.37,90.01,88.625,88.9,82.8539,355096
2023-10-04,88.99,89.09,88.03,88.9,82.8539,508057
2023-10-05,88.71,89.19,88.24,88.82,82.7794,294690
2023-10-06,88.45,89.95,87.83,89.42,83.3386,344930
2023-10-09,89.09,90.3,89.01,90.14,84.0096,223321
2023-10-10,90.24,91.22,90.24,90.74,84.5688,227054
2023-10-11,90.96,91.2547,90.44,91.07,84.8764,195234
2023-10-12,91.13,91.13,89.43,89.99,83.8698,222976
2023-10-13,90.35,90.57,89.29,89.54,83.4504,256039
2023-10-16,89.99,90.94,89.99,90.58,84.4197,319909
2023-10-17,89.98,91.35,89.98,90.9,84.7179,413201
2023-10-18,90.42,90.58,89.57,89.69,83.5902,610494
2023-10-19,89.95,90.3,88.77,88.87,82.826,411224
2023-10-20,88.95,89.28,88.03,88.03,82.0431,706914
2023-10-23,87.81,88.22,87.01,87.12,81.195,511492
2023-10-24,87.53,88.2,87.51,87.89,81.9126,484188
2023-10-25,87.53,87.8,86.69,86.95,81.0366,470808
2023-10-26,86.9,87.37,86.31,86.66,80.7663,619694
2023-10-27,86.93,87.2,85.71,85.95,80.1046,345511
2023-10-30,86.22,86.83,85.8101,86.55,80.6638,326117
2023-10-31,86.58,87.53,86.57,87.45,81.5026,376025
2023-11-01,87.43,88.43,87.33,88.22,82.2202,499804
2023-11-02,88.98,89.95,88.8,89.9,83.7859,478908
2023-11-03,90.74,91.86,90.74,91.44,85.2212,219786
2023-11-06,91.49,91.55,90.75,90.96,84.7738,253322
2023-11-07,90.77,91.11,90.5,90.81,84.634,264740
2023-11-08,90.69,90.69,89.69,89.97,83.8512,204871
2023-11-09,90.12,90.21,89.02,89.06,83.0031,196778
2023-11-10,89.47,90.48,89.18,90.36,84.2147,205937
2023-11-13,89.95,90.28,89.75,90.01,83.8885,211815
2023-11-14,91.0,92.65,91.0,92.42,86.1346,524822
2023-11-15,92.33,93.43,92.33,93.11,86.7776,318530
2023-11-16,92.54,92.84,91.8002,92.47,86.1812,247629
2023-11-17,92.55,93.11,92.55,93.11,86.7776,141671
2023-11-20,92.82,93.75,92.745,93.54,87.1784,283031
2023-11-21,93.13,93.262,92.72,92.83,86.5167,183737
2023-11-22,93.13,93.48,93.01,93.27,86.9267,163687
2023-11-24,93.23,93.76,93.23,93.66,87.2902,52176
2023-11-27,93.18,93.52,93.14,93.35,87.0013,168019
2023-11-28,93.07,93.57,92.94,93.22,86.8801,259856
2023-11-29,93.88,94.6994,93.86,93.99,87.5978,210187
2023-11-30,94.13,94.66,93.89,94.65,88.2129,263904
2023-12-01,94.27,95.7401,94.14,95.68,89.1728,181817
2023-12-04,95.23,95.91,95.17,95.48,88.9864,550275
2023-12-05,95.18,95.39,94.9463,95.09,88.623,711640
2023-12-06,95.34,96.09,94.84,94.89,88.4366,814614
2023-12-07,95.12,95.94,95.01,95.75,89.2381,299249
2023-12-08,95.71,96.67,95.71,96.42,89.8625,267023
2023-12-11,96.835,97.58,96.835,97.46,90.8318,168673
2023-12-12,97.24,97.46,96.86,97.13,90.5242,218336
2023-12-13,96.89,98.7,96.5,98.64,91.9315,1220457
2023-12-14,99.55,101.23,99.55,100.92,94.0565,818357
2023-12-15,100.59,101.1,100.11,100.33,93.5066,554418
2023-12-18,100.68,100.68,100.0699,100.16,93.3482,723478
2023-12-19,100.31,101.2,100.27,101.16,94.2801,554174
2023-12-20,100.04,100.58,98.76,98.76,92.6441,482908
2023-12-21,99.41,100.01,99.11,99.92,93.7323,329117
2023-12-22,100.15,100.84,99.99,100.42,94.2014,570571
2023-12-26,100.54,101.6,100.54,101.42,95.1394,178680
2023-12-27,101.44,101.59,101.16,101.49,95.2051,472686
2023-12-28,101.21,101.74,101.21,101.55,95.2614,241703
2023-12-29,101.36,101.66,100.92,101.16,94.8955,259720
2024-01-02,100.5,101.835,100.5,101.3,95.0269,370085
2024-01-03,100.57,100.93,99.94,100.29,94.0794,184330
2024-01-04,99.96,100.52,99.76,99.76,93.5822,383602
2024-01-05,99.62,100.91,99.6,100.32,94.1075,477053
2024-01-08,100.19,101.35,100.11,101.34,95.0644,309734
2024-01-09,100.65,100.85,100.31,100.55,94.3233,306405
2024-01-10,100.47,100.5,99.89,100.33,94.1169,283793
2024-01-11,100.05,100.2,99.2,99.82,93.6385,737535
2024-01-12,99.74,100.36,99.34,99.55,93.3852,116828
2024-01-16,99.02,99.3201,98.56,99.02,92.888,348977
2024-01-17,98.14,98.6421,97.74,98.17,92.0907,345291
2024-01-18,98.34,98.41,97.47,98.36,92.2689,930407
2024-01-19,98.47,99.94,98.24,99.69,93.5166,264870
2024-01-22,99.98,100.535,99.84,100.07,93.873,170486
2024-01-23,100.19,100.58,99.94,100.45,94.2295,169701
2024-01-24,100.84,101.02,100.04,100.14,93.9387,308002
2024-01-25,101.03,101.52,100.97,101.49,95.2051,449546
2024-01-26,100.51,101.05,100.25,100.48,94.2576,353510
2024-01-29,100.36,100.89,100.08,100.83,94.586,237550
2024-01-30,101.07,101.52,100.9522,101.37,95.0925,439483
2024-01-31,101.08,101.68,100.29,100.3,94.0888,485427
2024-02-01,100.64,101.1779,99.78,101.17,94.9049,416243
2024-02-02,100.57,101.2143,99.95,100.73,94.4922,423998
2024-02-05,100.27,100.29,99.52,99.85,93.6666,390615
2024-02-06,99.88,100.5,99.86,100.3,94.0888,269800
2024-02-07,100.64,100.73,99.98,100.48,94.2576,555917
2024-02-08,100.34,100.57,100.02,100.52,94.2952,415233
2024-02-09,100.45,100.9602,100.2299,100.89,94.6422,211422
2024-02-12,100.82,102.41,100.82,102.0,95.6835,451397
2024-02-13,100.4,100.79,99.33,100.075,93.8777,219217
2024-02-14,100.65,101.05,100.3262,101.0,94.7454,687488
2024-02-15,101.02,102.34,101.02,102.09,95.7679,610057
2024-02-16,101.85,102.175,101.51,101.59,95.2989,270128
2024-02-20,101.07,101.57,101.07,101.41,95.13,374299
2024-02-21,101.35,101.64,100.99,101.62,95.327,490445
2024-02-22,101.96,102.37,101.69,102.13,95.8055,240816
2024-02-23,102.17,102.715,102.0772,102.37,96.0306,660890
2024-02-26,102.37,102.78,101.985,101.985,95.6694,187275
2024-02-27,102.2,102.51,102.04,102.37,96.0306,231145
2024-02-28,101.95,102.62,101.86,102.15,95.8242,1147676
2024-02-29,102.76,103.09,102.29,102.83,96.4621,332622
2024-03-01,103.17,103.9796,102.8808,103.89,97.4565,290955
2024-03-04,103.97,104.92,103.93,104.39,97.9255,325536
2024-03-05,103.91,104.63,103.44,103.84,97.4096,343850
2024-03-06,104.39,105.2497,104.37,104.77,98.282,285124
2024-03-07,105.19,105.85,105.19,105.47,98.9386,458923
2024-03-08,105.74,106.08,105.08,105.08,98.5728,299457
2024-03-11,104.74,105.65,104.74,105.57,99.0324,327827
2024-03-12,105.7,106.01,105.22,105.81,99.2576,550341
2024-03-13,105.61,106.42,105.48,105.72,99.1731,379088
2024-03-14,105.76,105.76,103.95,104.54,98.0662,473435
2024-03-15,104.15,104.94,103.72,104.46,97.9912,440452
2024-03-18,104.72,104.99,104.21,104.8,98.3101,150807
2024-03-19,104.51,105.35,104.49,105.25,98.7322,299747
2024-03-20,105.14,106.62,105.025,106.54,99.9424,321822
2024-03-21,106.36,107.0,106.32,106.61,100.6599,265052
2024-03-22,106.69,106.87,106.11,106.11,100.1879,267422
2024-03-25,105.8,106.27,105.8,105.98,100.0651,384860
2024-03-26,106.04,106.38,105.92,105.94,100.0273,365571
2024-03-27,106.41,107.79,106.41,107.79,101.7741,263973
2024-03-28,107.71,108.54,107.71,108.31,102.2651,268744
2024-04-01,108.365,108.495,107.78,107.88,101.8591,338683
2024-04-02,106.89,107.11,106.515,106.79,100.8299,346522
2024-04-03,106.03,106.885,106.03,106.74,100.7827,378155
2024-04-04,107.46,107.8,105.4616,105.62,99.7252,239810
2024-04-05,105.535,106.33,105.15,106.05,100.1312,204810
2024-04-08,106.08,106.43,105.91,105.96,100.0462,407497
2024-04-09,106.31,106.52,105.41,106.39,100.4522,222444
2024-04-10,104.98,105.14,103.89,104.24,98.4222,474212
2024-04-11,104.52,104.6,103.44,104.26,98.4411,362571
2024-04-12,103.62,103.69,102.2101,102.45,96.7321,511920
2024-04-15,103.38,103.88,101.55,101.93,96.2411,437696
2024-04-16,102.04,102.04,100.95,101.23,95.5802,409268
2024-04-17,101.59,101.86,100.57,100.82,95.1931,333860
2024-04-18,101.17,101.65,100.53,100.85,95.2214,234719
2024-04-19,100.85,101.58,100.85,101.24,95.5897,256474
2024-04-22,101.63,102.53,101.27,101.99,96.2978,156150
2024-04-23,102.27,103.16,102.1407,102.8,97.0626,247256
2024-04-24,102.92,103.3,102.5,103.12,97.3647,214487
2024-04-25,102.14,102.74,101.62,102.5,96.7793,153575
2024-04-26,101.77,102.53,101.615,102.17,96.4677,265591
2024-04-29,102.36,102.91,102.32,102.81,97.072,143374
2024-04-30,102.23,102.23,100.95,100.95,95.3158,1957127
2024-05-01,100.25,101.5596,99.9701,100.16,94.5699,516082
2024-05-02,100.96,101.06,100.0,100.79,95.1648,197102
2024-05-03,101.55,102.06,101.18,101.44,95.7785,255371
2024-05-06,101.99,102.31,101.86,102.27,96.5622,174690
2024-05-07,102.4,102.88,102.16,102.16,96.4583,253106
2024-05-08,101.79,102.46,101.625,102.35,96.6377,222629
2024-05-09,102.37,103.07,102.2,103.05,97.2986,229740
2024-05-10,103.47,103.54,103.116,103.25,97.4875,122762
2024-05-13,103.57,104.22,103.47,103.52,97.7424,598836
2024-05-14,103.89,104.13,103.605,103.95,98.1484,184482
2024-05-15,104.68,105.09,104.3316,105.02,99.1587,248645
2024-05-16,104.98,105.2,104.555,104.56,98.7244,777516
2024-05-17,104.72,104.85,104.35,104.67,98.8282,248491
2024-05-20,104.75,105.0,104.315,104.4,98.5733,216432
2024-05-21,104.14,104.47,104.07,104.41,98.5827,271815
2024-05-22,104.19,104.575,103.74,104.2,98.3845,242197
2024-05-23,104.52,104.52,102.58,102.78,97.0437,359674
2024-05-24,103.16,103.72,103.16,103.42,97.648,170769
2024-05-28,103.31,103.5,102.31,102.64,96.9115,229367
2024-05-29,101.76,101.76,101.42,101.52,95.854,183282
2024-05-30,101.78,102.61,101.69,102.48,96.7604,221057
2024-05-31,102.52,104.16,102.1439,104.11,98.2995,264253
2024-06-03,104.21,104.23,102.72,103.45,97.6763,470910
2024-06-04,103.09,103.38,102.65,103.07,97.3175,453147
2024-06-05,103.8,103.8,102.93,103.73,97.9407,176564
2024-06-06,103.44,103.78,103.185,103.46,97.6858,175933
2024-06-07,102.95,103.77,102.8,103.24,97.478,237114
2024-06-10,102.89,103.69,102.6,103.68,97.8935,201345
2024-06-11,102.63,102.72,101.95,102.58,97.4101,822550
2024-06-12,103.6,103.85,102.4,102.71,97.5336,364545
2024-06-13,102.39,102.43,101.52,102.32,97.1632,413170
2024-06-14,101.63,101.89,100.82,101.62,96.4985,413348
2024-06-17,101.58,102.25,101.1,102.25,97.0968,188357
2024-06-18,102.16,102.98,102.16,102.68,97.5051,250887
2024-06-20,102.61,103.15,102.5801,102.95,97.7615,253317
2024-06-21,102.93,103.2601,102.47,103.12,97.9229,246323
2024-06-24,103.07,104.25,103.07,103.74,98.5117,333552
2024-06-25,103.8,103.8,102.82,103.12,97.9229,140444
2024-06-26,102.75,102.8,102.38,102.65,97.4766,117740
2024-06-27,102.425,102.61,102.19,102.6,97.4291,303453
2024-06-28,102.9,103.81,102.9,103.46,98.2458,343833
2024-07-01,103.55,103.92,102.98,103.14,97.9419,164674
2024-07-02,102.78,103.49,102.78,103.415,98.203,134676
2024-07-03,103.48,103.71,103.145,103.24,98.0369,121783
2024-07-05,103.09,103.21,102.44,102.92,97.733,402572
2024-07-08,103.24,104.1005,103.24,103.83,98.5971,144684
2024-07-09,103.94,104.59,103.65,104.14,98.8915,136849
2024-07-10,104.295,105.27,104.22,105.2,99.8981,179468
2024-07-11,105.5,106.1699,105.5,105.85,100.5153,357328
2024-07-12,106.06,107.5,106.06,106.8,101.4174,246065
2024-07-15,106.97,107.71,106.94,107.13,101.7308,180577
2024-07-16,107.4,109.2,107.356,109.15,103.649,188002
2024-07-17,108.53,109.82,108.53,109.03,103.5351,632635
2024-07-18,109.06,110.3,108.21,108.43,102.9653,689858
2024-07-19,108.4,108.4,107.055,107.17,101.7688,236319
2024-07-22,107.21,107.62,106.265,107.6,102.1771,152305
2024-07-23,107.03,107.03,106.42,106.5,101.1326,149060
2024-07-24,106.3,106.9147,105.92,105.97,100.6293,398516
2024-07-25,105.71,107.26,105.71,105.76,100.4299,331056
2024-07-26,106.39,107.52,106.39,107.22,101.8163,195237
2024-07-29,107.58,107.58,106.77,106.98,101.5884,126297
2024-07-30,107.14,107.76,106.8,107.15,101.7498,442486
2024-07-31,107.91,108.54,107.25,107.59,102.1676,1201586
2024-08-01,107.58,107.98,105.18,105.67,100.3444,226702
2024-08-02,103.39,103.55,101.366,102.02,96.8783,246063
2024-08-05,98.96,100.23,98.505,99.32,94.3144,366787
2024-08-06,99.58,101.1163,99.37,99.91,94.8747,379815
2024-08-07,101.015,101.54,99.1,99.14,94.1435,866358
2024-08-08,99.67,101.4,99.67,101.32,96.2136,166076
2024-08-09,101.31,101.735,100.75,101.36,96.2516,177402
2024-08-12,101.46,101.47,100.51,100.67,95.5964,278856
2024-08-13,101.15,102.16,101.03,102.1,96.9543,222402
2024-08-14,102.27,102.48,101.88,102.18,97.0303,159870
2024-08-15,103.6,104.08,103.47,103.87,98.6351,132020
2024-08-16,103.35,104.42,103.35,104.37,99.1099,185866
2024-08-19,104.44,105.385,104.44,105.385,100.0738,105892
2024-08-20,105.16,105.195,104.7132,104.8,99.5182,181882
2024-08-21,105.17,105.55,105.0,105.5,100.183,125192
2024-08-22,105.66,105.83,104.79,105.01,99.7177,282847
2024-08-23,105.49,106.93,105.49,106.87,101.4839,153720
2024-08-26,107.13,107.45,106.65,106.74,101.3605,520313
2024-08-27,106.41,106.67,106.21,106.53,101.1611,149497
2024-08-28,106.17,106.765,105.76,106.26,100.9047,96294
2024-08-29,106.79,107.39,105.99,106.67,101.294,150526
2024-08-30,107.22,108.09,106.81,108.03,102.5855,181778
2024-09-03,107.29,107.71,105.9,106.23,100.8762,159296
2024-09-04,106.0,106.685,105.5,105.85,100.5153,404301
2024-09-05,105.72,105.75,104.62,104.98,99.6892,277415
2024-09-06,104.97,105.53,103.48,103.66,98.4357,193670
2024-09-09,104.13,105.19,104.11,104.69,99.4138,558374
2024-09-10,104.67,104.67,103.3,104.22,98.9675,218590
2024-09-11,103.96,104.53,102.22,104.43,99.1669,384886
2024-09-12,104.41,105.29,103.87,105.07,99.7746,379525
2024-09-13,105.51,106.41,105.51,106.3,100.9426,421974
2024-09-16,106.5,107.6,106.5,107.52,102.1012,167281
2024-09-17,107.76,108.5,107.3105,107.7,102.2721,258912
2024-09-18,107.63,109.11,107.46,107.56,102.1391,173569
2024-09-19,109.08,109.32,108.39,108.87,103.3831,168895
2024-09-20,108.03,108.55,107.6509,108.37,102.9083,284183
2024-09-23,108.51,108.895,108.41,108.84,103.3546,187432
2024-09-24,108.86,109.23,108.8,109.08,103.5825,243162
2024-09-25,108.19,108.21,107.38,107.47,102.8542,183196
2024-09-26,108.24,108.71,108.24,108.59,103.9261,153993
2024-09-27,109.19,109.695,108.95,109.08,104.3951,443721
2024-09-30,108.85,109.14,108.08,109.04,104.3568,218274
2024-10-01,108.81,108.91,107.77,108.37,103.7156,404384
2024-10-02,108.32,108.74,107.9,108.28,103.6294,455171
2024-10-03,107.74,108.17,107.495,107.99,103.3519,175112
2024-10-04,108.43,108.88,108.15,108.8,104.1271,826184
2024-10-07,108.43,108.85,108.04,108.5,103.84,152373
2024-10-08,108.64,108.83,108.09,108.66,103.9931,157486
2024-10-09,108.74,109.87,108.46,109.77,105.0554,206498
2024-10-10,109.52,109.55,108.82,109.06,104.3759,169567
2024-10-11,109.36,110.37,109.3,110.16,105.4287,265222
2024-10-14,110.27,111.01,110.04,110.95,106.1848,142508
2024-10-15,110.995,111.42,109.92,110.0,105.2756,426122
2024-10-16,110.5,111.185,110.49,111.14,106.3666,167736
2024-10-17,111.11,111.19,110.59,110.9,106.1369,181956
2024-10-18,110.87,110.92,110.39,110.84,106.0795,122029
2024-10-21,110.49,110.625,109.44,109.56,104.8545,174412
2024-10-22,108.93,109.45,108.76,109.26,104.5673,135336
2024-10-23,109.03,109.54,108.52,109.27,104.5769,120342
2024-10-24,109.31,109.36,108.62,109.04,104.3568,115179
2024-10-25,109.59,109.9,108.44,108.47,103.8113,86967
2024-10-28,108.68,109.5,108.68,109.34,104.6439,87390
2024-10-29,108.49,108.95,108.38,108.61,103.9453,112008
2024-10-30,108.21,109.1,108.21,108.24,103.5911,92449
2024-10-31,108.27,108.528,107.62,107.62,102.9978,1602563
2024-11-01,108.23,108.805,107.815,107.89,103.2562,150134
2024-11-04,107.85,108.49,107.49,107.7,103.0743,105443
2024-11-05,107.49,109.04,107.49,109.04,104.3568,99126
2024-11-06,111.24,112.59,110.9701,112.35,107.5246,207534
2024-11-07,112.33,112.76,112.2,112.41,107.582,170078
2024-11-08,112.39,112.915,112.22,112.67,107.8309,3303651
2024-11-11,113.19,114.01,113.19,113.51,108.6348,102456
2024-11-12,113.39,113.39,112.05,112.38,107.5533,304861
2024-11-13,112.39,112.95,112.305,112.66,107.8213,1100483
2024-11-14,112.68,113.03,111.92,112.0,107.1897,338326
2024-11-15,111.35,111.69,110.85,110.97,106.2039,371383
2024-11-18,111.11,111.93,111.11,111.64,106.8451,334094
2024-11-19,110.62,111.29,110.25,111.025,106.2565,193385
2024-11-20,111.01,111.38,110.7,111.345,106.5628,191756
2024-11-21,111.56,113.16,111.47,112.86,108.0127,160498
2024-11-22,112.91,114.25,112.91,114.13,109.2282,253051
2024-11-25,114.97,115.88,114.97,115.38,110.4245,840861
2024-11-26,115.16,115.16,114.08,114.52,109.6014,170161
2024-11-27,114.4,114.8149,113.75,114.11,109.209,581574
2024-11-29,114.38,114.91,114.38,114.565,109.6445,108511
2024-12-02,114.73,114.73,113.92,114.17,109.2665,265942
2024-12-03,114.428,114.57,113.5,113.5,108.6252,172137
2024-12-04,113.71,113.71,112.54,112.95,108.0989,177049
2024-12-05,113.03,113.235,112.36,112.42,107.5916,162111
2024-12-06,112.66,112.97,112.13,112.36,107.5342,156361
2024-12-09,112.63,112.81,111.66,111.71,106.9121,153045
2024-12-10,111.58,111.585,110.42,110.66,105.9072,315363
2024-12-11,111.01,111.01,110.12,110.31,105.5722,121253
2024-12-12,110.11,110.68,110.11,110.11,105.3808,156936
2024-12-13,110.09,110.09,109.505,109.79,105.0746,181738
2024-12-16,109.705,109.8705,109.01,109.08,104.3951,867701
2024-12-17,107.89,108.39,107.445,107.64,103.7282,249810
2024-12-18,107.76,108.19,104.67,104.68,100.8758,342537
2024-12-19,104.87,105.59,104.01,104.01,100.2301,548641
2024-12-20,103.81,106.15,103.81,105.6,101.7624,472969
2024-12-23,105.25,106.09,104.985,106.03,102.1767,378046
2024-12-24,106.075,106.87,105.85,106.84,102.9573,101432
2024-12-26,106.41,107.2972,106.41,107.17,103.2753,154299
2024-12-27,106.55,107.29,105.97,106.52,102.6489,343641
2024-12-30,105.69,105.805,104.53,105.29,101.4636,849822
2024-12-31,105.62,106.1,105.09,105.61,101.772,1557361
2025-01-02,106.11,106.59,104.913,105.46,101.6274,436541
2025-01-03,105.88,106.6503,105.365,106.5,102.6296,204425
2025-01-06,107.11,108.23,106.95,107.07,103.1789,498770
2025-01-07,107.48,107.97,106.41,106.75,102.8706,281588
2025-01-08,106.43,106.53,105.45,106.45,102.5815,1641698
2025-01-10,105.72,105.91,104.8802,105.02,101.2034,523078
2025-01-13,104.63,105.8,104.58,105.78,101.9358,343936
2025-01-14,106.25,106.92,105.89,106.82,102.938,485826
2025-01-15,108.59,108.81,108.05,108.33,104.3931,478682
2025-01-16,108.28,108.9,107.855,108.75,104.7979,159667
2025-01-17,109.74,109.94,109.3815,109.7,105.7134,240543
2025-01-21,110.21,111.08,110.21,110.94,106.9083,351357
2025-01-22,110.9,111.015,110.54,110.62,106.5999,375263
2025-01-23,110.51,111.37,110.47,111.34,107.2938,278168
2025-01-24,111.36,111.49,110.88,111.04,107.0047,114814
2025-01-27,110.21,111.0,110.1139,110.82,106.7927,307313
2025-01-28,110.39,110.39,109.2826,109.74,105.7519,374745
2025-01-29,110.25,110.75,109.5931,109.84,105.8483,238547
2025-01-30,110.37,111.33,110.31,110.97,106.9372,338306
2025-01-31,110.99,111.4401,109.87,110.0,106.0025,286845
2025-02-03,108.2,109.895,107.79,109.34,105.3664,498765
2025-02-04,109.025,109.9,108.94,109.67,105.6844,157997
2025-02-05,110.02,110.71,109.6,110.57,106.5517,378577
2025-02-06,110.61,110.69,109.435,110.01,106.0121,844344
2025-02-07,110.34,110.42,109.28,109.42,105.4435,359920
2025-02-10,110.05,110.05,109.49,109.87,105.8772,250135
2025-02-11,109.45,110.5,109.45,110.35,106.3397,387159
2025-02-12,109.7,110.48,109.51,110.42,106.4072,279237
2025-02-13,111.13,112.0,111.03,111.9,107.8334,694363
2025-02-14,111.83,112.57,111.78,112.01,107.9394,353661
2025-02-18,112.33,113.53,112.32,113.47,109.3463,1977950
2025-02-19,112.94,113.67,112.77,113.56,109.4331,909249
2025-02-20,113.46,113.525,112.52,113.38,109.2596,190441
2025-02-21,113.14,113.29,111.44,111.64,107.5829,481487
2025-02-24,111.92,112.08,111.09,111.43,107.3805,377687
2025-02-25,111.54,111.95,110.82,111.2,107.1588,326972
2025-02-26,111.48,112.0,110.74,111.04,107.0047,238947
2025-02-27,111.19,111.75,109.96,110.0,106.0025,232839
2025-02-28,109.87,111.23,109.3404,111.16,107.1203,417700
2025-03-03,111.66,112.13,108.8901,109.58,105.5977,312725
2025-03-04,108.83,108.86,106.85,107.19,103.2946,440896
2025-03-05,107.23,108.547,106.55,108.16,104.2293,313455
2025-03-06,106.97,108.09,106.59,107.41,103.5066,666160
2025-03-07,106.91,109.0,106.91,108.76,104.8075,389809
2025-03-10,107.78,108.6,106.25,107.12,103.2271,326794
2025-03-11,106.62,106.7186,104.52,105.25,101.4251,618229
2025-03-12,105.96,105.96,104.28,105.0,101.1842,382130
2025-03-13,105.54,106.49,104.5,104.89,101.0782,514214
2025-03-14,105.45,106.895,105.45,106.75,102.8706,2303074
2025-03-17,106.78,108.81,106.78,108.36,104.4221,200972
2025-03-18,107.42,107.74,107.06,107.49,104.2368,490704
2025-03-19,107.36,108.71,107.18,108.1,104.8284,3291355
2025-03-20,107.33,108.185,107.22,107.57,104.3144,693045
2025-03-21,106.68,107.23,106.05,106.96,103.7229,898368
2025-03-24,107.93,108.67,107.93,108.51,105.226,883547
2025-03-25,108.595,108.84,108.09,108.42,105.1387,1204985
2025-03-26,108.61,109.27,107.79,108.09,104.8187,559168
2025-03-27,107.53,107.93,107.01,107.39,104.1399,373580
2025-03-28,107.18,107.43,105.46,105.83,102.6271,285486
2025-03-31,105.07,107.03,104.81,106.65,103.4223,565487
2025-04-01,106.35,106.85,105.28,106.53,103.3059,341339
2025-04-02,105.62,107.61,105.62,107.24,103.9944,974077
2025-04-03,104.28,104.62,101.85,101.88,98.7966,864765
2025-04-04,99.09,99.75,95.67,95.85,92.9491,2356773
2025-04-07,93.03,98.8,91.8,95.49,92.6,1011232
2025-04-08,98.56,98.56,92.14,93.5,90.6702,1068324
2025-04-09,92.48,101.33,91.84,100.79,97.7396,893323
2025-04-10,98.9,98.98,94.79,97.21,94.268,1770927
2025-04-11,96.79,98.76,95.73,98.42,95.4413,558096
2025-04-14,99.83,100.28,98.58,99.64,96.6244,809501
2025-04-15,99.63,100.492,99.46,99.54,96.5274,924499
2025-04-16,98.94,99.79,97.245,98.09,95.1213,1089123
2025-04-17,97.84,99.45,97.84,98.65,95.6644,373325
2025-04-21,97.97,97.97,96.01,96.93,93.9964,207710
2025-04-22,97.52,99.36,97.52,99.03,96.0329,617251
2025-04-23,101.06,102.69,100.22,100.49,97.4487,1056581
2025-04-24,100.35,102.16,100.17,102.06,98.9712,652491
2025-04-25,101.32,101.695,100.8,101.52,98.4475,289357
2025-04-28,101.62,102.53,101.13,102.08,98.9906,670861
2025-04-29,101.45,102.745,101.25,102.39,99.2912,284683
2025-04-30,101.36,102.91,100.49,102.56,99.456,527630
2025-05-01,103.1,103.76,102.47,102.67,99.5627,257635
2025-05-02,103.99,104.66,103.72,104.45,101.2888,508446
2025-05-05,103.74,104.58,103.74,104.05,100.9009,252921
2025-05-06,103.25,104.24,103.02,103.48,100.3482,361735
2025-05-07,103.71,104.3,103.22,103.92,100.7749,247066
2025-05-08,104.58,105.96,104.46,105.0,101.8222,315168
2025-05-09,105.25,105.42,104.68,105.07,101.8901,419728
2025-05-12,107.69,108.19,107.22,108.06,104.7896,433493
2025-05-13,108.18,108.8,107.935,108.31,105.032,610457
2025-05-14,108.23,108.41,107.23,107.39,104.1399,467029
2025-05-15,107.23,108.82,107.23,108.82,105.5266,373285
2025-05-16,108.56,109.555,108.31,109.55,106.2345,293241
2025-05-19,108.48,109.61,108.48,109.47,106.1569,265302
2025-05-20,109.36,109.73,108.87,109.27,105.963,390453
2025-05-21,108.55,108.76,106.92,107.0,103.7617,408953
2025-05-22,106.84,107.16,106.17,106.48,103.2574,421097
2025-05-23,105.25,106.27,105.25,106.0,102.7919,469660
2025-05-27,107.04,107.8201,106.495,107.76,104.4987,353743
2025-05-28,107.65,107.81,106.73,106.89,103.655,313945
2025-05-29,107.23,107.3299,106.08,107.02,103.7811,348218
2025-05-30,106.62,107.37,106.16,106.99,103.752,826122
2025-06-02,106.76,107.07,105.7,107.055,103.815,831878
2025-06-03,106.84,108.41,106.475,108.36,105.0805,429437
2025-06-04,108.54,108.83,108.08,108.11,104.8381,211597
2025-06-05,108.37,108.81,107.64,108.01,104.7411,358293
2025-06-06,108.82,109.55,108.82,109.28,105.9727,201224
2025-06-09,109.59,110.34,109.59,109.8,106.4769,366296
2025-06-10,110.1,111.35,109.98,111.17,107.8055,300494
2025-06-11,111.37,111.37,110.09,110.57,107.2236,627618
2025-06-12,109.98,110.77,109.83,110.77,107.4176,444885
2025-06-13,109.72,110.46,109.2,109.48,106.1666,449283
2025-06-16,109.575,110.4,109.53,110.08,107.4709,212615
2025-06-17,109.75,110.28,108.96,109.02,106.4361,311059
2025-06-18,109.12,110.03,109.005,109.38,106.7875,449524
2025-06-20,110.14,110.335,109.37,109.67,107.0707,867060
2025-06-23,109.67,110.63,108.9,110.57,107.9493,927627
2025-06-24,111.14,112.22,111.14,112.06,109.404,375086
2025-06-25,111.94,111.94,111.22,111.41,108.7694,266994
2025-06-26,111.76,112.46,111.76,112.42,109.7555,299194
2025-06-27,112.5,113.14,111.9,112.6,109.9312,805409
2025-06-30,113.07,113.42,112.74,113.21,110.5268,414518
2025-07-01,112.9,115.35,112.9,114.88,112.1572,679335
2025-07-02,114.58,115.34,114.16,115.18,112.4501,329555
2025-07-03,115.5,116.13,115.5,115.8,113.0554,180192
2025-07-07,115.23,115.565,113.92,114.42,111.7081,442862
2025-07-08,114.53,115.64,114.53,115.28,112.5477,405889
2025-07-09,115.41,115.74,114.76,115.42,112.6844,268388
2025-07-10,115.59,116.39,115.33,116.03,113.2799,323012
2025-07-11,115.38,115.43,114.7389,115.08,112.3524,131594
2025-07-14,114.66,115.08,114.34,114.98,112.2548,582623
2025-07-15,115.32,115.46,113.45,113.49,110.8001,453038
2025-07-16,113.55,113.67,112.11,113.35,110.6634,408992
2025-07-17,113.19,114.03,113.16,113.99,111.2883,199205
2025-07-18,114.44,114.44,113.7,113.97,111.2687,457288
2025-07-21,114.37,114.87,113.98,114.03,111.3273,276591
2025-07-22,114.18,114.985,114.15,114.86,112.1376,268164
2025-07-23,115.17,116.51,115.17,116.51,113.7485,280644
2025-07-24,116.14,116.4,115.48,115.54,112.8015,1009600
2025-07-25,115.155,115.645,114.59,115.61,112.8699,150252
2025-07-28,115.61,115.63,114.94,115.11,112.3817,157793
2025-07-29,115.38,115.44,114.65,114.8,112.0791,126197
2025-07-30,114.92,115.22,113.68,114.3,111.5909,280111
2025-07-31,113.75,114.35,112.69,112.95,110.2729,268242
2025-08-01,111.98,112.07,110.525,111.55,108.9061,272331
2025-08-04,112.04,112.71,111.96,112.69,110.0191,421802
2025-08-05,112.91,113.445,112.22,113.04,110.3608,318887
2025-08-06,113.175,113.52,112.77,113.08,110.3998,795133
2025-08-07,113.89,114.19,112.79,113.24,110.556,775168
2025-08-08,113.61,114.62,113.55,114.44,111.7276,409767
2025-08-11,114.91,115.66,114.06,114.34,111.63,992977
2025-08-12,114.89,116.585,114.835,116.51,113.7485,690729
2025-08-13,116.78,117.87,116.53,117.73,114.9396,441673
2025-08-14,116.71,118.07,116.48,117.92,115.1251,673473
2025-08-15,117.99,117.99,116.95,116.95,114.1781,658319
2025-08-18,116.87,117.54,116.86,117.23,114.4515,455789
2025-08-19,117.41,118.65,117.41,117.87,115.0763,374611
2025-08-20,117.59,117.59,116.5,117.04,114.266,242331
2025-08-21,116.6,116.96,116.12,116.77,114.0024,267365
2025-08-22,117.27,119.69,117.27,119.43,116.5993,339068
2025-08-25,119.34,119.39,118.9,118.94,116.1209,405195
2025-08-26,118.81,119.24,118.77,119.15,116.326,412734
2025-08-27,118.94,119.92,118.94,119.8,116.9606,441611
2025-08-28,119.99,120.145,119.4,120.08,117.2339,306635
2025-08-29,119.71,120.2199,119.35,119.68,116.8434,238831
2025-09-02,118.33,119.07,117.9428,119.07,116.2479,267907
2025-09-03,118.83,119.165,118.17,118.72,115.9062,885934
2025-09-04,118.87,120.03,118.58,119.99,117.1461,344145
2025-09-05,120.42,121.02,119.45,120.42,117.5659,1039676
2025-09-08,120.12,120.12,119.1,119.94,117.0972,625524
2025-09-09,119.85,120.29,119.74,120.08,117.2339,512026
2025-09-10,120.28,120.64,119.65,120.39,117.5366,252459
2025-09-11,120.89,122.51,120.85,122.26,119.3623,229855
2025-09-12,122.16,122.41,121.57,121.65,118.7667,454680
2025-09-15,121.87,122.29,121.44,121.72,118.8351,225859
2025-09-16,121.16,121.51,120.5,121.1,118.8743,303677
2025-09-17,121.14,122.73,120.56,121.5,119.267,556265
2025-09-18,123.5,124.32,123.06,123.99,121.7112,6029518
2025-09-19,123.9,123.9,122.89,123.09,120.8277,249648
2025-09-22,122.79,123.27,122.66,123.05,120.7885,239262
2025-09-23,123.2,124.61,123.2,123.47,121.2008,215870
2025-09-24,123.64,124.11,123.23,123.6,121.3284,280892
2025-09-25,123.13,123.62,122.63,123.35,121.083,490651
2025-09-26,123.85,124.87,123.8,124.63,122.3394,455843
2025-09-29,125.09,125.09,124.42,124.85,122.5554,575084
2025-09-30,124.55,125.24,124.13,125.05,122.7517,431089
2025-10-01,124.775,126.87,124.775,126.81,124.4794,512148
2025-10-02,127.13,127.13,126.19,126.94,124.607,523452
2025-10-03,127.26,128.13,127.21,127.41,125.0684,160232
2025-10-06,128.27,128.62,127.18,127.21,124.872,216212
2025-10-07,127.63,127.63,125.8,126.21,123.8904,230193
2025-10-08,126.46,127.19,126.09,126.93,124.5972,185251
2025-10-09,126.79,127.17,125.58,125.84,123.5272,216774
2025-10-10,126.31,126.46,122.27,122.29,120.0425,708294
2025-10-13,123.62,124.53,123.6,124.11,121.829,372877
2025-10-14,122.79,125.91,122.6643,125.06,122.7615,698223
2025-10-15,126.23,126.72,124.92,126.37,124.0475,304720
2025-10-16,126.63,126.91,124.7,125.32,123.0168,428629
2025-10-17,125.09,126.24,124.95,125.875,123.5616,417647
2025-10-20,126.85,127.46,126.85,127.25,124.9113,210458
2025-10-21,127.655,128.91,127.6268,128.45,126.0892,201154
2025-10-22,128.19,128.31,126.45,127.42,125.0782,383985
2025-10-23,127.42,128.32,127.37,128.24,125.8831,246654
2025-10-24,129.56,130.1412,129.56,129.83,127.4439,552653
2025-10-27,130.64,131.175,130.37,130.88,128.4746,232209
2025-10-28,130.47,131.33,130.0,130.79,128.3862,329489
2025-10-29,131.2,131.73,130.01,130.3,127.9052,700816
2025-10-30,129.28,130.9,129.27,129.57,127.1887,465252
2025-10-31,129.85,130.825,129.48,130.41,128.0132,616690
2025-11-03,131.06,131.06,129.17,130.57,128.1703,240712
2025-11-04,128.83,129.54,128.1,128.27,125.9125,279369
2025-11-05,128.4,130.83,128.4,130.18,127.7874,891045
2025-11-06,130.16,130.81,128.85,129.41,127.0316,427032
2025-11-07,128.91,130.28,128.13,130.28,127.8856,387997
2025-11-10,131.45,131.88,130.385,131.47,129.0537,531239
2025-11-11,131.07,132.01,130.76,131.47,129.0537,498877
2025-11-12,131.72,133.05,131.72,132.67,130.2317,325928
2025-11-13,132.67,133.01,130.335,130.74,128.3372,1082275
2025-11-14,129.22,131.69,129.19,130.66,128.2586,702083
2025-11-17,130.23,130.95,127.83,128.4,126.0402,867498
2025-11-18,127.5,128.98,126.99,128.02,125.6671,472488
2025-11-19,127.89,129.05,127.31,127.82,125.4708,448001
2025-11-20,129.14,129.72,124.55,124.67,122.3787,1734144
2025-11-21,125.14,128.29,125.02,127.39,125.0487,2200882
2025-11-24,128.08,129.4699,128.0,128.97,126.5997,356835
2025-11-25,129.05,131.12,129.05,130.84,128.4353,351509
2025-11-26,131.2,132.709,131.2,132.05,129.6231,221485
2025-11-28,132.33,133.77,132.33,133.67,131.2133,236494
2025-12-01,132.58,133.985,132.58,133.24,130.7912,210349
2025-12-02,133.7,134.3912,133.08,134.03,131.5667,610543
2025-12-03,134.06,135.4289,134.06,135.37,132.8821,344022
2025-12-04,135.13,135.29,134.36,134.71,132.2342,385739
2025-12-05,134.745,136.23,134.745,135.31,132.8232,201814
2025-12-08,135.82,135.88,134.95,135.29,132.8035,265848
2025-12-09,135.08,136.12,135.08,135.49,132.9999,290933
2025-12-10,135.42,138.48,135.2051,138.27,135.7288,470447
2025-12-11,137.93,138.61,137.58,138.58,136.0331,1008437
2025-12-12,138.58,138.74,136.4407,136.78,134.2661,327003
2025-12-15,137.43,137.88,136.75,136.97,134.4527,447935
2025-12-16,136.07,136.3615,134.61,135.16,133.4681,337747
2025-12-17,135.45,135.775,133.92,134.04,132.3621,408367
2025-12-18,135.88,136.51,134.96,135.13,133.4385,445261
2025-12-19,135.24,137.07,135.22,136.59,134.8802,563993
2025-12-22,137.56,137.68,137.13,137.59,135.8677,243567
2025-12-23,137.28,137.82,137.07,137.27,135.5517,255119
2025-12-24,137.25,138.28,137.25,138.2,136.4701,109228
2025-12-26,138.33,138.33,137.82,138.26,136.5293,397518
2025-12-29,137.66,138.43,137.65,138.14,136.4108,171685
2025-12-30,138.4,138.505,137.94,137.97,136.243,653270
2025-12-31,138.05,138.05,136.66,136.73,135.0185,484657
2026-01-02,137.73,139.65,137.52,139.35,137.6057,565190
2026-01-05,140.26,140.75,139.95,140.49,138.7314,612757
2026-01-06,140.76,143.22,140.73,143.08,141.289,579639
2026-01-07,142.89,143.12,141.48,141.73,139.9559,745152
2026-01-08,141.76,142.7,141.66,142.32,140.5385,655225
2026-01-09,142.92,144.415,142.74,144.24,142.4345,629645
2026-01-12,143.39,143.85,143.03,143.7,141.9012,550093
2026-01-13,144.01,144.28,143.18,143.67,141.8716,2770402
2026-01-14,143.465,144.02,142.95,143.69,141.8914,4146338
2026-01-15,144.99,145.41,144.43,144.51,142.7011,652757
2026-01-16,145.17,146.03,144.29,144.49,142.6813,536960
2026-01-20,142.93,144.495,142.42,142.84,141.052,1695599
2026-01-21,144.1,147.14,144.1,146.58,144.7452,2384597
2026-01-22,147.49,147.8733,146.525,147.33,145.4858,668823
2026-01-23,145.75,145.845,144.37,145.05,143.2343,1264343
2026-01-26,145.02,145.39,144.51,144.75,142.9381,1148647
2026-01-27,145.72,146.55,145.35,146.11,144.2811,445159
2026-01-28,147.12,148.46,147.12,147.96,146.1079,972437
2026-01-29,148.32,148.96,146.52,148.47,146.6115,910701
2026-01-30,148.61,149.21,146.38,147.18,145.3377,1210402
2026-02-02,146.36,149.94,146.36,149.63,147.757,1353673
2026-02-03,149.84,150.78,147.96,149.57,147.6978,1390980
2026-02-04,149.77,150.995,147.76,149.13,147.2633,2250116
2026-02-05,147.88,149.64,147.15,148.15,146.2955,2764510
2026-02-06,149.0,152.1,148.995,151.88,149.9788,993788
2026-02-09,150.82,151.93,149.84,151.33,149.4357,1195578
2026-02-10,151.17,151.82,150.69,150.81,148.9222,609292
2026-02-11,152.29,153.19,151.37,152.9,150.9861,1305597
2026-02-12,152.8,154.31,149.71,149.87,147.994,1434333
2026-02-13,149.7,152.52,149.01,151.56,149.6628,1233973
2026-02-17,151.06,151.91,149.72,150.85,148.9617,1063053
2026-02-18,151.04,153.1423,150.42,152.3,150.3936,1289401
2026-02-19,151.66,151.815,150.65,151.38,149.4851,976990
2026-02-20,150.91,152.49,150.75,152.42,150.5121,898449
2026-02-23,151.61,152.51,149.495,150.24,148.3594,719496
2026-02-24,150.46,151.85,150.46,151.15,149.258,1326418
2026-02-25,151.76,152.29,151.16,151.99,150.0875,652754
2026-02-26,152.08,152.89,149.97,151.12,149.2284,624096
2026-02-27,149.57,150.825,149.44,150.79,148.9025,728147
2026-03-02,148.89,150.48,148.405,150.29,148.4087,1934930
2026-03-03,146.63,148.0,144.65,147.1,145.2587,5852596
2026-03-04,148.08,149.76,147.41,149.26,147.3916,1595555
2026-03-05,148.42,149.29,146.22,147.63,145.782,3786979
2026-03-06,145.08,145.66,144.07,144.56,142.7505,1736901
2026-03-09,142.65,145.75,140.93,145.34,143.5207,2736280
2026-03-10,145.49,148.0,145.45,145.72,143.8959,2129852
2026-03-11,145.96,147.108,145.675,146.37,144.5378,1456315
2026-03-12,145.12,145.12,143.72,143.79,141.9901,2285857
2026-03-13,144.99,146.215,144.43,144.69,142.8788,1936565
2026-03-16,146.56,147.555,145.95,146.185,144.3551,1430061
2026-03-17,146.83,147.48,146.57,147.01,145.7991,610661
2026-03-18,146.81,147.08,145.455,145.48,144.2817,1455448
2026-03-19,143.07,146.37,142.87,145.36,144.1627,1471581
2026-03-20,145.7,145.8,142.2,143.1,141.9213,1426586
2026-03-23,145.08,146.01,143.305,143.8,142.6156,1286539
2026-03-24,142.97,145.33,142.81,144.91,143.7164,501858
2026-03-25,145.46,146.21,144.55,145.56,144.3611,907344
2026-03-26,144.16,145.06,142.84,142.9,141.723,546116
2026-03-27,142.47,143.04,140.79,141.08,139.918,566942
2026-03-30,142.38,142.445,137.85,138.48,137.3394,619680
2026-03-31,139.67,142.29,139.26,142.19,141.0188,2363126
2026-04-01,143.6,145.63,143.25,144.76,143.5677,1393743
2026-04-02,142.045,145.52,142.02,145.22,144.0239,678792
2026-04-06,145.55,146.66,145.52,146.25,145.0454,597414
2026-04-07,145.77,146.56,144.91,146.31,145.1049,984902
2026-04-08,150.54,151.7,149.74,151.65,150.4009,1519532
2026-04-09,151.36,153.09,150.93,152.83,151.5712,715058
2026-04-10,153.04,153.08,151.97,152.14,150.8869,627669
2026-04-13,151.51,153.48,151.1,153.46,152.196,489883
2026-04-14,153.83,155.015,152.62,155.015,153.7382,569162
2026-04-15,154.57,155.055,153.17,154.47,153.1977,3388076
2026-04-16,154.5,156.35,154.19,156.28,154.9928,474593
2026-04-17,157.35,158.855,157.16,158.22,156.9168,826563
2026-04-20,157.98,158.56,157.66,158.11,156.8077,463109
2026-04-21,158.94,159.53,157.88,158.23,156.9267,570872
2026-04-22,159.23,160.01,158.615,159.11,157.7995,428803
2026-04-23,159.3,160.97,158.48,159.91,158.5929,808216
2026-04-24,163.25,163.85,161.88,162.33,160.9929,2559532
2026-04-27,163.21,164.65,162.79,163.53,162.1831,959059
2026-04-28,161.84,162.94,160.395,162.11,160.7748,691379
2026-04-29,163.66,164.97,163.33,164.97,163.6112,578575
2026-04-30,165.89,167.29,165.11,167.07,165.6939,759998
2026-05-01,166.83,169.2,166.74,168.31,166.9237,729832
2026-05-04,168.69,169.96,167.79,167.96,166.5766,2616881
2026-05-05,170.46,174.58,170.46,173.91,172.4776,843309
2026-05-06,176.43,177.41,174.19,177.36,175.8991,877831
2026-05-07,176.37,177.13,173.93,174.81,173.3702,1354549
2026-05-08,177.11,183.01,177.11,182.59,181.0861,1004379
2026-05-11,185.75,186.945,183.825,185.19,183.6647,1529439
2026-05-12,183.29,183.435,178.34,182.23,180.729,2646756
2026-05-13,184.29,184.695,182.135,183.86,182.3456,603389
2026-05-14,184.18,185.83,183.8027,184.16,182.6431,551964
2026-05-15,180.96,181.33,179.51,179.78,178.2992,1115431
2026-05-18,182.03,182.19,176.39,178.07,176.6033,1461254
2026-05-19,176.32,180.17,174.79,178.29,176.8215,1202323
2026-05-20,181.1,182.69,180.19,182.69,181.1852,881470
2026-05-21,181.63,185.04,181.07,184.92,183.3969,720126
2026-05-22,186.05,188.82,185.82,187.33,185.787,569926
2026-05-26,191.15,195.25,190.49,194.55,192.9476,1140476
2026-05-27,197.04,197.07,193.723,195.61,193.9988,664358
2026-05-28,195.815,197.35,193.78,195.95,194.336,608104
2026-05-29,199.03,199.74,197.65,198.12,196.4882,544147
2026-06-01,199.2,202.26,199.16,201.48,199.8205,3497594
2026-06-02,202.96,204.35,201.55,203.7,202.0222,478829
2026-06-03,203.32,203.59,201.43,202.85,201.1792,594605
2026-06-04,200.61,201.8,199.37,200.24,198.5907,752879
2026-06-05,197.4,197.9,191.63,191.92,190.3392,1065135
2026-06-08,195.59,197.28,194.585,195.57,193.9592,777480
2026-06-09,197.535,198.09,188.86,194.81,193.2054,1502137
2026-06-10,192.79,195.43,190.33,190.61,189.04,1172175
2026-06-11,191.24,197.79,191.03,197.58,195.9526,1219673
2026-06-12,197.05,199.73,196.44,198.38,196.746,851037
2026-06-15,202.16,203.1,201.62,202.34,201.3809,775591
2026-06-16,203.02,203.86,198.55,198.66,197.7184,712382
2026-06-17,200.46,200.5725,196.25,196.43,195.499,1339802
2026-06-18,200.16,201.24,199.01,199.92,198.9724,672175
2026-06-22,203.31,204.51,202.83,204.17,203.2023,10961770
2026-06-23,197.15,200.08,196.0,197.11,196.1757,1047270
2026-06-24,198.14,198.47,193.99,196.64,195.708,10152050
2026-06-25,205.77,206.57,201.2704,204.59,203.6203,2980345
2026-06-26,200.44,203.675,199.77,200.09,199.1416,1456981
2026-06-29,200.91,200.97,195.09,200.87,199.9179,3587155
2026-06-30,200.37,201.02,199.18,199.81,198.8629,1445952
2026-07-01,196.94,197.92,195.29,195.47,194.5435,1781691
2026-07-02,196.33,197.7299,190.4,192.97,192.0554,3474574
2026-07-06,194.33,195.39,193.76,194.0,193.0805,749063
2026-07-07,191.61,192.8,190.13,191.87,190.9606,603118
2026-07-08,189.84,192.35,189.51,191.46,190.5525,1074837
2026-07-09,195.0,196.98,194.425,195.1,194.1753,1201617
2026-07-10,194.17,196.332,194.17,195.37,194.444,435572
2026-07-13,193.435,194.42,192.415,193.78,192.8615,732459
2026-07-14,195.88,196.48,194.36,195.3,194.3743,1076759
2026-07-15,195.39,195.39,189.53,191.25,190.3435,3224698
2026-07-16,189.75,191.07,189.0,189.91,189.0099,695578
2026-07-17,188.02,192.0699,187.89,189.35,188.4525,472996
2026-07-20,191.18,191.31,188.67,188.97,188.0743,554703
2026-07-21,192.13,195.38,191.99,195.08,194.1554,408692
2026-07-22,194.63,197.06,194.38,195.49,194.5634,367482
2026-07-23,195.36,197.01,194.61,195.6,194.6729,640271
2026-07-24,194.58,196.04,193.67,194.64,193.7174,430246
2026-07-27,196.25,196.73,192.76,195.36,194.434,410261
2026-07-28,193.2,194.13,191.6195,193.61,192.6923,397368
2026-07-29,194.11,194.4,188.13,188.17,187.2781,869007
2026-07-30,189.88,193.49,188.94,193.33,192.4136,1451175
2026-07-31,195.4,195.71,190.35,191.14,190.234,1039417
2026-08-03,190.9,193.21,189.86,192.91,191.9956,715575
2026-08-04,194.655,198.55,194.06,198.0,197.0615,411246
2026-08-05,197.93,199.395,197.25,197.34,196.4046,630428
2026-08-06,195.45,198.005,194.0,196.2,195.27,496034
2026-08-07,197.89,197.89,195.14,197.63,196.6933,1433902
2026-08-10,197.23,198.68,196.24,197.49,196.5539,369530
2026-08-11,198.1,198.17,196.73,197.77,196.8326,698031
2026-08-12,199.99,200.86,199.515,200.26,199.3108,370208
2026-08-13,200.34,203.39,200.31,202.88,201.9184,430427
2026-08-14,204.38,204.5776,203.09,204.08,203.1127,555568
2026-08-17,204.91,205.955,203.97,204.03,203.0629,366711
2026-08-18,201.89,203.045,200.45,200.57,199.6193,539279
2026-08-19,202.08,202.655,200.5,201.01,200.0572,352706
2026-08-20,200.54,202.22,200.41,201.6,200.6444,359198
2026-08-21,202.97,203.43,202.16,202.52,201.5601,170403
2026-08-24,201.29,201.29,199.02,200.13,199.1814,529244
2026-08-25,201.075,201.53,200.005,201.17,200.2165,778812
2026-08-26,200.57,202.33,200.57,201.85,200.8933,292790
2026-08-27,203.03,203.03,200.51,201.3,200.3459,437828
2026-08-28,201.47,202.38,200.32,201.29,200.3359,347784
2026-08-31,200.39,201.83,200.39,201.54,200.5847,691339
2026-09-01,200.89,201.665,198.74,199.71,198.7634,573615
2026-09-02,200.42,202.23,200.33,202.08,201.1222,385059
2026-09-03,202.44,203.87,200.86,203.87,202.9037,467110
2026-09-04,203.81,205.59,203.34,205.51,204.5359,350689
2026-09-08,206.22,206.22,203.08,203.25,202.2866,360369
2026-09-09,203.2,204.92,202.93,203.3,202.3364,261923
2026-09-10,201.78,202.06,200.7,200.89,199.9378,643476
2026-09-11,202.55,203.37,202.365,203.19,202.2269,484699
2026-09-14,199.57,201.43,199.5,200.64,199.689,968200
2026-09-15,199.99,200.68,199.1,199.43,199.43,661900
2026-09-16,199.75,199.75,195.34,196.69,196.69,1209600
2026-09-17,199.65,200.79,199.52,200.21,200.21,540000
2026-09-18,200.2,200.2,198.38,199.86,199.86,358400
