date,open,high,low,close,adjusted_close,volume
1998-12-22,23.3125,23.3906,23.1875,23.2656,5.7171,30400
1998-12-23,23.3438,23.75,23.3125,23.75,5.8361,135600
1998-12-24,23.8125,23.8125,23.5938,23.625,5.8054,24600
1998-12-28,23.75,23.75,23.3438,23.5,5.7747,27000
1998-12-29,23.5625,23.7344,23.3438,23.7344,5.8323,44000
1998-12-30,23.7188,23.7188,23.3594,23.375,5.744,43600
1998-12-31,23.3438,23.3438,23.2188,23.3438,5.7363,26000
1999-01-04,23.2813,23.75,23.2813,23.3281,5.7325,57200
1999-01-05,23.4688,23.4688,23.1719,23.2031,5.7018,85400
1999-01-06,23.4688,24.0,23.3125,23.9688,5.8899,112800
1999-01-07,23.9688,23.9844,23.5781,23.8594,5.863,145200
1999-01-08,24.0,24.5625,23.375,23.9688,5.8899,842200
1999-01-11,23.75,23.7813,23.4375,23.5156,5.7785,70000
1999-01-12,23.5,23.5938,23.125,23.1563,5.6902,178400
1999-01-13,22.75,23.1875,22.6875,22.8125,5.6058,84800
1999-01-14,22.75,22.875,22.375,22.375,5.4983,140000
1999-01-15,22.5625,22.75,22.4531,22.7188,5.5827,21400
1999-01-19,22.8125,22.8125,22.5313,22.7188,5.5827,25600
1999-01-20,22.5938,22.8125,22.5156,22.5313,5.5367,31600
1999-01-21,22.5313,22.9063,22.5,22.7188,5.5827,47800
1999-01-22,22.75,22.8125,22.5625,22.5938,5.552,38600
1999-01-25,22.6875,22.6875,22.375,22.5625,5.5443,36400
1999-01-26,22.5938,22.5938,22.1563,22.3438,5.4906,51400
1999-01-27,22.375,22.375,21.875,21.9375,5.3907,74200
1999-01-28,22.0,22.0,21.625,21.8125,5.36,61600
1999-01-29,21.6875,21.8125,21.4375,21.8125,5.36,37200
1999-02-01,21.8125,21.875,21.5938,21.5938,5.3063,46200
1999-02-02,21.625,21.8125,21.5313,21.625,5.314,53000
1999-02-03,21.75,22.25,21.75,22.125,5.4368,58800
1999-02-04,22.125,22.3125,22.0625,22.25,5.4675,52000
1999-02-05,22.3125,22.9375,22.1875,22.875,5.6211,132000
1999-02-08,22.9688,23.1875,22.9375,23.1875,5.6979,62200
1999-02-09,23.2188,23.2188,22.75,22.75,5.5904,128600
1999-02-10,22.8438,23.0625,22.6875,22.8125,5.6058,138600
1999-02-11,22.7188,22.7188,22.2813,22.625,5.5597,433600
1999-02-12,22.375,22.625,22.1563,22.1563,5.4445,484600
1999-02-16,22.3281,22.4375,21.7813,22.0,5.4061,73200
1999-02-17,21.875,22.0938,21.75,21.7813,5.3524,83400
1999-02-18,21.75,21.9688,21.5313,21.8438,5.3677,166000
1999-02-19,21.9375,21.9688,21.5313,21.7188,5.337,260600
1999-02-22,21.875,22.0,21.6875,21.9375,5.3907,159000
1999-02-23,22.0,22.0938,21.75,21.75,5.3447,619200
1999-02-24,21.8125,22.0938,21.6563,21.6563,5.3216,69000
1999-02-25,21.6406,21.9063,21.625,21.7656,5.3485,89200
1999-02-26,21.8438,22.0,21.625,21.625,5.314,49800
1999-03-01,21.6719,21.6875,21.3438,21.4063,5.2602,26600
1999-03-02,21.4375,21.5313,21.0938,21.1875,5.2064,110200
1999-03-03,21.375,21.75,21.2188,21.6563,5.3216,206600
1999-03-04,21.8438,22.5625,21.8438,22.4375,5.5136,180800
1999-03-05,23.0,23.0313,22.625,22.8594,5.6173,185400
1999-03-08,22.9844,23.25,22.8906,23.1875,5.6979,215200
1999-03-09,22.9375,23.3125,22.8438,22.9375,5.6365,158000
1999-03-10,23.0313,24.3125,23.0313,24.25,5.959,3467600
1999-03-11,25.0,25.25,24.25,24.5938,6.0435,1818000
1999-03-12,24.875,25.0625,24.25,24.5,6.0204,1208600
1999-03-15,24.5625,24.625,24.0156,24.3125,5.9744,1046000
1999-03-16,24.0938,24.3125,24.0,24.1875,5.9436,546600
1999-03-17,24.3125,24.8438,24.25,24.8125,6.0972,725600
1999-03-18,25.25,25.3125,24.9375,25.125,6.174,665200
1999-03-19,25.25,25.2813,24.625,24.7813,6.1114,520800
1999-03-22,25.0,25.125,24.7344,24.9375,6.1499,330000
1999-03-23,24.75,24.75,24.25,24.5,6.042,275800
1999-03-24,24.625,24.7188,24.1563,24.375,6.0112,122200
1999-03-25,24.3125,24.5625,24.0625,24.4375,6.0266,333000
1999-03-26,24.6875,24.875,24.4688,24.75,6.1037,89400
1999-03-29,25.375,25.6875,25.3438,25.4375,6.2732,168800
1999-03-30,25.2813,25.3125,24.9063,24.9688,6.1576,121600
1999-03-31,25.1563,25.1875,24.5938,24.5938,6.0651,134000
1999-04-01,24.625,24.6563,24.2969,24.5625,6.0574,44000
1999-04-05,24.5625,25.25,24.5625,25.1563,6.2038,116800
1999-04-06,25.0938,25.125,24.7188,24.9063,6.1422,85200
1999-04-07,24.875,24.9063,24.4688,24.6563,6.0805,1672800
1999-04-08,24.7656,25.1875,24.6719,24.9063,6.1422,1704600
1999-04-09,24.9219,25.5,24.8906,25.375,6.2578,104800
1999-04-12,25.25,25.75,25.25,25.5625,6.304,125000
1999-04-13,25.4063,25.7344,25.4063,25.5313,6.2963,135600
1999-04-14,25.5,25.6563,25.2188,25.2188,6.2193,54000
1999-04-15,25.375,26.4375,25.375,26.3125,6.489,518800
1999-04-16,26.5938,27.1563,26.375,27.1406,6.6932,177000
1999-04-19,27.875,28.3438,27.4375,27.4688,6.7741,491000
1999-04-20,27.5625,27.5625,26.7656,27.0313,6.6662,772800
1999-04-21,26.875,27.0625,26.375,26.625,6.566,362400
1999-04-22,26.5625,27.0938,26.25,27.0938,6.6816,791800
1999-04-23,26.9844,27.0,26.5469,26.75,6.5969,32600
1999-04-26,26.5625,26.5625,26.0156,26.1563,6.4505,595600
1999-04-27,26.4531,27.0,26.4375,26.9844,6.6547,164800
1999-04-28,27.125,28.2813,27.125,27.875,6.8743,207400
1999-04-29,26.8125,28.875,26.75,28.7188,7.0824,480200
1999-04-30,28.375,28.625,28.0,28.2344,6.9629,1932200
1999-05-03,28.25,28.9375,28.0,28.9375,7.1363,553200
1999-05-04,28.9688,29.125,28.7344,28.9688,7.144,717000
1999-05-05,28.9375,28.9375,28.1563,28.5469,7.04,762000
1999-05-06,28.6875,28.75,28.0313,28.4688,7.0207,805000
1999-05-07,28.2813,28.6719,28.1094,28.6406,7.0631,721400
1999-05-10,28.6094,28.9063,28.3125,28.3125,6.9822,541400
1999-05-11,28.5,28.5313,28.25,28.4063,7.0053,143200
1999-05-12,27.75,28.0,27.25,27.875,6.8743,1063400
1999-05-13,28.0625,28.3125,27.875,28.0156,6.909,529400
1999-05-14,27.875,28.0625,27.6563,27.8125,6.8589,509800
1999-05-17,27.4375,27.7813,27.375,27.7031,6.8319,211600
1999-05-18,27.4375,27.5,27.0156,27.0625,6.6739,67600
1999-05-19,27.2813,27.5938,27.0156,27.4375,6.7664,561400
1999-05-20,27.3438,27.8438,27.3438,27.75,6.8435,295000
1999-05-21,27.875,28.3438,27.6875,28.1875,6.9514,430200
1999-05-24,28.3125,28.5938,27.5156,27.5156,6.7857,620600
1999-05-25,27.5625,28.1875,27.4063,27.4063,6.7587,902000
1999-05-26,27.7813,28.2813,27.625,28.1875,6.9514,129400
1999-05-27,28.0,28.375,27.3438,27.3438,6.7433,153400
1999-05-28,27.4063,27.8125,27.3125,27.625,6.8127,215600
1999-06-01,27.5625,27.5625,27.0156,27.4688,6.7741,843000
1999-06-02,27.5781,27.8438,27.5781,27.7813,6.8512,64000
1999-06-03,28.0938,28.25,27.875,27.875,6.8743,86600
1999-06-04,28.1563,28.3125,27.875,28.3125,6.9822,45000
1999-06-07,28.3438,28.7344,28.2813,28.6406,7.0631,364600
1999-06-08,28.5,28.5938,28.1875,28.1875,6.9514,339600
1999-06-09,28.1563,28.4688,28.125,28.25,6.9668,28800
1999-06-10,28.375,28.5313,28.125,28.4063,7.0053,244200
1999-06-11,28.5625,28.75,28.4375,28.625,7.0593,163400
1999-06-14,28.75,28.9375,28.5313,28.875,7.1209,542000
1999-06-15,28.9375,29.3438,28.7656,29.2344,7.2096,302600
1999-06-16,29.375,29.375,28.8438,28.9375,7.1363,457600
1999-06-17,28.75,29.0625,28.6875,28.9688,7.144,128600
1999-06-18,29.0,29.125,28.7813,28.875,7.1571,119600
1999-06-21,28.8125,28.8125,27.9688,28.2031,6.9905,175000
1999-06-22,27.875,28.0781,27.8438,27.9063,6.917,502000
1999-06-23,28.125,28.25,28.0156,28.125,6.9712,523600
1999-06-24,27.9375,27.9375,27.5156,27.6563,6.855,465000
1999-06-25,27.6563,27.6563,27.375,27.4375,6.8008,531000
1999-06-28,27.4063,27.5156,27.1719,27.2656,6.7582,111200
1999-06-29,27.2656,27.6563,27.1563,27.6406,6.8511,137400
1999-06-30,27.75,28.2188,27.75,28.0469,6.9518,216000
1999-07-01,28.125,28.3125,27.9688,28.2656,7.006,66400
1999-07-02,28.2813,28.4531,28.0938,28.3594,7.0293,103200
1999-07-06,28.5,29.1094,28.5,28.8906,7.1609,97600
1999-07-07,28.8438,28.8438,28.5938,28.8125,7.1416,241200
1999-07-08,29.0,29.2188,28.9531,29.0,7.1881,188600
1999-07-09,28.8906,29.0938,28.8125,28.9844,7.1842,51400
1999-07-12,29.25,29.2813,29.0,29.2813,7.2578,184400
1999-07-13,29.0313,29.0625,28.8125,29.0,7.1881,92400
1999-07-14,29.0469,29.2188,28.8438,29.0469,7.1997,37600
1999-07-15,29.2344,29.375,29.0625,29.3125,7.2655,66000
1999-07-16,29.0938,29.2188,28.9375,29.125,7.219,54000
1999-07-19,29.0625,29.0938,28.7813,29.0156,7.1919,49200
1999-07-20,28.9063,28.9375,28.25,28.25,7.0022,36800
1999-07-21,28.0625,28.5781,28.0,28.5625,7.0796,81000
1999-07-22,28.0313,28.1875,27.7031,28.1406,6.975,107000
1999-07-23,28.375,28.4531,28.1719,28.2813,7.0099,112600
1999-07-26,28.2188,28.4375,27.75,27.75,6.8782,143600
1999-07-27,27.9375,28.0625,27.6719,27.75,6.8782,59400
1999-07-28,27.7813,28.25,27.5938,28.1563,6.9789,28400
1999-07-29,27.9688,28.2188,27.9063,27.9844,6.9363,58800
1999-07-30,28.4375,28.75,28.375,28.5781,7.0835,81200
1999-08-02,28.3906,28.4531,27.9531,27.9531,6.9286,27000
1999-08-03,28.2031,28.3125,28.0,28.3125,7.0176,49000
1999-08-04,28.2656,28.8281,28.2656,28.7031,7.1145,58200
1999-08-05,28.9219,29.25,28.8438,29.2031,7.2384,117200
1999-08-06,29.375,29.5,29.0938,29.1563,7.2268,80800
1999-08-09,29.5,29.8594,29.3281,29.8594,7.4011,203400
1999-08-10,29.8594,29.9375,29.375,29.6875,7.3585,122800
1999-08-11,29.5938,29.875,29.2656,29.875,7.4049,211800
1999-08-12,29.6875,30.1719,29.6875,29.9375,7.4204,293600
1999-08-13,29.8281,29.9063,29.6875,29.8438,7.3972,446800
1999-08-16,29.7031,29.7031,29.2969,29.5469,7.3236,1744000
1999-08-17,29.5313,29.7656,29.4688,29.7656,7.3778,1101400
1999-08-18,29.5313,29.7813,29.5156,29.5469,7.3236,1350800
1999-08-19,29.4063,29.8438,29.4063,29.75,7.374,504800
1999-08-20,29.6875,29.9219,29.6406,29.8438,7.3972,83200
1999-08-23,29.9063,30.0625,29.7813,30.0,7.4359,196800
1999-08-24,29.7344,29.8125,29.5781,29.8125,7.3894,761400
1999-08-25,29.9375,29.9375,29.3594,29.6719,7.3546,585600
1999-08-26,29.4375,29.4375,28.875,28.9063,7.1648,111200
1999-08-27,29.0,29.1094,28.7188,28.8906,7.1609,77800
1999-08-30,29.0,29.0,28.5,28.5,7.0641,207200
1999-08-31,28.5938,29.1094,28.5625,28.8906,7.1609,582400
1999-09-01,28.8906,29.0625,28.7969,28.8125,7.1416,141600
1999-09-02,28.5938,28.7031,28.3125,28.5,7.0641,99800
1999-09-03,28.8438,28.9375,28.7031,28.8438,7.1493,30600
1999-09-07,28.7813,29.4063,28.7813,29.375,7.281,299800
1999-09-08,29.3125,29.6875,29.1875,29.4688,7.3042,97800
1999-09-09,29.7344,30.2969,29.7344,30.125,7.4669,223600
1999-09-10,30.3125,30.3125,29.9063,30.0313,7.4437,134600
1999-09-13,29.75,29.75,29.4844,29.5625,7.3275,322000
1999-09-14,28.25,29.625,28.25,29.2344,7.2461,452400
1999-09-15,29.0625,29.1875,28.75,28.8125,7.1416,56400
1999-09-16,28.875,28.875,28.5625,28.7969,7.1377,38600
1999-09-17,28.6875,28.9688,28.4688,28.9375,7.2052,821800
1999-09-20,28.9688,28.9688,28.3906,28.5,7.0963,463600
1999-09-21,27.9688,28.0938,27.3125,27.5625,6.8628,407000
1999-09-22,27.6875,28.0,27.5781,27.5938,6.8706,53800
1999-09-23,27.8125,27.9375,27.2813,27.2813,6.7928,261200
1999-09-24,27.25,27.25,26.3594,27.0,6.7228,374400
1999-09-27,27.1875,27.4375,27.0625,27.25,6.785,293000
1999-09-28,27.0313,27.0313,26.25,26.8125,6.6761,1388400
1999-09-29,26.7813,27.5625,26.7813,27.1719,6.7656,735600
1999-09-30,27.25,27.5,27.0938,27.4375,6.8317,1219200
1999-10-01,27.5,27.5,27.25,27.3438,6.8084,170200
1999-10-04,27.625,27.625,26.9844,27.0313,6.7306,136400
1999-10-05,26.7813,26.7813,26.125,26.4375,6.5827,132400
1999-10-06,26.625,26.9063,26.5313,26.9063,6.6994,138400
1999-10-07,26.625,26.625,26.2813,26.4063,6.5749,441000
1999-10-08,26.1875,26.1875,25.6875,26.1094,6.501,730800
1999-10-11,26.125,26.5313,26.125,26.5,6.5983,368600
1999-10-12,26.7188,26.875,26.5469,26.6406,6.6333,91400
1999-10-13,26.75,27.0,26.75,26.8125,6.6761,44400
1999-10-14,26.7813,26.9688,26.625,26.7188,6.6528,1125600
1999-10-15,26.3125,26.5938,26.125,26.3281,6.5555,556200
1999-10-18,26.1563,26.4063,25.9688,26.375,6.5672,487000
1999-10-19,26.4688,26.6719,26.4531,26.4531,6.5866,527600
1999-10-20,26.5938,27.0,26.5156,27.0,6.7228,321400
1999-10-21,27.0625,27.125,26.875,27.125,6.7539,48200
1999-10-22,27.4063,27.7031,27.3438,27.5781,6.8667,598000
1999-10-25,27.375,27.4375,27.0625,27.125,6.7539,109200
1999-10-26,26.875,27.0,26.5,26.5,6.5983,33600
1999-10-27,26.6094,26.8281,26.5,26.7188,6.6528,147600
1999-10-28,27.0781,27.1406,26.8438,26.8438,6.6839,177600
1999-10-29,26.9375,27.0938,26.75,27.0313,6.7306,197000
1999-11-01,27.0625,27.1875,26.9375,27.0156,6.7267,460800
1999-11-02,26.8125,27.0,26.7188,26.7656,6.6644,88000
1999-11-03,26.7656,26.7813,26.5,26.625,6.6294,640400
1999-11-04,26.5938,26.7344,26.0781,26.2031,6.5244,48200
1999-11-05,26.2813,26.3438,25.375,25.5625,6.3649,232000
1999-11-08,25.7813,26.5469,25.7813,26.5313,6.6061,93400
1999-11-09,27.0,27.1094,26.8594,27.0938,6.7461,228600
1999-11-10,27.3438,27.7031,27.3438,27.6875,6.894,517400
1999-11-11,27.7188,27.7188,27.5156,27.6875,6.894,435200
1999-11-12,27.3125,28.0,27.3125,27.875,6.9406,274200
1999-11-15,27.9844,28.0625,27.875,28.0313,6.9796,53400
1999-11-16,28.3125,28.5,28.1563,28.5,7.0963,156200
1999-11-17,28.5938,29.1875,28.5938,29.0,7.2208,113800
1999-11-18,29.125,29.1563,28.7656,29.0,7.2208,133000
1999-11-19,28.6563,28.75,28.3438,28.3438,7.0574,358800
1999-11-22,28.4844,28.5625,27.8906,27.8906,6.9445,719800
1999-11-23,28.0,28.0313,27.25,27.3125,6.8006,718600
1999-11-24,27.2813,27.6563,27.2188,27.6563,6.8862,47000
1999-11-26,27.4375,27.5625,27.25,27.25,6.785,14800
1999-11-29,27.1094,27.125,26.9531,27.0313,6.7306,59000
1999-11-30,27.0156,27.25,26.9219,26.9844,6.7189,28600
1999-12-01,26.9375,27.5156,26.9375,27.5156,6.8512,43400
1999-12-02,27.5,27.5,27.125,27.25,6.785,107600
1999-12-03,27.25,27.5156,27.0938,27.125,6.7539,497000
1999-12-06,27.1875,27.3125,26.9375,27.1094,6.75,297200
1999-12-07,26.9375,27.0625,26.5938,26.5938,6.6216,252000
1999-12-08,26.3438,26.875,26.1563,26.875,6.6917,135800
1999-12-09,27.0313,27.1875,26.7813,27.0938,6.7461,98200
1999-12-10,27.0,27.0,26.3125,26.3125,6.5516,98000
1999-12-13,26.3125,26.75,26.1875,26.4688,6.5905,89800
1999-12-14,26.2813,26.625,26.2188,26.4063,6.5749,1014600
1999-12-15,26.6563,27.25,26.6563,26.9375,6.7072,436200
1999-12-16,27.0313,27.375,27.0156,27.2031,6.7734,124200
1999-12-17,27.1875,27.25,26.75,27.0,6.7426,1911800
1999-12-20,26.875,27.0313,26.375,26.4063,6.5944,1562600
1999-12-21,26.5625,26.8125,26.4688,26.4844,6.6139,1451600
1999-12-22,26.4063,26.5625,26.3125,26.3438,6.5787,1210600
1999-12-23,26.5313,27.0938,26.5313,27.0938,6.766,288800
1999-12-27,27.25,28.0,26.9063,26.9063,6.7192,2502400
1999-12-28,26.7188,27.1875,26.7188,26.9375,6.727,112200
1999-12-29,27.0313,27.4063,26.9219,27.2188,6.7973,94800
1999-12-30,27.0625,27.125,26.875,27.0,6.7426,116400
1999-12-31,27.0,27.25,26.8125,27.0938,6.766,69600
2000-01-03,27.3125,27.3125,26.375,26.5625,6.6334,760600
2000-01-04,26.3125,26.3125,25.875,26.0625,6.5085,1444400
2000-01-05,26.125,26.75,26.0,26.75,6.6802,675600
2000-01-06,26.75,27.8438,26.75,27.7813,6.9377,266200
2000-01-07,27.6875,28.4063,27.6875,28.0781,7.0119,936000
2000-01-10,28.0781,28.0781,27.625,27.8438,6.9533,244200
2000-01-11,27.8438,28.0625,27.5625,27.875,6.9611,289600
2000-01-12,27.8438,27.8438,27.5625,27.75,6.9299,114600
2000-01-13,27.9375,28.3125,27.7188,28.2344,7.0509,298400
2000-01-14,28.0938,28.0938,27.6875,28.0625,7.008,71400
2000-01-18,27.875,28.5625,27.875,28.4063,7.0938,221000
2000-01-19,28.3125,28.625,28.2813,28.3125,7.0704,380600
2000-01-20,28.4063,28.4063,27.9375,28.3125,7.0704,688600
2000-01-21,28.9375,29.2344,28.7813,29.0938,7.2655,966600
2000-01-24,29.2813,29.375,28.0313,28.0625,7.008,593000
2000-01-25,28.125,29.4688,27.8125,28.0,6.9924,115600
2000-01-26,27.8125,28.2813,27.5625,27.5625,6.8831,93800
2000-01-27,27.6563,27.875,26.6406,27.0,6.7426,3377600
2000-01-28,26.9375,26.9688,26.5,26.6875,6.6646,66200
2000-01-31,26.1875,27.3125,26.125,27.3125,6.8207,203200
2000-02-01,27.3125,27.3125,27.0,27.25,6.8051,228400
2000-02-02,27.3125,27.6094,27.25,27.4219,6.848,58800
2000-02-03,27.375,27.375,26.7188,27.0938,6.766,193600
2000-02-04,26.8438,27.0,26.1563,26.3125,6.5709,131200
2000-02-07,26.3125,26.7188,26.3125,26.6094,6.6451,110600
2000-02-08,26.75,27.0625,26.375,26.375,6.5866,298800
2000-02-09,26.125,26.125,25.5,25.5,6.368,172400
2000-02-10,25.75,26.4375,25.7188,26.0313,6.5007,1230000
2000-02-11,26.2813,26.4375,25.3125,25.7188,6.4227,415600
2000-02-14,25.875,26.25,25.5938,26.125,6.5241,1046000
2000-02-15,26.625,27.2188,26.4375,27.2188,6.7973,601400
2000-02-16,27.1563,27.5,27.1563,27.3438,6.8285,247800
2000-02-17,27.4063,27.4844,26.9375,27.3125,6.8207,176000
2000-02-18,27.1875,27.1875,26.4375,26.5156,6.6217,283400
2000-02-22,26.625,26.625,26.0,26.2813,6.5631,149200
2000-02-23,26.0625,26.0625,25.4063,25.5938,6.3915,152400
2000-02-24,25.25,25.4375,24.9375,25.3125,6.3212,632000
2000-02-25,25.1563,25.5313,24.6875,24.8125,6.1964,1325600
2000-02-28,25.0625,25.8438,24.625,25.5625,6.3837,912200
2000-02-29,25.625,26.3438,25.625,26.1563,6.5319,160600
2000-03-01,26.0156,26.9063,25.9375,26.8125,6.6958,1761200
2000-03-02,26.8906,27.4063,26.875,27.3125,6.8207,785400
2000-03-03,27.25,27.25,26.5938,26.875,6.7114,1223400
2000-03-06,26.6875,27.0,26.5313,26.7188,6.6724,559600
2000-03-07,26.6563,28.5625,26.6563,28.5625,7.1328,999000
2000-03-08,27.75,28.8438,27.75,28.0938,7.0158,2178800
2000-03-09,27.6875,28.1563,27.375,28.125,7.0236,716800
2000-03-10,28.0,28.6875,27.7188,27.75,6.9299,1326200
2000-03-13,27.75,28.2188,27.2188,27.3438,6.8285,701200
2000-03-14,27.1875,27.7188,27.0,27.6875,6.9143,720800
2000-03-15,27.3906,27.75,27.1563,27.5625,6.8831,839000
2000-03-16,27.375,28.7813,26.75,28.75,7.1797,1132600
2000-03-17,28.625,28.625,27.7656,27.7813,6.9611,299600
2000-03-20,27.9063,27.9063,27.2188,27.3438,6.8514,475000
2000-03-21,26.0,28.2188,26.0,28.2188,7.0707,353000
2000-03-22,28.1563,28.3438,27.875,28.0,7.0159,83800
2000-03-23,27.8125,28.3125,27.6563,27.9688,7.0081,83000
2000-03-24,27.938,28.0313,27.9375,28.0313,7.0237,322800
2000-03-27,27.9375,28.4375,27.5938,28.125,7.0472,438200
2000-03-28,28.1875,28.3438,27.8125,28.0,7.0159,138600
2000-03-29,27.875,29.5625,27.875,29.4688,7.3839,465600
2000-03-30,29.7188,30.2188,29.2188,29.4688,7.3839,355800
2000-03-31,29.375,29.9844,29.3125,29.3125,7.3448,1255800
2000-04-03,29.5,29.8125,29.3906,29.8125,7.47,281400
2000-04-04,30.0,30.1563,28.9375,29.4375,7.3761,829200
2000-04-05,29.4844,29.5625,28.5625,28.5625,7.1568,101600
2000-04-06,28.6875,29.375,28.6875,29.3125,7.3448,76000
2000-04-07,29.3125,29.375,28.8125,28.8594,7.2312,510800
2000-04-10,28.6875,28.7969,28.3281,28.4375,7.1255,54000
2000-04-11,28.4375,29.1563,28.4375,28.9375,7.2508,975800
2000-04-12,29.0625,29.5625,28.9531,29.1875,7.3134,484400
2000-04-13,29.25,29.375,29.0156,29.125,7.2978,881600
2000-04-14,29.125,29.375,28.2188,28.5,7.1412,3698200
2000-04-17,28.25,28.4063,27.5156,27.8125,6.9689,432200
2000-04-18,27.625,28.0469,27.625,27.9531,7.0041,159200
2000-04-19,28.0,28.6094,28.0,28.5625,7.1568,755600
2000-04-20,28.5625,28.7656,28.3125,28.6094,7.1686,471200
2000-04-24,28.8125,29.0,28.4531,28.9219,7.2469,44000
2000-04-25,28.9219,29.2969,28.9219,28.9688,7.2586,861600
2000-04-26,29.0625,29.4063,28.9063,29.3438,7.3526,859000
2000-04-27,29.125,29.7813,29.0156,29.75,7.4544,55000
2000-04-28,29.6875,29.6875,28.875,28.875,7.2351,106000
2000-05-01,29.1875,29.5625,29.0313,29.3438,7.3526,69400
2000-05-02,29.3438,30.0,29.3438,29.7656,7.4583,296000
2000-05-03,29.75,29.75,29.0,29.0,7.2665,158200
2000-05-04,29.1875,29.7969,29.1875,29.75,7.4544,88000
2000-05-05,29.75,30.1094,29.625,30.0625,7.5327,71200
2000-05-08,29.875,30.5938,29.875,30.4375,7.6266,166000
2000-05-09,30.75,30.7813,30.1875,30.4531,7.6306,244800
2000-05-10,30.4375,30.7188,30.2188,30.5469,7.654,707400
2000-05-11,30.6875,31.5469,30.6875,31.5,7.8929,261600
2000-05-12,31.375,31.625,31.3281,31.6094,7.9203,90200
2000-05-15,31.6875,32.3125,31.5,32.2656,8.0847,2556600
2000-05-16,32.0,32.125,31.375,31.6406,7.9281,1860800
2000-05-17,31.8125,31.8125,31.3594,31.7969,7.9673,91200
2000-05-18,31.75,31.9844,31.375,31.75,7.9555,1779400
2000-05-19,31.5313,31.9844,31.3906,31.8125,7.9712,142800
2000-05-22,31.5625,31.9219,31.5469,31.5469,7.9046,216800
2000-05-23,31.5,31.75,31.2188,31.4219,7.8733,280600
2000-05-24,31.375,31.6094,31.0625,31.4531,7.8811,129600
2000-05-25,31.5,31.5,30.5938,30.875,7.7363,663600
2000-05-26,30.9375,31.3594,30.8906,30.8906,7.7402,69200
2000-05-30,31.0938,31.5,31.0,31.3281,7.8498,124800
2000-05-31,31.3125,32.3125,31.3125,32.2656,8.0847,229400
2000-06-01,32.1563,32.1563,31.375,31.9688,8.0103,82600
2000-06-02,31.875,31.9063,30.6875,30.875,7.7363,99200
2000-06-05,30.6875,31.0,30.375,30.4375,7.6266,2246600
2000-06-06,30.5938,31.625,30.5938,31.625,7.9242,131400
2000-06-07,31.5,31.6094,31.0313,31.2188,7.8224,75800
2000-06-08,31.1563,31.5,31.0625,31.375,7.8615,149000
2000-06-09,31.3594,31.4063,31.0,31.1719,7.8107,259600
2000-06-12,31.125,32.0625,31.125,31.875,7.9868,515000
2000-06-13,31.9375,32.125,31.7813,31.875,7.9868,714200
2000-06-14,32.0625,32.5,31.4375,31.8281,7.9751,432400
2000-06-15,31.9688,32.0,31.1719,31.375,7.8615,502800
2000-06-16,31.375,32.1875,31.375,31.75,7.9939,957000
2000-06-19,31.8125,32.0625,31.25,31.4844,7.9271,469400
2000-06-20,31.375,31.4688,30.7031,31.3125,7.8838,180800
2000-06-21,31.125,31.9688,31.0625,31.875,8.0254,321400
2000-06-22,32.0156,32.125,31.0313,31.0313,7.813,188600
2000-06-23,31.25,31.75,31.25,31.4219,7.9113,155400
2000-06-26,31.6875,31.6875,31.0,31.1719,7.8484,89000
2000-06-27,31.2188,31.2188,30.625,30.9531,7.7933,29200
2000-06-28,30.7656,30.875,30.4375,30.6875,7.7264,180200
2000-06-29,30.625,31.0,30.5625,30.75,7.7422,1088800
2000-06-30,30.5938,30.8125,30.0938,30.3438,7.6399,255200
2000-07-03,30.1875,30.6406,30.1875,30.5313,7.6871,108000
2000-07-05,30.0,30.1094,29.25,29.2656,7.3684,2064800
2000-07-06,29.6875,30.125,29.5625,29.5625,7.4432,435600
2000-07-07,29.8125,29.9063,29.625,29.7031,7.4786,1044000
2000-07-10,29.6875,30.1094,29.6875,29.8438,7.514,346600
2000-07-11,30.0,30.9844,30.0,30.9063,7.7815,142200
2000-07-12,31.0,31.0469,30.5,30.5,7.6792,308600
2000-07-13,30.2188,30.3438,29.875,30.0313,7.5612,137800
2000-07-14,30.1875,30.1875,29.6875,30.0,7.5533,423400
2000-07-17,30.0625,30.1875,29.6094,29.6094,7.455,456000
2000-07-18,29.625,30.1875,29.625,29.875,7.5219,202000
2000-07-19,30.0,30.0938,29.6563,29.7969,7.5022,114400
2000-07-20,29.75,29.9375,29.5,29.5,7.4274,371200
2000-07-21,29.5625,29.5938,28.9063,28.9375,7.2858,75000
2000-07-24,29.25,29.25,28.4688,28.6406,7.2111,232600
2000-07-25,28.7188,29.0,28.2813,28.375,7.1442,975400
2000-07-26,28.6563,28.7813,28.4375,28.6094,7.2032,70000
2000-07-27,28.5156,29.6563,28.5156,29.5938,7.451,312400
2000-07-28,29.625,29.8125,29.375,29.375,7.396,59000
2000-07-31,29.625,29.75,29.1563,29.1875,7.3488,534400
2000-08-01,29.4375,29.8438,29.4375,29.7344,7.4864,147800
2000-08-02,30.0,30.4063,29.9688,30.2969,7.6281,211600
2000-08-03,30.5,30.625,29.875,29.875,7.5219,84200
2000-08-04,29.875,30.1875,29.6563,30.0,7.5533,60000
2000-08-07,30.0313,30.5938,30.0313,30.3906,7.6517,69200
2000-08-08,30.375,30.5625,30.3125,30.4531,7.6674,59600
2000-08-09,30.75,31.75,30.625,31.0,7.8051,97800
2000-08-10,31.0313,31.375,31.0313,31.2813,7.8759,108000
2000-08-11,31.5,31.5,31.0156,31.25,7.868,316800
2000-08-14,31.3125,31.8438,31.25,31.6875,7.9782,346200
2000-08-15,32.0,32.0938,31.5625,31.5625,7.9467,537800
2000-08-16,31.625,32.125,31.5625,32.0,8.0569,85000
2000-08-17,32.375,32.875,32.375,32.75,8.2457,452400
2000-08-18,32.8125,32.8125,32.25,32.375,8.1513,1437600
2000-08-21,32.4375,32.5,32.25,32.5,8.1828,156400
2000-08-22,32.5,32.75,32.3438,32.4063,8.1592,1300000
2000-08-23,32.75,33.375,32.75,33.25,8.3716,406400
2000-08-24,33.375,33.375,32.4375,32.5313,8.1906,478200
2000-08-25,32.5625,32.625,32.1875,32.625,8.2142,523600
2000-08-28,32.4063,33.0625,32.3125,32.75,8.2457,221600
2000-08-29,32.75,32.9219,32.5938,32.7813,8.2536,213000
2000-08-30,32.625,32.7813,32.1875,32.5,8.1828,331600
2000-08-31,32.5,32.625,32.2656,32.375,8.1513,157000
2000-09-01,32.2813,32.9375,32.2813,32.7031,8.2339,205400
2000-09-05,32.875,33.125,32.5,32.7031,8.2339,1445000
2000-09-06,32.875,33.4688,32.875,33.4219,8.4149,456000
2000-09-07,33.3125,33.4375,33.1875,33.2656,8.3755,208800
2000-09-08,33.1875,33.25,32.6563,32.875,8.2772,1784400
2000-09-11,32.875,34.0,32.875,33.9219,8.5408,1640600
2000-09-12,34.0625,34.125,33.4375,33.875,8.529,1106200
2000-09-13,33.9375,33.9375,33.2813,33.3125,8.3873,219600
2000-09-14,33.3125,33.4375,33.0156,33.2188,8.3637,834600
2000-09-15,33.5,34.3125,33.5,33.9375,8.5816,1525600
2000-09-18,34.375,34.4688,34.0,34.0,8.5974,411000
2000-09-19,34.0625,34.0625,33.0313,33.0938,8.3683,7629000
2000-09-20,33.4375,33.5469,32.4375,32.4375,8.2023,2858400
2000-09-21,32.3125,32.4063,32.0156,32.1875,8.1391,9151200
2000-09-22,32.0156,33.375,31.625,31.9844,8.0878,2939000
2000-09-25,31.875,31.875,31.0,31.5,7.9653,1014400
2000-09-26,31.6875,32.3125,31.6875,32.25,8.1549,930600
2000-09-27,32.3125,32.9375,32.0625,32.8594,8.309,166400
2000-09-28,32.9219,33.0,32.5,32.7344,8.2774,645200
2000-09-29,33.0,33.25,32.7656,32.7656,8.2853,254400
2000-10-02,32.9375,33.4844,32.9375,33.4375,8.4552,629000
2000-10-03,33.3594,33.4844,33.1875,33.4219,8.4513,184400
2000-10-04,33.3125,33.3125,32.4375,32.4375,8.2023,303600
2000-10-05,32.4219,33.4844,32.0,32.3906,8.1905,4559600
2000-10-06,32.625,33.0,32.0625,32.25,8.1549,1080000
2000-10-09,32.375,32.9063,32.375,32.75,8.2814,2751600
2000-10-10,32.9375,33.8125,32.9375,33.4844,8.4671,2462800
2000-10-11,33.6875,34.3125,33.5313,33.7969,8.5461,797800
2000-10-12,34.0,34.5938,34.0,34.3125,8.6765,4065600
2000-10-13,34.3125,34.75,32.875,33.0,8.3446,608200
2000-10-16,32.8906,32.9531,32.5781,32.6875,8.2656,656200
2000-10-17,33.0,33.25,32.7031,32.7031,8.2695,1022800
2000-10-18,32.875,33.0,32.25,32.2656,8.1589,2834400
2000-10-19,32.3125,32.8125,32.0625,32.4219,8.1984,1954800
2000-10-20,32.1875,33.0625,32.1875,33.0625,8.3604,977200
2000-10-23,33.125,33.125,32.4688,32.5313,8.226,411000
2000-10-24,32.5625,32.625,31.9531,31.9844,8.0878,160600
2000-10-25,32.125,32.125,31.125,31.2031,7.8902,794400
2000-10-26,31.625,31.75,31.1875,31.3438,7.9258,901800
2000-10-27,31.6875,31.6875,30.875,31.125,7.8704,684400
2000-10-30,31.3125,31.75,31.0,31.6563,8.0048,753200
2000-10-31,31.9375,32.0156,31.4063,31.875,8.0601,926600
2000-11-01,32.125,32.9063,32.125,32.9063,8.3209,4240200
2000-11-02,32.7344,32.7344,31.625,31.75,8.0285,236000
2000-11-03,31.75,31.9844,31.4375,31.625,7.9969,683600
2000-11-06,31.625,31.9531,31.25,31.75,8.0285,1016200
2000-11-07,31.875,32.375,31.875,32.0,8.0917,485200
2000-11-08,32.125,32.4375,32.0938,32.3125,8.1707,120400
2000-11-09,32.4531,32.5625,31.7344,31.9688,8.0838,608200
2000-11-10,32.375,32.5469,31.375,32.0625,8.1075,670400
2000-11-13,32.2656,32.4844,31.5156,31.8125,8.0443,100000
2000-11-14,31.5625,32.2813,31.5625,32.0,8.0917,96400
2000-11-15,32.2188,32.75,32.2188,32.625,8.2497,142600
2000-11-16,32.5625,32.9375,32.5156,32.75,8.2814,310800
2000-11-17,32.5,32.7188,32.3438,32.4844,8.2142,341200
2000-11-20,32.5625,32.875,32.3281,32.3281,8.1747,435200
2000-11-21,32.375,33.0625,32.375,33.0625,8.3604,635200
2000-11-22,32.875,32.875,32.4375,32.5313,8.226,485200
2000-11-24,32.7656,33.0,32.625,33.0,8.3446,100000
2000-11-27,32.8125,33.0,32.5938,32.7344,8.2774,91800
2000-11-28,32.8594,33.125,32.6875,32.7031,8.2695,99800
2000-11-29,32.8438,32.8438,31.2188,31.2656,7.906,1523600
2000-11-30,31.4375,31.4375,29.9063,30.2031,7.6373,2520000
2000-12-01,30.25,31.125,30.1875,30.875,7.8072,619200
2000-12-04,31.125,31.5625,31.0,31.4063,7.9416,402600
2000-12-05,31.3125,31.6875,30.75,30.75,7.7756,333400
2000-12-06,30.75,30.875,30.125,30.5,7.7124,1018400
2000-12-07,31.0,31.1094,30.7656,31.0,7.8388,446800
2000-12-08,30.6875,31.0,30.3125,30.9844,7.8349,97200
2000-12-11,30.8125,31.25,30.6875,31.0781,7.8586,124800
2000-12-12,31.125,31.4375,31.0938,31.4375,7.9495,249800
2000-12-13,31.6875,31.8125,31.3125,31.5,7.9653,388400
2000-12-14,31.4375,31.4531,30.4531,30.5313,7.7203,113200
2000-12-15,30.5,31.0625,30.5,30.7969,7.8108,1258200
2000-12-18,30.9375,31.8594,30.9375,31.75,8.0525,408600
2000-12-19,31.6875,32.4063,31.6875,32.2969,8.1912,517800
2000-12-20,31.625,31.9063,31.3125,31.3438,7.9495,381800
2000-12-21,31.625,31.7656,31.4531,31.5781,8.0089,659800
2000-12-22,31.6875,32.0,31.5156,32.0,8.1159,116800
2000-12-26,32.0625,33.3594,32.0625,33.3438,8.4567,1934200
2000-12-27,33.5625,33.5938,33.0156,33.3125,8.4488,582400
2000-12-28,33.5625,33.8906,33.2813,33.8594,8.5875,135000
2000-12-29,33.8281,33.9375,33.1563,33.1875,8.4171,370800
2001-01-02,33.75,34.1094,33.2656,33.2656,8.4369,797000
2001-01-03,33.5625,33.5625,32.25,32.25,8.1793,1038200
2001-01-04,31.875,32.25,31.0625,31.25,7.9257,773000
2001-01-05,31.25,32.1875,31.25,31.9219,8.0961,849200
2001-01-08,32.3125,32.3125,31.6875,31.8125,8.0684,743200
2001-01-09,32.0,32.0,31.0781,31.1719,7.9059,264000
2001-01-10,31.375,31.4688,31.0938,31.375,7.9574,255200
2001-01-11,31.4375,32.0,31.4375,31.7188,8.0446,97200
2001-01-12,31.375,31.7969,31.3125,31.5156,7.9931,60200
2001-01-16,31.8125,31.875,31.3125,31.5,7.9891,66800
2001-01-17,31.875,31.875,31.0625,31.3438,7.9495,191400
2001-01-18,31.0625,31.25,30.5,30.75,7.7989,744000
2001-01-19,30.3125,30.8125,30.1875,30.6094,7.7632,643800
2001-01-22,30.8125,31.0,30.6094,30.9375,7.8465,78800
2001-01-23,31.0625,31.4844,30.9063,31.4219,7.9693,123400
2001-01-24,31.6875,31.6875,31.3125,31.3906,7.9614,94600
2001-01-25,31.6875,32.4219,31.6875,32.3281,8.1992,225600
2001-01-26,32.4375,32.6719,31.75,31.7813,8.0605,344400
2001-01-29,31.9,31.9,31.52,31.52,7.9942,126400
2001-01-30,31.77,31.87,31.29,31.79,8.0627,469600
2001-01-31,32.0,32.2,31.8,32.13,8.1489,198000
2001-02-01,32.13,32.13,31.55,31.72,8.0449,692200
2001-02-02,31.94,32.31,31.93,32.25,8.1793,353000
2001-02-05,32.5,32.99,32.5,32.9,8.3442,408600
2001-02-06,32.93,33.19,32.5,33.11,8.3975,145000
2001-02-07,33.14,33.47,32.81,33.2,8.4203,206200
2001-02-08,33.29,33.56,33.17,33.38,8.4659,78400
2001-02-09,33.45,34.04,33.45,33.92,8.6029,483000
2001-02-12,33.6,33.77,33.45,33.47,8.4888,591000
2001-02-13,33.4,33.53,33.2,33.4,8.471,2027800
2001-02-14,33.47,33.61,33.13,33.16,8.4101,167200
2001-02-15,32.6,32.8,32.4,32.73,8.3011,1109200
2001-02-16,33.11,33.26,32.75,33.02,8.3746,114600
2001-02-20,33.05,33.3,32.83,32.83,8.3264,749800
2001-02-21,32.98,33.21,32.61,32.61,8.2706,189800
2001-02-22,32.75,32.89,32.25,32.45,8.2301,420000
2001-02-23,32.36,32.44,31.7,32.04,8.1261,682600
2001-02-26,31.95,32.43,31.95,32.39,8.2148,681200
2001-02-27,32.5,32.68,32.15,32.19,8.1641,81000
2001-02-28,32.33,32.33,31.74,31.74,8.05,47000
2001-03-01,31.85,32.22,31.85,32.1,8.1413,328200
2001-03-02,32.4,32.87,32.34,32.83,8.3264,157600
2001-03-05,32.64,33.18,32.64,33.01,8.3721,3215800
2001-03-06,33.1,33.39,33.09,33.18,8.4152,191800
2001-03-07,33.4,33.91,33.4,33.89,8.5953,466800
2001-03-08,33.99,34.23,33.66,34.23,8.6815,305600
2001-03-09,34.34,34.35,33.8,34.07,8.6409,479000
2001-03-12,33.55,33.64,32.94,32.94,8.3543,2822400
2001-03-13,32.6,32.75,32.22,32.55,8.2554,304800
2001-03-14,31.9,32.49,31.9,32.06,8.1312,218200
2001-03-15,32.3,32.48,31.9,32.08,8.1362,159400
2001-03-16,32.04,32.04,31.43,31.45,8.0005,446000
2001-03-19,31.55,32.14,31.55,31.85,8.1023,482600
2001-03-20,31.96,32.44,31.96,32.13,8.1735,976600
2001-03-21,32.06,32.06,31.16,31.21,7.9395,701600
2001-03-22,30.91,30.91,29.45,30.29,7.7054,533200
2001-03-23,30.32,30.74,30.28,30.53,7.7665,880000
2001-03-26,31.15,31.15,30.77,30.93,7.8682,105800
2001-03-27,31.1,31.3,30.8,31.1,7.9115,199000
2001-03-28,30.9,30.9,30.33,30.65,7.797,276200
2001-03-29,30.05,30.24,29.84,30.0,7.6317,214400
2001-03-30,30.64,30.9,30.46,30.7,7.8097,226200
2001-04-02,30.5,30.75,29.88,30.13,7.6647,212800
2001-04-03,29.98,30.0,29.05,29.3,7.4536,2459000
2001-04-04,29.52,30.01,29.41,29.82,7.5859,328000
2001-04-05,30.15,30.7,30.0,30.6,7.7843,423800
2001-04-06,30.21,30.69,30.11,30.64,7.7945,139600
2001-04-09,30.9,31.41,30.9,31.36,7.9776,177800
2001-04-10,31.76,32.13,31.58,31.9,8.115,484000
2001-04-11,31.6,31.74,31.33,31.33,7.97,132400
2001-04-12,31.75,31.84,31.4,31.66,8.0539,430800
2001-04-16,31.95,32.29,31.95,32.28,8.2117,264600
2001-04-17,32.34,32.62,32.01,32.45,8.2549,99400
2001-04-18,32.3,32.7,32.06,32.28,8.2117,157800
2001-04-19,32.16,32.16,31.58,31.72,8.0692,127600
2001-04-20,32.06,32.23,31.92,32.06,8.1557,285000
2001-04-23,32.5,32.95,32.5,32.91,8.3719,181400
2001-04-24,33.22,33.35,32.82,32.97,8.3872,965800
2001-04-25,33.0,33.58,32.99,33.44,8.5068,529800
2001-04-26,33.68,34.17,33.68,34.1,8.6747,1502200
2001-04-27,34.04,34.07,33.75,33.87,8.6161,286800
2001-04-30,33.88,34.24,33.69,33.87,8.6161,366400
2001-05-01,33.58,33.84,33.43,33.65,8.5602,470400
2001-05-02,32.74,32.83,32.26,32.34,8.2269,838000
2001-05-03,32.0,32.2,31.81,32.18,8.1862,270400
2001-05-04,32.25,32.84,32.22,32.69,8.316,1273000
2001-05-07,32.98,33.0,32.45,32.78,8.3389,325200
2001-05-08,32.51,32.8,32.4,32.75,8.3312,267800
2001-05-09,32.78,33.33,32.78,33.33,8.4788,178800
2001-05-10,33.28,33.39,33.0,33.09,8.4177,3399600
2001-05-11,33.05,33.05,32.65,32.77,8.3363,65200
2001-05-14,32.99,33.43,32.97,33.28,8.4661,165000
2001-05-15,33.68,33.7,33.4,33.58,8.5424,275400
2001-05-16,33.76,33.99,33.7,33.86,8.6136,795400
2001-05-17,33.84,34.0,33.6,33.97,8.6416,137400
2001-05-18,34.3,34.71,34.27,34.68,8.8222,1072600
2001-05-21,34.9,34.9,34.4,34.6,8.8019,1178200
2001-05-22,34.54,34.55,34.1,34.25,8.7128,305000
2001-05-23,33.9,34.1,33.52,33.73,8.5805,4020000
2001-05-24,33.5,33.68,33.3,33.67,8.5653,808400
2001-05-25,33.7,33.7,33.36,33.38,8.4915,156800
2001-05-29,33.66,33.9,33.33,33.33,8.4788,1769200
2001-05-30,33.42,33.48,33.12,33.2,8.4457,698600
2001-05-31,33.38,33.57,33.06,33.55,8.5347,226800
2001-06-01,33.5,33.55,33.14,33.4,8.4966,2102200
2001-06-04,33.85,33.98,33.81,33.85,8.6111,348000
2001-06-05,33.85,34.03,33.63,33.95,8.6365,728400
2001-06-06,33.5,33.5,33.0,33.09,8.4177,304200
2001-06-07,33.03,33.09,32.68,32.7,8.3185,719800
2001-06-08,32.8,32.92,32.43,32.79,8.3414,105400
2001-06-11,33.2,33.21,32.88,32.88,8.3643,47800
2001-06-12,33.0,33.28,33.0,33.13,8.4279,254800
2001-06-13,33.5,33.56,32.88,32.97,8.3872,688400
2001-06-14,32.7,32.74,32.3,32.3,8.2168,394000
2001-06-15,32.5,32.64,32.16,32.39,8.2784,194800
2001-06-18,32.12,32.41,31.9,32.03,8.1863,456000
2001-06-19,32.1,32.1,31.66,32.0,8.1787,731200
2001-06-20,31.61,32.61,31.4,31.4,8.0253,446200
2001-06-21,31.6,31.6,30.74,30.93,7.9052,1274000
2001-06-22,30.95,31.53,30.62,31.53,8.0586,392400
2001-06-25,31.4,31.53,31.1,31.16,7.964,177400
2001-06-26,31.12,31.37,31.01,31.35,8.0126,116200
2001-06-27,31.0,31.0,30.56,30.6,7.8209,3680200
2001-06-28,30.3,30.3,29.84,29.95,7.6547,225000
2001-06-29,30.1,30.6,29.85,30.35,7.757,473400
2001-07-02,30.2,30.56,30.15,30.27,7.7365,246000
2001-07-03,30.1,30.3,30.1,30.23,7.7263,169600
2001-07-05,30.2,30.72,30.2,30.5,7.7953,1662000
2001-07-06,30.56,30.68,30.2,30.39,7.7672,598400
2001-07-09,30.25,30.29,29.91,29.96,7.6573,132400
2001-07-10,30.11,30.14,29.76,30.0,7.6675,930800
2001-07-11,29.55,29.7,29.11,29.6,7.5653,472000
2001-07-12,29.4,29.58,29.2,29.56,7.5551,63400
2001-07-13,29.37,29.98,29.22,29.67,7.5832,125600
2001-07-16,29.75,29.75,28.92,29.18,7.4579,308800
2001-07-17,29.35,29.35,28.85,29.05,7.4247,217600
2001-07-18,28.62,29.62,28.3,28.74,7.3455,134800
2001-07-19,28.95,29.35,28.95,29.04,7.4222,1174400
2001-07-20,29.5,29.73,29.37,29.66,7.5806,1823600
2001-07-23,29.78,29.9,28.78,29.32,7.4937,226000
2001-07-24,29.15,29.15,28.25,28.27,7.2254,216200
2001-07-25,28.73,29.69,28.55,29.58,7.5602,481000
2001-07-26,29.87,30.18,29.5,30.18,7.7135,425800
2001-07-27,29.85,30.48,29.67,30.32,7.7493,231600
2001-07-30,30.37,30.54,30.19,30.35,7.757,134000
2001-07-31,30.5,30.6,30.0,30.0,7.6675,401800
2001-08-01,30.35,30.48,29.72,29.89,7.6394,973800
2001-08-02,29.95,29.96,29.57,29.87,7.6343,1136800
2001-08-03,29.79,29.79,29.35,29.42,7.5193,406000
2001-08-06,29.35,29.62,29.27,29.38,7.5091,66400
2001-08-07,29.5,29.53,29.27,29.38,7.5091,85400
2001-08-08,29.45,29.45,28.62,28.78,7.3557,1198200
2001-08-09,28.5,28.95,28.5,28.95,7.3992,440200
2001-08-10,28.95,29.29,28.83,28.98,7.4068,758600
2001-08-13,29.1,29.38,29.03,29.12,7.4426,576200
2001-08-14,29.15,29.33,29.07,29.28,7.4835,161400
2001-08-15,29.25,29.89,29.21,29.72,7.596,1087400
2001-08-16,29.95,29.95,29.37,29.55,7.5525,361200
2001-08-17,29.58,29.58,29.15,29.33,7.4963,108200
2001-08-20,29.25,29.28,29.0,29.12,7.4426,63800
2001-08-21,29.05,29.33,28.7,29.1,7.4375,1110600
2001-08-22,29.6,29.83,29.12,29.12,7.4426,420600
2001-08-23,29.28,29.48,29.22,29.38,7.5091,46000
2001-08-24,29.38,29.63,29.3,29.62,7.5704,196400
2001-08-27,29.6,29.78,29.42,29.58,7.5602,499600
2001-08-28,29.48,29.48,29.1,29.27,7.4809,198400
2001-08-29,29.4,29.56,29.15,29.15,7.4503,77800
2001-08-30,29.4,29.43,28.64,28.73,7.3429,1313800
2001-08-31,28.66,28.95,28.54,28.73,7.3429,152400
2001-09-04,28.74,29.32,28.74,28.9,7.3864,1877200
2001-09-05,28.8,29.0,28.7,29.0,7.4119,266000
2001-09-06,29.05,29.05,28.71,28.8,7.3608,539600
2001-09-07,28.75,28.98,28.62,28.78,7.3557,204000
2001-09-10,28.8,28.92,28.4,28.87,7.3787,1168600
2001-09-17,28.5,28.5,27.78,28.28,7.2279,4019200
2001-09-18,28.0,28.0,26.89,26.91,6.8778,1196400
2001-09-19,26.75,27.0,24.87,25.94,6.6298,485600
2001-09-20,25.4,25.61,25.05,25.21,6.4433,1966200
2001-09-21,24.3,25.3,24.1,25.08,6.4462,2335000
2001-09-24,24.9,25.02,24.25,24.42,6.2766,3269600
2001-09-25,24.2,24.5,23.75,24.15,6.2072,1700200
2001-09-26,24.3,24.45,23.75,23.98,6.1635,990400
2001-09-27,24.25,25.01,24.02,24.93,6.4077,2188800
2001-09-28,25.35,25.93,25.35,25.82,6.6364,697000
2001-10-01,25.6,25.65,25.03,25.46,6.5439,149800
2001-10-02,25.55,26.18,25.42,26.02,6.6878,121400
2001-10-03,25.9,26.44,25.67,26.38,6.7803,147400
2001-10-04,26.65,27.38,26.52,27.0,6.9397,234400
2001-10-05,27.05,27.29,26.62,27.2,6.9911,141200
2001-10-08,26.95,27.58,26.7,27.25,7.004,682000
2001-10-09,27.3,27.51,27.12,27.3,7.0168,77000
2001-10-10,27.65,28.66,27.65,28.51,7.3278,522400
2001-10-11,28.7,28.9,28.16,28.5,7.3252,790400
2001-10-12,28.4,28.63,28.001,28.31,7.2764,798000
2001-10-15,28.19,28.19,27.42,27.79,7.1428,162800
2001-10-16,27.65,28.23,27.65,28.12,7.2276,204800
2001-10-17,28.35,28.59,27.79,27.98,7.1916,456800
2001-10-18,27.5,27.59,26.82,26.85,6.9011,6285400
2001-10-19,26.65,27.14,26.27,26.95,6.9269,738000
2001-10-22,27.0,27.29,26.67,27.28,7.0117,2860600
2001-10-23,26.9,27.75,26.9,27.18,6.986,4635400
2001-10-24,26.85,26.88,26.42,26.8,6.8883,395600
2001-10-25,26.65,27.48,26.65,27.48,7.0631,88600
2001-10-26,27.55,28.02,27.54,28.01,7.1993,538200
2001-10-29,28.0,28.25,27.75,27.75,7.1325,2189600
2001-10-30,27.25,27.33,26.82,26.82,6.8934,152800
2001-10-31,27.0,27.35,26.62,26.86,6.9037,649800
2001-11-01,26.79,27.28,26.45,27.27,7.0091,657000
2001-11-02,26.8,26.8,26.45,26.53,6.8189,2228400
2001-11-05,26.85,26.85,26.32,26.37,6.7778,767600
2001-11-06,26.2,26.35,22.97,26.21,6.7367,460600
2001-11-07,26.2,26.56,25.92,26.32,6.7649,4135600
2001-11-08,26.85,26.95,26.63,26.83,6.896,305600
2001-11-09,27.2,27.49,27.13,27.35,7.0297,1259800
2001-11-12,27.0,27.28,26.55,27.28,7.0117,178800
2001-11-13,27.3,27.53,27.0,27.5,7.0682,140200
2001-11-14,26.7,26.9,26.01,26.16,6.7238,8383200
2001-11-15,25.7,25.72,24.0,24.84,6.3845,9490400
2001-11-16,24.86,25.35,24.32,25.3,6.5028,8957800
2001-11-19,25.25,25.35,24.76,25.24,6.4873,2116800
2001-11-20,25.9,26.35,25.77,26.17,6.7264,4105800
2001-11-21,26.18,26.87,25.57,25.83,6.639,1094800
2001-11-23,25.5,26.15,25.3,26.07,6.7007,101000
2001-11-26,25.65,25.75,25.32,25.64,6.5901,615400
2001-11-27,25.5,25.98,25.26,25.66,6.5953,829800
2001-11-28,25.35,25.54,25.06,25.06,6.4411,1438200
2001-11-29,25.25,25.49,25.1,25.49,6.5516,1604200
2001-11-30,25.43,25.59,25.19,25.36,6.5182,740600
2001-12-03,25.23,25.93,25.07,25.7,6.6056,288800
2001-12-04,25.8,26.1,25.53,26.06,6.6981,992800
2001-12-05,26.6,26.73,26.39,26.6,6.8369,2130800
2001-12-06,26.4,26.9,25.8,25.81,6.6338,1747200
2001-12-07,25.8,27.0,25.51,25.98,6.6775,675800
2001-12-10,25.75,25.85,25.51,25.62,6.585,223800
2001-12-11,25.6,25.62,25.11,25.2,6.4771,2426600
2001-12-12,25.2,25.26,24.94,25.26,6.4925,607400
2001-12-13,24.91,25.25,24.7,24.85,6.3871,118200
2001-12-14,24.9,26.25,24.8,25.1,6.4514,521400
2001-12-17,25.1,25.44,24.96,25.04,6.4359,110600
2001-12-18,25.1,25.41,25.1,25.37,6.5208,268800
2001-12-19,25.38,25.95,25.21,25.95,6.6698,460600
2001-12-20,25.95,26.16,25.81,25.83,6.639,177400
2001-12-21,26.1,26.19,25.9,25.9,6.6843,263600
2001-12-24,26.12,26.4,26.0,26.33,6.7953,651400
2001-12-26,26.35,26.95,26.35,26.79,6.914,682400
2001-12-27,26.73,26.9,26.55,26.88,6.9372,386800
2001-12-28,26.95,27.22,26.87,27.0,6.9682,816400
2001-12-31,27.05,27.05,26.7,26.7,6.8908,242000
2002-01-02,26.7,26.7,26.1,26.5,6.8392,579800
2002-01-03,26.56,26.7,26.21,26.34,6.7979,619000
2002-01-04,26.6,26.6,26.25,26.46,6.8288,1160600
2002-01-07,26.65,28.0,26.3,26.45,6.8262,664200
2002-01-08,26.55,26.55,26.2,26.22,6.7669,532000
2002-01-09,26.2,26.43,26.01,26.25,6.7746,899600
2002-01-10,26.03,26.17,25.96,26.05,6.723,84400
2002-01-11,26.09,26.09,25.52,25.55,6.594,281800
2002-01-14,25.2,25.54,25.2,25.24,6.514,617400
2002-01-15,25.65,25.82,25.57,25.65,6.6198,245800
2002-01-16,25.5,25.5,25.1,25.12,6.483,433000
2002-01-17,25.26,25.26,25.04,25.11,6.4804,228400
2002-01-18,25.05,25.1,24.88,24.9,6.4262,371000
2002-01-22,25.13,25.14,23.2,24.72,6.3798,336000
2002-01-23,24.87,25.45,24.87,25.42,6.5604,600600
2002-01-24,25.45,25.87,25.3,25.77,6.6508,265400
2002-01-25,25.95,26.08,25.76,26.05,6.723,940000
2002-01-28,26.15,26.15,25.51,25.65,6.6198,199600
2002-01-29,25.27,25.47,24.79,24.95,6.4391,935400
2002-01-30,24.58,25.29,24.4,25.15,6.4907,1155400
2002-01-31,25.45,25.75,25.31,25.75,6.6456,780600
2002-02-01,25.77,25.95,25.59,25.89,6.6817,517200
2002-02-04,25.6,25.75,25.14,25.2,6.5036,1271400
2002-02-05,25.1,25.22,24.85,25.03,6.4598,554600
2002-02-06,25.22,25.39,25.18,25.2,6.5036,1516600
2002-02-07,25.1,25.16,24.83,24.91,6.4288,1437000
2002-02-08,25.0,25.19,24.85,25.19,6.5011,605800
2002-02-11,25.2,25.65,25.0,25.52,6.5862,471800
2002-02-12,25.49,25.64,25.34,25.4,6.5553,151000
2002-02-13,25.2,25.61,25.18,25.55,6.594,319600
2002-02-14,25.52,25.93,25.52,25.76,6.6482,1572800
2002-02-15,25.7,26.0,25.67,25.78,6.6533,1111400
2002-02-19,25.7,25.86,25.4,25.55,6.594,1462800
2002-02-20,25.5,25.55,25.15,25.47,6.5733,844400
2002-02-21,25.5,26.09,25.5,25.77,6.6508,2423200
2002-02-22,25.97,26.62,25.94,26.48,6.834,3096800
2002-02-25,26.68,26.89,26.47,26.86,6.9321,1593800
2002-02-26,26.85,26.9,26.55,26.72,6.8959,1217600
2002-02-27,26.95,27.0,26.56,26.7,6.8908,2418600
2002-02-28,26.9,26.97,26.63,26.63,6.8727,827600
2002-03-01,26.98,27.11,26.72,27.01,6.9708,897400
2002-03-04,27.35,27.6,27.2,27.6,7.123,1361600
2002-03-05,27.33,27.73,27.33,27.61,7.1256,1382800
2002-03-06,27.8,28.33,27.534,28.14,7.2624,690600
2002-03-07,28.45,28.55,28.17,28.35,7.3166,653400
2002-03-08,28.65,28.65,28.06,28.22,7.283,378200
2002-03-11,28.57,28.73,28.5,28.52,7.3605,841800
2002-03-12,28.55,28.86,28.5,28.77,7.425,501400
2002-03-13,28.97,29.1,28.58,28.58,7.376,1234200
2002-03-14,28.7,28.7,28.3,28.57,7.3734,236800
2002-03-15,28.6,28.85,28.5,28.68,7.4267,3135800
2002-03-18,28.74,28.98,28.62,28.9,7.4836,177200
2002-03-19,29.06,29.25,28.95,29.25,7.5743,753400
2002-03-20,29.0,29.21,28.83,28.94,7.494,502000
2002-03-21,28.96,29.1,28.65,29.1,7.5354,711000
2002-03-22,28.75,28.75,28.4,28.42,7.3593,382000
2002-03-25,28.25,28.51,28.16,28.16,7.292,181200
2002-03-26,28.2,28.55,28.2,28.39,7.3516,268000
2002-03-27,28.63,29.05,28.63,29.05,7.5225,688600
2002-03-28,29.0,29.15,28.83,28.89,7.4811,1387000
2002-04-01,29.05,29.25,28.95,29.09,7.5328,1032800
2002-04-02,29.27,29.52,29.24,29.45,7.6261,988600
2002-04-03,29.3,29.3,28.69,28.81,7.4603,1231000
2002-04-04,28.85,28.93,28.15,28.29,7.3257,1313600
2002-04-05,28.4,28.4,27.91,27.97,7.2428,708200
2002-04-08,28.5,28.64,28.19,28.4,7.3542,482000
2002-04-09,28.18,28.94,27.84,27.99,7.248,1152800
2002-04-10,27.9,28.35,27.9,28.31,7.3309,450600
2002-04-11,28.22,28.34,27.96,28.02,7.2558,1214600
2002-04-12,27.6,27.6,27.03,27.1,7.0175,1495800
2002-04-15,27.62,27.88,27.62,27.63,7.1548,595000
2002-04-16,28.05,28.25,27.98,28.15,7.2894,208800
2002-04-17,28.25,28.61,28.25,28.5,7.3801,1371000
2002-04-18,28.77,28.77,28.5,28.64,7.4163,243200
2002-04-19,28.42,28.8,28.33,28.77,7.45,236200
2002-04-22,28.7,28.82,28.35,28.49,7.3775,996600
2002-04-23,28.12,28.58,28.02,28.42,7.3593,667800
2002-04-24,28.08,28.29,27.91,27.91,7.2273,670200
2002-04-25,27.93,28.27,27.71,28.11,7.2791,1335800
2002-04-26,28.07,28.2,27.68,27.8,7.1988,1270400
2002-04-29,27.8,27.89,27.54,27.62,7.1522,204600
2002-04-30,27.77,28.0,27.77,27.85,7.2117,120400
2002-05-01,27.65,28.08,27.57,28.02,7.2558,556800
2002-05-02,28.11,28.24,27.93,28.23,7.3101,655000
2002-05-03,28.46,28.5,28.14,28.33,7.336,101400
2002-05-06,28.16,28.22,27.31,27.36,7.0849,606600
2002-05-07,27.3,27.37,27.09,27.23,7.0512,454400
2002-05-08,27.5,27.87,27.37,27.8,7.1988,426000
2002-05-09,27.67,27.89,27.55,27.55,7.1341,397600
2002-05-10,27.67,27.78,27.48,27.53,7.1289,250600
2002-05-13,27.37,28.09,27.31,28.06,7.2661,245800
2002-05-14,28.3,28.3,28.01,28.14,7.2868,404800
2002-05-15,28.09,28.09,27.55,27.67,7.1651,768000
2002-05-16,27.99,28.07,27.78,27.99,7.248,339800
2002-05-17,27.82,27.82,27.46,27.76,7.1884,1022400
2002-05-20,27.65,27.72,27.51,27.57,7.1392,110600
2002-05-21,27.57,27.93,27.5,27.59,7.1444,1359600
2002-05-22,27.51,28.06,27.51,28.05,7.2635,1437200
2002-05-23,28.18,28.33,27.92,28.29,7.3257,481400
2002-05-24,28.24,28.24,27.89,27.98,7.2454,347800
2002-05-28,28.08,28.08,27.73,27.76,7.1884,372400
2002-05-29,27.39,27.59,27.18,27.5,7.1211,220200
2002-05-30,27.18,27.36,26.78,26.97,6.9839,505200
2002-05-31,27.08,27.6,27.08,27.36,7.0849,656800
2002-06-03,27.25,27.25,26.5,26.5,6.8622,143600
2002-06-04,26.5,26.7,26.21,26.5,6.8622,298600
2002-06-05,26.16,26.4,26.07,26.4,6.8363,490000
2002-06-06,26.7,26.75,26.01,26.12,6.7638,111400
2002-06-07,26.11,26.45,26.0,26.39,6.8337,337400
2002-06-10,26.28,26.3,25.82,25.9,6.7068,167000
2002-06-11,26.05,26.11,25.5,25.51,6.6058,250600
2002-06-12,25.64,25.91,25.51,25.87,6.699,123600
2002-06-13,25.82,26.19,25.63,25.84,6.6913,494800
2002-06-14,25.55,25.81,25.25,25.81,6.6835,211000
2002-06-17,26.06,26.51,26.03,26.48,6.857,834800
2002-06-18,26.48,26.57,26.3,26.35,6.8233,530400
2002-06-19,26.25,26.51,26.01,26.09,6.756,106600
2002-06-20,26.26,26.47,26.03,26.04,6.743,1229200
2002-06-21,25.8,26.04,25.46,25.72,6.7003,525200
2002-06-24,25.72,26.04,25.61,25.95,6.7602,514200
2002-06-25,26.3,26.38,25.8,25.84,6.7315,878400
2002-06-26,25.7,25.86,25.45,25.85,6.7341,249600
2002-06-27,25.98,25.98,25.58,25.98,6.768,563600
2002-06-28,26.05,26.42,26.05,26.2,6.8253,538800
2002-07-01,26.26,26.35,25.95,25.95,6.7602,120800
2002-07-02,26.1,26.16,25.36,25.44,6.6273,143000
2002-07-03,25.45,25.76,25.2,25.6,6.669,147000
2002-07-05,25.8,26.22,25.8,26.2,6.8253,70800
2002-07-08,26.13,26.24,25.82,25.88,6.742,129600
2002-07-09,25.81,25.98,25.33,25.56,6.6586,327800
2002-07-10,25.43,25.43,24.38,24.47,6.3746,335200
2002-07-11,24.3,24.42,23.79,24.0,6.2522,1210800
2002-07-12,24.03,24.07,23.31,23.57,6.1402,979000
2002-07-15,23.15,23.32,22.06,23.05,6.0047,358600
2002-07-16,22.63,23.06,22.35,22.7,5.9135,560600
2002-07-17,23.58,23.58,22.76,22.95,5.9787,548600
2002-07-18,23.0,23.41,22.72,22.8,5.9396,208200
2002-07-19,22.45,22.64,21.4,21.4,5.5749,1263200
2002-07-22,21.45,21.62,20.0,20.09,5.2336,10565400
2002-07-23,20.2,20.59,19.63,19.8,5.1581,2086200
2002-07-24,19.4,21.21,19.38,21.11,5.4993,5555400
2002-07-25,21.0,21.45,20.57,21.02,5.4759,691400
2002-07-26,20.91,21.31,20.79,21.3,5.5488,225000
2002-07-29,21.8,22.53,21.63,22.53,5.8693,358800
2002-07-30,22.34,22.47,21.91,22.18,5.7781,285800
2002-07-31,22.16,22.64,21.91,22.57,5.8797,288400
2002-08-01,22.18,22.42,21.24,21.24,5.5332,291000
2002-08-02,21.45,21.51,20.66,21.0,5.4707,349800
2002-08-05,20.95,21.2,20.12,20.22,5.2675,257200
2002-08-06,20.6,21.3,20.6,20.95,5.4576,119800
2002-08-07,21.2,21.27,20.6,21.25,5.5358,285800
2002-08-08,21.27,22.15,21.27,22.15,5.7703,232600
2002-08-09,21.83,22.65,21.64,22.55,5.8745,305200
2002-08-12,22.1,22.71,21.99,22.5,5.8614,328600
2002-08-13,22.4,22.72,22.16,22.16,5.7729,209400
2002-08-14,22.51,23.05,22.2,23.03,5.9995,335600
2002-08-15,23.26,23.7,23.15,23.68,6.1688,479800
2002-08-16,23.5,23.5,23.16,23.3,6.0698,358400
2002-08-19,23.4,23.64,23.02,23.49,6.1193,1369600
2002-08-20,23.35,23.35,22.55,22.9,5.9656,615000
2002-08-21,22.92,23.05,22.5,22.95,5.9787,230800
2002-08-22,23.18,23.76,22.95,23.6,6.148,388800
2002-08-23,23.38,23.55,23.18,23.22,6.049,1290800
2002-08-26,23.4,23.7,23.11,23.53,6.1298,174200
2002-08-27,23.86,23.99,23.34,23.52,6.1272,1660600
2002-08-28,23.35,23.35,22.78,22.96,5.9813,316800
2002-08-29,22.72,22.95,22.38,22.76,5.9292,413400
2002-08-30,22.72,23.34,22.6,22.91,5.9682,291000
2002-09-03,22.4,23.26,21.85,22.0,5.7312,177800
2002-09-04,21.93,22.19,21.3,21.95,5.7182,1249000
2002-09-05,21.75,22.1,21.62,21.99,5.7286,516600
2002-09-06,22.35,22.57,22.15,22.35,5.8224,421000
2002-09-09,22.3,22.44,22.08,22.32,5.8145,206600
2002-09-10,22.39,22.8,22.39,22.8,5.9396,228600
2002-09-11,23.04,23.1,22.66,22.68,5.9083,140800
2002-09-12,22.64,22.68,22.12,22.12,5.7624,422800
2002-09-13,21.98,22.48,21.88,22.36,5.825,258600
2002-09-16,22.27,22.59,22.23,22.52,5.8666,195600
2002-09-17,22.16,22.16,21.71,21.79,5.6765,271000
2002-09-18,21.8,22.05,21.54,21.85,5.6921,272600
2002-09-19,21.6,21.85,21.23,21.23,5.5306,121000
2002-09-20,21.4,21.5,21.1,21.27,5.5713,230000
2002-09-23,21.23,21.35,20.89,21.15,5.5399,323400
2002-09-24,20.99,20.99,20.54,20.54,5.3801,552000
2002-09-25,20.8,21.2,20.51,21.1,5.5268,889000
2002-09-26,21.28,22.0,21.28,21.99,5.7599,718000
2002-09-27,21.9,22.24,21.5,21.58,5.6525,648600
2002-09-30,21.2,21.36,20.78,21.16,5.5425,744000
2002-10-01,21.2,21.88,21.14,21.83,5.718,232400
2002-10-02,21.54,22.35,21.5,21.59,5.6551,673600
2002-10-03,21.6,22.07,21.44,21.73,5.6918,505400
2002-10-04,21.83,21.9,21.18,21.36,5.5949,213400
2002-10-07,21.58,21.72,21.09,21.09,5.5242,372000
2002-10-08,21.15,21.25,20.59,20.86,5.4639,885200
2002-10-09,20.59,20.92,20.4,20.45,5.3565,1238800
2002-10-10,20.47,20.93,20.19,20.93,5.4823,1000600
2002-10-11,21.17,21.46,20.98,21.28,5.5739,430600
2002-10-14,21.38,21.88,21.23,21.87,5.7285,634600
2002-10-15,22.35,22.54,21.35,22.53,5.9014,321200
2002-10-16,22.47,22.62,22.04,22.18,5.8097,359400
2002-10-17,22.5,22.69,22.36,22.65,5.9328,939000
2002-10-18,22.52,22.86,22.4,22.63,5.9275,281600
2002-10-21,22.41,22.85,22.39,22.74,5.9564,240200
2002-10-22,22.5,22.5,21.8,22.1,5.7887,582400
2002-10-23,21.93,22.5,21.83,22.46,5.883,446000
2002-10-24,22.59,22.7,21.95,22.09,5.7861,1095800
2002-10-25,21.85,21.85,21.57,21.75,5.697,282800
2002-10-28,21.73,22.1,21.46,21.71,5.6866,1099000
2002-10-29,21.31,21.31,20.8,21.08,5.5215,1181000
2002-10-30,21.47,21.91,21.43,21.78,5.7049,1003200
2002-10-31,22.11,22.15,21.32,21.55,5.6447,1243600
2002-11-01,21.55,22.12,21.55,22.12,5.794,755200
2002-11-04,22.18,22.21,21.7,21.75,5.697,315200
2002-11-05,21.75,22.2,21.62,22.2,5.8149,189200
2002-11-06,22.35,22.5,21.9,22.4,5.8673,466800
2002-11-07,22.25,22.5,21.85,21.98,5.7573,755600
2002-11-08,22.15,22.15,21.85,21.85,5.7232,331400
2002-11-11,21.75,22.05,21.55,21.58,5.6525,312800
2002-11-12,21.78,21.83,21.45,21.51,5.6342,75600
2002-11-13,21.55,21.65,20.8,21.03,5.5085,595200
2002-11-14,21.24,21.76,21.24,21.71,5.6866,1208000
2002-11-15,21.7,21.88,21.56,21.88,5.7311,602600
2002-11-18,21.99,22.02,21.71,21.9,5.7363,131400
2002-11-19,21.94,22.16,21.78,21.9,5.7363,124200
2002-11-20,21.82,22.37,21.82,22.33,5.849,318000
2002-11-21,22.5,22.56,22.25,22.5,5.8935,379600
2002-11-22,22.35,22.35,22.0,22.02,5.7678,580600
2002-11-25,21.93,22.27,21.85,22.2,5.8149,151000
2002-11-26,22.05,22.05,21.74,21.78,5.7049,164000
2002-11-27,21.95,22.25,21.86,22.17,5.8071,372800
2002-11-29,22.36,22.48,22.24,22.44,5.8778,135000
2002-12-02,22.53,22.61,22.28,22.51,5.8961,484200
2002-12-03,22.72,22.95,22.59,22.73,5.9537,788200
2002-12-04,22.59,22.67,22.42,22.53,5.9014,962400
2002-12-05,22.66,22.74,22.48,22.68,5.9406,253600
2002-12-06,22.46,22.97,22.42,22.9,5.9983,1423800
2002-12-09,22.8,23.15,22.5,22.5,5.8935,525600
2002-12-10,22.55,22.85,22.4,22.85,5.9852,810400
2002-12-11,22.6,22.85,22.47,22.73,5.9537,827000
2002-12-12,22.72,23.02,22.72,22.93,6.0061,315600
2002-12-13,22.9,23.07,22.77,22.87,5.9904,347800
2002-12-16,22.91,23.28,22.91,23.26,6.0926,1204800
2002-12-17,23.28,23.38,22.96,23.02,6.0297,413200
2002-12-18,22.78,23.0,22.64,22.83,5.9799,385600
2002-12-19,22.68,22.9,22.56,22.6,5.9197,1681800
2002-12-20,22.62,22.94,22.53,22.94,6.0396,517200
2002-12-23,23.05,23.11,22.89,23.04,6.0659,247800
2002-12-24,23.0,23.0,22.86,22.93,6.037,135600
2002-12-26,22.92,23.03,22.62,22.67,5.9685,394600
2002-12-27,22.73,22.77,22.16,22.18,5.8395,947200
2002-12-30,22.35,22.52,22.2,22.29,5.8685,496200
2002-12-31,22.31,22.34,21.95,22.33,5.879,459000
2003-01-02,22.45,22.83,22.42,22.8,6.0027,151400
2003-01-03,22.9,22.9,22.68,22.76,5.9922,86200
2003-01-06,22.8,23.07,22.79,22.95,6.0422,237600
2003-01-07,22.75,22.75,22.12,22.2,5.8448,900400
2003-01-08,22.2,22.2,21.92,21.99,5.7895,1420800
2003-01-09,22.2,22.39,22.07,22.27,5.8632,1232600
2003-01-10,22.08,22.35,22.06,22.09,5.8158,431200
2003-01-13,22.17,22.17,21.89,22.01,5.7948,993600
2003-01-14,22.19,22.19,21.95,22.1,5.8185,134200
2003-01-15,22.08,22.26,22.0,22.17,5.8369,1504600
2003-01-16,22.28,22.53,22.28,22.39,5.8948,1024200
2003-01-17,22.31,22.42,22.15,22.22,5.85,355200
2003-01-21,21.97,21.97,21.68,21.7,5.7131,418800
2003-01-22,21.49,21.82,21.25,21.64,5.6973,332200
2003-01-23,21.63,21.77,21.5,21.7,5.7131,391000
2003-01-24,21.58,21.72,21.21,21.32,5.6131,469400
2003-01-27,21.08,21.16,20.46,20.65,5.4367,1924400
2003-01-28,20.85,21.09,20.79,21.0,5.5288,557200
2003-01-29,21.05,21.81,21.02,21.68,5.7079,696600
2003-01-30,21.75,22.0,21.34,21.34,5.6184,2020400
2003-01-31,21.21,21.78,21.12,21.77,5.7316,1263400
2003-02-03,21.8,22.0,21.6,21.94,5.7763,1023800
2003-02-04,21.77,22.23,21.55,22.09,5.8158,782200
2003-02-05,22.29,22.29,21.91,21.93,5.7737,667600
2003-02-06,21.9,22.0,21.65,21.84,5.75,467600
2003-02-07,22.0,22.0,21.56,21.64,5.6973,1319400
2003-02-10,21.72,21.92,21.64,21.92,5.7711,690000
2003-02-11,22.08,22.14,21.68,21.78,5.7342,1050600
2003-02-12,21.8,21.8,21.34,21.4,5.6342,254600
2003-02-13,21.38,21.42,21.06,21.3,5.6078,726600
2003-02-14,21.3,21.58,21.19,21.47,5.6526,686400
2003-02-18,21.65,21.91,21.6,21.82,5.7447,172000
2003-02-19,21.88,21.97,21.72,21.8,5.7395,104600
2003-02-20,22.04,22.07,21.75,21.75,5.7263,802200
2003-02-21,21.78,22.32,21.78,22.23,5.8527,4496000
2003-02-24,22.3,22.58,22.23,22.42,5.9027,872800
2003-02-25,22.69,22.83,22.14,22.3,5.8711,883000
2003-02-26,22.36,22.58,22.25,22.36,5.8869,651600
2003-02-27,22.55,22.58,22.16,22.23,5.8527,567600
2003-02-28,22.27,22.58,22.27,22.41,5.9001,445800
2003-03-03,22.36,22.6,22.36,22.49,5.9211,253400
2003-03-04,22.55,22.56,22.33,22.38,5.8922,3145400
2003-03-05,22.42,22.58,22.34,22.58,5.9448,826600
2003-03-06,22.58,22.65,22.41,22.6,5.9501,306800
2003-03-07,22.44,22.67,22.34,22.6,5.9501,2526800
2003-03-10,22.5,22.68,22.33,22.37,5.8895,807400
2003-03-11,22.5,22.58,22.11,22.15,5.8316,106800
2003-03-12,21.9,21.9,21.45,21.8,5.7395,6548800
2003-03-13,22.0,22.04,21.72,21.89,5.7632,1700800
2003-03-14,21.83,21.97,21.72,21.8,5.7395,1989800
2003-03-17,21.88,22.22,21.88,22.08,5.8132,1367600
2003-03-18,22.1,22.5,21.82,22.5,5.9238,973400
2003-03-19,22.58,22.62,22.32,22.53,5.9317,834600
2003-03-20,22.5,22.85,22.35,22.75,5.9896,2105000
2003-03-21,22.57,22.66,22.33,22.38,5.9233,220200
2003-03-24,22.41,22.52,22.0,22.05,5.8359,1154800
2003-03-25,22.24,22.52,22.19,22.25,5.8889,772800
2003-03-26,22.4,22.4,22.17,22.3,5.9021,720200
2003-03-27,22.25,22.65,22.21,22.48,5.9497,1686600
2003-03-28,22.47,22.81,22.47,22.68,6.0027,829600
2003-03-31,22.55,22.55,22.3,22.32,5.9074,871200
2003-04-01,22.35,22.78,22.35,22.74,6.0185,661400
2003-04-02,22.67,22.69,22.5,22.69,6.0053,651200
2003-04-03,22.69,22.72,22.2,22.27,5.8941,2745000
2003-04-04,22.33,22.43,22.3,22.39,5.9259,284600
2003-04-07,22.6,22.6,22.14,22.22,5.8809,545200
2003-04-08,22.0,22.08,21.87,21.95,5.8095,447800
2003-04-09,22.07,22.18,21.89,21.94,5.8068,797200
2003-04-10,22.1,22.24,22.01,22.24,5.8862,1190800
2003-04-11,22.15,22.21,21.96,22.11,5.8518,88600
2003-04-14,22.16,22.28,22.01,22.22,5.8809,502600
2003-04-15,22.2,22.24,22.02,22.16,5.865,271800
2003-04-16,22.12,22.19,21.83,21.86,5.7856,6234800
2003-04-17,21.93,22.31,21.81,22.3,5.9021,798400
2003-04-21,22.33,22.43,22.2,22.29,5.8994,847600
2003-04-22,22.29,22.7,22.15,22.6,5.9815,391200
2003-04-23,22.72,22.75,22.38,22.6,5.9815,980800
2003-04-24,22.49,22.7,22.44,22.52,5.9603,382200
2003-04-25,22.4,22.4,22.12,22.24,5.8862,715000
2003-04-28,22.29,22.56,22.28,22.34,5.9127,807600
2003-04-29,22.34,22.34,21.94,22.03,5.8306,461600
2003-04-30,22.0,22.2,22.0,22.13,5.8571,102200
2003-05-01,22.32,22.32,21.98,22.24,5.8862,882200
2003-05-02,22.32,22.68,22.32,22.59,5.9788,910800
2003-05-05,22.68,22.77,22.54,22.73,6.0159,853000
2003-05-06,22.79,22.85,22.55,22.7,6.008,1084400
2003-05-07,22.65,22.97,22.48,22.85,6.0477,1107400
2003-05-08,22.73,23.05,22.7,22.88,6.0556,328000
2003-05-09,22.94,23.1,22.78,23.03,6.0953,644200
2003-05-12,23.0,23.3,22.92,23.14,6.1244,3372800
2003-05-13,23.1,23.54,23.1,23.4,6.1932,1070600
2003-05-14,23.42,23.52,23.25,23.5,6.2197,518200
2003-05-15,23.6,23.6,23.41,23.51,6.2223,1561800
2003-05-16,23.63,23.68,23.4,23.59,6.2435,2015800
2003-05-19,23.55,23.56,23.33,23.35,6.18,348800
2003-05-20,23.39,23.4,23.14,23.26,6.1562,529000
2003-05-21,23.19,24.0,23.19,23.95,6.3388,2504400
2003-05-22,23.95,24.01,23.85,23.9,6.3256,479200
2003-05-23,23.92,24.21,23.79,24.12,6.3838,1458200
2003-05-27,24.04,24.64,24.0,24.6,6.5108,633000
2003-05-28,24.56,24.62,24.25,24.31,6.4341,1008400
2003-05-29,24.42,24.42,24.0,24.08,6.3732,974200
2003-05-30,24.18,24.57,24.14,24.48,6.4791,995800
2003-06-02,24.6,24.87,24.52,24.61,6.5135,1196600
2003-06-03,24.62,24.79,24.45,24.79,6.5611,1142600
2003-06-04,24.84,25.0,24.66,24.95,6.6035,1109600
2003-06-05,24.9,24.9,24.66,24.82,6.5691,316800
2003-06-06,24.85,25.13,24.66,24.77,6.5558,492600
2003-06-09,24.65,24.77,24.56,24.73,6.5452,309800
2003-06-10,24.72,24.9,24.67,24.88,6.5849,140400
2003-06-11,25.05,25.61,24.92,25.6,6.7755,2024400
2003-06-12,25.75,25.8,25.12,25.37,6.7146,421200
2003-06-13,25.3,25.3,24.74,24.94,6.6008,989000
2003-06-16,25.0,25.0,24.62,24.92,6.5955,877600
2003-06-17,24.77,24.94,24.6,24.68,6.532,192600
2003-06-18,24.6,24.76,24.42,24.53,6.4923,360200
2003-06-19,24.59,24.85,24.5,24.66,6.5267,415200
2003-06-20,24.65,24.65,24.39,24.45,6.5023,2419400
2003-06-23,24.4,24.48,24.24,24.38,6.4836,361400
2003-06-24,24.46,24.49,24.32,24.36,6.4783,113600
2003-06-25,24.5,24.78,24.3,24.4,6.489,142000
2003-06-26,24.35,24.52,24.21,24.29,6.4597,843200
2003-06-27,24.28,24.4,24.13,24.2,6.4358,180800
2003-06-30,24.3,24.33,24.05,24.05,6.3959,185600
2003-07-01,23.89,24.11,23.68,24.03,6.3906,446600
2003-07-02,23.92,24.08,23.85,24.0,6.3826,280400
2003-07-03,24.0,24.05,23.8,23.96,6.372,319600
2003-07-07,24.05,24.05,23.76,23.8,6.3294,1385400
2003-07-08,23.65,23.88,23.64,23.76,6.3188,483200
2003-07-09,23.95,24.07,23.77,24.0,6.3826,292800
2003-07-10,24.0,24.0,23.43,23.64,6.2869,486800
2003-07-11,23.53,23.83,23.5,23.71,6.3055,533200
2003-07-14,23.84,23.84,23.42,23.5,6.2496,259400
2003-07-15,23.35,23.55,23.2,23.3,6.1964,1077000
2003-07-16,23.27,23.38,23.0,23.08,6.1379,210600
2003-07-17,23.08,23.4,22.95,23.23,6.1778,355000
2003-07-18,23.3,23.86,23.3,23.76,6.3188,323400
2003-07-21,23.92,23.97,23.52,23.63,6.2842,330400
2003-07-22,23.55,23.75,23.4,23.57,6.2682,252800
2003-07-23,23.75,23.75,23.18,23.44,6.2337,1113600
2003-07-24,23.55,23.66,23.16,23.22,6.1752,404000
2003-07-25,23.1,23.43,23.1,23.43,6.231,1789000
2003-07-28,23.4,23.46,23.23,23.33,6.2044,915400
2003-07-29,23.2,23.37,22.96,23.0,6.1166,899000
2003-07-30,23.0,23.12,22.92,23.03,6.1246,280200
2003-07-31,23.25,23.59,23.1,23.2,6.1698,1229800
2003-08-01,23.25,23.25,22.96,23.14,6.1539,857200
2003-08-04,23.01,23.08,22.73,22.9,6.0901,503600
2003-08-05,22.95,23.12,22.8,22.8,6.0635,1512600
2003-08-06,22.75,23.25,22.75,23.2,6.1698,592400
2003-08-07,23.2,23.78,23.16,23.78,6.3241,980000
2003-08-08,23.95,23.95,23.63,23.85,6.3427,1307400
2003-08-11,23.95,24.15,23.88,23.96,6.372,605400
2003-08-12,24.01,24.14,23.86,24.13,6.4172,2039000
2003-08-13,24.25,24.29,24.08,24.11,6.4118,437000
2003-08-14,24.33,24.33,24.05,24.2,6.4358,1479400
2003-08-15,24.25,24.3,24.13,24.28,6.4571,472800
2003-08-18,24.3,24.37,24.2,24.28,6.4571,213600
2003-08-19,24.28,24.34,24.06,24.17,6.4278,524000
2003-08-20,24.12,24.38,24.1,24.28,6.4571,749600
2003-08-21,24.45,24.6,24.37,24.51,6.5182,806800
2003-08-22,24.6,24.6,24.13,24.13,6.4172,722200
2003-08-25,24.22,24.23,24.05,24.13,6.4172,229000
2003-08-26,24.13,24.2,23.86,24.15,6.4225,516000
2003-08-27,24.26,24.37,24.22,24.25,6.4491,319000
2003-08-28,24.21,24.66,24.1,24.65,6.5555,1065400
2003-08-29,24.58,24.7,24.45,24.68,6.5634,301200
2003-09-02,24.61,24.84,24.46,24.84,6.606,778600
2003-09-03,24.74,24.93,24.72,24.85,6.6086,346800
2003-09-04,24.89,24.89,24.72,24.81,6.598,432000
2003-09-05,24.79,24.8,24.62,24.7,6.5687,143400
2003-09-08,24.77,25.05,24.7,25.04,6.6592,555200
2003-09-09,25.02,25.02,24.7,24.77,6.5874,2343200
2003-09-10,24.77,24.78,24.5,24.51,6.5182,1348800
2003-09-11,24.68,24.7,24.43,24.46,6.5049,213400
2003-09-12,24.55,24.55,24.31,24.49,6.5129,233400
2003-09-15,24.42,24.48,24.31,24.33,6.4704,437600
2003-09-16,24.4,24.43,24.25,24.37,6.481,143400
2003-09-17,24.36,24.37,24.0,24.05,6.3959,338800
2003-09-18,24.0,24.21,23.89,24.15,6.4225,751200
2003-09-19,24.05,24.25,24.01,24.25,6.4815,346400
2003-09-22,24.17,24.26,24.0,24.11,6.444,355400
2003-09-23,24.28,24.28,24.12,24.25,6.4815,112600
2003-09-24,24.35,24.63,24.3,24.37,6.5135,650400
2003-09-25,24.35,24.42,24.15,24.15,6.4547,223000
2003-09-26,24.1,24.1,23.78,23.93,6.3959,408000
2003-09-29,23.93,24.06,23.8,24.05,6.428,190000
2003-09-30,24.08,24.2,23.75,24.05,6.428,216200
2003-10-01,24.0,24.44,24.0,24.4,6.5215,311400
2003-10-02,24.4,24.57,24.26,24.56,6.5643,227200
2003-10-03,24.63,24.94,24.61,24.7,6.6017,1257600
2003-10-06,24.8,24.9,24.75,24.85,6.6418,153800
2003-10-07,24.72,24.97,24.58,24.97,6.6739,1158000
2003-10-08,24.85,24.96,24.65,24.8,6.6285,617000
2003-10-09,24.85,24.88,24.65,24.72,6.6071,461400
2003-10-10,24.8,25.04,24.79,24.9,6.6552,456600
2003-10-13,25.05,25.08,24.86,25.0,6.6819,1082000
2003-10-14,24.9,24.94,24.71,24.9,6.6552,1348600
2003-10-15,24.95,24.99,24.46,24.54,6.559,1112400
2003-10-16,24.65,24.85,24.63,24.8,6.6285,227600
2003-10-17,24.7,24.85,24.54,24.63,6.583,201600
2003-10-20,24.66,24.66,24.41,24.62,6.5803,276000
2003-10-21,24.7,24.8,24.6,24.7,6.6017,310400
2003-10-22,24.55,24.58,24.3,24.37,6.5135,908800
2003-10-23,24.3,24.4,24.09,24.33,6.5028,212600
2003-10-24,24.15,24.32,24.14,24.32,6.5002,259400
2003-10-27,24.3,24.42,24.18,24.22,6.4734,485000
2003-10-28,24.3,24.35,24.12,24.29,6.4921,572400
2003-10-29,24.34,24.49,24.21,24.24,6.4788,480600
2003-10-30,24.2,24.35,23.76,23.91,6.3906,688400
2003-10-31,24.02,24.38,23.97,24.28,6.4895,303000
2003-11-03,24.34,24.4,24.13,24.13,6.4494,557426
2003-11-04,24.06,24.19,24.01,24.05,6.428,307494
2003-11-05,24.1,24.16,23.98,24.12,6.4467,748000
2003-11-06,24.1,24.24,23.98,24.15,6.4547,273600
2003-11-07,24.24,24.32,24.16,24.21,6.4708,438000
2003-11-10,24.25,24.36,24.11,24.17,6.4601,197400
2003-11-11,24.26,24.26,24.05,24.16,6.4574,445400
2003-11-12,24.1,24.34,24.1,24.3,6.4948,480800
2003-11-13,24.3,24.59,24.3,24.52,6.5536,278400
2003-11-14,24.58,24.71,24.48,24.57,6.567,939000
2003-11-17,24.4,24.44,24.16,24.32,6.5002,289000
2003-11-18,24.35,24.36,24.09,24.15,6.4547,531800
2003-11-19,24.13,24.24,24.05,24.21,6.4708,790200
2003-11-20,24.02,24.28,24.02,24.15,6.4547,555800
2003-11-21,24.1,24.2,23.9,23.97,6.4066,697200
2003-11-24,24.0,24.14,23.99,24.1,6.4414,372800
2003-11-25,24.1,24.38,24.06,24.24,6.4788,631000
2003-11-26,24.39,24.57,24.29,24.47,6.5403,782200
2003-11-28,24.57,24.57,24.45,24.49,6.5456,288600
2003-12-01,24.59,24.75,24.5,24.72,6.6071,382000
2003-12-02,24.72,24.94,24.68,24.89,6.6525,1800800
2003-12-03,24.89,24.97,24.75,24.75,6.6151,499400
2003-12-04,24.72,25.43,24.72,25.35,6.7755,891600
2003-12-05,25.44,25.56,25.35,25.53,6.8236,1163800
2003-12-08,25.6,25.85,25.5,25.81,6.8984,1115000
2003-12-09,25.87,25.99,25.82,25.83,6.9037,2118000
2003-12-10,25.95,25.97,25.75,25.85,6.9091,2366800
2003-12-11,25.8,26.02,25.75,25.98,6.9438,1062200
2003-12-12,26.1,26.3,25.98,26.27,7.0214,635800
2003-12-15,26.17,26.2,25.91,25.94,6.9332,1374800
2003-12-16,26.01,26.36,26.01,26.33,7.0374,1183200
2003-12-17,26.33,26.58,26.22,26.58,7.1042,1980800
2003-12-18,26.72,27.41,26.67,27.29,7.294,3414600
2003-12-19,27.21,27.26,27.0,27.12,7.2811,2215400
2003-12-22,27.01,28.0,27.0,27.15,7.2892,785400
2003-12-23,27.11,27.11,26.82,26.96,7.2382,1505200
2003-12-24,26.94,27.38,26.94,27.25,7.316,347800
2003-12-26,27.22,27.41,27.22,27.36,7.3456,676000
2003-12-29,27.4,27.7,27.3,27.68,7.4315,1110400
2003-12-30,27.71,27.92,27.63,27.74,7.4476,1018400
2003-12-31,27.83,27.89,27.45,27.55,7.3966,1529600
2004-01-02,27.81,27.81,27.4,27.54,7.3939,988000
2004-01-05,27.7,28.13,27.66,28.07,7.5362,1648800
2004-01-06,28.1,28.13,27.86,28.04,7.5281,1382200
2004-01-07,27.89,27.89,27.58,27.75,7.4503,3353600
2004-01-08,27.78,27.88,27.54,27.83,7.4718,2674200
2004-01-09,27.75,28.2,27.62,27.97,7.5093,4739600
2004-01-12,28.06,28.14,27.95,28.05,7.5308,1640000
2004-01-13,28.15,28.33,28.0,28.06,7.5335,2006000
2004-01-14,28.05,28.05,27.81,27.99,7.5147,1660400
2004-01-15,28.05,28.12,27.51,27.52,7.3885,2048200
2004-01-16,27.7,27.85,27.48,27.78,7.4583,711200
2004-01-20,28.05,28.51,27.95,28.48,7.6463,1912400
2004-01-21,28.48,28.76,28.41,28.65,7.6919,1496000
2004-01-22,28.8,28.85,28.33,28.51,7.6543,850200
2004-01-23,28.55,28.9,28.55,28.76,7.7214,3394600
2004-01-26,28.6,28.99,28.55,28.93,7.7671,1367800
2004-01-27,29.0,29.11,28.8,28.87,7.751,1509000
2004-01-28,28.85,28.92,28.43,28.46,7.6409,1881000
2004-01-29,28.65,28.72,28.3,28.44,7.6355,6494200
2004-01-30,28.4,28.48,28.11,28.17,7.563,1227000
2004-02-02,28.24,28.47,28.02,28.33,7.606,1877800
2004-02-03,28.15,28.34,28.07,28.22,7.5765,869000
2004-02-04,28.15,28.2,27.86,28.02,7.5228,1072000
2004-02-05,27.99,28.05,27.52,27.77,7.4556,2080400
2004-02-06,27.81,27.96,27.65,27.96,7.5067,1031800
2004-02-09,28.0,28.4,28.0,28.3,7.5979,1478600
2004-02-10,28.35,28.74,28.31,28.68,7.7,1883600
2004-02-11,28.6,29.1,28.53,29.07,7.8047,4028200
2004-02-12,29.05,29.27,28.92,29.16,7.8288,1565800
2004-02-13,29.13,29.21,28.89,29.09,7.81,1720600
2004-02-17,29.3,29.39,29.22,29.34,7.8772,1065400
2004-02-18,29.37,29.39,28.95,29.03,7.7939,1508000
2004-02-19,29.11,29.23,29.0,29.0,7.7859,841400
2004-02-20,29.25,29.25,28.84,28.99,7.7832,645400
2004-02-23,29.1,29.25,29.04,29.22,7.8449,1211000
2004-02-24,29.15,29.38,29.14,29.27,7.8584,936200
2004-02-25,29.17,29.46,29.17,29.41,7.896,1959600
2004-02-26,29.45,29.58,29.32,29.51,7.9228,1503600
2004-02-27,29.6,29.75,29.51,29.65,7.9604,1030400
2004-03-01,29.87,30.26,29.79,30.22,8.1134,3672800
2004-03-02,29.75,30.3,29.48,29.96,8.0436,2509000
2004-03-03,29.95,30.02,29.62,29.92,8.0329,1321200
2004-03-04,30.0,30.01,29.73,29.83,8.0087,1287000
2004-03-05,29.9,30.26,29.8,30.09,8.0785,1727800
2004-03-08,30.23,30.48,30.15,30.22,8.1134,1130600
2004-03-09,30.12,30.2,29.86,30.02,8.0597,1783600
2004-03-10,30.0,30.03,29.41,29.5,7.9201,962800
2004-03-11,29.2,29.39,28.78,28.84,7.7429,3188400
2004-03-12,29.05,29.32,28.94,29.26,7.8557,1088400
2004-03-15,29.4,29.58,29.25,29.32,7.8718,1742800
2004-03-16,29.45,29.45,29.1,29.31,7.8691,1173000
2004-03-17,29.6,29.89,29.43,29.72,7.9792,3172200
2004-03-18,29.8,30.06,29.67,30.02,8.0597,1041000
2004-03-19,29.9,29.9,29.28,29.28,7.8944,1168400
2004-03-22,29.28,29.28,28.95,29.0,7.8189,1957600
2004-03-23,29.1,29.15,28.57,28.8,7.7649,2405400
2004-03-24,28.74,28.91,28.1,28.19,7.6005,2023600
2004-03-25,28.35,28.35,28.01,28.08,7.5708,2029800
2004-03-26,28.15,28.64,28.15,28.4,7.6571,1550000
2004-03-29,28.6,28.83,28.49,28.55,7.6975,2820800
2004-03-30,28.65,29.19,28.55,29.07,7.8377,1630800
2004-03-31,29.12,29.47,28.99,29.34,7.9105,4161200
2004-04-01,29.39,29.5,28.91,29.0,7.8189,6629000
2004-04-02,29.0,29.17,28.94,29.13,7.8539,2320200
2004-04-05,29.05,29.35,29.05,29.28,7.8944,1083000
2004-04-06,29.28,29.43,29.17,29.28,7.8944,1184000
2004-04-07,29.25,29.45,28.99,29.28,7.8944,2812400
2004-04-08,29.55,29.75,29.45,29.54,7.9645,2323600
2004-04-12,29.79,30.25,29.79,30.1,8.1154,2562400
2004-04-13,30.25,30.35,29.8,29.84,8.0453,2517600
2004-04-14,29.75,29.98,29.58,29.9,8.0615,2885600
2004-04-15,29.9,30.34,29.9,30.3,8.1694,1868200
2004-04-16,30.45,30.54,30.25,30.54,8.2341,1464400
2004-04-19,30.55,30.67,30.33,30.47,8.2152,1958000
2004-04-20,30.43,30.44,29.81,29.85,8.048,1379200
2004-04-21,29.65,29.85,29.49,29.75,8.0211,2686000
2004-04-22,29.8,30.34,29.65,30.34,8.1801,919000
2004-04-23,30.4,30.4,29.98,30.1,8.1154,2653600
2004-04-26,30.3,30.5,30.15,30.27,8.1613,2206800
2004-04-27,30.5,31.04,30.45,30.9,8.3311,5102200
2004-04-28,30.85,30.9,30.4,30.46,8.2125,2733600
2004-04-29,30.5,30.54,29.53,29.73,8.0157,2135800
2004-04-30,29.9,30.14,29.8,29.84,8.0453,2504400
2004-05-03,29.93,30.59,29.8,30.53,8.2314,4479200
2004-05-04,30.8,30.8,30.35,30.55,8.2368,1811000
2004-05-05,30.3,30.7,30.0,30.65,8.2637,1378000
2004-05-06,30.8,30.8,30.21,30.5,8.2233,1296200
2004-05-07,30.55,30.55,29.76,29.76,8.0238,1331200
2004-05-10,29.51,29.51,28.65,28.9,7.7919,3769800
2004-05-11,29.15,29.45,29.1,29.4,7.9267,2000600
2004-05-12,29.28,29.7,29.2,29.58,7.9752,6504000
2004-05-13,29.5,29.8,29.45,29.5,7.9537,3138000
2004-05-14,29.6,30.14,29.5,29.85,8.048,3114800
2004-05-17,29.8,30.1,29.78,29.85,8.048,3456800
2004-05-18,29.85,30.0,29.3,29.41,7.9294,3787400
2004-05-19,29.45,29.7,29.21,29.28,7.8944,6030200
2004-05-20,29.35,29.49,29.2,29.25,7.8863,2638000
2004-05-21,29.45,29.49,29.02,29.11,7.8485,3207600
2004-05-24,29.1,29.83,29.08,29.77,8.0265,5770000
2004-05-25,29.75,30.28,29.75,30.27,8.1613,4566400
2004-05-26,30.35,30.38,29.94,30.02,8.0939,4302200
2004-05-27,29.95,30.02,29.45,29.6,7.9806,6510800
2004-05-28,29.55,29.8,29.5,29.75,8.0211,4801400
2004-06-01,30.03,30.21,29.96,30.16,8.1316,5863200
2004-06-02,30.15,30.35,30.04,30.1,8.1154,3585800
2004-06-03,30.15,30.34,29.78,29.83,8.0426,4334600
2004-06-04,29.8,29.84,29.54,29.68,8.0022,1881800
2004-06-07,29.85,30.24,29.71,30.23,8.1505,3925400
2004-06-08,30.35,30.44,29.96,30.1,8.1154,3638200
2004-06-09,29.85,29.98,29.56,29.86,8.0507,6429000
2004-06-10,30.1,30.3,30.03,30.24,8.1532,3868000
2004-06-14,30.15,30.35,29.96,30.01,8.0912,1798200
2004-06-15,30.35,30.55,30.21,30.44,8.2071,2675400
2004-06-16,30.55,31.06,30.55,31.03,8.3662,3869400
2004-06-17,31.04,31.34,31.0,31.26,8.4282,1823200
2004-06-18,31.34,31.34,31.09,31.22,8.4508,1731600
2004-06-21,31.25,31.35,30.33,31.15,8.4319,953200
2004-06-22,31.0,31.37,30.98,31.36,8.4887,2174000
2004-06-23,31.36,31.94,31.33,31.89,8.6322,5333400
2004-06-24,31.92,31.99,31.63,31.7,8.5808,7364600
2004-06-25,31.69,31.8,31.48,31.52,8.5321,2848000
2004-06-28,31.5,31.5,30.93,31.07,8.4102,6844000
2004-06-29,30.9,31.27,30.9,31.24,8.4563,3332000
2004-06-30,31.25,31.55,31.2,31.48,8.5212,4984600
2004-07-01,31.6,31.6,31.31,31.52,8.5321,1904200
2004-07-02,31.55,31.75,31.42,31.64,8.5645,726600
2004-07-06,31.85,31.94,31.65,31.72,8.5862,1363400
2004-07-07,31.62,31.91,31.54,31.91,8.6376,1155400
2004-07-08,31.99,32.04,31.61,31.75,8.5943,3132800
2004-07-09,31.9,31.98,31.73,31.93,8.643,1035400
2004-07-12,31.93,31.93,31.6,31.75,8.5943,1666800
2004-07-13,31.68,31.74,31.46,31.67,8.5727,1552200
2004-07-14,31.6,32.09,31.6,32.05,8.6755,2703800
2004-07-15,32.1,32.38,32.0,32.26,8.7324,1666200
2004-07-16,32.47,32.71,32.38,32.65,8.8379,2277600
2004-07-19,32.6,32.73,32.38,32.54,8.8082,1434000
2004-07-20,32.55,32.55,32.33,32.44,8.7811,1330600
2004-07-21,32.44,32.7,31.86,31.86,8.6241,2031000
2004-07-22,31.8,32.1,31.72,31.96,8.6512,3672600
2004-07-23,31.98,31.99,31.71,31.84,8.6187,5472600
2004-07-26,31.8,31.98,31.34,31.56,8.5429,3911800
2004-07-27,31.37,31.96,31.35,31.88,8.6295,3541200
2004-07-28,31.8,32.16,31.75,32.1,8.6891,3710400
2004-07-29,32.25,32.38,31.99,32.33,8.7513,3148400
2004-07-30,32.5,32.55,32.38,32.45,8.7838,2158800
2004-08-02,32.5,32.5,32.06,32.41,8.773,1776000
2004-08-03,32.5,32.85,32.5,32.8,8.8785,3836000
2004-08-04,32.85,32.85,32.0,32.04,8.6728,7684200
2004-08-05,32.0,32.2,31.55,31.56,8.5429,4745600
2004-08-06,31.6,31.65,30.86,30.93,8.3723,5498200
2004-08-09,31.0,31.67,30.94,31.43,8.5077,4231600
2004-08-10,31.45,31.6,31.21,31.31,8.4752,4557800
2004-08-11,31.23,31.36,30.85,31.15,8.4319,9452400
2004-08-12,31.25,31.37,30.75,30.75,8.3236,4030800
2004-08-13,30.8,31.23,30.8,31.13,8.4265,3305600
2004-08-16,31.15,31.32,31.05,31.32,8.4779,1780400
2004-08-17,31.25,31.28,30.56,30.6,8.283,10978800
2004-08-18,30.76,31.0358,30.76,31.0,8.3913,4382200
2004-08-19,31.15,31.32,31.01,31.1,8.4184,4529000
2004-08-20,31.35,31.74,31.35,31.42,8.505,4408200
2004-08-23,31.49,31.53,31.02,31.03,8.3994,3313800
2004-08-24,30.91,31.0,30.65,30.95,8.3778,3781200
2004-08-25,31.0,31.19,31.0,31.15,8.4319,4374400
2004-08-26,31.14,31.44,30.91,31.37,8.4914,2624800
2004-08-27,31.45,31.64,31.45,31.57,8.5456,2040800
2004-08-30,31.5,31.81,31.35,31.43,8.5077,3941000
2004-08-31,31.6,32.0,31.51,31.95,8.6484,2282200
2004-09-01,32.0,32.55,31.96,32.51,8.8,4444400
2004-09-02,32.62,32.77,32.5,32.77,8.8704,2726400
2004-09-03,32.76,32.92,32.65,32.84,8.8894,4538600
2004-09-07,32.75,32.84,32.5,32.8,8.8785,2626400
2004-09-08,32.6,32.95,32.6,32.83,8.8867,5696000
2004-09-09,32.85,33.35,32.85,33.3,9.0139,3771400
2004-09-10,33.3,33.34,32.96,33.12,8.9652,4516000
2004-09-13,33.25,33.41,33.23,33.35,9.0274,3563600
2004-09-14,33.44,33.61,33.3,33.5,9.068,3050000
2004-09-15,33.89,33.89,33.34,33.39,9.0382,5238200
2004-09-16,33.35,33.55,33.3,33.49,9.0653,2206600
2004-09-17,33.56,33.96,33.51,33.92,9.2183,4879800
2004-09-20,34.01,34.19,33.9,33.93,9.221,3253600
2004-09-21,34.0,34.85,33.99,34.77,9.4493,7798200
2004-09-22,34.7,34.7,34.35,34.55,9.3895,7525600
2004-09-23,34.45,34.45,34.0,34.23,9.3026,6543800
2004-09-24,34.23,34.73,34.23,34.62,9.4086,6473400
2004-09-27,34.75,34.86,34.38,34.6,9.4031,4636200
2004-09-28,34.85,35.28,34.82,35.19,9.5635,4997200
2004-09-29,35.12,35.2,34.51,34.72,9.4357,6433600
2004-09-30,34.85,35.07,34.79,34.93,9.4928,1727000
2004-10-01,35.05,35.48,34.89,35.43,9.6287,2359400
2004-10-04,35.45,35.53,35.25,35.39,9.6178,4483000
2004-10-05,35.67,35.87,35.55,35.77,9.7211,5673600
2004-10-06,35.8,36.43,35.8,36.43,9.9005,6013200
2004-10-07,36.6,36.83,36.03,36.15,9.8244,7361200
2004-10-08,36.35,36.42,35.94,36.19,9.8352,4492800
2004-10-11,36.37,36.37,35.69,35.88,9.751,4842200
2004-10-12,35.85,36.05,35.46,35.47,9.6396,6093400
2004-10-13,35.35,35.35,34.35,34.73,9.4385,14265600
2004-10-14,34.95,35.32,34.87,35.01,9.5146,9593400
2004-10-15,35.33,35.35,34.97,35.16,9.5553,3535000
2004-10-18,35.15,35.3,34.68,34.69,9.4276,3382000
2004-10-19,34.65,34.82,34.41,34.59,9.4004,3410600
2004-10-20,34.71,35.38,34.65,35.35,9.607,4951000
2004-10-21,35.46,35.77,34.45,35.55,9.6613,4937200
2004-10-22,35.64,35.91,35.45,35.48,9.6423,2859800
2004-10-25,35.55,35.69,35.26,35.51,9.6504,5146000
2004-10-26,35.4,35.93,35.4,35.9,9.7564,3654800
2004-10-27,35.95,36.13,35.03,35.28,9.5879,10602800
2004-10-28,35.14,35.29,34.45,34.66,9.4194,15395600
2004-10-29,34.45,35.15,34.45,35.14,9.5499,9065800
2004-11-01,35.35,35.52,34.71,34.93,9.4928,7991800
2004-11-02,34.8,34.93,34.32,34.41,9.3515,13847200
2004-11-03,35.1,35.25,34.6,35.1,9.539,6939600
2004-11-04,35.19,35.6,35.19,35.52,9.6532,7200400
2004-11-05,35.7,35.91,35.52,35.73,9.7102,12255800
2004-11-08,35.72,35.72,35.05,35.14,9.5499,7066600
2004-11-09,34.9,35.13,34.77,34.82,9.4629,11947200
2004-11-10,35.05,35.3,34.59,35.23,9.5743,10157400
2004-11-11,35.12,35.32,35.03,35.16,9.5553,6057000
2004-11-12,35.1,35.945,35.0,35.9,9.7564,5758800
2004-11-15,35.75,35.75,34.91,35.12,9.5444,8223800
2004-11-16,35.2,35.43,35.12,35.12,9.5444,4883800
2004-11-17,35.19,35.72,35.19,35.67,9.6939,7941000
2004-11-18,35.79,36.0,35.63,35.95,9.77,4390000
2004-11-19,36.15,36.51,35.98,36.38,9.8869,7872800
2004-11-22,36.43,37.0,36.38,36.96,10.0445,7439600
2004-11-23,37.0,37.39,36.97,37.19,10.107,3691800
2004-11-24,37.3,37.5,36.89,37.5,10.1913,7098400
2004-11-26,37.62,37.9,37.6,37.66,10.2347,2064200
2004-11-29,37.85,37.85,37.05,37.46,10.1804,5403800
2004-11-30,37.46,37.62,37.4,37.51,10.194,6979600
2004-12-01,37.4,37.525,36.54,36.61,9.9494,14346800
2004-12-02,36.3,36.39,35.36,35.64,9.6858,12799600
2004-12-03,35.53,36.07,35.52,35.99,9.7809,7960200
2004-12-06,36.58,36.58,35.74,36.01,9.7863,2995400
2004-12-07,36.05,36.33,35.26,35.26,9.5825,6882200
2004-12-08,35.0,35.59,34.76,35.5,9.6477,9152800
2004-12-09,35.6,35.8,35.31,35.8,9.7292,6512000
2004-12-10,35.83,36.01,35.44,35.55,9.6613,5593800
2004-12-13,35.6,36.18,35.6,36.18,9.8325,6084200
2004-12-14,36.15,36.36,36.01,36.29,9.8624,4825800
2004-12-15,36.38,36.65,36.1,36.56,9.9358,10615800
2004-12-16,36.57,36.57,36.02,36.19,9.8352,5357800
2004-12-17,35.92,36.22,35.92,36.05,9.8328,6285200
2004-12-20,36.24,36.54,36.12,36.49,9.9528,3894600
2004-12-21,36.38,36.82,36.38,36.8,10.0373,5824600
2004-12-22,36.8,36.92,35.96,36.3,9.9009,7979600
2004-12-23,36.39,36.55,36.29,36.51,9.9582,4261200
2004-12-27,36.0,36.5,35.86,35.87,9.7837,8936000
2004-12-28,35.9,36.23,35.9,36.12,9.8518,4389600
2004-12-29,35.85,36.41,35.85,36.39,9.9255,4213600
2004-12-30,36.34,36.36,36.19,36.23,9.8819,2311000
2004-12-31,36.18,36.45,36.12,36.32,9.9064,1264400
2005-01-03,36.1,36.2,34.98,34.98,9.5409,7963200
2005-01-04,35.2,35.35,34.78,34.8,9.4918,12669000
2005-01-05,34.8,35.05,34.56,34.65,9.4509,7948000
2005-01-06,34.55,35.51,34.54,35.25,9.6146,10057600
2005-01-07,35.4,35.4,34.66,34.97,9.5382,9445800
2005-01-10,35.35,35.6,35.1,35.23,9.6091,9003600
2005-01-11,35.22,35.39,35.0,35.28,9.6227,3295800
2005-01-12,35.4,35.9,35.21,35.9,9.7918,7048000
2005-01-13,36.15,36.43,35.95,36.14,9.8573,7199600
2005-01-14,36.25,36.47,36.05,36.46,9.9446,3292000
2005-01-18,36.7,36.91,36.59,36.82,10.0428,8816000
2005-01-19,36.65,36.96,36.65,36.69,10.0073,5354000
2005-01-20,36.6,36.6,36.05,36.32,9.9064,7888400
2005-01-21,36.55,36.84,36.39,36.4,9.9282,8703600
2005-01-24,36.8,37.02,36.68,36.72,10.0155,7715000
2005-01-25,36.95,37.05,36.6,36.87,10.0564,4257000
2005-01-26,36.93,37.29,36.81,37.23,10.1546,7096400
2005-01-27,37.15,37.71,37.1,37.56,10.2446,5924600
2005-01-28,37.35,37.35,36.98,37.1,10.1191,10000600
2005-01-31,37.0,37.7,36.85,37.55,10.2419,11261400
2005-02-01,37.76,38.2,37.71,38.19,10.4164,8331000
2005-02-02,38.35,38.74,38.22,38.72,10.561,6205200
2005-02-03,38.7,38.94,38.37,38.91,10.6128,6871400
2005-02-04,39.0,39.11,38.79,39.05,10.651,8835600
2005-02-07,39.15,39.2,38.51,38.79,10.5801,7348200
2005-02-08,38.62,39.14,38.56,39.07,10.6565,4416200
2005-02-09,39.1,39.38,38.69,39.0,10.6374,11826400
2005-02-10,39.42,40.12,39.25,40.07,10.9292,11408400
2005-02-11,40.03,40.63,39.95,40.42,11.0247,8490400
2005-02-14,40.47,40.63,40.38,40.47,11.0383,5754200
2005-02-15,40.65,40.68,40.26,40.56,11.0629,5439200
2005-02-16,40.68,41.75,40.59,41.7,11.3738,10859600
2005-02-17,41.8,41.99,41.07,41.14,11.2211,10380200
2005-02-18,41.23,42.26,41.2,42.05,11.4693,13099800
2005-02-22,42.5,42.77,41.72,41.75,11.3874,13094600
2005-02-23,41.7,42.35,41.7,42.28,11.532,6509400
2005-02-24,42.45,43.15,42.25,43.11,11.7584,10095200
2005-02-25,43.28,44.39,43.18,44.17,12.0475,13658800
2005-02-28,44.5,44.75,42.41,43.85,11.9602,18948400
2005-03-01,43.75,44.0,42.94,43.0,11.7284,14922800
2005-03-02,42.82,43.71,42.72,43.63,11.9002,12231400
2005-03-03,43.8,44.44,43.75,44.35,12.0966,19724400
2005-03-04,44.4,45.09,44.12,44.92,12.2521,11982000
2005-03-07,44.75,44.96,44.1,44.61,12.1675,14403800
2005-03-08,44.45,44.93,44.4,44.56,12.1539,11586800
2005-03-09,44.89,45.14,43.25,43.33,11.8184,31154000
2005-03-10,43.3,43.55,42.05,42.45,11.5784,39681602
2005-03-11,42.31,43.2,42.19,42.8,11.6738,21890600
2005-03-14,42.9,43.24,42.13,43.11,11.7584,20316400
2005-03-15,43.2,43.67,42.5,42.51,11.5947,24647200
2005-03-16,42.5,43.25,42.1,42.65,11.6329,24406600
2005-03-17,42.9,43.45,42.9,43.39,11.8348,23590200
2005-03-18,43.85,43.85,43.243,43.78,11.981,16132000
2005-03-21,43.7,43.9,43.04,43.4,11.877,17719400
2005-03-22,43.25,44.06,42.82,42.88,11.7347,19580000
2005-03-23,42.4,42.59,41.7,42.06,11.5103,48674800
2005-03-24,42.3,42.67,41.63,42.03,11.5021,21761000
2005-03-28,42.1,42.33,41.7,42.08,11.5158,21631200
2005-03-29,42.1,42.62,41.34,41.4,11.3297,18397200
2005-03-30,41.5,42.08,40.78,42.02,11.4994,48352000
2005-03-31,42.69,43.0,42.4,42.87,11.732,24974200
2005-04-01,43.43,43.99,42.85,43.93,12.0221,19174200
2005-04-04,44.1,44.48,43.22,43.55,11.9181,28208400
2005-04-05,43.16,43.75,42.7,43.0,11.7676,17905200
2005-04-06,42.99,43.88,42.7,43.68,11.9536,20899200
2005-04-07,44.0,44.2,43.02,43.51,11.9071,38583200
2005-04-08,43.2,43.59,42.71,42.72,11.6909,23424200
2005-04-11,42.65,43.13,42.3,43.04,11.7785,23251800
2005-04-12,42.89,43.04,42.16,42.36,11.5924,29362400
2005-04-13,42.01,42.6,41.3,41.32,11.3078,36178398
2005-04-14,41.55,42.02,41.17,41.3,11.3023,39073398
2005-04-15,41.05,41.25,39.67,39.73,10.8727,80565000
2005-04-18,39.69,40.53,39.41,40.45,11.0697,60676602
2005-04-19,40.96,41.65,40.76,41.4,11.3297,40272602
2005-04-20,41.67,41.81,40.55,40.55,11.0971,42728398
2005-04-21,40.66,41.95,40.55,41.95,11.4802,29800000
2005-04-22,42.1,42.49,41.07,42.04,11.5048,22908400
2005-04-25,42.4,42.89,42.31,42.63,11.6663,25919200
2005-04-26,42.5,42.8,41.93,41.93,11.4747,28130000
2005-04-27,41.91,42.0,40.82,40.85,11.1792,59898200
2005-04-28,40.55,40.7,39.97,40.03,10.9548,47887200
2005-04-29,40.4,40.77,40.01,40.55,11.0971,29863800
2005-05-02,40.49,41.33,40.17,41.28,11.2969,45707398
2005-05-03,41.2,41.2,40.16,40.31,11.0314,24529800
2005-05-04,40.31,40.82,39.36,40.78,11.16,37968200
2005-05-05,41.15,41.45,40.75,41.22,11.2804,26717600
2005-05-06,41.4,41.77,41.05,41.1,11.2476,17982000
2005-05-09,41.3,41.68,41.16,41.65,11.3981,18532000
2005-05-10,41.69,41.69,40.83,40.95,11.2065,32674600
2005-05-11,40.66,41.24,40.5,41.2,11.275,21818200
2005-05-12,40.85,41.05,39.36,39.4,10.7824,46781800
2005-05-13,39.7,39.7,38.6,38.8,10.6182,44202800
2005-05-16,38.59,38.7,37.94,38.63,10.5716,48238602
2005-05-17,38.67,39.39,38.55,39.32,10.7605,37091602
2005-05-18,39.66,39.98,39.0,39.24,10.7386,55854000
2005-05-19,39.44,39.99,39.1,39.95,10.9329,31568400
2005-05-20,39.75,40.2,39.64,39.65,10.8508,25633000
2005-05-23,39.9,40.46,39.78,40.31,11.0314,22572200
2005-05-24,40.37,40.62,40.28,40.48,11.0779,24569800
2005-05-25,40.57,41.3,40.31,41.1,11.2476,31211000
2005-05-26,41.17,41.42,40.92,41.31,11.3051,17920000
2005-05-27,41.48,42.01,41.4,42.0,11.4939,20082400
2005-05-31,42.09,42.09,41.37,41.68,11.4063,17916800
2005-06-01,41.92,42.77,41.81,42.47,11.6225,27833200
2005-06-02,42.38,42.66,42.0,42.39,11.6006,33900000
2005-06-03,42.47,42.85,42.35,42.63,11.6663,18222200
2005-06-06,42.9,42.9,42.39,42.76,11.7019,17532400
2005-06-07,42.8,43.08,42.32,42.35,11.5897,18635600
2005-06-08,42.31,43.14,42.14,42.47,11.6225,33255200
2005-06-09,42.6,43.74,42.5,43.7,11.9591,32942602
2005-06-10,43.62,43.78,43.16,43.65,11.9454,23413200
2005-06-13,43.41,43.95,43.29,43.82,11.992,21866800
2005-06-14,43.65,44.17,43.65,44.09,12.0658,21126200
2005-06-15,44.0,44.62,44.0,44.62,12.2109,22493600
2005-06-16,44.74,45.25,44.59,45.25,12.3833,19638800
2005-06-17,45.8,45.91,45.26,45.84,12.5839,38455602
2005-06-20,46.01,46.15,45.53,45.89,12.5976,21895800
2005-06-21,45.25,45.82,44.89,44.92,12.3313,33293000
2005-06-22,45.0,45.47,44.58,45.18,12.4027,47478200
2005-06-23,45.21,46.04,45.16,45.22,12.4137,29881000
2005-06-24,45.4,45.6,44.88,44.94,12.3368,17977400
2005-06-27,45.3,45.76,45.15,45.63,12.5262,22193400
2005-06-28,45.45,45.63,44.77,44.78,12.2929,25503400
2005-06-29,44.68,45.04,44.35,44.74,12.2819,25027000
2005-06-30,44.8,45.3,44.41,44.45,12.2023,29436600
2005-07-01,44.51,45.46,44.51,45.44,12.474,17172800
2005-07-05,45.82,46.83,45.64,46.8,12.8474,33488398
2005-07-06,47.3,47.3,45.84,45.96,12.6168,29361200
2005-07-07,45.35,46.56,45.35,46.55,12.7788,31401600
2005-07-08,46.74,46.95,45.88,46.24,12.6937,30335400
2005-07-11,45.8,46.62,45.67,46.58,12.787,19920600
2005-07-12,46.81,47.23,46.46,47.0,12.9023,27800400
2005-07-13,47.02,47.2,46.55,46.73,12.8282,23530200
2005-07-14,46.71,47.03,45.35,45.61,12.5207,64521398
2005-07-15,46.0,46.0,45.19,45.37,12.4548,42729398
2005-07-18,45.02,45.45,44.86,45.18,12.4027,25366600
2005-07-19,45.4,46.15,45.15,46.15,12.669,24609600
2005-07-20,46.13,46.35,45.55,46.2,12.6827,22067200
2005-07-21,46.03,46.36,45.48,45.75,12.5591,23721400
2005-07-22,46.22,47.46,46.2,47.39,13.0094,48246000
2005-07-25,47.18,48.21,47.18,47.83,13.1301,34083398
2005-07-26,47.78,48.05,47.45,47.72,13.0999,15805600
2005-07-27,47.86,47.99,47.26,47.96,13.1658,24595000
2005-07-28,48.17,48.3,47.57,48.1,13.2043,16956400
2005-07-29,48.48,48.48,47.59,47.6,13.067,17641800
2005-08-01,47.82,48.34,47.78,48.1,13.2043,14161200
2005-08-02,48.29,48.94,48.22,48.9,13.4239,15675600
2005-08-03,49.29,49.3,48.51,48.66,13.358,21256400
2005-08-04,48.6,49.25,48.6,48.76,13.3854,21095200
2005-08-05,48.8,49.0,48.05,48.39,13.2839,18501600
2005-08-08,48.78,49.595,48.78,49.09,13.476,23225600
2005-08-09,49.22,49.35,48.75,48.98,13.4458,17855200
2005-08-10,49.25,49.87,49.1,49.78,13.6654,23931400
2005-08-11,49.96,50.41,49.71,50.26,13.7972,25601000
2005-08-12,50.5,50.55,49.92,50.17,13.7725,18398200
2005-08-15,49.95,50.1,49.5,49.68,13.638,20461200
2005-08-16,49.57,49.72,48.57,48.59,13.3388,33389200
2005-08-17,48.55,49.1,47.25,47.47,13.0313,56164398
2005-08-18,47.15,47.67,46.87,47.37,13.0039,32727800
2005-08-19,47.65,48.32,47.65,48.18,13.2262,24585800
2005-08-22,48.46,48.89,47.81,48.3,13.2592,26203000
2005-08-23,48.3,48.6,47.65,48.21,13.2345,33854000
2005-08-24,48.6,49.0,48.19,48.67,13.3607,29120800
2005-08-25,48.87,48.87,48.27,48.54,13.325,25831000
2005-08-26,48.31,48.74,47.95,47.99,13.1741,20389000
2005-08-29,49.0,49.05,48.0,48.38,13.2811,30182000
2005-08-30,48.58,49.42,48.55,49.28,13.5282,30200200
2005-08-31,49.32,50.89,49.23,50.64,13.9015,42814800
2005-09-01,51.3,52.03,51.0,51.96,14.2639,39612800
2005-09-02,51.55,51.55,50.83,50.95,13.9866,28970600
2005-09-06,50.96,51.42,50.44,51.31,14.0855,24194800
2005-09-07,51.19,51.95,51.08,51.39,14.1074,26198200
2005-09-08,51.25,51.87,51.25,51.46,14.1266,31804200
2005-09-09,51.68,52.82,51.68,52.8,14.4945,26988600
2005-09-12,52.59,52.7,51.64,51.72,14.198,23957000
2005-09-13,51.75,52.15,51.27,51.28,14.0772,21725800
2005-09-14,51.56,52.15,51.34,51.92,14.2529,23564800
2005-09-15,52.38,52.42,51.29,51.92,14.2529,29921000
2005-09-16,51.95,52.33,51.83,52.28,14.3927,27790400
2005-09-19,52.91,53.95,52.8,53.66,14.7726,32382600
2005-09-20,53.45,53.69,52.82,53.15,14.6322,30426600
2005-09-21,54.2,54.31,53.47,53.9,14.8386,39852000
2005-09-22,54.65,54.65,52.45,53.5,14.7285,51834200
2005-09-23,53.2,53.4,52.26,52.56,14.4697,32064800
2005-09-26,52.2,53.61,52.2,53.52,14.734,23424200
2005-09-27,53.17,53.58,52.9,53.56,14.745,14196000
2005-09-28,53.9,54.1,53.09,54.0,14.8662,34449200
2005-09-29,54.33,54.56,53.86,54.52,15.0093,26904600
2005-09-30,54.38,54.49,53.59,53.67,14.7753,20338600
2005-10-03,54.05,54.3,53.33,53.53,14.7368,13257400
2005-10-04,53.06,53.3,51.51,51.6,14.2055,35211602
2005-10-05,51.7,51.81,49.62,49.62,13.6604,63111800
2005-10-06,48.4,49.52,47.66,48.44,13.3355,101703796
2005-10-07,49.03,49.61,48.75,49.53,13.6356,43041602
2005-10-10,49.5,49.62,48.44,48.78,13.4291,32451000
2005-10-11,49.46,50.25,49.25,49.95,13.7512,34082602
2005-10-12,50.1,50.13,48.7,48.99,13.4869,41327000
2005-10-13,48.4,48.7,46.71,47.66,13.1208,78428398
2005-10-14,47.3,48.52,46.6,48.34,13.308,62164000
2005-10-17,49.4,49.4,48.66,48.94,13.4732,29973200
2005-10-18,48.32,48.79,46.66,46.67,12.8482,62569398
2005-10-19,46.7,47.81,45.65,47.72,13.1373,92582204
2005-10-20,47.4,47.62,44.94,45.55,12.5399,95887796
2005-10-21,45.78,46.81,45.36,46.02,12.6693,62963398
2005-10-24,45.8,47.67,45.79,47.66,13.1208,61750000
2005-10-25,47.83,48.89,47.55,48.65,13.3933,67185796
2005-10-26,48.64,49.94,48.15,48.36,13.3135,61851800
2005-10-27,48.55,48.87,46.77,46.99,12.9363,54528602
2005-10-28,47.05,48.49,46.31,48.27,13.2887,57679602
2005-10-31,48.55,49.49,47.85,48.82,13.4401,45370000
2005-11-01,48.56,49.25,48.5,49.12,13.5227,41405000
2005-11-02,49.06,50.11,48.95,50.08,13.787,41860602
2005-11-03,50.48,51.29,50.31,51.03,14.0485,37997398
2005-11-04,50.75,50.95,49.39,49.5,13.6273,58942200
2005-11-07,49.2,49.57,48.38,48.64,13.3906,43073398
2005-11-08,48.51,49.4,48.28,49.05,13.5034,26947800
2005-11-09,48.9,49.84,48.15,48.6,13.3796,64431800
2005-11-10,48.23,48.25,46.73,47.09,12.9639,80099602
2005-11-11,46.75,47.73,46.75,47.47,13.0685,31180400
2005-11-14,48.15,48.2,47.31,47.72,13.1373,30897200
2005-11-15,47.64,48.94,47.58,47.8,13.1593,50381200
2005-11-16,47.8,49.04,47.74,49.04,13.5007,45751602
2005-11-17,49.59,49.6,48.62,49.02,13.4952,36924000
2005-11-18,49.2,49.39,48.47,49.04,13.5007,48028602
2005-11-21,49.53,50.26,49.27,50.26,13.8366,35605398
2005-11-22,50.75,51.17,50.42,51.06,14.0568,28823000
2005-11-23,50.66,51.34,50.33,50.87,14.0045,24430200
2005-11-25,50.85,51.22,50.81,51.0,14.0403,7350000
2005-11-28,50.71,50.71,49.22,49.28,13.5668,44192200
2005-11-29,49.7,49.96,49.2,49.36,13.5888,30004000
2005-11-30,49.25,50.1,49.25,49.55,13.6411,35584000
2005-12-01,49.95,51.12,49.94,51.12,14.0733,37359800
2005-12-02,51.55,51.55,50.63,51.17,14.0871,30893200
2005-12-05,51.7,52.0,51.26,51.53,14.1862,40542800
2005-12-06,51.41,52.2,51.23,51.75,14.2467,28030000
2005-12-07,52.09,52.54,51.23,51.56,14.1944,66805398
2005-12-08,51.68,52.52,51.6,52.47,14.445,32608800
2005-12-09,52.01,52.35,51.59,51.82,14.266,28287000
2005-12-12,52.51,52.53,51.94,52.49,14.4505,27012400
2005-12-13,52.65,53.19,52.2,52.27,14.3899,37816200
2005-12-14,52.3,52.96,52.08,52.9,14.5633,31727000
2005-12-15,52.6,52.95,52.1,52.48,14.4477,30724000
2005-12-16,52.35,52.59,51.0,51.07,14.0963,45466602
2005-12-19,51.32,51.6,50.64,50.65,13.9804,38872398
2005-12-20,50.8,51.5,50.8,51.34,14.1708,29189000
2005-12-21,51.5,51.97,51.21,51.45,14.2012,35378398
2005-12-22,51.75,51.86,51.23,51.39,14.1846,16832200
2005-12-23,50.89,51.43,50.41,51.25,14.146,27793000
2005-12-27,50.8,50.8,49.46,49.74,13.7292,51304200
2005-12-28,50.04,50.78,49.98,50.49,13.9362,38797800
2005-12-29,50.4,50.97,50.05,50.1,13.8285,25124200
2005-12-30,49.8,50.7,49.64,50.31,13.8865,24225600
2006-01-03,50.63,52.7,50.63,52.7,14.5462,48382000
2006-01-04,52.4,52.95,51.99,52.85,14.5876,39995800
2006-01-05,52.95,53.0,51.68,52.18,14.4027,47122000
2006-01-06,53.03,53.6,52.77,53.46,14.756,36291800
2006-01-09,53.45,53.69,52.88,53.4,14.7394,30470400
2006-01-10,53.4,54.26,53.3,53.98,14.8995,34982602
2006-01-11,53.75,54.45,53.1,54.21,14.963,39429000
2006-01-12,54.65,55.04,53.69,53.82,14.8553,44637602
2006-01-13,53.35,54.57,53.35,54.46,15.032,35417000
2006-01-17,55.3,55.71,55.13,55.66,15.3632,30796000
2006-01-18,55.51,55.65,54.19,54.96,15.17,43220200
2006-01-19,54.62,56.3,54.62,56.16,15.5012,52820200
2006-01-20,56.9,57.51,56.0,56.41,15.5702,57439602
2006-01-23,56.1,57.3,55.91,57.03,15.7414,43304200
2006-01-24,56.52,57.2,56.51,56.69,15.6475,39394398
2006-01-25,57.21,57.3,54.95,55.5,15.319,74197602
2006-01-26,55.36,55.75,54.55,55.68,15.3687,54059398
2006-01-27,56.11,56.91,56.01,56.65,15.6365,45753000
2006-01-30,57.31,58.28,57.2,57.95,15.9953,57694398
2006-01-31,57.75,57.95,57.27,57.66,15.9152,35137602
2006-02-01,57.49,58.07,56.26,56.29,15.5371,64991200
2006-02-02,55.99,56.59,55.0,55.73,15.3825,71964398
2006-02-03,55.75,55.88,54.94,55.22,15.2418,41721800
2006-02-06,55.76,56.65,55.7,56.3,15.5399,43949800
2006-02-07,55.7,55.7,53.72,53.95,14.8912,73028796
2006-02-08,54.09,54.25,52.8,53.96,14.894,88577204
2006-02-09,54.5,54.95,52.62,52.73,14.5545,62496200
2006-02-10,52.9,53.17,51.59,52.54,14.502,86768000
2006-02-13,52.65,53.3,52.07,52.33,14.4441,46839200
2006-02-14,51.5,52.25,51.28,51.74,14.2812,61698800
2006-02-15,52.05,52.5,51.09,51.46,14.2039,104064398
2006-02-16,51.96,52.72,51.94,52.64,14.5296,54272800
2006-02-17,53.71,53.98,52.7,53.01,14.6318,47213000
2006-02-21,53.9,54.5,53.61,54.05,14.9188,41752398
2006-02-22,53.6,53.65,52.79,53.04,14.64,48568000
2006-02-23,52.91,53.69,52.1,52.98,14.6235,57458602
2006-02-24,54.0,54.13,53.56,53.63,14.8029,33029398
2006-02-27,53.35,53.5,52.7,52.7,14.5462,32065400
2006-02-28,52.55,52.55,51.87,52.34,14.4468,47670000
2006-03-01,52.74,53.26,52.58,53.23,14.6925,26790800
2006-03-02,53.4,54.22,53.19,54.12,14.9381,42100800
2006-03-03,53.62,54.52,53.55,54.13,14.9409,45045200
2006-03-06,53.65,53.78,52.22,52.25,14.422,47138000
2006-03-07,52.0,52.35,51.16,51.48,14.2095,47732200
2006-03-08,50.97,52.09,50.65,51.48,14.2095,81573204
2006-03-09,52.0,52.22,51.08,51.11,14.1073,45627000
2006-03-10,50.9,51.75,50.55,51.39,14.1846,47799398
2006-03-13,51.69,52.46,51.55,52.4,14.4634,23997000
2006-03-14,52.6,53.45,51.44,53.37,14.7311,33197602
2006-03-15,53.1,53.66,52.91,53.65,14.8084,43330398
2006-03-16,53.48,54.57,53.3,54.5,15.043,54604800
2006-03-17,54.3,54.65,53.6,53.65,14.8524,46593602
2006-03-20,53.5,53.89,52.4,52.46,14.523,45785398
2006-03-21,52.3,53.15,52.02,52.37,14.4981,50832800
2006-03-22,52.37,53.42,52.33,52.72,14.5949,43925602
2006-03-23,53.16,53.59,53.02,53.5,14.8109,34714000
2006-03-24,53.45,54.3,53.42,53.86,14.9105,42517000
2006-03-27,53.45,54.28,53.28,54.14,14.9881,38741200
2006-03-28,54.45,55.09,54.38,54.56,15.1043,45004800
2006-03-29,54.4,55.24,54.4,55.2,15.2815,36419200
2006-03-30,55.3,55.7,54.93,55.17,15.2732,46860200
2006-03-31,54.7,54.75,54.06,54.4,15.06,51594200
2006-04-03,54.75,55.68,54.54,54.7,15.1431,36763000
2006-04-04,54.25,55.52,54.25,55.42,15.3424,27552000
2006-04-05,55.4,56.35,55.11,56.33,15.5943,40829602
2006-04-06,56.76,56.86,55.87,56.45,15.6276,42543602
2006-04-07,56.2,56.42,55.26,55.35,15.323,43387398
2006-04-10,55.97,56.55,55.8,56.4,15.6137,34570398
2006-04-11,56.9,57.12,55.73,56.0,15.503,27590200
2006-04-12,55.83,56.34,55.37,55.63,15.4006,32699000
2006-04-13,55.06,55.86,54.79,55.81,15.4504,22808200
2006-04-17,56.67,56.84,56.19,56.84,15.7355,27431200
2006-04-18,57.3,58.33,57.2,58.23,16.1203,58448602
2006-04-19,57.9,59.15,57.8,59.13,16.3695,48529200
2006-04-20,58.8,59.18,57.5,58.52,16.2006,52530000
2006-04-21,58.95,59.85,58.52,59.74,16.5384,39209200
2006-04-24,59.5,59.6,58.52,58.83,16.2864,58910602
2006-04-25,59.45,59.73,57.41,58.07,16.076,67672602
2006-04-26,58.19,59.13,57.08,57.15,15.8213,58854200
2006-04-27,55.85,57.6,55.25,56.5,15.6414,89759000
2006-04-28,56.87,57.86,56.87,57.14,15.8186,38106200
2006-05-01,57.55,58.63,57.43,58.08,16.0788,39191602
2006-05-02,58.73,59.44,58.37,59.37,16.4359,38083000
2006-05-03,59.14,59.36,58.01,58.45,16.1812,51569398
2006-05-04,57.95,58.72,57.13,58.18,16.1065,55618398
2006-05-05,58.88,59.15,58.38,58.86,16.2947,31436800
2006-05-08,58.12,58.71,57.6,58.6,16.2228,34185398
2006-05-09,58.4,59.25,58.34,58.95,16.3197,26333200
2006-05-10,58.77,59.51,58.57,59.5,16.4719,41188800
2006-05-11,60.01,60.15,58.55,58.73,16.2588,43550602
2006-05-12,58.55,58.55,56.67,56.74,15.7078,70278000
2006-05-15,55.63,56.5,54.93,55.55,15.3784,58166602
2006-05-16,55.9,56.52,55.2426,55.75,15.4338,41205000
2006-05-17,55.25,55.91,53.92,54.33,15.0407,72929000
2006-05-18,54.36,54.95,53.6,53.67,14.8579,49518602
2006-05-19,53.38,54.45,52.59,54.02,14.9548,80607602
2006-05-22,53.1,54.14,52.25,53.71,14.869,75077602
2006-05-23,54.71,55.4,53.5,53.72,14.8718,58351800
2006-05-24,53.1,54.15,52.15,53.06,14.6891,76549602
2006-05-25,53.79,55.11,53.51,54.92,15.204,64495800
2006-05-26,54.89,55.32,54.61,55.1,15.2538,28766600
2006-05-30,55.6,55.9,54.17,54.23,15.013,38809200
2006-05-31,54.04,55.55,54.02,55.55,15.3784,39841398
2006-06-01,55.0,55.99,54.61,55.7,15.4199,39707800
2006-06-02,56.25,56.63,55.59,56.53,15.6497,35372602
2006-06-05,57.16,57.18,54.71,54.75,15.1569,73397398
2006-06-06,54.64,55.36,54.19,54.7,15.1431,49843398
2006-06-07,54.32,54.59,52.6,52.6,14.5617,92812796
2006-06-08,52.22,53.45,50.95,53.34,14.7666,150771016
2006-06-09,53.81,53.81,52.31,52.8,14.6171,62874000
2006-06-12,53.12,53.44,51.64,51.72,14.3181,43478000
2006-06-13,51.05,51.86,50.01,50.19,13.8945,75170204
2006-06-14,50.38,51.58,50.2,51.48,14.2517,59171602
2006-06-15,52.12,53.78,52.04,53.44,14.7943,76566204
2006-06-16,53.05,53.47,52.12,53.1,14.7547,59343200
2006-06-19,52.9,52.9,51.04,51.1,14.1989,93437000
2006-06-20,51.63,52.07,50.73,50.86,14.1322,44635398
2006-06-21,51.03,52.62,50.99,52.0,14.449,78507000
2006-06-22,52.0,52.5,51.59,52.22,14.5101,35386800
2006-06-23,53.29,53.75,53.2,53.38,14.8325,53732200
2006-06-26,53.3,54.0399,52.88,53.97,14.9964,33053000
2006-06-27,54.33,54.78,53.96,54.07,15.0242,48294800
2006-06-28,54.23,55.13,54.2,55.0,15.2826,44248000
2006-06-29,55.34,56.58,55.34,56.56,15.7161,60785200
2006-06-30,56.78,57.09,56.26,56.75,15.7689,22692400
2006-07-03,57.05,57.53,56.88,57.36,15.9384,7662000
2006-07-05,57.03,57.76,56.4,57.62,16.0106,32829800
2006-07-06,57.55,58.0599,57.26,57.47,15.9689,33697200
2006-07-07,57.7,58.21,56.51,56.69,15.7522,39374602
2006-07-10,56.72,57.44,56.44,56.86,15.7994,29220400
2006-07-11,57.05,58.06,57.01,57.9,16.0884,25975000
2006-07-12,58.14,58.24,57.44,57.7,16.0328,30260400
2006-07-13,57.95,58.07,57.05,57.15,15.88,37032602
2006-07-14,57.6,57.92,56.56,57.82,16.0662,35258000
2006-07-17,57.22,57.51,55.66,55.95,15.5466,64838800
2006-07-18,56.45,56.7,55.26,56.02,15.566,37958000
2006-07-19,55.84,56.8,55.64,56.6,15.7272,45156398
2006-07-20,56.75,56.79,55.23,55.23,15.3465,37870602
2006-07-21,55.51,55.51,54.25,54.48,15.1381,60833000
2006-07-24,54.5,56.22,54.5,56.12,15.5938,45137000
2006-07-25,56.51,57.19,56.14,57.1,15.8661,38077602
2006-07-26,56.76,58.57,56.68,58.25,16.1857,39309398
2006-07-27,58.91,58.98,57.61,57.75,16.0467,34660800
2006-07-28,57.44,57.93,56.86,57.77,16.0523,29452600
2006-07-31,58.2,58.95,57.76,58.65,16.2968,31043000
2006-08-01,58.54,58.87,57.99,58.72,16.3163,22086000
2006-08-02,59.36,59.88,58.43,58.84,16.3496,35554602
2006-08-03,58.0,58.95,57.95,58.33,16.2079,23421000
2006-08-04,58.5,58.83,57.33,57.84,16.0717,33659398
2006-08-07,58.26,58.8,57.8,58.45,16.2412,38116200
2006-08-08,58.35,58.83,58.03,58.11,16.1468,40603602
2006-08-09,58.7,59.35,58.46,58.6,16.2829,37053200
2006-08-10,58.26,58.4,57.65,58.12,16.1496,35670800
2006-08-11,58.05,58.32,57.67,58.15,16.1579,16322600
2006-08-14,57.72,57.72,55.86,56.95,15.8244,33443398
2006-08-15,57.45,57.68,56.76,57.24,15.905,33198800
2006-08-16,57.04,57.9,56.59,57.0,15.8383,44679200
2006-08-17,56.44,56.73,56.13,56.6,15.7272,69987204
2006-08-18,57.0,57.5,56.3,57.48,15.9717,27279600
2006-08-21,57.94,58.12,57.63,57.86,16.0773,24737000
2006-08-22,57.8,58.25,57.71,58.25,16.1857,13917800
2006-08-23,57.98,58.14,56.97,57.03,15.8467,24303600
2006-08-24,57.2,57.88,56.96,57.77,16.0523,21704600
2006-08-25,58.3,58.75,58.06,58.22,16.1773,26378800
2006-08-28,57.5,57.85,57.27,57.38,15.9439,35186398
2006-08-29,57.08,57.08,56.45,57.02,15.8439,26977000
2006-08-30,56.81,57.03,55.57,56.06,15.5771,40008602
2006-08-31,55.98,56.3,55.54,55.67,15.4688,21933000
2006-09-01,56.0,56.5,55.81,56.5,15.6994,17496000
2006-09-05,56.3,57.27,56.24,57.24,15.905,33220398
2006-09-06,56.63,56.7,55.24,55.3,15.366,34453602
2006-09-07,55.0,55.59,54.75,55.35,15.3799,50465602
2006-09-08,55.11,55.56,53.95,53.95,14.9909,33601602
2006-09-11,53.29,53.45,52.13,52.28,14.5268,88824204
2006-09-12,52.38,52.84,51.66,51.95,14.4351,50192800
2006-09-13,52.4,53.37,52.37,53.03,14.7352,45051800
2006-09-14,53.0,53.31,51.69,51.85,14.4073,61271398
2006-09-15,51.88,52.11,51.42,51.85,14.4586,60632000
2006-09-18,52.15,53.37,51.95,53.1,14.8071,66620796
2006-09-19,53.1,53.36,51.72,52.3,14.584,52592800
2006-09-20,51.8,52.27,50.75,50.9,14.1936,58647398
2006-09-21,51.15,52.09,51.04,51.55,14.3749,47660800
2006-09-22,51.91,52.04,50.96,51.33,14.3135,48575000
2006-09-25,50.7,51.76,50.17,51.4,14.3331,69879796
2006-09-26,51.0,52.58,51.0,52.53,14.6482,62275602
2006-09-27,53.14,53.57,52.28,53.4,14.8908,70352204
2006-09-28,53.39,53.97,53.09,53.23,14.8434,48496200
2006-09-29,52.9,53.75,52.77,53.45,14.9047,33727800
2006-10-02,53.22,53.82,52.81,52.84,14.7346,29895600
2006-10-03,52.0,52.18,50.9,50.9,14.1936,68121000
2006-10-04,51.18,51.86,50.2,51.65,14.4028,75332398
2006-10-05,52.6,52.83,52.03,52.64,14.6788,62842800
2006-10-06,52.2,52.71,51.76,52.69,14.6928,51249200
2006-10-09,53.14,53.24,51.89,51.9,14.4725,40557200
2006-10-10,51.6,52.99,51.6,52.87,14.743,53542602
2006-10-11,52.58,52.81,51.92,52.03,14.5087,43451398
2006-10-12,52.35,53.25,52.33,53.25,14.8489,46280200
2006-10-13,53.63,54.39,53.47,53.98,15.0525,54466398
2006-10-16,53.9,55.25,53.81,55.25,15.4067,56224398
2006-10-17,55.1,55.13,54.27,54.65,15.2393,45572602
2006-10-18,54.58,55.1,53.88,54.3,15.1417,57419602
2006-10-19,54.56,55.42,54.3,55.42,15.4541,45868800
2006-10-20,55.65,55.65,54.5,54.7,15.2533,55108800
2006-10-23,54.35,55.04,54.07,54.8,15.2812,38240800
2006-10-24,54.71,55.94,54.5,55.8,15.56,35450800
2006-10-25,55.67,57.14,55.46,56.76,15.8277,59867602
2006-10-26,57.42,57.45,56.22,56.63,15.7915,40829800
2006-10-27,56.58,57.0,55.99,56.17,15.6632,42040200
2006-10-30,55.4,55.91,55.05,55.16,15.3816,77003398
2006-10-31,55.15,55.87,54.45,55.73,15.5405,61219398
2006-11-01,55.62,56.02,54.74,55.16,15.3816,55034800
2006-11-02,54.84,55.73,54.72,55.38,15.4429,36178000
2006-11-03,55.74,56.74,55.73,56.6,15.7831,63795000
2006-11-06,56.4,57.2,56.2,57.01,15.8974,38969602
2006-11-07,57.01,57.15,55.6,56.57,15.7747,62714000
2006-11-08,56.21,57.61,56.21,57.52,16.0397,46124398
2006-11-09,57.97,58.6,57.64,58.0,16.1735,41382200
2006-11-10,57.87,57.95,57.09,57.45,16.0201,34595602
2006-11-13,57.01,57.88,56.81,57.35,15.9922,37889000
2006-11-14,57.73,57.8,57.25,57.69,16.0871,33182602
2006-11-15,57.99,58.4888,57.55,58.23,16.2376,34606200
2006-11-16,58.62,58.62,56.5,56.63,15.7915,69076602
2006-11-17,56.03,57.2,55.92,57.1,15.9225,50567000
2006-11-20,56.84,57.45,56.51,56.95,15.8807,52260200
2006-11-21,57.07,58.06,57.07,58.0,16.1735,27773000
2006-11-22,57.71,58.14,57.05,57.66,16.0787,37745000
2006-11-24,57.44,58.04,57.33,57.54,16.0452,9024000
2006-11-27,57.74,58.0,57.03,57.28,15.9727,26066000
2006-11-28,57.49,58.45,57.48,58.2,16.2293,35626602
2006-11-29,58.45,60.33,58.38,60.05,16.7452,56391800
2006-11-30,60.05,60.83,59.8,60.51,16.8734,52887398
2006-12-01,60.11,60.76,59.48,60.72,16.932,44489602
2006-12-04,60.3,60.67,60.03,60.63,16.9069,36796398
2006-12-05,61.0,61.27,60.25,60.87,16.9738,45401602
2006-12-06,60.65,61.4,60.47,60.7,16.9264,40079000
2006-12-07,60.45,60.78,60.03,60.34,16.826,34637398
2006-12-08,60.62,60.97,60.17,60.27,16.8065,28623800
2006-12-11,60.01,60.56,59.8,60.12,16.7647,36886000
2006-12-12,60.3,60.71,59.85,60.26,16.8037,49246602
2006-12-13,60.3,61.06,60.21,60.87,16.9738,39544602
2006-12-14,61.2,62.13,60.91,61.75,17.2192,45613800
2006-12-15,61.88,61.88,60.94,61.01,17.0636,36120602
2006-12-18,61.1,61.1,59.23,59.25,16.5714,71225000
2006-12-19,58.93,60.35,58.5,60.26,16.8538,40950200
2006-12-20,60.39,60.39,59.32,59.44,16.6245,35210398
2006-12-21,59.5,59.82,58.6,59.16,16.5462,48419602
2006-12-22,58.81,59.4,58.59,58.59,16.3868,23659000
2006-12-26,58.5,59.19,58.19,58.66,16.4063,20251600
2006-12-27,58.59,59.35,58.39,59.35,16.5993,16689600
2006-12-28,59.5,59.65,59.03,59.22,16.563,24348400
2006-12-29,59.11,59.2,58.63,58.63,16.398,16129400
2007-01-03,58.31,58.39,56.16,56.58,15.8246,94931000
2007-01-04,55.88,56.24,55.29,55.55,15.5365,101763796
2007-01-05,55.58,56.08,55.19,55.92,15.64,76607000
2007-01-08,56.48,56.7,55.39,55.92,15.64,65947602
2007-01-09,55.14,55.84,54.8,55.44,15.5058,74034204
2007-01-10,55.1,55.17,54.17,54.37,15.2065,76061204
2007-01-11,54.55,55.73,53.89,54.06,15.1198,98280398
2007-01-12,54.25,55.6,54.2,55.44,15.5058,65185602
2007-01-16,55.05,55.63,54.58,54.87,15.3463,62727000
2007-01-17,54.78,55.72,54.77,55.48,15.5169,72263204
2007-01-18,55.75,56.1,54.71,55.07,15.4023,62343000
2007-01-19,55.45,56.6,55.33,56.58,15.8246,62563398
2007-01-22,56.9,56.91,55.9,56.19,15.7155,63136800
2007-01-23,56.63,57.91,56.63,57.65,16.1239,72533000
2007-01-24,57.49,57.92,56.8,57.9,16.1938,43948602
2007-01-25,57.7,57.81,56.33,56.71,15.861,44287398
2007-01-26,57.1,57.28,56.57,56.85,15.9001,29371400
2007-01-29,56.87,57.3,56.31,56.58,15.8246,39899602
2007-01-30,56.81,57.87,56.68,57.72,16.1434,43022200
2007-01-31,57.62,58.27,57.3,58.09,16.2469,55691602
2007-02-01,58.1,58.68,57.77,58.3,16.3057,46168398
2007-02-02,58.63,58.93,57.96,58.63,16.398,36886000
2007-02-05,58.75,59.1,58.39,58.57,16.3812,26218800
2007-02-06,58.92,58.94,58.04,58.39,16.3308,38592800
2007-02-07,58.59,58.86,57.71,58.04,16.2329,39181602
2007-02-08,58.03,58.74,57.73,58.63,16.398,49711602
2007-02-09,58.7,58.91,58.1,58.39,16.3308,38082398
2007-02-12,57.8,58.04,57.34,57.58,16.1043,37333480
2007-02-13,57.81,58.43,57.79,58.42,16.3392,30053380
2007-02-14,58.31,59.04,58.12,58.43,16.342,47035800
2007-02-15,58.26,58.41,57.52,57.99,16.219,49922200
2007-02-16,58.0,58.08,57.74,58.0,16.2218,32549200
2007-02-20,57.37,57.51,57.1,57.35,16.04,32566800
2007-02-21,57.35,58.07,57.01,57.98,16.2162,40853398
2007-02-22,57.99,58.71,57.7,58.5,16.3616,43117200
2007-02-23,59.01,59.03,58.51,58.65,16.4036,33278800
2007-02-26,59.17,59.53,58.85,59.0,16.5014,42330140
2007-02-27,58.12,58.9,56.45,56.65,15.8442,104677602
2007-02-28,56.9,57.68,56.73,56.9,15.9141,65250398
2007-03-01,56.32,57.47,55.05,56.72,15.8638,63788340
2007-03-02,56.81,56.94,55.72,56.05,15.6764,67575796
2007-03-05,55.15,56.26,54.94,55.4,15.4946,71648226
2007-03-06,56.21,56.6,55.88,56.45,15.7882,43864200
2007-03-07,56.58,58.23,56.32,57.15,15.984,88860000
2007-03-08,57.93,57.96,57.26,57.65,16.1239,46413800
2007-03-09,57.71,58.04,57.24,57.4,16.0539,43495602
2007-03-12,57.0,57.57,56.95,57.32,16.0316,42802200
2007-03-13,57.3,58.02,56.45,56.55,15.8162,62941200
2007-03-14,56.8,57.37,56.2,57.2,15.998,75853602
2007-03-15,57.19,57.61,56.97,57.19,15.9952,41611762
2007-03-16,57.33,57.37,56.26,56.39,15.8232,56096942
2007-03-19,56.95,57.57,56.82,57.29,16.0757,43137480
2007-03-20,57.35,57.89,57.16,57.7,16.1908,48250578
2007-03-21,58.13,59.08,57.86,58.74,16.4826,48850640
2007-03-22,59.05,60.18,59.05,59.92,16.8137,67228360
2007-03-23,60.19,60.42,59.82,60.22,16.8979,29858060
2007-03-26,60.7,61.0,59.77,60.64,17.0157,38024540
2007-03-27,60.49,60.75,60.17,60.75,17.0466,34340320
2007-03-28,61.14,61.14,60.29,60.74,17.0438,37145898
2007-03-29,60.93,61.16,60.49,61.12,17.1504,46594140
2007-03-30,60.86,60.95,59.9,60.28,16.9147,42369782
2007-04-02,60.26,61.05,60.19,60.87,17.0803,35790700
2007-04-03,60.63,61.31,60.43,61.25,17.1869,32316120
2007-04-04,60.85,61.48,60.62,61.35,17.215,31624620
2007-04-05,61.51,61.82,61.26,61.75,17.3272,24371660
2007-04-09,61.64,62.31,61.42,61.52,17.2627,39237140
2007-04-10,61.65,62.61,61.56,62.45,17.5236,34376762
2007-04-11,62.47,62.77,61.9,62.07,17.417,49694942
2007-04-12,62.15,63.04,61.98,63.02,17.6836,33672180
2007-04-13,63.13,63.17,62.7,63.05,17.692,26788460
2007-04-16,63.19,63.52,62.58,63.42,17.7958,28336000
2007-04-17,63.57,63.74,62.73,63.06,17.6948,29040480
2007-04-18,62.77,62.88,62.41,62.84,17.6331,31142020
2007-04-19,62.36,62.46,61.84,61.96,17.3861,32242400
2007-04-20,62.54,63.36,62.54,63.1,17.706,36407718
2007-04-23,63.12,63.79,63.0,63.17,17.7257,40033442
2007-04-24,63.11,63.25,62.65,62.98,17.6723,42760460
2007-04-25,63.23,64.57,63.2,64.16,18.0035,57949558
2007-04-26,64.11,64.4595,63.64,64.14,17.9978,38278578
2007-04-27,63.99,64.59,63.68,64.13,17.995,28250300
2007-04-30,64.14,64.75,63.37,63.37,17.7818,35121840
2007-05-01,63.44,63.86,62.98,63.65,17.8604,53460378
2007-05-02,63.86,64.41,63.68,64.18,18.0091,33324282
2007-05-03,63.92,65.03,63.86,64.7,18.155,34225718
2007-05-04,65.0,65.74,64.53,64.65,18.141,40888680
2007-05-07,64.42,64.94,64.35,64.82,18.1887,22546740
2007-05-08,64.6,64.98,64.0,64.83,18.1915,30772600
2007-05-09,64.76,65.08,64.05,64.8,18.183,44234262
2007-05-10,65.06,65.13,63.66,63.75,17.8884,41594262
2007-05-11,63.85,65.25,63.78,65.21,18.2981,42648340
2007-05-14,65.19,65.63,65.0,65.23,18.3037,33049578
2007-05-15,65.33,66.0,65.15,65.45,18.3654,32117580
2007-05-16,65.38,65.75,64.68,65.7,18.4356,34902000
2007-05-17,65.9,67.09,65.36,66.75,18.7302,37546922
2007-05-18,67.0,67.85,66.94,67.83,19.0333,42464442
2007-05-21,68.07,69.02,67.92,68.4,19.1932,90720000
2007-05-22,68.33,68.86,67.76,67.76,19.0136,50211878
2007-05-23,68.02,68.79,67.9,67.9,19.0529,49736860
2007-05-24,68.06,68.66,66.59,66.66,18.705,56366782
2007-05-25,67.39,67.84,67.22,67.7,18.9968,26041580
2007-05-29,67.4,67.77,66.78,67.25,18.8705,41121660
2007-05-30,66.97,68.75,66.82,68.66,19.2662,38509040
2007-05-31,68.84,69.07,68.04,68.3,19.1652,33402878
2007-06-01,68.64,69.18,68.61,68.92,19.3391,23829720
2007-06-04,68.73,70.07,68.64,70.0,19.6422,35335922
2007-06-05,69.59,69.96,69.21,69.75,19.572,30651840
2007-06-06,69.51,69.51,68.5,68.86,19.3223,37970738
2007-06-07,68.74,69.25,67.41,67.64,18.98,40310960
2007-06-08,67.16,68.06,66.79,67.92,19.0585,41979058
2007-06-11,68.06,68.98,67.75,68.44,19.2044,27590100
2007-06-12,68.35,68.7,67.6,67.6,18.9687,41113762
2007-06-13,67.94,69.09,67.8,68.95,19.3475,50487360
2007-06-14,69.13,70.43,69.11,70.11,19.673,38401378
2007-06-15,70.51,71.19,70.42,70.98,19.9751,32450400
2007-06-18,71.07,71.4199,70.89,71.06,19.9976,23275480
2007-06-19,70.98,71.45,70.62,71.14,20.0201,22868200
2007-06-20,71.11,71.33,68.8,69.07,19.4376,59250718
2007-06-21,69.53,70.5189,69.27,70.45,19.8259,45713360
2007-06-22,70.3,70.53,69.0,69.75,19.6289,39711782
2007-06-25,69.3,70.14,68.85,69.19,19.4713,49853360
2007-06-26,69.23,69.41,67.61,67.7,19.052,51647922
2007-06-27,67.45,69.04,66.95,68.75,19.3475,47399680
2007-06-28,69.2,69.68,68.51,68.75,19.3475,34510602
2007-06-29,69.15,69.85,68.63,68.99,19.415,36469360
2007-07-02,69.11,70.21,69.11,70.21,19.7584,32159860
2007-07-03,70.26,70.78,70.13,70.75,19.9103,10598726
2007-07-05,70.8,71.16,69.86,70.58,19.8625,33584140
2007-07-06,71.0,71.56,70.85,71.54,20.1327,23052380
2007-07-09,71.48,72.44,71.3,72.21,20.3212,38298960
2007-07-10,71.81,72.67,71.4,71.57,20.1411,58750640
2007-07-11,71.3,72.03,71.07,71.84,20.2171,55289762
2007-07-12,72.4,73.4,72.4,73.23,20.6083,62181500
2007-07-13,73.17,74.32,73.02,73.95,20.8109,50967980
2007-07-16,74.08,74.08,72.18,73.0,20.5435,52112922
2007-07-17,73.33,73.75,72.03,72.05,20.2762,49151602
2007-07-18,72.08,73.84,71.87,73.68,20.7349,74639118
2007-07-19,74.2,74.48,73.88,74.35,20.9234,37691622
2007-07-20,74.3,74.73,73.43,74.0,20.825,40165460
2007-07-23,74.05,74.64,73.4,74.3,20.9094,30283220
2007-07-24,73.65,73.65,71.77,72.15,20.3043,50225262
2007-07-25,72.61,73.41,71.04,73.3,20.628,65361040
2007-07-26,72.2,72.36,69.18,70.54,19.8512,79529540
2007-07-27,70.65,70.99,68.5,68.5,19.2772,85093508
2007-07-30,69.19,70.11,68.105,69.68,19.6092,64801180
2007-07-31,70.65,70.98,69.0,69.0,19.4179,45528078
2007-08-01,68.67,70.17,67.21,68.82,19.3672,86171024
2007-08-02,68.99,69.5,67.48,68.35,19.2349,68276382
2007-08-03,68.29,69.17,66.01,66.12,18.6074,68139454
2007-08-06,66.28,66.71,64.23,66.5,18.7143,109214258
2007-08-07,65.99,68.64,65.76,68.06,19.1533,76487000
2007-08-08,68.65,70.09,68.16,69.35,19.5164,60494602
2007-08-09,67.6,69.236,67.3,67.36,18.9563,65071078
2007-08-10,66.89,68.44,65.63,67.72,19.0576,55366578
2007-08-13,68.66,69.42,67.57,67.8,19.0802,39376800
2007-08-14,68.39,68.58,67.0,67.35,18.9535,40610980
2007-08-15,67.39,67.97,65.39,65.5,18.4329,52163660
2007-08-16,64.33,65.45,62.73,65.1,18.3203,84094624
2007-08-17,67.15,67.67,65.82,67.5,18.9957,61897320
2007-08-20,67.19,67.91,65.95,67.35,18.9535,65976204
2007-08-21,67.06,67.59,66.0,66.4,18.6862,40831442
2007-08-22,67.2,67.47,66.64,67.2,18.9113,36236898
2007-08-23,67.54,68.06,66.94,67.8,19.0802,35966840
2007-08-24,68.1,69.5,67.95,69.25,19.4882,31269000
2007-08-27,68.92,68.95,68.17,68.4,19.249,21381740
2007-08-28,68.0,68.25,66.75,66.75,18.7847,39278898
2007-08-29,67.24,69.25,67.16,68.96,19.4066,54728000
2007-08-30,68.56,69.37,68.22,68.92,19.3953,33744398
2007-08-31,69.74,70.3,68.93,69.83,19.6514,26639000
2007-09-04,69.6,71.58,69.41,71.1,20.0088,31791500
2007-09-05,71.0,71.08,70.38,70.72,19.9019,32728600
2007-09-06,71.4,72.25,71.03,71.8,20.2058,36014980
2007-09-07,70.96,71.07,70.08,70.26,19.7724,40178520
2007-09-10,70.53,70.62,68.78,70.15,19.7415,61794160
2007-09-11,70.2,71.51,69.68,71.35,20.0792,54152262
2007-09-12,71.15,72.29,71.15,71.85,20.2199,48071800
2007-09-13,71.96,72.74,71.87,72.3,20.3465,30474680
2007-09-14,71.82,72.96,71.8,72.5,20.4028,28053220
2007-09-17,72.35,73.15,72.15,72.65,20.445,26959620
2007-09-18,72.89,75.0,72.27,74.85,21.0642,37287000
2007-09-19,75.32,76.03,75.01,75.5,21.2471,38740602
2007-09-20,75.34,75.74,74.93,75.45,21.233,32586000
2007-09-21,76.08,76.3,75.65,75.7,21.3593,24444400
2007-09-24,75.8,75.93,75.05,75.56,21.3198,35679558
2007-09-25,74.58,74.64,73.88,74.32,20.9699,34937640
2007-09-26,75.04,75.32,73.69,74.53,21.0292,41331942
2007-09-27,75.26,75.58,74.871,75.5,21.3029,25186080
2007-09-28,75.83,76.1,74.62,74.8,21.1054,34826000
2007-10-01,74.75,76.14,74.68,76.1,21.4722,38023718
2007-10-02,75.52,75.59,74.26,74.91,21.1364,43782840
2007-10-03,74.41,74.85,73.94,74.47,21.0123,43850800
2007-10-04,74.15,75.04,73.5,74.75,21.0913,31124600
2007-10-05,75.11,75.28,74.08,75.11,21.1928,32311200
2007-10-08,74.53,74.82,74.14,74.35,20.9784,26189000
2007-10-09,74.7,75.86,74.67,75.85,21.4016,35897860
2007-10-10,74.73,77.0,74.73,76.83,21.6782,43909602
2007-10-11,77.4,78.09,75.68,76.45,21.5709,64721058
2007-10-12,76.54,77.42,76.49,77.17,21.7741,27868440
2007-10-15,77.85,78.41,77.49,77.8,21.9519,37514360
2007-10-16,77.7,78.39,77.59,78.0,22.0083,40045602
2007-10-17,78.39,78.5,76.83,77.5,21.8672,46440700
2007-10-18,77.5,78.17,77.26,78.1,22.0365,42443122
2007-10-19,77.45,77.46,74.4,74.4,20.9925,66866860
2007-10-22,73.59,73.96,72.67,73.55,20.7527,62531020
2007-10-23,74.11,74.9,73.32,74.6,21.0489,42582398
2007-10-24,74.44,75.39,73.69,75.09,21.1872,46342460
2007-10-25,75.64,76.26,74.94,75.8,21.3875,40122898
2007-10-26,76.9,77.43,76.42,76.95,21.712,31555820
2007-10-29,77.0,77.65,77.0,77.32,21.8164,19328702
2007-10-30,76.81,76.81,74.69,74.69,21.0743,49539942
2007-10-31,75.5,76.93,75.07,76.7,21.6415,58567782
2007-11-01,75.57,76.76,74.39,74.45,21.0066,44491520
2007-11-02,74.75,75.88,74.16,75.85,21.4016,56069160
2007-11-05,74.97,75.8,74.39,75.24,21.2295,49669340
2007-11-06,76.01,77.75,76.01,77.75,21.9377,36266160
2007-11-07,77.7,77.7,74.55,74.55,21.0348,59806442
2007-11-08,75.14,77.16,74.62,75.85,21.4016,74325562
2007-11-09,74.89,75.7,74.39,74.45,21.0066,56925218
2007-11-12,73.26,73.76,70.85,70.85,19.9909,63528360
2007-11-13,71.45,73.35,70.67,73.35,20.6962,56002680
2007-11-14,74.1,74.53,72.64,73.24,20.6652,44226578
2007-11-15,72.56,73.09,70.59,70.8,19.9767,58108422
2007-11-16,71.69,72.84,71.47,72.66,20.5016,50881738
2007-11-19,72.35,72.77,71.22,71.45,20.1602,35531058
2007-11-20,72.39,74.21,72.0,73.75,20.8091,56381140
2007-11-21,73.11,73.71,72.13,72.15,20.3577,39537622
2007-11-23,72.25,74.05,72.25,74.05,20.8938,13742216
2007-11-26,74.04,74.26,71.49,71.49,20.1714,50628262
2007-11-27,70.6,71.32,69.61,70.7,19.9485,57527460
2007-11-28,71.95,72.66,71.16,72.45,20.4423,45733898
2007-11-29,72.75,73.7,72.47,73.25,20.668,39496718
2007-11-30,73.17,73.75,72.35,73.47,20.7301,34134718
2007-12-03,72.88,74.13,72.88,73.75,20.8091,39093122
2007-12-04,73.598,73.65,73.0,73.0,20.5975,29133280
2007-12-05,74.0,75.05,73.87,74.61,21.0518,48980122
2007-12-06,74.64,76.65,74.327,76.65,21.6274,42269860
2007-12-07,76.3,76.71,75.71,76.18,21.4948,24755320
2007-12-10,76.6,77.1,76.33,76.95,21.712,22776200
2007-12-11,76.94,77.57,75.01,75.05,21.1759,40003558
2007-12-12,76.75,77.75,76.29,77.5,21.8672,48037520
2007-12-13,77.01,77.77,76.42,77.69,21.9208,30838300
2007-12-14,77.49,77.53,76.38,76.45,21.5709,30176000
2007-12-17,76.3,76.45,74.53,75.08,21.1844,54364340
2007-12-18,75.87,76.27,74.58,75.8,21.3875,41742762
2007-12-19,75.86,76.98,75.86,76.53,21.5935,33666122
2007-12-20,77.18,77.5,76.1324,77.5,21.8672,26022400
2007-12-21,77.56,79.3,77.42,79.3,22.4326,33732520
2007-12-24,79.59,79.66,78.8,79.66,22.5345,38001578
2007-12-26,79.74,80.6,79.46,80.55,22.7862,27990500
2007-12-27,80.59,80.59,79.5,79.7,22.5458,21799400
2007-12-28,80.14,80.46,79.65,80.37,22.7353,20981380
2007-12-31,80.44,80.44,79.05,79.35,22.4468,22609680
2008-01-02,79.95,80.3,79.27,79.5,22.4892,38591238
2008-01-03,80.07,80.75,79.85,80.44,22.7551,29210680
2008-01-04,79.69,79.74,77.5,77.5,21.9234,53426860
2008-01-07,78.0,78.61,76.23,77.2,21.8386,64817480
2008-01-08,77.88,78.188,75.85,75.85,21.4567,45215738
2008-01-09,75.85,77.34,75.63,76.85,21.7396,50178300
2008-01-10,76.35,77.0,74.32,76.53,21.649,46105422
2008-01-11,75.99,77.03,75.36,75.6,21.386,57543040
2008-01-14,76.43,77.23,76.3,77.1,21.8103,40291160
2008-01-15,76.09,76.09,73.91,73.91,20.9079,53263102
2008-01-16,73.5,74.15,71.06,71.45,20.212,87574640
2008-01-17,72.13,73.16,68.6,68.75,19.4482,76335320
2008-01-18,69.25,70.01,67.14,68.9,19.4906,83086118
2008-01-22,63.8,68.16,63.0,66.95,18.939,80178336
2008-01-23,65.04,67.63,62.97,67.57,19.1144,109365204
2008-01-24,68.04,70.34,67.98,69.95,19.7877,65186300
2008-01-25,70.98,71.57,68.5,68.7,19.4341,62751660
2008-01-28,68.59,70.45,68.15,70.26,19.8754,44985602
2008-01-29,70.43,71.35,70.17,71.05,20.0988,37257898
2008-01-30,70.69,72.21,69.77,70.16,19.8471,49692442
2008-01-31,69.02,70.79,68.5,69.6,19.6887,47823680
2008-02-01,70.52,71.61,70.22,71.35,20.1837,47321200
2008-02-04,71.47,71.8,70.46,71.4,20.1979,34515480
2008-02-05,70.28,70.4,68.45,68.45,19.3633,55378540
2008-02-06,69.2,69.55,67.35,67.51,19.0974,56930558
2008-02-07,67.02,69.18,66.93,68.84,19.4737,51200840
2008-02-08,68.78,69.85,68.55,69.85,19.7594,34556320
2008-02-11,69.9,71.65,69.16,71.65,20.2686,61989320
2008-02-12,71.87,72.76,70.55,71.61,20.2573,52058738
2008-02-13,72.04,73.35,71.6,73.35,20.7495,41426840
2008-02-14,73.5,74.18,72.71,72.72,20.5713,50669058
2008-02-15,73.23,73.23,71.59,72.85,20.608,42606320
2008-02-19,74.05,75.34,73.9,75.25,21.287,57453262
2008-02-20,74.21,76.23,73.9,76.15,21.5415,37282122
2008-02-21,75.98,76.14,74.0,74.06,20.9503,57235460
2008-02-22,74.79,75.16,73.17,74.9,21.1879,33637860
2008-02-25,74.85,77.16,74.82,77.04,21.7933,41729058
2008-02-26,76.41,78.35,76.17,78.35,22.1639,33263378
2008-02-27,77.92,78.36,77.15,77.33,21.8753,31695320
2008-02-28,77.1,79.02,77.1,78.66,22.2516,30194960
2008-02-29,78.15,78.4,75.75,76.05,21.5133,41564262
2008-03-03,76.1,77.73,75.67,77.0,21.782,47871922
2008-03-04,76.54,76.96,74.34,75.5,21.3577,67467718
2008-03-05,76.01,77.4,75.85,77.4,21.8952,44279460
2008-03-06,77.06,77.35,75.42,75.85,21.4567,46552540
2008-03-07,75.0,75.29,73.14,73.76,20.8655,60777800
2008-03-10,73.91,74.33,72.76,72.85,20.608,58049140
2008-03-11,74.5,76.6,74.03,76.6,21.6688,67803266
2008-03-12,76.0,76.44,74.9,74.9,21.1879,43799282
2008-03-13,74.13,76.45,73.63,76.15,21.5415,50412300
2008-03-14,76.84,76.96,73.6,74.76,21.1483,56320218
2008-03-17,72.3,73.81,71.18,72.15,20.41,63272898
2008-03-18,73.6,75.3,73.53,75.3,21.3011,54948238
2008-03-19,74.72,75.15,70.7,70.7,19.9998,86981742
2008-03-20,69.87,71.5,68.85,70.81,20.0886,75077282
2008-03-24,71.38,73.08,71.16,72.05,20.4404,31195160
2008-03-25,72.26,73.22,71.78,72.77,20.6446,43855058
2008-03-26,72.94,74.87,72.92,74.35,21.0929,46397800
2008-03-27,74.61,75.33,73.6,73.6,20.8801,45120218
2008-03-28,74.18,74.75,73.33,73.4,20.8234,35050840
2008-03-31,73.63,74.96,73.21,74.06,21.0106,43855442
2008-04-01,73.8,75.55,73.35,75.45,21.4049,72519156
2008-04-02,75.43,77.03,74.66,76.5,21.7028,42384000
2008-04-03,76.0,77.46,75.8,76.68,21.7539,37203762
2008-04-04,76.73,78.22,76.73,77.31,21.9326,38561360
2008-04-07,78.27,79.03,77.38,77.72,22.0489,35357422
2008-04-08,77.28,78.74,77.13,78.6,22.2986,45450000
2008-04-09,78.52,79.55,78.33,78.75,22.3411,38980640
2008-04-10,78.72,79.17,77.95,78.6,22.2986,29849700
2008-04-11,78.18,78.76,77.5,77.5,21.9865,33017020
2008-04-14,77.6,79.41,77.6,79.28,22.4915,29866080
2008-04-15,79.84,80.05,78.84,79.7,22.6106,28587220
2008-04-16,80.2,82.4,79.92,82.4,23.3766,44379000
2008-04-17,81.62,82.69,81.4,82.33,23.3568,33158820
2008-04-18,81.99,84.83,81.81,83.59,23.7142,47077218
2008-04-21,83.76,84.66,83.34,84.54,23.9837,31648560
2008-04-22,84.1775,85.2901,84.11,84.58,23.9951,52607540
2008-04-23,84.41,84.45,83.25,83.92,23.8078,43532102
2008-04-24,83.02,83.25,81.25,81.72,23.1837,51475878
2008-04-25,82.7,83.06,81.86,82.88,23.5128,75227000
2008-04-28,83.2,83.79,82.6,83.02,23.5525,26414380
2008-04-29,82.25,82.71,81.0,81.15,23.022,46405300
2008-04-30,81.6,82.71,81.09,81.75,23.1922,48948282
2008-05-01,80.72,80.82,78.43,79.96,22.6844,112200704
2008-05-02,80.64,81.87,80.64,81.47,23.1128,35185738
2008-05-05,81.63,83.18,81.61,82.65,23.4476,25995100
2008-05-06,82.95,84.85,82.65,84.84,24.0688,42193820
2008-05-07,84.94,85.0,83.26,83.26,23.6206,46253460
2008-05-08,83.67,85.1,83.26,84.93,24.0944,49816218
2008-05-09,85.06,85.11,83.51,84.77,24.049,39838460
2008-05-12,84.11,84.53,83.24,84.3,23.9157,36918300
2008-05-13,84.3,85.68,83.49,85.68,24.3072,39381000
2008-05-14,85.3,86.02,84.3,84.7,24.0291,49712282
2008-05-15,85.4,86.2,84.27,85.82,24.3469,57306898
2008-05-16,87.18,88.95,87.02,88.95,25.2348,55101398
2008-05-19,88.97,90.08,88.47,89.5,25.3909,45503942
2008-05-20,89.62,90.39,89.09,90.39,25.6434,51403960
2008-05-21,90.02,91.42,88.83,89.05,25.2632,90146492
2008-05-22,88.89,89.68,87.57,87.75,24.8944,74711618
2008-05-23,88.48,88.688,85.77,86.26,24.4717,50003020
2008-05-27,85.91,86.34,85.03,85.7,24.3128,51456942
2008-05-28,85.24,87.53,84.72,87.51,24.8263,52428442
2008-05-29,86.62,87.1,85.12,85.12,24.1483,71884460
2008-05-30,85.78,86.39,85.37,86.0,24.3979,53572460
2008-06-02,85.58,87.34,85.49,86.51,24.5426,50623718
2008-06-03,86.1,87.25,84.6,84.65,24.0149,77688226
2008-06-04,84.51,85.44,83.39,83.39,23.6575,63250460
2008-06-05,84.15,87.74,84.14,87.74,24.8916,69828460
2008-06-06,88.3,89.72,85.96,86.02,24.4036,93651524
2008-06-09,86.6,88.93,86.6,88.55,25.1214,53583660
2008-06-10,88.19,88.41,85.24,86.37,24.5029,55990262
2008-06-11,87.17,87.81,86.08,86.9,24.6533,61923320
2008-06-12,86.3,86.46,85.34,85.58,24.2788,70576460
2008-06-13,85.33,86.84,85.05,86.6,24.5682,33191442
2008-06-16,87.1,87.58,86.7,86.91,24.6561,32484500
2008-06-17,86.56,88.64,86.56,88.35,25.0646,40343820
2008-06-18,88.15,88.85,87.29,88.69,25.1611,43053238
2008-06-19,89.35,89.6,86.56,86.56,24.5568,80901320
2008-06-20,87.2,87.47,85.21,85.75,24.3914,65453480
2008-06-23,85.64,89.15,85.61,89.14,25.3556,65764422
2008-06-24,88.43,88.58,87.4,87.45,24.8749,66276078
2008-06-25,87.73,88.2,85.07,87.12,24.7811,80067508
2008-06-26,87.39,87.8,85.2,86.49,24.6019,64154180
2008-06-27,86.64,87.65,86.41,87.25,24.818,46935520
2008-06-30,88.05,89.01,87.76,88.48,25.1679,59832922
2008-07-01,88.17,89.04,87.27,88.85,25.2732,63893340
2008-07-02,89.16,90.16,85.53,86.17,24.5108,73397860
2008-07-03,86.27,86.69,83.59,84.9,24.1496,65181640
2008-07-07,84.28,85.66,82.05,82.77,23.5437,79041242
2008-07-08,82.0,82.22,79.62,81.4,23.154,99812656
2008-07-09,82.2,83.19,79.58,79.85,22.7131,64659520
2008-07-10,80.15,82.52,78.93,82.3,23.41,75237882
2008-07-11,82.5,82.96,80.41,81.8,23.2678,67969742
2008-07-14,82.0,83.27,81.28,82.34,23.4214,43190960
2008-07-15,82.02,82.35,78.68,78.87,22.4344,65260480
2008-07-16,78.69,78.97,75.92,76.84,21.8569,98726524
2008-07-17,77.59,78.4,74.05,75.58,21.4985,107004062
2008-07-18,76.01,77.68,75.59,76.9,21.874,79221540
2008-07-21,77.5,79.2,76.49,79.2,22.5282,68168258
2008-07-22,78.26,78.86,76.33,76.57,21.7801,97812398
2008-07-23,76.52,77.12,73.39,73.79,20.9894,111289742
2008-07-24,74.16,74.81,71.85,73.61,20.9382,104936680
2008-07-25,73.45,75.21,73.24,73.81,20.9951,74391742
2008-07-28,74.38,75.57,73.85,74.1,21.0776,48090040
2008-07-29,73.76,74.01,72.29,73.22,20.8272,57969360
2008-07-30,73.25,77.59,72.74,77.58,22.0674,88869696
2008-07-31,76.58,76.69,73.77,74.4,21.1629,66341820
2008-08-01,74.45,76.37,74.16,74.39,21.16,59540640
2008-08-04,74.5,74.55,70.29,70.89,20.1645,96360602
2008-08-05,70.44,71.78,69.83,71.42,20.3152,87812360
2008-08-06,71.48,73.11,71.29,73.05,20.7789,77052868
2008-08-07,73.76,73.97,71.86,72.2,20.5371,67406844
2008-08-08,71.29,71.69,69.72,70.98,20.1901,75292758
2008-08-11,71.69,72.01,69.66,70.95,20.1815,66751758
2008-08-12,71.59,71.84,70.62,70.99,20.1929,62059898
2008-08-13,70.77,73.51,70.77,73.5,20.9069,88255188
2008-08-14,72.99,73.36,71.36,72.15,20.5229,72349774
2008-08-15,71.84,71.87,70.16,70.8,20.1389,83508438
2008-08-18,71.33,72.09,68.35,69.9,19.8829,64139078
2008-08-19,69.92,72.49,69.86,72.41,20.5968,88471860
2008-08-20,73.22,74.75,72.37,74.5,21.1913,93458922
2008-08-21,75.46,76.709,74.91,76.37,21.7233,66346156
2008-08-22,75.68,75.83,73.96,74.62,21.2255,49947718
2008-08-25,74.82,75.35,73.37,73.65,20.9496,44784762
2008-08-26,74.45,75.6,74.12,75.15,21.3762,53911378
2008-08-27,76.07,76.66,75.6,76.34,21.7147,48113558
2008-08-28,76.76,76.91,74.1,75.0,21.3336,56841218
2008-08-29,75.91,75.98,74.35,74.65,21.234,44766422
2008-09-02,72.1,72.19,70.55,70.55,20.0678,100900460
2008-09-03,70.22,71.56,69.27,70.28,19.991,100350360
2008-09-04,70.31,71.01,67.86,68.7,19.5415,108094204
2008-09-05,69.09,69.13,66.81,68.42,19.4619,101430094
2008-09-08,70.06,70.29,67.22,67.95,19.3282,100430062
2008-09-09,67.31,67.32,63.25,63.25,17.9913,130110078
2008-09-10,64.13,66.28,63.71,65.74,18.6996,120756882
2008-09-11,65.01,66.95,63.7,66.68,18.967,103951024
2008-09-12,66.758,68.98,66.754,68.93,19.607,106761758
2008-09-15,65.62,67.21,63.65,63.65,18.1051,108914000
2008-09-16,62.0,66.34,61.06,66.34,18.8702,122459820
2008-09-17,65.43,67.6,63.76,64.95,18.4749,133010312
2008-09-18,66.98,67.64,63.61,66.89,19.0267,126517680
2008-09-19,71.36,78.1,68.41,71.25,20.3323,92289938
2008-09-22,71.36,72.58,70.0,70.0,19.9756,68544438
2008-09-23,70.17,71.1,67.69,67.69,19.3164,64386218
2008-09-24,68.7,69.03,67.6205,67.89,19.3734,59180480
2008-09-25,67.92,69.95,67.9,69.55,19.8471,55444398
2008-09-26,67.59,68.49,66.02,67.7,19.3192,69242320
2008-09-29,65.99,65.99,59.13,59.65,17.022,91723242
2008-09-30,61.92,64.29,61.43,63.3,18.0636,66413898
2008-10-01,62.7,63.43,60.0,62.26,17.7668,93231360
2008-10-02,61.3,61.42,57.62,58.71,16.7538,94000492
2008-10-03,58.5,61.69,57.49,58.01,16.554,97025054
2008-10-06,55.76,55.93,50.98,54.89,15.6637,139090640
2008-10-07,56.54,57.28,51.54,51.88,14.8047,96055984
2008-10-08,50.32,54.65,49.16,52.86,15.0844,160996484
2008-10-09,53.25,54.03,45.25,45.25,12.9128,110583024
2008-10-10,42.99,45.74,38.84,43.4,12.3848,186768718
2008-10-13,45.34,51.63,44.42,50.55,14.4252,100994976
2008-10-14,52.73,56.95,48.38,50.61,14.4423,125450492
2008-10-15,48.2,48.84,41.96,43.3,12.3563,119572492
2008-10-16,43.78,46.08,40.26,44.95,12.8272,154836718
2008-10-17,44.53,49.65,43.61,45.94,13.1097,126665476
2008-10-20,47.73,51.29,47.62,51.29,14.6364,90006882
2008-10-21,49.78,51.0576,47.89,48.96,13.9715,87803296
2008-10-22,47.0,47.0,42.41,44.2,12.6131,124203508
2008-10-23,44.52,46.81,42.31,46.55,13.2837,174636812
2008-10-24,41.27,45.52,41.2,43.65,12.4562,108633204
2008-10-27,43.2,45.48,40.78,40.86,11.66,93210524
2008-10-28,43.47,47.09,41.06,47.09,13.4378,125928976
2008-10-29,47.48,50.46,47.09,48.13,13.7346,127619758
2008-10-30,49.39,50.62,47.36,50.35,14.3681,105421860
2008-10-31,49.48,52.63,48.88,51.4,14.6678,95992492
2008-11-03,50.6,51.24,48.9,49.81,14.214,62058860
2008-11-04,50.96,53.3,50.94,53.02,15.1301,67905024
2008-11-05,51.65,53.3,50.41,50.65,14.4537,85286602
2008-11-06,50.15,50.61,47.0,47.6,13.5834,104544624
2008-11-07,48.23,49.93,47.82,49.85,14.2254,67147102
2008-11-10,51.32,51.91,49.03,50.02,14.274,81374546
2008-11-11,48.74,49.56,47.5,48.58,13.863,73709476
2008-11-12,47.2,47.54,44.49,44.6,12.7273,79132898
2008-11-13,45.35,50.0,43.01,49.84,14.2226,127988492
2008-11-14,48.5,50.5,46.88,47.77,13.6319,111200946
2008-11-17,47.29,48.96,46.67,46.78,13.3494,89211118
2008-11-18,47.08,48.5,45.92,48.09,13.7232,104807344
2008-11-19,47.97,48.88,45.425,45.6,13.0126,98285796
2008-11-20,44.3,44.68,39.82,39.96,11.4032,132243640
2008-11-21,41.28,44.94,40.52,44.42,12.6759,150732124
2008-11-24,45.62,49.07,44.82,47.63,13.5919,110990062
2008-11-25,48.21,48.85,46.8,48.39,13.8088,93197820
2008-11-26,47.85,51.45,47.45,51.1,14.5822,78724360
2008-11-28,50.46,50.6,49.18,50.28,14.3482,31969920
2008-12-01,48.25,48.25,44.88,44.93,12.8215,74528156
2008-12-02,46.09,46.61,44.73,46.45,13.2552,75605664
2008-12-03,45.28,46.63,44.59,46.48,13.2638,95997454
2008-12-04,45.69,46.27,42.4,43.26,12.3449,98207132
2008-12-05,42.36,44.23,40.53,44.16,12.6017,104990882
2008-12-08,45.95,47.18,45.52,46.12,13.161,98376062
2008-12-09,46.03,47.87,45.77,46.58,13.2923,86007508
2008-12-10,47.49,49.38,47.47,48.99,13.98,82922258
2008-12-11,49.39,50.785,48.18,48.76,13.9144,82035938
2008-12-12,47.02,48.73,46.56,48.28,13.7774,81448868
2008-12-15,49.24,49.68,47.15,48.0,13.6975,71276946
2008-12-16,48.78,49.92,48.2,49.49,14.1227,81836758
2008-12-17,49.39,50.54,48.92,49.17,14.0314,83702094
2008-12-18,49.0,49.15,45.79,46.31,13.2153,99843296
2008-12-19,46.15,47.42,45.85,46.0,13.1948,87479054
2008-12-22,46.29,46.46,43.92,44.63,12.8019,63606540
2008-12-23,44.94,45.49,44.16,44.73,12.8305,55997000
2008-12-24,44.36,44.745,44.02,44.56,12.7818,12680436
2008-12-26,44.94,45.45,44.55,45.16,12.9539,11565432
2008-12-29,46.25,46.48,45.56,46.15,13.2379,29313040
2008-12-30,46.27,47.35,45.86,47.27,13.5591,32910640
2008-12-31,47.14,48.41,46.75,47.77,13.7025,46827520
2009-01-02,48.2,50.67,48.08,50.15,14.3852,68567296
2009-01-05,50.04,52.19,49.92,51.33,14.7237,95289508
2009-01-06,52.11,53.19,51.57,51.89,14.8843,96752734
2009-01-07,51.1,51.1,49.2,49.69,14.2533,78431398
2009-01-08,49.42,50.41,49.16,50.33,14.4369,66548796
2009-01-09,50.31,50.36,48.45,48.64,13.9521,79914704
2009-01-12,47.97,48.06,46.48,46.72,13.4014,68882140
2009-01-13,46.8,48.13,46.68,47.89,13.737,93531796
2009-01-14,47.12,47.17,45.16,45.6,13.0801,81218882
2009-01-15,45.52,46.27,44.0,46.17,13.2436,88215438
2009-01-16,47.01,47.37,45.43,46.54,13.3497,87344734
2009-01-20,45.74,46.86,43.96,44.06,12.6384,89839718
2009-01-21,44.68,47.15,44.43,47.02,13.4874,84774320
2009-01-22,45.95,46.69,44.76,45.73,13.1174,107141266
2009-01-23,44.63,47.7,44.35,47.06,13.4989,88457796
2009-01-26,47.4,49.15,47.17,47.93,13.7484,86317796
2009-01-27,47.7,48.44,47.15,48.01,13.7714,77673758
2009-01-28,48.85,49.69,48.02,49.32,14.1472,78603454
2009-01-29,48.31,48.63,47.35,47.58,13.648,87426640
2009-01-30,48.38,48.65,46.58,46.92,13.4587,85838734
2009-02-02,45.94,46.6,45.62,46.17,13.2436,61179980
2009-02-03,46.42,47.27,45.97,46.97,13.4731,62651020
2009-02-04,47.4,48.06,46.92,47.41,13.5993,72236492
2009-02-05,47.08,48.74,46.54,48.57,13.932,85168258
2009-02-06,48.01,49.8,47.85,49.47,14.1902,77044492
2009-02-09,49.71,50.77,49.22,49.65,14.2418,68027796
2009-02-10,49.89,50.35,46.91,47.34,13.5792,113454758
2009-02-11,47.7,48.13,45.88,46.8,13.4243,85032546
2009-02-12,45.92,46.99,45.33,46.88,13.4473,90265422
2009-02-13,46.83,47.72,46.68,46.99,13.4788,74918718
2009-02-17,45.35,45.61,43.66,43.74,12.5466,103801204
2009-02-18,44.0,44.23,42.99,43.49,12.4749,85616140
2009-02-19,43.96,44.38,43.28,43.5,12.4777,68000812
2009-02-20,42.62,42.985,41.37,42.38,12.1565,89408382
2009-02-23,43.15,43.31,40.28,40.4,11.5885,68969040
2009-02-24,40.83,42.54,40.55,42.3,12.1335,67769774
2009-02-25,42.28,43.11,41.16,42.05,12.0618,87622016
2009-02-26,42.82,43.74,42.1,42.15,12.0905,64286262
2009-02-27,41.23,42.55,40.68,41.134,11.7991,86178492
2009-03-02,40.19,40.44,38.0,38.12,10.9345,93396062
2009-03-03,38.82,39.5,37.9,38.31,10.989,90932016
2009-03-04,39.64,40.97,39.25,40.14,11.5139,92008282
2009-03-05,39.26,39.79,38.0,38.37,11.0062,90328140
2009-03-06,38.97,39.93,37.4,38.79,11.1267,95561024
2009-03-09,38.35,40.13,38.09,38.86,11.1468,84002382
2009-03-10,39.88,41.33,39.65,40.83,11.7118,83393524
2009-03-11,41.08,41.63,39.92,40.66,11.6631,76694812
2009-03-12,41.05,42.06,40.33,41.88,12.013,63848122
2009-03-13,42.17,42.34,40.96,41.5,11.904,59146360
2009-03-16,41.48,43.03,41.31,42.03,12.0561,56122960
2009-03-17,41.96,44.85,41.53,43.48,12.472,55415282
2009-03-18,42.89,44.43,41.895,43.92,12.5982,84793664
2009-03-19,45.4,46.02,44.83,44.98,12.9023,79526898
2009-03-20,45.08,45.22,42.86,43.0,12.3976,75281188
2009-03-23,44.03,46.58,43.93,46.54,13.4183,93586016
2009-03-24,45.85,46.32,45.07,45.66,13.1646,59597282
2009-03-25,45.53,46.31,44.22,45.44,13.1011,66919704
2009-03-26,46.17,46.65,45.29,45.83,13.2136,68446882
2009-03-27,44.85,45.03,44.21,44.47,12.8215,57343442
2009-03-30,43.35,43.39,42.09,42.824,12.3469,54640922
2009-03-31,43.49,43.57,42.44,42.46,12.2419,78683860
2009-04-01,41.5,43.67,41.4701,43.36,12.5014,66401382
2009-04-02,44.98,45.89,44.81,45.14,13.0146,70610546
2009-04-03,44.97,46.34,44.83,46.02,13.2684,55045282
2009-04-06,45.42,45.48,44.42,45.09,13.0002,52424058
2009-04-07,44.125,44.25,43.5,43.74,12.611,44630020
2009-04-08,43.83,44.75,42.95,44.3,12.7725,47117640
2009-04-09,45.52,45.82,45.03,45.6,13.1473,40672160
2009-04-13,44.67,45.52,44.02,45.1,13.0031,35503578
2009-04-14,44.81,45.72,44.38,44.98,12.9685,42175000
2009-04-15,44.79,45.25,44.31,45.04,12.9858,42436820
2009-04-16,45.47,45.62,44.34,45.25,13.0464,35526878
2009-04-17,45.36,46.01,45.07,45.78,13.1992,44136460
2009-04-20,44.64,44.74,43.31,43.56,12.5591,36901422
2009-04-21,43.07,44.53,42.89,44.42,12.8071,37898540
2009-04-22,43.94,44.92,43.73,43.95,12.6715,42871398
2009-04-23,44.6,44.84,43.89,44.77,12.908,38428718
2009-04-24,45.52,46.44,45.44,46.07,13.2828,47660718
2009-04-27,45.08,45.66,44.71,45.2,13.0319,36723942
2009-04-28,44.55,45.86,44.5,45.3,13.0608,31412380
2009-04-29,45.75,47.75,45.65,46.55,13.4212,42310820
2009-04-30,47.09,47.11,45.14,45.78,13.1992,59166500
2009-05-01,45.96,47.63,45.74,47.26,13.6259,43706480
2009-05-04,47.79,49.21,47.61,49.15,14.1708,56338320
2009-05-05,48.96,49.13,47.72,48.49,13.9805,35815680
2009-05-06,49.37,50.66,49.19,50.37,14.5225,43698422
2009-05-07,51.52,51.61,49.05,49.72,14.3351,46985300
2009-05-08,50.48,52.35,50.46,51.84,14.9464,56480102
2009-05-11,51.0,51.09,49.81,50.26,14.4908,36681398
2009-05-12,50.92,51.01,49.51,50.582,14.5837,46931122
2009-05-13,49.88,50.11,48.54,48.91,14.1016,60148140
2009-05-14,48.53,49.51,48.09,49.05,14.142,35978980
2009-05-15,48.81,49.26,47.59,48.0,13.8392,60105680
2009-05-18,48.74,49.72,48.7,49.66,14.3178,33962960
2009-05-19,49.75,50.4104,49.43,49.9,14.387,32918782
2009-05-20,50.61,51.51,49.93,50.07,14.436,44501378
2009-05-21,49.32,49.36,48.04,48.59,14.0093,51213422
2009-05-22,48.9,49.46,48.5,48.61,14.0151,27296660
2009-05-26,48.29,49.78,47.65,49.64,14.3121,53813602
2009-05-27,49.85,50.5,49.03,49.1,14.1564,41743422
2009-05-28,49.54,51.21,49.06,50.73,14.6263,51813660
2009-05-29,51.54,51.89,50.97,51.68,14.9002,44478340
2009-06-01,52.68,53.95,52.5701,53.58,15.448,59446942
2009-06-02,53.31,53.815,53.03,53.436,15.4065,40510078
2009-06-03,52.77,52.77,50.62,51.38,14.8137,56499020
2009-06-04,51.99,52.67,51.52,52.54,15.1482,62121898
2009-06-05,53.1,57.7045,51.46,52.11,15.0242,46431180
2009-06-08,51.64,52.4,50.99,51.99,14.9896,36666200
2009-06-09,52.58,52.96,51.94,52.5,15.1367,29608800
2009-06-10,53.4,53.55,52.11,52.97,15.2722,50126078
2009-06-11,53.14,54.82,53.05,54.03,15.5778,49890520
2009-06-12,53.43,53.51,52.8,53.51,15.4279,39908860
2009-06-15,52.59,52.62,51.41,52.09,15.0184,38843922
2009-06-16,52.55,52.76,50.83,50.98,14.6984,46876442
2009-06-17,50.6,50.7,49.47,50.15,14.4591,72678640
2009-06-18,50.07,50.66,49.67,49.96,14.4043,46122660
2009-06-19,50.24,50.36,48.82,49.21,14.2605,49655738
2009-06-22,48.45,48.45,46.66,46.75,13.5476,64230942
2009-06-23,47.01,47.46,46.31,47.03,13.6287,50627980
2009-06-24,47.37,48.04,46.91,47.22,13.6838,36045282
2009-06-25,47.08,48.43,47.0,48.21,13.9707,53434300
2009-06-26,48.06,48.24,47.68,47.89,13.878,24619820
2009-06-29,48.2,48.8,48.07,48.34,14.0084,27624300
2009-06-30,48.34,48.91,47.265,48.05,13.9243,45739660
2009-07-01,48.58,49.12,48.01,48.09,13.9359,40023398
2009-07-02,47.27,47.27,46.13,46.16,13.3766,47966840
2009-07-06,45.12,45.7,44.55,45.69,13.2404,63347800
2009-07-07,45.61,45.65,44.4,44.52,12.9014,43168898
2009-07-08,44.39,45.03,43.66,44.53,12.9043,68759242
2009-07-09,44.99,45.64,44.6,44.99,13.0376,49091200
2009-07-10,44.28,44.78,43.98,44.67,12.9448,50377860
2009-07-13,44.66,45.41,43.8,45.35,13.1419,44888058
2009-07-14,45.86,46.16,45.37,45.96,13.3187,54761602
2009-07-15,46.83,47.77,46.81,47.59,13.791,59857300
2009-07-16,47.32,48.46,47.08,48.17,13.9591,32160840
2009-07-17,48.14,48.72,47.71,48.45,14.0402,37792520
2009-07-20,49.09,49.46,48.45,49.28,14.2808,39245660
2009-07-21,49.83,50.02,48.91,49.71,14.4054,36669122
2009-07-22,48.97,49.8714,48.85,49.26,14.275,43120718
2009-07-23,49.2,50.85,49.07,50.66,14.6807,43464360
2009-07-24,50.45,51.27,50.25,51.19,14.8343,30937160
2009-07-27,51.31,51.67,50.78,51.36,14.8835,26414960
2009-07-28,50.78,50.99,49.61,50.61,14.6662,38330738
2009-07-29,49.79,49.83,48.84,49.44,14.3271,44513922
2009-07-30,49.91,50.66,49.5,50.13,14.5271,41371680
2009-07-31,49.88,50.85,49.53,50.62,14.6691,35830360
2009-08-03,51.49,52.28,51.41,51.92,15.0458,41978718
2009-08-04,51.66,52.1,51.29,51.83,15.0197,28838780
2009-08-05,51.81,51.81,51.0,51.31,14.869,32381900
2009-08-06,51.5,51.5,50.49,50.89,14.7473,33406040
2009-08-07,51.49,51.615,50.56,50.83,14.7299,37264602
2009-08-10,50.69,51.36,50.57,51.05,14.7937,28127500
2009-08-11,50.87,50.99,50.1,50.31,14.5792,41350218
2009-08-12,50.2,51.31,50.17,50.85,14.7357,31200400
2009-08-13,51.26,51.53,50.57,51.47,14.9154,33626180
2009-08-14,51.46,51.52,50.15,50.71,14.6952,33078980
2009-08-17,49.49,49.6,48.74,49.07,14.2199,37471840
2009-08-18,49.19,49.78,48.99,49.56,14.3619,25840980
2009-08-19,49.06,50.868,48.9,50.48,14.6285,41168122
2009-08-20,50.49,51.05,50.46,50.91,14.7531,20052840
2009-08-21,51.52,52.55,51.5,52.35,15.1704,43985282
2009-08-24,52.84,53.41,52.82,53.02,15.3646,38163738
2009-08-25,53.19,53.46,52.03,52.21,15.1298,42518340
2009-08-26,51.81,52.58,51.575,52.45,15.1994,32541200
2009-08-27,52.15,52.65,51.12,52.29,15.153,36828058
2009-08-28,52.67,52.75,51.8399,52.18,15.1211,21096560
2009-08-31,51.35,51.52,50.84,51.17,14.8285,26625920
2009-09-01,51.02,51.69,50.16,50.28,14.5705,40933460
2009-09-02,50.0,50.59,49.91,49.91,14.4633,28714440
2009-09-03,50.31,50.5,49.94,50.26,14.5647,18870068
2009-09-04,50.16,51.105,50.11,50.96,14.7676,23646880
2009-09-08,52.0,54.4884,51.82,52.36,15.1733,38224442
2009-09-09,52.5,53.009,52.13,52.48,15.2081,26241400
2009-09-10,52.73,53.49,52.35,53.39,15.4718,34983122
2009-09-11,53.7,54.32,53.1604,53.6,15.5326,42356058
2009-09-14,52.99,54.03,52.81,54.0,15.6486,31226900
2009-09-15,54.26,54.685,53.79,54.54,15.805,36972140
2009-09-16,54.95,55.92,54.87,55.89,16.1963,45772640
2009-09-17,55.83,56.28,55.22,55.62,16.118,34739200
2009-09-18,55.72,55.76,54.7,55.18,16.0616,36731860
2009-09-21,54.27,54.9,53.98,54.71,15.9248,31143020
2009-09-22,55.59,55.77,55.17,55.57,16.1751,27074240
2009-09-23,55.61,55.73,54.38,54.41,15.8375,67986094
2009-09-24,54.51,54.55,53.21,53.63,15.6105,45889640
2009-09-25,53.44,54.23,53.12,53.56,15.5901,40207040
2009-09-28,53.59,54.6,53.49,54.42,15.8404,28125920
2009-09-29,54.38,54.65,53.83,54.27,15.7967,35139800
2009-09-30,54.57,54.58,53.2101,53.92,15.6949,50769942
2009-10-01,53.9,53.92,52.24,52.24,15.2059,47306622
2009-10-02,51.55,52.34,51.34,51.97,15.1273,37126738
2009-10-05,52.04,53.34,51.85,53.12,15.462,33735540
2009-10-06,53.89,54.77,53.83,54.38,15.8288,43872942
2009-10-07,54.22,54.8,53.95,54.8,15.951,41165922
2009-10-08,55.09,56.37,54.97,56.21,16.3614,73616258
2009-10-09,55.99,56.41,55.7401,56.16,16.3469,26629080
2009-10-12,56.6,57.35,56.59,56.92,16.5681,27144180
2009-10-13,57.08,57.12,56.04,57.01,16.5943,41276942
2009-10-14,57.74,57.9901,57.38,57.96,16.8708,45796340
2009-10-15,57.61,59.18,57.51,59.17,17.223,46201660
2009-10-16,58.9,59.25,58.45,58.99,17.1706,44911058
2009-10-19,59.09,59.99,58.85,59.76,17.3948,43176960
2009-10-20,59.95,59.99,58.5,59.38,17.2841,36997378
2009-10-21,58.91,60.56,58.83,59.22,17.2376,52019020
2009-10-22,58.8,59.67,58.18,59.45,17.3045,36697360
2009-10-23,59.78,59.84,57.8,58.3,16.9698,42306738
2009-10-26,58.34,59.66,57.2018,57.34,16.6903,53872660
2009-10-27,57.48,58.41,57.25,57.85,16.8388,50598480
2009-10-28,57.55,57.55,55.81,55.94,16.2828,47925360
2009-10-29,56.32,57.55,56.1,57.43,16.7165,43458660
2009-10-30,57.27,57.49,54.88,55.25,16.082,59776480
2009-11-02,55.64,56.54,54.71,55.6,16.1839,58838460
2009-11-03,54.9,56.68,54.69,56.32,16.3934,40062460
2009-11-04,57.0,57.32,56.14,56.27,16.3789,52056078
2009-11-05,56.57,57.4,56.31,57.23,16.6583,37095558
2009-11-06,56.66,57.66,56.49,57.08,16.6147,43677442
2009-11-09,57.87,58.25,57.71,58.17,16.9319,33857262
2009-11-10,58.0,58.48,57.57,58.21,16.9436,35903660
2009-11-11,58.74,58.96,57.89,58.19,16.9378,36047102
2009-11-12,57.9,58.26,56.68,56.91,16.5652,50835262
2009-11-13,57.04,57.73,56.49,57.27,16.67,38713262
2009-11-16,57.96,59.13,57.83,58.77,17.1066,41948058
2009-11-17,58.63,58.84,58.19,58.67,17.0775,33700000
2009-11-18,58.95,58.98,58.04,58.44,17.0105,34299640
2009-11-19,58.0,58.065,56.77,57.13,16.6292,44872500
2009-11-20,56.81,56.91,56.14,56.6,16.4749,33801460
2009-11-23,57.67,58.22,57.16,57.33,16.6874,35071378
2009-11-24,57.41,57.68,56.58,57.66,16.7835,31895400
2009-11-25,57.77,58.33,57.215,58.11,16.9145,29219180
2009-11-27,56.42,57.12,56.1,57.02,16.5972,25622260
2009-11-30,56.7,57.33,56.36,56.82,16.539,38897840
2009-12-01,57.58,58.04,57.45,57.57,16.7573,31061360
2009-12-02,57.57,57.8525,56.97,57.23,16.6583,31294000
2009-12-03,57.21,57.37,56.26,56.31,16.3905,39432558
2009-12-04,57.02,57.63,55.54,55.9,16.2712,60389660
2009-12-07,55.45,56.45,55.45,55.77,16.2334,27159280
2009-12-08,55.48,55.51,54.49,54.82,15.9568,40476820
2009-12-09,55.01,55.32,54.17,54.82,15.9568,50632782
2009-12-10,55.27,55.74,55.0,55.5,16.1548,30382500
2009-12-11,55.79,55.93,55.17,55.53,16.1635,31257960
2009-12-14,56.39,56.5,56.04,56.1,16.3294,31265000
2009-12-15,56.07,56.635,55.94,56.28,16.3818,26864540
2009-12-16,56.65,57.25,56.49,56.64,16.4866,37603960
2009-12-17,56.28,56.7,56.01,56.16,16.3469,30876360
2009-12-18,56.45,56.66,55.88,56.15,16.4331,41544378
2009-12-21,56.55,57.07,56.52,56.82,16.6291,32098080
2009-12-22,56.94,57.35,56.75,57.09,16.7082,20155040
2009-12-23,57.28,57.7,57.15,57.54,16.8399,26062980
2009-12-24,57.74,57.94,57.6,57.81,16.9189,5590586
2009-12-28,58.25,58.2595,57.67,57.91,16.9481,11669960
2009-12-29,58.15,58.16,57.38,57.53,16.8369,17029510
2009-12-30,57.32,57.54,57.115,57.47,16.8194,14507194
2009-12-31,57.59,57.73,56.95,57.01,16.6847,11897710
2010-01-04,57.92,58.81,57.79,58.81,17.2115,33856898
2010-01-05,58.89,59.41,58.62,59.29,17.352,34737800
2010-01-06,59.32,60.18,59.1899,60.0,17.5598,48703660
2010-01-07,59.74,60.01,59.3,59.91,17.5335,34900480
2010-01-08,59.7,60.35,59.49,60.3,17.6476,26690080
2010-01-11,60.69,60.87,59.73,60.22,17.6242,38921738
2010-01-12,59.3,59.7099,59.04,59.35,17.3696,43021602
2010-01-13,59.32,59.8,58.52,59.57,17.434,44275622
2010-01-14,59.56,59.89,59.33,59.74,17.4837,31090680
2010-01-15,59.67,59.8,58.85,59.26,17.3432,38111840
2010-01-19,59.1,59.9,58.99,59.8,17.5013,29226360
2010-01-20,59.16,59.16,58.42,58.87,17.2291,31283520
2010-01-21,58.92,59.1,57.53,57.67,16.8779,50413840
2010-01-22,57.39,57.72,56.14,56.3,16.477,46057300
2010-01-25,56.68,57.22,56.49,56.67,16.5852,31804300
2010-01-26,56.2,57.3,55.92,56.31,16.4799,43031738
2010-01-27,56.15,56.65,55.18,56.09,16.4155,53235282
2010-01-28,56.5,56.62,54.8,55.5,16.2428,68868718
2010-01-29,55.91,56.46,54.22,54.5,15.9502,65606180
2010-02-01,55.15,56.31,55.11,56.3,16.477,43626558
2010-02-02,56.51,57.14,56.05,57.04,16.6935,44501540
2010-02-03,56.88,57.351,56.42,56.55,16.5501,39498500
2010-02-04,56.1,56.115,54.2,54.23,15.8711,74346882
2010-02-05,54.22,54.48,52.67,54.24,15.8741,92756782
2010-02-08,54.25,54.89,53.73,53.74,15.7277,48234922
2010-02-09,54.48,55.56,54.31,54.87,16.0584,67134680
2010-02-10,54.89,54.979,53.78,54.64,15.9911,48366300
2010-02-11,54.53,55.685,54.29,55.57,16.2633,45892340
2010-02-12,54.9,55.62,54.54,55.59,16.2692,39667782
2010-02-16,56.3,57.1,56.2399,56.9,16.6526,39669922
2010-02-17,57.06,57.18,56.44,56.82,16.6291,36275578
2010-02-18,56.76,57.28,56.48,57.14,16.7228,33145738
2010-02-19,56.93,57.565,56.66,57.36,16.7872,33003800
2010-02-22,57.5,57.51,56.45,56.57,16.556,34706160
2010-02-23,56.3,56.44,55.37,55.63,16.2809,42203102
2010-02-24,55.61,56.19,55.44,55.98,16.3833,35260540
2010-02-25,55.18,56.04,54.72,56.01,16.3921,41896180
2010-02-26,56.14,56.34,55.65,56.14,16.4301,34493602
2010-03-01,56.4,56.8,56.35,56.66,16.5823,27931980
2010-03-02,57.03,57.56,56.91,57.13,16.7199,33492442
2010-03-03,57.35,57.88,57.35,57.38,16.793,33535398
2010-03-04,57.47,57.65,56.84,57.08,16.7052,32661800
2010-03-05,57.64,58.28,57.58,58.15,17.0184,30670560
2010-03-08,58.31,58.51,57.815,58.06,16.992,25237600
2010-03-09,57.75,58.38,57.67,58.06,16.992,33407480
2010-03-10,58.12,58.65,57.85,58.57,17.1413,34744398
2010-03-11,58.35,58.58,58.17,58.47,17.112,26075160
2010-03-12,58.85,58.85,58.25,58.5,17.1208,27319560
2010-03-15,58.28,58.36,57.29,57.9,16.9452,36749378
2010-03-16,58.19,58.48,57.73,58.42,17.0974,38323398
2010-03-17,58.71,59.42,58.63,59.06,17.2847,43345800
2010-03-18,59.06,59.15,57.86,58.18,17.0272,39453718
2010-03-19,58.09,58.25,56.7575,57.28,16.8225,44824622
2010-03-22,56.56,57.39,56.33,57.13,16.7785,39712980
2010-03-23,57.26,57.44,56.89,57.35,16.8431,34841738
2010-03-24,56.97,57.52,56.84,57.02,16.7462,41537660
2010-03-25,57.43,57.57,55.97,56.06,16.4642,44245860
2010-03-26,56.25,56.44,55.72,56.08,16.4701,42987622
2010-03-29,56.44,57.28,56.4,57.17,16.7902,38954320
2010-03-30,57.3,57.37,56.91,57.26,16.8167,26116560
2010-03-31,57.37,57.78,57.13,57.52,16.893,30336120
2010-04-01,58.09,58.67,58.04,58.54,17.1926,35980762
2010-04-05,58.9,59.69,58.7,59.58,17.498,34911878
2010-04-06,59.5,59.78,59.26,59.58,17.498,27071500
2010-04-07,59.44,59.48,58.65,58.99,17.3247,39073180
2010-04-08,58.55,59.39,58.27,59.2,17.3864,38920578
2010-04-09,59.59,59.93,59.5,59.83,17.5714,34977180
2010-04-12,59.78,60.38,59.76,59.97,17.6126,30065940
2010-04-13,59.89,60.035,59.13,59.76,17.5509,27712880
2010-04-14,60.06,60.38,59.53,60.33,17.7183,29171140
2010-04-15,60.26,60.54,60.07,60.32,17.7154,27895560
2010-04-16,59.98,60.25,58.91,59.3,17.4158,73331132
2010-04-19,58.76,59.4,58.58,59.38,17.4393,42298058
2010-04-20,59.83,60.76,59.78,60.54,17.78,39334820
2010-04-21,60.56,60.93,60.04,60.48,17.7623,37143180
2010-04-22,59.97,60.64,59.52,60.63,17.8064,38766218
2010-04-23,60.65,62.09,60.57,62.09,18.2352,52024578
2010-04-26,62.2,62.2999,61.78,61.88,18.1735,34540442
2010-04-27,61.45,61.91,59.83,59.98,17.6155,82805266
2010-04-28,60.39,60.75,59.77,60.59,17.7947,46192960
2010-04-29,60.9,61.39,60.25,60.66,17.8152,57725442
2010-04-30,60.8,60.83,59.53,59.91,17.5949,45832878
2010-05-03,60.17,61.07,59.49,60.59,17.7947,33379660
2010-05-04,59.79,59.84,58.35,58.97,17.3189,61168602
2010-05-05,57.89,58.85,57.52,58.04,17.0457,70412960
2010-05-06,57.52,58.18,52.29,56.0549,16.4627,94401398
2010-05-07,55.9,56.63,54.29,54.99,16.15,98981774
2010-05-10,57.13,57.56,56.52,57.34,16.8402,59433700
2010-05-11,56.74,57.83,56.69,56.96,16.7286,45673578
2010-05-12,57.08,57.94,57.08,57.75,16.9606,37616878
2010-05-13,57.66,58.11,57.11,57.38,16.8519,42235282
2010-05-14,56.85,57.02,55.36,56.24,16.5171,56791218
2010-05-17,56.42,56.58,54.46,55.66,16.3468,63899922
2010-05-18,56.47,56.86,54.91,55.23,16.2205,61352520
2010-05-19,54.91,55.3225,53.66,54.6,16.0355,60218360
2010-05-20,53.2,53.37,52.0,52.16,15.3188,89773132
2010-05-21,51.13,53.19,51.01,53.07,15.5861,80311906
2010-05-24,52.96,53.1,51.78,51.86,15.2307,54828700
2010-05-25,50.47,52.0,50.15,51.98,15.266,86227960
2010-05-26,52.59,53.075,51.7,51.87,15.2337,59697000
2010-05-27,53.18,54.14,52.99,54.07,15.8798,60613340
2010-05-28,53.94,54.01,52.65,53.05,15.5802,52657360
2010-06-01,52.17,52.5425,50.44,50.53,14.8401,72700844
2010-06-02,50.88,52.8,50.79,52.72,15.4833,55300980
2010-06-03,53.27,53.545,52.13,53.43,15.6918,67380336
2010-06-04,52.29,53.4425,51.18,51.55,15.1397,59719800
2010-06-07,51.76,52.36,51.0,51.1,15.0075,48263040
2010-06-08,51.18,52.11,50.69,51.95,15.2572,70188624
2010-06-09,52.47,53.28,51.14,51.41,15.0986,61359700
2010-06-10,52.78,54.1,52.66,53.99,15.8563,51986680
2010-06-11,53.23,54.35,53.23,54.32,15.9532,30326080
2010-06-14,54.99,55.39,54.01,54.04,15.871,47629078
2010-06-15,54.6,55.7,54.46,55.62,16.335,34143040
2010-06-16,55.23,55.96,55.0,55.58,16.3233,28992520
2010-06-17,55.75,55.75,54.92,55.52,16.3056,34825922
2010-06-18,55.26,55.6981,54.86,55.61,16.4064,27196400
2010-06-21,56.53,56.7,55.07,55.49,16.371,33251360
2010-06-22,55.45,55.48,53.685,53.87,15.8931,43147660
2010-06-23,53.8,53.85,53.15,53.46,15.7721,35639078
2010-06-24,53.14,53.47,52.1,52.34,15.4417,33910840
2010-06-25,52.42,52.96,51.77,52.49,15.4859,40875360
2010-06-28,52.73,52.73,51.72,51.78,15.2765,31908780
2010-06-29,51.05,51.06,49.7,50.07,14.772,44987102
2010-06-30,49.99,50.75,49.57,49.68,14.6569,33388040
2010-07-01,49.85,50.13,48.56,49.5,14.6038,51605040
2010-07-02,49.81,50.03,48.96,49.38,14.5684,22839160
2010-07-06,50.24,50.76,49.31,49.86,14.71,34602398
2010-07-07,50.12,51.66,50.0,51.62,15.2293,37817360
2010-07-08,52.22,52.5,51.4101,52.35,15.4446,29745600
2010-07-09,52.3,52.7,52.08,52.62,15.5243,18225678
2010-07-12,52.42,52.87,51.99,52.48,15.483,16414668
2010-07-13,53.18,53.51,52.92,53.11,15.6689,28330060
2010-07-14,52.87,53.34,52.5,53.05,15.6511,23884080
2010-07-15,52.98,53.2,52.09,52.99,15.6334,29841400
2010-07-16,52.53,52.73,51.35,51.73,15.2617,36261520
2010-07-19,51.94,52.36,51.51,52.06,15.3591,25082500
2010-07-20,51.32,53.321,51.31,53.25,15.7102,33180738
2010-07-21,53.59,53.59,51.99,52.38,15.4535,45027558
2010-07-22,53.11,54.02,52.955,53.54,15.7957,45984262
2010-07-23,53.42,53.79,52.8,53.78,15.8665,36051460
2010-07-26,53.81,54.34,53.65,54.25,16.0052,23877200
2010-07-27,54.49,54.58,53.52,53.99,15.9285,32818860
2010-07-28,53.86,54.26,53.7,53.87,15.8931,21556140
2010-07-29,54.23,54.72,53.42,53.95,15.9167,29114400
2010-07-30,53.4,54.1225,53.23,53.84,15.8842,23632160
2010-08-02,54.85,55.89,54.77,55.72,16.4389,55157878
2010-08-03,55.49,56.06,55.24,55.7,16.433,28520380
2010-08-04,55.85,56.27,55.58,56.13,16.5598,26215220
2010-08-05,55.76,56.31,55.5,56.31,16.6129,17817322
2010-08-06,55.61,55.92,54.83,55.64,16.4153,36236122
2010-08-09,55.9,56.07,55.53,55.87,16.4831,13428450
2010-08-10,55.22,55.68,54.85,55.41,16.3474,24520940
2010-08-11,54.39,54.47,53.58,53.76,15.8606,37659238
2010-08-12,52.97,53.86,52.9,53.44,15.7662,30527720
2010-08-13,53.32,53.84,53.19,53.35,15.7397,18218870
2010-08-16,53.06,53.49,52.75,53.34,15.7367,20571320
2010-08-17,53.88,54.51,53.62,54.23,15.9993,36034660
2010-08-18,54.08,54.16,53.22,53.71,15.8459,37388660
2010-08-19,53.45,53.55,52.54,52.84,15.5892,32998180
2010-08-20,52.55,52.59,51.77,52.19,15.3974,24849540
2010-08-23,52.29,52.72,52.17,52.21,15.4033,16353394
2010-08-24,51.5,52.09,51.22,51.4,15.1644,29487540
2010-08-25,51.11,51.395,50.42,51.24,15.1172,38678762
2010-08-26,51.53,51.7,50.495,50.78,14.9814,21965260
2010-08-27,51.08,52.2,50.33,52.1,15.3709,39418000
2010-08-30,52.0,52.24,51.33,51.34,15.1467,18313186
2010-08-31,51.11,51.6,50.81,51.2,15.1053,35157460
2010-09-01,52.05,53.24,51.97,53.11,15.6689,38265738
2010-09-02,53.18,53.65,52.88,53.55,15.7987,19697238
2010-09-03,54.03,54.44,53.75,54.2,15.9904,26507760
2010-09-07,53.79,53.85,53.22,53.39,15.7515,22813840
2010-09-08,53.45,54.12,53.42,53.85,15.8872,18660690
2010-09-09,54.51,54.61,53.76,53.96,15.9196,15673220
2010-09-10,54.28,54.63,54.18,54.52,16.0848,15190548
2010-09-13,55.0,55.07,54.57,54.96,16.2146,18263088
2010-09-14,54.85,55.23,54.54,54.77,16.1586,27955720
2010-09-15,54.4,54.67,54.0898,54.66,16.1261,28225880
2010-09-16,54.39,54.64,54.08,54.41,16.0524,33517578
2010-09-17,54.32,54.41,53.71,53.89,15.9721,28705660
2010-09-20,54.06,55.01,53.82,54.8,16.2418,38849840
2010-09-21,54.87,55.17,54.37,54.84,16.2537,33544738
2010-09-22,54.73,55.37,54.4,54.44,16.1351,32318000
2010-09-23,53.96,54.56,53.82,54.1,16.0344,24719860
2010-09-24,54.7,55.5427,54.465,55.27,16.3811,49264922
2010-09-27,55.41,55.595,55.06,55.06,16.3189,21795360
2010-09-28,55.11,55.65,54.55,55.45,16.4345,33159058
2010-09-29,55.36,56.3,55.25,56.04,16.6093,43002700
2010-09-30,56.48,56.75,55.5,56.06,16.6153,46339500
2010-10-01,56.6,56.95,56.26,56.81,16.8376,40019622
2010-10-04,56.54,56.8902,55.68,56.1,16.6271,29505280
2010-10-05,56.71,57.63,56.6,57.42,17.0184,43231558
2010-10-06,57.42,58.11,57.4,57.93,17.1695,28210080
2010-10-07,58.17,58.24,57.21,57.64,17.0836,27125560
2010-10-08,57.59,58.58,57.46,58.36,17.297,31677500
2010-10-11,58.4,58.82,58.3,58.52,17.3444,16091950
2010-10-12,58.27,58.69,57.63,58.43,17.3177,33330180
2010-10-13,58.78,59.4402,58.66,59.14,17.5281,29379480
2010-10-14,58.95,59.46,58.57,59.05,17.5015,23005500
2010-10-15,59.38,59.47,58.56,59.21,17.5489,30171820
2010-10-18,59.06,59.81,58.88,59.37,17.5963,21900140
2010-10-19,58.75,58.86,57.7,58.19,17.2466,38578960
2010-10-20,58.39,59.31,58.17,58.94,17.4689,25257180
2010-10-21,59.11,59.581,58.27,58.91,17.46,26841800
2010-10-22,59.21,59.49,59.02,59.3,17.5756,13117414
2010-10-25,59.76,60.29,59.36,59.46,17.623,22707900
2010-10-26,59.29,59.65,59.11,59.58,17.6585,21387080
2010-10-27,59.04,59.39,58.44,59.33,17.5845,25812120
2010-10-28,59.72,59.87,58.9699,59.2,17.5459,23185160
2010-10-29,58.89,59.3,58.76,59.24,17.5578,18722800
2010-11-01,59.83,60.17,59.07,59.31,17.5785,24048400
2010-11-02,59.75,60.24,59.54,59.9625,17.7719,20455180
2010-11-03,60.16,60.21,59.19,60.09,17.8097,45460898
2010-11-04,60.97,62.02,60.97,62.0,18.3758,38656942
2010-11-05,61.94,62.31,61.7475,62.31,18.4677,29379440
2010-11-08,61.95,62.58,61.91,62.5,18.524,23980640
2010-11-09,62.79,63.26,62.01,62.38,18.4884,40139738
2010-11-10,62.58,63.21,61.93,63.1825,18.7263,35575262
2010-11-11,62.89,63.89,62.85,63.88,18.933,36097040
2010-11-12,63.18,63.48,62.3799,62.94,18.6544,35748480
2010-11-15,63.33,63.3602,62.61,62.62,18.5596,21502460
2010-11-16,61.99,62.01,60.96,61.45,18.2128,47476942
2010-11-17,61.3,62.1,61.12,61.7,18.2869,33635578
2010-11-18,62.3,63.26,62.3,63.06,18.69,32105180
2010-11-19,62.88,63.61,62.41,63.59,18.847,22721580
2010-11-22,63.24,63.43,62.15,63.392,18.7884,36293820
2010-11-23,62.48,62.51,61.58,62.152,18.4208,45069922
2010-11-24,62.58,63.34,62.54,63.2725,18.7529,45300480
2010-11-26,62.65,63.04,62.35,62.52,18.5299,13178778
2010-11-29,62.2,63.07,61.63,62.93,18.6514,29468740
2010-11-30,62.11,63.22,61.92,62.71,18.5862,38546782
2010-12-01,63.74,64.725,63.74,64.57,19.1375,39947442
2010-12-02,64.55,65.57,64.54,65.53,19.422,35355200
2010-12-03,65.14,65.94,65.11,65.82,19.508,20038720
2010-12-06,65.77,66.2,65.72,66.04,19.5732,23985520
2010-12-07,66.9,67.0,65.63,65.79,19.4991,45876960
2010-12-08,65.86,66.16,65.0699,65.48,19.4072,25520220
2010-12-09,65.81,65.95,65.0368,65.63,19.4517,21904700
2010-12-10,65.78,65.97,65.49,65.9,19.5317,17352160
2010-12-13,66.31,66.97,66.22,66.46,19.6977,25779120
2010-12-14,66.54,66.72,65.93,66.15,19.6058,23030960
2010-12-15,65.87,66.38,65.6,65.79,19.4991,22232160
2010-12-16,65.77,66.18,65.25,66.16,19.6088,22051420
2010-12-17,65.85,65.98,65.59,65.89,19.6156,22651700
2010-12-20,66.14,66.53,65.77,66.32,19.7436,20469340
2010-12-21,66.69,67.075,66.4805,66.99,19.943,17406696
2010-12-22,67.19,67.29,66.99,67.22,20.0115,15710836
2010-12-23,67.15,67.4899,67.115,67.41,20.0681,9063584
2010-12-27,67.09,67.291,66.91,67.17,19.9966,8305292
2010-12-28,67.26,67.525,67.1195,67.42,20.0711,10309316
2010-12-29,67.65,68.26,67.53,68.09,20.2705,11065282
2010-12-30,68.15,68.47,67.91,68.15,20.2884,11969074
2010-12-31,68.13,68.5,67.93,68.25,20.3182,8888868
2011-01-03,68.9,69.19,68.6,68.76,20.47,20393300
2011-01-04,69.19,69.19,67.52,68.17,20.2943,29086920
2011-01-05,67.83,68.56,67.57,68.44,20.3747,22583000
2011-01-06,68.67,68.7,67.5,67.79,20.1812,22908040
2011-01-07,67.82,68.44,67.6,68.28,20.3271,22164480
2011-01-10,68.07,68.14,67.49,68.01,20.2467,21612880
2011-01-11,68.45,69.22,68.36,69.14,20.5831,22743980
2011-01-12,69.75,70.13,69.43,70.09,20.8659,22053540
2011-01-13,70.2,70.35,69.638,69.895,20.8079,23045300
2011-01-14,69.8,70.67,69.48,70.65,21.0326,28010640
2011-01-18,70.6,71.13,70.38,71.09,21.1636,25070320
2011-01-19,71.21,71.2398,70.11,70.23,20.9076,30253780
2011-01-20,69.69,69.94,68.73,69.73,20.7588,46359840
2011-01-21,70.44,70.62,69.71,70.1,20.8689,29147920
2011-01-24,69.99,70.52,69.72,70.36,20.9463,26208400
2011-01-25,70.2,70.31,69.36,70.1575,20.886,31638200
2011-01-26,70.4,72.03,70.35,71.84,21.3869,48443040
2011-01-27,71.8,71.9501,71.05,71.42,21.2619,29988360
2011-01-28,71.3,71.65,70.85,71.11,21.1696,47383520
2011-01-31,71.72,73.15,71.49,73.15,21.7769,50229680
2011-02-01,73.44,74.41,71.2158,74.34,22.1312,40886282
2011-02-02,74.0,74.83,73.83,74.28,22.1133,27121880
2011-02-03,74.3,74.44,73.38,74.32,22.1252,29031000
2011-02-04,74.49,74.5701,73.73,74.13,22.0686,26560860
2011-02-07,74.44,75.22,74.43,74.56,22.1967,32350380
2011-02-08,74.44,74.56,73.65,74.3075,22.1215,31193760
2011-02-09,73.98,74.25,72.85,73.37,21.8424,32648940
2011-02-10,73.01,74.24,72.93,74.12,22.0657,33619558
2011-02-11,73.82,74.51,73.621,74.11,22.0627,37740980
2011-02-14,73.98,75.83,73.98,75.74,22.5479,30446340
2011-02-15,75.62,75.76,74.63,74.95,22.3128,22887200
2011-02-16,75.35,76.03,75.095,75.95,22.6105,31815840
2011-02-17,75.94,76.87,75.81,76.7,22.8337,21593460
2011-02-18,76.87,77.2,76.34,77.02,22.929,24816760
2011-02-22,77.37,78.06,75.91,76.27,22.7057,49667340
2011-02-23,76.69,78.371,76.55,77.82,23.1672,64379782
2011-02-24,78.02,78.06,76.25,76.72,22.8397,44778980
2011-02-25,77.0,78.0,76.81,77.94,23.2029,23537280
2011-02-28,78.24,78.69,77.7,78.54,23.3815,31756980
2011-03-01,79.0,79.08,76.975,77.07,22.9439,40411180
2011-03-02,76.86,77.66,76.29,77.51,23.0749,30091520
2011-03-03,78.0,78.91,77.76,78.84,23.4708,22658600
2011-03-04,78.82,78.91,77.72,78.34,23.322,28266660
2011-03-07,78.86,79.22,77.36,77.79,23.1582,29343360
2011-03-08,77.75,77.81,76.38,77.15,22.9677,32375820
2011-03-09,76.91,77.41,76.37,76.619,22.8096,27206000
2011-03-10,75.6,75.61,73.61,73.83,21.9793,72370812
2011-03-11,73.32,75.65,73.03,75.11,22.3604,48423782
2011-03-14,74.75,75.78,74.36,75.52,22.4824,32883000
2011-03-15,73.18,75.61,72.9,74.95,22.3128,43669422
2011-03-16,75.17,75.81,72.98,73.75,21.9555,63325558
2011-03-17,75.2,76.39,74.71,76.0,22.6253,41890238
2011-03-18,76.68,76.86,75.29,75.39,22.5193,48384200
2011-03-21,76.7,77.7,76.55,77.68,23.2033,34329422
2011-03-22,77.7,77.96,77.26,77.51,23.1525,20039380
2011-03-23,77.49,77.97,76.9901,77.71,23.2123,20194540
2011-03-24,78.02,78.13,77.15,77.99,23.2959,30738200
2011-03-25,78.07,78.9,77.79,78.69,23.505,23295940
2011-03-28,78.5,79.4,78.335,78.5,23.4482,28295980
2011-03-29,78.4,79.62,78.13,79.46,23.735,33920442
2011-03-30,79.98,80.37,79.33,80.01,23.8993,38089898
2011-03-31,80.43,80.97,79.72,79.75,23.8216,37767398
2011-04-01,80.45,80.69,79.7801,79.99,23.8933,25850360
2011-04-04,80.36,80.5499,79.93,80.04,23.9082,14952588
2011-04-05,79.97,80.73,79.89,80.28,23.9799,38647680
2011-04-06,80.7,80.9,79.08,79.44,23.729,32951738
2011-04-07,79.29,79.77,78.73,79.44,23.729,29649260
2011-04-08,80.02,80.38,79.27,79.72,23.8127,38289960
2011-04-11,79.75,79.9,77.87,78.1475,23.3429,35389378
2011-04-12,77.26,77.3,75.3,75.73,22.6208,76187476
2011-04-13,76.42,76.67,75.45,76.04,22.7134,53697878
2011-04-14,75.62,76.78,75.34,76.56,22.8688,41348218
2011-04-15,76.76,77.3,76.17,77.19,23.0569,30540820
2011-04-18,76.04,76.39,75.189,76.04,22.7134,40107860
2011-04-19,75.99,77.0,75.95,76.81,22.9434,30125340
2011-04-20,78.29,78.66,77.92,78.62,23.4841,44889762
2011-04-21,78.78,79.19,78.41,78.98,23.5916,25294220
2011-04-25,79.02,79.09,78.08,78.57,23.4692,14151424
2011-04-26,78.81,79.47,78.47,79.35,23.7021,18404678
2011-04-27,79.67,79.7,77.98,79.31,23.6902,37434718
2011-04-28,79.04,79.54,78.55,79.3,23.6872,29996440
2011-04-29,79.32,80.51,79.28,80.479,24.0394,19857174
2011-05-02,80.65,80.8,78.92,79.41,23.7201,35525558
2011-05-03,78.8,78.97,76.74,77.42,23.1256,57503460
2011-05-04,77.26,77.27,75.39,76.05,22.7164,59500660
2011-05-05,74.91,75.65,73.58,74.47,22.2445,88978976
2011-05-06,75.33,76.45,73.98,74.8,22.343,70454320
2011-05-09,75.15,76.47,75.02,76.11,22.7343,48456960
2011-05-10,76.1,76.83,75.51,76.47,22.8419,35533360
2011-05-11,76.0,76.079,73.71,74.26,22.1817,82339796
2011-05-12,73.9,74.75,72.78,74.15,22.1489,77909774
2011-05-13,74.5,74.85,73.13,73.79,22.0413,71868156
2011-05-16,73.48,74.73,73.04,73.23,21.8741,56296762
2011-05-17,72.89,73.58,72.28,73.23,21.8741,60546020
2011-05-18,73.56,75.24,73.28,74.71,22.3162,51692960
2011-05-19,75.05,75.36,74.09,74.72,22.3191,39333782
2011-05-20,74.65,75.27,73.72,74.63,22.2923,54108782
2011-05-23,73.33,73.87,73.0,73.47,21.9458,40585840
2011-05-24,74.22,75.33,74.2,74.51,22.2564,49661558
2011-05-25,74.13,76.16,74.12,75.77,22.6328,49837640
2011-05-26,75.52,76.33,75.14,76.15,22.7463,37503460
2011-05-27,76.57,77.12,75.96,76.34,22.803,33394200
2011-05-31,77.34,77.66,76.25,77.11,23.033,38624262
2011-06-01,76.92,77.25,75.07,75.27,22.4834,55234738
2011-06-02,75.3,75.89,74.43,75.24,22.4745,48210442
2011-06-03,74.11,75.98,73.97,75.26,22.4804,44756898
2011-06-06,75.1,75.41,73.4,73.56,21.9726,46878602
2011-06-07,74.2,74.58,73.44,73.56,21.9726,38461058
2011-06-08,73.79,74.68,73.62,73.78,22.0384,50113058
2011-06-09,74.15,75.18,74.0,74.78,22.3371,34543840
2011-06-10,74.2,74.35,73.205,73.33,21.9039,41936980
2011-06-13,73.37,73.9,71.48,72.17,21.5574,55502282
2011-06-14,73.11,74.07,73.09,73.71,22.0175,45755660
2011-06-15,72.83,73.48,71.62,72.02,21.5126,71280882
2011-06-16,72.05,72.79,71.405,72.13,21.5455,50528782
2011-06-17,72.5,72.62,71.22,71.685,21.4914,54819622
2011-06-20,71.3,73.8,71.14,71.88,21.5499,34724660
2011-06-21,72.38,73.661,72.33,73.31,21.9786,46391102
2011-06-22,73.08,74.0825,72.86,73.1,21.9156,37123738
2011-06-23,71.55,72.41,70.45,72.3,21.6758,90908360
2011-06-24,72.3,72.47,70.83,70.93,21.2651,34131282
2011-06-27,70.68,71.75,70.51,71.31,21.379,39389300
2011-06-28,71.93,73.42,71.87,73.39,22.0026,31715460
2011-06-29,73.63,74.76,73.28,74.25,22.2604,42642820
2011-06-30,74.5,75.421,74.49,75.35,22.5902,38837558
2011-07-01,75.19,76.14,74.55,76.06,22.803,29776980
2011-07-05,76.16,76.87,75.97,76.53,22.9439,31366860
2011-07-06,76.36,76.495,75.71,76.39,22.902,21950980
2011-07-07,77.42,77.65,76.8434,77.54,23.2468,35648622
2011-07-08,76.19,76.89,76.08,76.89,23.0519,34262102
2011-07-11,75.79,75.8,74.77,75.065,22.5047,38294058
2011-07-12,74.76,75.82,74.7,74.79,22.4223,41091640
2011-07-13,75.13,76.425,75.05,75.35,22.5902,40331800
2011-07-14,76.13,76.2901,74.75,74.85,22.4403,45265680
2011-07-15,75.7,76.95,75.65,76.86,23.0429,54734180
2011-07-18,76.53,76.74,75.99,76.6,22.9649,40724558
2011-07-19,77.15,78.06,77.09,77.995,23.3832,39115942
2011-07-20,78.33,78.36,77.65,77.8,23.3247,21035520
2011-07-21,78.26,79.43,78.21,79.33,23.7834,34722660
2011-07-22,79.4,79.83,78.93,79.73,23.9033,22999480
2011-07-25,78.74,79.97,78.62,79.41,23.8074,30968820
2011-07-26,79.36,79.76,78.75,79.03,23.6935,33938738
2011-07-27,78.49,78.65,77.3,77.535,23.2453,47568878
2011-07-28,77.23,78.18,77.07,77.22,23.1508,39108140
2011-07-29,76.19,77.12,75.96,76.45,22.92,34671160
2011-08-01,77.8,77.85,75.625,76.34,22.887,43971398
2011-08-02,75.91,76.7,74.19,74.215,22.2499,54402218
2011-08-03,74.32,74.36,72.05,73.785,22.121,71128204
2011-08-04,72.41,72.49,68.27,68.73,20.6055,109059438
2011-08-05,69.57,70.16,64.4727,68.07,20.4076,132819218
2011-08-08,65.31,66.38,62.0,62.28,18.6718,111994040
2011-08-09,63.58,65.49,61.1,65.45,19.6221,100802242
2011-08-10,64.6,65.78,62.93,63.19,18.9446,98747360
2011-08-11,63.6,67.46,63.21,66.47,19.9279,84066734
2011-08-12,67.46,67.85,66.53,66.96,20.0748,53105898
2011-08-15,67.85,69.35,67.83,69.22,20.7524,58622480
2011-08-16,68.33,69.05,67.29,68.07,20.4076,59890238
2011-08-17,68.83,69.6,67.9,68.34,20.4886,43333782
2011-08-18,66.21,66.36,63.66,64.38,19.3013,74496758
2011-08-19,63.39,65.48,63.0,63.24,18.9596,54639180
2011-08-22,65.17,65.19,62.5,62.73,18.8067,49064820
2011-08-23,63.14,65.6087,62.71,65.56,19.6551,71713618
2011-08-24,65.18,66.07,64.6,65.95,19.772,37735840
2011-08-25,66.42,66.81,64.22,64.559,19.355,53585218
2011-08-26,63.92,66.1,63.11,65.81,19.7301,47672520
2011-08-29,66.85,67.82,66.329,67.73,20.3057,71086360
2011-08-30,67.27,68.6,66.71,68.13,20.4256,39677540
2011-08-31,68.75,69.64,67.99,68.64,20.5785,48970500
2011-09-01,68.75,69.65,67.96,68.12,20.4226,42588378
2011-09-02,66.31,66.9,65.65,66.22,19.853,41709398
2011-09-06,64.11,65.6,63.57,65.5,19.6371,38711378
2011-09-07,66.71,67.94,66.61,67.9,20.3566,37051378
2011-09-08,67.57,68.56,66.73,67.11,20.1198,36983660
2011-09-09,66.23,66.55,64.42,64.89,19.4542,70082734
2011-09-12,63.76,65.34,63.34,65.195,19.5457,51522960
2011-09-13,65.49,65.83,64.19,65.38,19.6011,56409058
2011-09-14,65.77,67.12,64.48,66.19,19.844,51431640
2011-09-15,67.01,67.57,66.45,67.505,20.2382,34662360
2011-09-16,67.51,67.76,66.32,67.09,20.1929,46072738
2011-09-19,65.45,66.63,64.75,66.03,19.8739,41719660
2011-09-20,66.34,67.17,65.52,65.62,19.7505,40268800
2011-09-21,65.44,65.68,62.83,62.89,18.9288,53565660
2011-09-22,60.67,60.7,58.26,59.34,17.8603,76131938
2011-09-23,58.58,59.58,58.37,58.7,17.6677,65590656
2011-09-26,59.13,60.97,57.95,60.84,18.3118,68795102
2011-09-27,62.64,63.33,61.375,61.73,18.5796,64973218
2011-09-28,61.84,62.41,59.59,59.71,17.9717,46187078
2011-09-29,61.25,61.33,59.06,60.28,18.1432,45738960
2011-09-30,59.23,59.96,58.51,58.51,17.6105,59468782
2011-10-03,57.84,58.51,56.47,56.52,17.0115,70137438
2011-10-04,55.5,58.54,54.26,58.37,17.5683,82740656
2011-10-05,58.8,60.7,57.93,60.52,18.2155,75129820
2011-10-06,60.4,61.78,59.72,61.66,18.5586,47638622
2011-10-07,62.13,62.18,60.29,60.9,18.3298,48783700
2011-10-10,62.03,63.69,62.0201,63.66,19.1605,35815922
2011-10-11,63.07,64.335,62.91,63.79,19.1997,44856360
2011-10-12,64.3,65.095,63.84,64.13,19.302,37262980
2011-10-13,63.48,64.36,62.78,64.04,19.2749,30318860
2011-10-14,65.13,66.62,65.12,66.6,20.0454,33233602
2011-10-17,66.42,66.64,65.24,65.39,19.6812,37612762
2011-10-18,65.31,67.94,64.59,67.49,20.3133,48911800
2011-10-19,67.19,68.24,66.48,66.79,20.1026,48059102
2011-10-20,66.75,67.61,65.92,67.31,20.2591,43754898
2011-10-21,68.04,68.83,67.71,68.55,20.6323,48342140
2011-10-24,68.76,69.63,68.57,69.45,20.9032,45947800
2011-10-25,69.28,69.4125,67.5,68.0,20.4668,43848640
2011-10-26,69.04,69.71,67.49,69.47,20.9092,36375360
2011-10-27,71.37,73.19,71.18,72.55,21.8363,62380480
2011-10-28,71.8,73.17,71.6,73.04,21.9838,35025058
2011-10-31,71.8,71.85,69.6,69.71,20.9815,43911898
2011-11-01,66.98,68.48,66.34,67.46,20.3043,83498812
2011-11-02,69.13,69.68,68.44,69.49,20.9153,40621898
2011-11-03,70.5,71.56,69.575,71.32,21.4661,39428922
2011-11-04,70.7,71.46,70.0,71.26,21.448,25109660
2011-11-07,71.28,72.15,70.4,71.65,21.5654,26943580
2011-11-08,72.23,72.9,71.27,72.82,21.9175,38305320
2011-11-09,70.67,71.35,69.42,69.6,20.9484,50550122
2011-11-10,70.73,71.33,69.45,70.81,21.3126,40710640
2011-11-11,71.6,72.55,71.5,72.26,21.749,28802940
2011-11-14,71.82,71.98,70.65,71.31,21.4631,30765000
2011-11-15,71.09,71.82,70.66,71.23,21.439,33351738
2011-11-16,70.67,71.98,70.07,70.16,21.1169,43893578
2011-11-17,70.13,70.5,67.91,68.56,20.6354,51074840
2011-11-18,68.95,69.32,67.73,68.15,20.5119,53906800
2011-11-21,66.92,67.35,65.98,66.93,20.1448,40029718
2011-11-22,66.86,67.3,65.88,66.3,19.9551,37396960
2011-11-23,65.35,65.505,64.28,64.29,19.3502,43580840
2011-11-25,64.01,64.93,63.83,63.83,19.2117,14299590
2011-11-28,66.16,66.78,65.61,66.22,19.9311,43702500
2011-11-29,66.51,67.89,66.28,67.17,20.217,28955000
2011-11-30,69.65,71.07,69.63,70.87,21.3306,66003976
2011-12-01,70.68,71.39,70.09,70.48,21.2132,32665100
2011-12-02,71.16,71.54,70.28,70.42,21.1952,29879740
2011-12-05,71.7,72.165,70.68,71.29,21.457,29725420
2011-12-06,71.24,71.865,70.7,71.28,21.454,27719500
2011-12-07,71.0,71.15,70.0,70.6,21.2494,34289180
2011-12-08,70.09,70.46,68.43,68.63,20.6564,34293360
2011-12-09,69.06,70.48,68.91,70.192,21.1266,31036620
2011-12-12,69.34,69.39,67.59,68.55,20.6323,38630200
2011-12-13,69.08,69.965,67.48,67.91,20.4397,37285000
2011-12-14,67.11,67.42,65.71,66.0,19.8648,53368558
2011-12-15,66.92,66.99,65.55,65.72,19.7806,35499820
2011-12-16,65.97,66.51,65.46,66.14,19.9914,43941140
2011-12-19,66.42,66.42,64.8,64.98,19.6407,25081380
2011-12-20,66.29,67.78,66.21,67.65,20.4478,25330440
2011-12-21,67.66,68.58,67.23,68.4,20.6745,24054820
2011-12-22,68.78,69.35,68.55,69.2,20.9163,21977580
2011-12-23,69.46,69.68,69.05,69.6,21.0372,10429334
2011-12-27,69.45,70.1,69.45,69.78,21.0916,11260416
2011-12-28,69.8,69.97,68.36,68.45,20.6896,22641240
2011-12-29,68.61,69.24,68.55,69.16,20.9042,15404846
2011-12-30,69.0,69.46,68.93,69.13,20.8951,13172490
2012-01-03,70.6,71.4,70.49,71.05,21.4754,48512300
2012-01-04,70.78,71.32,70.36,71.2,21.5208,28037000
2012-01-05,70.74,70.91,70.0,70.86,21.418,25349300
2012-01-06,70.99,71.02,70.29,70.44,21.2911,17789964
2012-01-09,70.59,70.94,70.38,70.78,21.3938,24089180
2012-01-10,71.89,71.98,71.21,71.41,21.5843,27267120
2012-01-11,71.08,71.09,70.17,70.45,21.2941,26945560
2012-01-12,70.07,70.38,69.48,69.79,21.0946,39423680
2012-01-13,69.35,69.54,68.74,69.44,20.9888,32435220
2012-01-17,70.22,70.55,69.709,69.935,21.1384,25054300
2012-01-18,69.89,71.1101,69.55,71.08,21.4845,30726080
2012-01-19,71.45,71.63,71.04,71.37,21.5722,26608660
2012-01-20,71.36,71.64,70.82,71.38,21.5752,30790740
2012-01-23,71.63,72.15,71.43,71.95,21.7475,25974200
2012-01-24,71.32,71.79,71.03,71.74,21.684,21234400
2012-01-25,71.63,72.86,70.71,72.62,21.95,39276942
2012-01-26,73.07,73.16,71.3501,71.63,21.6507,33967398
2012-01-27,71.31,71.79,71.2,71.48,21.6054,18456398
2012-01-30,70.66,71.19,70.13,71.14,21.5026,27251800
2012-01-31,71.65,71.7246,70.34,70.69,21.3666,29361780
2012-02-01,71.33,71.58,70.82,70.97,21.4513,25559980
2012-02-02,71.08,71.78,70.86,71.51,21.6145,30942460
2012-02-03,72.44,72.84,72.03,72.77,21.9953,29993120
2012-02-06,72.36,73.6471,72.25,73.64,22.2583,26771060
2012-02-07,73.46,74.145,72.7,74.02,22.3731,35097840
2012-02-08,74.2,74.3,73.29,73.77,22.2976,22056800
2012-02-09,73.88,74.06,73.19,73.78,22.3006,19211574
2012-02-10,72.92,73.17,72.56,73.04,22.0769,29673880
2012-02-13,73.78,73.83,73.06,73.62,22.2522,19828596
2012-02-14,73.54,73.88,73.15,73.75,22.2915,29095920
2012-02-15,73.99,74.2,73.39,73.63,22.2553,29485640
2012-02-16,73.78,74.72,73.33,74.59,22.5454,36205102
2012-02-17,75.18,75.27,74.43,74.87,22.6301,26993720
2012-02-21,75.37,75.79,75.17,75.38,22.7842,28764800
2012-02-22,75.54,76.07,75.36,75.55,22.8356,24685800
2012-02-23,75.6,76.02,75.05,75.93,22.9505,28177200
2012-02-24,76.1,76.5,76.04,76.23,23.0411,24549780
2012-02-27,75.93,76.31,75.41,75.99,22.9686,22366480
2012-02-28,75.89,76.24,75.31,75.74,22.893,33212622
2012-02-29,75.82,76.14,74.67,74.88,22.6331,34492442
2012-03-01,75.21,75.76,75.03,75.6,22.8507,28016900
2012-03-02,75.32,75.62,74.44,74.74,22.5908,29045940
2012-03-05,74.42,74.48,73.5445,74.26,22.4457,25371040
2012-03-06,73.13,73.33,72.58,73.05,22.08,27735640
2012-03-07,73.32,73.86,72.82,73.66,22.2643,28964400
2012-03-08,74.04,74.51,73.67,74.26,22.4457,20597900
2012-03-09,74.42,74.87,74.07,74.19,22.4245,29306380
2012-03-12,74.12,74.23,73.46,73.78,22.3006,24517340
2012-03-13,74.18,74.77,73.44,74.67,22.5696,35586378
2012-03-14,74.72,74.92,73.77,73.95,22.352,27715180
2012-03-15,74.04,74.41,73.57,74.07,22.3883,30353980
2012-03-16,74.14,75.03,74.03,74.8,22.6961,47182200
2012-03-19,74.76,75.47,74.54,75.14,22.7993,28413420
2012-03-20,74.47,74.56,73.86,74.01,22.4564,26569540
2012-03-21,73.92,73.93,73.02,73.13,22.1894,33165122
2012-03-22,72.32,72.43,71.15,71.48,21.6888,40433058
2012-03-23,71.64,72.49,71.27,72.26,21.9254,26444040
2012-03-26,72.9,73.0,72.39,72.8,22.0893,20379680
2012-03-27,72.93,72.95,72.05,72.07,21.8678,25545660
2012-03-28,71.74,71.99,70.59,71.17,21.5947,30570600
2012-03-29,70.68,71.29,70.17,71.17,21.5947,32660440
2012-03-30,71.7,71.93,71.04,71.75,21.7707,25506580
2012-04-02,71.57,72.99,71.35,72.45,21.9831,35776262
2012-04-03,72.3,72.41,71.09,71.82,21.7919,27990320
2012-04-04,70.95,71.2752,70.53,70.9,21.5128,31660560
2012-04-05,70.65,71.49,70.41,70.5,21.3914,19157660
2012-04-09,69.42,70.14,69.35,69.61,21.1213,28860660
2012-04-10,69.51,69.63,68.1,68.243,20.7066,43906398
2012-04-11,69.0,69.2,68.12,68.26,20.7117,25653440
2012-04-12,68.32,69.915,68.27,69.75,21.1638,30117660
2012-04-13,69.45,69.66,68.56,68.7,20.8452,26217600
2012-04-16,68.98,69.2,67.95,68.24,20.7057,30250740
2012-04-17,68.87,69.7,68.81,69.35,21.0425,25514000
2012-04-18,69.14,69.64,69.0,69.21,21.0,21588740
2012-04-19,69.25,69.8,68.865,69.12,20.9727,41949140
2012-04-20,69.78,70.12,68.94,68.96,20.9241,30199960
2012-04-23,67.81,69.08,67.68,68.89,20.9029,34056500
2012-04-24,69.14,69.63,68.81,69.4,21.0576,19831380
2012-04-25,69.83,70.13,69.36,70.09,21.267,29286000
2012-04-26,69.75,70.86,69.64,70.83,21.4915,22462780
2012-04-27,71.0,71.05,70.44,70.8,21.4824,13425360
2012-04-30,70.73,71.287,70.53,71.24,21.6159,15217958
2012-05-01,71.38,72.77,71.26,72.26,21.9254,28512680
2012-05-02,71.64,71.66,70.88,71.08,21.5674,24164520
2012-05-03,71.06,71.15,69.69,69.9001,21.2094,32081400
2012-05-04,69.19,69.3,67.97,68.3,20.7239,44377442
2012-05-07,67.9,68.533,67.44,68.1,20.6632,30415920
2012-05-08,67.56,68.0,66.43,67.88,20.5964,50357520
2012-05-09,66.84,67.95,66.49,67.55,20.4963,43911718
2012-05-10,68.22,68.59,67.7,67.84,20.5843,24617600
2012-05-11,67.36,68.34,67.22,67.34,20.4326,20606780
2012-05-14,66.51,66.62,66.08,66.22,20.0927,27105920
2012-05-15,66.26,66.51,64.92,65.118,19.7584,33955840
2012-05-16,65.28,66.31,64.75,64.75,19.6467,33032578
2012-05-17,64.9,65.41,64.33,64.34,19.5223,38364602
2012-05-18,64.8,65.16,63.67,63.94,19.4009,36969200
2012-05-21,64.03,65.47,63.99,65.41,19.847,27340960
2012-05-22,65.5,66.42,64.805,65.25,19.7984,42672340
2012-05-23,64.7,65.58,63.78,65.49,19.8712,37761860
2012-05-24,65.83,65.83,64.6199,65.44,19.8561,37363820
2012-05-25,65.37,65.81,64.988,65.13,19.762,16029366
2012-05-29,65.88,66.69,65.5355,66.22,20.0927,28108000
2012-05-30,65.3,65.34,63.98,64.19,19.4768,46470160
2012-05-31,64.15,64.315,62.54,63.63,19.3069,53376840
2012-06-01,62.35,62.73,61.96,62.04,18.8244,39024442
2012-06-04,62.28,62.475,61.11,61.99,18.8093,38076340
2012-06-05,61.85,62.93,61.82,62.52,18.9701,31604640
2012-06-06,63.18,64.51,63.18,64.45,19.5557,41571160
2012-06-07,65.29,65.88,64.36,64.49,19.5678,29373880
2012-06-08,64.02,64.59,63.47,64.5,19.5709,31171340
2012-06-11,65.16,65.46,63.53,63.62,19.3038,32297800
2012-06-12,63.97,64.68,63.62,64.52,19.5769,29034380
2012-06-13,64.15,64.79,63.41,63.7,19.3281,24345300
2012-06-14,63.85,64.98,63.595,64.7,19.6315,29129260
2012-06-15,64.83,65.69,64.51,65.62,20.0069,31001900
2012-06-18,64.97,65.22,64.585,65.03,19.827,28074960
2012-06-19,65.54,66.3,65.2,65.97,20.1136,30745900
2012-06-20,65.94,66.43,65.1,65.71,20.0343,35250922
2012-06-21,65.73,65.73,62.91,63.02,19.2142,37929558
2012-06-22,63.44,63.73,62.67,63.44,19.3422,40130578
2012-06-25,62.5,62.52,61.47,62.02,18.9093,31116220
2012-06-26,62.12,62.92,61.67,62.69,19.1136,28524440
2012-06-27,63.03,64.23,63.03,63.99,19.5099,23316260
2012-06-28,63.62,64.54,63.325,64.43,19.6441,33055898
2012-06-29,66.14,66.5,65.47,66.37,20.2355,43495520
2012-07-02,66.37,66.66,65.67,66.4,20.2447,29112500
2012-07-03,66.93,68.7,66.87,67.99,20.7295,31387000
2012-07-05,67.59,67.63,66.86,67.1,20.4581,24282400
2012-07-06,66.07,66.59,65.77,66.29,20.2112,22382140
2012-07-09,66.24,66.36,65.52,65.99,20.1197,19128652
2012-07-10,66.39,66.59,64.64,64.96,19.8057,37603000
2012-07-11,65.3,66.17,65.13,65.84,20.074,41930558
2012-07-12,65.06,65.96,64.82,65.62,20.0069,38737480
2012-07-13,65.89,66.83,65.8,66.77,20.3575,20419880
2012-07-16,66.56,67.3,66.165,66.99,20.4246,22671340
2012-07-17,67.37,67.9,66.3,67.83,20.6807,35969782
2012-07-18,67.59,68.5,67.45,68.42,20.8606,31036400
2012-07-19,68.695,68.84,68.21,68.63,20.9246,27980280
2012-07-20,68.41,68.81,68.1,68.79,20.9734,27329860
2012-07-23,67.36,68.27,66.925,68.13,20.7722,25440820
2012-07-24,68.16,68.23,66.16,67.04,20.4398,25317740
2012-07-25,67.3,67.58,66.51,67.09,20.4551,18999062
2012-07-26,68.12,69.23,68.08,69.0,21.0374,28081740
2012-07-27,69.37,70.49,68.9,70.22,21.4094,30720580
2012-07-30,70.12,70.6799,69.9,70.42,21.4704,19467344
2012-07-31,70.26,70.55,69.58,69.65,21.2356,24032300
2012-08-01,69.91,70.34,69.16,69.99,21.3392,32289280
2012-08-02,69.12,69.52,68.16,68.82,20.9825,30884940
2012-08-03,70.1,70.87,70.02,70.44,21.4764,28764620
2012-08-06,70.57,71.0199,70.5,70.63,21.5344,11873120
2012-08-07,71.16,72.0005,71.1,71.69,21.8576,24502140
2012-08-08,71.38,72.0,71.25,71.75,21.8759,18999928
2012-08-09,71.6,72.51,71.5,72.24,22.0253,23968660
2012-08-10,71.75,72.46,71.31,72.37,22.0649,22631540
2012-08-13,72.36,72.46,71.75,72.1,21.9826,16578268
2012-08-14,72.45,72.53,71.74,71.97,21.9429,14246280
2012-08-15,71.99,72.17,71.67,71.96,21.9399,13066138
2012-08-16,72.08,72.73,71.88,72.6,22.135,13769764
2012-08-17,72.75,72.7799,72.32,72.57,22.1259,24208260
2012-08-20,72.38,72.5786,72.07,72.32,22.0496,11135426
2012-08-21,72.65,73.03,71.975,72.09,21.9795,17460522
2012-08-22,71.86,72.43,71.64,72.36,22.0618,17077462
2012-08-23,72.19,72.39,71.42,71.555,21.8164,14657492
2012-08-24,71.44,72.18,71.06,71.98,21.946,14986242
2012-08-27,72.06,72.5,71.77,72.01,21.9551,12135762
2012-08-28,71.86,72.28,71.73,72.06,21.9704,13641582
2012-08-29,72.1,72.16,71.51,71.58,21.824,12703642
2012-08-30,71.3,71.3,70.61,70.82,21.5923,15570768
2012-08-31,71.41,71.89,70.98,71.53,21.8088,20299700
2012-09-04,71.46,71.51,70.4,70.98,21.6411,17550988
2012-09-05,70.94,71.2,70.59,70.71,21.5588,14453170
2012-09-06,71.27,72.68,71.26,72.2,22.0131,27045100
2012-09-07,72.37,73.47,72.3,73.45,22.3942,26847760
2012-09-10,73.35,73.83,73.1,73.13,22.2966,11684858
2012-09-11,73.35,74.11,73.35,73.91,22.5344,15011428
2012-09-12,74.35,74.5501,74.05,74.36,22.6716,16685216
2012-09-13,74.53,76.01,73.95,75.57,23.0405,28354400
2012-09-14,76.1,77.352,76.02,76.57,23.3454,30480500
2012-09-17,76.26,76.81,75.74,75.99,23.1686,20367000
2012-09-18,75.74,75.77,74.86,75.45,23.0039,19840268
2012-09-19,75.38,75.45,74.65,74.72,22.7814,29616660
2012-09-20,74.08,75.08,73.78,74.9287,22.845,23487660
2012-09-21,75.24,75.27,74.5,74.675,22.8695,25399660
2012-09-24,74.03,74.5,74.02,74.3,22.7547,14780822
2012-09-25,74.5,74.64,73.42,73.485,22.5051,26986440
2012-09-26,73.19,73.28,72.5399,72.79,22.2922,31608500
2012-09-27,73.35,73.99,73.04,73.78,22.5954,16654938
2012-09-28,73.57,73.64,72.99,73.435,22.4897,16897196
2012-10-01,73.94,74.53,73.7,73.8,22.6015,22243060
2012-10-02,74.3,74.3,73.48,73.93,22.6413,17582292
2012-10-03,73.79,73.89,72.67,73.02,22.3627,25152680
2012-10-04,73.43,73.936,73.28,73.755,22.5877,22754440
2012-10-05,74.17,74.26,73.34,73.58,22.5342,27781820
2012-10-08,73.17,73.79,73.1,73.7,22.5709,10887556
2012-10-09,73.77,74.38,73.675,73.8,22.6015,20583820
2012-10-10,73.37,73.49,72.22,72.42,22.1789,30386100
2012-10-11,73.12,73.565,72.92,72.96,22.3443,16545444
2012-10-12,72.94,73.07,72.04,72.56,22.2218,21523560
2012-10-15,72.43,73.04,71.91,72.93,22.3351,16187962
2012-10-16,73.36,74.23,73.36,74.09,22.6903,26701440
2012-10-17,74.3,75.0701,74.15,75.02,22.9752,20692380
2012-10-18,74.68,75.19,74.63,75.01,22.9721,28826840
2012-10-19,74.95,75.1,73.56,73.83,22.6107,28185460
2012-10-22,73.86,74.1,72.72,73.46,22.4974,21688600
2012-10-23,72.22,72.29,71.23,71.75,21.9737,30856900
2012-10-24,72.11,72.25,71.07,71.2,21.8053,21391100
2012-10-25,71.91,72.04,71.02,71.87,22.0105,19586356
2012-10-26,71.73,72.4,71.6,71.96,22.038,22016740
2012-10-31,72.25,72.47,71.35,71.9401,22.0319,22251480
2012-11-01,71.66,72.395,71.54,72.2467,22.1258,18981514
2012-11-02,72.49,72.69,70.82,71.06,21.7624,22529740
2012-11-05,70.92,71.79,70.84,71.6,21.9278,14834696
2012-11-06,71.96,73.06,71.92,72.75,22.28,21038480
2012-11-07,71.68,71.84,70.35,70.85,21.6981,38089122
2012-11-08,70.8,71.07,69.53,69.57,21.3061,30026780
2012-11-09,69.35,70.37,69.15,69.55,21.3,24455400
2012-11-12,69.82,69.9,69.4001,69.69,21.3428,11167154
2012-11-13,69.07,70.31,69.0,69.3998,21.254,22601400
2012-11-14,69.62,69.75,68.38,68.555,20.9952,38484102
2012-11-15,68.59,69.265,68.19,68.65,21.0243,29304040
2012-11-16,68.75,69.02,67.77,68.92,21.107,42955762
2012-11-19,69.86,70.62,69.81,70.5111,21.5943,22916140
2012-11-20,70.32,70.59,69.74,70.23,21.5082,15424936
2012-11-21,70.45,70.7,70.16,70.61,21.6246,11736818
2012-11-23,70.94,71.61,70.77,71.61,21.9308,9004632
2012-11-26,70.99,71.04,70.415,70.9098,21.7164,18797040
2012-11-27,70.7,71.01,70.19,70.32,21.5358,15575978
2012-11-28,69.65,71.07,69.43,70.96,21.7318,23175800
2012-11-29,71.43,71.71,70.87,71.12,21.7808,21902060
2012-11-30,71.2,71.45,70.8,71.06,21.7624,16731210
2012-12-03,71.6,71.7,70.59,70.6703,21.643,19532954
2012-12-04,70.7,71.03,70.37,70.4099,21.5633,22791420
2012-12-05,70.63,71.29,70.44,70.9,21.7134,25063960
2012-12-06,70.75,71.13,70.63,71.1299,21.7838,16214676
2012-12-07,71.37,71.57,71.02,71.56,21.9155,20768680
2012-12-10,71.53,71.81,71.33,71.48,21.891,11671558
2012-12-11,71.77,72.17,71.63,71.9,22.0196,15750108
2012-12-12,72.12,72.825,71.92,72.16,22.0993,18386496
2012-12-13,72.07,72.0801,71.2,71.49,21.8941,21534460
2012-12-14,71.01,71.36,70.91,71.22,21.8114,18885224
2012-12-17,71.46,71.9,71.33,71.87,22.0105,18988824
2012-12-18,71.86,73.35,71.72,73.19,22.4147,22376540
2012-12-19,73.31,73.3901,72.65,72.6887,22.2612,16183076
2012-12-20,72.7,73.24,72.55,73.18,22.4117,18016094
2012-12-21,71.92,72.28,71.64,72.07,22.1842,30420800
2012-12-24,71.92,71.99,71.405,71.52,22.0149,7184372
2012-12-26,71.95,71.98,71.1,71.2,21.9164,13040600
2012-12-27,71.21,71.29,70.19,71.07,21.8764,23321520
2012-12-28,70.64,70.68,69.77,69.83,21.4947,23605200
2012-12-31,69.71,71.44,69.57,71.42,21.9841,32770262
2013-01-02,72.95,73.02,72.0,72.995,22.4689,29091560
2013-01-03,72.89,73.63,72.56,72.98,22.4643,19573352
2013-01-04,73.09,73.89,73.05,73.79,22.7136,18595508
2013-01-07,73.45,73.45,72.94,73.22,22.5382,15946786
2013-01-08,73.02,73.04,72.52,72.98,22.4643,14751684
2013-01-09,73.19,73.28,72.55,72.86,22.4273,14744956
2013-01-10,73.46,73.65,73.06,73.52,22.6305,16734682
2013-01-11,73.6,73.72,73.34,73.61,22.6582,12732930
2013-01-14,73.57,73.83,73.36,73.62,22.6613,16795752
2013-01-15,73.34,74.01,73.19,73.95,22.7629,19278814
2013-01-16,73.83,74.295,73.72,74.28,22.8644,17171080
2013-01-17,74.65,75.225,74.44,74.752,23.0097,21004180
2013-01-18,74.81,75.49,74.65,75.49,23.2369,26813440
2013-01-22,75.36,76.3071,75.15,76.21,23.4585,20299520
2013-01-23,76.03,76.16,75.66,75.95,23.3785,14338422
2013-01-24,76.04,76.7943,75.96,76.17,23.4462,17641576
2013-01-25,76.54,77.05,76.41,76.89,23.6678,15591508
2013-01-28,77.18,77.18,76.31,76.76,23.6278,14902292
2013-01-29,76.97,78.15,76.94,78.0,24.0095,23293000
2013-01-30,78.16,78.59,77.48,77.61,23.8895,19885812
2013-01-31,77.36,77.74,77.0699,77.35,23.8094,21030540
2013-02-01,77.76,78.17,77.16,78.07,24.0311,23636580
2013-02-04,77.4,77.675,77.28,77.33,23.8033,21347940
2013-02-05,77.86,78.21,77.56,78.0,24.0095,23370080
2013-02-06,77.58,78.085,77.35,78.05,24.0249,22772800
2013-02-07,77.99,78.17,77.33,77.85,23.9633,23861700
2013-02-08,77.96,78.61,77.96,78.58,24.188,18896266
2013-02-11,78.59,78.59,78.08,78.19,24.068,13922750
2013-02-12,78.37,78.54,77.95,78.4,24.1326,14405252
2013-02-13,78.48,78.75,78.43,78.68,24.2188,11385774
2013-02-14,78.52,79.5099,78.29,79.36,24.4281,14621662
2013-02-15,79.26,79.29,78.025,78.45,24.148,28675840
2013-02-19,78.74,79.435,78.72,79.36,24.4281,15395836
2013-02-20,79.33,79.34,77.63,77.7,23.9172,25536240
2013-02-21,77.31,77.45,76.58,77.16,23.7509,24524760
2013-02-22,77.65,78.0,77.03,77.97,24.0003,13129098
2013-02-25,78.48,78.72,75.88,75.93,23.3723,27617960
2013-02-26,76.35,76.87,75.46,76.68,23.6032,33702898
2013-02-27,76.45,78.06,76.45,77.85,23.9633,21989160
2013-02-28,77.77,78.47,77.65,77.69,23.9141,19882326
2013-03-01,77.38,77.93,77.03,77.79,23.9449,26525360
2013-03-04,77.52,77.73,76.85,77.62,23.8925,20843760
2013-03-05,78.14,78.42,77.81,78.12,24.0464,19969732
2013-03-06,78.45,78.6,77.92,78.21,24.0741,16400608
2013-03-07,78.39,78.74,78.04,78.61,24.1973,16933962
2013-03-08,78.93,79.12,78.49,78.99,24.3142,15634062
2013-03-11,78.73,79.16,78.39,79.03,24.3266,16334262
2013-03-12,79.1,79.54,78.87,79.12,24.3543,17046466
2013-03-13,79.0,79.24,78.74,78.94,24.2988,15565302
2013-03-14,79.07,80.14,79.07,80.02,24.6313,21982160
2013-03-15,79.64,79.95,79.26,79.6,24.6118,22493160
2013-03-18,78.59,79.44,78.53,78.96,24.414,16094010
2013-03-19,79.09,79.09,77.39,78.09,24.145,24704040
2013-03-20,78.66,78.79,78.08,78.53,24.281,13647470
2013-03-21,78.15,78.76,78.07,78.13,24.1573,16554946
2013-03-22,78.35,78.875,78.3,78.75,24.349,15809518
2013-03-25,79.06,79.39,78.12,78.45,24.2563,19678994
2013-03-26,78.87,79.38,78.75,79.28,24.5129,13865272
2013-03-27,78.84,79.67,78.63,79.54,24.5933,11389338
2013-03-28,79.54,79.87,79.27,79.31,24.5222,13790592
2013-04-01,79.31,79.54,78.61,79.15,24.4727,14815484
2013-04-02,79.28,79.34,78.45,78.7,24.3336,16816024
2013-04-03,78.73,78.78,76.99,77.23,23.8791,31487320
2013-04-04,77.17,77.6,76.64,77.13,23.8481,27505760
2013-04-05,76.13,77.39,75.9898,77.3,23.9007,33239520
2013-04-08,77.42,77.86,77.15,77.82,24.0615,17807120
2013-04-09,78.0,78.81,77.63,78.48,24.2655,19159860
2013-04-10,78.68,79.215,78.56,78.9,24.3954,18383852
2013-04-11,79.26,79.62,78.73,79.24,24.5005,22622460
2013-04-12,78.71,78.86,77.57,78.0,24.1171,38874058
2013-04-15,77.13,77.17,74.76,74.82,23.1339,49586378
2013-04-16,75.57,75.85,74.7,75.74,23.4184,32920898
2013-04-17,75.07,75.15,73.515,74.08,22.9051,41253340
2013-04-18,74.29,75.179,73.61,74.71,23.0999,41071122
2013-04-19,75.28,75.43,74.11,74.56,23.0535,26832860
2013-04-22,74.93,75.67,74.28,75.36,23.3009,26696120
2013-04-23,75.66,76.3,75.3,76.23,23.5699,27906540
2013-04-24,76.51,77.615,76.43,77.25,23.8852,27430140
2013-04-25,77.44,78.24,76.94,77.31,23.9038,27281280
2013-04-26,77.14,77.37,76.57,77.18,23.8636,22325680
2013-04-29,77.65,78.28,77.3,77.96,24.1048,24429300
2013-04-30,78.05,78.3,77.35,78.27,24.2006,20072460
2013-05-01,77.6,77.81,76.96,77.05,23.8234,30649720
2013-05-02,77.36,78.28,77.0899,78.06,24.1357,27196020
2013-05-03,78.61,79.68,78.59,79.47,24.5716,28097900
2013-05-06,79.51,80.33,79.51,80.01,24.7386,24015140
2013-05-07,80.37,80.98,80.07,80.63,24.9303,19401358
2013-05-08,80.57,80.908,80.26,80.76,24.9705,14341114
2013-05-09,80.79,81.08,80.25,80.69,24.9489,16271066
2013-05-10,80.24,80.4,79.57,80.27,24.819,26442840
2013-05-13,80.07,80.3,79.81,80.26,24.8159,14846048
2013-05-14,80.33,81.405,80.28,81.4,25.1684,19200588
2013-05-15,81.02,81.43,80.49,81.17,25.0973,26098100
2013-05-16,80.94,81.39,80.59,80.77,24.9736,24110780
2013-05-17,81.21,82.21,81.122,82.12,25.391,29317640
2013-05-20,82.08,83.46,82.08,83.28,25.7497,20384560
2013-05-21,83.48,83.83,82.83,83.11,25.6971,21677660
2013-05-22,83.23,83.95,81.75,82.15,25.4003,39678622
2013-05-23,81.12,82.19,80.85,82.19,25.4127,25583400
2013-05-24,81.46,81.72,81.0,81.71,25.2642,17329870
2013-05-28,82.86,83.23,82.15,82.57,25.5301,21416780
2013-05-29,81.95,82.7,81.79,82.39,25.4745,25505880
2013-05-30,82.16,82.608,81.63,82.2,25.4157,24149480
2013-05-31,81.86,82.12,80.49,80.5,24.8901,30015940
2013-06-03,80.8,81.3,80.43,81.28,25.1313,36730860
2013-06-04,80.88,81.39,80.04,80.64,24.9334,31962000
2013-06-05,80.4,80.69,79.655,79.7,24.6428,35592762
2013-06-06,79.75,80.34,79.1,80.3,24.8283,36650922
2013-06-07,80.83,81.38,80.36,81.31,25.1406,21163960
2013-06-10,81.66,81.68,80.81,81.08,25.0694,15888000
2013-06-11,80.09,80.62,79.75,79.85,24.6891,21191760
2013-06-12,80.65,80.79,79.18,79.36,24.5376,18689992
2013-06-13,79.339,80.905,79.24,80.69,24.9489,24785920
2013-06-14,80.74,80.82,79.72,79.91,24.7077,20798480
2013-06-17,80.45,81.268,80.41,81.06,25.0633,22195060
2013-06-18,80.95,81.77,80.92,81.52,25.2055,15483232
2013-06-19,81.45,81.9,80.69,80.77,24.9736,30107340
2013-06-20,79.71,79.75,78.17,78.41,24.2439,50981640
2013-06-21,78.69,78.765,77.2501,78.17,24.2856,41108480
2013-06-24,77.32,77.87,76.02,77.01,23.9253,37810840
2013-06-25,77.86,78.245,77.34,78.0,24.2328,25080440
2013-06-26,78.38,78.72,77.81,78.48,24.382,22405460
2013-06-27,78.88,79.34,78.59,78.63,24.4286,16327092
2013-06-28,78.33,78.92,78.05,78.3,24.326,21637280
2013-07-01,78.79,79.52,78.63,78.86,24.5,23921240
2013-07-02,78.88,79.7,78.64,79.03,24.5528,17389042
2013-07-03,78.82,79.105,78.345,78.98,24.5373,10513794
2013-07-05,79.44,79.99,78.84,79.96,24.8418,20616920
2013-07-08,80.35,80.96,80.3,80.48,25.0033,23158220
2013-07-09,80.93,81.41,80.7701,81.3,25.2581,18516720
2013-07-10,81.6,81.6,80.63,80.8,25.1027,21617060
2013-07-11,81.82,81.88,81.01,81.45,25.3047,28972300
2013-07-12,81.35,81.96,81.33,81.91,25.4476,17556428
2013-07-15,81.96,82.12,81.69,81.84,25.4258,20790080
2013-07-16,81.89,82.05,80.82,81.34,25.2705,13447482
2013-07-17,81.58,81.94,81.45,81.7,25.3823,15849890
2013-07-18,81.98,82.798,81.94,82.57,25.6526,18839488
2013-07-19,82.87,83.72,82.675,83.72,26.0099,21370660
2013-07-22,83.6,83.83,83.37,83.45,25.926,13604520
2013-07-23,83.66,83.96,83.49,83.59,25.9695,12019322
2013-07-24,83.68,83.74,82.24,82.66,25.6806,18677490
2013-07-25,82.59,83.325,82.35,83.21,25.8515,19244468
2013-07-26,82.83,83.06,82.28,83.0,25.7862,13660090
2013-07-29,82.74,82.81,81.98,82.31,25.5719,16587398
2013-07-30,82.33,82.5,81.68,82.15,25.5221,15872088
2013-07-31,82.3,83.02,82.24,82.42,25.606,22494940
2013-08-01,83.09,83.85,83.06,83.76,26.0223,21293220
2013-08-02,83.45,83.5,82.85,83.39,25.9074,16370942
2013-08-05,83.09,83.25,82.77,83.19,25.8452,10382044
2013-08-06,82.99,83.4,82.45,82.68,25.6868,12988714
2013-08-07,82.45,82.7,82.05,82.39,25.5967,14067870
2013-08-08,82.79,83.02,82.12,82.84,25.7365,13486612
2013-08-09,82.82,83.01,82.19,82.59,25.6588,19630088
2013-08-12,82.03,82.56,81.995,82.24,25.5501,12627848
2013-08-13,82.32,82.58,81.86,82.39,25.5967,13832502
2013-08-14,82.2,82.55,81.95,82.01,25.4786,12425282
2013-08-15,81.505,81.92,81.2,81.56,25.3388,21638000
2013-08-16,81.4,81.53,80.905,81.23,25.2363,17900788
2013-08-19,81.03,81.12,79.885,79.94,24.8355,21696560
2013-08-20,79.98,83.0,79.85,80.43,24.9878,18074478
2013-08-21,80.21,80.695,79.83,79.99,24.8511,18976848
2013-08-22,80.35,81.5,80.18,81.18,25.2208,16674380
2013-08-23,81.44,81.89,80.95,81.76,25.401,14784930
2013-08-26,81.99,82.31,81.46,81.62,25.3575,14537780
2013-08-27,81.02,81.7,80.95,81.11,25.199,20401120
2013-08-28,81.37,82.78,81.3401,82.46,25.6185,23796400
2013-08-29,82.31,82.36,81.46,81.6,25.3513,22822200
2013-08-30,81.91,82.01,81.37,81.57,25.342,17083616
2013-09-03,82.39,82.6775,81.77,82.17,25.5284,17268826
2013-09-04,82.07,82.86,81.89,82.615,25.6666,14980098
2013-09-05,82.77,83.265,82.73,82.89,25.752,12230296
2013-09-06,83.22,83.5301,82.307,82.88,25.7489,16051708
2013-09-09,83.18,83.91,83.06,83.805,26.0363,16876086
2013-09-10,83.9,83.96,83.12,83.84,26.0472,18307354
2013-09-11,83.83,84.48,83.455,84.48,26.246,21400320
2013-09-12,84.31,84.565,83.92,83.98,26.0907,21404740
2013-09-13,84.05,84.28,83.8,83.95,26.0814,11958004
2013-09-16,84.6,84.66,83.81,83.93,26.0751,16137404
2013-09-17,83.95,84.55,83.84,84.31,26.1932,10844206
2013-09-18,84.29,85.68,84.04,85.33,26.5101,22313120
2013-09-19,85.46,85.74,84.97,85.12,26.4449,18277080
2013-09-20,84.78,84.99,83.88,84.04,26.2303,27947920
2013-09-23,83.82,84.009,83.39,83.63,26.1024,17040196
2013-09-24,83.61,84.33,83.37,83.71,26.1273,11081306
2013-09-25,83.95,84.21,83.671,83.69,26.1211,22387480
2013-09-26,83.9,84.03,83.44,83.84,26.1679,15440680
2013-09-27,83.49,83.66,83.22,83.55,26.0774,14342004
2013-09-30,82.54,83.2,82.39,82.909,25.8773,20866440
2013-10-01,82.68,83.66,82.64,83.44,26.0431,21705380
2013-10-02,83.09,83.73,82.65,83.63,26.1024,15432858
2013-10-03,83.55,83.6,82.5,82.9,25.8745,20287000
2013-10-04,83.08,83.96,82.72,83.74,26.1367,18626246
2013-10-07,82.87,83.58,82.77,83.05,25.9213,15857484
2013-10-08,83.08,83.26,82.08,82.16,25.6435,21155920
2013-10-09,82.16,82.23,81.31,81.87,25.553,26219440
2013-10-10,82.44,83.4,82.42,83.39,26.0274,25655260
2013-10-11,83.02,84.5499,82.94,84.29,26.3084,23851000
2013-10-14,83.79,84.9101,83.6,84.86,26.4863,16739818
2013-10-15,84.55,85.1,84.23,84.55,26.3895,22786360
2013-10-16,85.12,86.08,85.08,85.82,26.7859,25216300
2013-10-17,85.73,86.04,85.49,86.0,26.8421,24580180
2013-10-18,86.67,86.99,86.28,86.94,27.1355,25901120
2013-10-21,86.9,87.24,86.36,86.55,27.0137,15707082
2013-10-22,86.97,87.59,86.645,87.03,27.1636,28595120
2013-10-23,86.31,86.39,85.42,85.669,26.7388,33670602
2013-10-24,85.76,86.23,85.21,86.08,26.867,15747420
2013-10-25,86.27,86.83,86.02,86.6,27.0293,17504670
2013-10-28,86.65,86.86,86.2,86.67,27.0512,15322452
2013-10-29,86.89,87.34,86.82,87.28,27.2416,12934296
2013-10-30,87.25,87.62,86.01,86.69,27.0574,22795320
2013-10-31,86.76,87.18,86.11,86.39,26.9638,18176276
2013-11-01,86.36,86.44,85.04,86.08,26.867,24695120
2013-11-04,86.5,87.22,86.31,87.15,27.201,14477516
2013-11-05,86.77,87.01,86.28,86.36,26.9544,16054500
2013-11-06,86.88,87.27,86.32,86.615,27.034,18186582
2013-11-07,86.85,86.97,85.0,85.28,26.6174,41777078
2013-11-08,85.32,86.63,85.2,86.55,27.0137,26485780
2013-11-11,86.7,86.99,86.4301,86.71,27.0637,10359450
2013-11-12,86.55,86.69,85.66,85.91,26.814,17361354
2013-11-13,85.53,86.67,85.52,86.66,27.0481,21806760
2013-11-14,86.62,87.24,86.565,87.18,27.2104,19336122
2013-11-15,87.51,87.68,87.0097,87.66,27.3602,14739674
2013-11-18,88.03,88.11,86.705,86.99,27.1511,20932420
2013-11-19,86.82,87.425,86.4,87.14,27.1979,18912788
2013-11-20,87.5,87.79,86.67,86.93,27.1323,26525700
2013-11-21,87.23,87.9,87.1201,87.76,27.3914,14245564
2013-11-22,88.06,88.24,87.28,88.23,27.5381,15119052
2013-11-25,88.14,88.14,86.99,87.43,27.2884,19505106
2013-11-26,87.34,87.76,86.86,87.21,27.2197,13549694
2013-11-27,86.97,87.37,86.12,86.62,27.0356,18638692
2013-11-29,86.61,87.19,86.2,86.44,26.9794,9953364
2013-12-02,86.53,87.09,86.01,86.5,26.9981,19238868
2013-12-03,86.3,86.98,86.12,86.71,27.0637,21690200
2013-12-04,86.6,86.89,85.74,86.43,26.9763,20070020
2013-12-05,86.21,86.58,85.97,86.14,26.8858,20143940
2013-12-06,86.89,87.04,86.139,86.41,26.97,23346060
2013-12-09,86.6,86.86,86.14,86.53,27.0075,26151280
2013-12-10,86.33,86.79,86.16,86.27,26.9263,21132060
2013-12-11,86.36,86.36,84.87,85.05,26.5456,29365340
2013-12-12,85.04,85.79,84.88,85.41,26.6579,21967800
2013-12-13,85.21,85.26,84.7401,85.13,26.5705,24330520
2013-12-16,85.59,86.15,85.35,85.87,26.8015,24322560
2013-12-17,85.8,85.95,85.1,85.3799,26.6485,19712456
2013-12-18,85.63,86.7,84.81,86.67,27.0512,30528840
2013-12-19,86.37,86.96,86.18,86.92,27.1292,22428140
2013-12-20,86.49,87.01,86.44,86.67,27.1771,31388600
2013-12-23,86.99,87.335,86.65,86.76,27.2053,19539856
2013-12-24,86.83,87.3151,86.72,87.24,27.3558,11188768
2013-12-26,87.48,87.975,87.34,87.86,27.5502,17715488
2013-12-27,88.16,88.41,87.87,88.29,27.6851,11732626
2013-12-30,88.4,88.49,87.57,87.66,27.4875,14091406
2013-12-31,87.87,88.535,87.5501,88.51,27.7541,16151110
2014-01-02,87.98,88.24,86.9,87.25,27.359,22267060
2014-01-03,87.34,87.69,86.7501,86.93,27.2586,19428472
2014-01-06,87.19,87.34,86.56,87.05,27.2963,18513190
2014-01-07,87.3,87.77,86.8501,87.71,27.5032,13301886
2014-01-08,87.72,87.75,86.77,87.1,27.3119,21882880
2014-01-09,87.19,87.34,86.11,86.83,27.2273,24445400
2014-01-10,86.89,87.01,86.33,86.9,27.2492,20940080
2014-01-13,86.66,86.79,85.09,85.17,26.7067,33435140
2014-01-14,85.51,86.32,85.51,86.28,27.0548,26444060
2014-01-15,86.4,86.48,85.9,86.03,26.9764,23335680
2014-01-16,85.87,86.17,85.47,86.15,27.014,22594040
2014-01-17,86.36,86.83,85.9,86.01,26.9701,25265620
2014-01-21,86.62,86.92,85.99,86.72,27.1928,25451480
2014-01-22,86.93,87.22,86.57,87.12,27.3182,21115080
2014-01-23,86.65,86.83,85.72,86.13,27.0078,29801460
2014-01-24,85.61,85.61,84.28,84.3299,26.4433,34852140
2014-01-27,84.48,84.65,83.44,84.03,26.3493,32108940
2014-01-28,84.23,84.8,84.0,84.67,26.55,18225414
2014-01-29,83.93,84.78,83.49,84.2,26.4026,40249622
2014-01-30,84.77,84.91,83.99,84.47,26.4872,24531220
2014-01-31,83.49,84.12,83.03,83.38,26.1455,31966300
2014-02-03,83.3,83.65,81.775,81.89,25.6782,50345500
2014-02-04,82.35,82.94,82.05,82.73,25.9416,40679578
2014-02-05,82.73,82.75,81.805,81.92,25.6876,54541718
2014-02-06,82.14,83.34,82.11,83.14,26.0702,26056420
2014-02-07,83.65,84.17,83.14,84.04,26.3524,24804440
2014-02-10,84.02,84.13,83.28,83.63,26.2238,15921830
2014-02-11,83.72,85.01,83.63,84.72,26.5656,21739220
2014-02-12,84.98,85.15,84.43,84.52,26.5029,13624752
2014-02-13,84.12,85.14,83.89,84.92,26.6284,19597854
2014-02-14,84.99,86.2,84.86,86.03,26.9764,25236560
2014-02-18,86.16,86.53,86.01,86.42,27.0987,17707928
2014-02-19,86.15,87.41,86.15,86.53,27.1332,47643800
2014-02-20,86.5,87.27,86.38,87.1,27.3119,18873768
2014-02-21,87.29,87.31,86.36,86.41,27.0956,23165600
2014-02-24,86.67,88.48,86.62,87.71,27.5032,37227622
2014-02-25,87.54,87.84,86.96,87.67,27.4907,19166410
2014-02-26,87.71,87.81,86.85,87.12,27.3182,20096500
2014-02-27,87.15,87.35,86.58,87.21,27.3464,18666762
2014-02-28,87.27,87.985,87.13,87.65,27.4844,20948860
2014-03-03,87.12,88.09,86.81,87.09,27.3088,24927160
2014-03-04,87.85,88.3,87.51,88.04,27.6067,21048900
2014-03-05,87.77,87.85,86.99,87.22,27.3496,21730660
2014-03-06,87.28,87.94,87.23,87.85,27.5471,15576530
2014-03-07,88.21,88.27,87.68,88.02,27.6004,19705404
2014-03-10,87.93,88.22,87.42,88.16,27.6443,17728842
2014-03-11,88.27,88.33,86.87,87.16,27.3307,24535980
2014-03-12,86.55,87.39,86.46,87.17,27.3339,18737246
2014-03-13,87.3,87.33,85.968,86.3,27.0611,22545520
2014-03-14,86.2,86.7199,86.08,86.38,27.0862,21306680
2014-03-17,86.72,87.11,86.5,86.84,27.2304,20838320
2014-03-18,87.16,87.84,86.89,87.57,27.4593,13990230
2014-03-19,87.6,87.625,86.37,86.91,27.2524,18645052
2014-03-20,86.48,87.39,86.19,87.25,27.359,17426726
2014-03-21,87.12,87.71,87.04,87.06,27.4337,28260320
2014-03-24,87.33,87.73,86.72,86.88,27.3769,20087920
2014-03-25,87.325,87.73,87.3,87.66,27.6227,14353150
2014-03-26,87.96,88.19,87.19,87.25,27.4935,17142556
2014-03-27,87.28,88.23,87.07,87.96,27.7173,22792380
2014-03-28,88.25,89.25,88.2,89.06,28.0639,19911264
2014-03-31,89.5,89.59,88.79,89.06,28.0639,16903530
2014-04-01,89.09,89.6,89.05,89.59,28.2309,20494560
2014-04-02,89.4,90.07,89.33,89.91,28.3317,20017240
2014-04-03,90.11,90.86,89.96,90.49,28.5145,21596720
2014-04-04,91.17,91.3,90.0,90.16,28.4105,28006340
2014-04-07,89.95,90.13,88.65,88.65,27.9347,22489620
2014-04-08,88.87,89.73,88.7,89.54,28.2151,23288880
2014-04-09,89.82,90.01,89.04,89.95,28.3443,14462332
2014-04-10,89.61,90.19,88.511,88.7,27.9505,24596660
2014-04-11,88.26,88.97,88.2204,88.45,27.8717,26911720
2014-04-14,89.13,89.84,88.71,89.66,28.253,19922814
2014-04-15,89.6,90.89,89.32,90.86,28.6311,44885738
2014-04-16,91.39,91.97,91.26,91.95,28.9746,26073340
2014-04-17,92.07,93.07,91.91,92.79,29.2393,37099058
2014-04-21,92.875,93.49,92.71,93.42,29.4378,17012852
2014-04-22,93.16,93.53,92.71,93.27,29.3905,12690494
2014-04-23,93.26,94.0151,93.26,93.76,29.5449,17123492
2014-04-24,94.03,94.2499,93.62,93.79,29.5544,17753084
2014-04-25,93.53,93.8199,92.94,93.23,29.3779,17744660
2014-04-28,93.55,93.63,92.61,93.39,29.4283,22334140
2014-04-29,93.84,94.66,93.79,93.82,29.5638,16556004
2014-04-30,93.61,93.88,93.1399,93.74,29.5386,21643120
2014-05-01,93.61,93.86,93.26,93.53,29.4724,21431180
2014-05-02,93.36,94.42,93.23,93.72,29.5323,17426096
2014-05-05,93.37,94.32,93.2,94.16,29.671,16074616
2014-05-06,94.25,94.8,94.17,94.3,29.7151,14953368
2014-05-07,94.72,95.25,94.19,95.12,29.9735,19261742
2014-05-08,94.93,95.09,93.6801,93.76,29.5449,21935680
2014-05-09,93.88,94.05,93.31,93.67,29.5166,17421540
2014-05-12,94.1,94.38,93.81,94.33,29.7245,10443492
2014-05-13,94.51,94.82,94.37,94.68,29.8348,9977606
2014-05-14,94.78,95.02,94.59,94.72,29.8474,9977968
2014-05-15,94.53,94.56,92.95,93.64,29.5071,22897700
2014-05-16,93.47,93.74,92.93,93.4,29.4315,29622000
2014-05-19,93.14,93.935,93.14,93.69,29.5229,10074616
2014-05-20,93.49,93.86,93.24,93.42,29.4378,9351294
2014-05-21,93.85,94.5551,93.72,94.43,29.756,11714864
2014-05-22,94.43,94.84,94.22,94.34,29.7277,13738324
2014-05-23,94.32,94.68,94.13,94.15,29.6678,10561444
2014-05-27,94.42,94.6299,94.06,94.41,29.7497,10124366
2014-05-28,94.4,94.89,94.2,94.57,29.8002,15070900
2014-05-29,94.75,95.43,94.49,95.38,30.0554,14563950
2014-05-30,95.12,95.42,94.85,95.31,30.0333,11915928
2014-06-02,95.4,95.74,94.92,95.19,29.9955,10151502
2014-06-03,94.97,95.64,94.96,95.52,30.0995,11997240
2014-06-04,95.355,95.57,95.0729,95.47,30.0838,7380674
2014-06-05,95.37,96.175,95.18,96.02,30.2571,12357230
2014-06-06,96.24,96.95,96.24,96.81,30.506,10840004
2014-06-09,96.94,97.47,96.72,96.96,30.5533,11304010
2014-06-10,96.97,97.05,96.555,96.8,30.5029,7532160
2014-06-11,96.51,97.3,96.3,97.17,30.6195,11303336
2014-06-12,97.6,98.14,97.31,97.49,30.7203,23739640
2014-06-13,97.75,98.43,97.17,98.42,31.0133,19474432
2014-06-16,98.77,99.23,98.59,99.01,31.1993,26773840
2014-06-17,98.81,98.96,98.31,98.94,31.1772,20090980
2014-06-18,98.98,99.78,98.65,99.69,31.4135,29727120
2014-06-19,99.75,100.42,99.47,100.4,31.6373,17354472
2014-06-20,100.45,100.99,100.12,100.93,31.9518,18192312
2014-06-23,101.24,101.52,100.98,101.29,32.0658,15918360
2014-06-24,101.2,101.275,98.94,99.16,31.3915,35496922
2014-06-25,98.75,100.01,98.64,99.91,31.6289,27720680
2014-06-26,99.97,100.1,99.105,100.02,31.6637,16160016
2014-06-27,99.78,100.07,99.44,100.02,31.6637,16458578
2014-06-30,99.95,100.2199,99.56,100.1,31.689,12625582
2014-07-01,100.35,100.66,99.91,100.16,31.708,13788210
2014-07-02,100.08,100.37,99.795,100.01,31.6605,11852710
2014-07-03,100.49,100.49,99.83,100.39,31.7808,7337658
2014-07-07,100.29,100.3,99.44,99.62,31.5371,13864734
2014-07-08,99.47,99.71,99.07,99.46,31.4864,20784660
2014-07-09,99.62,100.175,99.46,100.12,31.6954,12831342
2014-07-10,99.21,99.53,98.65,99.16,31.3915,29817320
2014-07-11,99.04,99.06,98.14,98.4,31.1509,21611680
2014-07-14,98.88,99.37,98.74,99.25,31.42,13740532
2014-07-15,98.98,99.23,98.18,98.82,31.2838,19994508
2014-07-16,99.23,100.36,99.2,100.32,31.7587,16354030
2014-07-17,100.24,100.55,98.629,98.7,31.2458,22035640
2014-07-18,98.95,99.235,98.5,98.9899,31.3376,16636964
2014-07-21,98.74,99.21,98.59,99.14,31.3851,18796462
2014-07-22,99.58,100.1644,99.48,99.85,31.6099,11956032
2014-07-23,100.1,100.5,99.67,100.49,31.8125,13402628
2014-07-24,100.65,100.97,100.24,100.58,31.841,11494464
2014-07-25,100.22,100.31,99.71,99.84,31.6067,9606922
2014-07-28,99.76,99.93,98.9928,99.6,31.5308,14956402
2014-07-29,99.42,99.9177,99.3,99.35,31.4516,13665640
2014-07-30,99.82,100.13,98.44,98.76,31.2648,21561620
2014-07-31,98.13,98.18,96.56,96.63,30.5905,34570320
2014-08-01,96.36,96.67,95.015,95.85,30.3436,35666520
2014-08-04,95.83,97.695,95.5401,97.46,30.8533,25792920
2014-08-05,97.05,97.25,94.77,95.33,30.179,32880340
2014-08-06,95.13,96.72,94.96,95.61,30.2676,23096080
2014-08-07,96.1,96.27,94.49,95.01,30.0777,26513960
2014-08-08,95.3,96.7,95.07,96.6,30.581,23172800
2014-08-11,97.23,97.575,96.54,96.61,30.5842,22407140
2014-08-12,96.47,96.47,95.495,95.9,30.3594,19996284
2014-08-13,96.42,96.73,95.86,96.21,30.4576,12977902
2014-08-14,96.35,96.5,95.515,95.66,30.2835,15235260
2014-08-15,95.85,96.51,95.6,96.37,30.5082,22150660
2014-08-18,96.72,96.92,96.22,96.63,30.5905,17195694
2014-08-19,96.83,97.55,96.76,97.37,30.8248,11996084
2014-08-20,97.25,97.71,96.85,97.58,30.8913,11895952
2014-08-21,97.71,97.76,97.22,97.66,30.9166,11134424
2014-08-22,97.52,97.52,96.61,97.01,30.7108,14766788
2014-08-25,97.28,97.94,97.25,97.87,30.9831,8760726
2014-08-26,98.15,98.87,97.96,98.37,31.1414,11194366
2014-08-27,98.46,98.57,97.91,98.17,31.0781,7720126
2014-08-28,97.87,98.289,97.71,98.19,31.0844,6209038
2014-08-29,98.41,98.79,98.055,98.74,31.2585,10735414
2014-09-02,98.6,98.69,97.07,97.49,30.8628,17296840
2014-09-03,98.14,98.44,97.69,97.75,30.9451,14381720
2014-09-04,97.98,98.02,95.975,96.43,30.5272,24584620
2014-09-05,96.48,97.11,95.82,97.08,30.733,17550820
2014-09-08,96.6,96.68,95.1301,95.57,30.255,21956300
2014-09-09,95.52,96.11,94.59,95.15,30.122,20007400
2014-09-10,95.06,95.06,93.81,94.92,30.0492,20866540
2014-09-11,94.16,95.12,93.76,94.98,30.0682,25011540
2014-09-12,94.7,94.79,93.27,93.56,29.6186,30880620
2014-09-15,93.46,94.47,92.99,94.22,29.8276,26782620
2014-09-16,94.09,95.96,93.95,95.36,30.1885,26911300
2014-09-17,95.59,95.77,94.5601,94.84,30.0239,22138680
2014-09-18,95.15,95.2,94.1,94.35,29.8687,24569360
2014-09-19,94.06,94.4899,93.75,93.79,29.8443,18949682
2014-09-22,93.64,93.69,92.05,92.41,29.4052,21261340
2014-09-23,92.27,93.06,92.115,92.14,29.3193,18280926
2014-09-24,92.08,92.75,90.76,92.22,29.3447,49487078
2014-09-25,92.17,92.21,90.76,90.81,28.8961,26872860
2014-09-26,90.82,92.37,90.5,91.981,29.2687,22969520
2014-09-29,90.81,91.94,90.59,91.77,29.2015,30908660
2014-09-30,91.68,91.9,90.06,90.62,28.8356,43482980
2014-10-01,90.61,91.06,88.49,88.77,28.2469,37957640
2014-10-02,88.25,88.89,86.7801,88.31,28.1006,58492922
2014-10-03,88.75,88.8,87.42,88.17,28.056,40197738
2014-10-06,88.62,89.17,87.62,88.27,28.0878,40250102
2014-10-07,87.8,88.93,87.09,87.12,27.7219,35798578
2014-10-08,86.87,88.05,85.47,87.97,27.9924,71979922
2014-10-09,87.3,87.45,84.5,84.74,26.9646,73340844
2014-10-10,84.49,85.41,82.64,83.55,26.5859,120948562
2014-10-13,83.37,84.39,80.86,80.97,25.7649,95098492
2014-10-14,81.65,82.29,79.515,79.95,25.4404,111991102
2014-10-15,78.91,80.77,77.51,80.56,25.6345,138939218
2014-10-16,78.83,82.82,78.5,82.0,26.0927,119596460
2014-10-17,83.51,85.9,82.0,82.7,26.3154,75999960
2014-10-20,82.63,83.665,82.22,83.42,26.5445,53005160
2014-10-21,84.37,86.15,84.34,85.96,27.3528,62716320
2014-10-22,86.18,86.71,84.28,84.33,26.8341,72285040
2014-10-23,85.52,86.81,85.07,85.9,27.3337,53116058
2014-10-24,85.94,86.09,84.47,85.6,27.2382,50510238
2014-10-27,84.24,84.29,82.94,83.8,26.6655,47002820
2014-10-28,84.24,85.94,83.68,85.71,27.2732,47249898
2014-10-29,86.65,87.37,85.17,85.99,27.3623,53444980
2014-10-30,85.33,86.06,84.69,85.68,27.2637,37591980
2014-10-31,85.86,87.52,85.06,87.42,27.8174,40536942
2014-11-03,87.48,88.41,85.78,86.04,27.3782,53221960
2014-11-04,85.0,85.05,83.53,84.27,26.815,46878262
2014-11-05,85.12,86.12,84.46,85.75,27.286,54890102
2014-11-06,85.21,86.85,84.93,86.83,27.6296,46052602
2014-11-07,87.03,88.48,86.86,87.79,27.9351,36084078
2014-11-10,88.55,88.96,86.74,87.0,27.6837,45906762
2014-11-11,87.08,87.47,86.225,87.26,27.7665,34761860
2014-11-12,86.71,87.61,86.3875,86.49,27.5214,35249262
2014-11-13,86.03,86.14,83.95,85.34,27.1555,63176660
2014-11-14,85.76,86.3099,85.18,86.21,27.4323,35924640
2014-11-17,85.68,86.27,85.36,85.76,27.2891,24430140
2014-11-18,85.73,86.54,85.42,85.83,27.3114,39360640
2014-11-19,85.99,86.58,85.23,86.28,27.4546,29492380
2014-11-20,86.45,87.49,86.22,87.36,27.7983,33834578
2014-11-21,88.87,89.215,87.86,88.5,28.161,57370442
2014-11-24,88.21,88.69,87.4447,87.82,27.9446,33356160
2014-11-25,88.3,88.3657,86.27,86.39,27.4896,45108078
2014-11-26,85.99,86.21,85.15,85.3,27.1428,41746460
2014-11-28,81.74,82.0,79.575,79.82,25.399,85076680
2014-12-01,79.39,80.35,78.67,80.1,25.4881,103189000
2014-12-02,79.53,81.75,79.5,80.97,25.7649,66469820
2014-12-03,81.49,82.61,81.21,81.96,26.08,63098442
2014-12-04,81.17,81.77,80.52,81.25,25.854,47159102
2014-12-05,81.07,81.31,79.96,80.28,25.5454,46886602
2014-12-08,79.2,79.5,76.86,77.03,24.5112,82385360
2014-12-09,76.86,78.19,76.6,77.87,24.7785,67337718
2014-12-10,76.65,76.74,74.97,75.47,24.0148,89067680
2014-12-11,75.37,77.34,75.25,75.42,23.9989,71103376
2014-12-12,74.52,75.38,73.89,74.02,23.5534,100108524
2014-12-15,74.63,75.33,73.2,73.36,23.3434,94962226
2014-12-16,72.69,76.29,72.51,74.01,23.5503,114568844
2014-12-17,74.43,77.83,74.29,77.08,24.5271,124940492
2014-12-18,79.06,79.35,76.57,78.56,24.9981,104526922
2014-12-19,78.96,80.67,78.09,80.57,25.7971,93485540
2014-12-22,79.97,80.17,78.92,79.75,25.5345,66476180
2014-12-23,80.33,80.99,79.7639,80.72,25.8451,53058460
2014-12-24,80.25,80.44,79.2,80.13,25.6562,28095660
2014-12-26,80.44,80.81,79.76,80.11,25.6498,28929200
2014-12-29,80.29,81.0,79.92,80.4,25.7426,36448218
2014-12-30,80.3,80.475,79.505,79.76,25.5377,38296238
2014-12-31,79.29,80.0,78.69,79.16,25.3456,43083840
2015-01-02,78.73,79.785,78.38,79.53,25.4641,55498200
2015-01-05,78.42,78.45,75.85,76.24,24.4107,90790476
2015-01-06,76.11,76.73,74.5899,75.12,24.0521,83753282
2015-01-07,76.03,76.36,74.78,75.28,24.1033,62384738
2015-01-08,75.89,77.145,75.58,76.97,24.6444,56373718
2015-01-09,77.02,77.15,75.665,76.36,24.4491,49904262
2015-01-12,75.39,75.39,73.76,74.16,23.7447,57881282
2015-01-13,74.46,75.04,72.88,73.57,23.5558,68102844
2015-01-14,72.87,73.91,71.7,73.8,23.6294,104304922
2015-01-15,74.67,74.86,72.8,72.86,23.3285,82692000
2015-01-16,73.29,75.33,73.23,75.23,24.0873,85483718
2015-01-20,74.84,75.36,73.93,75.32,24.1161,56171680
2015-01-21,75.87,76.87,75.32,76.85,24.606,56661640
2015-01-22,77.34,77.45,75.8,77.21,24.7213,66037656
2015-01-23,76.86,77.76,76.54,76.66,24.5452,42294860
2015-01-26,76.92,77.9599,76.24,77.76,24.8974,36724102
2015-01-27,77.15,78.085,76.96,77.71,24.8813,43204558
2015-01-28,77.5,77.5,74.5,74.65,23.9016,77666758
2015-01-29,75.25,75.35,73.2077,74.9,23.9816,60247320
2015-01-30,74.34,76.41,73.84,75.55,24.1898,87696258
2015-02-02,76.48,77.89,75.955,77.86,24.9294,70931422
2015-02-03,78.76,80.4,78.73,79.99,25.6114,94055758
2015-02-04,78.95,79.4,78.01,78.67,25.1887,82264438
2015-02-05,79.6,80.25,79.12,79.8,25.5505,63572300
2015-02-06,80.43,80.5701,79.42,79.82,25.5569,52269262
2015-02-09,80.16,80.82,79.72,79.9,25.5825,40407680
2015-02-10,80.04,80.11,78.41,79.86,25.5697,43942520
2015-02-11,78.84,79.66,78.44,79.3,25.3904,52393262
2015-02-12,80.38,80.71,79.8,80.34,25.7234,52844640
2015-02-13,81.13,82.13,80.92,82.04,26.2677,62375700
2015-02-17,81.65,82.43,81.17,82.29,26.3478,44251762
2015-02-18,81.62,81.95,81.09,81.31,26.034,38762762
2015-02-19,79.62,81.39,79.26,80.93,25.9123,47743960
2015-02-20,80.71,81.12,79.87,80.54,25.7875,51283622
2015-02-23,79.75,80.86,79.55,80.21,25.6818,39358942
2015-02-24,80.7,80.77,79.91,80.43,25.7522,30861360
2015-02-25,80.49,81.0,80.09,80.87,25.8931,32051340
2015-02-26,80.39,80.43,78.95,79.37,25.4128,38698160
2015-02-27,79.68,79.74,78.94,79.02,25.3008,26724380
2015-03-02,78.86,78.93,77.71,78.47,25.1247,35957020
2015-03-03,78.52,79.23,78.17,78.76,25.2175,24699420
2015-03-04,78.78,78.84,77.78,78.65,25.1823,33205640
2015-03-05,78.45,78.55,78.06,78.18,25.0318,22489080
2015-03-06,77.63,78.03,76.59,76.78,24.5836,38352558
2015-03-09,76.65,77.53,76.23,76.23,24.4075,34882200
2015-03-10,75.62,76.06,75.13,75.17,24.0681,38061300
2015-03-11,75.3,75.7001,74.85,75.39,24.1385,26102000
2015-03-12,75.51,75.87,74.88,74.91,23.9848,38489960
2015-03-13,74.42,74.72,73.8201,74.63,23.8952,42023738
2015-03-16,74.22,75.7,73.99,75.64,24.2186,33897058
2015-03-17,75.18,75.63,74.8,75.35,24.1257,27872600
2015-03-18,74.86,77.95,74.74,77.54,24.8269,55507480
2015-03-19,76.6,76.93,76.09,76.31,24.4331,46481800
2015-03-20,76.63,77.36,76.3301,76.91,24.7925,45221238
2015-03-23,77.08,77.6,76.64,76.64,24.7055,24320260
2015-03-24,76.84,76.955,76.075,76.13,24.5411,29561840
2015-03-25,76.61,77.7,76.53,77.12,24.8602,31797020
2015-03-26,78.01,78.25,76.75,77.03,24.8312,30637140
2015-03-27,76.74,76.89,76.24,76.4,24.6281,23934520
2015-03-30,77.14,78.19,77.11,78.04,25.1568,36375700
2015-03-31,77.45,78.0,77.0,77.58,25.0085,18807444
2015-04-01,77.83,78.23,77.4,77.56,25.002,26586640
2015-04-02,77.2,78.173,77.02,77.72,25.0536,27715340
2015-04-06,78.17,79.55,77.81,79.12,25.5049,31086500
2015-04-07,79.05,79.71,78.83,79.17,25.521,28284120
2015-04-08,79.54,79.73,78.5,78.53,25.3147,24091480
2015-04-09,78.74,79.97,78.67,79.79,25.7209,27750200
2015-04-10,80.0,80.27,79.66,80.14,25.8337,17700984
2015-04-13,80.49,80.598,79.21,79.34,25.5758,19880534
2015-04-14,79.86,80.96,79.76,80.77,26.0368,27440240
2015-04-15,81.23,82.865,81.07,82.7,26.6589,40013820
2015-04-16,82.39,83.23,81.857,82.51,26.5977,42554960
2015-04-17,82.12,82.23,81.26,81.91,26.4043,33834860
2015-04-20,82.0,83.12,81.97,82.22,26.5042,25420900
2015-04-21,82.43,82.48,81.01,81.35,26.2238,23640780
2015-04-22,81.56,82.2,81.02,81.89,26.3978,20258940
2015-04-23,82.07,82.98,81.98,82.45,26.5784,25151520
2015-04-24,82.2,82.28,81.59,81.98,26.4269,23015280
2015-04-27,82.32,82.57,81.7525,81.89,26.3978,22651200
2015-04-28,81.87,82.445,81.61,82.3,26.53,22250820
2015-04-29,82.01,83.06,81.746,82.94,26.7363,31806200
2015-04-30,83.25,83.38,82.21,82.68,26.6525,33104282
2015-05-01,82.76,83.01,82.21,82.87,26.7138,22709200
2015-05-04,83.07,83.35,82.24,82.66,26.6461,28868500
2015-05-05,83.28,83.66,81.61,81.6395,26.3171,32152680
2015-05-06,82.37,82.7,80.94,81.32,26.2141,32777160
2015-05-07,81.16,81.18,79.84,80.44,25.9304,34793160
2015-05-08,81.08,81.85,80.16,81.76,26.3559,29030440
2015-05-11,81.84,81.88,80.14,80.22,25.8595,36288860
2015-05-12,80.1,81.01,79.96,80.59,25.9788,19703076
2015-05-13,81.29,81.39,80.08,80.38,25.9111,25069480
2015-05-14,80.61,81.15,80.3,80.35,25.9014,19235742
2015-05-15,80.01,80.99,79.81,80.67,26.0046,19561184
2015-05-18,80.51,80.84,80.17,80.74,26.0271,14459654
2015-05-19,80.2,80.28,79.47,79.59,25.6564,27839700
2015-05-20,79.87,80.0,79.28,79.74,25.7048,25247620
2015-05-21,80.19,80.61,79.9,80.49,25.9465,20174640
2015-05-22,79.94,80.56,79.79,80.2,25.8531,12721420
2015-05-26,79.55,79.72,78.6301,78.93,25.4437,26367160
2015-05-27,78.88,79.52,78.36,78.79,25.3985,22749940
2015-05-28,78.52,78.62,77.98,78.48,25.2986,24328360
2015-05-29,78.46,78.8904,78.2,78.39,25.2696,25956180
2015-06-01,78.59,78.6,78.09,78.19,25.2051,16974368
2015-06-02,78.43,79.11,78.01,78.73,25.3792,20366020
2015-06-03,78.49,79.07,78.08,78.19,25.2051,17280544
2015-06-04,77.78,77.93,77.07,77.13,24.8634,31892160
2015-06-05,76.78,78.365,76.75,77.67,25.0375,37912000
2015-06-08,77.37,77.82,77.05,77.23,24.8957,19414660
2015-06-09,77.7,78.19,77.19,77.22,24.8924,22066260
2015-06-10,78.17,78.39,77.9,78.17,25.1987,19570798
2015-06-11,78.31,78.445,77.75,77.82,25.0858,16833090
2015-06-12,77.38,77.44,76.82,76.95,24.8054,21009040
2015-06-15,76.42,77.18,76.19,76.77,24.7474,16151096
2015-06-16,76.91,77.39,76.54,77.37,24.9408,18035244
2015-06-17,77.78,78.12,76.79,77.18,24.8795,20827480
2015-06-18,77.42,77.77,77.06,77.13,24.8634,25345160
2015-06-19,76.29,76.6,75.875,75.91,24.6326,34469762
2015-06-22,76.6,76.909,76.26,76.84,24.9344,21154840
2015-06-23,76.73,77.23,76.65,77.09,25.0156,14235430
2015-06-24,76.92,77.36,76.58,76.61,24.8598,13596510
2015-06-25,76.59,76.68,75.81,75.83,24.6067,17371348
2015-06-26,75.76,76.1,75.34,76.08,24.6878,23544660
2015-06-29,75.12,75.6,74.58,74.64,24.2205,27794400
2015-06-30,75.33,75.45,74.68,75.16,24.3893,30341160
2015-07-01,75.31,75.34,73.9,74.2,24.0778,27820240
2015-07-02,74.4,74.93,74.34,74.53,24.1848,19400478
2015-07-06,73.55,74.26,73.24,73.55,23.8668,27018300
2015-07-07,73.26,74.4776,72.43,74.22,24.0842,41372180
2015-07-08,73.71,74.22,72.42,72.72,23.5975,33042578
2015-07-09,73.72,74.033,73.09,73.09,23.7176,23912080
2015-07-10,73.53,73.99,73.13,73.49,23.8474,26500740
2015-07-13,73.74,74.19,73.54,74.01,24.0161,28717500
2015-07-14,73.8,74.84,73.77,74.54,24.1881,25308500
2015-07-15,74.16,74.525,72.975,73.23,23.763,25416580
2015-07-16,73.65,73.87,73.191,73.33,23.7954,15721402
2015-07-17,73.26,73.33,72.2,72.44,23.5066,28192060
2015-07-20,72.57,72.58,71.39,71.48,23.1951,27666740
2015-07-21,71.65,72.215,71.29,71.51,23.2049,21238020
2015-07-22,71.22,71.65,70.78,70.93,23.0166,30418580
2015-07-23,71.0,71.45,70.33,70.87,22.9972,22569120
2015-07-24,70.87,70.9,69.25,69.51,22.5559,25108160
2015-07-27,68.62,69.32,68.21,68.51,22.2314,34393422
2015-07-28,68.61,70.85,68.56,70.47,22.8674,37877218
2015-07-29,70.29,71.5,70.07,71.43,23.1789,46854520
2015-07-30,71.28,71.49,70.62,70.93,23.0166,25254480
2015-07-31,70.32,70.42,69.27,69.38,22.5137,43578860
2015-08-03,68.64,69.07,67.78,67.92,22.0399,33853262
2015-08-04,68.22,68.75,67.4,67.69,21.9653,25525020
2015-08-05,68.22,68.97,67.11,67.18,21.7998,36947558
2015-08-06,66.78,68.43,66.29,68.25,22.147,46519300
2015-08-07,67.97,68.51,66.79,67.03,21.7511,34163300
2015-08-10,67.17,69.22,67.17,69.17,22.4455,38888738
2015-08-11,67.79,69.37,67.66,69.3,22.4877,42107700
2015-08-12,69.06,70.74,68.66,70.56,22.8966,46966020
2015-08-13,70.1,70.36,69.4,69.49,22.5494,39627160
2015-08-14,69.64,70.12,69.18,69.34,22.5007,24242360
2015-08-17,69.0,69.83,68.77,69.49,22.5494,19064106
2015-08-18,69.36,69.54,68.89,69.23,22.465,22126800
2015-08-19,68.85,68.96,67.0,67.32,21.8452,40366078
2015-08-20,67.14,67.595,65.79,65.8,21.352,50673180
2015-08-21,65.14,65.85,63.46,63.5,20.6056,50840460
2015-08-24,59.79,62.58,58.74,60.09,19.4991,86002242
2015-08-25,62.73,62.73,59.17,59.22,19.2168,55393122
2015-08-26,60.72,61.325,59.54,61.26,19.8787,79464492
2015-08-27,62.68,64.44,62.45,64.29,20.862,64482898
2015-08-28,64.07,66.42,64.04,65.75,21.3357,62926840
2015-08-31,65.25,66.86,64.08,66.43,21.5564,72387040
2015-09-01,64.52,65.28,63.54,64.09,20.7971,57425200
2015-09-02,65.0,65.1,63.18,64.68,20.9885,51057840
2015-09-03,65.11,66.25,64.46,64.86,21.0469,43790058
2015-09-04,63.93,64.25,63.52,63.79,20.6997,33368422
2015-09-08,64.48,64.88,63.69,64.79,21.0242,31255160
2015-09-09,65.24,66.02,63.47,63.57,20.6283,36955378
2015-09-10,63.84,64.3,62.96,63.94,20.7484,36985602
2015-09-11,63.3,63.45,62.49,63.37,20.5634,26688500
2015-09-14,62.93,63.21,62.5042,62.82,20.385,24962520
2015-09-15,63.02,63.73,63.01,63.52,20.6121,29633160
2015-09-16,64.03,65.41,63.93,65.32,21.1962,34433320
2015-09-17,65.37,66.44,64.86,65.28,21.1832,39645340
2015-09-18,63.58,64.05,62.72,63.1,20.6269,42473898
2015-09-21,63.77,63.93,63.0601,63.46,20.7446,31379360
2015-09-22,62.48,63.45,62.35,62.79,20.5256,34100800
2015-09-23,63.03,63.32,61.95,61.98,20.2608,27969420
2015-09-24,61.5,62.685,61.09,62.25,20.349,37824000
2015-09-25,62.94,62.94,61.81,62.37,20.3883,31666880
2015-09-28,61.72,61.72,59.83,59.88,19.5743,32702860
2015-09-29,60.17,60.66,59.39,59.79,19.5449,37762442
2015-09-30,60.34,61.43,60.27,61.2,20.0058,32256180
2015-10-01,61.98,62.66,60.77,61.32,20.045,34891020
2015-10-02,60.62,63.89,60.51,63.85,20.8721,39859520
2015-10-05,64.65,66.0,64.59,65.78,21.503,47613980
2015-10-06,66.01,67.74,65.66,67.24,21.9802,54932782
2015-10-07,68.1,68.94,66.7,68.09,22.2581,80006156
2015-10-08,67.96,69.67,67.54,69.39,22.6831,54143442
2015-10-09,69.54,69.62,68.51,68.94,22.5359,51971340
2015-10-12,69.05,69.06,67.43,68.05,22.245,43492500
2015-10-13,67.53,68.35,67.15,67.34,22.0129,41675640
2015-10-14,67.19,68.17,67.04,67.92,22.2025,30353480
2015-10-15,67.61,69.17,67.38,69.14,22.6013,39016422
2015-10-16,69.38,69.56,68.28,69.23,22.6307,40062500
2015-10-19,68.54,68.58,67.5,67.86,22.1829,39000460
2015-10-20,67.72,68.37,67.36,68.05,22.245,27513040
2015-10-21,67.75,68.08,67.14,67.21,21.9704,29324220
2015-10-22,67.58,68.5851,67.55,68.42,22.366,37481500
2015-10-23,68.1,68.895,67.66,68.26,22.3137,31262000
2015-10-26,68.13,68.13,66.57,66.59,21.7678,23672120
2015-10-27,65.67,66.01,65.11,65.79,21.5062,42214660
2015-10-28,66.25,67.7,65.72,67.25,21.9835,39512960
2015-10-29,67.0,68.22,66.9,67.59,22.0946,19507196
2015-10-30,67.95,68.755,67.15,68.03,22.2385,28514500
2015-11-02,67.62,69.98,67.52,69.62,22.7582,30773720
2015-11-03,70.11,71.93,70.08,71.4,23.3401,42654340
2015-11-04,71.47,71.67,70.23,70.76,23.1309,35437602
2015-11-05,70.41,71.19,69.84,70.16,22.9348,32467020
2015-11-06,69.54,70.08,68.77,69.8,22.8171,27522440
2015-11-09,69.64,70.4099,68.82,69.11,22.5915,25373980
2015-11-10,68.82,69.87,68.56,69.26,22.6406,25370900
2015-11-11,69.25,69.345,67.63,67.79,22.16,28739440
2015-11-12,66.84,67.31,66.13,66.25,21.6566,38622942
2015-11-13,66.03,66.58,65.2,65.98,21.5683,35559282
2015-11-16,65.89,68.25,65.84,68.18,22.2875,34726180
2015-11-17,68.0,68.28,67.18,67.43,22.0423,30457720
2015-11-18,67.9,68.63,67.255,68.54,22.4052,41903020
2015-11-19,68.14,68.51,67.06,67.62,22.1045,37825000
2015-11-20,67.64,67.95,66.83,66.9,21.8691,28427960
2015-11-23,66.84,67.755,66.41,67.38,22.026,32814660
2015-11-24,67.7,69.125,67.57,68.82,22.4967,37886122
2015-11-25,68.24,68.8308,67.84,68.26,22.3137,22201240
2015-11-27,67.71,68.05,67.5269,67.77,22.1535,16752736
2015-11-30,68.05,68.68,67.77,68.02,22.2352,35210660
2015-12-01,68.08,68.62,67.91,68.56,22.4117,27594080
2015-12-02,68.11,68.37,66.22,66.44,21.7187,50856160
2015-12-03,66.76,66.98,64.79,65.11,21.284,48438300
2015-12-04,64.5,65.085,63.48,64.7,21.1499,65678562
2015-12-07,63.1,63.19,61.35,62.24,20.3458,65600758
2015-12-08,60.87,62.44,60.25,61.6,20.1366,54673860
2015-12-09,61.88,63.73,61.533,62.41,20.4013,57513840
2015-12-10,62.44,63.74,62.01,62.81,20.5321,77829742
2015-12-11,61.73,61.96,60.4,60.46,19.7639,58007980
2015-12-14,60.17,61.1,59.52,60.78,19.8685,78233218
2015-12-15,61.64,62.6,61.56,62.31,20.3687,58140660
2015-12-16,62.07,62.72,61.24,61.9,20.2346,57502398
2015-12-17,61.94,62.06,60.38,60.38,19.7378,58149558
2015-12-18,59.9,59.94,58.77,58.79,19.3921,54278360
2015-12-21,58.8,59.32,58.21,58.85,19.4119,48030020
2015-12-22,59.06,59.915,58.77,59.54,19.6395,50583058
2015-12-23,60.735,62.17,60.53,62.13,20.4939,60420980
2015-12-24,62.21,62.29,61.35,61.57,20.3091,14431262
2015-12-28,60.5,60.82,60.14,60.45,19.9397,25107820
2015-12-29,61.49,61.665,60.54,60.87,20.0782,30212620
2015-12-30,60.03,60.89,59.99,60.05,19.8078,30102420
2015-12-31,59.77,60.64,59.58,60.32,19.8968,38404820
2016-01-04,60.16,60.78,59.3,60.3,19.8902,43617340
2016-01-05,60.26,60.5999,59.585,60.53,19.9661,31058400
2016-01-06,59.1,59.22,57.71,58.2,19.1975,53924160
2016-01-07,57.07,58.38,56.54,56.78,18.7291,56163782
2016-01-08,57.26,57.39,55.8435,56.05,18.4883,38454238
2016-01-11,56.28,56.35,54.16,54.85,18.0925,56889480
2016-01-12,55.7,55.88,53.46,54.98,18.1354,71188282
2016-01-13,55.65,56.0458,53.08,53.66,17.7,67916882
2016-01-14,54.21,56.46,53.36,55.97,18.462,76148640
2016-01-15,53.63,54.8675,53.32,54.35,17.9276,73760492
2016-01-19,54.76,55.015,52.33,53.18,17.5417,71744602
2016-01-20,52.13,52.55,49.93,51.77,17.0766,102614704
2016-01-21,51.71,54.03,51.37,53.38,17.6076,87341438
2016-01-22,55.33,56.12,54.45,55.74,18.3861,77245024
2016-01-25,54.68,56.08,53.1,53.14,17.5285,58240020
2016-01-26,54.1,55.22,53.4,55.15,18.1915,50709820
2016-01-27,54.77,56.42,54.2,54.89,18.1057,72988946
2016-01-28,56.97,57.19,55.43,56.56,18.6566,76343820
2016-01-29,56.66,58.27,56.49,58.21,19.2008,62996320
2016-02-01,57.24,57.67,56.39,57.235,18.8792,55370180
2016-02-02,55.84,56.095,55.045,55.33,18.2508,50462442
2016-02-03,56.125,57.35,54.11,57.3,18.9007,72881320
2016-02-04,57.42,58.5,57.0,57.27,18.8908,74112258
2016-02-05,56.5,56.74,55.47,55.94,18.4521,60481922
2016-02-08,54.83,56.0,54.0,55.65,18.3564,69613454
2016-02-09,54.82,55.49,53.44,54.31,17.9144,74822640
2016-02-10,54.15,55.32,53.51,54.09,17.8418,60431660
2016-02-11,53.15,54.27,52.37,53.861,17.7663,95973906
2016-02-12,54.6,55.52,54.11,55.28,18.2344,51564102
2016-02-16,56.21,56.38,55.02,55.83,18.4158,67600414
2016-02-17,56.5,57.91,56.2758,57.66,19.0194,58560102
2016-02-18,58.15,58.235,56.6599,56.94,18.7819,57664602
2016-02-19,56.18,56.83,55.7,56.81,18.739,50257500
2016-02-22,57.89,58.52,57.64,58.26,19.2173,49416540
2016-02-23,57.7,57.98,56.1699,56.27,18.5609,42910058
2016-02-24,55.22,56.9675,55.07,56.84,18.7489,50559660
2016-02-25,56.67,57.04,55.78,56.89,18.7654,37177878
2016-02-26,57.84,58.0,57.04,57.23,18.8776,42310140
2016-02-29,57.46,57.62,56.53,56.58,18.6632,45966578
2016-03-01,56.98,58.15,56.395,58.06,19.1513,47285980
2016-03-02,57.7,59.52,57.42,59.48,19.6197,53589942
2016-03-03,59.24,60.49,59.21,60.38,19.9166,48791218
2016-03-04,60.72,61.831,60.07,60.96,20.1079,61103218
2016-03-07,60.93,62.46,60.64,62.39,20.5796,66721000
2016-03-08,61.88,61.92,59.67,59.77,19.7154,59635180
2016-03-09,60.58,61.52,59.84,60.74,20.0354,50935180
2016-03-10,60.48,60.86,59.69,60.79,20.0519,57547640
2016-03-11,61.59,62.565,61.52,62.36,20.5697,49567300
2016-03-14,61.575,62.165,61.34,61.95,20.4345,43532122
2016-03-15,61.1,61.839,60.66,61.83,20.3949,43439200
2016-03-16,62.2,63.04,61.77,62.9,20.7478,53940738
2016-03-17,63.41,64.2775,62.84,63.7605,21.0317,56321622
2016-03-18,63.79,63.85,62.9,63.49,21.0921,60948020
2016-03-21,63.24,63.689,62.57,63.27,21.019,33397020
2016-03-22,62.53,63.49,62.49,62.92,20.9028,28360240
2016-03-23,62.47,62.7,61.42,61.54,20.4443,37747520
2016-03-24,60.69,61.84,60.4,61.84,20.544,31032060
2016-03-28,61.86,62.03,61.08,61.51,20.4343,23129740
2016-03-29,60.82,61.845,60.46,61.8,20.5307,28733880
2016-03-30,62.36,62.62,61.56,61.9192,20.5703,31489700
2016-03-31,61.68,62.365,61.58,61.89,20.5606,28092820
2016-04-01,60.82,61.24,60.6101,61.06,20.2848,29609580
2016-04-04,60.95,61.5899,60.43,60.6092,20.1351,31619060
2016-04-05,60.1,60.63,59.94,60.2,19.9991,32097700
2016-04-06,60.69,61.51,60.2381,61.5,20.431,36437578
2016-04-07,61.02,61.59,60.63,61.14,20.3114,27854120
2016-04-08,62.29,62.71,62.06,62.37,20.72,35333020
2016-04-11,62.87,63.06,62.11,62.11,20.6337,32471460
2016-04-12,62.35,64.325,62.22,63.96,21.2483,55260840
2016-04-13,63.93,64.45,63.48,64.26,21.3479,37405840
2016-04-14,64.53,64.54,64.025,64.41,21.3977,34871078
2016-04-15,64.05,64.16,63.455,63.5392,21.1085,28442320
2016-04-18,62.23,64.75,62.08,64.59,21.4575,41371602
2016-04-19,64.96,65.95,64.66,65.88,21.8861,34682762
2016-04-20,65.53,66.98,65.32,66.47,22.0821,42176660
2016-04-21,66.56,66.84,65.94,66.08,21.9525,38670122
2016-04-22,66.24,67.29,66.19,67.04,22.2715,31529020
2016-04-25,66.81,66.82,65.79,66.29,22.0223,34468500
2016-04-26,66.67,67.3778,66.51,67.35,22.3745,27171400
2016-04-27,67.7,68.78,67.65,68.63,22.7997,43924878
2016-04-28,68.32,68.815,67.35,67.61,22.4608,31110380
2016-04-29,67.76,68.42,66.47,67.5,22.4243,48214782
2016-05-02,67.38,67.6648,66.6,67.43,22.401,30131940
2016-05-03,66.52,66.64,65.43,65.84,21.8728,32316120
2016-05-04,65.88,66.34,64.5,64.89,21.5572,37210718
2016-05-05,65.99,66.35,64.88,65.42,21.7333,28704060
2016-05-06,65.0,66.07,64.83,65.27,21.6835,25090960
2016-05-09,64.9,65.04,63.5,64.32,21.3678,32041680
2016-05-10,64.65,65.47,64.62,65.45,21.7432,20702760
2016-05-11,65.29,66.23,64.76,65.65,21.8097,28429560
2016-05-12,66.24,66.74,65.34,65.8308,21.8698,24954340
2016-05-13,65.54,66.04,64.85,64.99,21.5904,24743700
2016-05-16,65.84,66.3,65.65,66.09,21.9559,27455380
2016-05-17,66.1,66.91,65.89,66.4,22.0588,31674680
2016-05-18,66.39,66.605,65.34,65.76,21.8462,45903540
2016-05-19,65.1,65.92,64.49,65.77,21.8496,33709700
2016-05-20,65.97,66.3,65.57,66.16,21.9791,19667024
2016-05-23,65.77,66.28,65.54,65.99,21.9226,20545060
2016-05-24,66.33,66.71,65.91,66.32,22.0323,22605820
2016-05-25,66.72,67.47,66.66,67.37,22.3811,28536200
2016-05-26,67.63,67.92,66.88,67.09,22.2881,21433600
2016-05-27,66.85,67.175,66.48,67.13,22.3014,18517402
2016-05-31,67.29,67.82,66.57,66.87,22.215,30812240
2016-06-01,66.22,67.09,66.05,66.89,22.2216,33391320
2016-06-02,66.38,66.84,66.13,66.8,22.1917,25699980
2016-06-03,66.8,67.15,66.145,66.54,22.1054,24315460
2016-06-06,67.19,68.07,67.07,68.0108,22.594,36447602
2016-06-07,68.23,69.73,68.21,69.55,23.1053,31236580
2016-06-08,69.97,70.26,69.2,69.39,23.0522,36259422
2016-06-09,68.59,69.21,68.52,68.86,22.8761,24681200
2016-06-10,68.15,68.59,67.28,67.37,22.3811,28980380
2016-06-13,67.04,68.08,66.97,67.17,22.3147,23175720
2016-06-14,66.89,67.47,66.37,67.13,22.3014,24404940
2016-06-15,66.88,67.775,66.495,66.9708,22.2485,33659058
2016-06-16,66.25,66.75,65.34,66.65,22.1419,39987378
2016-06-17,66.9,67.02,66.5,66.89,22.3681,34871878
2016-06-20,67.85,68.0,67.41,67.47,22.5621,21826480
2016-06-21,67.32,68.41,67.12,68.27,22.8296,22444600
2016-06-22,68.57,68.57,67.83,67.89,22.7025,20516440
2016-06-23,68.6,69.03,68.34,69.01,23.077,19076936
2016-06-24,66.35,67.545,66.29,66.78,22.3313,53759800
2016-06-27,65.87,65.93,64.11,64.64,21.6157,43649500
2016-06-28,65.85,66.45,65.475,66.44,22.2176,29100860
2016-06-29,66.85,68.1,66.85,67.7,22.639,32708860
2016-06-30,67.41,68.28,67.27,68.24,22.8195,24264540
2016-07-01,68.16,68.85,68.11,68.6,22.9399,25357660
2016-07-05,67.68,67.92,66.55,67.22,22.4785,30139840
2016-07-06,66.83,67.555,66.37,67.5092,22.5752,31794940
2016-07-07,67.91,68.34,66.35,66.8192,22.3444,28195580
2016-07-08,67.42,67.95,67.05,67.71,22.6423,23135800
2016-07-11,68.07,68.39,67.78,67.84,22.6858,19500772
2016-07-12,68.86,69.82,68.72,69.52,23.2476,31049080
2016-07-13,69.32,69.7,68.275,68.92,23.0469,25092500
2016-07-14,69.46,69.63,69.07,69.27,23.164,21797200
2016-07-15,69.52,69.682,68.975,69.23,23.1506,18259058
2016-07-18,69.03,69.31,68.5899,69.28,23.1673,18802262
2016-07-19,69.11,69.22,68.63,68.8892,23.0366,13983818
2016-07-20,68.61,69.13,68.04,68.79,23.0035,23109900
2016-07-21,68.6,69.23,67.94,68.11,22.7761,18513828
2016-07-22,68.26,68.43,67.881,68.32,22.8463,15981230
2016-07-25,67.87,68.02,66.71,66.96,22.3915,25543320
2016-07-26,66.57,67.41,66.53,67.35,22.5219,24787800
2016-07-27,67.44,67.93,66.4,66.69,22.3012,32355800
2016-07-28,66.61,67.02,66.23,66.7,22.3046,21726920
2016-07-29,65.75,67.46,65.69,67.38,22.532,33003578
2016-08-01,66.79,66.84,64.93,65.16,21.7896,61297040
2016-08-02,65.62,66.07,64.57,65.75,21.9869,51200160
2016-08-03,65.76,67.05,65.5,67.02,22.4116,47811238
2016-08-04,66.77,67.38,66.54,66.92,22.3781,33580442
2016-08-05,66.96,67.62,66.84,67.53,22.5821,22853560
2016-08-08,68.0,68.89,67.98,68.43,22.8831,43326800
2016-08-09,68.62,68.73,67.8001,68.07,22.7627,22256720
2016-08-10,68.21,68.36,67.19,67.33,22.5152,36073578
2016-08-11,67.62,68.61,67.47,68.32,22.8463,34859480
2016-08-12,68.5,68.91,68.32,68.7,22.9734,20379340
2016-08-15,69.09,69.39,68.89,69.25,23.1573,21406760
2016-08-16,69.13,69.58,68.71,69.36,23.1941,20485520
2016-08-17,69.02,69.61,68.95,69.57,23.2643,29438940
2016-08-18,69.81,71.0,69.74,71.0,23.7425,48297078
2016-08-19,70.77,70.77,70.15,70.41,23.5452,22091480
2016-08-22,69.8,69.93,69.28,69.6,23.2743,28273400
2016-08-23,69.6,70.27,69.6,70.0892,23.4379,24912480
2016-08-24,69.7,70.16,69.625,69.81,23.3446,32905282
2016-08-25,69.7,69.91,69.39,69.62,23.281,23791700
2016-08-26,69.74,70.28,69.05,69.38,23.2008,29150140
2016-08-29,69.18,69.91,69.1,69.85,23.3579,14787966
2016-08-30,70.01,70.28,69.345,69.61,23.2777,14265734
2016-08-31,69.22,69.32,68.13,68.51,22.9098,26465580
2016-09-01,68.22,68.475,67.77,68.31,22.843,33337040
2016-09-02,68.98,69.25,68.65,69.08,23.1004,21588780
2016-09-06,69.26,70.1775,69.2,70.12,23.4482,25688120
2016-09-07,70.44,70.67,70.13,70.52,23.582,30189100
2016-09-08,70.97,71.94,70.63,71.84,24.0234,36010700
2016-09-09,71.17,71.39,69.7,69.7,23.3078,43543660
2016-09-12,69.21,70.75,69.08,70.39,23.5385,43945800
2016-09-13,69.62,69.65,68.18,68.38,22.8664,49160718
2016-09-14,68.3,69.12,67.397,67.57,22.5955,52940320
2016-09-15,67.84,68.905,67.73,68.41,22.8764,34468000
2016-09-16,67.01,67.7,67.01,67.45,22.6915,34788820
2016-09-19,68.0,68.185,67.4,67.41,22.6781,23595020
2016-09-20,67.33,67.79,66.87,66.92,22.5132,28265880
2016-09-21,67.5,68.5,67.42,68.47,23.0347,40521782
2016-09-22,69.21,69.46,68.491,68.55,23.0616,26631840
2016-09-23,68.22,68.84,67.25,67.64,22.7555,46150360
2016-09-26,67.87,68.23,67.21,67.34,22.6545,26480300
2016-09-27,66.67,67.07,66.14,66.89,22.5031,38820442
2016-09-28,67.28,69.88,66.71,69.78,23.4754,82286882
2016-09-29,69.73,70.45,69.03,69.66,23.435,54003122
2016-09-30,70.15,70.98,69.7,70.61,23.7546,29429060
2016-10-03,70.73,70.84,69.97,70.56,23.7378,26309880
2016-10-04,70.62,70.79,69.555,69.84,23.4956,23705620
2016-10-05,70.55,71.235,70.48,70.91,23.8556,26702300
2016-10-06,71.12,71.35,70.38,71.02,23.8926,22351560
2016-10-07,71.03,71.33,70.4,70.61,23.7546,23488860
2016-10-10,71.31,71.98,71.24,71.72,24.1281,23069000
2016-10-11,71.47,71.59,70.51,70.9,23.8522,27424480
2016-10-12,70.6,70.845,70.0,70.6,23.7513,20878220
2016-10-13,70.16,70.57,69.29,70.21,23.6201,27086760
2016-10-14,70.57,70.8,69.75,69.8,23.4821,22744900
2016-10-17,69.82,70.04,69.0782,69.46,23.3677,14850028
2016-10-18,70.15,70.3,69.43,69.74,23.4619,13890132
2016-10-19,70.28,71.27,70.21,70.73,23.795,28631800
2016-10-20,70.31,70.945,69.92,70.65,23.7681,24989040
2016-10-21,70.19,70.31,69.78,70.19,23.6133,28476960
2016-10-24,70.19,70.43,69.2101,69.98,23.5427,21336900
2016-10-25,69.96,70.71,69.54,69.66,23.435,26454260
2016-10-26,69.04,70.115,68.92,69.82,23.4889,35735602
2016-10-27,70.12,70.22,69.535,69.56,23.4014,28412620
2016-10-28,69.44,70.43,68.93,69.37,23.3375,37116762
2016-10-31,69.12,69.49,68.5,68.62,23.0852,25947680
2016-11-01,69.13,69.37,67.8789,68.63,23.0885,37649578
2016-11-02,67.98,68.22,67.0,67.87,22.8328,45965960
2016-11-03,67.87,68.26,67.5,68.14,22.9237,25496120
2016-11-04,67.8,68.46,67.36,67.77,22.7992,35108160
2016-11-07,68.54,69.27,68.54,69.23,23.2904,29599040
2016-11-08,68.89,69.71,68.79,69.32,23.3206,22417420
2016-11-09,69.56,70.97,68.75,70.45,23.7008,51987540
2016-11-10,70.4,71.28,70.16,70.75,23.8017,41269660
2016-11-11,70.33,70.4659,68.8901,69.46,23.3677,35319422
2016-11-14,69.21,69.92,68.83,69.85,23.4989,25144020
2016-11-15,70.46,71.86,70.4,71.82,24.1617,38457422
2016-11-16,71.66,72.14,71.1,71.32,23.9935,33218200
2016-11-17,71.92,72.39,70.664,70.84,23.832,20675960
2016-11-18,71.09,71.53,70.73,71.13,23.9296,23924620
2016-11-21,72.13,72.9,72.13,72.82,24.4981,33750800
2016-11-22,72.84,73.2,71.9,72.78,24.4847,32026480
2016-11-23,72.43,73.3138,72.35,73.08,24.5856,22923920
2016-11-25,72.77,72.93,72.36,72.72,24.4645,17583566
2016-11-28,73.07,73.09,71.58,71.71,24.1247,37580180
2016-11-29,70.62,71.26,70.07,70.83,23.8286,36723480
2016-11-30,73.29,75.12,73.29,74.43,25.0398,89709602
2016-12-01,75.81,76.06,74.55,74.61,25.1003,54764762
2016-12-02,74.57,75.18,74.36,74.83,25.1743,36677700
2016-12-05,75.51,76.0968,75.19,75.49,25.3964,45070238
2016-12-06,75.03,75.65,74.575,75.35,25.3493,33927000
2016-12-07,75.18,76.0559,75.18,75.95,25.5511,32016540
2016-12-08,76.15,76.4599,75.56,76.36,25.689,29200320
2016-12-09,76.76,76.76,76.16,76.6,25.7698,17949662
2016-12-12,78.3,78.45,76.64,76.96,25.8909,32260380
2016-12-13,77.54,78.39,76.83,77.83,26.1836,32057100
2016-12-14,77.46,77.77,76.055,76.27,25.6588,39702738
2016-12-15,75.95,76.725,75.52,76.44,25.716,40503558
2016-12-16,76.58,76.58,76.12,76.51,25.8757,35729800
2016-12-19,76.43,76.57,76.01,76.16,25.7573,14226416
2016-12-20,76.55,76.65,75.78,75.99,25.6998,17964226
2016-12-21,76.15,76.46,75.73,76.11,25.7404,16205408
2016-12-22,76.16,76.62,76.01,76.42,25.8453,21940740
2016-12-23,76.3,76.505,76.18,76.35,25.8216,12796264
2016-12-27,76.47,76.78,76.4,76.52,25.8791,20017720
2016-12-28,76.69,76.72,75.63,75.69,25.5984,16187360
2016-12-29,75.58,75.8,75.27,75.54,25.5477,13394898
2016-12-30,75.47,75.89,75.08,75.32,25.4732,17706576
2017-01-03,76.11,76.81,75.36,76.17,25.7607,49246200
2017-01-04,76.23,76.37,75.76,76.01,25.7066,22371020
2017-01-05,76.06,76.34,75.4574,75.82,25.6423,22282360
2017-01-06,76.06,76.145,75.3925,75.89,25.666,14821096
2017-01-09,75.39,75.46,74.68,74.79,25.294,21921840
2017-01-10,74.73,74.9,74.05,74.11,25.064,19321686
2017-01-11,74.37,75.05,74.06,74.91,25.3346,26254080
2017-01-12,75.33,75.41,74.3,74.6,25.2297,21791200
2017-01-13,74.5,74.66,74.19,74.38,25.1553,19813320
2017-01-17,74.61,75.02,74.55,74.84,25.3109,19565918
2017-01-18,74.43,74.87,74.34,74.67,25.2534,17450322
2017-01-19,74.67,74.7,74.08,74.26,25.1148,18001840
2017-01-20,74.74,74.99,74.29,74.54,25.2095,18364442
2017-01-23,74.2,74.35,73.39,73.75,24.9423,30414080
2017-01-24,74.04,74.88,73.9,74.56,25.2162,23714480
2017-01-25,74.58,75.18,74.56,74.95,25.3481,18820562
2017-01-26,75.19,75.31,74.8479,75.01,25.3684,17303334
2017-01-27,74.55,74.63,74.01,74.23,25.1046,19901842
2017-01-30,73.89,73.93,72.36,72.87,24.6447,26572800
2017-01-31,72.91,73.02,72.13,72.9,24.6548,28014760
2017-02-01,73.29,73.385,71.91,72.36,24.4722,36848622
2017-02-02,72.48,72.9,71.9,72.77,24.6108,25760200
2017-02-03,73.06,73.78,72.63,73.4,24.8239,23657160
2017-02-06,73.51,73.65,72.57,72.78,24.6142,21043340
2017-02-07,72.46,72.8,71.37,71.75,24.2659,28315500
2017-02-08,71.42,72.08,70.65,71.92,24.3234,32296820
2017-02-09,72.35,72.95,72.35,72.73,24.5973,18523204
2017-02-10,73.31,73.69,73.06,73.28,24.7833,20810740
2017-02-13,73.13,73.45,72.99,73.42,24.8307,15969876
2017-02-14,73.63,73.69,72.74,73.66,24.9118,21543380
2017-02-15,73.44,73.76,73.13,73.37,24.8138,17853200
2017-02-16,73.44,73.54,72.26,72.37,24.4756,22750880
2017-02-17,72.0,72.21,71.74,71.97,24.3403,23290060
2017-02-21,72.65,72.85,72.35,72.46,24.506,23605040
2017-02-22,72.12,72.2,71.305,71.36,24.134,23078820
2017-02-23,72.16,72.28,71.21,71.66,24.2354,34780300
2017-02-24,71.14,71.41,70.63,70.99,24.0088,27995280
2017-02-27,71.06,71.91,70.94,71.6,24.2151,47372878
2017-02-28,71.39,71.715,71.18,71.38,24.1407,28036900
2017-03-01,72.04,73.14,71.99,72.81,24.6244,37995140
2017-03-02,72.45,72.81,72.09,72.12,24.391,21540560
2017-03-03,72.24,72.51,71.825,71.99,24.347,22332980
2017-03-06,71.87,72.25,71.59,72.15,24.4012,16749498
2017-03-07,72.41,72.43,71.42,71.51,24.1847,22923500
2017-03-08,71.22,71.64,69.62,69.65,23.5557,51132480
2017-03-09,69.3,70.15,68.89,70.11,23.7112,55541300
2017-03-10,70.56,70.65,69.6,70.01,23.6774,34958540
2017-03-13,69.94,70.36,69.78,70.02,23.6808,26157600
2017-03-14,69.48,69.49,68.62,69.23,23.4136,52769520
2017-03-15,69.82,70.93,69.48,70.77,23.9344,46410020
2017-03-16,70.92,70.92,70.07,70.27,23.7653,32555100
2017-03-17,70.14,70.29,69.8,69.8,23.748,28487820
2017-03-20,69.57,69.85,69.15,69.746,23.7296,24437340
2017-03-21,70.03,70.08,68.95,69.21,23.5473,33434378
2017-03-22,69.0,69.43,68.72,69.11,23.5132,24839220
2017-03-23,68.91,69.42,68.76,68.83,23.418,23600880
2017-03-24,68.93,69.08,68.43,68.56,23.3261,20884960
2017-03-27,67.91,68.43,67.86,68.24,23.2172,22982500
2017-03-28,68.34,69.38,68.1832,69.21,23.5473,55845180
2017-03-29,69.2,70.28,69.01,70.16,23.8705,37150398
2017-03-30,70.6,70.77,69.96,70.14,23.8637,31824640
2017-03-31,69.91,70.34,69.58,69.9,23.782,39722398
2017-04-03,70.01,70.06,69.08,69.78,23.7412,26266620
2017-04-04,69.93,70.345,69.26,70.29,23.9147,25947940
2017-04-05,70.88,71.49,69.965,70.07,23.8399,45467442
2017-04-06,70.35,70.83,70.16,70.63,24.0304,26249420
2017-04-07,70.67,70.86,70.2533,70.36,23.9385,25160600
2017-04-10,70.75,71.21,70.6,70.89,24.1188,21641880
2017-04-11,71.0,71.03,70.14,70.9,24.1222,27782940
2017-04-12,70.97,71.415,70.38,70.6,24.0202,22907140
2017-04-13,70.54,70.59,69.15,69.31,23.5813,35311922
2017-04-17,69.29,69.5305,69.12,69.46,23.6323,16024382
2017-04-18,69.15,69.61,68.665,68.81,23.4112,29500560
2017-04-19,68.98,69.1099,67.62,67.8,23.0675,36250800
2017-04-20,68.0,68.63,67.93,68.13,23.1798,32470840
2017-04-21,67.84,68.13,67.45,67.79,23.0641,28232120
2017-04-24,68.29,68.47,67.98,68.19,23.2002,26701360
2017-04-25,68.36,68.93,68.15,68.77,23.3976,31181920
2017-04-26,68.45,69.47,68.42,68.54,23.3193,37475160
2017-04-27,68.01,68.08,67.115,67.79,23.0641,41095442
2017-04-28,68.37,68.49,67.735,67.84,23.0811,28851920
2017-05-01,67.82,68.005,67.5,67.65,23.0165,18838852
2017-05-02,67.79,68.01,67.03,67.31,22.9008,32871282
2017-05-03,67.16,67.82,66.97,67.5,22.9655,33869558
2017-05-04,67.03,67.11,65.83,66.26,22.5436,67889078
2017-05-05,66.3,67.42,66.265,67.31,22.9008,37487500
2017-05-08,67.3,67.91,67.24,67.79,23.0641,37897460
2017-05-09,67.93,67.93,67.025,67.23,22.8736,21439420
2017-05-10,67.62,68.44,67.56,68.12,23.1764,36518340
2017-05-11,68.36,68.48,67.88,67.98,23.1288,23937360
2017-05-12,67.93,68.06,67.55,67.75,23.0505,21417200
2017-05-15,68.76,68.87,68.06,68.28,23.2308,26413740
2017-05-16,68.6,68.6,67.7,67.94,23.1152,23386780
2017-05-17,67.54,68.1195,67.24,67.27,22.8872,31213500
2017-05-18,66.97,67.585,66.72,67.25,22.8804,28229900
2017-05-19,67.58,68.22,67.42,68.08,23.1628,31249020
2017-05-22,68.44,68.48,67.69,67.93,23.1118,20678500
2017-05-23,68.11,68.18,67.7343,68.09,23.1662,18173662
2017-05-24,68.01,68.22,67.42,67.73,23.0437,27183080
2017-05-25,67.56,68.23,66.26,66.5,22.6252,46658500
2017-05-26,66.5,66.67,66.18,66.61,22.6627,26398280
2017-05-30,66.26,66.26,65.69,65.72,22.3599,29058220
2017-05-31,65.2,65.64,65.095,65.44,22.2646,32186060
2017-06-01,65.47,66.09,65.26,65.85,22.4041,35967340
2017-06-02,65.55,65.57,64.81,65.09,22.1455,33085102
2017-06-05,64.89,65.45,64.87,65.21,22.1863,25104940
2017-06-06,65.17,66.09,65.02,65.98,22.4483,29670560
2017-06-07,65.71,66.03,64.6,65.05,22.1319,45884262
2017-06-08,64.74,65.34,64.72,64.86,22.0673,39138680
2017-06-09,65.01,66.64,65.0,66.42,22.598,46368398
2017-06-12,67.01,67.5539,66.745,66.89,22.7579,45848782
2017-06-13,67.09,67.48,66.77,67.39,22.928,31615720
2017-06-14,67.21,67.21,65.66,66.17,22.513,60560442
2017-06-15,65.87,66.2,65.38,65.67,22.3428,38517782
2017-06-16,65.61,66.33,65.19,66.3,22.7125,49242020
2017-06-19,66.15,66.29,65.71,65.88,22.5686,31356760
2017-06-20,65.12,65.22,64.31,65.04,22.2809,32126860
2017-06-21,64.84,65.22,63.64,63.99,21.9212,54610922
2017-06-22,64.02,64.5,63.69,63.95,21.9075,30863220
2017-06-23,63.96,64.45,63.78,64.38,22.0548,29111000
2017-06-26,64.58,64.7,63.98,64.24,22.0068,27206720
2017-06-27,64.47,64.76,64.13,64.14,21.9726,28454940
2017-06-28,64.22,64.88,64.18,64.49,22.0925,33719820
2017-06-29,64.68,65.34,64.49,64.63,22.1404,38044860
2017-06-30,65.1,65.22,64.5,64.92,22.2398,39286300
2017-07-03,65.15,66.48,65.08,66.17,22.668,36805602
2017-07-05,65.84,65.9,64.585,64.83,22.2089,41976442
2017-07-06,64.94,65.13,63.97,64.11,21.9623,41577878
2017-07-07,63.9,64.1,63.29,64.01,21.928,32073500
2017-07-10,63.92,64.37,63.78,64.22,22.0,28307680
2017-07-11,64.33,64.8,63.93,64.57,22.1199,23799660
2017-07-12,65.21,65.37,64.47,64.75,22.1815,29637280
2017-07-13,64.8,65.06,64.44,65.01,22.2706,20113560
2017-07-14,65.05,65.52,64.99,65.4,22.4042,20545080
2017-07-17,65.28,65.765,65.22,65.32,22.3768,24429880
2017-07-18,65.65,65.67,64.735,65.01,22.2706,29913520
2017-07-19,64.94,66.02,64.89,65.96,22.5961,49605398
2017-07-20,66.33,66.565,65.58,65.76,22.5275,34318578
2017-07-21,65.54,65.85,65.02,65.11,22.3049,27722680
2017-07-24,65.25,65.35,64.84,64.99,22.2638,20866740
2017-07-25,65.77,66.28,65.62,65.81,22.5447,30958580
2017-07-26,66.18,66.64,65.7,65.88,22.5686,42422820
2017-07-27,65.9,66.58,65.6,66.55,22.7982,31631820
2017-07-28,66.33,67.1254,66.22,66.47,22.7708,29530020
2017-07-31,66.49,67.0,66.31,66.62,22.8222,27039000
2017-08-01,66.66,66.99,66.32,66.61,22.8187,25337360
2017-08-02,66.27,66.63,65.678,66.36,22.7331,30237060
2017-08-03,66.25,66.36,65.14,65.43,22.4145,30655600
2017-08-04,65.46,65.82,65.31,65.64,22.4864,18741970
2017-08-07,65.36,65.48,64.94,65.14,22.3151,22874520
2017-08-08,64.95,65.5599,64.8,64.99,22.2638,20858260
2017-08-09,65.09,65.455,64.81,65.05,22.2843,20875740
2017-08-10,65.16,65.27,64.25,64.36,22.0479,30524180
2017-08-11,64.16,64.52,63.88,63.94,21.9041,31981880
2017-08-14,64.06,64.34,63.67,63.75,21.839,22813400
2017-08-15,63.85,63.85,63.14,63.51,21.7568,25451240
2017-08-16,63.53,63.705,62.77,62.9,21.5478,33166660
2017-08-17,62.65,62.89,61.99,62.01,21.2429,29593860
2017-08-18,61.85,62.74,61.81,62.32,21.3491,37265320
2017-08-21,62.23,62.255,61.8,62.0,21.2395,20750360
2017-08-22,62.17,62.55,62.13,62.41,21.3799,30343640
2017-08-23,62.28,63.0,62.22,62.68,21.4724,23051940
2017-08-24,62.46,62.87,62.44,62.72,21.4861,20781020
2017-08-25,62.84,63.25,62.82,63.0,21.582,16440420
2017-08-28,63.03,63.24,62.38,62.72,21.4861,19912096
2017-08-29,62.42,62.72,62.18,62.64,21.4587,17454162
2017-08-30,62.4,62.8563,62.215,62.67,21.469,17328838
2017-08-31,62.94,63.13,62.73,62.97,21.5718,20667360
2017-09-01,63.07,63.79,62.91,63.58,21.7807,23191080
2017-09-05,63.84,64.24,63.48,63.93,21.9006,36229500
2017-09-06,64.25,65.15,64.22,64.97,22.2569,34104262
2017-09-07,65.0,65.25,64.66,65.09,22.298,17280664
2017-09-08,64.95,64.99,64.1,64.4,22.0616,20529480
2017-09-11,64.65,65.1,64.5,65.01,22.2706,27102120
2017-09-12,65.2,65.55,65.03,65.41,22.4076,18819394
2017-09-13,65.55,66.27,65.48,66.23,22.6886,31786560
2017-09-14,66.36,67.0,66.35,66.55,22.7982,29166800
2017-09-15,65.82,65.84,65.4,65.84,22.8521,26136260
2017-09-18,65.69,66.16,65.64,66.12,22.9493,25167100
2017-09-19,66.26,66.485,66.13,66.39,23.043,21008520
2017-09-20,66.58,67.02,66.521,66.84,23.1992,36547540
2017-09-21,66.75,67.025,66.56,66.86,23.2061,17748166
2017-09-22,66.8,67.39,66.73,67.2,23.3241,29295880
2017-09-25,67.51,68.37,67.445,68.17,23.6608,29667540
2017-09-26,68.0,68.265,67.81,68.14,23.6504,21421400
2017-09-27,68.2,68.45,67.82,68.43,23.7511,21836480
2017-09-28,68.58,68.9,68.3,68.49,23.7719,23599800
2017-09-29,68.25,68.49,68.03,68.48,23.7684,28574940
2017-10-02,67.75,68.48,67.49,68.46,23.7615,24833580
2017-10-03,68.37,68.62,68.24,68.39,23.7372,14479578
2017-10-04,68.39,68.59,68.1,68.34,23.7198,20395180
2017-10-05,68.39,68.76,68.35,68.65,23.8274,20323600
2017-10-06,68.0,68.375,67.84,68.07,23.6261,23926540
2017-10-09,68.15,68.415,68.07,68.21,23.6747,11528168
2017-10-10,68.69,68.93,68.2,68.27,23.6955,15527404
2017-10-11,68.19,68.465,67.91,68.43,23.7511,20574040
2017-10-12,67.91,68.265,67.8,68.18,23.6643,20362200
2017-10-13,68.58,68.78,68.1,68.14,23.6504,17787404
2017-10-16,68.35,68.6863,68.15,68.29,23.7025,15333828
2017-10-17,68.27,68.475,67.961,68.33,23.7163,16754272
2017-10-18,68.28,68.56,67.77,67.85,23.5497,15412624
2017-10-19,67.38,67.92,67.35,67.64,23.4769,15183758
2017-10-20,67.79,67.81,67.32,67.77,23.522,19640498
2017-10-23,67.82,68.04,67.36,67.42,23.4005,17310626
2017-10-24,67.66,67.85,67.405,67.55,23.4456,19640476
2017-10-25,67.43,67.625,66.87,67.08,23.2825,27045500
2017-10-26,67.11,67.44,66.82,67.22,23.3311,18724346
2017-10-27,66.87,67.7,66.34,67.34,23.3727,32375980
2017-10-30,67.44,67.88,67.3101,67.69,23.4942,23229620
2017-10-31,67.72,68.16,67.42,67.91,23.5706,19297960
2017-11-01,68.32,68.995,68.29,68.68,23.8378,34612500
2017-11-02,68.68,68.87,68.065,68.48,23.7684,22656600
2017-11-03,68.45,68.95,68.38,68.68,23.8378,22223760
2017-11-06,68.99,70.34,68.87,70.25,24.3827,38199942
2017-11-07,70.37,70.4651,69.79,70.16,24.3515,26820600
2017-11-08,69.99,70.17,69.4301,69.82,24.2335,28493240
2017-11-09,69.55,70.15,69.45,70.03,24.3064,25977720
2017-11-10,69.91,69.97,69.1301,69.66,24.178,21068480
2017-11-13,69.47,69.73,69.18,69.26,24.0391,14979596
2017-11-14,69.0,69.0,68.06,68.14,23.6504,33055378
2017-11-15,67.53,67.67,67.09,67.37,23.3831,35386262
2017-11-16,67.16,67.4,66.91,67.1,23.2894,25027900
2017-11-17,67.23,67.57,67.06,67.43,23.404,18344854
2017-11-20,67.35,67.41,66.975,67.27,23.3484,15570510
2017-11-21,67.53,67.8,67.28,67.42,23.4005,16928728
2017-11-22,67.82,67.955,67.65,67.69,23.4942,18614944
2017-11-24,67.96,68.1,67.87,67.88,23.5602,9981448
2017-11-27,67.59,67.67,67.045,67.19,23.3207,21191800
2017-11-28,67.26,67.81,67.18,67.71,23.5012,24226640
2017-11-29,67.68,68.205,67.54,68.08,23.6296,27198680
2017-11-30,68.24,69.23,68.24,69.1,23.9836,44607160
2017-12-01,69.59,70.16,68.94,69.68,24.1849,42376680
2017-12-04,69.75,70.75,69.43,69.65,24.1745,27151900
2017-12-05,69.65,69.9,69.27,69.35,24.0704,21379520
2017-12-06,69.15,69.27,68.351,68.45,23.758,24122320
2017-12-07,68.38,68.77,68.32,68.65,23.8274,17279956
2017-12-08,69.0,69.31,66.6863,69.28,24.0461,21393380
2017-12-11,69.41,70.135,69.37,69.78,24.2196,22633440
2017-12-12,70.05,70.13,69.495,69.59,24.1537,23516460
2017-12-13,69.59,69.75,69.285,69.49,24.119,18432098
2017-12-14,69.23,69.73,69.21,69.24,24.0322,23565700
2017-12-15,69.27,69.27,68.625,68.72,24.0106,20306820
2017-12-18,68.89,69.595,68.87,69.25,24.1958,19321370
2017-12-19,69.57,69.75,69.19,69.35,24.2308,13528494
2017-12-20,69.58,70.45,69.37,70.33,24.5732,24509000
2017-12-21,70.36,72.03,70.29,71.82,25.0938,33606262
2017-12-22,71.9,72.26,71.6001,71.97,25.1462,21321640
2017-12-26,72.23,72.72,72.08,72.6,25.3663,17262210
2017-12-27,72.61,72.64,72.214,72.36,25.2825,21710640
2017-12-28,72.35,72.47,72.225,72.47,25.3209,15933570
2017-12-29,72.66,72.7,72.1401,72.26,25.2475,14712744
2018-01-02,72.62,73.53,72.39,73.45,25.6633,29782700
2018-01-03,73.6,74.74,73.52,74.55,26.0476,38599262
2018-01-04,74.5,75.05,74.23,75.0,26.2049,28613680
2018-01-05,74.9,75.03,74.35,74.97,26.1944,28408860
2018-01-08,74.94,75.46,74.7353,75.42,26.3516,19558434
2018-01-09,75.57,75.59,75.11,75.23,26.2852,18468982
2018-01-10,75.45,75.5,75.08,75.14,26.2538,21643960
2018-01-11,75.4,76.95,75.13,76.68,26.7919,36179058
2018-01-12,76.7,77.62,76.7,77.42,27.0504,39638422
2018-01-16,77.6,77.65,76.3,76.44,26.708,33789878
2018-01-17,76.66,77.44,76.16,77.11,26.9421,28014760
2018-01-18,76.82,77.01,76.34,76.48,26.722,23029240
2018-01-19,76.31,76.41,75.88,76.38,26.687,25925500
2018-01-22,76.48,78.06,76.46,78.03,27.2635,34033442
2018-01-23,78.18,78.26,77.519,77.91,27.2216,20369880
2018-01-24,78.0,78.39,77.43,77.7,27.1482,25839340
2018-01-25,78.09,78.09,76.95,77.09,26.9351,23436900
2018-01-26,77.26,77.64,77.1,77.51,27.0819,15570612
2018-01-29,77.2,77.47,76.22,76.34,26.6731,25294340
2018-01-30,75.7,75.91,74.735,74.8,26.135,45503680
2018-01-31,75.0,75.1342,74.33,74.85,26.1525,31531100
2018-02-01,74.95,75.67,74.531,75.62,26.4215,36023122
2018-02-02,74.23,74.41,72.06,72.46,25.3174,62010820
2018-02-05,71.49,72.4,68.28,69.42,24.2552,69535282
2018-02-06,68.23,70.4699,67.9,69.97,24.4474,65630360
2018-02-07,70.19,71.065,68.79,68.8,24.0386,49207398
2018-02-08,68.87,69.15,66.6899,66.72,23.3118,55542238
2018-02-09,67.51,67.58,64.45,66.67,23.2944,70348180
2018-02-12,67.53,68.51,67.21,67.76,23.6752,49913718
2018-02-13,67.41,67.77,67.01,67.48,23.5774,24569900
2018-02-14,66.82,68.66,66.66,68.46,23.9198,39513840
2018-02-15,68.6,68.65,67.19,68.29,23.8604,32938738
2018-02-16,68.0,68.76,67.71,68.12,23.801,27582140
2018-02-20,68.26,68.76,67.44,67.75,23.6717,35616200
2018-02-21,67.55,68.18,66.61,66.61,23.2734,25090800
2018-02-22,67.09,68.33,66.918,67.34,23.5285,30660520
2018-02-23,67.67,68.85,67.55,68.8,24.0386,31369660
2018-02-26,69.15,69.35,68.805,69.21,24.1818,24312820
2018-02-27,69.35,69.9,68.3,68.31,23.8674,26931420
2018-02-28,68.67,68.92,66.71,66.74,23.3188,35243922
2018-03-01,66.67,67.685,66.16,66.64,23.2839,45949960
2018-03-02,66.18,67.19,65.65,66.95,23.3922,29157760
2018-03-05,66.64,67.8701,66.52,67.66,23.6403,25663060
2018-03-06,68.08,68.3333,67.36,67.7,23.6543,31355880
2018-03-07,66.97,67.68,66.56,67.19,23.4761,24725200
2018-03-08,67.34,67.54,66.69,67.17,23.4691,16026634
2018-03-09,67.69,68.51,67.63,68.45,23.9163,22786100
2018-03-12,68.49,68.93,68.09,68.43,23.9093,18972062
2018-03-13,68.64,68.95,67.66,67.94,23.7381,21461700
2018-03-14,68.2,68.39,67.4,67.54,23.5984,22696300
2018-03-15,67.79,68.08,66.68,67.19,23.4761,24817020
2018-03-16,66.75,67.61,66.62,67.31,23.6854,28685160
2018-03-19,67.1,67.19,65.89,66.27,23.3194,29049960
2018-03-20,66.63,67.28,66.54,66.83,23.5165,22518220
2018-03-21,67.23,69.02,67.02,68.58,24.1323,32879102
2018-03-22,67.82,68.18,67.05,67.18,23.6396,36967558
2018-03-23,67.52,68.3,66.62,66.77,23.4953,38428558
2018-03-26,67.54,68.07,66.76,67.97,23.9176,31906880
2018-03-27,68.26,68.54,66.94,67.33,23.6924,27846260
2018-03-28,67.37,67.6,65.91,66.02,23.2314,36457500
2018-03-29,66.31,67.675,66.3,67.41,23.7205,27995840
2018-04-02,67.15,67.27,64.925,66.06,23.2455,37986218
2018-04-03,66.31,67.53,65.68,67.47,23.7417,28228640
2018-04-04,66.44,67.5261,65.98,67.38,23.71,24981560
2018-04-05,67.55,69.02,67.55,68.59,24.1358,27056820
2018-04-06,68.16,68.49,66.46,67.35,23.6994,37767782
2018-04-09,67.67,68.53,67.4,67.67,23.812,21639660
2018-04-10,68.74,70.455,68.72,69.91,24.6003,45243660
2018-04-11,69.8,70.8,69.71,70.64,24.8571,42381898
2018-04-12,70.88,71.19,70.38,70.63,24.8536,28623240
2018-04-13,71.01,71.7,70.9101,71.41,25.1281,26660840
2018-04-16,71.57,72.465,71.19,72.14,25.385,28048680
2018-04-17,72.33,72.75,71.92,72.42,25.4835,32210540
2018-04-18,73.05,74.22,73.03,73.56,25.8846,34622942
2018-04-19,73.62,74.2,73.201,73.65,25.9163,36300680
2018-04-20,73.5,73.555,72.83,73.3,25.7931,27380840
2018-04-23,73.07,73.76,72.67,73.75,25.9515,29689260
2018-04-24,73.95,74.46,72.56,72.96,25.6735,45575020
2018-04-25,72.73,73.64,72.27,73.54,25.8776,26326620
2018-04-26,73.81,74.67,73.58,74.61,26.2541,24433780
2018-04-27,73.85,74.19,73.53,73.82,25.9761,21078600
2018-04-30,73.7,74.64,73.68,73.81,25.9726,25926380
2018-05-01,73.44,73.49,72.43,73.36,25.8143,27601860
2018-05-02,73.14,74.241,73.04,73.66,25.9198,26869480
2018-05-03,73.32,73.61,72.5,73.49,25.86,30659160
2018-05-04,73.29,74.11,72.99,73.85,25.9867,27170980
2018-05-07,74.43,75.57,73.8,73.95,26.0219,35947398
2018-05-08,73.98,74.57,72.64,74.53,26.226,57548122
2018-05-09,75.44,76.89,75.43,76.05,26.7608,49807878
2018-05-10,76.35,76.8,76.0,76.62,26.9614,27780180
2018-05-11,76.79,77.25,76.56,76.73,27.0001,24021320
2018-05-14,76.97,77.61,76.97,77.26,27.1866,20452640
2018-05-15,77.09,77.4,76.69,77.28,27.1936,20965380
2018-05-16,77.17,77.6,76.78,77.55,27.2887,23994320
2018-05-17,77.8,78.825,77.76,78.72,27.7004,32542640
2018-05-18,78.58,78.66,78.05,78.11,27.4857,28185360
2018-05-21,78.55,78.91,78.1545,78.91,27.7672,23026220
2018-05-22,78.9,79.4167,77.64,77.86,27.3977,33166800
2018-05-23,77.41,77.91,76.765,77.85,27.3942,33211578
2018-05-24,76.95,77.07,76.22,76.57,26.9438,38309500
2018-05-25,75.22,75.32,73.84,74.58,26.2436,64907040
2018-05-29,74.0,74.8064,73.655,74.35,26.1626,38654922
2018-05-30,74.99,76.94,74.96,76.6,26.9544,46044340
2018-05-31,76.04,76.925,75.86,76.02,26.7503,26517440
2018-06-01,76.28,76.885,75.97,76.38,26.877,28205100
2018-06-04,76.64,77.2,75.515,75.72,26.6447,27378420
2018-06-05,75.35,76.12,75.18,75.54,26.5814,27415860
2018-06-06,75.82,76.1,75.23,75.9,26.708,26958500
2018-06-07,76.3,77.49,76.28,77.05,27.1127,30357720
2018-06-08,77.14,77.35,76.42,76.9,27.0599,22473260
2018-06-11,76.88,77.645,76.72,77.3,27.2007,21435560
2018-06-12,77.3,77.48,76.5,76.71,26.9931,31414460
2018-06-13,76.47,76.87,76.105,76.42,26.891,25004220
2018-06-14,76.64,76.865,76.125,76.31,26.8523,20582280
2018-06-15,75.36,75.51,74.01,74.17,26.2757,32178800
2018-06-18,73.98,75.41,73.98,74.91,26.5379,26368740
2018-06-19,74.01,75.02,73.8,74.74,26.4776,25215280
2018-06-20,75.19,75.35,74.47,75.07,26.5946,23311860
2018-06-21,74.54,74.58,73.33,73.68,26.1021,30019600
2018-06-22,75.5,75.97,75.14,75.15,26.6229,56621878
2018-06-25,74.93,75.035,73.14,73.64,26.088,36760700
2018-06-26,73.83,74.86,73.57,74.57,26.4174,27058300
2018-06-27,75.19,76.51,75.16,75.57,26.7717,41167738
2018-06-28,75.68,75.96,74.89,75.47,26.7363,28570740
2018-06-29,75.68,76.74,75.68,75.94,26.9028,26335880
2018-07-02,75.41,75.43,74.41,74.82,26.506,30593100
2018-07-03,75.6,76.46,75.115,75.29,26.6725,18616354
2018-07-05,75.75,75.99,74.99,75.21,26.6441,19939074
2018-07-06,74.98,75.91,74.63,75.67,26.8071,18620858
2018-07-09,76.13,76.91,76.09,76.8,27.2074,22118320
2018-07-10,77.27,78.0,77.18,77.37,27.4094,22007520
2018-07-11,76.65,77.12,75.23,75.73,26.8284,38725540
2018-07-12,75.93,76.35,75.32,75.86,26.8744,25136060
2018-07-13,75.93,76.72,75.73,76.26,27.0161,22846180
2018-07-16,75.51,75.88,74.735,75.38,26.7044,22781480
2018-07-17,75.13,75.5,74.66,75.08,26.5981,19506366
2018-07-18,74.72,75.24,73.98,75.13,26.6158,30703040
2018-07-19,74.93,75.47,74.85,75.15,26.6229,32463620
2018-07-20,75.15,75.32,74.65,74.89,26.5308,21722640
2018-07-23,75.1,75.15,74.425,74.56,26.4139,15247698
2018-07-24,74.89,75.94,74.7901,75.5,26.7469,20337000
2018-07-25,75.6,76.315,75.23,76.13,26.9701,22075100
2018-07-26,76.29,77.095,76.14,76.96,27.2641,24374780
2018-07-27,76.1,77.03,76.0,76.63,27.1472,25285620
2018-07-30,77.24,77.56,76.98,77.26,27.3704,22790000
2018-07-31,77.4,77.61,76.9442,77.12,27.3208,22581420
2018-08-01,76.45,76.48,75.64,76.05,26.9417,22345260
2018-08-02,75.49,75.775,75.0,75.63,26.7929,19379516
2018-08-03,75.49,75.625,74.86,75.24,26.6548,15326674
2018-08-06,75.46,75.88,75.01,75.52,26.754,16400186
2018-08-07,76.29,76.5,75.84,76.08,26.9524,23596680
2018-08-08,75.55,75.81,75.075,75.53,26.7575,18802110
2018-08-09,75.59,75.73,74.71,74.83,26.5095,30464940
2018-08-10,74.66,75.29,74.51,75.29,26.6725,33955460
2018-08-13,75.15,75.41,74.29,74.33,26.3324,19634288
2018-08-14,74.9,75.01,74.201,74.51,26.3962,20875740
2018-08-15,73.8,73.92,71.7,71.91,25.4751,52800898
2018-08-16,72.26,72.84,72.22,72.43,25.6593,50027460
2018-08-17,72.62,72.8,72.345,72.61,25.7231,23065960
2018-08-20,72.63,73.355,72.6,73.1,25.8967,16691484
2018-08-21,73.71,74.06,73.3899,73.47,26.0277,19018278
2018-08-22,73.93,74.585,73.88,74.35,26.3395,18690766
2018-08-23,74.0,74.13,73.72,74.0,26.2155,12937788
2018-08-24,74.46,74.98,74.39,74.54,26.4068,15506568
2018-08-27,74.79,75.185,74.68,75.09,26.6016,13969758
2018-08-28,75.23,75.54,74.72,74.77,26.4883,16786958
2018-08-29,75.01,75.54,74.78,75.23,26.6512,15520892
2018-08-30,75.2,75.35,74.625,75.02,26.5768,18501082
2018-08-31,74.79,74.81,74.13,74.44,26.3714,17819318
2018-09-04,74.78,74.84,73.98,74.28,26.3147,30189480
2018-09-05,73.94,74.22,73.19,74.18,26.2793,19196234
2018-09-06,73.9,74.15,72.6149,72.81,25.7939,28812800
2018-09-07,72.54,72.93,71.78,72.8,25.7904,20268740
2018-09-10,73.17,73.47,72.745,72.77,25.7797,17823326
2018-09-11,72.7,73.88,72.5,73.46,26.0242,28563140
2018-09-12,74.06,74.57,73.82,73.84,26.1588,25378840
2018-09-13,73.72,74.01,73.23,73.87,26.1694,22074900
2018-09-14,73.88,74.54,73.85,74.26,26.3076,18988680
2018-09-17,74.45,74.88,74.2026,74.38,26.3501,29457800
2018-09-18,74.91,75.375,74.855,74.87,26.5237,20446940
2018-09-19,74.89,75.41,74.82,75.1,26.6052,21823080
2018-09-20,75.42,75.71,75.03,75.12,26.6123,25024740
2018-09-21,75.01,75.35,74.5,75.1,26.7882,27420200
2018-09-24,75.76,76.53,75.7,76.2,27.1805,25569020
2018-09-25,76.68,77.0133,76.58,76.69,27.3553,26055140
2018-09-26,76.22,76.62,75.815,75.95,27.0914,25457120
2018-09-27,76.25,76.35,75.745,75.95,27.0914,21344300
2018-09-28,75.59,76.54,75.55,75.74,27.0165,29666140
2018-10-01,76.02,77.11,76.02,76.79,27.391,25425820
2018-10-02,76.98,77.13,76.34,76.87,27.4195,18937300
2018-10-03,77.2,77.72,76.98,77.49,27.6407,26489600
2018-10-04,77.24,77.71,76.7199,77.17,27.5265,30385480
2018-10-05,77.09,77.4095,76.685,77.16,27.523,23966480
2018-10-08,76.59,77.22,76.29,77.1,27.5016,23157340
2018-10-09,77.37,78.36,77.04,77.79,27.7477,33634020
2018-10-10,77.92,78.046,75.0,75.35,26.8773,52810540
2018-10-11,74.62,74.67,72.25,72.8,25.9678,71184226
2018-10-12,73.52,73.74,71.89,73.0,26.0391,47157922
2018-10-15,72.99,73.29,72.37,72.39,25.8215,23180740
2018-10-16,72.59,73.12,72.2903,72.99,26.0355,29142780
2018-10-17,72.85,73.07,71.905,72.53,25.8715,31608600
2018-10-18,71.86,72.84,71.71,72.17,25.743,33174180
2018-10-19,71.81,72.58,71.48,71.53,25.5148,27136880
2018-10-22,71.48,71.63,70.31,70.74,25.233,24588980
2018-10-23,69.7,69.72,67.91,68.89,24.5731,52955460
2018-10-24,69.22,69.24,66.15,66.17,23.6028,56200398
2018-10-25,66.98,67.67,66.53,66.98,23.8918,50667140
2018-10-26,66.43,67.3,65.38,66.48,23.7134,51159878
2018-10-29,66.97,67.06,64.37,65.24,23.2711,48919700
2018-10-30,65.2,66.91,64.9,66.75,23.8097,52794700
2018-10-31,67.4,68.29,67.07,67.16,23.956,34575602
2018-11-01,67.3,68.05,66.61,67.73,24.1593,42951622
2018-11-02,68.48,68.98,66.88,67.56,24.0987,42424960
2018-11-05,68.38,68.96,68.225,68.69,24.5017,26463260
2018-11-06,68.86,69.16,68.19,69.01,24.6159,26144240
2018-11-07,69.9,70.36,69.1,70.14,25.0189,33326422
2018-11-08,69.82,70.37,68.3679,68.62,24.4768,30290700
2018-11-09,67.71,68.94,67.34,68.5,24.434,45835640
2018-11-12,68.97,69.26,66.94,67.08,23.9274,36083262
2018-11-13,66.89,67.25,65.19,65.54,23.3781,65464282
2018-11-14,66.56,66.81,64.83,65.43,23.3389,45084218
2018-11-15,65.01,66.475,64.43,66.39,23.6813,31348480
2018-11-16,66.8,67.405,66.47,67.18,23.9631,39510942
2018-11-19,66.77,67.43,66.56,67.16,23.956,31167660
2018-11-20,66.28,66.44,64.46,64.96,23.1712,52648762
2018-11-21,65.47,66.68,65.32,65.98,23.5351,34661878
2018-11-23,64.34,64.57,63.44,63.91,22.7967,28843540
2018-11-26,64.38,65.3,64.37,64.87,23.1391,33365500
2018-11-27,64.54,65.16,64.32,64.69,23.0749,44528578
2018-11-28,64.63,65.85,64.22,65.8,23.4709,42296460
2018-11-29,65.85,66.76,65.755,66.23,23.6242,28828920
2018-11-30,65.65,66.3,65.32,66.11,23.5814,36258040
2018-12-03,67.62,67.99,66.79,67.58,24.1058,43988238
2018-12-04,67.61,67.83,65.52,65.64,23.4138,36593040
2018-12-06,64.2,64.53,63.07,64.43,22.9822,70712140
2018-12-07,65.66,66.63,63.96,64.07,22.8538,54891442
2018-12-10,63.62,63.93,61.62,63.07,22.4971,46765558
2018-12-11,64.04,64.16,62.43,63.09,22.5042,34483238
2018-12-12,64.12,64.55,63.3,63.34,22.5934,38534718
2018-12-13,63.19,63.94,62.91,63.54,22.6647,30597940
2018-12-14,63.15,63.41,61.79,62.09,22.1475,45787622
2018-12-17,61.93,62.45,60.52,60.96,21.7444,41464602
2018-12-18,60.85,61.0661,59.191,59.52,21.2308,53233980
2018-12-19,59.83,60.96,58.33,58.82,20.9811,91097820
2018-12-20,58.1,58.99,56.84,57.19,20.3997,77008758
2018-12-21,56.67,57.61,55.64,56.11,20.2017,74788226
2018-12-24,55.45,55.72,53.79,53.84,19.3844,31211840
2018-12-26,54.36,57.2,53.36,57.19,20.5905,58193942
2018-12-27,56.04,57.56,55.28,57.49,20.6985,48754602
2018-12-28,57.75,58.01,56.7001,57.05,20.5401,38874840
2018-12-31,57.56,57.77,56.6799,57.35,20.6481,37410602
2019-01-02,56.44,58.87,56.1511,58.48,21.055,49785300
2019-01-03,58.65,58.86,57.24,57.9,20.8461,36048102
2019-01-04,58.9,60.05,58.56,59.87,21.5554,42702960
2019-01-07,60.32,61.1998,59.52,60.76,21.8758,36113820
2019-01-08,61.61,61.75,60.9,61.23,22.0451,37384622
2019-01-09,62.05,62.41,61.41,62.2,22.3943,37513558
2019-01-10,61.73,62.46,61.38,62.38,22.4591,38335200
2019-01-11,62.06,62.4084,61.46,62.01,22.3259,28211900
2019-01-14,61.42,62.11,61.33,61.86,22.2719,26383480
2019-01-15,62.2,62.67,61.77,62.08,22.3511,19642934
2019-01-16,62.01,62.51,61.79,62.0,22.3223,25082260
2019-01-17,61.53,62.84,61.39,62.57,22.5275,20349660
2019-01-18,63.31,63.89,62.94,63.84,22.9848,29063520
2019-01-22,63.14,63.28,62.28,62.45,22.4843,39726340
2019-01-23,62.67,62.75,61.3,61.81,22.2539,46735300
2019-01-24,61.68,62.7,61.43,62.14,22.3727,26098360
2019-01-25,62.67,63.3222,62.5715,62.93,22.6571,20467180
2019-01-28,62.1,62.33,61.62,62.3,22.4303,24045480
2019-01-29,62.66,62.91,62.44,62.49,22.4987,23768300
2019-01-30,62.88,63.57,62.54,63.37,22.8155,24233220
2019-01-31,63.47,64.075,63.3,63.78,22.9632,35688360
2019-02-01,64.47,65.27,64.26,64.89,23.3628,29544820
2019-02-04,64.45,65.06,63.97,65.04,23.4168,20216100
2019-02-05,64.99,65.25,64.78,65.14,23.4528,15705354
2019-02-06,64.83,65.01,64.6,64.66,23.28,13607618
2019-02-07,64.26,64.48,62.64,63.23,22.7651,29200960
2019-02-08,63.06,63.21,61.87,62.94,22.6607,21268820
2019-02-11,62.64,63.34,62.46,63.24,22.7687,24994780
2019-02-12,64.09,64.405,63.2996,64.04,23.0568,21354580
2019-02-13,64.3,65.35,64.23,64.84,23.3448,26123300
2019-02-14,64.61,65.5599,64.49,65.07,23.4276,20426820
2019-02-15,65.75,66.17,65.6,66.12,23.8056,20367680
2019-02-19,65.79,66.57,65.695,66.32,23.8776,17443262
2019-02-20,66.22,66.93,66.21,66.6,23.9785,19871386
2019-02-21,66.39,66.56,65.33,65.57,23.6076,23732240
2019-02-22,66.06,66.26,65.43,65.76,23.676,19896516
2019-02-25,65.55,66.09,65.49,65.87,23.7156,31808920
2019-02-26,65.81,66.26,65.64,65.66,23.64,21101360
2019-02-27,65.98,66.59,65.6,65.91,23.73,20588020
2019-02-28,65.92,66.01,64.84,65.25,23.4924,22498820
2019-03-01,65.6,66.46,65.6,66.45,23.9245,40656000
2019-03-04,66.69,66.85,65.57,66.57,23.9677,39560622
2019-03-05,66.66,66.69,65.88,66.35,23.8884,31615100
2019-03-06,65.81,65.95,65.18,65.51,23.586,45381840
2019-03-07,65.55,65.6,64.86,65.12,23.4456,46892340
2019-03-08,64.07,64.2,63.305,63.9,23.0064,31243060
2019-03-11,64.37,65.05,64.31,64.9,23.3664,26424180
2019-03-12,65.01,65.65,64.99,65.32,23.5176,22026280
2019-03-13,65.73,66.01,65.46,65.98,23.7552,26413580
2019-03-14,66.04,66.38,65.965,66.05,23.7804,24640840
2019-03-15,65.48,65.71,65.26,65.51,23.7709,24854720
2019-03-18,65.59,66.53,65.56,66.42,24.1011,20135820
2019-03-19,66.75,67.09,65.97,66.24,24.0357,25051920
2019-03-20,66.18,67.419,65.98,66.82,24.2462,27325720
2019-03-21,66.62,67.4,66.48,67.29,24.4167,35756102
2019-03-22,66.68,66.79,65.22,65.47,23.7563,39949960
2019-03-25,65.19,65.61,64.87,65.5,23.7672,24693080
2019-03-26,66.26,66.89,66.08,66.44,24.1083,23033080
2019-03-27,66.39,66.69,65.465,65.97,23.9378,19165294
2019-03-28,65.69,66.3,65.56,66.22,24.0285,18298318
2019-03-29,66.86,67.02,65.9,66.12,23.9922,20075240
2019-04-01,66.56,67.13,66.47,66.99,24.3079,24823500
2019-04-02,67.16,67.215,66.37,66.53,24.141,22304860
2019-04-03,66.72,66.85,65.655,65.89,23.9087,23979580
2019-04-04,65.93,66.49,65.61,66.44,24.1083,21008760
2019-04-05,66.62,67.685,66.59,67.61,24.5329,34538480
2019-04-08,67.71,68.25,67.63,67.91,24.6417,21204280
2019-04-09,67.71,67.71,66.87,67.08,24.3405,29083860
2019-04-10,67.23,67.64,67.15,67.33,24.4313,18751972
2019-04-11,67.27,67.845,66.855,67.38,24.4494,21828460
2019-04-12,68.35,68.4,67.39,67.56,24.5147,30853680
2019-04-15,67.48,67.64,67.05,67.16,24.3696,16601960
2019-04-16,67.4,67.7,67.155,67.6,24.5292,16260674
2019-04-17,68.01,68.16,67.415,67.51,24.4966,21869240
2019-04-18,67.7,67.79,67.02,67.19,24.3805,19519306
2019-04-22,67.81,68.655,67.62,68.61,24.8957,28329320
2019-04-23,68.66,68.81,68.0536,68.5,24.8558,20424440
2019-04-24,68.56,68.6,67.27,67.3,24.4204,22038100
2019-04-25,67.29,67.64,66.94,67.09,24.3442,24121820
2019-04-26,66.6,66.62,65.64,66.22,24.0285,33676782
2019-04-29,66.24,66.515,66.03,66.16,24.0067,25949080
2019-04-30,66.8,66.845,66.03,66.11,23.9886,28654300
2019-05-01,66.13,66.33,64.74,64.79,23.5096,44311980
2019-05-02,64.38,64.77,63.63,63.66,23.0996,56066020
2019-05-03,64.26,64.755,64.11,64.25,23.3137,39249122
2019-05-06,63.76,64.515,63.7,64.31,23.3354,40689320
2019-05-07,63.55,63.8,62.935,63.75,23.1322,30129440
2019-05-08,63.72,64.28,63.58,63.75,23.1322,19647414
2019-05-09,63.45,63.99,62.9132,63.75,23.1322,28819080
2019-05-10,63.75,64.21,62.85,64.05,23.2411,26149900
2019-05-13,63.47,63.775,62.65,62.95,22.8419,28140040
2019-05-14,63.29,64.255,63.23,63.72,23.1213,18483912
2019-05-15,63.36,64.19,63.19,64.05,23.2411,20184680
2019-05-16,64.21,64.64,64.21,64.4,23.3681,18753238
2019-05-17,63.97,64.32,63.67,63.75,23.1322,21111600
2019-05-20,63.76,64.08,63.65,63.78,23.1431,16372648
2019-05-21,64.05,64.7,63.97,64.52,23.4116,36760898
2019-05-22,64.13,64.28,63.31,63.52,23.0488,19274242
2019-05-23,62.46,62.51,61.02,61.39,22.2759,47927218
2019-05-24,61.88,62.12,61.085,61.62,22.3593,20306760
2019-05-28,61.66,61.77,60.89,60.98,22.1271,25861280
2019-05-29,60.14,60.625,59.78,60.59,21.9856,33903180
2019-05-30,60.49,60.6,59.63,59.82,21.7062,30347720
2019-05-31,59.0,59.54,58.77,58.77,21.3252,43797078
2019-06-03,59.17,59.81,59.08,59.52,21.5973,36049320
2019-06-04,60.08,60.69,59.92,60.55,21.9711,29486860
2019-06-05,60.67,60.69,59.52,59.88,21.728,31764100
2019-06-06,60.0,61.22,60.0,60.99,22.1307,64787840
2019-06-07,61.18,61.655,61.03,61.27,22.2323,31548140
2019-06-10,61.6,62.0,61.36,61.45,22.2977,19675650
2019-06-11,61.99,62.19,61.55,61.57,22.3412,19045258
2019-06-12,61.17,61.31,60.505,60.7,22.0255,27632900
2019-06-13,61.4,61.69,60.6838,61.41,22.2831,24383880
2019-06-14,61.56,61.57,60.8645,61.01,22.138,15832832
2019-06-17,60.88,61.69,60.69,61.52,22.3231,17590496
2019-06-18,61.92,62.74,61.81,62.37,22.6315,34444282
2019-06-19,62.28,62.66,61.97,62.3,22.6061,17655330
2019-06-20,63.3,63.78,63.23,63.68,23.1068,51907942
2019-06-21,63.2,63.785,63.2,63.56,23.274,32712660
2019-06-24,63.54,63.72,62.89,62.99,23.0653,20793340
2019-06-25,62.95,63.01,62.415,62.49,22.8822,23774660
2019-06-26,63.12,63.93,62.96,63.45,23.2337,28653560
2019-06-27,63.45,63.64,62.85,62.98,23.0616,21218000
2019-06-28,63.13,63.77,63.13,63.71,23.3289,34739480
2019-07-01,64.5,64.71,63.61,63.77,23.3509,29827720
2019-07-02,63.58,63.71,62.47,62.75,22.9774,24201040
2019-07-03,62.84,63.05,62.46,63.0,23.0689,13974692
2019-07-05,62.77,63.15,62.63,63.09,23.1019,14726712
2019-07-08,62.99,63.53,62.81,63.18,23.1348,17256964
2019-07-09,63.08,63.27,62.66,63.23,23.1531,14976262
2019-07-10,63.63,64.26,63.2093,64.04,23.4497,23534760
2019-07-11,64.23,64.24,63.77,64.17,23.4973,25362680
2019-07-12,64.21,64.66,64.21,64.44,23.5962,16162748
2019-07-15,64.55,64.59,63.72,63.86,23.3838,19077892
2019-07-16,63.73,63.84,62.925,63.18,23.1348,21174100
2019-07-17,63.13,63.33,62.42,62.46,22.8712,27329320
2019-07-18,62.16,62.47,61.795,62.47,22.8748,25511140
2019-07-19,62.53,62.965,62.24,62.76,22.981,19930578
2019-07-22,63.0,63.26,62.55,63.05,23.0872,15688368
2019-07-23,63.05,63.39,62.86,63.22,23.1495,14537636
2019-07-24,63.14,63.9,63.07,63.49,23.2483,19815468
2019-07-25,63.73,63.81,62.58,62.77,22.9847,20140700
2019-07-26,62.77,62.78,62.1801,62.45,22.8675,19307646
2019-07-29,62.4,62.45,61.74,62.2,22.776,16569876
2019-07-30,61.95,63.05,61.825,62.9,23.0323,21602700
2019-07-31,62.9,63.435,62.18,62.7,22.9591,30556080
2019-08-01,62.01,62.3,60.885,61.28,22.4391,50381200
2019-08-02,61.53,61.89,59.78,60.4,22.1169,43399860
2019-08-05,59.28,59.44,58.18,58.6,21.4578,55153782
2019-08-06,58.75,59.09,57.9,58.53,21.4321,33995020
2019-08-07,57.46,58.37,57.16,58.09,21.271,49604378
2019-08-08,58.48,59.79,58.21,59.76,21.8825,46535680
2019-08-09,59.81,59.94,58.85,59.1,21.6408,29186440
2019-08-12,58.96,59.05,58.135,58.4,21.3845,43837680
2019-08-13,58.14,59.4908,57.83,58.94,21.5822,28795460
2019-08-14,57.68,57.82,56.54,56.63,20.7364,47299460
2019-08-15,56.33,56.6,55.67,56.28,20.6082,28612180
2019-08-16,56.58,57.19,56.39,57.02,20.8792,42900622
2019-08-19,57.82,58.49,57.71,58.28,21.3406,27763740
2019-08-20,58.0,58.07,57.57,57.79,21.1612,19043756
2019-08-21,58.39,58.49,57.945,58.16,21.2966,24074800
2019-08-22,58.36,58.59,57.87,57.9,21.2014,18707042
2019-08-23,57.21,57.75,55.635,55.96,20.4911,48818282
2019-08-26,56.45,56.75,55.96,56.2,20.5789,21613160
2019-08-27,56.5,56.73,55.55,55.85,20.4508,23667480
2019-08-28,56.14,56.9295,55.8552,56.65,20.7437,31393080
2019-08-29,57.09,57.72,57.03,57.48,21.0476,24664620
2019-08-30,57.7,58.2,57.14,57.48,21.0476,26044680
2019-09-03,56.55,57.32,56.38,57.2,20.9451,27929600
2019-09-04,58.0,58.25,57.83,58.0,21.238,22382240
2019-09-05,58.51,59.365,58.42,58.72,21.5017,29077040
2019-09-06,58.6,59.1,58.27,59.03,21.6152,24468660
2019-09-09,59.51,60.35,59.39,60.21,22.0473,49514460
2019-09-10,60.58,61.8,60.46,60.92,22.3073,51436058
2019-09-11,61.26,61.74,60.65,60.98,22.3292,45504040
2019-09-12,60.21,61.0445,59.71,60.6,22.1901,38119040
2019-09-13,61.0,61.4,60.74,61.08,22.3659,28123160
2019-09-16,63.64,63.65,62.401,63.13,23.1165,61355622
2019-09-17,63.17,63.19,61.83,62.25,22.7943,52946360
2019-09-18,61.8,62.2041,61.52,61.95,22.6844,23235180
2019-09-19,62.32,62.46,61.6,61.79,22.6258,28058880
2019-09-20,61.27,61.515,60.98,61.28,22.6445,40329238
2019-09-23,60.87,61.459,60.8,61.3,22.6519,18674120
2019-09-24,61.11,61.17,59.965,60.33,22.2934,41149782
2019-09-25,60.05,60.5,59.9104,60.43,22.3304,20286540
2019-09-26,60.16,60.3,59.335,59.64,22.0385,28176680
2019-09-27,59.31,60.085,59.2,59.63,22.0348,31265260
2019-09-30,59.35,59.59,59.14,59.2,21.8759,39638942
2019-10-01,59.4,59.62,57.82,57.83,21.3696,32936262
2019-10-02,57.49,57.63,56.245,56.41,20.8449,38561340
2019-10-03,56.1,57.08,55.6436,57.02,21.0703,42373782
2019-10-04,57.26,57.455,56.68,57.38,21.2033,22122940
2019-10-07,57.47,57.69,56.84,56.87,21.0149,24608800
2019-10-08,56.29,56.73,55.82,55.9,20.6564,41604540
2019-10-09,56.4,56.72,56.3,56.41,20.8449,17869880
2019-10-10,56.6,57.27,56.51,57.12,21.1073,20750060
2019-10-11,57.71,58.425,57.61,57.89,21.3918,48391500
2019-10-14,57.47,58.065,57.25,57.86,21.3807,24333660
2019-10-15,57.74,58.68,57.67,58.1,21.4694,22534660
2019-10-16,57.9,58.31,57.27,57.29,21.1701,24011060
2019-10-17,57.53,57.71,57.15,57.33,21.1849,24578720
2019-10-18,57.18,57.64,57.02,57.03,21.074,20556320
2019-10-21,57.14,58.1,57.07,58.05,21.4509,21006980
2019-10-22,58.23,59.47,58.0533,58.8,21.7281,42216980
2019-10-23,58.7,59.41,58.45,59.29,21.9091,24427240
2019-10-24,59.63,59.67,58.73,59.04,21.8168,26411100
2019-10-25,59.06,59.69,58.98,59.52,21.9941,23749960
2019-10-28,59.72,60.059,59.08,59.18,21.8685,23513100
2019-10-29,58.96,59.92,58.76,59.42,21.9572,26936840
2019-10-30,59.56,59.59,57.98,58.21,21.51,31013380
2019-10-31,57.97,58.06,57.39,57.96,21.4177,30064880
2019-11-01,58.25,59.385,58.2,59.28,21.9054,26620200
2019-11-04,59.96,61.39,59.95,61.21,22.6186,43060422
2019-11-05,61.38,61.83,61.09,61.29,22.6482,35110122
2019-11-06,61.2,61.33,59.87,60.04,22.1863,35655800
2019-11-07,60.65,61.13,60.49,60.94,22.5189,26483420
2019-11-08,60.57,60.77,60.0,60.69,22.4265,20779700
2019-11-11,60.12,60.63,59.89,60.35,22.3008,28960940
2019-11-12,60.53,60.86,59.73,60.04,22.1863,25082500
2019-11-13,59.73,59.985,59.53,59.78,22.0902,21587900
2019-11-14,59.76,60.09,59.34,59.62,22.0311,16233954
2019-11-15,59.87,60.31,59.8,60.08,22.2011,18366926
2019-11-18,59.7,59.7673,59.1,59.35,21.9313,25509620
2019-11-19,59.16,59.21,58.4,58.47,21.6061,30760720
2019-11-20,58.45,59.49,58.09,59.06,21.8241,34294262
2019-11-21,59.26,60.08,59.065,60.03,22.1826,31283360
2019-11-22,60.08,60.37,59.71,59.83,22.1087,22983960
2019-11-25,59.76,59.99,59.53,59.89,22.1308,24676320
2019-11-26,59.97,59.99,59.12,59.34,21.9276,26806320
2019-11-27,59.41,59.61,59.0,59.49,21.983,19336548
2019-11-29,59.0,59.21,58.672,58.89,21.7613,15660452
2019-12-02,59.09,59.47,58.82,58.89,21.7613,30781980
2019-12-03,58.37,58.47,57.8,58.01,21.4361,34256622
2019-12-04,58.52,59.06,58.33,58.88,21.7576,34860840
2019-12-05,59.13,59.2,58.4,58.6,21.6542,21788320
2019-12-06,58.85,59.8952,58.84,59.72,22.068,33459300
2019-12-09,59.26,59.93,59.26,59.65,22.0422,17678118
2019-12-10,59.85,59.99,59.51,59.77,22.0865,17572276
2019-12-11,59.68,60.08,59.55,59.67,22.0496,24872680
2019-12-12,59.76,60.975,59.69,60.77,22.456,44984738
2019-12-13,60.98,61.37,60.27,60.31,22.2861,22743100
2019-12-16,60.74,61.36,60.71,61.12,22.5854,22273640
2019-12-17,61.38,61.71,60.93,61.16,22.6001,46309442
2019-12-18,61.09,61.775,61.01,61.39,22.6851,25884100
2019-12-19,61.4,61.5699,61.26,61.37,22.6777,25540200
2019-12-20,60.96,61.425,60.85,61.36,22.6742,34840102
2019-12-23,61.29,62.03,61.215,61.99,22.907,26949180
2019-12-24,62.13,62.22,61.845,61.96,22.8959,10074878
2019-12-26,62.23,62.44,61.86,61.94,22.8885,20314340
2019-12-27,62.17,62.23,61.64,61.68,22.7924,21437680
2019-12-30,60.12,60.23,59.61,59.7,22.7206,29265940
2019-12-31,59.4,60.1,59.23,60.04,22.85,21458040
2020-01-02,60.44,60.67,60.23,60.58,23.0555,23893940
2020-01-03,61.13,61.31,60.1,60.4,22.987,59031238
2020-01-06,60.61,61.18,60.4,60.87,23.1659,44921422
2020-01-07,60.7,60.77,60.0,60.71,23.105,22986780
2020-01-08,60.65,60.72,59.63,59.71,22.7244,38076160
2020-01-09,59.68,60.205,58.98,60.15,22.8919,30735200
2020-01-10,60.12,60.17,59.74,59.81,22.7625,18302704
2020-01-13,59.72,60.015,59.41,59.83,22.7701,17559382
2020-01-14,59.7,59.91,59.31,59.84,22.7739,34679738
2020-01-15,59.58,59.76,59.225,59.4,22.6064,21661600
2020-01-16,59.75,59.95,59.465,59.5,22.6445,16448974
2020-01-17,59.66,59.69,59.015,59.12,22.4999,23818240
2020-01-21,58.79,58.8,57.96,58.06,22.0964,34709122
2020-01-22,57.95,57.9887,57.34,57.5,21.8833,29355440
2020-01-23,56.9,57.455,56.46,57.28,21.7996,26556020
2020-01-24,57.02,57.2789,56.18,56.62,21.5484,40781122
2020-01-27,55.48,55.7,54.98,55.05,20.9509,43365078
2020-01-28,55.36,55.64,55.08,55.3,21.046,28600140
2020-01-29,55.61,55.81,54.65,54.72,20.8253,27497900
2020-01-30,54.15,55.215,54.01,55.16,20.9928,48861102
2020-01-31,54.23,54.38,53.16,53.44,20.3382,66861062
2020-02-03,53.37,53.45,52.55,52.74,20.0718,42580860
2020-02-04,53.5,53.92,52.83,52.93,20.1441,39639680
2020-02-05,53.81,55.11,53.78,54.92,20.9014,68763938
2020-02-06,55.18,55.18,54.27,54.36,20.6883,30801260
2020-02-07,53.95,54.21,53.7001,53.98,20.5437,27387380
2020-02-10,53.7,53.83,53.38,53.71,20.4409,29281180
2020-02-11,54.44,54.52,54.065,54.31,20.6693,27689180
2020-02-12,55.12,55.35,54.59,55.04,20.9471,34399622
2020-02-13,54.89,55.1801,54.55,54.87,20.8824,23949780
2020-02-14,55.06,55.1,54.24,54.58,20.772,25040220
2020-02-18,54.1,54.5707,53.625,54.13,20.6008,32629820
2020-02-19,54.49,55.07,54.1922,54.85,20.8748,24910860
2020-02-20,54.99,55.4,54.65,54.79,20.8519,26101660
2020-02-21,54.27,54.32,53.69,54.14,20.6046,27616420
2020-02-24,52.1,52.4,51.48,51.64,19.6531,66075000
2020-02-25,51.78,51.82,49.04,49.36,18.7854,85674656
2020-02-26,49.54,49.78,47.85,47.87,18.2183,97656624
2020-02-27,46.63,47.525,45.29,45.31,17.2441,122557454
2020-02-28,43.88,45.84,43.515,45.27,17.2288,137528640
2020-03-02,46.28,47.16,44.93,47.1,17.9253,73285344
2020-03-03,47.37,47.99,45.15,45.66,17.3773,97190624
2020-03-04,46.64,46.75,45.67,46.74,17.7883,48969078
2020-03-05,45.4,45.61,44.275,45.03,17.1375,58774640
2020-03-06,43.5,43.89,41.86,42.5,16.1746,123034812
2020-03-09,35.07,36.43,33.73,33.94,12.9169,133113906
2020-03-10,36.67,36.82,33.36,35.55,13.5296,96862282
2020-03-11,34.45,35.05,33.13,33.67,12.8141,86985742
2020-03-12,31.19,32.0,29.38,29.47,11.2157,77658140
2020-03-13,31.96,32.22,28.8,32.19,12.2509,68196844
2020-03-16,27.95,31.115,27.67,27.81,10.5839,80467188
2020-03-17,28.08,29.18,26.95,28.0,10.6562,90887118
2020-03-18,26.04,26.58,22.88,23.98,9.1263,104271618
2020-03-19,24.33,25.71,22.9801,25.61,9.7466,104452922
2020-03-20,26.26,26.835,24.76,25.86,9.8418,116714460
2020-03-23,25.13,25.29,23.15,23.57,9.1709,96520414
2020-03-24,25.4,27.49,25.4,27.35,10.6417,89022156
2020-03-25,27.95,30.0,26.74,28.64,11.1436,104869796
2020-03-26,28.93,31.0,28.57,30.39,11.8245,93836140
2020-03-27,29.12,29.21,28.16,28.33,11.023,73056844
2020-03-30,27.95,28.87,27.09,28.62,11.1358,84254796
2020-03-31,29.42,30.0,28.48,29.06,11.307,68701218
2020-04-01,28.12,28.48,27.2303,27.62,10.7467,47652922
2020-04-02,29.01,31.76,28.26,30.15,11.7311,146256296
2020-04-03,31.1,31.31,28.975,29.83,11.6066,127668656
2020-04-06,30.5,31.62,30.09,31.41,12.2214,75835800
2020-04-07,32.96,33.87,32.02,32.08,12.4821,103019000
2020-04-08,32.76,34.33,32.49,34.22,13.3147,83811618
2020-04-09,35.54,36.46,32.6245,33.91,13.1941,182763078
2020-04-13,35.09,35.22,33.26,33.8,13.1513,67685680
2020-04-14,33.97,34.38,33.42,33.64,13.0891,72648140
2020-04-15,32.3,32.38,31.06,32.06,12.4743,73421078
2020-04-16,31.98,32.08,30.645,30.69,11.9412,64605800
2020-04-17,31.33,33.99,31.31,33.95,13.2097,91706882
2020-04-20,31.95,34.1,31.78,32.89,12.7972,112789938
2020-04-21,31.94,32.895,31.39,32.31,12.5716,120861524
2020-04-22,33.77,33.99,33.01,33.46,13.019,73788282
2020-04-23,34.48,35.345,34.14,34.54,13.4392,83207296
2020-04-24,35.23,35.54,34.07,34.62,13.4704,64883040
2020-04-27,34.36,35.62,33.5758,35.37,13.7622,46576078
2020-04-28,35.9,36.4,35.32,36.18,14.0773,59138020
2020-04-29,37.37,38.99,37.34,38.86,15.1201,71074976
2020-04-30,39.08,39.08,37.44,38.0,14.7855,84040118
2020-05-01,37.22,37.5,35.41,35.85,13.9489,58531860
2020-05-04,35.19,37.12,35.02,37.09,14.4314,52780460
2020-05-05,38.61,38.92,36.99,37.12,14.4431,68733438
2020-05-06,37.3,37.62,36.12,36.15,14.0657,47350102
2020-05-07,37.17,37.7934,36.83,37.09,14.4314,48481000
2020-05-08,37.96,38.8,37.74,38.78,15.089,49681160
2020-05-11,38.52,38.63,37.9201,38.1,14.8244,46531320
2020-05-12,38.48,38.53,37.38,37.43,14.5637,56128980
2020-05-13,37.18,37.23,35.4695,35.73,13.9023,68994882
2020-05-14,35.1,36.4696,34.3,36.13,14.0579,61968378
2020-05-15,36.14,36.89,35.67,35.99,14.0034,54427718
2020-05-18,38.05,39.18,37.95,38.93,15.1473,73194796
2020-05-19,38.98,39.1,37.81,37.84,14.7232,53940640
2020-05-20,38.62,39.42,38.418,39.35,15.3108,54521300
2020-05-21,39.47,39.625,38.41,38.72,15.0656,56241738
2020-05-22,38.41,38.52,37.69,38.48,14.9723,38495000
2020-05-26,39.71,39.96,39.445,39.55,15.3886,74888562
2020-05-27,40.13,40.36,38.94,40.06,15.587,71225664
2020-05-28,40.16,40.16,38.75,38.94,15.1512,54358820
2020-05-29,38.6,39.05,37.95,38.76,15.0812,71509664
2020-06-01,38.7,39.655,38.18,39.44,15.3458,47739540
2020-06-02,39.87,40.58,39.82,40.54,15.7738,50318460
2020-06-03,41.18,41.92,41.1,41.73,16.2368,54601738
2020-06-04,41.5,41.9,40.9,41.74,16.2407,54849442
2020-06-05,43.83,45.245,43.79,44.84,17.4469,100393398
2020-06-08,46.47,46.88,45.43,46.86,18.2328,95069422
2020-06-09,45.36,45.49,44.475,45.1,17.548,87399000
2020-06-10,44.68,44.72,42.86,42.88,16.6843,80976898
2020-06-11,39.89,41.043,38.71,38.84,15.1123,96304476
2020-06-12,40.55,40.84,38.74,39.82,15.4936,85635054
2020-06-15,38.12,40.35,37.7,39.94,15.5403,65705602
2020-06-16,41.84,41.9,39.92,41.09,15.9878,64093398
2020-06-17,40.93,40.94,39.68,39.69,15.4431,46736058
2020-06-18,39.29,40.615,39.05,40.18,15.6337,36937860
2020-06-19,41.43,41.44,39.53,39.57,15.3964,53934180
2020-06-22,38.88,39.38,38.42,39.25,15.4677,38896398
2020-06-23,39.84,39.94,39.165,39.29,15.4835,29611660
2020-06-24,38.68,38.69,36.86,37.11,14.6244,64725942
2020-06-25,36.76,37.955,36.57,37.82,14.9042,48034442
2020-06-26,37.55,37.55,36.335,36.51,14.3879,67722204
2020-06-29,36.6,37.32,36.435,37.0,14.581,38905640
2020-06-30,36.7,38.07,36.315,37.85,14.916,41886878
2020-07-01,38.0,38.51,36.88,36.93,14.5534,49146840
2020-07-02,37.69,38.21,37.2572,37.34,14.715,41558340
2020-07-06,38.0,38.27,36.98,37.45,14.7584,45084340
2020-07-07,36.98,37.03,36.2,36.26,14.2894,41821820
2020-07-08,36.26,36.82,35.93,36.23,14.2776,41301718
2020-07-09,36.07,36.17,34.4,34.44,13.5722,61087160
2020-07-10,34.24,35.58,34.24,35.54,14.0057,50455942
2020-07-13,35.87,36.01,35.08,35.35,13.9308,74447562
2020-07-14,35.11,36.66,35.01,36.59,14.4195,68442242
2020-07-15,37.52,37.62,36.83,37.38,14.7308,51805058
2020-07-16,37.13,37.685,36.66,37.21,14.6638,37645520
2020-07-17,37.33,37.74,36.53,36.69,14.4589,35433800
2020-07-20,36.56,36.98,36.05,36.08,14.2185,40153040
2020-07-21,36.7,38.55,36.65,38.26,15.0776,72377680
2020-07-22,37.85,37.85,37.24,37.79,14.8924,39243378
2020-07-23,37.66,37.91,37.24,37.72,14.8648,42087782
2020-07-24,37.72,38.28,37.365,37.51,14.782,39901140
2020-07-27,37.46,37.72,36.99,37.55,14.7978,36461980
2020-07-28,37.33,37.685,36.81,36.91,14.5456,35553782
2020-07-29,37.01,37.71,36.76,37.68,14.849,34430040
2020-07-30,36.89,36.91,35.875,36.2,14.2658,65667438
2020-07-31,35.65,36.07,35.295,36.03,14.1988,49548840
2020-08-03,36.02,36.36,35.72,36.16,14.25,42211078
2020-08-04,36.04,37.12,36.0058,37.04,14.5968,45144262
2020-08-05,37.77,37.9,37.085,37.43,14.7505,61527000
2020-08-06,37.22,37.555,36.99,37.13,14.6323,38381480
2020-08-07,36.8,37.27,36.37,37.18,14.652,36753160
2020-08-10,37.46,38.345,37.37,38.33,15.1052,52616140
2020-08-11,39.08,39.53,38.02,38.2,15.0539,53026282
2020-08-12,38.78,39.03,38.17,38.58,15.2037,51067738
2020-08-13,38.27,38.59,37.74,37.83,14.9081,31522100
2020-08-14,37.53,38.25,37.39,38.19,15.05,26559320
2020-08-17,38.2,38.2197,37.76,37.97,14.9633,28511640
2020-08-18,37.83,38.1959,37.375,37.49,14.7741,28697540
2020-08-19,37.46,37.63,36.94,37.06,14.6047,29587880
2020-08-20,36.51,36.75,36.25,36.26,14.2894,38215378
2020-08-21,36.12,36.1901,35.69,36.03,14.1988,34695578
2020-08-24,36.25,37.28,36.035,37.02,14.5889,49653980
2020-08-25,37.22,37.27,36.32,36.5,14.384,40237102
2020-08-26,36.45,36.45,35.68,35.73,14.0805,36002442
2020-08-27,35.74,36.04,35.36,35.8,14.1081,44519300
2020-08-28,35.94,36.55,35.76,36.44,14.3603,29150100
2020-08-31,36.49,36.54,35.65,35.65,14.049,37583078
2020-09-01,35.49,35.57,34.97,35.41,13.9544,36521898
2020-09-02,35.4,35.61,35.02,35.24,13.8874,47700942
2020-09-03,35.17,35.9,34.77,34.98,13.785,78884640
2020-09-04,35.34,35.58,34.44,34.87,13.7416,68682040
2020-09-08,34.21,34.37,33.22,33.6,13.2412,98437696
2020-09-09,33.98,34.17,33.7101,33.83,13.3318,49955238
2020-09-10,33.93,33.97,32.53,32.59,12.8431,74006680
2020-09-11,32.66,32.83,32.35,32.62,12.855,50794540
2020-09-14,32.71,33.17,32.48,32.87,12.9535,38888422
2020-09-15,33.09,33.39,32.535,32.63,12.8589,51220878
2020-09-16,32.92,34.38,32.64,33.94,13.3751,71798040
2020-09-17,33.4,34.02,33.07,33.99,13.3948,44713480
2020-09-18,33.97,33.995,33.265,33.61,13.2451,52812738
2020-09-21,32.26,32.34,31.43,31.97,12.8059,61439160
2020-09-22,31.99,32.5,31.58,31.64,12.6737,44697442
2020-09-23,31.76,31.88,30.17,30.21,12.1009,52969200
2020-09-24,30.1,30.75,29.54,30.2,12.0969,70487562
2020-09-25,29.89,30.405,29.7,30.18,12.0889,55116860
2020-09-28,30.725,31.23,30.685,30.89,12.3733,52751942
2020-09-29,30.8,30.87,29.74,30.04,12.0328,47602980
2020-09-30,30.23,30.58,29.81,29.95,11.9968,49148980
2020-10-01,29.62,29.745,28.85,29.03,11.6283,56730500
2020-10-02,28.25,29.5599,28.2,29.31,11.7404,57410422
2020-10-05,29.57,30.21,29.495,30.19,12.0929,63144460
2020-10-06,30.63,30.8,29.66,29.74,11.9127,62223102
2020-10-07,29.91,30.24,29.565,30.16,12.0809,42086040
2020-10-08,30.41,31.31,30.265,31.29,12.5335,61126140
2020-10-09,31.57,31.65,30.735,30.79,12.3332,51035878
2020-10-12,30.69,30.98,30.37,30.87,12.3653,33369200
2020-10-13,30.87,31.05,30.3,30.39,12.173,50767540
2020-10-14,30.46,31.23,30.4,30.52,12.2251,54490960
2020-10-15,30.0,30.9,29.73,30.89,12.3733,40721160
2020-10-16,30.83,30.87,30.14,30.19,12.0929,37422980
2020-10-19,30.3,30.45,29.52,29.55,11.8366,50372102
2020-10-20,29.72,30.155,29.52,29.9,11.9767,45987558
2020-10-21,29.73,29.895,29.32,29.33,11.7484,49315262
2020-10-22,29.38,30.58,29.19,30.54,12.2331,65655422
2020-10-23,30.7,30.88,30.01,30.39,12.173,49975460
2020-10-26,29.87,29.91,29.01,29.3,11.7364,60801942
2020-10-27,29.27,29.28,28.85,28.92,11.5842,43193520
2020-10-28,28.21,28.3899,27.55,27.71,11.0995,81098180
2020-10-29,27.35,28.65,26.98,28.56,11.44,74504226
2020-10-30,28.36,28.74,28.03,28.72,11.5041,75807438
2020-11-02,29.11,30.09,28.57,29.7,11.8966,83786226
2020-11-03,30.2,30.22,29.26,29.53,11.8285,69754898
2020-11-04,29.57,30.28,28.77,29.57,11.8446,87227296
2020-11-05,29.61,30.16,29.51,29.57,11.8446,63591520
2020-11-06,29.57,30.01,28.81,28.93,11.5882,66446438
2020-11-09,32.4,33.79,28.9169,33.06,13.2425,198713422
2020-11-10,33.68,34.13,32.98,34.13,13.6711,146676188
2020-11-11,34.5,34.57,33.46,33.78,13.5309,93085000
2020-11-12,33.19,33.66,32.34,32.69,13.0943,77197218
2020-11-13,32.94,34.045,32.9,33.88,13.571,78881984
2020-11-16,35.32,36.19,34.885,36.11,14.4642,95865320
2020-11-17,35.64,36.5,35.17,36.48,14.6124,78020118
2020-11-18,36.79,36.93,35.42,35.42,14.1878,82000360
2020-11-19,35.17,36.07,34.81,36.0,14.4202,65872422
2020-11-20,35.91,36.07,35.5617,35.81,14.3441,39506500
2020-11-23,36.37,38.39,36.33,38.34,15.3575,76324680
2020-11-24,39.63,40.4163,39.275,40.31,16.1466,106932062
2020-11-25,40.05,40.05,39.15,39.37,15.7701,71352336
2020-11-27,39.15,39.47,38.6,38.91,15.5858,37510718
2020-11-30,38.48,38.53,36.695,36.76,14.7246,83087118
2020-12-01,37.78,37.99,36.865,36.93,14.7927,68958946
2020-12-02,36.81,38.71,36.685,38.13,15.2734,75483602
2020-12-03,38.3,39.0,37.91,38.53,15.4336,72975344
2020-12-04,39.23,40.655,39.23,40.63,16.2748,103700460
2020-12-07,40.15,40.24,39.3,39.68,15.8942,69313204
2020-12-08,39.19,40.665,39.18,40.27,16.1306,57854700
2020-12-09,40.68,41.34,39.87,40.36,16.1666,86691774
2020-12-10,40.41,42.08,40.3,41.6,16.6633,77604382
2020-12-11,41.32,41.33,40.54,41.12,16.471,56152200
2020-12-14,41.75,41.76,39.535,39.68,15.8942,79884336
2020-12-15,39.9,40.66,39.525,40.46,16.2067,58691520
2020-12-16,40.56,40.71,39.98,40.26,16.1266,47628860
2020-12-17,40.62,40.63,39.83,40.07,16.0504,46363378
2020-12-18,39.99,40.21,39.09,39.4,15.7821,73140304
2020-12-21,37.41,38.4646,37.015,38.13,15.4777,80158898
2020-12-22,38.05,38.18,37.45,37.49,15.2179,50208398
2020-12-23,37.81,38.85,37.8,38.32,15.5548,53931820
2020-12-24,38.37,38.37,37.74,38.12,15.4736,22902900
2020-12-28,38.26,38.74,37.7686,37.88,15.3762,37824558
2020-12-29,38.11,38.22,37.45,37.63,15.2747,37968500
2020-12-30,37.66,38.575,37.57,38.22,15.5142,56436622
2020-12-31,38.05,38.21,37.73,37.9,15.3843,36309700
2021-01-04,38.34,38.66,37.51,37.96,15.4087,67717664
2021-01-05,38.37,40.7,38.335,39.66,16.0987,95473438
2021-01-06,40.44,41.25,39.92,40.87,16.5899,86262734
2021-01-07,41.23,41.89,40.8,41.47,16.8335,51457200
2021-01-08,42.0,42.0,41.09,41.42,16.8132,62743942
2021-01-11,40.52,42.235,40.29,42.07,17.077,46903180
2021-01-12,42.58,43.77,42.26,43.54,17.6737,87947282
2021-01-13,43.69,43.71,42.87,43.2,17.5357,54764422
2021-01-14,43.47,45.0,43.43,44.48,18.0553,83314602
2021-01-15,43.69,43.7,42.33,42.75,17.353,95497000
2021-01-19,43.27,43.91,43.13,43.61,17.7021,55619480
2021-01-20,43.98,44.09,43.34,43.77,17.7671,50725622
2021-01-21,43.53,43.75,41.895,42.29,17.1663,59990102
2021-01-22,41.36,42.185,41.02,42.07,17.077,50444700
2021-01-25,41.61,41.77,40.88,41.64,16.9025,81823282
2021-01-26,42.01,42.64,40.73,40.75,16.5412,54999680
2021-01-27,40.08,41.32,39.51,40.2,16.3179,99867218
2021-01-28,40.53,41.16,40.16,40.67,16.5087,57248200
2021-01-29,40.1,40.62,39.175,39.32,15.9607,63068960
2021-02-01,39.8,40.0,38.94,39.6,16.0744,61021398
2021-02-02,40.55,40.99,40.025,40.03,16.2489,63929020
2021-02-03,40.24,41.849,40.09,41.74,16.9431,74385680
2021-02-04,42.05,42.21,41.305,42.2,17.1298,48327800
2021-02-05,42.86,43.0,42.435,42.56,17.2759,48196460
2021-02-08,43.18,44.5481,43.14,44.34,17.9984,62368238
2021-02-09,43.99,44.13,43.285,43.87,17.8077,64798718
2021-02-10,44.02,44.75,43.74,44.71,18.1486,58450980
2021-02-11,44.57,44.58,43.085,44.02,17.8686,49632680
2021-02-12,43.705,44.71,43.63,44.67,18.1324,47400860
2021-02-16,45.7,46.32,45.465,45.79,18.587,76593398
2021-02-17,46.26,46.765,45.59,46.47,18.8631,69070758
2021-02-18,46.27,46.36,45.275,45.42,18.4368,61360122
2021-02-19,45.48,46.36,45.425,46.18,18.7453,54404180
2021-02-22,46.49,48.465,46.41,47.78,19.3948,75644492
2021-02-23,48.35,48.71,46.51,48.57,19.7155,98370844
2021-02-24,48.89,50.58,48.48,50.29,20.4137,77748882
2021-02-25,50.81,50.81,48.98,49.32,20.0199,75887844
2021-02-26,48.66,48.8,46.73,48.15,19.545,90308812
2021-03-01,49.42,50.08,49.06,49.4,20.0524,69391586
2021-03-02,49.58,49.98,49.1,49.13,19.9428,74468180
2021-03-03,49.49,50.98,49.48,49.85,20.2351,82574438
2021-03-04,50.3,51.96,49.83,51.04,20.7181,107573844
2021-03-05,52.49,53.07,51.18,52.95,21.4934,112395758
2021-03-08,53.47,53.75,52.28,53.05,21.534,100610094
2021-03-09,52.75,53.5115,51.7475,52.12,21.1565,118889540
2021-03-10,52.2,53.62,51.95,53.44,21.6923,78416546
2021-03-11,53.55,54.365,53.34,53.46,21.7004,50797398
2021-03-12,53.56,54.0493,53.165,53.57,21.7451,59786738
2021-03-15,53.45,53.6,52.32,52.96,21.4975,60491700
2021-03-16,52.08,52.13,51.13,51.45,20.8845,77287078
2021-03-17,51.3,52.1,50.86,51.85,21.0469,64552262
2021-03-18,51.39,51.62,49.31,49.52,20.1011,87207102
2021-03-19,49.5,50.35,48.86,49.53,20.1052,81158492
2021-03-22,48.9,49.085,48.44,48.54,19.9123,59561738
2021-03-23,47.56,48.9,47.26,47.83,19.6211,103196226
2021-03-24,48.56,49.69,48.56,49.03,20.1133,81630718
2021-03-25,48.21,49.35,47.43,49.21,20.1872,80670258
2021-03-26,50.1,50.5,49.53,50.43,20.6877,72348624
2021-03-29,50.0,50.26,49.22,49.83,20.4415,47286140
2021-03-30,49.32,49.93,49.03,49.4,20.2651,53392262
2021-03-31,49.3,49.52,48.865,49.06,20.1257,48097398
2021-04-01,49.28,50.33,49.02,50.31,20.6384,65039500
2021-04-05,50.21,50.22,48.82,49.11,20.1462,53372282
2021-04-06,49.35,50.005,48.9,48.98,20.0928,53257800
2021-04-07,49.0,49.4,48.82,49.15,20.1626,49888700
2021-04-08,48.8,48.81,47.95,48.51,19.9,63766660
2021-04-09,48.5,48.92,47.97,48.19,19.7688,44373480
2021-04-12,48.61,48.96,47.64,47.81,19.6129,39196262
2021-04-13,47.73,48.12,47.38,47.86,19.6334,44825340
2021-04-14,48.28,49.835,48.23,49.19,20.179,66767860
2021-04-15,49.25,49.25,48.59,48.79,20.0149,49686238
2021-04-16,49.15,49.27,48.195,48.4,19.8549,57189020
2021-04-19,48.5,48.855,47.875,48.35,19.8344,40827878
2021-04-20,48.18,48.25,46.59,47.07,19.3093,72573922
2021-04-21,46.47,47.84,46.25,47.67,19.5554,56991058
2021-04-22,47.9,47.9157,46.9501,47.11,19.3257,50062898
2021-04-23,47.15,47.75,46.87,47.54,19.5021,33904738
2021-04-26,47.36,48.22,47.36,47.86,19.6334,35891782
2021-04-27,48.04,48.61,47.82,48.44,19.8713,42268878
2021-04-28,48.8,50.3,48.76,50.11,20.5564,65873976
2021-04-29,50.83,51.2899,50.05,50.67,20.7861,66042500
2021-04-30,49.95,50.64,49.28,49.39,20.261,58518960
2021-05-03,49.96,50.88,49.8,50.75,20.8189,45740078
2021-05-04,50.85,51.23,50.2,50.78,20.8312,53917520
2021-05-05,51.41,52.575,50.98,52.42,21.504,79621156
2021-05-06,52.41,52.69,51.435,52.69,21.6148,58710460
2021-05-07,52.15,53.715,51.96,53.63,22.0004,63196238
2021-05-10,54.3,55.14,53.61,53.65,22.0086,68998000
2021-05-11,52.53,53.2821,51.81,52.27,21.4425,113531820
2021-05-12,52.54,54.07,52.28,52.52,21.545,82195524
2021-05-13,51.89,52.85,51.18,51.88,21.2825,79698140
2021-05-14,52.45,53.69,52.45,53.49,21.9429,57183660
2021-05-17,53.3,54.75,53.22,54.73,22.4516,67377640
2021-05-18,54.65,54.845,53.36,53.46,21.9306,70435360
2021-05-19,52.21,52.72,51.4,52.13,21.385,87969640
2021-05-20,52.11,52.29,51.31,52.05,21.3522,56522660
2021-05-21,52.57,52.935,52.12,52.16,21.3973,50539782
2021-05-24,52.52,52.8,51.9319,52.68,21.6107,48020378
2021-05-25,52.55,52.69,51.53,51.61,21.1717,48558500
2021-05-26,51.66,52.255,51.42,52.07,21.3604,39554480
2021-05-27,52.28,52.75,51.82,52.11,21.3768,39053540
2021-05-28,52.4,52.47,51.93,52.21,21.4179,37130980
2021-06-01,53.24,54.3375,53.21,54.22,22.2424,72570304
2021-06-02,54.55,55.49,53.91,55.23,22.6567,67893438
2021-06-03,55.0,55.69,54.65,55.38,22.7183,58761660
2021-06-04,55.74,55.98,54.925,55.75,22.8701,52658820
2021-06-07,55.74,56.08,55.43,55.51,22.7716,40070378
2021-06-08,55.32,56.09,54.66,55.99,22.9685,57553000
2021-06-09,56.15,56.39,55.61,55.64,22.8249,56052238
2021-06-10,56.39,56.65,54.98,55.57,22.7962,57353898
2021-06-11,55.77,56.08,55.31,55.38,22.7183,38091500
2021-06-14,55.58,55.92,54.6905,55.14,22.6198,37745102
2021-06-15,55.49,56.335,55.35,56.19,23.0506,64285040
2021-06-16,56.1,56.545,55.4,55.89,22.9275,60786340
2021-06-17,55.75,56.22,53.26,53.99,22.1481,106941860
2021-06-18,52.86,53.53,52.35,52.39,21.4917,113812242
2021-06-21,52.29,54.165,52.29,54.07,22.4077,84366758
2021-06-22,53.94,54.64,53.35,54.43,22.5569,48344340
2021-06-23,54.93,55.55,54.48,54.58,22.619,40552980
2021-06-24,54.83,55.09,54.3,55.05,22.8138,41756800
2021-06-25,55.2,55.37,54.885,55.34,22.934,38329942
2021-06-28,55.1,55.13,53.25,53.47,22.159,65702898
2021-06-29,53.79,54.09,53.14,53.21,22.0513,31910960
2021-06-30,53.37,54.0284,53.32,53.87,22.3248,47034040
2021-07-01,55.1,55.27,54.3,54.81,22.7144,47251660
2021-07-02,54.58,54.87,54.11,54.69,22.6646,30471900
2021-07-06,54.51,54.61,52.69,52.91,21.927,68446242
2021-07-07,52.83,53.32,51.47,52.05,21.5706,60823860
2021-07-08,51.13,52.235,50.95,51.75,21.4462,49379762
2021-07-09,52.414,52.89,51.8,52.85,21.9021,51206078
2021-07-12,52.25,53.085,51.88,52.77,21.8689,41353058
2021-07-13,52.51,52.84,52.06,52.37,21.7032,49786800
2021-07-14,52.53,53.14,50.61,50.81,21.0567,66999398
2021-07-15,50.26,50.87,49.86,50.1,20.7624,59670800
2021-07-16,50.48,50.5,48.585,48.68,20.174,74253796
2021-07-19,47.02,47.63,46.3,46.96,19.4612,114994812
2021-07-20,46.98,48.09,46.58,47.59,19.7223,83342040
2021-07-21,48.53,49.65,48.42,49.25,20.4102,82042640
2021-07-22,49.2,49.2,48.28,48.7,20.1823,47270058
2021-07-23,48.86,48.88,48.03,48.52,20.1077,46951878
2021-07-26,48.64,49.92,48.55,49.72,20.605,47266200
2021-07-27,49.33,49.41,48.68,49.26,20.4143,46888360
2021-07-28,49.39,50.12,48.94,49.71,20.6008,39169282
2021-07-29,50.35,50.57,49.8901,50.19,20.7997,43794020
2021-07-30,50.09,50.3,49.09,49.39,20.4682,49600680
2021-08-02,49.42,50.62,48.94,49.02,20.3149,57810800
2021-08-03,48.86,49.96,48.4,49.86,20.663,64302102
2021-08-04,48.96,49.565,48.435,48.51,20.1035,64523840
2021-08-05,48.81,49.6619,48.6,49.06,20.3314,45799980
2021-08-06,49.48,49.9,49.24,49.51,20.5179,36214762
2021-08-09,48.85,49.2,48.48,48.81,20.2278,42193422
2021-08-10,49.07,49.8,49.01,49.67,20.5842,53283078
2021-08-11,49.54,50.145,49.23,50.06,20.7459,47686160
2021-08-12,50.02,50.29,49.4,50.01,20.7251,36538102
2021-08-13,50.04,50.04,49.3,49.42,20.4806,33050718
2021-08-16,48.75,48.77,48.08,48.51,20.1035,48259820
2021-08-17,48.04,48.79,47.58,48.01,19.8963,51108218
2021-08-18,48.0,48.375,46.9501,47.01,19.4819,56305762
2021-08-19,46.2,46.5,45.14,45.79,18.9763,99256258
2021-08-20,45.37,46.175,45.17,45.89,19.0177,61587558
2021-08-23,47.0,47.74,46.9,47.61,19.7305,58704422
2021-08-24,48.01,48.645,47.93,48.4,20.0579,45382122
2021-08-25,48.3,49.035,47.98,48.77,20.2113,39817540
2021-08-26,48.49,48.76,47.95,48.03,19.9046,41465340
2021-08-27,48.63,49.64,48.52,49.31,20.4351,46202660
2021-08-30,49.5,49.69,48.71,48.73,20.1947,31817780
2021-08-31,48.49,48.93,48.28,48.4,20.0579,53873180
2021-09-01,48.35,48.63,47.51,47.69,19.7637,63459840
2021-09-02,48.13,49.29,48.13,48.9,20.2651,61643300
2021-09-03,48.8,49.16,48.3904,48.62,20.1491,39167960
2021-09-07,48.39,48.995,48.15,48.33,20.0289,42481602
2021-09-08,48.6,48.92,47.68,47.71,19.772,43798300
2021-09-09,47.39,48.56,47.135,47.81,19.8134,50529520
2021-09-10,48.55,48.65,47.64,47.79,19.8051,37513078
2021-09-13,48.41,49.4905,48.41,49.16,20.3729,68499664
2021-09-14,49.6,49.689,48.235,48.45,20.0787,58935762
2021-09-15,49.14,50.3,49.06,50.26,20.8288,76694960
2021-09-16,50.21,50.22,49.415,49.69,20.5925,60643718
2021-09-17,49.44,50.22,49.191,49.32,20.4392,64459058
2021-09-20,47.55,47.81,46.47,47.24,19.815,85660016
2021-09-21,47.8,48.05,46.85,47.35,19.8611,51323500
2021-09-22,48.15,49.38,48.15,48.81,20.4736,79252140
2021-09-23,49.08,50.67,48.85,50.52,21.1908,49734300
2021-09-24,50.25,51.16,50.15,50.9,21.3502,55503058
2021-09-27,52.02,52.92,51.95,52.71,22.1094,81697360
2021-09-28,53.21,53.83,52.77,52.89,22.1849,132975296
2021-09-29,52.84,53.22,52.19,52.89,22.1849,69894360
2021-09-30,52.74,53.03,52.09,52.09,21.8494,89198844
2021-10-01,52.47,53.89,52.47,53.84,22.5834,83312016
2021-10-04,54.415,55.315,54.165,54.72,22.9525,114815774
2021-10-05,55.5,56.05,54.465,55.04,23.0868,98029618
2021-10-06,54.13,54.755,53.5,54.46,22.8435,100174868
2021-10-07,54.6,55.18,54.33,54.88,23.0196,77596156
2021-10-08,55.46,56.7,55.33,56.57,23.7285,86200414
2021-10-11,57.42,57.59,56.305,56.36,23.6404,86021508
2021-10-12,56.25,56.952,56.021,56.41,23.6614,71038258
2021-10-13,56.0,56.65,55.37,56.36,23.6404,57902540
2021-10-14,57.0,57.29,56.48,57.05,23.9299,46792218
2021-10-15,57.69,57.91,57.3,57.33,24.0473,45354820
2021-10-18,57.89,58.21,57.05,57.37,24.0641,65257540
2021-10-19,57.61,58.22,57.295,58.02,24.3367,44552500
2021-10-20,57.58,58.5,57.35,58.49,24.5339,50212520
2021-10-21,58.04,58.25,56.9401,57.41,24.0809,64241762
2021-10-22,57.62,57.995,57.075,57.95,24.3074,43005058
2021-10-25,58.66,59.12,58.35,58.8,24.6639,50112180
2021-10-26,59.0,59.41,58.7796,59.14,24.8065,45503180
2021-10-27,58.5,58.82,57.31,57.44,24.0934,68007562
2021-10-28,57.13,57.895,57.12,57.85,24.2654,46735000
2021-10-29,58.14,58.27,57.23,57.47,24.106,43997860
2021-11-01,58.04,58.62,57.88,58.46,24.5213,49656738
2021-11-02,58.12,58.57,57.72,57.91,24.2906,34125398
2021-11-03,57.21,58.03,56.97,57.43,24.0892,46674718
2021-11-04,58.28,58.43,56.99,57.51,24.1228,76363218
2021-11-05,58.3,58.52,57.775,58.26,24.4374,45207020
2021-11-08,58.75,59.4,58.465,58.79,24.6597,40022320
2021-11-09,58.86,59.045,58.02,59.03,24.7604,39377980
2021-11-10,58.78,58.97,57.125,57.47,24.106,72032922
2021-11-11,57.51,58.08,57.51,57.69,24.1983,48996578
2021-11-12,57.45,57.78,57.2,57.55,24.1396,34189980
2021-11-15,57.5,58.365,57.01,58.03,24.3409,42751320
2021-11-16,58.2,58.59,57.84,58.12,24.3787,40958840
2021-11-17,57.55,58.38,57.03,57.23,24.0054,47338980
2021-11-18,57.1,57.545,56.2,56.89,23.8627,57910922
2021-11-19,55.66,55.81,54.55,54.67,22.9316,91379618
2021-11-22,54.59,56.48,54.58,55.64,23.3384,67794656
2021-11-23,56.37,57.54,56.32,57.35,24.0557,67727296
2021-11-24,57.05,58.24,56.9725,57.91,24.2906,42868640
2021-11-26,55.04,55.76,54.14,55.58,23.3133,89454460
2021-11-29,56.79,57.36,55.72,55.9,23.4475,70882438
2021-11-30,54.85,55.68,54.32,54.59,22.898,92523938
2021-12-01,55.87,56.38,53.98,54.01,22.6547,89599360
2021-12-02,54.04,55.78,53.4,55.58,23.3133,100743820
2021-12-03,56.33,56.58,54.61,55.14,23.1287,75880226
2021-12-06,55.99,56.62,55.3,55.96,23.4726,63939102
2021-12-07,56.74,57.81,56.67,57.27,24.0221,73686704
2021-12-08,57.59,57.87,57.14,57.26,24.0179,47029980
2021-12-09,56.9,57.05,56.47,56.82,23.8334,46798820
2021-12-10,57.43,57.47,56.2201,57.24,24.0095,39051262
2021-12-13,56.73,56.9,55.38,55.65,23.3426,57207942
2021-12-14,55.31,56.2702,55.23,55.42,23.2461,57597700
2021-12-15,55.34,55.475,53.92,55.15,23.1329,67716180
2021-12-16,55.63,56.635,55.41,55.5,23.2797,53731800
2021-12-17,55.1,55.35,53.88,54.37,22.8057,69669132
2021-12-20,52.23,53.05,51.66,53.01,22.5232,72661586
2021-12-21,53.55,54.715,53.53,54.52,23.1648,50319378
2021-12-22,54.58,55.24,53.92,54.87,23.3135,42206160
2021-12-23,55.11,55.66,54.88,54.9,23.3262,33370558
2021-12-27,54.72,56.15,54.26,56.1,23.8361,43484320
2021-12-28,56.24,56.608,55.75,56.06,23.8191,35881460
2021-12-29,55.97,56.24,55.43,55.7,23.6661,30218140
2021-12-30,55.72,56.16,55.31,55.36,23.5217,27179980
2021-12-31,55.22,55.785,55.13,55.5,23.5811,26482360
2022-01-03,55.58,57.31,55.55,57.22,24.3119,65054282
2022-01-04,58.0,59.43,57.81,59.2,25.1532,79957602
2022-01-05,59.78,60.44,59.1,59.19,25.149,90804040
2022-01-06,60.58,60.845,59.66,60.51,25.7098,74681344
2022-01-07,60.74,61.5,60.32,61.34,26.0625,71169188
2022-01-10,61.48,61.6,60.3506,61.15,25.9817,66472960
2022-01-11,61.68,63.34,61.1601,63.23,26.8655,76887742
2022-01-12,63.57,63.735,62.89,63.35,26.9165,60496700
2022-01-13,63.35,63.86,62.77,63.03,26.7805,59553980
2022-01-14,63.09,64.615,63.05,64.51,27.4094,64800942
2022-01-18,65.2,65.53,63.78,64.77,27.5198,82182336
2022-01-19,65.27,65.34,63.79,64.3,27.3201,65978062
2022-01-20,63.88,65.42,63.58,63.71,27.0695,83980796
2022-01-21,62.99,63.39,61.785,62.45,26.5341,114539562
2022-01-24,60.97,63.09,59.84,62.87,26.7125,124589282
2022-01-25,62.63,65.55,61.47,65.31,27.7493,118434414
2022-01-26,66.0,66.53,64.49,65.2,27.7025,130725476
2022-01-27,66.35,67.06,64.82,65.91,28.0042,108901376
2022-01-28,65.47,66.27,64.26,65.63,27.8852,105302398
2022-01-31,65.48,66.34,64.44,65.92,28.0084,63298360
2022-02-01,65.53,68.43,65.38,68.27,29.0069,90444640
2022-02-02,67.92,68.62,67.08,68.49,29.1004,65197058
2022-02-03,68.21,68.35,67.1001,67.84,28.8242,61962540
2022-02-04,68.7,70.0,68.54,68.9,29.2746,81733438
2022-02-07,68.57,70.43,68.05,69.78,29.6485,65164922
2022-02-08,69.57,69.71,67.8,68.28,29.0112,75764242
2022-02-09,68.44,69.38,68.27,68.85,29.2534,70791438
2022-02-10,68.51,69.74,67.97,68.42,29.0707,75643242
2022-02-11,68.88,70.5,68.45,70.41,29.9162,93034016
2022-02-14,69.98,70.0599,67.93,68.75,29.2109,99633000
2022-02-15,67.06,68.19,66.68,68.03,28.905,86144796
2022-02-16,68.57,69.77,68.16,68.58,29.1386,73444226
2022-02-17,68.52,69.185,67.9403,68.47,29.0919,67622868
2022-02-18,67.5,68.59,67.39,68.05,28.9135,63291540
2022-02-22,70.11,70.11,65.94,66.95,28.4461,93002734
2022-02-23,67.34,68.16,66.95,67.64,28.7393,67957960
2022-02-24,69.08,69.16,65.361,67.11,28.5141,123485860
2022-02-25,67.26,68.95,67.26,68.88,29.2661,78422922
2022-02-28,68.39,70.66,68.01,70.58,29.9884,96394258
2022-03-01,71.21,72.49,70.29,71.29,30.2901,124230922
2022-03-02,72.38,73.5002,72.03,72.92,30.9826,90908204
2022-03-03,72.21,73.619,72.06,73.12,31.0676,89119758
2022-03-04,73.11,75.27,72.92,75.23,31.9641,105251774
2022-03-07,76.01,77.56,74.635,76.34,32.4358,131214718
2022-03-08,78.08,80.22,75.33,77.54,32.9456,196054376
2022-03-09,74.7,76.94,73.5,75.17,31.9386,174036484
2022-03-10,76.06,77.665,75.52,77.47,32.9159,137802688
2022-03-11,76.23,77.81,76.11,76.85,32.6524,91837718
2022-03-14,75.21,75.74,73.55,74.55,31.6752,101490016
2022-03-15,71.66,72.65,70.44,71.82,30.5153,124724398
2022-03-16,72.09,72.72,70.74,71.49,30.3751,107536118
2022-03-17,72.76,74.135,72.3089,73.95,31.4203,76956304
2022-03-18,73.82,74.38,73.3209,73.88,31.3905,58550782
2022-03-21,74.66,76.37,74.62,76.13,32.6559,68714868
2022-03-22,75.81,76.23,74.71,75.57,32.4157,66462102
2022-03-23,76.99,77.58,76.62,76.87,32.9733,58663058
2022-03-24,77.16,77.82,76.545,77.06,33.0548,52700558
2022-03-25,76.6,78.85,76.535,78.75,33.7798,56099238
2022-03-28,77.13,77.16,76.305,76.8,32.9433,69760382
2022-03-29,75.08,76.64,74.19,76.6,32.8575,73273938
2022-03-30,77.34,78.04,76.8571,77.49,33.2393,49736460
2022-03-31,76.76,78.21,76.43,76.44,32.7889,65606578
2022-04-01,76.34,77.775,76.29,77.06,33.0548,49612578
2022-04-04,77.56,77.81,76.34,77.16,33.0977,46007340
2022-04-05,77.3,78.49,75.86,75.95,32.5787,54577122
2022-04-06,76.78,77.47,75.975,76.4,32.7717,64328378
2022-04-07,76.76,77.66,75.34,77.4,33.2007,54097378
2022-04-08,77.61,79.75,77.61,79.53,34.1143,53426102
2022-04-11,78.68,78.7,76.965,77.14,33.0892,52461000
2022-04-12,78.7,79.85,78.265,78.42,33.6382,63929422
2022-04-13,79.38,79.81,78.07,79.59,34.1401,49295878
2022-04-14,79.21,80.48,79.09,79.85,34.2516,51869442
2022-04-18,80.51,81.5,80.01,81.02,34.7535,60913140
2022-04-19,80.6,81.39,79.89,80.36,34.4704,45727860
2022-04-20,80.57,81.1,79.792,80.67,34.6033,52079320
2022-04-21,81.15,81.51,77.81,78.11,33.5052,65157700
2022-04-22,77.8,78.915,76.165,76.2,32.6859,71499282
2022-04-25,73.8,74.075,71.0,73.68,31.605,110724398
2022-04-26,74.23,75.8,73.59,73.78,31.6479,89168704
2022-04-27,74.25,75.59,72.92,74.86,32.1112,89132524
2022-04-28,75.36,77.76,73.88,77.13,33.0849,87469696
2022-04-29,77.3,77.74,74.88,75.15,32.2355,79416242
2022-05-02,74.69,76.38,74.46,76.35,32.7503,104141242
2022-05-03,76.49,78.85,76.44,78.49,33.6682,83298882
2022-05-04,80.0,81.915,78.98,81.75,35.0666,90767454
2022-05-05,82.33,82.41,78.875,80.52,34.539,93193922
2022-05-06,81.56,82.9299,79.925,82.92,35.5685,94245640
2022-05-09,81.14,81.21,75.75,76.06,32.6259,106043922
2022-05-10,77.23,78.69,75.13,76.75,32.9219,113727796
2022-05-11,78.03,80.33,77.65,77.78,33.3637,99705078
2022-05-12,77.75,78.15,75.6799,78.11,33.5052,90043540
2022-05-13,79.27,81.1,79.13,80.78,34.6505,59437398
2022-05-16,81.07,83.76,81.02,82.91,35.5642,56518800
2022-05-17,84.03,84.3784,83.12,83.87,35.976,56329300
2022-05-18,84.47,84.57,80.735,81.72,35.0537,66461382
2022-05-19,79.86,82.79,79.86,81.42,34.9251,71441000
2022-05-20,82.42,83.3917,80.13,81.77,35.0752,63840000
2022-05-23,82.74,84.22,82.225,83.93,36.0017,53289340
2022-05-24,83.0,84.6,82.36,84.25,36.139,53127680
2022-05-25,84.54,86.11,84.42,85.99,36.8854,52648000
2022-05-26,86.51,87.585,86.4501,86.94,37.2929,42678300
2022-05-27,86.55,88.77,86.34,88.53,37.9749,37334500
2022-05-31,89.99,90.46,86.73,87.2,37.4044,78681156
2022-06-01,88.3,89.265,87.33,88.62,38.0135,59297160
2022-06-02,88.0,88.96,87.4624,88.34,37.8934,52605442
2022-06-03,88.45,89.79,88.35,89.51,38.3953,41050660
2022-06-06,89.94,90.0,88.93,89.41,38.3524,33384622
2022-06-07,89.35,92.2,89.28,92.08,39.4977,51378738
2022-06-08,92.53,93.31,91.7105,92.28,39.5835,56985360
2022-06-09,91.49,92.07,90.14,90.24,38.7084,49176282
2022-06-10,89.2,90.54,87.6838,88.71,38.0521,62543520
2022-06-13,86.02,86.11,82.41,84.08,36.0661,89462704
2022-06-14,85.77,86.87,83.14,84.24,36.1347,69512812
2022-06-15,84.05,84.47,80.99,82.38,35.3369,86446304
2022-06-16,80.19,80.625,77.07,77.74,33.3465,115958304
2022-06-17,77.2,77.77,72.595,73.49,31.5235,128468382
2022-06-21,74.61,76.96,74.48,76.44,33.1423,70013508
2022-06-22,72.76,74.67,72.355,73.38,31.8155,82425242
2022-06-23,73.73,74.26,69.47,70.66,30.6362,113842304
2022-06-24,71.87,73.11,70.83,71.59,31.0395,94797024
2022-06-27,72.42,74.195,72.33,73.69,31.95,67958796
2022-06-28,75.44,76.9,74.54,75.68,32.8128,79600796
2022-06-29,76.73,76.99,72.8443,73.05,31.6725,71183922
2022-06-30,71.48,73.365,70.87,71.51,31.0048,75533476
2022-07-01,72.38,72.89,70.13,72.58,31.4687,69203984
2022-07-05,71.08,71.415,68.19,69.7,30.22,89865882
2022-07-06,68.95,70.19,66.45,68.51,29.7041,96419024
2022-07-07,70.37,71.54,70.2,70.98,30.775,67587118
2022-07-08,71.84,72.14,69.9599,70.95,30.762,43940622
2022-07-11,70.06,70.86,69.33,70.27,30.4671,45508238
2022-07-12,68.43,69.305,67.66,68.9,29.8731,64690300
2022-07-13,67.9,70.23,67.9,68.79,29.8255,58978078
2022-07-14,66.38,67.57,65.48,67.49,29.2618,73273540
2022-07-15,68.96,69.03,67.57,68.59,29.7387,59920500
2022-07-18,70.42,71.32,69.83,70.16,30.4194,51453520
2022-07-19,70.06,72.5,70.04,72.32,31.356,48776360
2022-07-20,71.52,73.35,71.22,73.02,31.6595,41849422
2022-07-21,71.02,71.81,69.66,71.74,31.1045,43159180
2022-07-22,72.02,72.73,70.735,71.15,30.8487,40836340
2022-07-25,72.13,73.83,71.27,73.76,31.9803,39112000
2022-07-26,74.64,74.965,72.595,73.09,31.6898,37228738
2022-07-27,73.56,75.113,72.81,74.74,32.4052,44810700
2022-07-28,75.41,75.925,73.77,75.16,32.5873,46665340
2022-07-29,76.53,78.66,76.38,78.42,34.0008,51667622
2022-08-01,77.08,77.275,75.77,76.8,33.2984,51331000
2022-08-02,76.81,77.39,75.94,76.62,33.2203,39864340
2022-08-03,76.945,77.17,73.96,74.42,32.2665,57013140
2022-08-04,73.91,74.12,71.39,71.66,31.0698,55991000
2022-08-05,70.69,73.71,70.69,73.08,31.6855,45179540
2022-08-08,73.0,74.12,72.89,73.46,31.8502,37765300
2022-08-09,74.5,75.7,74.37,74.75,32.4095,34683102
2022-08-10,74.92,75.715,73.44,75.29,32.6437,34788340
2022-08-11,76.7,78.54,76.471,77.88,33.7666,60531558
2022-08-12,77.37,78.51,77.04,78.47,34.0224,38380942
2022-08-15,75.63,77.36,74.94,76.94,33.3591,42024422
2022-08-16,77.05,77.86,76.275,76.76,33.281,39357558
2022-08-17,76.41,78.2,76.21,77.4,33.5585,45472320
2022-08-18,78.26,79.56,78.12,79.48,34.4603,46865942
2022-08-19,79.28,80.0061,78.82,79.46,34.4517,39488460
2022-08-22,78.78,79.8,77.48,79.31,34.3866,45696140
2022-08-23,80.61,82.79,80.55,82.17,35.6267,54367020
2022-08-24,82.18,83.295,81.81,83.18,36.0646,49093200
2022-08-25,83.66,84.235,83.01,83.82,36.342,39798558
2022-08-26,83.65,84.56,82.47,82.84,35.9171,38635102
2022-08-29,82.8,85.18,82.59,84.09,36.4591,52125058
2022-08-30,82.65,82.67,80.57,81.24,35.2234,57641718
2022-08-31,79.23,81.84,78.94,80.5,34.9026,58304520
2022-09-01,79.31,79.61,77.42,78.52,34.0441,56604200
2022-09-02,80.45,81.02,79.53,79.96,34.6685,57188160
2022-09-06,80.71,80.98,78.89,79.22,34.3476,45568262
2022-09-07,77.49,78.64,76.78,78.3,33.9487,60541340
2022-09-08,78.65,79.03,77.69,78.64,34.0961,53681520
2022-09-09,80.05,80.99,79.455,80.6,34.9459,38678762
2022-09-12,81.78,82.97,81.08,82.08,35.5876,41731820
2022-09-13,80.8,82.18,79.65,80.01,34.6901,61146078
2022-09-14,80.76,82.85,80.76,82.27,35.67,54384300
2022-09-15,80.81,81.15,79.755,80.15,34.7508,55886300
2022-09-16,79.9,79.96,77.3,78.44,34.0094,70403680
2022-09-19,75.46,77.69,75.28,77.64,34.0297,37625860
2022-09-20,77.1,77.545,76.19,77.1,33.793,42299680
2022-09-21,78.55,78.6601,75.94,75.97,33.2977,68705860
2022-09-22,77.35,77.6,75.64,75.7,33.1794,57748058
2022-09-23,72.76,72.9,69.94,70.48,30.8915,105475640
2022-09-26,70.04,70.92,68.66,68.75,30.1332,72159640
2022-09-27,69.94,70.81,69.13,69.52,30.4707,67671102
2022-09-28,70.22,72.995,69.8,72.6,31.8207,63147500
2022-09-29,72.07,72.75,70.8,72.6,31.8207,48563000
2022-09-30,72.02,73.02,71.32,72.02,31.5664,43369398
2022-10-03,74.61,76.49,74.49,76.09,33.3503,69550624
2022-10-04,77.63,79.43,77.02,79.36,34.7836,66330860
2022-10-05,79.33,81.63,78.65,81.0,35.5024,61273700
2022-10-06,80.34,82.69,80.28,82.44,36.1335,52670238
2022-10-07,82.61,83.54,81.21,81.8,35.853,56915320
2022-10-10,82.12,82.82,79.86,80.12,35.1167,46331680
2022-10-11,78.62,80.85,78.29,79.48,34.8362,53842200
2022-10-12,78.96,80.675,78.44,80.12,35.1167,41102422
2022-10-13,79.07,83.71,79.05,83.39,36.5499,70134844
2022-10-14,82.48,83.6701,80.12,80.28,35.1868,53510622
2022-10-17,81.54,82.62,81.05,81.28,35.6251,37988378
2022-10-18,81.95,82.75,80.41,81.99,35.9363,50375820
2022-10-19,82.23,84.72,82.2,84.41,36.997,62527540
2022-10-20,85.05,85.83,83.9812,84.49,37.0321,50523700
2022-10-21,84.96,87.1,84.74,86.93,38.1015,50548360
2022-10-24,86.88,87.95,86.41,87.34,38.2812,44992078
2022-10-25,87.0,87.83,86.53,87.43,38.3207,37683660
2022-10-26,87.76,89.32,87.7,88.62,38.8422,45412922
2022-10-27,89.84,90.44,88.67,88.94,38.9825,50021282
2022-10-28,89.9,90.63,87.65,89.25,39.1184,49327922
2022-10-31,88.37,91.18,88.27,90.0,39.4471,59520860
2022-11-01,91.51,91.5499,90.32,90.87,39.8284,43510860
2022-11-02,90.58,91.05,88.47,88.68,38.8685,56499140
2022-11-03,88.14,90.825,87.89,90.32,39.5873,53634500
2022-11-04,92.33,93.02,90.14,91.42,40.0695,60590622
2022-11-07,91.61,93.28,91.45,92.99,40.7576,38775442
2022-11-08,92.81,93.48,91.935,93.08,40.7971,43718500
2022-11-09,91.82,92.11,88.33,88.53,38.8028,63027922
2022-11-10,90.36,90.6,88.5,90.5,39.6662,58488218
2022-11-11,92.23,93.61,92.01,93.13,40.819,51082578
2022-11-14,92.86,94.71,92.85,93.1,40.8058,46245282
2022-11-15,93.45,94.32,92.84,94.08,41.2354,51542160
2022-11-16,93.24,93.81,91.68,92.16,40.3938,47277200
2022-11-17,90.75,92.44,90.28,92.36,40.4815,42859800
2022-11-18,90.65,91.88,89.5101,91.63,40.1615,47366122
2022-11-21,89.64,90.6299,87.285,90.39,39.618,85153540
2022-11-22,91.52,93.43,91.1,93.22,40.8584,53754922
2022-11-23,91.53,92.795,91.19,92.21,40.4157,41197300
2022-11-25,92.27,92.92,91.71,91.87,40.2667,15182622
2022-11-28,89.62,90.75,89.0504,89.35,39.1622,58300480
2022-11-29,90.34,91.23,90.01,90.7,39.7539,38048378
2022-11-30,91.71,91.89,89.715,91.15,39.9511,43830262
2022-12-01,91.79,92.25,90.54,90.85,39.8196,38902040
2022-12-02,90.22,91.3791,89.78,90.31,39.583,36769942
2022-12-05,91.2,91.56,86.88,87.63,38.4083,51753840
2022-12-06,87.08,88.13,84.73,85.32,37.3958,64930218
2022-12-07,85.3,86.4199,84.37,85.12,37.3082,48894180
2022-12-08,87.03,87.22,84.265,84.74,37.1416,51280718
2022-12-09,84.47,85.4,82.65,82.68,36.2387,48097878
2022-12-12,83.15,85.05,82.825,84.85,37.1898,42184840
2022-12-13,86.5,87.18,85.775,86.46,37.8955,54557378
2022-12-14,87.05,87.36,85.16,85.93,37.6632,52675520
2022-12-15,85.18,85.61,83.96,85.41,37.4353,40415102
2022-12-16,83.8,84.76,83.21,84.36,36.9751,59101058
2022-12-19,84.38,84.65,82.88,83.49,36.9705,36836622
2022-12-20,83.75,85.29,83.425,84.75,37.5284,28593020
2022-12-21,86.48,86.75,85.21,86.36,38.2414,34058218
2022-12-22,86.45,86.5,82.68,84.37,37.3602,37359320
2022-12-23,85.49,87.08,85.05,87.06,38.5513,29629920
2022-12-27,87.44,88.36,87.12,87.99,38.9631,32749280
2022-12-28,87.87,87.87,85.75,86.02,38.0908,31837940
2022-12-29,85.66,87.31,85.62,86.92,38.4893,26915820
2022-12-30,86.46,87.64,86.45,87.47,38.7329,22661820
2023-01-03,86.92,87.36,83.35,84.4,37.3734,53082840
2023-01-04,83.15,84.8801,82.83,84.39,37.369,45705160
2023-01-05,84.25,86.4,84.01,85.93,38.0509,38723700
2023-01-06,87.04,88.63,86.82,87.56,38.7727,44422378
2023-01-09,88.88,89.02,86.965,87.25,38.6355,46003218
2023-01-10,87.82,88.05,86.49,87.87,38.91,31599000
2023-01-11,88.64,88.86,87.185,88.14,39.0296,32902980
2023-01-12,88.67,90.4,88.5,89.82,39.7735,36716078
2023-01-13,89.75,90.1653,88.8,89.95,39.8311,31808320
2023-01-17,90.16,91.08,89.77,90.14,39.9152,33933200
2023-01-18,90.56,91.57,88.4,88.49,39.1845,38075300
2023-01-19,87.98,89.95,87.79,89.59,39.6716,34293718
2023-01-20,89.78,90.79,88.87,90.48,40.0657,28560060
2023-01-23,91.14,91.59,90.31,90.6,40.1189,29305080
2023-01-24,90.3,90.46,88.46,90.25,39.9639,29772880
2023-01-25,89.81,90.26,88.38,90.26,39.9683,26861240
2023-01-26,91.72,93.15,90.6,93.11,41.2303,36663020
2023-01-27,92.61,93.07,91.08,91.23,40.3979,34841078
2023-01-30,90.57,90.7,89.015,89.14,39.4724,27524900
2023-01-31,88.84,90.065,87.93,89.93,39.8222,27848280
2023-02-01,89.51,89.89,87.0,88.16,39.0384,46967200
2023-02-02,87.82,87.99,85.2,86.15,38.1484,49803020
2023-02-03,86.51,87.91,85.87,85.96,38.0642,45454820
2023-02-06,86.04,86.69,84.515,85.57,37.8915,31714340
2023-02-07,86.11,88.48,85.66,88.35,39.1226,41014040
2023-02-08,88.28,88.73,87.055,87.56,38.7727,26967160
2023-02-09,87.57,87.85,86.745,86.81,38.4406,32150320
2023-02-10,88.25,90.39,88.17,90.21,39.9462,40003262
2023-02-13,89.75,90.325,88.82,89.98,39.8443,24744900
2023-02-14,89.27,90.665,89.02,90.01,39.8576,27022620
2023-02-15,89.0,89.19,87.35,88.48,39.1801,31944240
2023-02-16,88.0,88.755,87.52,87.61,38.7949,25314180
2023-02-17,86.25,86.31,84.12,84.49,37.4133,44680460
2023-02-21,84.12,85.04,83.91,84.07,37.2273,33622558
2023-02-22,83.84,84.63,82.79,83.51,36.9793,40270422
2023-02-23,84.77,85.26,83.695,84.77,37.5373,35023340
2023-02-24,83.52,84.78,83.04,84.66,37.4886,37496782
2023-02-27,84.83,85.2771,84.21,84.91,37.5993,30676380
2023-02-28,85.77,85.8,83.62,83.69,37.059,38007640
2023-03-01,83.76,85.77,83.45,85.34,37.7897,37093942
2023-03-02,85.19,86.41,84.92,86.09,38.1218,32804980
2023-03-03,85.06,87.69,85.0,87.26,38.6399,50675200
2023-03-06,86.78,87.44,86.425,87.3,38.6576,33898320
2023-03-07,86.78,87.0009,85.555,85.78,37.9845,37000360
2023-03-08,85.4,86.49,84.0831,84.9,37.5948,39399040
2023-03-09,85.39,86.59,83.675,83.7,37.0635,37888122
2023-03-10,83.7,84.88,82.15,82.63,36.5897,56624738
2023-03-13,80.52,82.395,79.11,80.95,35.8457,83326898
2023-03-14,80.94,83.57,80.305,81.75,36.2,61066378
2023-03-15,78.75,79.35,76.235,77.36,34.256,115347024
2023-03-16,75.66,78.4,75.355,78.2,34.628,88803664
2023-03-17,77.75,78.395,76.34,76.97,34.0833,67351562
2023-03-20,76.1,78.2,76.1,77.7,34.7658,52288718
2023-03-21,79.3,80.635,79.06,80.39,35.9694,59712460
2023-03-22,80.44,80.81,78.62,78.68,35.2043,49209398
2023-03-23,79.11,79.795,76.84,77.59,34.7166,49486218
2023-03-24,76.05,78.195,75.805,77.89,34.8508,41299218
2023-03-27,78.71,80.0,78.08,79.55,35.5936,40223860
2023-03-28,79.1,81.13,79.07,80.78,36.1439,32596700
2023-03-29,81.58,81.985,81.05,81.9,36.6451,36204540
2023-03-30,82.58,82.7,81.78,82.26,36.8061,27460800
2023-03-31,82.47,82.965,82.165,82.83,37.0612,32294660
2023-04-03,86.32,87.14,85.87,86.58,38.7391,62452238
2023-04-04,86.84,86.95,84.25,85.01,38.0366,49362980
2023-04-05,85.22,86.29,84.51,86.29,38.6093,40552262
2023-04-06,86.16,86.2481,84.805,84.98,38.0232,33378540
2023-04-10,85.3,86.64,85.3,85.66,38.3274,26977300
2023-04-11,86.14,87.01,85.6499,86.47,38.6898,25575160
2023-04-12,87.07,87.25,86.27,86.53,38.7167,33334360
2023-04-13,86.4,87.29,86.19,87.07,38.9583,31384520
2023-04-14,87.19,87.7388,86.72,87.23,39.0299,23560160
2023-04-17,86.94,87.3,85.9,86.2,38.569,23761980
2023-04-18,86.0,86.76,85.57,86.54,38.7212,24493520
2023-04-19,85.76,86.31,85.29,86.24,38.5869,34246140
2023-04-20,85.04,85.5,84.44,85.48,38.2469,30396240
2023-04-21,85.79,85.83,84.6,84.98,38.0232,33757558
2023-04-24,84.71,86.68,84.68,86.28,38.6048,25251840
2023-04-25,85.44,85.59,84.16,84.66,37.88,30665220
2023-04-26,84.06,84.84,83.02,83.53,37.3744,40070020
2023-04-27,83.48,84.04,82.69,83.83,37.5086,34114680
2023-04-28,83.53,85.59,83.24,85.13,38.0903,38228540
2023-05-01,84.06,85.08,83.7244,84.17,37.6607,27821380
2023-05-02,83.16,83.29,79.74,80.51,36.0231,67647984
2023-05-03,79.48,80.41,78.96,78.99,35.343,59367540
2023-05-04,79.02,79.82,77.8717,78.11,34.9493,52860960
2023-05-05,80.27,80.86,79.79,80.23,35.8978,39073300
2023-05-08,81.4,81.75,80.22,80.23,35.8978,32711900
2023-05-09,79.6,81.02,79.425,80.26,35.9113,41421238
2023-05-10,80.66,80.82,78.75,79.35,35.5041,36052000
2023-05-11,78.23,78.81,77.8,78.4,35.079,38168282
2023-05-12,78.79,79.3199,77.9501,78.52,35.1327,37913282
2023-05-15,78.81,79.37,78.19,78.92,35.3117,32544560
2023-05-16,78.55,78.89,76.865,76.98,34.4437,44521718
2023-05-17,77.77,78.88,77.2,78.46,35.1059,46200660
2023-05-18,77.99,79.125,77.5,79.03,35.3609,33154262
2023-05-19,79.76,80.26,79.19,79.64,35.6339,36122180
2023-05-22,79.34,80.118,79.19,79.31,35.4862,26943540
2023-05-23,80.07,81.07,79.855,80.16,35.8665,42803738
2023-05-24,80.79,81.13,79.83,80.51,36.0231,33474300
2023-05-25,79.35,79.52,78.34,79.08,35.3833,38250898
2023-05-26,79.56,79.78,78.36,78.77,35.2446,28785740
2023-05-30,77.4,78.05,77.1,77.96,34.8822,40331622
2023-05-31,76.74,77.33,76.33,76.59,34.2692,44797622
2023-06-01,76.77,78.41,76.25,77.54,34.6942,51623680
2023-06-02,78.99,80.28,78.45,79.9,35.7502,55278782
2023-06-05,81.065,81.12,79.23,79.37,35.513,43507754
2023-06-06,78.32,80.08,78.24,80.01,35.7994,34750718
2023-06-07,80.4,82.23,80.35,82.13,36.748,60654282
2023-06-08,82.24,82.515,80.42,81.78,36.5914,46162282
2023-06-09,81.74,82.14,81.11,81.33,36.39,38388122
2023-06-12,80.11,81.36,80.0,80.55,36.041,36392262
2023-06-13,81.44,82.515,80.89,80.93,36.2111,40136422
2023-06-14,81.73,82.09,79.5,80.1,35.8397,47605378
2023-06-15,80.24,81.59,80.22,80.98,36.2334,46777078
2023-06-16,81.28,81.51,80.625,80.86,36.1797,47461762
2023-06-20,79.62,79.705,77.77,78.36,35.3798,42567320
2023-06-21,78.04,79.645,77.92,78.98,35.6598,34473738
2023-06-22,78.26,78.35,77.63,77.92,35.1812,33510762
2023-06-23,77.08,77.565,76.721,77.36,34.9283,34905122
2023-06-26,77.5,79.19,77.32,78.75,35.5559,32488600
2023-06-27,78.67,79.27,78.21,78.93,35.6372,28388380
2023-06-28,78.85,79.83,78.15,79.73,35.9984,32903262
2023-06-29,80.03,80.65,79.6,80.65,36.4138,28435780
2023-06-30,81.2,81.58,80.6,81.17,36.6486,35970578
2023-07-03,81.37,81.97,81.06,81.36,36.7343,19539782
2023-07-05,81.7,81.715,80.45,80.91,36.5312,32560680
2023-07-06,80.03,80.59,78.485,79.09,35.7094,41967782
2023-07-07,78.7,81.535,78.64,80.79,36.477,48916058
2023-07-10,80.58,81.58,80.52,81.42,36.7614,30925020
2023-07-11,81.79,83.34,81.63,83.21,37.5696,39642040
2023-07-12,83.89,84.45,83.46,83.98,37.9173,43077520
2023-07-13,83.98,84.495,82.88,83.66,37.7728,53226480
2023-07-14,83.12,83.2,81.25,81.45,36.775,43988180
2023-07-17,81.16,81.64,80.92,81.29,36.7027,32464620
2023-07-18,81.1,82.955,80.97,82.11,37.073,43214578
2023-07-19,82.11,83.15,81.93,82.59,37.2897,37520960
2023-07-20,83.27,83.73,82.86,83.56,37.7276,35449800
2023-07-21,83.87,84.34,83.33,84.3,38.0618,31529020
2023-07-24,84.73,86.28,84.7,85.66,38.6758,44539602
2023-07-25,85.62,86.61,85.1,86.11,38.879,33606520
2023-07-26,85.4,86.48,85.28,86.14,38.8925,32788020
2023-07-27,86.61,86.96,85.35,85.59,38.6442,35550602
2023-07-28,85.53,85.865,84.6,85.85,38.7616,34636578
2023-07-31,86.6,87.73,86.35,87.48,39.4975,36266480
2023-08-01,87.13,87.32,86.1341,87.07,39.3124,35809282
2023-08-02,86.48,86.92,85.2,85.93,38.7977,45923040
2023-08-03,86.16,87.58,85.69,86.8,39.1905,41633960
2023-08-04,87.42,88.24,86.82,86.92,39.2447,43208300
2023-08-07,87.41,87.59,86.7643,87.02,39.2898,26821540
2023-08-08,85.61,87.485,84.965,87.45,39.484,37237122
2023-08-09,88.3,89.36,87.75,88.55,39.9806,52085622
2023-08-10,88.68,89.69,87.94,88.54,39.9761,39226500
2023-08-11,88.5,90.0,88.48,89.9,40.5902,46689200
2023-08-14,89.65,89.89,88.92,89.52,40.4186,30189460
2023-08-15,88.9,89.0,87.5,87.66,39.5788,44982460
2023-08-16,87.75,88.7,86.84,86.9,39.2357,37995460
2023-08-17,88.12,89.14,87.81,87.94,39.7052,40464300
2023-08-18,87.43,88.92,87.15,88.81,40.098,35307300
2023-08-21,89.17,89.53,87.6382,88.25,39.8452,30488480
2023-08-22,88.36,88.67,87.515,87.57,39.5382,25739480
2023-08-23,86.62,87.4299,85.87,87.35,39.4388,38798558
2023-08-24,86.56,87.67,86.5,86.75,39.1679,33455020
2023-08-25,87.27,88.03,86.51,87.59,39.5472,38036820
2023-08-28,87.82,88.84,87.6688,88.18,39.8136,25718200
2023-08-29,88.5,88.51,87.54,88.42,39.922,27019320
2023-08-30,88.82,89.02,88.47,88.86,40.1206,27890120
2023-08-31,89.19,89.34,88.28,88.92,40.1477,29617380
2023-09-01,89.9,90.835,89.88,90.74,40.9694,35764160
2023-09-05,91.25,92.15,91.16,91.22,41.1862,48737398
2023-09-06,91.04,91.75,90.59,91.26,41.2042,40324300
2023-09-07,91.44,91.905,91.0088,91.17,41.1636,30729140
2023-09-08,91.6,92.71,91.55,92.05,41.5609,34751718
2023-09-11,92.72,93.0,90.47,90.84,41.0146,44095000
2023-09-12,91.82,93.08,91.65,92.98,41.9808,53599340
2023-09-13,93.07,93.26,91.8,92.28,41.6648,36315378
2023-09-14,93.24,93.685,92.96,93.36,42.1524,37099800
2023-09-15,92.5,93.41,92.01,92.01,41.5429,49612738
2023-09-18,92.28,92.55,91.433,92.11,41.8947,33746660
2023-09-19,92.8,92.93,90.71,91.25,41.5036,36271800
2023-09-20,90.8,91.83,90.34,90.4,41.1169,35942000
2023-09-21,91.02,91.23,89.01,89.16,40.553,43446218
2023-09-22,89.83,90.43,89.225,89.31,40.6212,42072058
2023-09-25,89.07,90.57,89.07,90.43,41.1306,35073762
2023-09-26,89.65,90.45,89.51,89.91,40.8941,33459960
2023-09-27,91.03,92.41,90.625,92.15,41.9129,46289422
2023-09-28,91.75,92.785,91.54,92.25,41.9584,48462738
2023-09-29,92.11,92.47,90.045,90.39,41.1124,48369140
2023-10-02,90.27,90.51,87.98,88.59,40.2937,50599800
2023-10-03,88.38,88.7,87.66,88.53,40.2664,41466558
2023-10-04,87.21,87.36,84.91,85.75,39.002,59572320
2023-10-05,84.52,85.97,84.52,85.22,38.7609,47036922
2023-10-06,85.22,86.51,84.2601,85.73,38.9929,51481102
2023-10-09,88.03,88.96,87.4012,88.59,40.2937,61489058
2023-10-10,88.67,89.285,88.17,88.7,40.3437,41700500
2023-10-11,87.79,87.88,86.5538,87.56,39.8252,47145320
2023-10-12,88.49,88.57,87.2525,87.66,39.8707,39986442
2023-10-13,89.09,90.02,88.71,89.59,40.7485,48532262
2023-10-16,90.17,90.455,89.33,90.19,41.0214,38365282
2023-10-17,89.99,91.41,89.855,91.13,41.449,40423922
2023-10-18,91.5,92.34,91.29,91.96,41.8265,47616782
2023-10-19,91.64,92.56,90.77,91.8,41.7537,63297058
2023-10-20,91.64,91.98,89.945,90.26,41.0533,46549558
2023-10-23,89.74,89.75,88.39,88.8,40.3892,51888140
2023-10-24,89.02,89.09,87.52,87.55,39.8207,44271602
2023-10-25,87.61,88.06,86.95,87.39,39.7479,41412640
2023-10-26,86.59,87.11,85.8452,86.71,39.4386,44770340
2023-10-27,86.62,86.945,84.34,84.63,38.4926,53809422
2023-10-30,84.93,85.54,84.09,84.91,38.6199,45530680
2023-10-31,85.01,85.37,84.16,85.19,38.7473,37205700
2023-11-01,85.73,86.19,84.87,84.99,38.6563,46082500
2023-11-02,85.2,87.64,84.71,87.56,39.8252,45322980
2023-11-03,87.4,87.675,86.15,86.68,39.425,47235000
2023-11-06,87.37,87.37,85.45,85.7,38.9792,41035398
2023-11-07,84.58,84.73,83.425,83.8,38.115,47550300
2023-11-08,83.48,84.03,82.7159,82.75,37.6375,50742000
2023-11-09,83.36,83.55,82.45,82.5,37.5238,38232238
2023-11-10,83.43,83.61,82.62,83.41,37.9377,34583558
2023-11-13,83.54,84.18,83.28,84.01,38.2106,28447360
2023-11-14,84.33,84.995,84.19,84.76,38.5517,34723980
2023-11-15,84.63,85.6664,84.48,84.6,38.4789,33043520
2023-11-16,83.8,84.12,82.105,82.95,37.7284,53165922
2023-11-17,83.66,85.25,83.46,84.69,38.5198,48859340
2023-11-20,85.04,85.5399,84.7901,84.81,38.5744,29098980
2023-11-21,84.41,84.77,83.814,84.62,38.488,26973780
2023-11-22,82.93,84.65,82.46,84.58,38.4698,36550238
2023-11-24,84.55,85.56,84.5,84.93,38.629,19152594
2023-11-27,84.49,84.78,83.84,84.63,38.4926,24501820
2023-11-28,84.8,85.43,84.49,84.65,38.5017,28921800
2023-11-29,85.18,85.285,83.745,84.02,38.2151,45267980
2023-11-30,84.74,85.79,83.57,84.58,38.4698,58364578
2023-12-01,84.48,86.025,84.1,85.02,38.6699,43047942
2023-12-04,84.4,85.16,84.01,84.63,38.4926,37070282
2023-12-05,84.58,84.74,83.1,83.15,37.8194,37747160
2023-12-06,82.61,83.19,81.59,81.91,37.2554,62306602
2023-12-07,82.29,82.695,81.055,81.35,37.0007,40908820
2023-12-08,81.89,82.48,81.725,82.23,37.401,34127262
2023-12-11,82.3,82.6,81.92,82.33,37.4464,29344120
2023-12-12,81.57,81.66,80.74,81.2,36.9325,45386680
2023-12-13,81.25,82.355,80.87,82.33,37.4464,46445640
2023-12-14,83.16,84.86,83.16,84.75,38.5471,60717378
2023-12-15,83.99,84.46,83.6,84.3,38.3425,46366360
2023-12-18,84.98,85.41,84.1,84.18,38.6557,42447140
2023-12-19,84.34,85.28,84.15,85.19,39.1195,36862460
2023-12-20,85.49,85.99,84.3,84.4,38.7567,39818180
2023-12-21,84.57,84.86,83.935,84.73,38.9083,26062880
2023-12-22,85.34,85.715,84.845,84.98,39.0231,25038240
2023-12-26,85.7,86.165,85.44,85.71,39.3583,25983460
2023-12-27,85.71,86.0,85.02,85.33,39.1838,20238200
2023-12-28,84.89,85.215,84.0,84.03,38.5868,26198100
2023-12-29,84.32,84.4,83.59,83.84,38.4996,24345460
2024-01-02,84.43,85.52,84.31,84.74,38.9129,39301800
2024-01-03,84.87,86.425,84.44,86.12,39.5466,37936000
2024-01-04,86.74,87.11,84.56,84.61,38.8532,42049040
2024-01-05,85.42,85.46,84.2882,84.68,38.8853,34029300
2024-01-08,83.24,83.8,82.1025,83.7,38.4353,47218680
2024-01-09,83.81,83.9,82.175,82.36,37.82,33750460
2024-01-10,82.52,82.5505,81.22,81.55,37.448,33159762
2024-01-11,81.99,82.2,81.43,81.76,37.5444,38588578
2024-01-12,83.02,83.345,82.18,82.68,37.9669,38769200
2024-01-16,82.5,82.61,80.66,80.71,37.0623,36031262
2024-01-17,79.88,80.84,79.7,80.04,36.7546,39284282
2024-01-18,80.06,80.13,78.9823,79.91,36.6949,35705602
2024-01-19,79.87,80.18,79.59,80.17,36.8143,39940218
2024-01-22,80.0,80.645,79.48,80.47,36.9521,30136720
2024-01-23,80.34,81.29,80.22,80.64,37.0301,24709220
2024-01-24,81.06,81.83,80.68,81.79,37.5582,33840980
2024-01-25,82.37,83.66,81.88,83.63,38.4031,37609442
2024-01-26,83.54,84.28,82.925,84.25,38.6878,36469520
2024-01-29,84.12,84.25,83.25,84.13,38.6327,29680640
2024-01-30,83.3,85.02,82.98,85.0,39.0322,35341122
2024-01-31,85.0,85.16,83.37,83.41,38.3021,38580738
2024-02-01,83.91,84.3,82.63,83.4,38.2975,51101378
2024-02-02,84.1,84.18,82.82,83.52,38.3526,38075020
2024-02-05,83.01,83.805,82.405,83.31,38.2562,31593620
2024-02-06,83.72,84.4,83.23,83.58,38.3802,28056300
2024-02-07,83.82,84.175,83.07,83.75,38.4582,26920460
2024-02-08,83.7,84.92,83.68,84.61,38.8532,36201078
2024-02-09,84.77,85.13,83.22,83.31,38.2562,38073340
2024-02-12,83.6,84.47,83.6,84.23,38.6787,25893860
2024-02-13,84.31,84.6,82.835,83.38,38.2883,41156820
2024-02-14,83.99,84.245,82.86,83.3,38.2516,40894578
2024-02-15,83.28,85.856,83.21,85.62,39.317,43364422
2024-02-16,85.97,86.2499,85.32,85.57,39.294,26960760
2024-02-20,85.66,85.71,84.68,84.79,38.9358,28995580
2024-02-21,85.15,86.46,85.09,86.38,39.6659,28756640
2024-02-22,85.83,86.89,85.42,86.53,39.7348,35206840
2024-02-23,85.69,86.235,85.14,85.96,39.4731,28952400
2024-02-26,85.86,86.825,85.43,86.26,39.6108,23376340
2024-02-27,86.34,86.71,85.45,85.89,39.4409,26317360
2024-02-28,86.0,86.65,85.38,85.72,39.3629,26679620
2024-02-29,85.9,86.42,85.655,86.14,39.5557,27335320
2024-03-01,86.76,87.54,86.61,87.14,40.0149,32459680
2024-03-04,87.09,87.32,86.125,86.21,39.5879,33198040
2024-03-05,86.08,87.41,85.97,86.85,39.8818,32174260
2024-03-06,87.58,88.04,86.93,87.12,40.0058,28008760
2024-03-07,87.24,88.35,87.17,87.86,40.3456,24569200
2024-03-08,87.74,88.19,87.52,88.17,40.4879,28251980
2024-03-11,88.19,89.11,87.53,89.08,40.9058,24983720
2024-03-12,89.07,89.315,88.465,88.94,40.8415,23780900
2024-03-13,89.87,90.85,89.72,90.36,41.4936,42725200
2024-03-14,90.72,91.33,90.37,91.29,41.9206,35946020
2024-03-15,91.22,92.22,91.01,91.56,42.0446,37753360
2024-03-18,91.19,91.46,90.43,91.14,42.1899,30496720
2024-03-19,91.13,92.2496,91.07,92.18,42.6714,28545780
2024-03-20,91.65,92.38,91.51,92.05,42.6112,32659340
2024-03-21,92.21,92.79,91.92,92.6,42.8658,23334200
2024-03-22,92.64,92.87,92.1735,92.4,42.7732,17948808
2024-03-25,92.72,93.88,92.7,93.26,43.1713,35074378
2024-03-26,93.35,93.56,92.36,92.54,42.838,35373860
2024-03-27,92.34,93.42,92.18,93.4,43.2361,33960078
2024-03-28,93.95,94.58,93.4957,94.41,43.7037,34615140
2024-04-01,94.69,95.39,93.7563,95.11,44.0277,42899020
2024-04-02,95.52,96.54,95.1,96.44,44.6434,38671200
2024-04-03,96.8,97.2302,96.4849,97.1,44.9489,29148860
2024-04-04,97.25,97.595,96.66,97.04,44.9211,36941300
2024-04-05,97.44,98.4667,96.85,98.08,45.4026,31194540
2024-04-08,98.13,98.41,97.285,97.46,45.1156,34034558
2024-04-09,97.88,98.14,96.78,97.49,45.1294,35333102
2024-04-10,97.22,98.15,96.8,97.79,45.2683,39199660
2024-04-11,98.1,98.14,96.335,97.72,45.2359,39204700
2024-04-12,98.34,98.97,95.67,96.13,44.4999,46572442
2024-04-15,96.59,97.05,95.11,95.23,44.0833,48690718
2024-04-16,95.05,95.49,93.73,94.4,43.699,36497622
2024-04-17,94.2,95.14,93.46,94.13,43.5741,27420920
2024-04-18,94.45,94.72,93.51,93.84,43.4398,25555640
2024-04-19,94.02,95.61,93.88,94.97,43.9629,35451442
2024-04-22,94.47,96.24,93.72,95.59,44.2499,30244340
2024-04-23,95.15,96.12,94.69,96.12,44.4953,28657500
2024-04-24,95.52,96.3,95.06,96.19,44.5277,21303780
2024-04-25,96.08,96.92,95.25,96.63,44.7313,26500200
2024-04-26,95.76,96.115,94.76,95.74,44.3194,32366600
2024-04-29,95.46,96.6,95.4,96.39,44.6202,22236320
2024-04-30,96.0,96.165,93.475,93.52,43.2917,35398942
2024-05-01,93.39,93.69,91.53,92.03,42.6019,50943700
2024-05-02,92.65,93.19,92.12,92.56,42.8473,34616800
2024-05-03,92.64,92.74,91.345,92.57,42.8519,38087738
2024-05-06,92.86,94.235,92.86,93.3,43.1898,33445500
2024-05-07,93.43,93.9,93.18,93.21,43.1482,20942300
2024-05-08,92.67,93.545,92.53,93.1,43.0973,19811882
2024-05-09,93.2,94.35,93.2,94.35,43.6759,22489500
2024-05-10,94.55,94.86,93.58,93.83,43.4352,20568420
2024-05-13,94.05,94.4,93.18,93.58,43.3195,20978060
2024-05-14,93.4,93.77,93.02,93.7,43.375,24353560
2024-05-15,93.5,94.08,92.12,93.91,43.4722,38792238
2024-05-16,93.7,94.38,93.4,93.65,43.3519,24580140
2024-05-17,93.82,95.105,93.79,94.96,43.9583,29001580
2024-05-20,95.0,95.21,94.105,94.34,43.6713,20134660
2024-05-21,94.1,94.865,93.81,93.88,43.4583,22467680
2024-05-22,93.5,93.54,91.71,92.08,42.6251,34867960
2024-05-23,92.54,92.86,91.08,91.24,42.2362,26931380
2024-05-24,91.95,92.1898,91.11,91.37,42.2964,19041398
2024-05-28,91.69,92.55,91.455,92.31,42.7316,28904120
2024-05-29,92.05,92.13,90.27,90.68,41.977,30053560
2024-05-30,90.48,91.27,90.45,90.94,42.0974,22732780
2024-05-31,91.1,93.2661,91.0096,93.2,43.1435,32503020
2024-06-03,92.89,92.92,90.09,90.76,42.014,40796578
2024-06-04,89.82,89.97,88.7,89.89,41.6113,34721422
2024-06-05,90.0,90.14,89.33,89.88,41.6067,21040160
2024-06-06,89.57,90.38,89.2266,90.35,41.8242,25506500
2024-06-07,90.18,91.035,89.55,89.99,41.6576,20089780
2024-06-10,90.33,91.21,89.99,90.67,41.9724,22548380
2024-06-11,90.27,90.59,89.44,90.49,41.8891,18591126
2024-06-12,91.24,91.27,89.0711,89.52,41.44,32560580
2024-06-13,89.28,89.53,88.245,88.7,41.0604,28495640
2024-06-14,88.6,88.7,87.67,88.04,40.7549,25811340
2024-06-17,87.92,88.665,87.6,88.27,40.8614,29547720
2024-06-18,88.84,89.76,88.418,88.64,41.0327,29285780
2024-06-20,88.9,90.73,88.62,90.27,41.7872,34073860
2024-06-21,90.51,90.76,89.62,89.75,41.5465,39986360
2024-06-24,89.53,91.625,89.38,91.28,42.594,31188220
2024-06-25,91.2,91.5,90.7,91.49,42.692,27670260
2024-06-26,91.59,91.59,90.155,90.59,42.272,23127400
2024-06-27,91.07,91.17,90.29,90.8,42.37,15631574
2024-06-28,91.5,91.82,90.82,91.15,42.5333,25670040
2024-07-01,91.88,92.18,90.66,91.2,42.5567,24563280
2024-07-02,92.08,92.1,90.55,91.13,42.524,25226780
2024-07-03,91.21,91.95,91.05,91.53,42.7107,16280094
2024-07-05,91.35,91.42,89.7,90.1,42.0434,23450500
2024-07-08,89.45,90.38,89.195,89.55,41.7867,19595012
2024-07-09,88.66,89.74,88.4,88.76,41.4181,19091194
2024-07-10,88.66,89.39,88.39,89.36,41.6981,19320756
2024-07-11,89.13,90.475,88.82,90.29,42.132,22689680
2024-07-12,90.8,90.93,89.85,90.52,42.2394,18117240
2024-07-15,91.16,92.72,90.81,91.89,42.8787,30791940
2024-07-16,91.5,92.3871,91.03,92.3,43.07,24129340
2024-07-17,92.51,93.82,92.49,93.22,43.4993,29435360
2024-07-18,93.12,94.51,92.79,93.39,43.5786,32867660
2024-07-19,93.24,93.88,92.13,92.37,43.1026,26500280
2024-07-22,91.88,92.32,91.265,91.79,42.832,21527520
2024-07-23,91.53,91.61,90.215,90.33,42.1507,33103800
2024-07-24,90.57,91.15,89.715,90.34,42.1554,29328500
2024-07-25,90.4,92.19,89.97,91.9,42.8833,36437398
2024-07-26,91.66,92.575,91.3314,92.19,43.0186,23730780
2024-07-29,92.2,92.27,90.535,91.4,42.65,27156520
2024-07-30,91.39,93.11,91.2817,92.82,43.3126,25673200
2024-07-31,94.08,94.14,93.14,93.21,43.4946,36173762
2024-08-01,93.0,93.47,90.27,90.74,42.342,42558500
2024-08-02,89.7,90.19,87.51,88.4,41.2501,45836200
2024-08-05,86.5,87.18,85.47,86.45,40.3402,50039102
2024-08-06,86.77,87.96,86.43,86.98,40.5875,31418600
2024-08-07,88.04,88.94,87.28,87.33,40.7508,26125940
2024-08-08,87.58,89.33,87.58,89.21,41.6281,21596840
2024-08-09,89.08,89.79,88.51,89.41,41.7214,22345580
2024-08-12,89.93,90.425,87.5,89.85,41.9267,28785880
2024-08-13,89.17,89.25,88.54,88.98,41.5208,31386400
2024-08-14,89.15,89.895,88.8,89.5,41.7634,21657600
2024-08-15,90.01,90.86,89.93,90.57,42.2627,18335210
2024-08-16,90.01,90.69,89.94,90.47,42.216,17753042
2024-08-19,90.62,91.85,90.62,91.08,42.5007,21762680
2024-08-20,90.88,90.96,88.64,88.68,41.3808,33866480
2024-08-21,89.24,89.685,88.575,88.83,41.4508,22737740
2024-08-22,88.89,89.46,88.71,89.06,41.5581,19595436
2024-08-23,89.48,90.54,89.37,90.39,42.1787,20734620
2024-08-26,91.39,91.995,90.53,91.2,42.5567,19514760
2024-08-27,91.2,91.45,90.19,90.35,42.16,16627126
2024-08-28,89.8,90.325,89.3737,89.77,41.8894,17049002
2024-08-29,90.3,91.28,89.45,90.94,42.4354,22499060
2024-08-30,90.02,91.31,89.81,91.28,42.594,28085260
2024-09-03,89.79,89.9269,88.445,89.01,41.5348,38191800
2024-09-04,89.1,89.67,87.605,87.78,40.9608,30113980
2024-09-05,88.41,88.48,87.02,87.1,40.6435,24991300
2024-09-06,87.29,87.82,85.66,86.01,40.1349,35912020
2024-09-09,86.27,87.43,86.14,86.63,40.4242,32824320
2024-09-10,86.76,86.87,84.41,85.14,39.7289,49326820
2024-09-11,85.13,85.17,83.02,84.35,39.3603,48125718
2024-09-12,84.68,85.435,84.05,85.11,39.7149,31769220
2024-09-13,85.54,86.23,85.34,85.59,39.9389,26195460
2024-09-16,86.31,87.11,85.92,86.57,40.3962,26875440
2024-09-17,86.6,87.8,86.41,87.74,40.9421,25034680
2024-09-18,87.61,88.99,87.49,87.91,41.0215,28209580
2024-09-19,89.4,89.955,88.47,88.96,41.5114,37806718
2024-09-20,88.59,88.97,87.775,88.76,41.4181,27961600
2024-09-23,88.2,89.555,87.895,89.12,41.9298,26630100
2024-09-24,90.14,90.14,88.7748,88.9,41.8262,34627300
2024-09-25,88.67,88.94,86.98,87.16,41.0076,27633560
2024-09-26,85.43,86.575,85.17,85.45,40.2031,46896320
2024-09-27,85.91,87.315,85.86,87.19,41.0217,30489520
2024-09-30,87.03,87.955,86.525,87.8,41.3087,22809420
2024-10-01,87.01,90.16,86.9,89.8,42.2497,66114102
2024-10-02,91.06,91.29,89.71,90.72,42.6825,41925140
2024-10-03,91.04,92.44,90.35,92.32,43.4353,44726058
2024-10-04,93.1,93.465,92.25,93.18,43.8399,35955782
2024-10-07,93.51,94.21,93.2,93.51,43.9952,32519420
2024-10-08,92.3,92.4,90.63,91.07,42.8472,39759878
2024-10-09,90.39,91.86,90.21,91.62,43.106,31519580
2024-10-10,92.13,92.75,91.46,92.24,43.3977,26047400
2024-10-11,92.21,93.14,92.03,92.81,43.6658,26414500
2024-10-14,92.16,92.92,92.02,92.77,43.647,22198520
2024-10-15,90.3,90.9,89.73,89.78,42.2403,37839160
2024-10-16,90.29,90.505,89.965,90.21,42.4426,19877098
2024-10-17,90.2,90.94,90.1,90.64,42.6449,21433300
2024-10-18,90.47,90.73,89.7,90.34,42.5037,24015180
2024-10-21,90.94,91.23,89.91,90.07,42.3767,21162080
2024-10-22,90.4,90.7,89.95,90.28,42.4755,17956470
2024-10-23,90.03,90.375,89.29,89.81,42.2544,19813274
2024-10-24,90.0,90.27,89.2,89.8,42.2497,17047212
2024-10-25,90.28,90.52,89.51,89.77,42.2356,19104512
2024-10-28,87.86,89.255,87.78,89.2,41.9674,24227920
2024-10-29,89.0,89.07,87.65,87.84,41.3275,23791560
2024-10-30,88.15,88.73,87.81,88.04,41.4216,19364152
2024-10-31,88.6,89.26,88.355,88.59,41.6804,31623220
2024-11-01,89.79,90.11,87.85,88.03,41.4169,26304580
2024-11-04,88.63,89.71,88.51,89.57,42.1415,25811880
2024-11-05,90.01,90.395,89.61,90.17,42.4238,20876660
2024-11-06,92.65,94.265,92.0499,93.56,44.0187,50053262
2024-11-07,93.5,93.5,92.42,93.13,43.8164,26138000
2024-11-08,93.14,93.885,92.77,93.75,44.1081,22336820
2024-11-11,93.77,94.595,93.33,94.28,44.3575,20909480
2024-11-12,94.55,94.8475,93.6799,93.78,44.1222,18500350
2024-11-13,94.06,94.895,92.93,94.51,44.4657,23676240
2024-11-14,95.14,95.18,94.265,94.87,44.6351,18011072
2024-11-15,94.78,95.69,94.39,94.73,44.5692,28080500
2024-11-18,95.48,96.18,95.06,95.99,45.162,25235560
2024-11-19,95.22,95.9501,94.925,95.38,44.875,23796420
2024-11-20,95.73,96.41,95.43,96.34,45.3267,17917576
2024-11-21,96.78,97.85,96.54,97.12,45.6936,33541020
2024-11-22,96.99,97.92,96.9,97.27,45.7642,21555660
2024-11-25,97.25,97.74,95.115,95.35,44.8609,32950680
2024-11-26,95.48,95.68,94.78,95.22,44.7997,24932740
2024-11-27,95.13,95.93,95.0,95.12,44.7527,15596444
2024-11-29,95.33,95.69,95.16,95.53,44.9456,13636374
2024-12-02,95.5,95.66,93.67,94.52,44.4704,22189960
2024-12-03,95.13,95.3,94.1007,94.51,44.4657,17886554
2024-12-04,94.47,94.47,91.68,92.23,43.393,32518060
2024-12-05,92.57,93.2,92.2037,92.59,43.5623,22662400
2024-12-06,92.4,92.41,90.845,91.02,42.8237,26206620
2024-12-09,91.78,92.265,90.79,90.87,42.7531,23627800
2024-12-10,91.39,91.52,90.12,90.25,42.4614,23299820
2024-12-11,90.44,90.74,89.96,90.4,42.532,23147500
2024-12-12,90.24,90.4,89.58,89.67,42.1885,21746300
2024-12-13,89.89,89.92,88.97,89.22,41.9768,22346060
2024-12-16,88.97,88.97,87.19,87.26,41.0546,25036160
2024-12-17,86.6,86.77,85.8,86.61,40.7488,32011680
2024-12-18,86.37,86.78,84.05,84.05,39.5444,39241218
2024-12-19,84.94,85.21,83.26,83.32,39.2009,49988460
2024-12-20,83.31,84.43,83.0902,84.14,39.5867,35704820
2024-12-23,83.31,84.21,82.75,83.93,39.8192,34445360
2024-12-24,84.17,84.8,83.6191,84.64,40.156,15024184
2024-12-26,84.67,84.715,84.05,84.57,40.1228,15386454
2024-12-27,84.5,85.48,84.135,84.56,40.1181,20369700
2024-12-30,84.57,85.03,83.85,84.55,40.1133,23545300
2024-12-31,84.75,85.9,84.575,85.66,40.64,21165080
2025-01-02,86.36,87.295,86.075,86.66,41.1144,34887078
2025-01-03,87.17,87.7631,86.82,87.47,41.4987,22124060
2025-01-06,87.87,88.57,86.845,87.07,41.3089,22835280
2025-01-07,87.71,88.61,87.18,87.94,41.7217,25035780
2025-01-08,87.4,88.07,87.09,88.03,41.7644,28483860
2025-01-10,89.17,90.2,87.92,88.39,41.9352,34075800
2025-01-13,88.79,90.775,88.79,90.25,42.8176,48896180
2025-01-14,90.09,91.2999,89.955,91.22,43.2778,31173000
2025-01-15,91.78,92.805,91.4,92.57,43.9183,34657898
2025-01-16,92.26,93.325,92.15,93.24,44.2362,25230600
2025-01-17,93.24,94.29,92.91,93.96,44.5778,23899660
2025-01-21,93.72,94.0,92.99,93.48,44.35,49302058
2025-01-22,93.19,93.3,91.72,91.78,43.5435,35880262
2025-01-23,92.48,92.8199,91.545,92.2,43.7428,29359140
2025-01-24,92.33,92.705,91.195,91.31,43.3205,29156800
2025-01-27,91.0,91.16,89.73,90.36,42.8698,31993400
2025-01-28,90.63,90.95,89.05,89.5,42.4618,37401738
2025-01-29,89.28,90.155,89.15,89.7,42.5567,20681760
2025-01-30,90.25,90.63,89.6,90.16,42.7749,39092540
2025-01-31,89.91,90.11,87.43,87.64,41.5793,44540040
2025-02-03,87.63,88.545,86.83,88.19,41.8403,39816460
2025-02-04,87.78,90.23,87.63,90.04,42.718,40279820
2025-02-05,90.01,90.355,89.505,90.23,42.8081,21772000
2025-02-06,90.64,90.86,88.09,88.57,42.0206,41309622
2025-02-07,88.9,89.365,88.44,88.56,42.0158,22568420
2025-02-10,89.35,90.66,89.35,90.51,42.941,25871360
2025-02-11,90.94,91.85,90.36,91.24,43.2873,26226820
2025-02-12,90.49,91.11,88.875,89.04,42.2435,38798782
2025-02-13,88.9,89.91,88.32,89.71,42.5614,31550920
2025-02-14,90.05,91.325,90.05,90.07,42.7322,25886500
2025-02-18,90.5,91.9,89.98,91.3,43.3158,29574760
2025-02-19,91.68,92.88,91.625,92.02,43.6574,24531240
2025-02-20,91.83,93.015,91.44,92.86,44.0559,28332300
2025-02-21,92.3,92.55,90.875,90.93,43.1402,31276600
2025-02-24,91.09,91.4381,90.465,90.95,43.1497,26295260
2025-02-25,90.93,91.35,88.905,89.64,42.5282,26608680
2025-02-26,89.75,89.985,88.715,89.13,42.2862,24305700
2025-02-27,89.75,90.705,88.98,89.61,42.514,30048000
2025-02-28,89.32,91.07,88.76,91.0,43.1734,26627100
2025-03-03,91.35,91.8725,87.01,87.82,41.6647,49501762
2025-03-04,86.53,88.38,85.43,86.97,41.2615,50677040
2025-03-05,85.71,86.145,84.025,85.7,40.6589,56510820
2025-03-06,85.29,86.485,84.62,85.96,40.7823,47104300
2025-03-07,86.35,88.0594,86.35,87.43,41.4797,44849140
2025-03-10,87.905,89.29,87.26,88.08,41.7881,40045340
2025-03-11,88.44,88.82,86.91,87.38,41.456,30230200
2025-03-12,87.44,88.585,87.105,87.78,41.6458,32240480
2025-03-13,87.47,88.73,86.65,87.18,41.3611,30742040
2025-03-14,87.66,89.88,87.26,89.76,42.5851,32023140
2025-03-17,89.69,91.61,89.69,91.19,43.2636,29761580
2025-03-18,91.7,91.905,90.62,91.34,43.3347,30806520
2025-03-19,91.46,93.24,91.44,92.83,44.0417,31742600
2025-03-20,92.32,93.48,91.93,93.17,44.203,33163602
2025-03-21,92.86,93.08,91.935,92.52,43.8946,36975540
2025-03-24,92.22,93.395,92.07,92.85,44.3949,23824520
2025-03-25,93.26,94.04,92.95,93.23,44.5766,22292000
2025-03-26,94.1,94.82,93.545,93.78,44.8395,25571660
2025-03-27,93.5,93.85,92.4976,92.87,44.4044,19147728
2025-03-28,92.82,93.17,91.965,92.43,44.194,22248740
2025-03-31,92.23,94.0,92.1,93.45,44.6817,28813740
2025-04-01,93.5,94.085,92.49,94.0,44.9447,27121220
2025-04-02,93.2,94.21,92.98,94.13,45.0069,33960602
2025-04-03,89.65,90.34,86.71,86.74,41.4735,75657844
2025-04-04,83.65,84.59,78.76,78.76,37.6579,100751922
2025-04-07,76.21,81.58,74.98,78.25,37.4141,113906718
2025-04-08,80.66,81.075,75.22,76.44,36.5487,90538476
2025-04-09,74.95,83.21,74.49,82.36,39.3792,118962320
2025-04-10,80.22,80.22,75.48,76.98,36.8069,79046524
2025-04-11,77.34,79.48,75.82,78.89,37.7201,41916820
2025-04-14,80.76,80.76,78.38,79.17,37.854,32748180
2025-04-15,79.1,80.52,79.005,79.05,37.7966,22166900
2025-04-16,79.54,81.045,79.34,79.7,38.1074,27331420
2025-04-17,80.35,82.755,80.31,81.5,38.968,47908782
2025-04-21,80.21,80.41,78.49,79.37,37.9496,31011920
2025-04-22,80.4,81.99,80.05,81.39,38.9154,22097340
2025-04-23,82.1,82.98,80.74,81.24,38.8437,43216140
2025-04-24,82.0,82.78,81.29,82.54,39.4653,21219000
2025-04-25,81.8,82.46,81.48,82.39,39.3936,17664780
2025-04-28,82.3,83.195,82.19,82.97,39.6709,16436710
2025-04-29,82.04,83.03,81.88,82.73,39.5561,19843316
2025-04-30,81.4,81.515,79.505,80.5,38.4899,37814282
2025-05-01,79.84,81.86,79.84,80.8,38.6333,36314422
2025-05-02,81.78,82.39,80.315,81.98,39.1975,32038800
2025-05-05,80.95,81.06,80.05,80.5,38.4899,29530220
2025-05-06,80.86,81.22,80.07,80.52,38.4995,22995460
2025-05-07,80.7,80.9553,79.94,80.55,38.5138,22448240
2025-05-08,81.29,82.72,81.16,81.61,39.0206,30565880
2025-05-09,82.6,82.835,81.76,82.43,39.4127,19993148
2025-05-12,85.48,85.87,83.96,84.58,40.4407,32610060
2025-05-13,85.0,86.445,84.66,85.77,41.0097,29031560
2025-05-14,85.195,85.58,84.92,85.25,40.761,21332660
2025-05-15,84.17,85.66,83.96,85.61,40.9332,29721540
2025-05-16,85.8,85.85,84.605,85.48,40.871,21725820
2025-05-19,84.77,84.86,83.745,84.37,40.3403,24787060
2025-05-20,84.31,84.5,83.51,83.59,39.9673,22782140
2025-05-21,83.09,83.25,82.04,82.05,39.231,25698320
2025-05-22,81.62,82.195,80.72,81.73,39.078,23732260
2025-05-23,81.01,82.195,80.98,81.99,39.2023,23510920
2025-05-27,82.56,82.83,81.95,82.7,39.5418,19028072
2025-05-28,83.1,83.35,81.44,81.65,39.0397,29552600
2025-05-29,81.78,82.26,81.26,82.26,39.3314,23793420
2025-05-30,81.63,81.955,80.875,81.53,38.9824,31038620
2025-06-02,83.06,83.17,81.65,82.6,39.494,32030980
2025-06-03,82.66,84.095,81.88,83.58,39.9625,30352640
2025-06-04,83.54,84.19,81.85,81.95,39.1832,44939218
2025-06-05,82.56,82.6,81.66,81.87,39.1449,27667320
2025-06-06,82.61,83.66,82.61,83.41,39.8813,28556820
2025-06-09,83.74,84.44,83.075,83.57,39.9578,28680340
2025-06-10,84.46,85.61,84.42,85.06,40.6702,46092238
2025-06-11,85.64,86.43,84.8,86.29,41.2583,48996602
2025-06-12,85.89,86.615,85.26,86.59,41.4017,34028122
2025-06-13,88.21,88.57,86.95,88.1,42.1237,84194734
2025-06-16,87.86,88.75,87.175,87.84,41.9994,69406624
2025-06-17,88.57,89.32,88.02,88.66,42.3915,67884140
2025-06-18,88.98,89.43,87.88,88.08,42.1142,70472922
2025-06-20,88.43,89.225,88.17,88.98,42.5445,56744762
2025-06-23,89.37,89.43,85.655,86.03,41.4687,105688304
2025-06-24,84.775,85.8,84.585,84.91,40.9288,65358700
2025-06-25,84.81,85.115,84.26,84.54,40.7505,43723020
2025-06-26,84.73,85.92,84.52,85.75,41.3338,33565622
2025-06-27,85.7,85.7,84.7901,85.3,41.1168,35411738
2025-06-30,84.97,85.34,84.555,84.81,40.8806,26247520
2025-07-01,84.94,85.855,84.155,85.46,41.194,40772800
2025-07-02,86.18,87.07,85.23,86.93,41.9025,42468860
2025-07-03,86.81,87.31,86.61,87.03,41.9507,22266220
2025-07-07,86.5,86.96,85.3,86.19,41.5458,35673200
2025-07-08,86.09,88.83,86.07,88.51,42.6641,47472460
2025-07-09,88.29,88.64,87.8,88.06,42.4472,28673160
2025-07-10,87.86,88.78,87.23,88.73,42.7702,28824760
2025-07-11,88.58,89.44,88.31,89.13,42.963,30171560
2025-07-14,88.96,88.96,87.68,88.15,42.4906,33441540
2025-07-15,87.98,88.36,86.77,86.88,41.8784,33859578
2025-07-16,86.76,87.26,85.815,86.13,41.5169,35501660
2025-07-17,85.69,86.785,85.48,86.66,41.7724,36086422
2025-07-18,87.35,87.75,85.62,85.96,41.435,60975680
2025-07-21,86.02,86.17,84.895,85.07,41.006,30434460
2025-07-22,84.97,85.94,84.885,85.47,41.1988,32444080
2025-07-23,85.82,86.86,85.6,86.81,41.8447,28046080
2025-07-24,86.58,87.5393,86.19,87.43,42.1436,24022140
2025-07-25,87.52,87.67,86.645,87.1,41.9845,20143140
2025-07-28,87.68,88.24,87.55,88.09,42.4617,23705280
2025-07-29,88.23,88.98,87.94,88.95,42.8762,24551960
2025-07-30,88.4,88.45,87.13,87.68,42.2641,26552340
2025-07-31,86.76,88.215,86.76,87.21,42.0375,24960800
2025-08-01,86.88,87.19,85.12,85.59,41.2566,42329360
2025-08-04,85.44,86.082,84.96,85.4,41.165,26509640
2025-08-05,85.38,85.625,84.345,85.51,41.2181,31413600
2025-08-06,86.05,86.55,84.47,84.72,40.8373,38249460
2025-08-07,85.22,86.17,84.28,84.39,40.6782,35042058
2025-08-08,84.79,85.705,84.36,84.93,40.9385,40736218
2025-08-11,85.1,85.47,84.1,84.25,40.6107,28828720
2025-08-12,84.42,85.4,84.17,84.66,40.8083,34527020
2025-08-13,84.72,85.65,84.42,85.64,41.2807,25601220
2025-08-14,85.58,85.685,84.65,85.56,41.2422,24944600
2025-08-15,85.6,86.525,85.29,85.56,41.2422,27297720
2025-08-18,85.11,85.45,84.56,85.05,40.9963,26428440
2025-08-19,84.81,85.58,84.59,85.08,41.0108,25693880
2025-08-20,85.22,86.14,85.14,85.79,41.353,27967220
2025-08-21,85.64,86.565,85.41,86.38,41.6374,22088020
2025-08-22,86.67,88.35,86.53,88.14,42.4858,30936340
2025-08-25,87.92,88.48,87.63,88.37,42.5967,23412820
2025-08-26,88.02,88.31,87.405,88.23,42.5292,22855500
2025-08-27,88.1,89.54,88.0,89.22,43.0064,26877360
2025-08-28,89.25,90.03,88.66,89.9,43.3342,24086280
2025-08-29,89.94,90.62,89.82,90.39,43.5704,23744920
2025-09-02,90.15,90.68,89.47,90.52,43.633,25964440
2025-09-03,89.8,90.545,88.19,88.49,42.6545,36018140
2025-09-04,88.5,89.45,88.12,89.08,42.9389,25895480
2025-09-05,88.35,88.64,86.915,87.36,42.1098,48182238
2025-09-08,87.65,88.03,86.385,87.16,42.0134,34931860
2025-09-09,87.63,88.815,87.53,87.58,42.2159,41193422
2025-09-10,87.78,89.155,87.58,89.11,42.9534,29932820
2025-09-11,88.4,89.32,88.13,89.13,42.963,25176860
2025-09-12,89.5,89.9,88.58,88.6,42.7075,22298260
2025-09-15,88.77,89.0,88.15,88.3,42.5629,23288560
2025-09-16,88.69,90.055,88.67,89.78,43.2763,41593460
2025-09-17,89.66,90.62,89.27,89.99,43.3775,26044860
2025-09-18,90.07,90.25,89.03,89.71,43.2426,28713040
2025-09-19,89.63,89.695,88.21,88.52,42.669,29979140
2025-09-22,87.46,88.1,87.11,87.67,42.6197,22502340
2025-09-23,88.02,90.14,88.02,89.18,43.3538,44214782
2025-09-24,89.81,91.18,89.71,90.34,43.9177,35406140
2025-09-25,90.33,91.235,90.08,91.15,44.3115,31887200
2025-09-26,91.3,92.91,91.28,91.99,44.7199,40161680
2025-09-29,91.35,91.48,89.825,90.3,43.8983,37674480
2025-09-30,89.51,89.695,88.64,89.34,43.4316,47544762
2025-10-01,88.9,89.64,88.8,89.34,43.4316,27661220
2025-10-02,89.14,89.93,88.345,88.44,42.9941,31793600
2025-10-03,88.89,89.43,88.78,88.91,43.2225,24047960
2025-10-06,89.47,89.86,88.99,89.35,43.4364,21488480
2025-10-07,89.265,89.56,87.91,89.49,43.5045,25324560
2025-10-08,89.49,89.49,88.295,88.97,43.2517,20024220
2025-10-09,89.16,89.92,87.665,87.76,42.6635,23397880
2025-10-10,87.11,87.55,85.19,85.22,41.4287,44892238
2025-10-13,85.865,86.49,85.59,86.38,41.9926,22889580
2025-10-14,85.15,86.855,85.04,86.37,41.9878,25084580
2025-10-15,86.92,87.41,85.675,86.32,41.9635,24267080
2025-10-16,86.47,86.73,84.7,85.28,41.4579,29193860
2025-10-17,85.64,86.16,85.29,85.98,41.7982,24072060
2025-10-20,86.13,87.085,86.13,86.89,42.2405,25352360
2025-10-21,87.13,87.33,86.25,86.69,42.1433,25885220
2025-10-22,87.27,88.18,86.54,87.8,42.6829,32814078
2025-10-23,89.37,89.555,88.43,88.97,43.2517,47308840
2025-10-24,89.37,89.4,88.01,88.07,42.8142,21190900
2025-10-27,88.35,88.64,87.8907,88.28,42.9163,19597228
2025-10-28,87.95,88.23,87.31,87.36,42.469,22474500
2025-10-29,87.455,88.46,87.28,88.01,42.785,26807880
2025-10-30,87.98,88.6198,87.365,87.49,42.5322,20663500
2025-10-31,87.7,88.625,87.32,88.13,42.8434,26985360
2025-11-03,88.15,88.38,87.13,88.14,42.8482,22232660
2025-11-04,87.06,87.43,86.37,87.19,42.3864,29477620
2025-11-05,87.2,88.39,87.085,87.42,42.4982,23857160
2025-11-06,87.55,89.1,87.55,88.27,42.9114,32155420
2025-11-07,88.58,89.745,88.335,89.54,43.5288,35458422
2025-11-10,89.77,90.56,88.605,90.35,43.9226,31264540
2025-11-11,90.89,92.17,90.82,91.53,44.4962,38752762
2025-11-12,90.91,91.33,90.12,90.25,43.874,29863300
2025-11-13,90.54,91.3,90.075,90.48,43.9858,32243820
2025-11-14,90.96,92.22,89.815,92.02,44.7344,34179718
2025-11-17,91.91,91.94,89.98,90.34,43.9177,37447340
2025-11-18,89.95,91.3,89.7,91.06,44.2677,34839898
2025-11-19,89.45,90.165,88.82,89.88,43.6941,41062738
2025-11-20,90.34,91.565,88.79,88.86,43.1982,41630040
2025-11-21,89.01,89.81,88.07,89.42,43.4705,39317218
2025-11-24,89.32,89.45,87.79,89.17,43.3489,33681800
2025-11-25,88.47,88.96,87.875,88.61,43.0767,29298920
2025-11-26,88.59,89.915,88.51,89.28,43.4024,26611040
2025-11-28,89.33,90.835,89.195,90.45,43.9712,16661960
2025-12-01,90.58,91.82,90.51,91.32,44.3941,30971200
2025-12-02,91.18,91.18,89.685,90.14,43.8205,33304922
2025-12-03,90.75,91.99,90.62,91.83,44.6421,30173980
2025-12-04,91.78,92.365,91.51,92.22,44.8317,23799700
2025-12-05,46.03,46.66,45.91,45.92,44.6469,22164391
2025-12-08,45.66,45.92,45.27,45.42,44.1608,27891930
2025-12-09,45.5,46.08,45.46,45.7,44.433,20917430
2025-12-10,45.84,46.265,45.625,46.18,44.8997,26255070
2025-12-11,45.9,46.245,45.84,45.96,44.6858,25827240
2025-12-12,46.045,46.235,45.39,45.51,44.2483,33161148
2025-12-15,45.61,45.61,44.82,45.19,43.9372,27521551
2025-12-16,44.83,44.85,43.77,43.81,42.5954,49312406
2025-12-17,44.13,44.88,44.06,44.78,43.5385,43375289
2025-12-18,44.65,44.71,43.98,44.13,42.9066,29920199
2025-12-19,44.25,44.53,44.025,44.13,42.9066,31959551
2025-12-22,44.14,44.485,44.09,44.21,43.3508,23707420
2025-12-23,44.37,44.55,44.22,44.5,43.6351,19137539
2025-12-24,44.415,44.555,44.31,44.37,43.5077,11293860
2025-12-26,44.32,44.435,43.99,44.2,43.341,17884480
2025-12-29,44.51,44.74,44.29,44.62,43.7528,31352051
2025-12-30,44.8,45.0884,44.8,44.96,44.0862,18654740
2025-12-31,44.93,45.02,44.57,44.71,43.841,16965920
2026-01-02,44.72,45.7799,44.49,45.65,44.7628,31935520
2026-01-05,47.16,47.32,45.75,46.89,45.9787,94961039
2026-01-06,46.995,47.06,45.5313,45.64,44.753,69568234
2026-01-07,45.82,45.82,45.08,45.13,44.2529,42739168
2026-01-08,45.32,46.85,45.22,46.55,45.6453,51451020
2026-01-09,46.75,46.88,46.505,46.67,45.763,38839953
2026-01-12,46.75,46.805,46.1001,46.34,45.4394,28264439
2026-01-13,46.73,47.39,46.68,47.0,46.0865,50469238
2026-01-14,47.25,48.65,47.18,48.06,47.1259,80750148
2026-01-15,47.63,48.07,47.27,47.61,46.6847,49328793
2026-01-16,47.56,47.805,47.485,47.69,46.7631,30796289
2026-01-20,48.09,48.31,47.5,47.6,46.6749,50178699
2026-01-21,48.29,49.05,48.29,48.75,47.8025,58996039
2026-01-22,48.62,49.0,48.42,48.91,47.9594,50869512
2026-01-23,49.52,49.89,49.09,49.19,48.234,51431168
2026-01-26,49.865,49.89,48.95,49.22,48.2634,40122633
2026-01-27,49.39,49.815,49.16,49.67,48.7046,39840273
2026-01-28,49.97,50.14,49.56,50.05,49.0773,41890391
2026-01-29,51.15,51.73,50.48,50.51,49.5283,77520648
2026-01-30,50.36,51.085,49.875,51.05,50.0578,74039398
2026-02-02,50.1,50.51,49.77,50.05,49.0773,61479859
2026-02-03,50.24,51.78,50.02,51.67,50.6658,83754109
2026-02-04,51.82,52.9599,51.82,52.83,51.8032,78149891
2026-02-05,52.26,52.49,51.435,52.21,51.1953,54235648
2026-02-06,52.5,53.415,52.36,53.25,52.2151,41669566
2026-02-09,53.205,53.72,52.975,53.64,52.5975,38798500
2026-02-10,53.77,53.79,53.24,53.58,52.5387,32145990
2026-02-11,54.28,55.11,54.25,54.98,53.9114,57349672
2026-02-12,54.94,55.24,53.76,53.98,52.9309,67427844
2026-02-13,53.94,54.575,53.81,54.35,53.2937,48392129
2026-02-17,54.56,54.905,53.18,53.75,52.7054,50499594
2026-02-18,54.53,54.86,54.22,54.78,53.7153,59196121
2026-02-19,55.46,55.88,54.925,55.18,54.1076,62513520
2026-02-20,55.0,55.285,54.51,54.88,53.8134,50833500
2026-02-23,55.035,55.93,54.865,55.15,54.0781,44013473
2026-02-24,55.11,55.22,54.4,55.1,54.0291,42921660
2026-02-25,55.3,55.37,54.185,54.87,53.8036,36207488
2026-02-26,54.37,55.67,54.12,55.05,53.9801,47033512
2026-02-27,55.64,56.15,54.925,55.92,54.8332,59071461
2026-03-02,57.77,57.88,56.27,57.04,55.9314,135633297
2026-03-03,57.385,57.72,56.05,56.52,55.4215,154770797
2026-03-04,56.06,56.43,55.325,56.19,55.0979,70732734
2026-03-05,56.53,57.06,56.08,56.48,55.3823,85177805
2026-03-06,57.15,57.34,56.17,56.57,55.4705,68219039
2026-03-09,56.84,57.15,55.94,56.32,55.2254,88747422
2026-03-10,56.055,56.46,55.365,55.6,54.5194,88817875
2026-03-11,55.63,57.04,55.54,56.98,55.8726,48743711
2026-03-12,57.13,58.215,57.06,57.51,56.3923,69358711
2026-03-13,57.5,57.93,57.1,57.7,56.5786,43374633
2026-03-16,57.76,58.1,57.27,57.9,56.7747,39474320
2026-03-17,58.23,59.05,57.98,58.51,57.3728,40137738
2026-03-18,58.74,58.97,58.43,58.43,57.2944,42908020
2026-03-19,58.87,59.72,58.52,59.36,58.2063,69231375
2026-03-20,59.555,60.32,59.28,59.31,58.1573,73003406
2026-03-23,57.89,59.84,57.66,59.63,58.8533,71027211
2026-03-24,59.8,61.47,59.77,60.84,60.0475,51207449
2026-03-25,60.32,61.0,60.26,60.57,59.781,42680738
2026-03-26,60.67,61.86,60.59,61.52,60.7187,54967641
2026-03-27,61.53,62.79,61.26,62.56,61.7451,59553207
2026-03-30,63.13,63.46,61.78,61.96,61.1529,49750121
2026-03-31,62.04,62.83,60.035,61.26,60.4621,94766930
2026-04-01,59.72,60.62,58.355,58.97,58.2019,96652898
2026-04-02,60.53,61.01,58.98,59.25,58.4782,60400527
2026-04-06,59.11,59.69,58.891,59.68,58.9026,25474160
2026-04-07,59.81,60.77,59.79,60.16,59.3764,38811699
2026-04-08,56.68,58.19,56.18,58.05,57.2939,88023633
2026-04-09,58.2,59.02,57.11,57.33,56.5832,55088512
2026-04-10,57.17,57.475,56.4,56.94,56.1983,42561688
2026-04-13,57.615,57.72,56.645,57.11,56.3661,43100871
2026-04-14,56.5,56.5,55.405,55.95,55.2212,58830078
2026-04-15,55.6,56.21,55.27,55.76,55.0337,39551488
2026-04-16,55.84,56.875,55.765,56.58,55.843,31282570
2026-04-17,54.41,55.16,53.41,55.02,54.3033,90913250
2026-04-20,55.1,55.72,54.8,55.07,54.3527,35150039
2026-04-21,55.32,55.96,54.92,55.87,55.1423,41299832
2026-04-22,56.36,56.78,56.13,56.54,55.8035,40565512
2026-04-23,56.89,57.19,56.465,56.98,56.2378,34707168
2026-04-24,56.77,56.92,56.17,56.87,56.1292,36426738
2026-04-27,57.1,57.68,56.63,56.77,56.0305,33070602
2026-04-28,57.72,58.05,57.375,57.71,56.9583,39151281
2026-04-29,58.28,59.11,58.06,59.03,58.2611,40616688
2026-04-30,58.2,59.835,57.935,59.65,58.873,35896770
2026-05-01,59.06,59.6,58.26,58.85,58.0834,35828441
2026-05-04,58.73,59.63,58.22,59.39,58.6164,36882961
2026-05-05,59.23,59.76,58.89,59.45,58.6756,27041420
2026-05-06,57.29,57.89,56.655,57.0,56.2575,57907520
2026-05-07,55.87,56.15,55.13,55.95,55.2212,52909859
2026-05-08,55.85,56.225,55.46,55.7,54.9745,30573490
2026-05-11,56.26,57.22,56.24,57.17,56.4253,31943311
2026-05-12,57.73,57.84,57.14,57.57,56.8201,36814551
2026-05-13,57.47,57.71,56.96,57.63,56.8793,22707189
2026-05-14,57.65,58.18,57.505,58.07,57.3136,23486949
2026-05-15,58.7,59.47,58.475,59.44,58.6658,33565461
2026-05-18,59.125,60.7,58.72,60.58,59.7909,41516594
2026-05-19,60.81,61.49,60.295,61.29,60.4917,31111029
2026-05-20,60.81,61.7,59.675,59.8,59.0211,61776770
2026-05-21,60.48,60.59,58.715,59.13,58.3598,45851129
2026-05-22,58.99,59.61,58.83,59.49,58.7151,42428848
2026-05-26,58.87,59.57,57.835,57.85,57.0965,38819879
2026-05-27,57.01,57.5,56.475,56.99,56.2477,48329832
2026-05-28,57.55,57.68,56.68,56.95,56.2082,46554059
2026-05-29,56.68,56.79,55.99,56.29,55.5568,32389631
2026-06-01,57.025,57.81,56.85,57.3,56.5536,55879352
2026-06-02,57.19,58.17,57.08,57.96,57.205,23842619
2026-06-03,58.24,59.375,58.01,58.71,57.9453,46312801
2026-06-04,58.5,59.025,58.17,58.75,57.9847,23916330
2026-06-05,58.665,58.78,57.63,57.67,56.9188,28212971
2026-06-08,58.08,58.96,57.97,58.33,57.5702,25717789
2026-06-09,58.08,58.21,56.81,57.39,56.6425,46026301
2026-06-10,57.94,59.04,57.78,58.25,57.4913,36515273
2026-06-11,58.775,58.99,57.055,57.12,56.376,40863527
2026-06-12,56.79,58.15,56.63,57.55,56.8004,31964730
2026-06-15,55.2,56.05,55.02,55.55,54.8264,44319059
2026-06-16,55.0,55.475,54.95,55.36,54.6389,42008391
2026-06-17,55.26,55.36,54.54,54.67,53.9579,38553039
2026-06-18,54.14,54.25,53.245,53.77,53.0696,39645688
2026-06-22,53.53,54.13,53.165,54.06,53.7384,30765619
2026-06-23,54.14,54.56,53.87,54.46,54.136,38690398
2026-06-24,53.5,53.765,52.94,53.57,53.2513,43034609
2026-06-25,53.2,54.315,53.0,54.09,53.7683,28238619
2026-06-26,54.0,54.15,53.675,53.84,53.5197,19025240
2026-06-29,53.98,54.28,53.47,53.58,53.2613,25142320
2026-06-30,53.62,54.115,53.08,53.11,52.7941,28283949
2026-07-01,53.045,53.44,52.62,52.81,52.4959,33662699
2026-07-02,53.24,53.65,52.91,53.22,52.9034,28538221
2026-07-06,53.058,53.55,53.0,53.13,52.814,24735260
2026-07-07,53.61,54.82,53.6,54.64,54.315,41833648
2026-07-08,55.455,56.035,54.865,55.6,55.2693,39741352
2026-07-09,55.28,55.48,54.73,54.82,54.4939,21770721
2026-07-10,55.08,55.24,54.36,55.08,54.7524,22974650
2026-07-13,55.86,56.97,55.86,56.74,56.4025,41200898
2026-07-14,57.0,57.22,56.29,56.95,56.6112,32578961
2026-07-15,56.94,57.04,55.76,56.5,56.1639,33184199
2026-07-16,56.66,57.3,56.595,57.02,56.6808,27476980
2026-07-17,57.95,58.115,57.28,57.68,57.3369,31397789
2026-07-20,57.555,58.385,57.41,57.94,57.5953,27329330
2026-07-21,58.16,58.53,57.83,58.5,58.152,20315680
2026-07-22,59.27,59.52,58.9,59.2,58.8479,29548570
2026-07-23,60.244,60.3768,59.265,59.38,59.0268,35838633
2026-07-24,59.4,60.45,59.4,59.62,59.2654,34181898
2026-07-27,58.41,59.2799,58.23,58.36,58.0129,33826359
2026-07-28,58.41,58.79,57.25,57.57,57.2276,27800811
2026-07-29,59.08,59.3,58.42,58.65,58.3011,34175578
2026-07-30,58.08,59.105,58.02,58.96,58.6093,23045721
2026-07-31,58.93,59.685,58.32,59.55,59.1958,23556480
2026-08-03,58.69,59.325,58.16,58.79,58.4403,26038369
2026-08-04,57.7,58.72,57.13,58.52,58.1719,37661539
2026-08-05,58.77,58.98,57.205,57.31,56.9691,33213539
2026-08-06,58.39,58.56,57.58,58.16,57.814,25084279
2026-08-07,57.525,58.045,57.11,57.5,57.158,21092721
2026-08-10,58.19,60.21,58.1,60.18,59.822,33677848
2026-08-11,59.99,61.08,59.99,60.93,60.5676,22400840
2026-08-12,60.47,61.17,60.335,61.03,60.667,22584150
2026-08-13,60.52,61.125,60.23,61.06,60.6968,20703551
2026-08-14,61.37,62.11,61.25,61.91,61.5417,22777740
2026-08-17,62.215,62.685,61.785,62.58,62.2077,23550301
2026-08-18,63.41,63.71,63.115,63.68,63.3012,27280520
2026-08-19,63.85,64.25,63.4,63.58,63.2018,25537820
2026-08-20,64.25,64.7,63.69,63.75,63.3708,24304131
2026-08-21,63.905,64.3,63.35,63.64,63.2614,27798590
2026-08-24,63.24,63.72,62.56,63.11,62.7346,23010359
2026-08-25,62.2,62.785,62.04,62.06,61.6908,27426439
2026-08-26,61.43,63.02,61.31,62.43,62.0586,24398570
2026-08-27,62.23,62.72,61.55,62.29,61.9195,29603990
2026-08-28,62.35,62.74,62.118,62.68,62.3072,20624539
2026-08-31,63.8,64.44,63.14,63.96,63.5795,27148840
2026-09-01,64.87,64.95,64.05,64.77,64.3847,33275949
2026-09-02,64.27,65.345,64.25,65.1,64.7128,27401420
2026-09-03,65.12,65.52,64.5825,64.62,64.2356,24079410
2026-09-04,64.04,64.33,63.375,64.06,63.6789,26289551
2026-09-08,64.83,65.24,64.31,64.77,64.3847,28088240
2026-09-09,65.56,65.915,65.01,65.31,64.9215,25392381
2026-09-10,66.14,66.17,64.34,64.93,64.5438,37212602
2026-09-11,64.89,65.725,64.71,65.14,64.7525,30546270
2026-09-14,65.955,66.05,64.18,64.53,64.1461,47236500
2026-09-15,64.88,66.115,64.81,65.93,65.5378,34571930
2026-09-16,65.22,65.22,63.68,64.03,63.6491,48608367
2026-09-17,63.5,64.52,63.46,64.48,64.0964,35543832
2026-09-18,64.2,64.75,63.9297,63.9297,63.5494,29425092
