date,open,high,low,close,adjusted_close,volume
1998-12-22,23.2188,23.2813,23.2188,23.2813,14.261,600
1998-12-23,23.4531,23.75,23.4531,23.6875,14.5099,900
1998-12-24,23.9063,24.0156,23.8281,24.0,14.7013,1400
1998-12-28,24.0,24.1406,24.0,24.125,14.7779,7400
1998-12-29,24.25,24.4688,24.25,24.4688,14.9884,1400
1998-12-30,24.4531,24.4531,24.2969,24.3594,14.9214,2800
1998-12-31,24.3594,24.5625,24.3125,24.5625,15.0459,33100
1999-01-04,24.5938,24.8438,24.2188,24.2188,14.8353,6400
1999-01-05,24.4688,24.7656,24.3594,24.7188,15.1416,2000
1999-01-06,24.9531,25.3281,24.9531,25.25,15.467,13500
1999-01-07,25.0625,25.125,24.8438,25.0313,15.333,13100
1999-01-08,24.9688,25.25,24.8281,25.2188,15.4478,11000
1999-01-11,25.1563,25.1563,24.875,24.9844,15.3043,2200
1999-01-12,24.8594,24.9219,24.6094,24.6875,15.1224,6500
1999-01-13,24.0313,24.3594,24.0,24.0625,14.7396,1700
1999-01-14,24.0,24.2188,23.9531,23.9531,14.6726,4100
1999-01-15,24.0781,24.4219,24.0781,24.3594,14.9214,4900
1999-01-19,24.5781,24.5781,24.1094,24.3125,14.8927,10100
1999-01-20,24.375,24.5,24.2031,24.2031,14.8257,1700
1999-01-21,24.1406,24.1406,23.9844,24.0,14.7013,2500
1999-01-22,23.6563,23.75,23.5313,23.5313,14.4142,8700
1999-01-25,23.6406,23.9219,23.6094,23.9219,14.6534,4600
1999-01-27,24.2031,24.2031,24.1094,24.1094,14.7683,500
1999-01-28,24.0313,24.1875,23.9531,24.1406,14.7874,1900
1999-01-29,24.2344,24.4063,23.9531,24.2969,14.8832,109200
1999-02-01,24.5,24.5,24.3281,24.3281,14.9023,2400
1999-02-02,24.1563,24.1875,23.8594,24.1406,14.7874,20700
1999-02-03,24.1406,24.375,24.1406,24.375,14.931,20100
1999-02-04,24.3438,24.4219,24.25,24.4063,14.9501,6100
1999-02-05,24.4844,24.4844,24.2969,24.3281,14.9023,4300
1999-02-08,24.5,24.5,24.1406,24.4063,14.9501,2900
1999-02-09,24.3594,24.3594,24.0781,24.0781,14.7492,4100
1999-02-10,24.1719,24.1719,24.0469,24.1719,14.8066,5400
1999-02-11,24.3281,24.5,24.3281,24.5,15.0076,3500
1999-02-12,24.3906,24.3906,24.3125,24.3594,14.9214,2600
1999-02-16,24.5156,24.5313,24.4688,24.4844,14.998,3800
1999-02-17,24.2813,24.75,24.2813,24.4844,14.998,5400
1999-02-18,24.3281,24.5313,24.2656,24.4844,14.998,4300
1999-02-19,24.375,24.6719,24.375,24.6406,15.0937,2800
1999-02-22,24.6563,25.0156,24.6563,25.0156,15.3234,6400
1999-02-23,24.9375,25.0469,24.8594,25.0,15.3139,5400
1999-02-24,25.1563,25.1719,24.875,24.9375,15.2756,5300
1999-02-25,24.5781,24.5781,24.2813,24.4375,14.9693,3200
1999-02-26,24.5625,24.6563,24.375,24.5156,15.0171,3400
1999-03-01,24.4688,24.5,24.3125,24.5,15.0076,3200
1999-03-02,24.5625,24.6094,24.2969,24.2969,14.8832,47600
1999-03-03,24.4844,24.4844,24.1094,24.1563,14.797,13600
1999-03-04,24.3438,24.625,24.3438,24.625,15.0841,15700
1999-03-05,25.0469,25.1719,25.0469,25.1719,15.4191,5200
1999-03-08,25.2656,25.3125,25.1875,25.3125,15.5053,1800
1999-03-09,25.3125,25.5156,25.2969,25.4375,15.5818,1800
1999-03-10,25.3438,25.4688,25.2344,25.3906,15.5531,2700
1999-03-11,25.4063,25.7031,25.4063,25.4219,15.5723,1800
1999-03-12,25.4531,25.5469,25.4531,25.5,15.6201,2200
1999-03-15,25.4844,25.5781,25.4375,25.4375,15.5818,1900
1999-03-16,25.4844,25.5,25.2656,25.2656,15.4766,4800
1999-03-17,25.3125,25.4531,25.1875,25.2188,15.4478,1900
1999-03-18,25.1719,25.2813,25.1094,25.2813,15.4861,3900
1999-03-19,25.3125,25.4219,25.2656,25.3438,15.5824,9100
1999-03-22,25.2344,25.3438,25.1406,25.1563,15.4671,9900
1999-03-23,25.1563,25.1563,24.5625,24.5625,15.102,4900
1999-03-24,24.5625,25.5781,24.4375,24.5,15.0636,4800
1999-03-25,24.625,24.9219,24.6094,24.7656,15.2269,6500
1999-03-26,24.5781,24.8594,24.5781,24.8281,15.2653,3100
1999-03-29,25.125,25.2344,25.125,25.2344,15.5151,3000
1999-03-30,25.0625,25.25,25.0625,25.2188,15.5055,3500
1999-03-31,25.0625,25.1094,24.9375,24.9375,15.3326,21700
1999-04-01,24.9688,25.2031,24.9688,25.2031,15.4959,3500
1999-04-05,25.3906,25.75,25.375,25.75,15.8321,7700
1999-04-06,25.6563,25.6719,25.5,25.6094,15.7457,2700
1999-04-07,25.7188,25.7656,25.4688,25.6563,15.7745,24400
1999-04-08,25.5938,25.8438,25.5313,25.7969,15.861,24800
1999-04-09,25.8125,25.8438,25.6719,25.8125,15.8706,1200
1999-04-12,25.8125,26.4375,25.7813,26.4375,16.2548,11500
1999-04-13,26.4063,26.6406,26.375,26.6406,16.3797,1100
1999-04-14,26.7656,27.4531,26.75,27.2188,16.7352,25500
1999-04-15,27.5,28.0469,27.4688,27.9219,17.1675,61700
1999-04-16,28.0,28.1875,27.75,28.0781,17.2636,173300
1999-04-19,28.3906,29.3125,28.1875,28.3125,17.4077,292800
1999-04-20,28.4688,28.4688,27.8438,28.125,17.2924,102300
1999-04-21,28.1875,28.2656,27.9375,28.2188,17.35,58100
1999-04-22,28.1094,29.2188,28.1094,28.2344,17.3596,56200
1999-04-23,28.0,28.4531,28.0,28.4531,17.4941,109800
1999-04-26,28.5469,28.625,28.4219,28.4219,17.4749,64900
1999-04-27,28.7656,28.7813,28.5,28.5625,17.5614,160800
1999-04-28,28.5781,29.0625,28.5781,28.9219,17.7823,27200
1999-04-29,29.1406,29.2188,28.7656,29.0313,17.8496,85400
1999-04-30,29.0625,29.0625,28.3906,28.6875,17.6382,63200
1999-05-03,28.5781,29.25,28.5781,29.25,17.9841,26700
1999-05-04,29.25,29.5625,29.1875,29.375,18.0609,333200
1999-05-05,29.2969,29.4531,29.0469,29.375,18.0609,70000
1999-05-06,29.25,29.4375,29.1094,29.4375,18.0994,108700
1999-05-07,29.5625,30.0,29.5313,30.0,18.4452,119300
1999-05-10,29.75,29.9531,29.5938,29.5938,18.1954,24900
1999-05-11,29.9375,30.1406,29.7969,30.0938,18.5028,83400
1999-05-12,30.0,30.0,29.6719,29.7969,18.3203,50900
1999-05-13,29.6719,29.7969,29.4063,29.5,18.1378,32400
1999-05-14,29.125,29.5,29.0313,29.125,17.9072,34400
1999-05-17,29.0781,29.0938,28.8281,29.0625,17.8688,22600
1999-05-18,28.7969,28.9219,28.3438,28.6875,17.6382,19500
1999-05-19,28.8438,29.1563,28.8438,29.125,17.9072,74300
1999-05-20,29.2813,29.3906,29.1875,29.2031,17.9553,9200
1999-05-21,29.0938,29.0938,28.7969,28.8594,17.7439,90800
1999-05-24,28.9219,29.2031,28.6094,28.6094,17.5902,14900
1999-05-25,28.8438,28.875,28.5156,28.5156,17.5325,17600
1999-05-26,28.3438,28.4219,28.1875,28.3125,17.4077,77400
1999-05-27,28.1875,28.1875,27.6563,27.8438,17.1195,719300
1999-05-28,27.9063,28.2344,27.9063,28.125,17.2924,2200
1999-06-01,28.125,28.5,27.8906,28.1406,17.302,11800
1999-06-02,28.6875,28.6875,28.3906,28.5156,17.5325,22800
1999-06-03,28.5156,28.8594,28.5156,28.8125,17.7151,17900
1999-06-04,28.9688,29.1094,28.9688,29.1094,17.8976,4600
1999-06-07,29.3594,29.4219,29.3125,29.3906,18.0705,10800
1999-06-08,29.3438,29.3438,29.125,29.125,17.9072,24900
1999-06-09,29.2344,29.3125,29.0938,29.1563,17.9264,8500
1999-06-10,28.9063,28.9219,28.6719,28.8125,17.7151,46400
1999-06-11,28.9375,29.0781,28.7656,28.7656,17.6863,2100
1999-06-14,29.0,29.1563,29.0,29.1094,17.8976,14400
1999-06-15,29.125,29.2656,29.125,29.2031,17.9553,4400
1999-06-16,29.4531,29.7188,29.4531,29.6094,18.205,183200
1999-06-17,29.4688,29.8594,29.4688,29.8438,18.3491,11000
1999-06-18,29.9063,30.0313,29.8125,30.0313,18.488,1000
1999-06-21,30.0,30.0,29.5625,29.625,18.2379,4400
1999-06-22,29.6875,29.7656,29.4844,29.4844,18.1513,33000
1999-06-23,29.5,29.5781,29.2031,29.5781,18.209,29500
1999-06-24,29.5156,29.5156,28.9844,29.2656,18.0166,34000
1999-06-25,29.25,29.2969,29.0625,29.0938,17.9108,2800
1999-06-28,29.2656,29.3125,29.1406,29.1406,17.9397,3600
1999-06-29,29.1406,29.2969,29.1406,29.2969,18.0359,4400
1999-06-30,29.4531,29.8438,29.1719,29.8125,18.3533,24700
1999-07-01,29.5781,29.8281,29.5781,29.8281,18.3629,15200
1999-07-02,29.8438,30.0156,29.8438,29.9688,18.4495,11400
1999-07-06,29.7813,30.1563,29.7813,30.0,18.4687,42200
1999-07-07,29.9688,30.0,29.5469,29.7813,18.3341,12000
1999-07-08,29.7031,29.9219,29.6563,29.8906,18.4014,3300
1999-07-09,29.9063,29.9844,29.8594,29.9219,18.4206,80700
1999-07-12,29.9531,29.9531,29.6094,29.6563,18.2571,3400
1999-07-13,29.4844,29.5781,29.4063,29.5469,18.1898,32500
1999-07-14,29.7813,29.7813,29.5156,29.7031,18.286,82700
1999-07-15,29.9063,29.9063,29.7969,29.9063,18.411,14200
1999-07-16,29.9063,30.0625,29.8906,29.9531,18.4399,3800
1999-07-19,30.1875,30.1875,29.9844,29.9844,18.4591,1100
1999-07-20,29.9219,30.0938,29.875,29.9531,18.4399,73500
1999-07-21,29.8594,30.0781,29.8594,29.9219,18.4206,1900
1999-07-22,30.625,30.625,29.8125,29.8125,18.3533,9600
1999-07-23,29.7813,29.9531,29.625,29.6563,18.2571,67100
1999-07-26,29.5313,29.8125,29.4219,29.4375,18.1224,33100
1999-07-27,29.6563,29.8281,29.5625,29.8281,18.3629,3000
1999-07-28,29.7188,29.7188,29.6563,29.6563,18.2571,1100
1999-07-29,29.375,29.375,29.0156,29.0625,17.8916,16800
1999-07-30,29.0625,29.0625,28.7188,28.7188,17.68,3900
1999-08-02,28.9063,29.0313,28.7969,28.7969,17.7281,43800
1999-08-03,28.9531,28.9531,28.625,28.8125,17.7377,2000
1999-08-04,28.8906,28.9063,28.5938,28.5938,17.603,9500
1999-08-05,28.4688,28.7656,28.375,28.75,17.6992,14400
1999-08-06,28.5,28.5,28.2969,28.4844,17.5357,1500
1999-08-09,28.4844,28.5781,28.375,28.3906,17.4779,103400
1999-08-10,28.4688,28.4688,28.0781,28.125,17.3144,3600
1999-08-11,28.25,28.625,28.1563,28.625,17.6222,5400
1999-08-12,28.75,28.75,28.5,28.5156,17.5549,4400
1999-08-13,28.7188,29.0469,28.7188,29.0156,17.8627,3600
1999-08-16,29.0781,29.2031,29.0313,29.125,17.9301,38800
1999-08-17,29.375,29.5313,29.25,29.5313,18.1801,2700
1999-08-18,29.25,29.3281,29.2031,29.25,18.007,5300
1999-08-19,28.875,28.9219,28.6875,28.875,17.7761,4200
1999-08-20,29.0781,29.2813,29.0781,29.1719,17.9589,2800
1999-08-23,29.5,29.8438,29.5,29.7969,18.3437,14900
1999-08-24,29.9063,30.0,29.7813,29.8125,18.3533,32700
1999-08-25,29.8125,30.2344,29.8125,30.1406,18.5553,33800
1999-08-26,30.1719,30.1719,29.9844,29.9844,18.4591,15800
1999-08-27,29.875,29.875,29.6094,29.6406,18.2475,6300
1999-08-30,29.5156,29.5156,28.8906,28.8906,17.7858,7200
1999-08-31,28.8906,29.0156,28.8125,28.9531,17.8242,2800
1999-09-01,29.0469,29.125,28.8594,29.0313,17.8723,6800
1999-09-02,28.7813,28.8438,28.6719,28.7813,17.7184,10700
1999-09-03,29.375,29.4844,29.3594,29.4844,18.1513,11000
1999-09-07,29.4844,29.8125,29.4844,29.8125,18.3533,24400
1999-09-08,29.7188,30.0,29.7188,29.9063,18.411,2900
1999-09-09,30.0,30.0469,29.6875,29.6875,18.2763,12800
1999-09-10,29.6875,29.8125,29.6094,29.6094,18.2282,3400
1999-09-13,29.3594,29.4375,29.2656,29.3906,18.0936,7500
1999-09-14,29.0469,29.2656,29.0469,29.125,17.9301,1700
1999-09-15,29.4063,29.4063,29.125,29.1719,17.9589,21200
1999-09-16,28.9219,29.0,28.7656,28.9063,17.7954,13100
1999-09-17,29.0,29.3281,29.0,29.3281,18.0889,7400
1999-09-20,29.3125,29.3906,29.1563,29.3594,18.1082,9600
1999-09-21,29.0156,29.1719,28.8281,28.9844,17.8769,14600
1999-09-22,28.9375,29.0469,28.8281,28.8906,17.819,15600
1999-09-23,28.9063,28.9063,28.5781,28.6563,17.6745,9600
1999-09-24,28.2188,28.2656,27.9063,28.0469,17.2986,119800
1999-09-27,28.125,28.4063,28.125,28.4063,17.5203,24300
1999-09-28,28.1875,28.2188,27.7188,28.0625,17.3083,111500
1999-09-29,28.0,28.4531,28.0,28.2188,17.4047,44000
1999-09-30,28.2344,28.75,28.2344,28.75,17.7323,142800
1999-10-01,28.5313,28.5313,28.3438,28.3594,17.4914,2000
1999-10-04,28.5469,28.875,28.5469,28.8594,17.7998,7300
1999-10-05,28.7344,28.9844,28.5625,28.5625,17.6167,39200
1999-10-06,28.8281,29.0781,28.8125,28.9688,17.8672,12100
1999-10-07,29.0625,29.2031,28.9844,29.0,17.8865,4300
1999-10-08,29.0781,29.5156,29.0781,29.3906,18.1274,102600
1999-10-11,29.25,29.4844,29.25,29.4375,18.1564,4300
1999-10-12,29.1094,29.1406,28.7031,28.8281,17.7805,6100
1999-10-13,28.625,28.7031,28.0,28.0156,17.2794,25600
1999-10-14,27.875,27.9688,27.4531,27.7344,17.1059,4500
1999-10-15,27.2031,27.625,27.1406,27.3438,16.865,27600
1999-10-18,27.1406,27.3281,26.8125,26.8125,16.5373,261100
1999-10-19,27.2031,27.375,26.7969,26.8281,16.5469,202900
1999-10-20,27.0625,27.1563,27.0313,27.0625,16.6915,3500
1999-10-21,26.9688,26.9688,26.4844,26.7656,16.5084,209500
1999-10-22,27.1406,27.6563,27.0938,27.4844,16.9517,14900
1999-10-25,27.3906,27.4688,27.125,27.4375,16.9228,10800
1999-10-26,27.3906,27.6094,27.25,27.2656,16.8168,5800
1999-10-27,27.25,27.3594,27.0625,27.3594,16.8746,42900
1999-10-28,27.7656,28.0,27.6875,27.9844,17.2601,8100
1999-10-29,28.1719,28.3594,28.1094,28.125,17.3468,20500
1999-11-01,28.0156,28.0156,27.4063,27.4063,16.9035,3100
1999-11-02,27.6875,28.0313,27.6563,27.75,17.1155,25700
1999-11-03,27.75,27.75,27.5625,27.5625,16.9999,8400
1999-11-04,27.75,27.9063,27.3594,27.4844,16.9517,17800
1999-11-05,27.625,27.8594,27.5625,27.625,17.0384,88600
1999-11-08,27.4844,27.6719,27.4844,27.6719,17.0674,4000
1999-11-09,27.6719,27.6875,27.5625,27.6875,17.077,4500
1999-11-10,27.4531,27.6406,27.4531,27.5781,17.0095,5900
1999-11-11,27.625,27.8281,27.5938,27.6875,17.077,23800
1999-11-12,27.9063,27.9063,27.5938,27.875,17.1926,41400
1999-11-15,28.0,28.25,28.0,28.0313,17.289,14300
1999-11-16,28.2656,28.6875,28.2656,28.6875,17.6938,9900
1999-11-17,28.8594,28.9375,28.7344,28.875,17.8094,8500
1999-11-18,28.8594,29.0625,28.8125,28.9688,17.8672,38300
1999-11-19,28.8125,28.8594,28.5938,28.625,17.6552,5000
1999-11-22,28.2031,28.5,28.2031,28.5,17.5781,24600
1999-11-23,28.3281,28.3281,28.125,28.2188,17.4047,27700
1999-11-24,28.0938,28.2813,28.0938,28.2344,17.4143,3900
1999-11-26,28.0625,28.2031,28.0625,28.0938,17.3276,14800
1999-11-29,27.6094,27.7813,27.5313,27.625,17.0384,231100
1999-11-30,27.5938,27.75,27.4844,27.5,16.9613,14100
1999-12-01,27.5625,27.9375,27.5625,27.7188,17.0963,41800
1999-12-02,27.9063,28.0313,27.6563,27.6563,17.0577,219000
1999-12-03,28.0469,28.3438,28.0469,28.1094,17.3372,24100
1999-12-06,28.0313,28.0469,27.8438,28.0313,17.289,17300
1999-12-07,28.0156,28.0313,27.5,27.5,16.9613,8000
1999-12-08,27.6563,28.0781,27.6563,27.9844,17.2601,210500
1999-12-09,27.4375,27.625,27.1406,27.2344,16.7975,12700
1999-12-10,27.6563,27.75,27.5,27.7344,17.1059,37100
1999-12-13,27.7188,28.0156,27.7188,27.8906,17.2023,22600
1999-12-14,27.9844,28.1094,27.875,27.8906,17.2023,9400
1999-12-15,27.9531,27.9531,27.5938,27.625,17.0384,18800
1999-12-16,27.6563,27.9063,27.6563,27.875,17.1926,17100
1999-12-17,28.1875,28.5313,28.0,28.5313,17.6671,788400
1999-12-20,28.3125,28.3125,27.625,27.6719,17.1858,459700
1999-12-21,27.4844,28.1094,27.4844,28.0625,17.4284,519300
1999-12-22,28.0156,28.0938,27.8438,27.9375,17.3508,511700
1999-12-23,28.25,28.4531,28.2031,28.3125,17.5837,152100
1999-12-27,28.875,28.875,28.4219,28.5938,17.7583,1067100
1999-12-28,28.6875,29.1875,28.6875,28.8906,17.9427,34900
1999-12-29,29.0156,29.1406,28.9531,29.1094,18.0786,9000
1999-12-30,29.25,29.3438,29.1719,29.1719,18.1174,10200
1999-12-31,29.2813,29.6094,29.25,29.6094,18.3891,4700
2000-01-03,29.4844,29.4844,28.6875,28.8438,17.9136,82800
2000-01-04,28.4688,28.6094,27.9375,28.0469,17.4187,146900
2000-01-05,28.0,28.125,27.7188,27.9219,17.3411,129200
2000-01-06,27.9219,28.375,27.8125,28.2969,17.574,54000
2000-01-07,28.625,29.375,28.625,29.375,18.2435,32900
2000-01-10,29.5313,29.625,29.2813,29.375,18.2435,122500
2000-01-11,29.4688,29.4688,29.0,29.0,18.0106,109800
2000-01-12,28.9219,28.9219,28.6563,28.6563,17.7971,39900
2000-01-13,29.0625,29.2656,28.8438,29.2031,18.1368,189700
2000-01-14,29.2813,29.2969,28.8906,29.0,18.0106,5700
2000-01-18,28.7813,29.0938,28.7656,28.9688,17.9912,83600
2000-01-19,29.0,29.0313,28.875,28.875,17.933,62800
2000-01-20,29.0,29.0,28.375,28.6875,17.8166,49600
2000-01-21,28.6563,28.7656,28.3281,28.3281,17.5934,45700
2000-01-24,28.5156,28.5469,27.5,27.5156,17.0888,51600
2000-01-25,27.1563,27.3906,26.8125,27.3594,16.9917,89700
2000-01-26,27.2656,27.75,26.2656,27.5781,17.1276,93400
2000-01-27,27.6406,28.2813,27.6406,27.7344,17.2246,156000
2000-01-28,27.625,27.7344,27.0,27.0,16.7685,17600
2000-01-31,26.8594,27.2969,26.8594,27.1875,16.885,45700
2000-02-01,27.1563,27.1563,26.9063,27.0,16.7685,5500
2000-02-02,27.2344,27.2344,26.875,27.0156,16.7782,3500
2000-02-03,27.125,27.1563,26.75,27.0,16.7685,107900
2000-02-04,27.2969,27.2969,27.0625,27.1094,16.8365,31400
2000-02-07,26.9375,26.9375,26.5,26.6406,16.5453,43800
2000-02-08,27.0938,27.0938,26.7031,26.75,16.6133,119600
2000-02-09,26.7344,26.7344,26.375,26.4688,16.4386,58400
2000-02-10,26.3125,26.375,26.0,26.0156,16.1572,65200
2000-02-11,26.0625,26.0625,25.3281,25.4688,15.8175,50400
2000-02-14,25.5,25.9063,25.4531,25.875,16.0698,4900
2000-02-15,25.9219,26.5781,25.8125,26.3281,16.3512,21200
2000-02-16,26.4219,26.4531,26.1563,26.2656,16.3124,77400
2000-02-17,26.375,26.4375,26.1406,26.375,16.3804,16400
2000-02-18,26.4844,26.5,25.7031,25.7969,16.0213,115300
2000-02-22,26.25,26.25,25.7969,26.2188,16.2833,46900
2000-02-23,26.3906,26.3906,26.0156,26.0156,16.1572,63100
2000-02-24,26.0,26.0,25.4219,25.7813,16.0116,19500
2000-02-25,25.7188,25.8281,25.2969,25.3281,15.7302,26700
2000-02-28,25.4219,25.8125,25.0,25.4063,15.7787,463900
2000-02-29,25.625,25.75,25.5781,25.6875,15.9534,9100
2000-03-01,25.7031,25.9063,25.5,25.5469,15.8661,2408000
2000-03-02,25.7813,25.8125,25.4063,25.6406,15.9243,421400
2000-03-03,26.0313,26.6094,26.0156,26.3438,16.361,41200
2000-03-06,26.25,26.4844,26.0156,26.2344,16.293,292100
2000-03-07,26.4531,26.4531,25.1875,25.1875,15.6429,50300
2000-03-08,25.1406,25.4531,25.0,25.4531,15.8078,350700
2000-03-09,25.5,25.8594,25.1875,25.7188,15.9728,30400
2000-03-10,25.9375,26.25,25.7344,25.7813,16.0116,114200
2000-03-13,25.1719,25.7031,25.1719,25.3906,15.769,86600
2000-03-14,25.75,25.75,25.1719,25.25,15.6817,38600
2000-03-15,24.9375,26.3438,24.9063,26.2656,16.3124,121300
2000-03-16,26.3125,27.7344,26.3125,27.7344,17.2246,281000
2000-03-17,27.7969,28.125,27.3906,27.5938,17.1726,34400
2000-03-20,27.8594,27.9219,27.5,27.75,17.2698,129700
2000-03-21,27.4375,28.3438,27.4375,28.3438,17.6393,11100
2000-03-22,28.0,28.3438,27.9688,28.2188,17.5615,69100
2000-03-23,28.3906,29.0313,28.2344,28.875,17.9699,19200
2000-03-24,28.9844,29.375,28.9844,29.0469,18.0769,6200
2000-03-27,29.0781,29.0781,28.6719,28.6875,17.8532,10300
2000-03-28,28.7813,29.0,28.6094,28.6094,17.8046,8900
2000-03-29,28.7813,29.0625,28.5625,28.9688,18.0283,5200
2000-03-30,29.0,29.4531,28.9688,29.1563,18.145,9300
2000-03-31,29.2969,29.5156,29.1094,29.2031,18.1741,23400
2000-04-03,29.3125,29.4063,29.0781,29.3281,18.2519,39400
2000-04-04,29.375,29.875,27.875,29.0,18.0477,220700
2000-04-05,29.1563,29.2656,28.75,28.8906,17.9797,7600
2000-04-06,29.2031,29.4375,29.0938,29.1406,18.1352,23000
2000-04-07,29.3906,29.6875,29.2969,29.5781,18.4075,136600
2000-04-10,29.625,29.75,29.4219,29.625,18.4367,21100
2000-04-11,29.5469,30.0781,29.5,29.9844,18.6603,313700
2000-04-12,29.6875,30.125,29.3281,29.4531,18.3297,157700
2000-04-13,29.2031,29.625,29.2031,29.5313,18.3783,590800
2000-04-14,28.2188,28.4688,27.5938,27.5938,17.1726,19600
2000-04-17,27.9219,28.2656,27.6875,28.2656,17.5907,20200
2000-04-18,28.25,28.5156,28.1875,28.375,17.6588,10700
2000-04-19,28.4531,28.6875,28.25,28.4844,17.7268,13700
2000-04-20,28.6563,28.7188,28.5,28.7188,17.8727,2900
2000-04-24,28.5,29.1094,28.5,28.75,17.8921,8900
2000-04-25,29.3438,30.3281,29.3125,30.25,18.8256,13100
2000-04-26,30.3906,30.4375,29.6094,29.7969,18.5437,515300
2000-04-27,29.3594,29.8281,29.3594,29.8281,18.5631,6500
2000-04-28,29.8438,29.8594,29.5,29.625,18.4367,9600
2000-05-01,29.7344,30.3125,29.6094,30.3125,18.8645,2000
2000-05-02,29.9688,30.2188,29.7188,30.0,18.6701,187400
2000-05-03,29.5938,29.6875,28.8438,29.0,18.0477,52900
2000-05-04,28.8594,29.2813,28.8281,29.0469,18.0769,29200
2000-05-05,29.2813,29.7813,29.1719,29.5625,18.3978,7200
2000-05-08,29.7031,29.7031,29.5,29.5469,18.3881,4000
2000-05-09,29.5469,29.5469,29.1719,29.3125,18.2422,10400
2000-05-10,29.0625,29.1094,28.75,29.0156,18.0574,2100
2000-05-11,29.4531,29.7344,29.4531,29.7344,18.5048,2200
2000-05-12,29.875,30.0938,29.875,30.0938,18.7284,4100
2000-05-15,30.0,30.5938,30.0,30.5938,19.0396,9700
2000-05-16,30.625,31.0625,30.625,30.875,19.2146,10500
2000-05-17,30.7188,30.7188,30.4375,30.6719,19.0882,4900
2000-05-18,30.7813,30.7813,30.5313,30.5313,19.0007,500
2000-05-19,30.0,30.0,29.6875,29.6875,18.4756,3900
2000-05-22,29.0,29.2031,29.0,29.1719,18.1547,5500
2000-05-23,29.1719,29.1719,28.9063,29.0469,18.0769,800
2000-05-24,29.0,29.4688,29.0,29.4688,18.3394,3800
2000-05-25,29.75,29.75,28.9375,28.9375,18.0088,51700
2000-05-26,29.2344,29.2344,28.6719,28.7813,17.9116,8900
2000-05-30,29.0625,29.4531,28.9063,29.2969,18.2325,157200
2000-05-31,29.4844,29.9063,29.4531,29.5,18.3589,2000
2000-06-01,29.5469,29.8438,29.5469,29.7344,18.5048,1500
2000-06-02,30.0781,30.0781,29.6875,29.9531,18.6409,86800
2000-06-05,30.1875,30.1875,29.875,29.9063,18.6117,4500
2000-06-06,29.6563,29.875,29.6563,29.6875,18.4756,204700
2000-06-07,29.75,29.9688,29.5,29.5469,18.3881,20000
2000-06-08,29.4375,29.4375,29.0,29.0781,18.0963,13000
2000-06-09,29.3125,29.4063,28.9688,29.1875,18.1644,14900
2000-06-12,29.25,29.2969,29.0469,29.2188,18.1839,63900
2000-06-13,29.0938,29.4375,28.9531,29.3438,18.2617,13700
2000-06-14,29.4688,29.6406,29.1875,29.2813,18.2228,57400
2000-06-15,29.5469,29.625,29.4531,29.5625,18.3978,44500
2000-06-16,29.3438,29.3438,28.9844,28.9844,18.0753,109900
2000-06-19,28.9375,28.9375,28.3594,28.6875,17.8902,219100
2000-06-20,28.1719,28.375,27.7969,27.7969,17.3348,8100
2000-06-21,27.7031,27.9219,27.7031,27.9063,17.403,11700
2000-06-22,27.6719,27.6719,27.2969,27.2969,17.0229,76800
2000-06-23,27.6719,27.7344,27.5938,27.5938,17.2081,2400
2000-06-26,28.0,28.2656,27.9688,28.25,17.6173,18100
2000-06-27,28.3125,28.4531,28.2656,28.375,17.6953,3800
2000-06-28,28.1563,28.7344,28.0,28.7344,17.9194,203200
2000-06-29,28.5,28.5,27.7813,28.2344,17.6076,22200
2000-06-30,28.2344,28.2813,28.0938,28.2813,17.6368,7300
2000-07-03,28.4063,28.6563,28.4063,28.6563,17.8707,4700
2000-07-05,28.7188,29.0,28.4063,28.4063,17.7148,9000
2000-07-06,28.5625,28.5625,28.1875,28.3281,17.666,16800
2000-07-07,28.4063,28.6094,28.4063,28.4688,17.7537,212800
2000-07-10,28.2344,28.75,28.1563,28.5,17.7732,115800
2000-07-11,28.5,29.1719,28.4688,29.0469,18.1143,8100
2000-07-12,29.3125,29.3125,29.1094,29.1563,18.1825,5700
2000-07-13,29.2344,29.4375,29.1563,29.3906,18.3286,4400
2000-07-14,29.5938,29.6875,29.4375,29.6875,18.5138,1300
2000-07-17,29.7969,30.0781,29.7969,29.8594,18.621,13500
2000-07-18,30.0,30.0156,29.75,29.9375,18.6697,17900
2000-07-19,29.8594,29.8906,29.4219,29.6875,18.5138,10400
2000-07-20,30.0781,30.1563,29.9063,30.0469,18.7379,5200
2000-07-21,30.1094,30.1094,29.7813,30.0,18.7087,2400
2000-07-24,29.9375,30.0313,29.6563,29.7813,18.5722,16000
2000-07-25,29.9375,29.9375,29.6875,29.8438,18.6112,1800
2000-07-26,29.6094,29.6094,29.4063,29.4688,18.3774,3700
2000-07-27,29.8125,29.8125,29.2656,29.2656,18.2507,900
2000-07-28,29.0,29.0,28.2813,28.2813,17.6368,39100
2000-07-31,28.5625,29.0,28.5625,28.7188,17.9096,38500
2000-08-01,28.8281,29.0,28.8281,28.9375,18.0461,97300
2000-08-02,28.75,29.0,28.75,28.8125,17.9681,2700
2000-08-03,28.8125,29.0,28.7031,28.8594,17.9973,3200
2000-08-04,29.0,29.25,29.0,29.2188,18.2215,39500
2000-08-07,29.2031,30.0781,29.2031,30.0781,18.7574,5600
2000-08-08,30.0,30.4063,29.9688,30.3438,18.923,5100
2000-08-09,30.75,30.75,30.3594,30.6094,19.0887,22500
2000-08-10,30.4688,30.8125,30.4688,30.5313,19.04,25700
2000-08-11,30.6875,31.0625,30.5938,30.875,19.2543,23900
2000-08-14,31.0,31.2188,30.75,31.1875,19.4492,60500
2000-08-15,31.0,31.0,30.625,30.7969,19.2056,4400
2000-08-16,30.75,30.8438,30.5938,30.6563,19.1179,22100
2000-08-17,30.8125,30.9063,30.8125,30.8125,19.2154,25500
2000-08-18,30.875,30.9688,30.7188,30.7188,19.1569,31500
2000-08-21,30.8438,31.1563,30.8438,31.1563,19.4297,5000
2000-08-22,31.0625,31.3125,31.0625,31.0938,19.3908,1300
2000-08-23,31.0938,31.2188,30.9375,30.9375,19.2933,35400
2000-08-24,30.9531,31.4688,30.9375,31.2656,19.4979,33700
2000-08-25,31.5313,31.5625,31.3438,31.4063,19.5856,202400
2000-08-28,31.7188,31.9375,31.5625,31.8281,19.8487,113000
2000-08-29,31.7969,31.7969,31.5625,31.625,19.7221,5500
2000-08-30,31.5313,31.6875,31.1563,31.3281,19.5369,5400
2000-08-31,31.3125,31.75,31.3125,31.5625,19.6831,31700
2000-09-01,31.75,31.8438,31.5625,31.8438,19.8585,2700
2000-09-05,31.7188,32.0313,31.7188,31.8438,19.8585,151500
2000-09-06,31.7813,32.1875,31.7813,32.0,19.9559,31000
2000-09-07,31.875,31.9063,31.75,31.8125,19.839,45200
2000-09-08,31.7188,31.7188,31.25,31.4375,19.6051,328700
2000-09-11,31.6563,31.8438,31.25,31.2813,19.5077,169900
2000-09-12,31.25,31.3125,31.1406,31.1875,19.4492,200200
2000-09-13,31.3125,31.4063,31.1563,31.2813,19.5077,30200
2000-09-14,31.3438,31.3438,31.1875,31.25,19.4882,13000
2000-09-15,30.7188,30.8125,30.375,30.375,18.9942,14900
2000-09-18,30.3125,30.625,30.0313,30.0313,18.7792,22400
2000-09-19,30.0625,30.0625,29.5938,29.6875,18.5643,11800
2000-09-20,29.8438,29.8438,29.3438,29.8438,18.662,20200
2000-09-21,29.75,29.9375,29.625,29.9375,18.7206,16200
2000-09-22,29.625,29.7188,29.4375,29.7188,18.5838,5800
2000-09-25,30.25,30.5938,30.25,30.5938,19.131,38300
2000-09-26,30.2813,30.625,30.2188,30.625,19.1505,4100
2000-09-27,30.4063,30.625,30.3125,30.375,18.9942,10000
2000-09-28,30.4375,30.8438,30.2188,30.7813,19.2482,51900
2000-09-29,30.5938,30.8125,30.4219,30.5625,19.1114,4800
2000-10-02,30.2813,30.4844,30.125,30.25,18.916,10800
2000-10-03,30.4375,31.0625,30.375,30.8438,19.2873,16000
2000-10-04,30.8438,31.0625,30.8438,31.0625,19.4241,16600
2000-10-05,31.1563,31.1563,30.9375,31.0938,19.4436,2500
2000-10-06,31.0,31.0625,30.25,30.25,18.916,2400
2000-10-09,30.1875,30.4375,30.125,30.4375,19.0333,1300
2000-10-10,30.3125,30.3438,30.0313,30.0313,18.7792,3200
2000-10-11,29.5625,29.8438,29.4688,29.5,18.447,20400
2000-10-12,29.625,29.625,28.5938,28.8281,18.0269,17000
2000-10-13,28.9219,29.7188,28.9063,29.7188,18.5838,5900
2000-10-16,29.9063,30.25,29.8438,30.125,18.8379,3600
2000-10-17,30.125,30.1563,29.3125,29.3125,18.3298,11000
2000-10-18,28.6094,29.375,28.6094,28.7813,17.9976,29200
2000-10-19,29.0,29.2813,29.0,29.2813,18.3102,5700
2000-10-20,29.375,29.4375,29.25,29.4375,18.4079,700
2000-10-23,29.8125,30.0625,29.75,29.7813,18.6229,7600
2000-10-24,30.0625,30.4375,30.0625,30.25,18.916,33600
2000-10-25,29.7188,30.0,29.6875,29.6875,18.5643,1200
2000-10-26,29.5938,29.8438,29.0,29.8438,18.662,72200
2000-10-27,29.8281,29.875,29.5,29.8281,18.6522,502700
2000-10-30,30.0,30.2031,30.0,30.1563,18.8574,1000
2000-10-31,30.7188,31.25,30.7188,31.25,19.5413,5400
2000-11-01,31.4375,31.4688,31.0625,31.2813,19.5609,2900
2000-11-02,31.2813,31.4063,31.2031,31.2188,19.5218,3300
2000-11-03,31.1875,31.1875,30.9688,30.9688,19.3655,400
2000-11-06,31.0938,31.4688,31.0938,31.25,19.5413,30900
2000-11-07,31.2188,31.375,31.125,31.375,19.6195,15700
2000-11-08,31.4375,31.5313,31.0938,31.1719,19.4925,6000
2000-11-09,31.1875,31.375,31.0313,31.375,19.6195,3400
2000-11-10,30.9063,31.125,30.6563,30.6563,19.1701,24200
2000-11-13,30.0,30.25,29.6094,30.0938,18.8183,10800
2000-11-14,30.1875,30.6875,30.1875,30.6875,19.1896,1400
2000-11-15,30.6875,30.9375,30.6875,30.75,19.2287,7700
2000-11-16,31.0313,31.0313,30.7656,30.9063,19.3264,800
2000-11-17,30.7813,31.2813,30.75,30.7813,19.2482,5900
2000-11-20,30.7813,30.7813,30.3125,30.3438,18.9746,2000
2000-11-21,30.3125,30.7188,30.3125,30.7188,19.2091,2900
2000-11-22,30.3438,30.3438,30.0313,30.2188,18.8965,1200
2000-11-24,30.2188,30.75,30.2188,30.7188,19.2091,3900
2000-11-27,31.0625,31.0625,30.5938,30.7813,19.2482,4800
2000-11-28,30.5938,30.5938,30.25,30.3906,19.004,3300
2000-11-29,30.5313,30.7813,30.5,30.6406,19.1603,53000
2000-11-30,30.0938,30.1875,29.8438,30.1875,18.8769,8300
2000-12-01,30.4688,30.75,30.4531,30.4531,19.043,1002700
2000-12-04,30.8438,31.3125,30.8125,31.2813,19.5609,17200
2000-12-05,31.6875,32.4219,31.6875,32.4219,20.2741,71700
2000-12-06,32.2656,32.2656,31.7813,31.7813,19.8735,9300
2000-12-07,31.7813,31.7969,31.5938,31.6875,19.8149,2100
2000-12-08,31.9688,32.4063,31.9688,32.2344,20.1569,5500
2000-12-11,32.2813,32.6563,32.2813,32.5938,20.3816,8600
2000-12-12,32.1875,32.4688,31.9688,32.1094,20.0787,6100
2000-12-13,32.0938,32.0938,31.5313,31.5469,19.727,5700
2000-12-14,31.25,31.5469,30.875,30.875,19.3068,15100
2000-12-15,30.2188,30.4688,29.9375,30.25,18.9948,12700
2000-12-18,30.6875,30.8594,30.5313,30.8125,19.348,8700
2000-12-19,30.8125,30.9063,30.2813,30.2813,19.0144,23200
2000-12-20,29.5313,29.6563,29.125,29.2813,18.3865,18900
2000-12-21,29.2188,29.5,29.0313,29.4531,18.4944,20800
2000-12-22,29.625,30.2188,29.625,30.1563,18.9359,3400
2000-12-26,30.3125,30.5,30.0,30.5,19.1518,15500
2000-12-27,30.375,31.0,30.3281,31.0,19.4657,16200
2000-12-28,31.0625,31.4531,31.0,31.4531,19.7502,23000
2000-12-29,31.4688,31.7813,31.25,31.25,19.6227,15900
2001-01-02,31.2188,31.2188,29.7031,29.8594,18.7495,150900
2001-01-03,29.1875,31.375,29.1875,31.1563,19.5638,212300
2001-01-04,31.375,31.625,31.3281,31.4063,19.7208,7200
2001-01-05,30.3125,31.0313,30.2813,30.5,19.1518,37600
2001-01-08,30.2344,30.25,29.875,30.25,18.9948,6000
2001-01-09,30.3906,30.4688,30.0,30.3438,19.0536,293600
2001-01-10,29.8125,30.625,29.7813,30.625,19.2302,123400
2001-01-11,30.5625,31.1563,30.5625,31.0,19.4657,9700
2001-01-12,31.0,31.125,30.5313,30.9063,19.4068,33300
2001-01-16,30.9688,31.3125,30.7188,31.2031,19.5933,7200
2001-01-17,31.5625,31.5625,31.1563,31.1563,19.5638,32800
2001-01-18,30.9375,31.4375,30.7188,31.3594,19.6914,6800
2001-01-19,31.6875,31.6875,30.7969,31.0313,19.4853,12300
2001-01-22,30.8438,31.0,30.5938,30.9688,19.4461,37500
2001-01-23,31.0625,31.4063,30.9375,31.375,19.7012,106400
2001-01-24,31.2188,31.4063,31.1563,31.2031,19.5933,16600
2001-01-25,31.1563,31.25,31.0313,31.1875,19.5835,3300
2001-01-26,30.7813,31.0,30.5781,30.6719,19.2597,78000
2001-01-29,30.91,30.91,30.66,30.8,19.3401,17700
2001-01-30,30.72,31.31,30.45,31.3,19.6541,14800
2001-01-31,31.31,31.58,31.19,31.37,19.698,56000
2001-02-01,31.3,31.34,30.83,30.96,19.4406,17300
2001-02-02,31.23,31.23,30.65,30.86,19.3778,20100
2001-02-05,30.91,31.16,30.75,31.01,19.472,13700
2001-02-06,31.1,31.28,31.06,31.16,19.5662,13600
2001-02-07,31.06,31.06,30.67,30.89,19.3966,23100
2001-02-08,30.88,31.17,30.85,30.85,19.3715,3600
2001-02-09,30.65,30.67,30.1,30.12,18.9131,7100
2001-02-12,30.22,30.58,30.22,30.47,19.1329,167100
2001-02-13,30.72,31.11,30.72,30.79,19.3339,298100
2001-02-14,30.66,30.66,30.24,30.47,19.1329,14500
2001-02-15,30.62,31.12,30.58,30.99,19.4594,7000
2001-02-16,30.55,30.59,30.02,30.08,18.888,36900
2001-02-20,30.3,30.49,30.13,30.19,18.9571,9500
2001-02-21,30.19,30.42,29.82,29.82,18.7248,9900
2001-02-22,29.7,29.78,29.45,29.54,18.5489,46100
2001-02-23,29.53,29.58,28.89,29.5,18.5238,41600
2001-02-26,29.6,30.25,29.48,30.09,18.8943,11800
2001-02-27,30.1,30.25,29.8,30.02,18.8503,11700
2001-02-28,29.97,30.02,29.28,29.49,18.5175,23000
2001-03-01,29.28,29.43,29.0,29.28,18.3857,11500
2001-03-02,29.36,29.85,29.3,29.45,18.4924,206400
2001-03-05,29.6,29.86,29.6,29.82,18.7248,2000
2001-03-06,30.25,30.6,30.12,30.25,18.9948,8600
2001-03-07,30.31,30.61,30.31,30.61,19.2208,5400
2001-03-08,30.71,30.85,30.57,30.8,19.3401,53000
2001-03-09,30.4,30.49,29.92,30.15,18.932,24300
2001-03-12,29.55,29.55,28.5,28.5,17.8959,165200
2001-03-13,28.49,28.62,28.25,28.54,17.921,7700
2001-03-14,27.9,28.3,27.71,27.94,17.5443,63000
2001-03-15,28.1,28.1,27.7,27.81,17.4626,10300
2001-03-16,27.71,27.71,27.01,27.01,17.0086,7700
2001-03-19,27.03,27.55,26.89,27.55,17.3487,32200
2001-03-20,27.55,27.78,26.99,26.99,16.996,4900
2001-03-21,26.75,26.85,26.14,26.29,16.5552,59500
2001-03-22,26.14,26.14,24.5,25.58,16.1081,18700
2001-03-23,25.55,26.17,25.55,26.09,16.4293,13000
2001-03-26,26.5,26.88,26.48,26.56,16.7252,4500
2001-03-27,26.66,27.13,26.63,26.99,16.996,21500
2001-03-28,26.6,26.6,26.2,26.5,16.6875,4400
2001-03-29,26.43,26.59,26.0,26.5,16.6875,24900
2001-03-30,26.45,26.59,26.34,26.59,16.7441,15600
2001-04-02,26.59,26.91,26.16,26.4,16.6245,50600
2001-04-03,26.0,26.18,25.3,25.3,15.9318,27300
2001-04-04,25.6,25.98,25.24,25.42,16.0074,4000
2001-04-05,26.0,26.93,26.0,26.9,16.9393,7300
2001-04-06,26.5,26.52,26.07,26.36,16.5993,19200
2001-04-09,26.84,27.01,26.53,26.83,16.8953,3200
2001-04-10,27.0,27.82,27.0,27.62,17.3927,47800
2001-04-11,28.15,28.15,27.15,27.31,17.1975,41800
2001-04-12,27.1,27.97,27.1,27.85,17.5376,22500
2001-04-16,27.73,27.91,27.64,27.8,17.5061,3700
2001-04-17,27.67,28.15,27.67,28.15,17.7265,10200
2001-04-18,28.3,29.76,28.3,29.36,18.4884,15900
2001-04-19,29.5,29.55,29.17,29.46,18.5514,7000
2001-04-20,29.59,29.59,29.09,29.38,18.501,9900
2001-04-23,29.38,29.38,28.75,28.93,18.2177,16600
2001-04-24,29.06,29.25,28.64,28.64,18.035,30900
2001-04-25,28.6,29.31,28.6,29.31,18.457,5100
2001-04-26,29.45,29.72,29.42,29.72,18.7151,10100
2001-04-27,29.8,29.99,29.67,29.94,18.8537,20400
2001-04-30,30.17,30.24,29.63,29.63,18.6585,12100
2001-05-01,29.46,29.9,29.43,29.9,18.8285,14300
2001-05-02,29.58,29.95,29.55,29.91,18.8348,13500
2001-05-03,29.5,29.54,29.32,29.47,18.5577,9700
2001-05-04,29.55,29.92,29.39,29.92,18.8411,72900
2001-05-07,29.9,30.1,29.89,30.03,18.9103,13100
2001-05-08,30.3,30.3,29.78,30.08,18.9418,30000
2001-05-09,29.7,30.21,29.7,29.91,18.8348,13700
2001-05-10,30.27,30.44,30.22,30.24,19.0426,4200
2001-05-11,30.6,30.6,29.92,30.09,18.9481,10200
2001-05-14,30.23,30.24,29.95,30.23,19.0363,5200
2001-05-15,30.0,30.46,30.0,30.35,19.1119,11000
2001-05-16,30.55,31.45,30.3,31.33,19.729,22500
2001-05-17,31.54,31.99,31.46,31.85,20.0564,36000
2001-05-18,31.85,31.95,31.58,31.95,20.1194,10800
2001-05-21,31.95,32.26,31.7,32.26,20.3146,60100
2001-05-22,32.35,32.35,32.0,32.16,20.2516,28900
2001-05-23,32.4,32.4,31.63,31.67,19.9431,47700
2001-05-24,31.7,32.47,31.4,31.63,19.9179,32100
2001-05-25,31.38,31.38,31.0,31.16,19.6219,27800
2001-05-29,31.4,31.4,30.97,31.08,19.5715,18500
2001-05-30,30.9,31.01,30.45,30.45,19.1748,28700
2001-05-31,30.65,30.99,30.65,30.87,19.4393,37300
2001-06-01,30.9,30.98,30.39,30.78,19.3826,20200
2001-06-04,30.9,31.49,30.71,30.98,19.5086,23900
2001-06-05,31.1,31.34,30.94,31.31,19.7164,41000
2001-06-06,31.07,31.4,30.95,30.95,19.4897,20500
2001-06-07,30.75,31.19,30.75,31.09,19.5778,28000
2001-06-08,31.1,31.1,30.61,30.71,19.3386,57200
2001-06-11,30.41,30.71,30.17,30.18,19.0048,19200
2001-06-12,30.0,30.56,29.8,30.38,19.1307,16700
2001-06-13,30.48,30.65,30.27,30.27,19.0615,68500
2001-06-14,30.08,30.2,29.86,30.07,18.9355,6500
2001-06-15,29.9,30.0,29.58,29.85,18.8377,8400
2001-06-18,29.75,30.15,29.75,29.81,18.8125,9300
2001-06-19,30.29,30.29,29.5,29.5,18.6168,110100
2001-06-20,29.63,29.77,29.51,29.63,18.6989,11300
2001-06-21,29.82,30.02,29.74,29.76,18.7809,29400
2001-06-22,30.0,30.0,29.49,29.5,18.6168,12200
2001-06-25,29.73,29.79,29.11,29.11,18.3707,15900
2001-06-26,29.0,29.44,28.81,29.19,18.4212,12300
2001-06-27,29.25,29.27,28.88,29.13,18.3833,3900
2001-06-28,28.95,29.5,28.95,29.23,18.4464,4400
2001-06-29,29.0,29.34,28.9,28.9,18.2382,269800
2001-07-02,28.95,29.53,28.95,29.32,18.5032,39600
2001-07-03,29.48,29.5,29.25,29.5,18.6168,4300
2001-07-05,29.26,29.47,29.25,29.27,18.4717,90600
2001-07-06,29.3,29.3,28.68,28.73,18.1309,43700
2001-07-09,28.9,28.9,28.67,28.82,18.1877,5000
2001-07-10,28.94,28.94,28.38,28.38,17.91,16200
2001-07-11,28.29,28.33,27.82,28.09,17.727,15900
2001-07-12,28.51,28.96,28.51,28.77,18.1562,15600
2001-07-13,28.98,29.04,28.59,29.0,18.3013,22200
2001-07-16,29.2,29.2,28.46,28.51,17.9921,25600
2001-07-17,28.33,29.09,28.33,29.09,18.3581,15400
2001-07-18,29.09,29.18,28.77,29.18,18.4149,8800
2001-07-19,29.5,29.5,29.1,29.1,18.3644,9600
2001-07-20,29.28,29.33,29.2,29.25,18.4591,16800
2001-07-23,29.01,29.25,28.93,28.93,18.2571,2400
2001-07-24,28.83,28.83,27.97,28.16,17.7712,186800
2001-07-25,28.5,28.5,28.06,28.35,17.8911,21400
2001-07-26,28.32,28.64,28.2,28.63,18.0678,23300
2001-07-27,28.63,28.97,28.57,28.9,18.2382,12000
2001-07-30,28.99,28.99,28.65,28.84,18.2003,16000
2001-07-31,28.75,29.18,28.75,28.84,18.2003,14800
2001-08-01,29.1,29.28,29.0,29.0,18.3013,24800
2001-08-02,29.0,29.22,28.95,29.04,18.3265,11700
2001-08-03,29.18,29.18,28.73,29.18,18.4149,20400
2001-08-06,29.0,29.04,28.55,28.55,18.0173,16000
2001-08-07,28.8,28.96,28.52,28.76,18.1498,10000
2001-08-08,28.78,29.0,28.39,28.5,17.9858,9500
2001-08-09,28.42,28.57,28.27,28.51,17.9921,9400
2001-08-10,28.28,29.04,28.28,29.04,18.3265,29500
2001-08-13,29.1,29.1,28.7,28.77,18.1562,16200
2001-08-14,29.0,29.74,27.33,28.79,18.1688,27300
2001-08-15,29.0,29.0,28.7,28.73,18.1309,88400
2001-08-16,28.5,28.79,28.38,28.72,18.1246,20200
2001-08-17,28.59,28.59,28.21,28.37,17.9037,21800
2001-08-20,28.62,28.62,28.18,28.35,17.8911,13800
2001-08-21,28.47,28.67,28.24,28.31,17.8659,26200
2001-08-22,28.2,28.51,28.17,28.26,17.8343,30100
2001-08-23,28.4,28.42,28.24,28.35,17.8911,22200
2001-08-24,28.4,28.87,28.4,28.87,18.2193,9500
2001-08-27,28.9,28.97,28.71,28.86,18.2129,4500
2001-08-28,28.67,28.7,28.31,28.31,17.8659,35100
2001-08-29,28.5,28.5,28.01,28.12,17.7459,12900
2001-08-30,27.95,28.16,27.44,27.6,17.4178,103000
2001-08-31,27.49,27.88,27.49,27.85,17.5756,6800
2001-09-04,27.72,28.26,27.59,27.59,17.4115,21900
2001-09-05,27.55,27.8,27.4,27.66,17.4557,78800
2001-09-06,27.6,27.6,27.18,27.18,17.1527,13400
2001-09-07,27.0,27.03,26.45,26.5,16.7236,41000
2001-09-10,26.5,26.58,26.24,26.45,16.692,8400
2001-09-17,26.15,26.15,23.93,24.0,15.1459,155900
2001-09-18,24.15,24.2,23.55,23.66,14.9313,123700
2001-09-19,23.55,23.75,22.18,23.07,14.559,32000
2001-09-20,22.4,22.47,21.72,21.75,13.726,84500
2001-09-21,21.0,21.9,20.4,21.68,13.7393,19600
2001-09-24,22.55,23.19,22.45,23.13,14.6582,35300
2001-09-25,23.12,23.38,22.86,23.28,14.7533,69500
2001-09-26,23.1,23.38,22.7,22.87,14.4934,56000
2001-09-27,22.84,23.12,22.58,23.12,14.6519,9900
2001-09-28,23.35,23.74,23.15,23.67,15.0004,35500
2001-10-01,23.7,23.7,23.17,23.46,14.8673,7700
2001-10-02,23.61,23.92,23.51,23.92,15.1588,17100
2001-10-03,23.88,24.54,23.77,24.5,15.5264,34000
2001-10-04,24.5,24.79,24.4,24.53,15.5454,28300
2001-10-05,24.5,24.51,24.0,24.51,15.5327,6400
2001-10-08,24.39,24.4,24.03,24.22,15.349,33000
2001-10-09,24.2,24.2,23.95,24.13,15.2919,10300
2001-10-10,24.13,24.73,24.13,24.57,15.5708,20400
2001-10-11,24.9,25.33,24.9,25.3,16.0334,32200
2001-10-12,25.4,25.4,24.63,25.06,15.8813,30100
2001-10-15,25.06,25.25,24.82,25.23,15.989,22900
2001-10-16,25.42,25.44,25.01,25.17,15.951,38700
2001-10-17,25.3,25.3,24.58,24.58,15.5771,199800
2001-10-18,24.46,24.59,24.35,24.48,15.5137,7900
2001-10-19,24.3,24.36,24.19,24.34,15.425,46900
2001-10-22,24.45,24.87,24.45,24.85,15.7482,12800
2001-10-23,25.0,25.02,24.64,24.72,15.6658,16500
2001-10-24,24.7,24.94,24.7,24.84,15.7419,9500
2001-10-25,24.52,25.23,24.52,25.23,15.989,5100
2001-10-26,25.2,25.75,25.2,25.7,16.2869,10800
2001-10-29,25.25,25.35,24.75,24.75,15.6848,20800
2001-10-30,24.4,24.56,24.2,24.21,15.3426,8600
2001-10-31,24.55,24.55,24.0,24.09,15.2666,18900
2001-11-01,24.15,24.59,23.8,24.59,15.5834,49700
2001-11-02,24.58,24.97,24.48,24.97,15.8243,9100
2001-11-05,25.22,25.42,25.18,25.34,16.0587,27300
2001-11-06,25.4,25.7,25.15,25.7,16.2869,56400
2001-11-07,25.6,25.97,25.59,25.64,16.2489,33900
2001-11-08,25.95,26.18,25.86,25.91,16.42,20500
2001-11-09,25.95,26.02,25.8,25.82,16.3629,15600
2001-11-12,25.8,25.8,25.01,25.52,16.1728,25000
2001-11-13,25.9,26.15,25.86,26.15,16.5721,25500
2001-11-14,26.2,26.41,26.16,26.28,16.6544,61300
2001-11-15,26.48,26.52,26.23,26.41,16.7368,58300
2001-11-16,26.75,26.75,26.45,26.62,16.8699,16200
2001-11-19,26.95,26.95,26.7,26.86,17.022,100600
2001-11-20,26.75,26.87,26.5,26.5,16.7939,80000
2001-11-21,26.74,26.74,26.35,26.55,16.8256,34800
2001-11-23,26.6,26.9,26.54,26.87,17.0283,22400
2001-11-26,26.9,27.01,26.71,27.0,17.1107,43200
2001-11-27,26.8,27.25,26.71,26.82,16.9967,398600
2001-11-28,26.62,26.74,26.39,26.4,16.7305,30400
2001-11-29,26.6,26.6,26.36,26.55,16.8256,43100
2001-11-30,26.55,26.67,26.5,26.5,16.7939,48500
2001-12-03,26.37,26.37,26.05,26.27,16.6481,9600
2001-12-04,26.37,26.62,26.32,26.59,16.8509,10800
2001-12-05,26.9,27.37,26.9,27.16,17.2121,69500
2001-12-06,27.36,27.6,27.25,27.49,17.4213,93100
2001-12-07,27.2,27.4,27.07,27.19,17.2311,18900
2001-12-10,27.19,27.19,26.67,26.77,16.965,12000
2001-12-11,26.85,27.05,26.65,26.65,16.8889,47400
2001-12-12,26.87,26.9,26.61,26.78,16.9713,16300
2001-12-13,26.56,26.73,26.48,26.59,16.8509,27900
2001-12-14,26.25,26.63,26.25,26.32,16.6798,31000
2001-12-17,26.7,26.89,26.64,26.72,16.9333,17000
2001-12-18,27.25,27.37,27.14,27.36,17.3389,36400
2001-12-19,27.2,27.66,27.2,27.62,17.5036,11800
2001-12-20,27.63,27.64,27.38,27.46,17.4022,3893700
2001-12-21,27.68,27.77,27.45,27.77,17.6665,1077300
2001-12-24,27.65,27.8,27.57,27.8,17.6856,162900
2001-12-26,27.8,28.02,27.67,27.9,17.7492,104800
2001-12-27,27.9,27.98,27.83,27.89,17.7428,40600
2001-12-28,28.0,28.12,27.91,28.05,17.8446,1280200
2001-12-31,27.9,28.08,27.7,27.7,17.6219,60600
2002-01-02,27.6,27.7,27.3,27.7,17.6219,2623400
2002-01-03,27.7,27.7,27.39,27.69,17.6156,51800
2002-01-04,27.8,27.96,27.65,27.7,17.6219,1325400
2002-01-07,27.94,27.99,27.51,27.51,17.5011,1613300
2002-01-08,27.7,27.75,27.29,27.43,17.4502,226600
2002-01-09,27.6,27.8,27.2,27.28,17.3547,180800
2002-01-10,27.25,27.29,26.99,27.0,17.1766,26100
2002-01-11,26.95,27.12,26.56,26.56,16.8967,34300
2002-01-14,26.75,26.75,26.26,26.26,16.7058,77600
2002-01-15,26.04,26.34,25.94,26.29,16.7249,82500
2002-01-16,25.77,25.87,25.32,25.4,16.1587,312000
2002-01-17,25.7,25.75,25.5,25.51,16.2287,23100
2002-01-18,25.4,25.69,25.4,25.68,16.3369,11500
2002-01-22,26.35,26.35,25.71,25.83,16.4323,15000
2002-01-23,25.52,25.71,25.26,25.7,16.3496,27200
2002-01-24,25.7,26.02,25.7,25.93,16.4959,14500
2002-01-25,25.92,26.32,25.92,26.29,16.7249,61600
2002-01-28,26.4,26.4,26.1,26.27,16.7122,15800
2002-01-29,26.4,26.4,25.04,25.27,16.076,195700
2002-01-30,25.27,25.62,24.35,25.55,16.2542,261100
2002-01-31,25.58,25.96,25.5,25.95,16.5086,95300
2002-02-01,25.94,25.94,25.53,25.75,16.3814,299800
2002-02-04,25.2,25.28,24.61,24.61,15.6562,341500
2002-02-05,24.65,24.7,24.12,24.27,15.4399,2663200
2002-02-06,24.65,24.83,24.38,24.45,15.5544,1516500
2002-02-07,24.9,25.03,24.64,24.74,15.7389,1814300
2002-02-08,24.68,25.07,24.54,24.89,15.8343,158100
2002-02-11,25.0,25.59,25.0,25.43,16.1778,39300
2002-02-12,25.39,25.51,25.21,25.21,16.0379,11300
2002-02-13,25.63,25.75,25.4,25.48,16.2096,34300
2002-02-14,25.5,25.63,25.35,25.57,16.2669,8800
2002-02-15,25.35,25.68,25.33,25.39,16.1524,11400
2002-02-19,25.1,25.43,25.1,25.32,16.1078,54700
2002-02-20,25.55,25.69,25.11,25.69,16.3432,28700
2002-02-21,25.85,26.09,25.57,25.59,16.2796,24200
2002-02-22,25.8,25.96,25.4,25.84,16.4387,94500
2002-02-25,25.99,26.57,25.99,26.52,16.8713,560300
2002-02-26,26.7,26.75,26.28,26.62,16.9349,197500
2002-02-27,26.82,27.12,26.66,26.94,17.1384,2123800
2002-02-28,27.1,27.25,26.6,26.6,16.9221,150200
2002-03-01,26.8,27.22,26.61,27.22,17.3166,33400
2002-03-04,27.55,28.34,27.44,28.15,17.9082,320300
2002-03-05,28.05,28.25,27.68,27.8,17.6856,332700
2002-03-06,27.85,28.65,27.85,28.64,18.2199,145600
2002-03-07,28.7,28.7,28.11,28.3,18.0036,304400
2002-03-08,28.52,28.7,28.21,28.49,18.1245,124100
2002-03-11,28.4,28.78,28.25,28.55,18.1627,105800
2002-03-12,28.35,28.69,28.2,28.49,18.1245,138300
2002-03-13,28.4,28.47,28.1,28.1,17.8764,226200
2002-03-14,28.22,28.31,28.1,28.13,17.8955,147100
2002-03-15,28.2,28.2,27.92,28.07,17.9095,139300
2002-03-18,28.3,28.3,27.81,27.96,17.8393,220400
2002-03-19,28.15,28.39,28.1,28.26,18.0308,132800
2002-03-20,28.2,28.26,27.8,27.95,17.833,111700
2002-03-21,27.95,27.95,27.07,27.39,17.4757,176200
2002-03-22,27.39,27.53,26.98,27.23,17.3736,91000
2002-03-25,27.44,27.44,26.75,26.8,17.0992,158600
2002-03-26,26.83,27.34,26.83,26.97,17.2077,184600
2002-03-27,27.15,27.44,26.92,27.15,17.3225,73000
2002-03-28,27.25,27.48,27.21,27.24,17.38,13800
2002-04-01,26.98,27.29,26.73,27.23,17.3736,15000
2002-04-02,27.0,27.12,26.88,26.97,17.2077,115700
2002-04-03,26.8,27.0,26.41,26.6,16.9716,189200
2002-04-04,26.5,26.88,26.5,26.81,17.1056,274800
2002-04-05,27.25,27.25,26.9,26.93,17.1822,153700
2002-04-08,26.76,27.14,26.7,27.14,17.3162,156000
2002-04-09,27.3,27.3,27.09,27.12,17.3034,97100
2002-04-10,27.36,27.75,27.33,27.75,17.7054,95900
2002-04-11,27.6,27.6,26.82,26.86,17.1375,218100
2002-04-12,27.02,27.05,26.7,26.82,17.112,38100
2002-04-15,26.71,26.71,26.4,26.54,16.9333,93900
2002-04-16,26.77,27.1,26.77,27.01,17.2332,329400
2002-04-17,26.95,27.0,26.7,26.82,17.112,305800
2002-04-18,26.78,26.83,26.2,26.62,16.9844,392200
2002-04-19,26.61,26.73,26.46,26.47,16.8887,39700
2002-04-22,26.35,26.44,25.98,26.05,16.6207,525900
2002-04-23,26.05,26.24,25.86,26.0,16.5888,574300
2002-04-24,25.9,26.18,25.76,25.78,16.4484,39300
2002-04-25,25.27,25.57,25.09,25.47,16.2506,159400
2002-04-26,25.5,25.69,25.2,25.21,16.0848,90200
2002-04-29,25.34,25.34,24.65,24.66,15.7338,303500
2002-04-30,24.79,25.54,24.74,25.36,16.1805,313800
2002-05-01,25.3,25.47,24.78,25.44,16.2315,61700
2002-05-02,25.52,25.57,25.37,25.53,16.2889,42900
2002-05-03,25.4,25.63,25.3,25.54,16.2953,35700
2002-05-06,25.49,25.51,24.78,24.82,15.8359,173000
2002-05-07,24.9,25.15,24.77,24.84,15.8487,73100
2002-05-08,25.48,25.89,25.4,25.87,16.5059,277900
2002-05-09,25.65,25.75,25.4,25.43,16.2251,229900
2002-05-10,25.67,25.67,25.05,25.05,15.9827,60500
2002-05-13,25.05,25.34,24.98,25.21,16.0848,381300
2002-05-14,25.69,25.85,25.58,25.77,16.4421,48700
2002-05-15,25.69,26.12,25.67,25.87,16.5059,55700
2002-05-16,26.06,26.06,25.87,26.03,16.6079,33700
2002-05-17,26.18,26.3,26.1,26.26,16.7547,91800
2002-05-20,26.22,26.22,25.94,26.05,16.6207,82100
2002-05-21,26.11,26.35,25.6,25.65,16.3655,166600
2002-05-22,25.55,25.87,25.52,25.76,16.4357,137700
2002-05-23,25.82,26.24,25.72,26.24,16.7419,76000
2002-05-24,26.14,26.22,25.95,25.95,16.5569,22200
2002-05-28,26.05,26.05,25.63,25.66,16.3719,20000
2002-05-29,25.58,25.58,25.36,25.37,16.1868,239100
2002-05-30,25.15,25.43,25.1,25.26,16.1167,59600
2002-05-31,25.32,25.7,25.32,25.47,16.2506,52000
2002-06-03,25.6,25.6,24.51,24.51,15.6381,49900
2002-06-04,24.5,24.6,24.15,24.31,15.5105,72400
2002-06-05,24.37,24.72,24.37,24.72,15.7721,80600
2002-06-06,24.6,24.66,24.1,24.13,15.3957,38600
2002-06-07,23.9,24.35,23.58,24.13,15.3957,144200
2002-06-10,24.06,24.45,24.06,24.32,15.5169,11400
2002-06-11,24.4,24.59,23.94,24.03,15.3319,57500
2002-06-12,23.93,24.12,23.62,24.02,15.3255,66900
2002-06-13,24.19,24.27,23.96,23.96,15.2872,48800
2002-06-14,23.74,23.91,23.58,23.84,15.2107,24900
2002-06-17,23.96,24.51,23.96,24.51,15.6381,24100
2002-06-18,24.52,24.82,24.44,24.74,15.7849,231200
2002-06-19,24.6,24.99,24.5,24.55,15.6637,86800
2002-06-20,24.62,24.65,24.35,24.36,15.5424,120800
2002-06-21,24.06,24.17,23.68,23.69,15.1516,38100
2002-06-24,23.82,24.26,23.44,24.02,15.3627,199600
2002-06-25,24.0,24.19,23.38,23.51,15.0365,116200
2002-06-26,23.0,23.5,22.7,23.5,15.0301,343500
2002-06-27,23.73,23.87,23.34,23.87,15.2668,37100
2002-06-28,23.98,24.21,23.85,23.85,15.254,22000
2002-07-01,23.97,24.01,23.32,23.32,14.915,71900
2002-07-02,23.24,23.5,22.79,22.96,14.6848,158900
2002-07-03,22.95,22.99,22.4,22.99,14.7039,26500
2002-07-05,23.19,23.94,23.19,23.94,15.3115,17400
2002-07-08,24.0,24.0,23.47,23.54,15.0557,173100
2002-07-09,23.61,23.76,22.95,22.95,14.6784,175700
2002-07-10,23.16,23.18,22.31,22.39,14.3202,207600
2002-07-11,21.95,22.5,21.75,22.42,14.3394,98300
2002-07-12,22.57,22.82,22.07,22.35,14.2946,50200
2002-07-15,22.08,22.18,21.31,22.18,14.1859,32900
2002-07-16,21.8,22.15,21.62,21.72,13.8917,27000
2002-07-17,22.22,22.25,21.58,21.98,14.058,55900
2002-07-18,21.95,21.95,21.34,21.34,13.6486,39600
2002-07-19,21.17,21.17,20.48,20.68,13.2265,98500
2002-07-22,20.55,20.63,19.74,20.02,12.8044,115200
2002-07-23,20.15,20.17,19.57,19.57,12.5166,99900
2002-07-24,19.1,20.67,19.1,20.62,13.1881,55600
2002-07-25,20.4,20.89,20.13,20.64,13.2009,47100
2002-07-26,20.7,21.06,20.61,20.97,13.412,117600
2002-07-29,21.0,22.41,21.0,22.28,14.2498,105100
2002-07-30,22.14,22.68,21.87,22.54,14.4161,76400
2002-07-31,22.2,22.5,21.85,22.5,14.3905,61800
2002-08-01,22.43,22.49,21.95,22.0,14.0708,41900
2002-08-02,21.75,22.0,21.06,21.2,13.5591,56500
2002-08-05,21.2,21.2,20.5,20.5,13.1114,29400
2002-08-06,21.1,21.76,21.0,21.2,13.5591,36200
2002-08-07,21.82,21.82,21.18,21.73,13.8981,277500
2002-08-08,21.85,22.56,21.72,22.36,14.301,28600
2002-08-09,22.12,22.56,22.05,22.53,14.4097,22300
2002-08-12,22.4,22.46,22.05,22.27,14.2434,44400
2002-08-13,22.24,22.36,21.75,21.75,13.9109,18900
2002-08-14,21.76,22.31,21.16,22.22,14.2115,50000
2002-08-15,22.39,22.56,21.97,22.4,14.3266,36800
2002-08-16,22.32,22.62,22.21,22.38,14.3138,26500
2002-08-19,22.5,23.05,22.45,22.91,14.6528,59700
2002-08-20,22.91,22.91,22.54,22.8,14.5824,18900
2002-08-21,22.8,23.13,22.61,22.87,14.6272,25200
2002-08-22,23.0,23.34,22.93,23.2,14.8383,32600
2002-08-23,23.11,23.11,22.65,22.66,14.4929,20900
2002-08-26,22.86,22.94,22.39,22.94,14.672,31000
2002-08-27,23.15,23.28,22.69,22.74,14.544,37700
2002-08-28,22.55,22.55,22.17,22.3,14.2626,22100
2002-08-29,21.8,22.18,21.8,22.13,14.1539,33700
2002-08-30,22.15,22.46,21.99,22.15,14.1667,45800
2002-09-03,21.76,21.76,21.33,21.38,13.6742,152100
2002-09-04,21.25,21.71,21.0,21.59,13.8085,37200
2002-09-05,21.07,21.42,21.0,21.21,13.5655,40200
2002-09-06,21.2,21.62,21.2,21.48,13.7382,36800
2002-09-09,21.32,21.9,21.25,21.66,13.8533,75600
2002-09-10,21.85,21.98,21.68,21.9,14.0068,44800
2002-09-11,22.22,22.22,21.88,21.9,14.0068,27300
2002-09-12,22.0,22.0,21.51,21.6,13.8149,47600
2002-09-13,21.13,21.18,20.9,21.08,13.4823,21500
2002-09-16,20.9,21.32,20.9,21.29,13.6167,92100
2002-09-17,21.51,22.06,20.85,20.85,13.3352,177400
2002-09-18,20.65,20.91,20.57,20.82,13.3161,71700
2002-09-19,20.5,20.8,20.31,20.41,13.0538,284200
2002-09-20,20.15,20.45,20.15,20.41,13.1033,40400
2002-09-23,20.2,20.28,19.96,20.15,12.9363,62900
2002-09-24,19.92,20.0,19.64,19.72,12.6603,77000
2002-09-25,20.18,20.22,19.76,20.1,12.9042,165300
2002-09-26,20.25,20.6,20.13,20.49,13.1546,532300
2002-09-27,20.45,20.45,19.69,19.71,12.6539,35900
2002-09-30,19.6,19.68,19.02,19.52,12.5319,147000
2002-10-01,19.64,20.37,19.5,20.37,13.0776,91900
2002-10-02,20.0,20.25,19.65,19.67,12.6282,140700
2002-10-03,19.5,20.01,19.47,19.51,12.5255,91800
2002-10-04,19.58,19.58,18.85,19.0,12.198,47700
2002-10-07,19.05,19.16,18.33,18.49,11.8706,57100
2002-10-08,18.38,18.86,18.18,18.63,11.9605,180300
2002-10-09,18.63,18.63,17.95,18.0,11.556,153800
2002-10-10,18.1,18.66,17.75,18.62,11.9541,601300
2002-10-11,19.17,19.74,19.17,19.48,12.5062,85300
2002-10-14,19.6,19.6,19.3,19.37,12.4356,187300
2002-10-15,19.37,20.37,19.37,20.31,13.0391,644700
2002-10-16,20.31,20.31,19.75,19.81,12.7181,134600
2002-10-17,20.65,20.65,20.25,20.43,13.1161,655200
2002-10-18,20.43,20.46,20.01,20.4,13.0968,23100
2002-10-21,20.4,21.05,20.2,21.02,13.4949,59800
2002-10-22,21.05,21.05,20.48,20.73,13.3087,488700
2002-10-23,20.65,20.94,20.35,20.94,13.4435,24100
2002-10-24,21.05,21.08,20.44,20.5,13.161,125900
2002-10-25,20.35,20.76,20.35,20.76,13.328,126400
2002-10-28,21.05,21.05,20.43,20.47,13.1418,193300
2002-10-29,20.47,20.47,19.93,20.3,13.0326,255300
2002-10-30,20.2,20.56,20.2,20.32,13.0455,165500
2002-10-31,20.58,20.58,20.27,20.48,13.1482,33100
2002-11-01,20.38,20.75,20.05,20.75,13.3215,40100
2002-11-04,20.95,21.2,20.7,20.77,13.3344,71000
2002-11-05,20.95,21.0,20.6,20.97,13.4628,100900
2002-11-06,21.17,21.4,21.0,21.36,13.7132,125700
2002-11-07,20.95,21.1,20.75,20.9,13.4178,42300
2002-11-08,20.85,21.07,20.5,20.59,13.2188,121400
2002-11-11,20.5,21.24,20.06,20.2,12.9684,127300
2002-11-12,20.3,20.44,20.12,20.21,12.9749,70300
2002-11-13,20.21,20.42,19.97,20.17,12.9492,182200
2002-11-14,20.56,20.59,20.37,20.45,13.1289,69100
2002-11-15,20.21,20.52,20.21,20.45,13.1289,40400
2002-11-18,20.75,20.75,20.3,20.3,13.0326,13800
2002-11-19,20.1,20.49,20.1,20.33,13.0519,52500
2002-11-20,20.3,20.67,20.25,20.63,13.2445,46900
2002-11-21,20.63,21.48,20.63,21.48,13.7902,77800
2002-11-22,21.36,21.47,21.24,21.38,13.726,37600
2002-11-25,21.28,21.46,21.05,21.34,13.7003,50300
2002-11-26,21.09,21.3,20.95,21.04,13.5077,884300
2002-11-27,21.23,21.75,21.23,21.6,13.8672,67600
2002-11-29,21.51,21.75,21.51,21.55,13.8351,25100
2002-12-02,21.85,22.09,21.5,21.69,13.925,979000
2002-12-03,21.75,21.75,21.24,21.33,13.6939,56700
2002-12-04,21.24,21.53,21.04,21.26,13.649,59100
2002-12-05,21.28,21.28,20.95,21.04,13.5077,34500
2002-12-06,20.79,21.18,20.74,21.03,13.5013,67300
2002-12-09,20.9,21.05,20.7,20.7,13.2894,47600
2002-12-10,20.71,20.97,20.62,20.87,13.3986,57500
2002-12-11,20.9,21.12,20.74,20.98,13.4692,38400
2002-12-12,21.1,21.1,20.77,20.9,13.4178,1076900
2002-12-13,20.8,21.0,20.46,20.54,13.1867,51300
2002-12-16,20.61,21.05,20.61,21.05,13.5141,78200
2002-12-17,20.79,21.09,20.79,20.79,13.3472,32000
2002-12-18,20.85,20.85,20.61,20.76,13.328,66200
2002-12-19,20.76,20.95,20.47,20.61,13.2317,101300
2002-12-20,20.7,20.82,20.6,20.82,13.4402,365900
2002-12-23,20.57,20.89,20.57,20.72,13.3756,95400
2002-12-24,20.75,20.81,20.57,20.62,13.3111,25300
2002-12-26,20.5,21.06,20.5,20.69,13.3562,30100
2002-12-27,20.6,20.68,20.29,20.29,13.098,243500
2002-12-30,20.7,20.7,20.16,20.4,13.169,373300
2002-12-31,20.65,20.65,20.27,20.59,13.2917,72400
2003-01-02,20.83,21.26,20.62,21.12,13.6338,320600
2003-01-03,21.25,21.25,20.97,21.19,13.679,70700
2003-01-06,21.3,21.56,21.25,21.38,13.8017,76900
2003-01-07,21.4,21.44,21.1,21.26,13.7242,62500
2003-01-08,21.2,21.22,20.82,21.0,13.5564,41800
2003-01-09,21.0,21.29,21.0,21.27,13.7307,177500
2003-01-10,21.1,21.36,20.98,21.23,13.7048,99400
2003-01-13,21.3,21.3,20.98,21.19,13.679,101900
2003-01-14,21.25,21.25,21.01,21.23,13.7048,357900
2003-01-15,21.35,21.35,20.76,20.93,13.5112,88000
2003-01-16,20.93,21.15,20.76,20.81,13.4337,143400
2003-01-17,20.5,20.82,20.5,20.66,13.3369,33300
2003-01-21,20.6,20.8,20.14,20.15,13.0077,67100
2003-01-22,19.95,20.15,19.7,19.77,12.7624,105300
2003-01-23,20.0,20.17,19.75,20.13,12.9947,134400
2003-01-24,19.95,19.95,19.46,19.51,12.5945,65000
2003-01-27,19.35,19.6,19.2,19.36,12.4977,76600
2003-01-28,19.2,19.65,19.2,19.48,12.5751,218800
2003-01-29,19.48,19.8,19.15,19.5,12.5881,28000
2003-01-30,19.65,19.65,19.16,19.16,12.3686,94800
2003-01-31,19.3,19.68,19.26,19.48,12.5751,57700
2003-02-03,19.68,19.77,19.52,19.65,12.6849,39400
2003-02-04,19.42,19.48,19.21,19.48,12.5751,92600
2003-02-05,19.65,19.76,19.3,19.5,12.5881,167900
2003-02-06,19.55,19.55,19.1,19.34,12.4848,54500
2003-02-07,19.45,19.45,19.02,19.15,12.3621,18300
2003-02-10,19.3,19.3,18.9,19.17,12.375,28900
2003-02-11,19.37,19.37,18.95,18.97,12.2459,121400
2003-02-12,19.0,19.02,18.75,18.81,12.1426,133600
2003-02-13,18.86,18.86,18.35,18.57,11.9877,43700
2003-02-14,18.59,19.01,18.59,19.0,12.2653,77600
2003-02-18,19.25,19.45,19.05,19.21,12.4008,67300
2003-02-19,19.35,19.4,19.1,19.3,12.4589,52600
2003-02-20,19.4,19.45,19.0,19.2,12.3944,138700
2003-02-21,19.0,19.5,19.0,19.5,12.5881,177500
2003-02-24,19.4,19.4,18.85,18.85,12.1685,103300
2003-02-25,18.65,19.15,18.6,19.15,12.3621,281500
2003-02-26,19.2,19.25,18.9,19.0,12.2653,341100
2003-02-27,19.15,19.24,18.8,19.13,12.3492,76000
2003-02-28,19.14,19.4,19.05,19.18,12.3815,38900
2003-03-03,19.39,19.4,19.01,19.1,12.3298,155500
2003-03-04,18.9,19.1,18.75,18.75,12.1039,26500
2003-03-05,18.95,18.95,18.6,18.9,12.2007,851400
2003-03-06,18.8,18.83,17.85,18.76,12.1104,576300
2003-03-07,18.35,18.95,18.35,18.83,12.1555,1321300
2003-03-10,18.9,18.9,18.35,18.35,11.8457,144700
2003-03-11,18.45,18.49,18.0,18.01,11.6262,39300
2003-03-12,17.96,18.22,17.85,18.22,11.7618,77700
2003-03-13,18.42,18.79,18.3,18.75,12.1039,926400
2003-03-14,18.9,19.1,18.67,19.05,12.2976,518600
2003-03-17,18.65,19.71,18.65,19.59,12.6462,375400
2003-03-18,19.79,19.9,19.54,19.85,12.814,627000
2003-03-19,19.99,20.02,19.64,19.97,12.8915,78900
2003-03-20,20.0,20.1,19.65,19.96,12.885,1269900
2003-03-21,20.15,20.58,19.92,20.58,13.336,179500
2003-03-24,19.85,20.05,19.7,19.85,12.863,335600
2003-03-25,19.9,20.08,19.62,19.89,12.8889,120200
2003-03-26,19.75,19.97,19.65,19.89,12.8889,893400
2003-03-27,19.64,19.85,19.42,19.84,12.8565,825600
2003-03-28,19.7,19.75,19.5,19.62,12.7139,143000
2003-03-31,19.2,19.48,19.1,19.31,12.513,169700
2003-04-01,19.45,19.64,19.2,19.58,12.688,94300
2003-04-02,19.85,20.14,19.76,20.02,12.9731,369100
2003-04-03,20.35,20.35,19.94,20.0,12.9602,248100
2003-04-04,20.2,20.2,19.86,20.05,12.9926,79200
2003-04-07,20.55,20.67,20.17,20.2,13.0898,100200
2003-04-08,20.14,20.3,20.0,20.12,13.0379,179000
2003-04-09,20.1,20.3,19.84,19.88,12.8824,198800
2003-04-10,20.05,20.05,19.7,19.91,12.9019,383100
2003-04-11,19.99,20.23,19.85,19.94,12.9213,180600
2003-04-14,20.12,20.28,19.92,20.28,13.1416,120000
2003-04-15,20.43,20.46,20.13,20.45,13.2518,534800
2003-04-16,20.45,20.55,20.11,20.17,13.0703,338700
2003-04-17,20.17,20.5,20.13,20.5,13.2842,132100
2003-04-21,20.49,20.58,20.32,20.32,13.1675,76800
2003-04-22,20.25,20.95,20.25,20.93,13.5628,71900
2003-04-23,20.9,21.13,20.9,21.1,13.673,79700
2003-04-24,21.0,21.0,20.75,20.9,13.5434,35600
2003-04-25,20.7,20.91,20.6,20.74,13.4397,105500
2003-04-28,20.74,21.22,20.74,21.11,13.6795,143800
2003-04-29,21.27,21.35,21.0,21.17,13.7183,325000
2003-04-30,21.15,21.4,20.95,21.4,13.8674,65400
2003-05-01,21.4,21.4,20.85,21.08,13.66,34300
2003-05-02,20.98,21.49,20.98,21.37,13.8479,407200
2003-05-05,21.3,21.48,21.16,21.3,13.8026,33700
2003-05-06,21.35,21.56,21.26,21.36,13.8415,324400
2003-05-07,21.42,21.5,21.21,21.33,13.822,61500
2003-05-08,20.95,21.28,20.95,21.13,13.6924,21600
2003-05-09,21.25,21.45,21.06,21.45,13.8998,13800
2003-05-12,21.19,21.65,21.19,21.61,14.0035,36400
2003-05-13,21.7,21.7,21.43,21.54,13.9581,386800
2003-05-14,21.5,21.62,21.33,21.47,13.9127,72100
2003-05-15,21.6,21.72,21.5,21.7,14.0618,152900
2003-05-16,21.5,21.71,21.44,21.6,13.997,53800
2003-05-19,21.6,21.6,21.04,21.04,13.6341,333300
2003-05-20,21.29,21.29,20.87,21.16,13.7119,246400
2003-05-21,21.16,21.16,20.85,21.04,13.6341,107000
2003-05-22,21.14,21.3,21.03,21.2,13.7378,1526600
2003-05-23,21.25,21.4,21.11,21.28,13.7896,52000
2003-05-27,21.35,21.8,21.12,21.8,14.1266,182000
2003-05-28,22.18,22.18,21.64,21.72,14.0747,99800
2003-05-29,21.56,21.84,21.4,21.48,13.9192,341100
2003-05-30,21.48,21.99,21.48,21.98,14.2432,1063800
2003-06-02,22.2,22.41,22.05,22.2,14.3858,312600
2003-06-03,22.29,22.31,22.04,22.23,14.4052,98700
2003-06-04,22.4,22.57,22.16,22.52,14.5932,599800
2003-06-05,22.49,22.64,22.29,22.58,14.632,72600
2003-06-06,22.6,23.07,22.6,22.77,14.7552,802100
2003-06-09,22.77,22.77,22.42,22.47,14.5608,78800
2003-06-10,22.25,22.71,22.25,22.59,14.6385,107000
2003-06-11,22.75,23.13,22.64,23.04,14.9301,491200
2003-06-12,23.25,23.29,23.0,23.1,14.969,89000
2003-06-13,23.21,23.21,22.77,22.85,14.807,32300
2003-06-16,22.7,23.4,22.7,23.4,15.1634,61900
2003-06-17,23.59,23.59,23.23,23.41,15.1699,1540600
2003-06-18,23.24,23.45,23.18,23.29,15.0921,40400
2003-06-19,23.4,23.4,22.8,22.86,14.8135,89600
2003-06-20,23.1,23.1,22.83,22.92,14.8849,91400
2003-06-23,23.0,23.0,22.54,22.64,14.7031,486500
2003-06-24,22.62,22.74,22.53,22.65,14.7096,44600
2003-06-25,22.75,22.75,22.3,22.3,14.4823,65900
2003-06-26,22.4,22.61,22.27,22.57,14.6576,58200
2003-06-27,22.65,22.65,22.25,22.35,14.5147,42200
2003-06-30,22.25,22.5,21.53,22.39,14.5407,42600
2003-07-01,22.22,22.44,22.0,22.44,14.5732,59600
2003-07-02,22.6,22.6,22.33,22.5,14.6122,398700
2003-07-03,22.5,22.62,22.37,22.48,14.5992,10500
2003-07-07,22.79,22.93,22.62,22.78,14.794,508000
2003-07-08,22.75,22.95,22.69,22.95,14.9044,137700
2003-07-09,22.95,22.95,22.62,22.7,14.742,22700
2003-07-10,22.54,22.66,22.37,22.4,14.5472,100400
2003-07-11,22.62,22.73,22.46,22.63,14.6966,553800
2003-07-14,22.8,22.99,22.55,22.55,14.6446,72100
2003-07-15,22.56,22.78,22.37,22.41,14.5537,509700
2003-07-16,22.62,22.62,22.26,22.36,14.5212,50100
2003-07-17,22.18,22.45,21.31,22.3,14.4823,1268000
2003-07-18,22.3,22.75,22.3,22.6,14.6771,4202200
2003-07-21,22.8,22.8,22.48,22.5,14.6122,205200
2003-07-22,22.8,22.84,22.47,22.78,14.794,670300
2003-07-23,22.95,22.95,22.51,22.71,14.7485,244000
2003-07-24,22.9,23.05,22.67,22.71,14.7485,165300
2003-07-25,22.7,23.22,22.7,23.22,15.0797,312800
2003-07-28,23.4,23.4,23.05,23.24,15.0927,1153800
2003-07-29,23.26,23.26,22.83,22.92,14.8849,1189600
2003-07-30,23.1,23.1,22.81,22.92,14.8849,27600
2003-07-31,23.1,23.45,23.03,23.13,15.0213,441600
2003-08-01,23.15,23.15,22.9,22.95,14.9044,178000
2003-08-04,23.1,23.1,22.65,23.0,14.9369,189000
2003-08-05,23.1,23.15,22.55,22.61,14.6836,789800
2003-08-06,22.51,22.7,22.38,22.57,14.6576,170800
2003-08-07,22.4,22.73,22.4,22.71,14.7485,1054600
2003-08-08,22.9,22.9,22.61,22.74,14.768,209800
2003-08-11,22.9,22.97,22.69,22.92,14.8849,178600
2003-08-12,23.05,23.14,22.82,23.14,15.0278,233600
2003-08-13,23.35,23.49,23.0,23.06,14.9758,536100
2003-08-14,23.0,23.42,23.0,23.33,15.1512,268000
2003-08-15,23.4,23.55,23.29,23.55,15.2941,51700
2003-08-18,23.6,23.9,23.45,23.9,15.5214,498100
2003-08-19,24.04,24.04,23.78,24.04,15.6123,900000
2003-08-20,24.03,24.03,23.78,23.9,15.5214,2655100
2003-08-21,24.1,24.21,23.96,24.18,15.7032,451200
2003-08-22,24.35,24.4,23.86,23.95,15.5538,529700
2003-08-25,23.75,23.92,23.65,23.73,15.411,960500
2003-08-26,23.53,23.89,23.53,23.87,15.5019,365700
2003-08-27,23.7,23.87,23.67,23.85,15.4889,287200
2003-08-28,24.05,24.05,23.73,24.04,15.6123,119100
2003-08-29,23.87,24.13,23.87,24.03,15.6058,136500
2003-09-02,24.4,24.48,23.97,24.38,15.8331,830700
2003-09-03,24.58,24.64,24.41,24.58,15.963,758200
2003-09-04,24.54,24.62,24.37,24.56,15.95,1947100
2003-09-05,24.59,24.59,24.17,24.29,15.7746,565200
2003-09-08,24.5,24.55,24.31,24.41,15.8526,1571900
2003-09-09,24.45,24.49,24.11,24.15,15.6837,307400
2003-09-10,23.94,24.1,23.82,23.87,15.5019,58500
2003-09-11,23.87,24.17,23.75,24.07,15.6318,485400
2003-09-12,24.07,24.15,23.8,24.06,15.6253,1639700
2003-09-15,24.25,24.25,24.0,24.09,15.6447,271600
2003-09-16,24.07,24.47,23.91,24.4,15.8461,36500
2003-09-17,24.55,24.55,24.27,24.3,15.7811,238400
2003-09-18,24.45,24.63,24.28,24.59,15.9695,758000
2003-09-19,24.6,24.67,24.26,24.4,15.9023,105800
2003-09-22,24.2,24.25,24.01,24.08,15.6938,188400
2003-09-23,23.95,24.2,23.95,24.17,15.7524,506500
2003-09-24,24.35,24.35,23.68,23.7,15.4461,204700
2003-09-25,23.62,23.75,23.45,23.52,15.3288,105500
2003-09-26,23.33,23.5,23.22,23.27,15.1659,178200
2003-09-29,23.45,23.61,23.26,23.51,15.3223,710500
2003-09-30,23.6,23.6,23.05,23.29,15.1789,256700
2003-10-01,23.4,23.8,23.35,23.75,15.4787,31900
2003-10-02,23.65,23.9,23.65,23.86,15.5504,70400
2003-10-03,23.91,24.35,23.91,24.1,15.7068,202500
2003-10-06,24.24,24.24,24.04,24.11,15.7133,99100
2003-10-07,23.9,24.23,23.9,24.23,15.7915,86900
2003-10-08,24.08,24.25,24.01,24.12,15.7198,232400
2003-10-09,24.37,24.5,24.23,24.28,15.8241,153600
2003-10-10,24.48,24.48,24.05,24.14,15.7329,67900
2003-10-13,24.38,24.47,24.1,24.24,15.7981,143900
2003-10-14,24.3,24.42,24.08,24.36,15.8763,170300
2003-10-15,24.66,24.66,24.23,24.4,15.9023,155200
2003-10-16,24.18,24.5,24.0,24.41,15.9089,430100
2003-10-17,24.49,24.49,24.12,24.24,15.7981,300200
2003-10-20,24.35,24.35,24.14,24.3,15.8372,167100
2003-10-21,24.45,24.45,24.25,24.26,15.8111,70100
2003-10-22,24.05,24.25,23.95,23.98,15.6286,204400
2003-10-23,23.99,24.12,23.85,24.04,15.6677,166200
2003-10-24,23.78,24.1,23.75,24.05,15.6742,281600
2003-10-27,24.0,24.21,24.0,24.06,15.6807,151600
2003-10-28,24.13,24.34,24.08,24.34,15.8632,67800
2003-10-29,24.37,24.58,24.34,24.5,15.9675,134000
2003-10-30,24.85,24.87,24.56,24.69,16.0913,166800
2003-10-31,24.88,24.88,24.7,24.73,16.1174,645000
2003-11-03,24.88,25.02,24.79,24.85,16.1956,131120
2003-11-04,25.0,25.0,24.8,24.92,16.2412,44140
2003-11-05,24.99,24.99,24.73,24.9,16.2282,63100
2003-11-06,24.86,25.05,24.75,25.03,16.3129,167300
2003-11-07,25.04,25.15,24.89,24.94,16.2543,272200
2003-11-10,25.1,25.1,24.7,24.71,16.1044,692800
2003-11-11,24.65,24.75,24.59,24.62,16.0457,160600
2003-11-12,24.69,25.07,24.68,25.02,16.3064,751300
2003-11-13,24.82,25.06,24.82,25.01,16.2999,1747200
2003-11-14,25.12,25.12,24.75,24.82,16.1761,74800
2003-11-17,24.6,24.75,24.45,24.75,16.1304,119500
2003-11-18,24.85,24.9,24.57,24.63,16.0522,122800
2003-11-19,24.72,24.94,24.64,24.85,16.1956,92800
2003-11-20,24.73,24.98,24.62,24.67,16.0783,441700
2003-11-21,24.75,24.8,24.54,24.69,16.0913,43300
2003-11-24,24.79,24.99,24.78,24.99,16.2869,62900
2003-11-25,25.05,25.25,25.0,25.19,16.4172,214900
2003-11-26,25.3,25.3,24.98,25.19,16.4172,168000
2003-11-28,25.26,25.27,25.15,25.22,16.4368,132500
2003-12-01,25.4,25.59,25.3,25.59,16.6779,326900
2003-12-02,25.79,25.89,25.44,25.54,16.6453,200600
2003-12-03,25.75,25.75,25.53,25.56,16.6583,441200
2003-12-04,25.58,25.67,25.52,25.64,16.7105,177400
2003-12-05,25.61,25.66,25.42,25.45,16.5867,822800
2003-12-08,25.6,25.69,25.46,25.68,16.7366,181900
2003-12-09,25.72,25.86,25.61,25.68,16.7366,149900
2003-12-10,25.55,25.75,25.5,25.63,16.704,228900
2003-12-11,25.69,26.08,25.69,26.03,16.9647,398600
2003-12-12,25.8,26.11,25.8,26.07,16.9907,1787700
2003-12-15,26.42,26.42,26.01,26.1,17.0103,416900
2003-12-16,26.3,26.3,25.96,26.26,17.1146,475700
2003-12-17,26.35,26.35,26.07,26.29,17.1341,470700
2003-12-18,26.45,26.6,26.33,26.59,17.3296,435500
2003-12-19,26.65,26.65,26.32,26.48,17.3427,467100
2003-12-22,26.55,26.68,26.41,26.64,17.4475,938400
2003-12-23,26.82,26.82,26.61,26.7,17.4868,200200
2003-12-24,27.0,27.0,26.53,26.6,17.4213,265000
2003-12-26,26.72,26.72,26.53,26.55,17.3886,94100
2003-12-29,26.75,26.89,26.65,26.89,17.6113,244900
2003-12-30,27.05,27.05,26.7,26.73,17.5065,495500
2003-12-31,26.8,26.89,26.68,26.76,17.5261,253600
2004-01-02,27.0,27.01,26.63,26.74,17.513,118300
2004-01-05,27.05,27.05,26.82,27.0,17.6833,302600
2004-01-06,27.15,27.15,26.87,26.96,17.6571,360900
2004-01-07,27.0,27.04,26.76,27.0,17.6833,558400
2004-01-08,27.15,27.25,27.02,27.17,17.7946,653000
2004-01-09,26.95,27.13,26.83,26.9,17.6178,1932100
2004-01-12,26.83,27.04,26.83,26.99,17.6767,695700
2004-01-13,27.14,27.16,26.73,26.88,17.6047,309100
2004-01-14,27.0,27.29,27.0,27.25,17.847,336600
2004-01-15,27.4,27.42,27.09,27.29,17.8732,764700
2004-01-16,27.55,27.8,27.43,27.8,18.2072,757800
2004-01-20,27.85,27.95,27.34,27.46,17.9846,744000
2004-01-21,27.55,27.73,27.24,27.65,18.109,311400
2004-01-22,27.85,27.85,27.48,27.52,18.0239,251700
2004-01-23,27.62,27.67,27.25,27.42,17.9584,521700
2004-01-26,27.3,27.78,27.3,27.77,18.1876,367300
2004-01-27,27.79,27.85,27.48,27.5,18.0108,964300
2004-01-28,27.7,27.7,27.0,27.07,17.7291,920000
2004-01-29,27.35,27.35,26.82,27.08,17.7357,1215800
2004-01-30,27.12,27.12,26.81,27.03,17.7029,222700
2004-02-02,26.83,27.18,26.77,26.98,17.6702,395000
2004-02-03,27.9,27.9,25.84,26.88,17.6047,170600
2004-02-04,26.96,26.96,26.68,26.75,17.5196,640000
2004-02-05,26.9,27.06,26.7,27.0,17.6833,219800
2004-02-06,27.15,27.2,26.86,27.12,17.7619,712200
2004-02-09,27.2,27.2,26.99,27.05,17.716,1147100
2004-02-10,27.05,27.05,26.9,27.03,17.7029,369900
2004-02-11,27.03,27.47,26.92,27.33,17.8994,1008700
2004-02-12,27.5,27.5,27.28,27.31,17.8863,314600
2004-02-13,27.35,27.48,27.1,27.18,17.8012,735400
2004-02-17,27.34,27.46,27.21,27.39,17.9387,401400
2004-02-18,27.49,27.49,27.14,27.25,17.847,441100
2004-02-19,27.45,27.45,27.04,27.04,17.7095,497800
2004-02-20,27.01,27.29,26.85,26.99,17.6767,530500
2004-02-23,27.15,27.15,26.75,26.89,17.6113,1550700
2004-02-24,26.7,27.03,26.64,26.89,17.6113,508600
2004-02-25,26.95,26.95,26.72,26.82,17.5654,238900
2004-02-26,26.76,26.89,26.66,26.84,17.5785,474700
2004-02-27,26.88,26.95,26.73,26.83,17.572,284400
2004-03-01,26.86,27.06,26.79,26.97,17.6637,380400
2004-03-02,26.85,27.06,26.78,26.88,17.6047,540200
2004-03-03,26.9,26.92,26.76,26.87,17.5982,547600
2004-03-04,26.91,27.0,26.83,26.97,17.6637,240800
2004-03-05,26.74,27.14,26.74,27.03,17.7029,94600
2004-03-08,26.83,27.02,26.57,26.57,17.4017,1022400
2004-03-09,26.48,26.6,26.31,26.39,17.2838,1146100
2004-03-10,26.26,26.43,25.88,25.9,16.9629,1693100
2004-03-11,25.7,26.07,25.16,25.51,16.7074,1404400
2004-03-12,25.5,26.0,25.5,25.95,16.9956,2531100
2004-03-15,25.94,26.04,25.61,25.63,16.786,1048200
2004-03-16,25.55,25.98,25.55,25.92,16.976,2137700
2004-03-17,26.1,26.34,26.05,26.24,17.1855,299200
2004-03-18,26.1,26.31,25.98,26.27,17.2052,297600
2004-03-19,26.0,26.18,25.85,25.85,16.989,439200
2004-03-22,25.64,25.65,25.29,25.5,16.7589,688500
2004-03-23,25.54,25.65,25.41,25.43,16.7129,484900
2004-03-24,25.37,25.52,25.28,25.43,16.7129,262500
2004-03-25,25.47,25.95,25.47,25.85,16.989,557600
2004-03-26,25.95,26.15,25.87,25.99,17.081,921500
2004-03-29,26.4,26.45,26.17,26.3,17.2847,360600
2004-03-30,26.23,26.48,26.2,26.46,17.3899,666300
2004-03-31,26.27,26.55,26.27,26.41,17.357,444600
2004-04-01,26.53,26.64,26.43,26.56,17.4556,906500
2004-04-02,26.9,27.0,26.73,26.86,17.6528,1383100
2004-04-05,26.99,27.18,26.86,27.18,17.8631,551400
2004-04-06,27.24,27.24,27.05,27.16,17.8499,344000
2004-04-07,27.25,27.3,26.97,27.1,17.8105,538800
2004-04-08,27.4,27.4,26.87,26.95,17.7119,234600
2004-04-12,27.13,27.27,27.08,27.22,17.8894,213200
2004-04-13,27.42,27.42,26.74,26.8,17.6133,460200
2004-04-14,26.72,26.91,26.58,26.78,17.6002,725900
2004-04-15,26.6,26.94,26.6,26.86,17.6528,811600
2004-04-16,26.7,27.12,26.7,27.1,17.8105,556600
2004-04-19,26.9,27.05,26.87,26.95,17.7119,548900
2004-04-20,27.1,27.11,26.64,26.68,17.5345,170500
2004-04-21,26.48,26.85,26.41,26.85,17.6462,1433900
2004-04-22,26.8,27.44,26.8,27.44,18.0339,2104600
2004-04-23,27.4,27.4,27.08,27.32,17.9551,754500
2004-04-26,27.31,27.42,27.12,27.18,17.8631,324000
2004-04-27,27.24,27.45,27.19,27.2,17.8762,205100
2004-04-28,27.3,27.3,26.83,26.84,17.6396,1106700
2004-04-29,26.59,26.95,26.5,26.6,17.4819,248400
2004-04-30,26.5,26.74,26.4,26.4,17.3504,1413500
2004-05-03,26.35,26.75,26.3,26.7,17.5476,647200
2004-05-04,26.55,26.96,26.55,26.81,17.6199,874200
2004-05-05,26.65,26.99,26.65,26.83,17.633,85900
2004-05-06,26.45,26.77,26.4,26.69,17.541,507000
2004-05-07,26.58,26.72,26.22,26.22,17.2321,654400
2004-05-10,26.01,26.12,25.66,25.84,16.9824,1260700
2004-05-11,25.7,26.06,25.7,26.0,17.0876,779500
2004-05-12,25.85,26.22,25.66,26.22,17.2321,242200
2004-05-13,26.0,26.29,26.0,26.22,17.2321,1492200
2004-05-14,26.05,26.29,25.96,26.17,17.1993,106000
2004-05-17,25.85,25.97,25.77,25.88,17.0087,347200
2004-05-18,26.1,26.16,25.92,26.14,17.1796,219800
2004-05-19,26.29,26.54,26.06,26.1,17.1533,574800
2004-05-20,25.96,26.07,25.91,26.04,17.1138,208500
2004-05-21,26.1,26.28,26.07,26.22,17.2321,212200
2004-05-24,26.45,26.55,26.27,26.42,17.3636,546400
2004-05-25,26.37,26.85,26.05,26.8,17.6133,98800
2004-05-26,26.9,26.92,26.73,26.86,17.6528,444300
2004-05-27,27.05,27.18,26.9,27.05,17.7776,704600
2004-05-28,27.22,27.22,26.9,27.05,17.7776,205000
2004-06-01,26.9,27.05,26.85,27.05,17.7776,394700
2004-06-02,27.17,27.32,27.05,27.3,17.9419,339000
2004-06-03,27.25,27.29,27.08,27.1,17.8105,198000
2004-06-04,27.08,27.34,27.08,27.25,17.9091,252700
2004-06-07,27.44,27.72,27.37,27.72,18.218,713500
2004-06-08,27.8,27.81,27.6,27.78,18.2574,269200
2004-06-09,27.9,27.9,27.54,27.54,18.0997,1466000
2004-06-10,27.72,27.73,27.53,27.73,18.2245,429300
2004-06-14,27.65,27.65,27.49,27.58,18.126,541800
2004-06-15,27.78,27.87,27.69,27.83,18.2903,627600
2004-06-16,27.95,28.0,27.77,27.9,18.3363,652100
2004-06-17,27.99,27.99,27.74,27.92,18.3494,386700
2004-06-18,27.65,28.11,27.65,28.02,18.4535,1271300
2004-06-21,28.1,28.14,27.91,27.91,18.381,658200
2004-06-22,27.87,28.2,27.87,28.17,18.5522,466200
2004-06-23,28.21,28.59,28.13,28.57,18.8157,341500
2004-06-24,28.77,28.78,28.4,28.51,18.7762,1503800
2004-06-25,28.62,28.62,28.37,28.47,18.7498,959000
2004-06-28,28.6,28.6,28.26,28.26,18.6115,251700
2004-06-29,28.26,28.56,28.26,28.48,18.7564,482300
2004-06-30,28.6,28.69,28.34,28.66,18.875,451100
2004-07-01,28.78,28.78,28.13,28.23,18.5918,975200
2004-07-02,28.24,28.24,27.92,27.99,18.4337,2125900
2004-07-06,28.05,28.05,27.75,27.93,18.3942,337000
2004-07-07,27.97,28.08,27.89,27.98,18.4271,424600
2004-07-08,27.85,28.0,27.8,27.82,18.3217,833200
2004-07-09,27.95,28.05,27.94,28.05,18.4732,489100
2004-07-12,28.05,28.17,27.87,28.09,18.4996,480900
2004-07-13,28.2,28.22,28.13,28.15,18.5391,763600
2004-07-14,27.93,28.33,27.8,28.1,18.5061,853000
2004-07-15,28.08,28.36,28.08,28.24,18.5983,1405300
2004-07-16,28.48,28.48,28.11,28.13,18.5259,837900
2004-07-19,28.05,28.14,27.88,28.01,18.4469,530300
2004-07-20,27.8,28.19,27.75,28.18,18.5588,1156400
2004-07-21,28.24,28.39,27.81,27.81,18.3152,490100
2004-07-22,27.73,27.75,27.36,27.64,18.2032,2017500
2004-07-23,27.6,27.66,27.39,27.51,18.1176,134800
2004-07-26,27.7,27.8,27.26,27.42,18.0583,1001700
2004-07-27,27.3,27.75,27.3,27.7,18.2427,776200
2004-07-28,27.52,27.94,27.43,27.87,18.3547,327200
2004-07-29,27.7,28.02,27.69,27.9,18.3744,1051100
2004-07-30,27.87,27.96,27.73,27.86,18.3481,558300
2004-08-02,27.76,28.03,27.64,27.99,18.4337,896800
2004-08-03,27.7,28.02,27.7,27.84,18.3349,383900
2004-08-04,27.6,27.87,27.6,27.84,18.3349,388900
2004-08-05,28.05,28.05,27.25,27.27,17.9595,1283300
2004-08-06,26.9,27.1,26.67,26.71,17.5907,1970500
2004-08-09,26.55,26.9,26.55,26.77,17.6302,1007200
2004-08-10,26.95,27.22,26.81,27.22,17.9266,913700
2004-08-11,27.01,27.22,26.86,27.19,17.9068,1674400
2004-08-12,27.19,27.19,26.7,26.79,17.6434,423700
2004-08-13,26.7,26.84,26.66,26.74,17.6105,723200
2004-08-16,26.7,27.28,26.7,27.24,17.9398,625200
2004-08-17,27.47,27.5,27.15,27.22,17.9266,672400
2004-08-18,27.0,27.65,27.0,27.65,18.2098,642900
2004-08-19,27.45,27.51,27.19,27.32,17.9925,407300
2004-08-20,27.52,27.62,27.3,27.59,18.1703,240800
2004-08-23,27.85,27.85,27.5,27.58,18.1637,276900
2004-08-24,27.75,27.76,27.5,27.6,18.1769,311200
2004-08-25,27.55,27.95,27.5,27.9,18.3744,387400
2004-08-26,27.97,27.97,27.81,27.91,18.381,68400
2004-08-27,27.8,27.94,27.79,27.9,18.3744,504300
2004-08-30,27.67,27.9,27.6,27.75,18.2756,401500
2004-08-31,27.55,27.88,27.55,27.88,18.3613,583600
2004-09-01,27.95,28.02,27.76,27.89,18.3678,484600
2004-09-02,27.98,28.29,27.89,28.27,18.6181,307800
2004-09-03,28.1,28.39,28.1,28.19,18.5654,806800
2004-09-07,28.39,28.48,28.27,28.4,18.7037,561900
2004-09-08,28.25,28.47,28.25,28.35,18.6708,79400
2004-09-09,28.15,28.5,28.15,28.28,18.6247,575100
2004-09-10,28.05,28.44,28.05,28.36,18.6774,925000
2004-09-13,28.5,28.56,28.38,28.39,18.6971,344500
2004-09-14,28.22,28.46,28.22,28.46,18.7432,1349600
2004-09-15,28.5,28.5,28.18,28.2,18.572,693600
2004-09-16,28.27,28.46,28.15,28.38,18.6905,481400
2004-09-17,28.53,28.64,28.39,28.59,18.8948,646600
2004-09-20,28.6,28.62,28.39,28.44,18.7956,296700
2004-09-21,28.45,28.64,28.45,28.55,18.8683,435600
2004-09-22,28.55,28.55,28.08,28.15,18.604,317900
2004-09-23,28.1,28.1,27.87,27.88,18.4255,155800
2004-09-24,27.81,28.07,27.7,27.98,18.4916,172900
2004-09-27,27.82,27.9,27.76,27.76,18.3462,1513500
2004-09-28,27.63,28.08,27.6,28.04,18.5313,2896700
2004-09-29,28.1,28.18,27.96,28.14,18.5974,180900
2004-09-30,28.06,28.44,28.06,28.38,18.756,465100
2004-10-01,28.2,28.79,28.2,28.78,19.0203,795700
2004-10-04,28.92,29.0,28.75,28.75,19.0005,1116200
2004-10-05,28.72,28.74,28.59,28.63,18.9212,150400
2004-10-06,28.74,28.93,28.65,28.93,19.1195,517300
2004-10-07,28.8,28.87,28.6,28.6,18.9014,395800
2004-10-08,28.45,28.6,28.24,28.37,18.7494,555000
2004-10-11,28.42,28.48,28.37,28.4,18.7692,206300
2004-10-12,28.2,28.46,28.15,28.39,18.7626,279400
2004-10-13,28.4,28.58,27.98,28.06,18.5445,1047700
2004-10-14,27.96,28.13,27.5,27.94,18.4652,1669700
2004-10-15,28.01,28.28,28.0,28.14,18.5974,1899700
2004-10-18,27.88,28.22,27.87,28.22,18.6502,786400
2004-10-19,28.3,28.39,27.97,27.97,18.485,1887000
2004-10-20,28.09,28.09,27.7,27.89,18.4321,816200
2004-10-21,27.8,28.11,27.76,28.03,18.5247,846200
2004-10-22,28.15,28.15,27.72,27.78,18.3594,732600
2004-10-25,27.69,27.87,27.58,27.78,18.3594,1495000
2004-10-26,27.77,28.21,27.74,28.2,18.637,773000
2004-10-27,28.1,28.6,28.1,28.6,18.9014,752900
2004-10-28,28.7,28.7,28.4,28.54,18.8617,602200
2004-10-29,28.57,28.69,28.53,28.67,18.9476,398100
2004-11-01,28.73,28.82,28.59,28.76,19.0071,584100
2004-11-02,28.86,29.03,28.73,28.79,19.0269,1362700
2004-11-03,29.2,29.25,28.91,29.11,19.2384,398200
2004-11-04,29.19,29.67,29.08,29.59,19.5557,641600
2004-11-05,29.8,29.94,29.68,29.82,19.7077,664200
2004-11-08,29.95,29.95,29.73,29.9,19.7605,271600
2004-11-09,29.8,30.1,29.8,30.01,19.8332,680700
2004-11-10,30.15,30.21,30.0,30.1,19.8927,231600
2004-11-11,30.2,30.47,30.16,30.45,20.124,2861200
2004-11-12,30.6,30.6,30.34,30.56,20.1967,559000
2004-11-15,30.41,30.63,30.41,30.54,20.1835,578600
2004-11-16,30.6,30.6,30.31,30.34,20.0513,1082300
2004-11-17,30.54,30.8,30.43,30.56,20.1967,957800
2004-11-18,30.74,30.75,30.59,30.73,20.3091,1126700
2004-11-19,30.89,30.89,30.29,30.36,20.0645,960100
2004-11-22,30.15,30.5,30.1,30.43,20.1108,187500
2004-11-23,30.5,30.5,30.25,30.38,20.0778,137600
2004-11-24,30.55,30.58,30.42,30.52,20.1703,315900
2004-11-26,30.38,30.65,30.38,30.52,20.1703,127200
2004-11-29,30.3,30.63,30.18,30.4,20.091,222800
2004-11-30,30.45,30.55,30.31,30.47,20.1372,153600
2004-12-01,30.6,30.98,30.25,30.98,20.4743,509100
2004-12-02,30.7,31.03,30.7,30.88,20.4082,281400
2004-12-03,30.75,31.01,30.75,30.89,20.4148,433100
2004-12-06,30.72,30.93,30.71,30.72,20.3025,204400
2004-12-07,30.9,30.9,30.44,30.47,20.1372,280200
2004-12-08,30.4,30.65,30.4,30.55,20.1901,262900
2004-12-09,30.65,30.76,30.34,30.74,20.3157,1157700
2004-12-10,30.64,30.9,30.64,30.85,20.3884,921200
2004-12-13,30.95,31.21,30.92,31.19,20.6131,464100
2004-12-14,31.3,31.34,31.14,31.25,20.6527,707500
2004-12-15,31.35,31.35,31.04,31.29,20.6792,429000
2004-12-16,31.3,31.3,30.99,31.11,20.5602,2337700
2004-12-17,30.95,31.02,30.5,30.92,20.5376,1076200
2004-12-20,31.05,31.15,30.9,30.94,20.5509,281700
2004-12-21,30.85,31.17,30.85,31.11,20.6638,210800
2004-12-22,31.2,31.29,31.11,31.21,20.7302,170800
2004-12-23,31.24,31.35,31.21,31.25,20.7568,764100
2004-12-27,31.45,31.45,31.05,31.07,20.6372,206700
2004-12-28,31.15,31.27,31.11,31.24,20.7502,154600
2004-12-29,31.35,31.35,31.08,31.16,20.697,101100
2004-12-30,31.29,31.29,31.16,31.18,20.7103,178800
2004-12-31,31.23,31.25,31.07,31.07,20.6372,162800
2005-01-03,31.25,31.29,30.77,30.8,20.4579,689900
2005-01-04,30.83,30.94,30.29,30.42,20.2055,1901800
2005-01-05,30.3,30.42,30.19,30.21,20.066,882400
2005-01-06,30.2,30.46,30.2,30.31,20.1324,252600
2005-01-07,30.41,30.45,30.1,30.17,20.0395,245400
2005-01-10,30.25,30.38,30.12,30.28,20.1125,222400
2005-01-11,30.3,30.3,30.0,30.14,20.0195,371300
2005-01-12,30.1,30.3,29.8,30.18,20.0461,826400
2005-01-13,30.25,30.25,29.8,29.89,19.8535,333600
2005-01-14,29.87,30.15,29.87,30.09,19.9863,427400
2005-01-18,29.7,30.22,29.6,30.21,20.066,1082900
2005-01-19,30.1,30.21,29.96,29.97,19.9066,205900
2005-01-20,29.77,30.02,29.7,29.7,19.7273,727400
2005-01-21,29.76,29.9,29.49,29.51,19.6011,504700
2005-01-24,29.55,29.65,29.39,29.42,19.5413,436900
2005-01-25,29.6,29.8,29.51,29.7,19.7273,380300
2005-01-26,29.55,29.98,29.55,29.76,19.7671,825500
2005-01-27,29.9,29.9,29.6,29.84,19.8203,430700
2005-01-28,29.65,29.9,29.63,29.81,19.8003,452700
2005-01-31,29.79,30.2,29.79,30.2,20.0594,729500
2005-02-01,30.3,30.34,30.21,30.29,20.1192,517800
2005-02-02,30.35,30.36,30.12,30.29,20.1192,466400
2005-02-03,30.17,30.24,30.09,30.19,20.0527,613700
2005-02-04,30.23,30.46,30.23,30.45,20.2254,523500
2005-02-07,30.3,30.52,30.3,30.43,20.2121,276500
2005-02-08,30.46,30.6,30.41,30.6,20.3251,410600
2005-02-09,30.5,30.7,30.27,30.28,20.1125,466400
2005-02-10,30.28,30.47,30.25,30.42,20.2055,197600
2005-02-11,30.3,30.72,30.3,30.62,20.3384,228000
2005-02-14,30.78,30.78,30.55,30.59,20.3184,178900
2005-02-15,30.42,30.73,30.42,30.69,20.3848,252800
2005-02-16,30.85,30.85,30.55,30.78,20.4446,219400
2005-02-17,30.57,30.76,30.5,30.5,20.2586,230400
2005-02-18,30.53,30.58,30.4,30.5,20.2586,844300
2005-02-22,30.24,30.45,30.0,30.01,19.9332,645700
2005-02-23,29.82,30.42,29.81,30.05,19.9597,408900
2005-02-24,30.26,30.48,30.03,30.48,20.2454,417900
2005-02-25,30.5,30.75,30.39,30.73,20.4114,1288700
2005-02-28,30.7,30.72,30.3906,30.55,20.2919,202400
2005-03-01,30.7,30.72,30.51,30.65,20.3583,192800
2005-03-02,30.65,30.81,30.4,30.74,20.4181,222800
2005-03-03,30.65,30.9,30.59,30.81,20.4646,400600
2005-03-04,30.93,31.34,30.93,31.24,20.7502,1337000
2005-03-07,31.4,31.5,31.3,31.39,20.8498,414900
2005-03-08,31.4,31.47,31.34,31.37,20.8365,545200
2005-03-09,31.2,31.34,31.03,31.03,20.6107,374700
2005-03-10,31.0,31.23,30.94,31.1,20.6572,680800
2005-03-11,31.0,31.28,30.93,31.02,20.604,474200
2005-03-14,30.95,31.2,30.95,31.19,20.717,1482200
2005-03-15,31.35,31.35,31.02,31.02,20.604,843300
2005-03-16,30.96,30.98,30.58,30.66,20.3649,1068200
2005-03-17,30.75,30.82,30.61,30.65,20.3583,401600
2005-03-18,30.74,30.74,30.44,30.58,20.3829,657300
2005-03-21,30.69,30.75,30.42,30.68,20.4496,407600
2005-03-22,30.75,30.91,30.46,30.51,20.3363,444100
2005-03-23,30.41,30.5,30.3,30.32,20.2096,1197000
2005-03-24,30.41,30.7,30.39,30.47,20.3096,430300
2005-03-28,30.55,30.6,30.42,30.44,20.2896,588100
2005-03-29,30.4,30.5,29.9,29.94,19.9564,1400000
2005-03-30,30.19,30.51,30.12,30.51,20.3363,846600
2005-03-31,30.32,30.5,30.32,30.43,20.283,398600
2005-04-01,30.51,30.65,30.04,30.14,20.0897,991000
2005-04-04,30.11,30.19,29.92,30.11,20.0697,501700
2005-04-05,30.25,30.3,30.11,30.26,20.1696,206900
2005-04-06,30.15,30.45,30.15,30.27,20.1763,327100
2005-04-07,30.26,30.54,30.26,30.52,20.3429,474400
2005-04-08,30.43,30.53,30.21,30.21,20.1363,672400
2005-04-11,30.49,30.49,30.19,30.27,20.1763,298000
2005-04-12,30.1,30.57,29.91,30.51,20.3363,469900
2005-04-13,30.45,30.5,29.95,29.98,19.983,1041300
2005-04-14,29.95,30.07,29.43,29.53,19.6831,1370300
2005-04-15,29.4,29.57,28.95,28.95,19.2965,855500
2005-04-18,28.9,29.2,28.8,29.04,19.3565,826900
2005-04-19,29.0,29.24,29.0,29.17,19.4431,547700
2005-04-20,29.25,29.3,28.81,28.87,19.2431,1293900
2005-04-21,29.0,29.64,29.0,29.64,19.7564,1572200
2005-04-22,29.8,29.8,29.04,29.29,19.5231,494200
2005-04-25,29.56,29.7,29.45,29.64,19.7564,654300
2005-04-26,29.45,29.7,29.23,29.26,19.5031,554200
2005-04-27,29.02,29.35,28.9,29.3,19.5298,1380300
2005-04-28,29.18,29.36,28.95,28.98,19.3165,1274900
2005-04-29,29.11,29.37,28.91,29.32,19.5431,2476900
2005-05-02,29.49,29.57,29.28,29.48,19.6497,971900
2005-05-03,29.5,29.5,29.14,29.27,19.5098,1644100
2005-05-04,29.33,29.65,29.25,29.61,19.7364,334900
2005-05-05,29.47,29.68,29.39,29.46,19.6364,641000
2005-05-06,29.52,29.7,29.52,29.58,19.7164,194800
2005-05-09,29.41,29.78,29.41,29.78,19.8497,515200
2005-05-10,29.9,29.9,29.36,29.43,19.6164,3093200
2005-05-11,29.32,29.71,29.31,29.64,19.7564,675000
2005-05-12,29.84,29.84,29.29,29.32,19.5431,959100
2005-05-13,29.45,29.47,28.96,29.17,19.4431,3046100
2005-05-16,29.1,29.58,29.1,29.58,19.7164,388100
2005-05-17,29.7,29.78,29.35,29.78,19.8497,1150100
2005-05-18,29.7,30.33,29.62,30.23,20.1496,2704400
2005-05-19,30.29,30.31,30.08,30.27,20.1763,2282200
2005-05-20,29.47,30.3,29.47,30.26,20.1696,3394700
2005-05-23,30.1,30.57,30.1,30.47,20.3096,3516900
2005-05-24,30.6,30.78,30.26,30.39,20.2563,229800
2005-05-25,30.33,30.4,30.05,30.13,20.083,1765400
2005-05-26,30.25,30.41,30.15,30.35,20.2296,867600
2005-05-27,30.38,30.4,30.3,30.33,20.2163,132500
2005-05-31,30.22,30.36,30.15,30.25,20.163,188100
2005-06-01,30.42,30.44,30.13,30.36,20.2363,769400
2005-06-02,30.28,30.44,30.26,30.36,20.2363,103400
2005-06-03,30.31,30.42,30.16,30.22,20.143,148300
2005-06-06,30.21,30.28,30.12,30.24,20.1563,587800
2005-06-07,30.33,30.63,30.2,30.37,20.243,305000
2005-06-08,30.35,30.46,30.16,30.18,20.1163,158700
2005-06-09,30.02,30.23,29.99,30.19,20.123,496800
2005-06-10,30.05,30.32,30.0,30.15,20.0963,1494700
2005-06-13,30.17,30.37,30.07,30.2,20.1297,433100
2005-06-14,30.16,30.25,30.12,30.13,20.083,280000
2005-06-15,30.23,30.23,29.94,30.16,20.103,599100
2005-06-16,30.05,30.32,30.05,30.19,20.123,556900
2005-06-17,30.06,30.48,30.06,30.36,20.2867,1386000
2005-06-20,30.17,30.36,30.17,30.25,20.2132,553900
2005-06-21,30.29,30.34,30.19,30.24,20.2065,2044500
2005-06-22,30.21,30.36,30.09,30.09,20.1063,534400
2005-06-23,30.04,30.04,29.48,29.48,19.6987,1745800
2005-06-24,29.53,29.55,29.12,29.29,19.5717,810300
2005-06-27,29.34,29.34,29.13,29.25,19.545,536400
2005-06-28,29.35,29.78,29.35,29.76,19.8858,820300
2005-06-29,29.79,29.8,29.57,29.57,19.7588,812800
2005-06-30,29.65,29.74,29.34,29.38,19.6319,1053700
2005-07-01,29.6,29.6,29.39,29.48,19.6987,1354700
2005-07-05,29.49,29.62,29.29,29.57,19.7588,877100
2005-07-06,29.4,29.57,29.24,29.24,19.5383,868200
2005-07-07,28.83,29.36,28.83,29.31,19.5851,808800
2005-07-08,29.32,29.82,29.32,29.82,19.9259,1711200
2005-07-11,29.7,30.0,29.7,29.87,19.9593,727600
2005-07-12,29.8,29.84,29.7,29.71,19.8524,496600
2005-07-13,29.65,29.86,29.65,29.8,19.9125,822300
2005-07-14,30.01,30.14,29.98,30.07,20.0929,853400
2005-07-15,30.06,30.42,29.91,30.03,20.0662,657800
2005-07-18,29.87,30.11,29.85,29.97,20.0261,821100
2005-07-19,30.14,30.25,30.1,30.22,20.1931,1048900
2005-07-20,30.39,30.6,30.0,30.57,20.427,448100
2005-07-21,30.59,30.69,30.39,30.41,20.3201,975500
2005-07-22,30.4,30.6,30.38,30.5,20.3802,694400
2005-07-25,30.45,30.64,30.28,30.28,20.2332,721100
2005-07-26,30.42,30.5,30.33,30.43,20.3335,438900
2005-07-27,30.53,30.56,30.41,30.55,20.4137,1142900
2005-07-28,30.68,30.76,30.54,30.72,20.5273,1007400
2005-07-29,30.72,30.75,30.5,30.5,20.3802,666900
2005-08-01,30.58,30.61,30.43,30.48,20.3669,505800
2005-08-02,30.4,30.52,30.35,30.44,20.3402,977900
2005-08-03,30.45,30.45,30.31,30.38,20.3001,1268000
2005-08-04,30.4,30.4,30.15,30.18,20.1664,417500
2005-08-05,30.05,30.21,30.0,30.02,20.0595,631600
2005-08-08,30.07,30.19,29.95,29.95,20.0127,697200
2005-08-09,30.03,30.25,30.03,30.17,20.1597,465700
2005-08-10,30.3,30.5,30.05,30.15,20.1464,401700
2005-08-11,30.07,30.42,30.07,30.4,20.3134,438400
2005-08-12,30.43,30.5,30.17,30.27,20.2266,866100
2005-08-15,30.19,30.4,30.06,30.33,20.2667,585000
2005-08-16,30.24,30.29,29.96,29.98,20.0328,989300
2005-08-17,30.15,30.21,29.86,30.06,20.0862,845000
2005-08-18,29.9,30.09,29.9,29.93,19.9994,474000
2005-08-19,30.07,30.2,30.04,30.05,20.0796,540100
2005-08-22,30.03,30.32,30.02,30.11,20.1196,545400
2005-08-23,30.12,30.15,29.92,29.97,20.0261,452900
2005-08-24,29.93,30.12,29.71,29.73,19.8657,457400
2005-08-25,29.75,29.84,29.7,29.78,19.8991,347300
2005-08-26,29.8,29.8,29.58,29.62,19.7922,1614100
2005-08-29,29.62,29.8,29.46,29.8,19.9125,259200
2005-08-30,29.65,29.68,29.33,29.56,19.7521,1653900
2005-08-31,29.51,29.8,29.38,29.78,19.8991,1055800
2005-09-01,29.41,29.86,29.15,29.66,19.819,1001200
2005-09-02,29.55,29.87,29.55,29.76,19.8858,659400
2005-09-06,29.65,30.13,29.65,30.11,20.1196,818400
2005-09-07,30.09,30.23,30.01,30.23,20.1998,1976700
2005-09-08,30.05,30.17,29.98,30.06,20.0862,200000
2005-09-09,30.06,30.26,30.06,30.23,20.1998,270200
2005-09-12,30.15,30.42,30.1,30.42,20.3268,713800
2005-09-13,30.34,30.42,30.2,30.29,20.2399,620600
2005-09-14,30.3,30.33,30.0,30.06,20.0862,1806300
2005-09-15,30.18,30.18,29.94,30.02,20.0595,525200
2005-09-16,30.08,30.16,29.86,30.11,20.199,1144900
2005-09-19,30.02,30.02,29.58,29.71,19.9307,1704500
2005-09-20,30.06,30.06,29.51,29.51,19.7965,631400
2005-09-21,29.4,29.6,29.3,29.41,19.7295,601200
2005-09-22,29.37,29.62,29.31,29.53,19.81,3667500
2005-09-23,29.57,29.82,29.47,29.75,19.9575,1895400
2005-09-26,29.8,30.0,29.58,29.71,19.9307,1362300
2005-09-27,29.56,29.94,29.56,29.87,20.038,1542800
2005-09-28,29.88,29.95,29.68,29.88,20.0447,151800
2005-09-29,29.92,30.04,29.6,30.02,20.1387,1069300
2005-09-30,30.0,30.16,29.96,30.16,20.2326,261400
2005-10-03,30.26,30.26,29.93,29.98,20.1118,906400
2005-10-04,30.09,30.15,29.69,29.71,19.9307,1626400
2005-10-05,29.59,29.69,29.33,29.34,19.6825,2624400
2005-10-06,29.44,29.71,29.33,29.54,19.8167,6168400
2005-10-07,29.67,29.8,29.59,29.8,19.9911,2373700
2005-10-10,29.77,29.77,29.52,29.57,19.8368,390800
2005-10-11,29.45,29.67,29.37,29.41,19.7295,406000
2005-10-12,29.4,29.62,29.23,29.41,19.7295,1061300
2005-10-13,29.5,29.5,29.18,29.37,19.7026,4903400
2005-10-14,29.48,29.68,29.38,29.63,19.877,1830300
2005-10-17,29.88,29.88,29.47,29.69,19.9173,3865500
2005-10-18,29.71,29.71,29.42,29.48,19.7764,1170200
2005-10-19,29.45,29.87,29.3,29.87,20.038,1481000
2005-10-20,29.7,30.04,29.4,29.49,19.7831,450500
2005-10-21,29.52,29.61,29.24,29.29,19.649,1035300
2005-10-24,29.3,29.77,29.3,29.74,19.9508,2441700
2005-10-25,29.79,29.89,29.49,29.7,19.924,776800
2005-10-26,29.57,29.76,29.44,29.44,19.7496,1256200
2005-10-27,29.6,29.6,29.12,29.18,19.5752,810300
2005-10-28,29.34,29.65,29.2,29.65,19.8905,844200
2005-10-31,29.72,29.84,29.66,29.73,19.9441,1339700
2005-11-01,29.85,29.85,29.6,29.64,19.8837,694100
2005-11-02,29.61,29.97,29.482,29.94,20.085,880200
2005-11-03,30.1,30.21,30.02,30.07,20.1722,726200
2005-11-04,30.15,30.17,29.96,30.09,20.1856,662900
2005-11-07,30.2,30.25,30.02,30.2,20.2594,297900
2005-11-08,30.0,30.11,29.96,30.01,20.132,269500
2005-11-09,30.05,30.25,29.97,30.08,20.1789,562000
2005-11-10,30.16,30.5,30.06,30.47,20.4405,282500
2005-11-11,30.35,30.58,30.35,30.53,20.4808,502200
2005-11-14,30.52,30.61,30.49,30.59,20.521,198900
2005-11-15,30.74,30.75,30.5,30.58,20.5143,840000
2005-11-16,30.65,30.76,30.64,30.69,20.5881,885400
2005-11-17,30.8,31.02,30.62,30.98,20.7827,426600
2005-11-18,31.1,31.37,31.1,31.3,20.9973,786500
2005-11-21,31.31,31.53,31.2501,31.48,21.1181,1097900
2005-11-22,31.71,31.71,31.36,31.56,21.1718,1308700
2005-11-23,31.56,31.69,31.55,31.6,21.1986,559600
2005-11-25,31.8,31.8,31.55,31.61,21.2053,394300
2005-11-28,31.63,31.71,31.42,31.44,21.0913,1541200
2005-11-29,31.25,31.74,31.24,31.51,21.1382,564000
2005-11-30,31.75,31.75,31.42,31.46,21.1047,300700
2005-12-01,31.69,31.86,31.5,31.81,21.3395,530200
2005-12-02,31.6,31.78,31.6,31.69,21.259,248500
2005-12-05,31.47,31.6,31.44,31.52,21.1449,2599100
2005-12-06,31.77,31.89,31.6,31.65,21.2321,829000
2005-12-07,31.9,31.97,31.32,31.42,21.0778,749800
2005-12-08,31.67,31.67,31.17,31.28,20.9839,476900
2005-12-09,31.1,31.59,31.09,31.45,21.098,2306800
2005-12-12,31.65,31.7,31.37,31.46,21.1047,1050700
2005-12-13,31.7,31.7,31.33,31.49,21.1248,2426700
2005-12-14,31.53,31.86,31.53,31.76,21.3059,710900
2005-12-15,31.9,31.91,31.69,31.81,21.3395,793100
2005-12-16,31.84,31.84,31.62,31.67,21.3732,380300
2005-12-19,31.6,31.61,31.27,31.36,21.164,521600
2005-12-20,31.36,31.48,31.32,31.38,21.1775,476300
2005-12-21,31.53,31.67,31.45,31.54,21.2855,447200
2005-12-22,31.69,31.82,31.6,31.78,21.4475,794700
2005-12-23,31.8,31.9,31.77,31.84,21.4879,318600
2005-12-27,31.89,32.03,31.52,31.56,21.299,304500
2005-12-28,31.5,31.67,31.45,31.61,21.3327,534000
2005-12-29,31.65,31.8,31.6,31.6,21.326,392500
2005-12-30,31.4,31.52,31.39,31.42,21.2045,806400
2006-01-03,31.17,31.69,31.12,31.63,21.3462,1256500
2006-01-04,31.75,31.79,31.62,31.71,21.4002,3369000
2006-01-05,31.79,31.79,31.57,31.66,21.3665,386200
2006-01-06,31.89,31.89,31.63,31.78,21.4475,458700
2006-01-09,31.65,32.05,31.62,32.04,21.6229,960100
2006-01-10,31.8,31.97,31.8,31.95,21.5622,760900
2006-01-11,31.91,32.02,31.86,31.97,21.5757,592100
2006-01-12,31.99,31.99,31.69,31.73,21.4137,1296900
2006-01-13,31.41,31.71,31.41,31.62,21.3395,903100
2006-01-17,31.87,31.87,31.36,31.46,21.2315,886200
2006-01-18,31.23,31.5499,31.23,31.5,21.2585,928400
2006-01-19,31.64,31.7,31.44,31.65,21.3597,1295100
2006-01-20,31.53,31.6,30.9,30.96,20.8941,2775400
2006-01-23,31.0,31.11,30.95,30.98,20.9076,1260300
2006-01-24,31.12,31.3,31.07,31.21,21.0628,1639900
2006-01-25,31.39,31.39,31.11,31.2,21.056,883900
2006-01-26,31.21,31.55,31.21,31.55,21.2922,822500
2006-01-27,31.68,31.68,31.43,31.62,21.3395,578500
2006-01-30,31.51,31.69,31.44,31.69,21.3867,1174500
2006-01-31,31.6,31.7,31.48,31.51,21.2652,749200
2006-02-01,31.41,31.84,31.41,31.78,21.4475,1824600
2006-02-02,31.62,31.85,31.42,31.51,21.2652,979100
2006-02-03,31.47,31.6,31.36,31.44,21.218,766900
2006-02-06,31.39,31.56,31.38,31.55,21.2922,543800
2006-02-07,31.54,31.61,31.28,31.32,21.137,649500
2006-02-08,31.33,31.53,31.25,31.47,21.2382,968100
2006-02-09,31.43,31.79,31.43,31.65,21.3597,501600
2006-02-10,31.9,31.96,31.58,31.86,21.5014,961900
2006-02-13,31.83,31.96,31.58,31.9,21.5284,387800
2006-02-14,31.93,32.33,31.78,32.28,21.7849,664500
2006-02-15,32.2,32.38,32.13,32.37,21.8456,772700
2006-02-16,32.52,32.52,32.25,32.46,21.9064,657800
2006-02-17,32.45,32.59,32.35,32.54,21.9604,923400
2006-02-21,32.6,32.6099,32.32,32.41,21.8726,1011100
2006-02-22,32.55,32.78,32.55,32.75,22.1021,1452400
2006-02-23,32.66,32.8,32.6,32.64,22.0278,521800
2006-02-24,32.58,32.76,32.48,32.66,22.0413,581400
2006-02-27,32.95,32.97,32.56,32.87,22.1831,1078600
2006-02-28,32.89,32.89,32.43,32.49,21.9266,626700
2006-03-01,32.65,32.75,32.55,32.75,22.1021,526200
2006-03-02,32.66,32.69,32.21,32.66,22.0413,676600
2006-03-03,32.52,33.0,32.44,32.74,22.0953,860200
2006-03-06,32.94,33.04,32.44,32.57,21.9806,703600
2006-03-07,32.47,32.68,32.43,32.59,21.9941,2502700
2006-03-08,32.54,32.59,32.25,32.55,21.9671,1115200
2006-03-09,32.67,32.96,32.48,32.51,21.9401,1567300
2006-03-10,32.64,32.87,32.46,32.85,22.1696,1152600
2006-03-13,32.95,32.97,32.75,32.83,22.1561,582900
2006-03-14,32.8,33.24,32.8,33.14,22.3653,711900
2006-03-15,33.25,33.66,33.23,33.64,22.7027,1200800
2006-03-16,33.85,33.86,33.65,33.66,22.7162,1058400
2006-03-17,33.73,33.84,33.67,33.79,22.8896,1050100
2006-03-20,33.99,34.1,33.71,33.73,22.849,928800
2006-03-21,33.81,33.95,33.56,33.6,22.7609,1701800
2006-03-22,33.64,33.92,33.52,33.85,22.9303,613500
2006-03-23,33.82,33.84,33.57,33.71,22.8354,488100
2006-03-24,33.68,33.83,33.61,33.68,22.8151,1006000
2006-03-27,33.71,33.74,33.58,33.71,22.8354,483900
2006-03-28,33.71,33.82,33.45,33.47,22.6729,944800
2006-03-29,33.57,33.86,33.57,33.81,22.9032,1002900
2006-03-30,33.78,33.97,33.66,33.81,22.9032,1178300
2006-03-31,33.79,33.94,33.78,33.8,22.8964,292500
2006-04-03,34.01,34.2,33.84,33.92,22.9777,1188900
2006-04-04,33.81,34.17,33.8,34.15,23.1335,334200
2006-04-05,34.3,34.48,33.96,34.17,23.147,801800
2006-04-06,34.23,34.25,34.0,34.12,23.1132,1090200
2006-04-07,34.11,34.34,33.83,33.95,22.998,1085700
2006-04-10,33.91,33.97,33.79,33.83,22.9167,401600
2006-04-11,33.96,33.96,33.62,33.77,22.8761,1090600
2006-04-12,33.89,34.02,33.81,34.0,23.0319,632500
2006-04-13,33.89,34.03,33.75,33.86,22.937,649200
2006-04-17,33.92,33.97,33.56,33.6901,22.822,841400
2006-04-18,33.88,34.54,33.768,34.5,23.3706,914900
2006-04-19,34.41,34.79,34.41,34.72,23.5196,618300
2006-04-20,34.82,34.95,34.65,34.85,23.6077,862000
2006-04-21,34.95,35.12,34.62,34.89,23.6348,1363100
2006-04-24,34.85,35.01,34.84,35.01,23.7161,431500
2006-04-25,35.05,35.05,34.48,34.6,23.4383,2203900
2006-04-26,34.57,34.86,34.56,34.79,23.567,859200
2006-04-27,34.51,34.88,34.41,34.6,23.4383,1407300
2006-04-28,34.5,34.75,34.5,34.53,23.3909,2827300
2006-05-01,34.45,34.81,34.45,34.62,23.4519,708000
2006-05-02,34.87,34.93,34.64,34.9,23.6416,370000
2006-05-03,34.94,35.0,34.85,34.91,23.6483,478700
2006-05-04,34.99,35.4,34.99,35.33,23.9328,731800
2006-05-05,35.64,35.73,35.51,35.68,24.1699,2844500
2006-05-08,35.52,36.02,35.52,35.65,24.1496,1278700
2006-05-09,35.89,35.89,35.59,35.65,24.1496,1496600
2006-05-10,35.63,35.83,35.57,35.67,24.1632,700300
2006-05-11,35.65,35.67,35.37,35.49,24.0412,1764800
2006-05-12,35.3,35.33,34.9,34.93,23.6619,1244200
2006-05-15,34.73,34.98,34.62,34.94,23.6686,958000
2006-05-16,35.11,35.27,34.89,34.93,23.6619,582200
2006-05-17,34.77,34.8,34.1,34.21,23.1741,3193600
2006-05-18,34.35,34.35,33.82,33.93,22.9845,2104200
2006-05-19,33.97,34.17,33.75,34.04,23.059,2165600
2006-05-22,33.79,34.11,33.66,33.97,23.0116,1971200
2006-05-23,34.22,34.24,33.78,33.81,22.9032,1617500
2006-05-24,33.9,33.9,33.35,33.72,22.8422,1713300
2006-05-25,33.98,33.98,33.72,33.95,22.998,1310900
2006-05-26,34.14,34.17,33.96,34.14,23.1267,1207400
2006-05-30,34.16,34.16,33.67,33.7,22.8287,3879600
2006-05-31,33.7,34.0,33.7,33.94,22.9912,1454600
2006-06-01,33.86,34.33,33.86,34.29,23.2283,1210600
2006-06-02,34.34,34.5,34.14,34.34,23.2622,2147000
2006-06-05,34.34,34.34,33.55,33.6,22.7609,916000
2006-06-06,33.61,33.87,33.2,33.47,22.6729,3365600
2006-06-07,33.59,33.67,33.1,33.1,22.4222,2196200
2006-06-08,33.11,33.18,32.34,33.12,22.4358,3012400
2006-06-09,33.29,33.29,32.84,32.84,22.2461,6334500
2006-06-12,32.91,32.98,32.41,32.43,21.9684,1532300
2006-06-13,32.26,32.68,32.26,32.33,21.9006,1823700
2006-06-14,32.33,32.62,32.31,32.61,22.0903,2045000
2006-06-15,32.77,33.45,32.73,33.35,22.5916,1427900
2006-06-16,33.34,33.34,33.07,33.26,22.5882,856100
2006-06-19,33.26,33.45,32.85,33.0,22.4116,1026200
2006-06-20,33.02,33.16,32.87,32.96,22.3844,1223900
2006-06-21,33.08,33.45,33.0,33.35,22.6493,726900
2006-06-22,33.39,33.39,33.02,33.15,22.5135,1854900
2006-06-23,33.19,33.47,32.97,33.24,22.5746,488600
2006-06-26,33.25,33.34,33.09,33.33,22.6357,1871100
2006-06-27,33.25,33.43,32.97,33.02,22.4252,1026700
2006-06-28,33.1,33.17,32.82,33.12,22.4931,515900
2006-06-29,33.37,33.85,33.25,33.82,22.9685,1282400
2006-06-30,34.01,34.01,33.78,33.81,22.9617,929000
2006-07-03,33.92,34.0,33.85,33.93,23.0432,661200
2006-07-05,33.7,33.8,33.57,33.68,22.8734,1263900
2006-07-06,33.69,33.9,33.67,33.77,22.9345,806400
2006-07-07,33.6,33.6,33.2,33.27,22.595,1305500
2006-07-10,33.27,33.47,33.24,33.36,22.6561,1221400
2006-07-11,33.21,33.47,33.05,33.45,22.7172,1683400
2006-07-12,33.54,33.54,33.01,33.11,22.4863,922500
2006-07-13,32.89,32.91,32.44,32.46,22.0449,2140100
2006-07-14,32.46,32.46,31.74,32.0,21.7325,4097700
2006-07-17,32.06,32.11,31.79,31.89,21.6578,1746100
2006-07-18,32.0,32.0525,31.65,32.04,21.7596,1558400
2006-07-19,32.12,32.72,32.07,32.69,22.2011,2387200
2006-07-20,32.61,32.86,32.0,32.02,21.746,3451700
2006-07-21,32.02,32.04,31.56,31.7,21.5287,2855000
2006-07-24,31.81,32.27,31.81,32.22,21.8819,2052500
2006-07-25,32.05,32.2,31.65,32.13,21.8207,4362000
2006-07-26,32.1,32.13,31.52,31.72,21.5423,2504700
2006-07-27,31.85,31.95,31.58,31.66,21.5016,5677500
2006-07-28,31.84,32.1,31.7,32.02,21.746,1563500
2006-07-31,32.04,32.04,31.82,31.89,21.6578,748400
2006-08-01,31.66,31.85,31.55,31.69,21.5219,1862300
2006-08-02,31.67,31.97,31.6516,31.89,21.6578,1221000
2006-08-03,31.85,32.26,31.66,32.15,21.8343,2952200
2006-08-04,32.37,32.58,31.86,32.06,21.7732,1513800
2006-08-07,31.9,32.1,31.77,31.93,21.6849,868300
2006-08-08,31.93,32.0,31.5,31.65,21.4948,2577700
2006-08-09,31.75,31.8519,31.13,31.16,21.162,1754100
2006-08-10,31.2,31.46,31.03,31.41,21.3318,1934800
2006-08-11,31.28,31.49,31.12,31.23,21.2095,1118100
2006-08-14,31.37,31.76,31.28,31.29,21.2503,2420600
2006-08-15,31.65,31.9,31.56,31.86,21.6374,1506600
2006-08-16,32.25,32.65,32.064,32.57,22.1196,4211200
2006-08-17,32.45,32.73,32.45,32.61,22.1467,803100
2006-08-18,32.73,32.78,32.43,32.53,22.0924,1281800
2006-08-21,32.41,32.42,32.21,32.24,21.8955,1914100
2006-08-22,32.13,32.43,32.13,32.34,21.9634,1178200
2006-08-23,32.23,32.37,31.96,32.1,21.8004,1701400
2006-08-24,32.24,32.24,31.82,31.93,21.6849,1357300
2006-08-25,31.81,31.94,31.7,31.94,21.6917,918800
2006-08-28,31.94,32.18,31.87,32.07,21.78,2617600
2006-08-29,32.17,32.17,31.88,32.15,21.8343,833200
2006-08-30,32.04,32.21,32.04,32.18,21.8547,697400
2006-08-31,32.08,32.29,32.08,32.25,21.9022,602800
2006-09-01,32.44,32.5,32.25,32.48,22.0584,791200
2006-09-05,32.38,32.59,32.33,32.55,22.106,1600500
2006-09-06,32.49,32.49,32.21,32.21,21.8751,2513800
2006-09-07,32.05,32.22,32.0,32.13,21.8207,1184100
2006-09-08,32.12,32.19,32.08,32.19,21.8615,1063700
2006-09-11,32.0,32.24,31.91,32.22,21.8819,835600
2006-09-12,32.29,32.54,32.17,32.52,22.0856,3449600
2006-09-13,32.52,32.91,32.5,32.85,22.3097,2139500
2006-09-14,32.66,32.8,32.63,32.7,22.2079,1588500
2006-09-15,32.62,32.89,32.62,32.73,22.3224,1908100
2006-09-18,32.68,32.89,32.68,32.81,22.377,472500
2006-09-19,32.81,32.81,32.48,32.68,22.2883,1592700
2006-09-20,32.66,32.96,32.66,32.86,22.4111,1442900
2006-09-21,32.99,32.99,32.42,32.55,22.1997,1396300
2006-09-22,32.42,32.49,32.28,32.39,22.0905,2069200
2006-09-25,32.65,32.82,32.37,32.78,22.3565,1061700
2006-09-26,32.85,33.28,32.8,33.19,22.6362,3463500
2006-09-27,33.35,33.46,33.25,33.27,22.6907,1907100
2006-09-28,33.45,33.55,33.26,33.5,22.8476,1211500
2006-09-29,33.63,33.67,33.33,33.34,22.7385,861400
2006-10-02,33.59,33.62,33.3,33.44,22.8067,2924900
2006-10-03,33.37,33.78,33.37,33.65,22.9499,1645800
2006-10-04,33.58,34.15,33.57,34.15,23.2909,3151900
2006-10-05,34.1,34.43,34.03,34.32,23.4068,978900
2006-10-06,34.21,34.32,34.1,34.25,23.3591,2477300
2006-10-09,34.26,34.36,34.06,34.29,23.3864,373400
2006-10-10,34.22,34.48,34.22,34.34,23.4205,1492200
2006-10-11,34.34,34.36,34.09,34.35,23.4273,966300
2006-10-12,34.43,34.65,34.3712,34.64,23.6251,2358600
2006-10-13,34.57,34.63,34.46,34.56,23.5705,592300
2006-10-16,34.46,34.91,34.46,34.79,23.7274,1319900
2006-10-17,34.68,34.7,34.4,34.6,23.5978,2131300
2006-10-18,34.9,35.05,34.41,34.51,23.5364,2943200
2006-10-19,34.41,34.52,34.35,34.43,23.4819,1457500
2006-10-20,34.39,34.49,34.16,34.28,23.3796,4171800
2006-10-23,34.09,34.58,34.09,34.46,23.5023,1401300
2006-10-24,34.36,34.52,34.36,34.48,23.516,807000
2006-10-25,34.55,34.57,34.33,34.51,23.5364,1918900
2006-10-26,34.51,34.54,34.25,34.5,23.5296,1976800
2006-10-27,34.49,34.49,34.17,34.25,23.3591,1352600
2006-10-30,34.01,34.45,33.7,34.36,23.4341,739000
2006-10-31,34.36,34.48,34.12,34.28,23.3796,1387100
2006-11-01,34.41,34.44,33.99,34.11,23.2636,1483300
2006-11-02,33.9,34.05,33.88,33.99,23.1818,1618600
2006-11-03,34.07,34.14,33.79,33.92,23.134,1376000
2006-11-06,34.01,34.31,33.99,34.22,23.3386,1522400
2006-11-07,34.1,34.68,34.1,34.61,23.6046,3315900
2006-11-08,34.4,34.75,34.4,34.66,23.6387,899100
2006-11-09,34.59,34.69,34.35,34.45,23.4955,1534000
2006-11-10,34.34,34.57,34.34,34.5,23.5296,1413900
2006-11-13,34.5,34.83,34.5,34.77,23.7138,1261500
2006-11-14,34.87,34.97,34.52,34.88,23.7888,1344200
2006-11-15,34.94,35.26,34.89,35.22,24.0207,2041200
2006-11-16,35.37,35.5,35.27,35.38,24.1298,1200700
2006-11-17,35.37,35.42,35.28,35.4,24.1434,848400
2006-11-20,35.45,35.45,35.25,35.28,24.0616,595700
2006-11-21,35.41,35.5,35.2,35.4,24.1434,2369300
2006-11-22,35.58,35.58,35.44,35.54,24.2389,1154900
2006-11-24,35.29,35.52,35.25,35.47,24.1912,108600
2006-11-27,35.36,35.37,34.86,34.9,23.8024,1635300
2006-11-28,34.72,34.86,34.65,34.86,23.7751,1699400
2006-11-29,34.86,35.14,34.84,35.14,23.9661,1002100
2006-11-30,35.04,35.27,34.9,35.12,23.9525,693400
2006-12-01,35.01,35.21,34.68,34.92,23.8161,742500
2006-12-04,35.0,35.39,34.96,35.37,24.123,1575200
2006-12-05,35.35,35.48,35.25,35.45,24.1775,896000
2006-12-06,35.42,35.46,35.33,35.33,24.0957,2713600
2006-12-07,35.28,35.55,35.27,35.27,24.0548,483800
2006-12-08,35.25,35.34,35.16,35.31,24.082,991700
2006-12-11,35.18,35.34,35.15,35.15,23.9729,286000
2006-12-12,35.15,35.25,34.93,35.21,24.0138,2616500
2006-12-13,35.24,35.35,34.96,35.09,23.932,1596000
2006-12-14,35.17,35.37,34.96,35.29,24.0684,1107700
2006-12-15,35.14,35.26,35.08,35.2,24.2011,2519200
2006-12-18,35.31,35.38,35.16,35.24,24.2286,978700
2006-12-19,35.12,35.34,35.03,35.25,24.2355,579000
2006-12-20,35.12,35.43,35.12,35.3,24.2698,428900
2006-12-21,35.35,35.48,35.15,35.23,24.2217,879900
2006-12-22,35.27,35.27,34.93,35.01,24.0705,357500
2006-12-26,35.03,35.18,35.02,35.18,24.1873,696600
2006-12-27,35.36,35.3899,35.16,35.36,24.3111,1033200
2006-12-28,35.43,35.46,35.21,35.24,24.2286,231300
2006-12-29,35.28,35.29,35.01,35.01,24.0705,252000
2007-01-03,35.13,35.56,35.02,35.23,24.2217,3095700
2007-01-04,35.08,35.19,34.83,35.08,24.1186,1706700
2007-01-05,35.08,35.08,34.77,34.96,24.0361,3413800
2007-01-08,34.87,35.15,34.75,35.09,24.1255,1669600
2007-01-09,35.2,35.24,34.93,35.07,24.1117,1043200
2007-01-10,34.9,35.19,34.85,35.19,24.1942,2762800
2007-01-11,35.1,35.52,35.1,35.48,24.3936,2757700
2007-01-12,35.58,35.62,35.41,35.58,24.4624,1263200
2007-01-16,35.45,35.84,35.45,35.77,24.593,1560600
2007-01-17,35.85,35.96,35.73,35.8,24.6136,1659600
2007-01-18,35.72,35.9,35.63,35.64,24.5036,1329300
2007-01-19,35.65,35.81,35.59,35.62,24.4899,1531000
2007-01-22,35.58,35.62,35.13,35.23,24.2217,1188600
2007-01-23,35.15,35.71,35.15,35.64,24.5036,1829300
2007-01-24,35.73,35.73,35.5,35.54,24.4349,2334300
2007-01-25,35.68,35.68,35.24,35.35,24.3042,2087600
2007-01-26,35.46,35.46,34.95,35.21,24.208,1850800
2007-01-29,35.2,35.34,35.0801,35.29,24.263,2823500
2007-01-30,35.4,35.4,35.11,35.27,24.2492,1692500
2007-01-31,35.2,35.78,35.2,35.74,24.5724,1263600
2007-02-01,35.95,36.19,35.51,36.05,24.7855,2036800
2007-02-02,36.0,36.3099,36.0,36.19,24.8817,2448900
2007-02-05,36.28,36.33,35.9,36.26,24.9299,1521100
2007-02-06,36.23,36.28,36.14,36.27,24.9368,2814600
2007-02-07,36.35,36.35,36.19,36.24,24.9161,1130400
2007-02-08,36.28,36.28,35.9699,35.99,24.7442,2209000
2007-02-09,36.02,36.07,35.74,35.85,24.648,3604600
2007-02-12,35.87,35.93,35.75,35.91,24.6892,2658148
2007-02-13,35.82,36.2,35.82,36.2,24.8886,4795211
2007-02-14,36.34,36.78,36.26,36.73,25.253,2329023
2007-02-15,36.84,36.84,36.25,36.81,25.308,1417900
2007-02-16,36.8,36.8,36.56,36.66,25.2049,971800
2007-02-20,36.62,36.79,36.5,36.72,25.2461,1537800
2007-02-21,36.5,36.83,36.5,36.82,25.3149,2347400
2007-02-22,36.89,36.95,36.51,36.7,25.2324,1525100
2007-02-23,36.61,36.61,36.37,36.6,25.1636,1953000
2007-02-26,36.55,36.6,36.25,36.39,25.0193,1548808
2007-02-27,36.2,36.2,35.0,35.3,24.2698,4292600
2007-02-28,35.34,35.63,35.09,35.42,24.3524,3121100
2007-03-01,34.87,35.47,34.09,35.28,24.2561,4232865
2007-03-02,35.35,35.35,34.84,34.84,23.9536,3170500
2007-03-05,34.62,35.04,34.35,34.75,23.8917,4215603
2007-03-06,34.99,35.15,34.77,35.15,24.1667,5726800
2007-03-07,35.08,35.25,35.01,35.01,24.0705,2483100
2007-03-08,35.19,35.99,35.19,35.27,24.2492,2759100
2007-03-09,35.6,35.6,35.26,35.45,24.373,1306900
2007-03-12,35.65,35.71,35.25,35.62,24.4899,1513400
2007-03-13,35.62,35.62,34.88,35.02,24.0773,2573800
2007-03-14,35.15,35.2,34.55,35.16,24.1736,3341700
2007-03-15,34.96,35.33,34.96,35.2,24.2011,2479500
2007-03-16,35.29,35.38,34.99,35.25,24.2879,1633400
2007-03-19,35.37,35.56,35.33,35.5,24.4602,3446800
2007-03-20,35.58,35.64,35.46,35.59,24.5222,1330550
2007-03-21,35.62,36.19,35.57,36.08,24.8598,3295000
2007-03-22,36.19,36.19,35.93,36.15,24.908,2537800
2007-03-23,36.04,36.36,35.89,36.36,25.0527,3497350
2007-03-26,35.96,36.47,35.84,36.06,24.846,2302400
2007-03-27,35.91,36.03,35.75,35.89,24.7289,2552300
2007-03-28,35.98,35.98,35.41,35.6,24.5291,4467300
2007-03-29,35.63,35.78,35.37,35.59,24.5222,4731400
2007-03-30,35.82,35.89,35.31,35.55,24.4946,5694075
2007-04-02,35.64,35.64,35.41,35.61,24.536,4166346
2007-04-03,35.78,35.94,35.74,35.86,24.7082,3727958
2007-04-04,35.6,35.9,35.6,35.72,24.6117,2915700
2007-04-05,35.7,35.84,35.63,35.83,24.6875,2502929
2007-04-09,36.0,36.06,35.79,35.79,24.66,2471906
2007-04-10,35.87,35.96,35.69,35.78,24.6531,3088596
2007-04-11,35.92,35.96,35.59,35.64,24.5566,4280458
2007-04-12,35.5,36.07,35.5,36.07,24.8529,3867714
2007-04-13,36.1,36.15,35.89,36.06,24.846,4796500
2007-04-16,36.29,36.37,36.25,36.35,25.0458,1428931
2007-04-17,36.34,36.37,36.18,36.35,25.0458,1527852
2007-04-18,36.1,36.65,36.1,36.45,25.1147,1542651
2007-04-19,36.42,36.71,36.32,36.57,25.1974,3395311
2007-04-20,36.97,37.2,36.82,36.82,25.3697,1695201
2007-04-23,36.93,37.12,36.9,36.96,25.4661,2643110
2007-04-24,37.11,37.2,36.83,36.85,25.3903,4669324
2007-04-25,37.13,37.86,36.84,37.23,25.6522,2316384
2007-04-26,37.27,37.36,37.16,37.21,25.6384,724043
2007-04-27,37.2,37.81,37.18,37.64,25.9347,3192853
2007-04-30,37.93,38.0,37.2,37.2,25.6315,1713875
2007-05-01,37.34,37.5,37.26,37.43,25.79,3308753
2007-05-02,37.33,37.9,37.33,37.67,25.9553,2236803
2007-05-03,37.9,37.98,37.83,37.94,26.1414,2078952
2007-05-04,38.15,38.4,37.89,37.98,26.1689,3364041
2007-05-07,38.1,38.15,37.98,38.08,26.2378,1978752
2007-05-08,37.9,38.069,37.839,38.06,26.2241,1202500
2007-05-09,38.03,38.29,37.92,38.16,26.293,2064100
2007-05-10,38.02,38.2,37.75,37.9,26.1138,3222569
2007-05-11,37.9,38.19,37.7,38.19,26.3136,1681350
2007-05-14,38.28,38.28,37.9,38.02,26.1965,3746800
2007-05-15,38.09,38.46,38.04,38.12,26.2654,2981250
2007-05-16,38.27,38.35,38.02,38.31,26.3963,2150400
2007-05-17,38.4,38.46,38.2,38.38,26.4445,2809300
2007-05-18,38.33,38.5,38.25,38.25,26.355,2837615
2007-05-21,38.5,38.54,38.3,38.47,26.5066,4293178
2007-05-22,38.72,38.72,38.31,38.39,26.4514,1107865
2007-05-23,38.34,38.6574,38.34,38.58,26.5823,4071023
2007-05-24,38.7,38.74,38.2,38.27,26.3687,3748121
2007-05-25,38.46,38.59,38.35,38.5,26.5272,2288450
2007-05-29,38.25,38.75,38.25,38.75,26.6995,5165550
2007-05-30,38.5,38.94,38.36,38.92,26.8166,4116000
2007-05-31,39.06,39.2,39.01,39.13,26.9613,4611600
2007-06-01,39.38,39.43,39.09,39.28,27.0647,5356770
2007-06-04,39.03,39.36,39.03,39.29,27.0715,5474862
2007-06-05,39.25,39.4,39.01,39.17,26.9889,4470350
2007-06-06,38.96,39.01,38.63,38.75,26.6995,6151500
2007-06-07,38.55,38.79,38.06,38.12,26.2654,5776591
2007-06-08,38.3,38.73,38.07,38.65,26.6306,3031400
2007-06-11,38.55,38.9,38.55,38.7,26.665,2960600
2007-06-12,38.67,38.75,38.2,38.2,26.3205,3105144
2007-06-13,38.55,39.11,38.44,39.11,26.9475,3294500
2007-06-14,39.11,39.48,39.11,39.31,27.0853,2121185
2007-06-15,39.6,39.62,39.42,39.42,27.2311,1733202
2007-06-18,39.5,39.64,39.28,39.4,27.2173,1543096
2007-06-19,39.33,39.7,39.17,39.52,27.3002,3627800
2007-06-20,39.81,39.87,39.3,39.3,27.1482,2117850
2007-06-21,39.29,39.51,39.04,39.38,27.2035,2777700
2007-06-22,39.37,39.461,38.99,39.15,27.0446,3238300
2007-06-25,39.23,39.41,38.82,39.05,26.9755,2682029
2007-06-26,39.04,39.16,38.71,38.72,26.7475,7165020
2007-06-27,38.51,39.1,38.42,39.1,27.01,2196800
2007-06-28,38.85,39.17,38.85,38.9,26.8719,2308875
2007-06-29,39.16,39.35,38.8,39.04,26.9686,4411100
2007-07-02,39.16,39.46,38.89,39.32,27.162,3608294
2007-07-03,39.57,39.66,39.5,39.6,27.3554,1674303
2007-07-05,39.6,40.49,39.41,39.56,27.3278,1979173
2007-07-06,39.63,39.83,39.5,39.8,27.4936,1566499
2007-07-09,39.87,40.12,39.81,40.1,27.7008,2363355
2007-07-10,39.9,40.18,39.34,39.43,27.238,2392001
2007-07-11,39.4,39.85,39.3915,39.85,27.5281,3833187
2007-07-12,39.99,40.96,39.93,40.44,27.9357,3015000
2007-07-13,40.5,40.8885,40.499,40.72,28.1291,3053200
2007-07-16,40.7,41.11,40.7,40.98,28.3087,2413635
2007-07-17,41.08,41.44,40.99,41.22,28.4745,4281748
2007-07-18,41.1,41.42,40.89,41.13,28.4123,4158298
2007-07-19,41.38,41.59,41.36,41.5,28.6679,4174700
2007-07-20,41.17,41.48,40.73,40.9,28.2535,4509381
2007-07-23,41.19,41.37,41.02,41.17,28.44,1963600
2007-07-24,41.07,41.2,40.56,40.6,28.0462,7209505
2007-07-25,40.85,41.04,40.29,40.7,28.1153,8328933
2007-07-26,40.13,40.59,39.37,39.85,27.5281,8377882
2007-07-27,39.74,40.01,39.05,39.11,27.0169,7648228
2007-07-30,39.43,40.01,39.3,39.95,27.5972,6668409
2007-07-31,40.11,40.59,39.31,39.41,27.2242,9482393
2007-08-01,39.43,40.29,39.12,39.7,27.4245,9594225
2007-08-02,39.89,40.15,39.67,39.97,27.611,7948150
2007-08-03,40.04,40.12,39.1,39.15,27.0446,5419406
2007-08-06,39.2,39.74,39.0,39.74,27.4521,6602229
2007-08-07,39.5,40.01,39.25,39.74,27.4521,8034588
2007-08-08,39.85,40.05,39.4,40.05,27.6663,7222642
2007-08-09,39.13,39.53,38.66,38.98,26.9271,9365237
2007-08-10,38.18,38.82,37.68,38.53,26.6163,15654250
2007-08-13,39.02,39.27,38.77,39.05,26.9755,6220100
2007-08-14,39.25,39.25,38.05,38.05,26.2847,4621176
2007-08-15,37.99,38.45,37.36,37.6,25.9738,7857900
2007-08-16,37.03,37.62,36.04,37.62,25.9877,14361450
2007-08-17,38.59,38.81,37.55,38.0,26.2502,11701400
2007-08-20,38.17,38.66,37.97,38.55,26.6301,11070420
2007-08-21,38.48,38.72,38.28,38.4,26.5265,4968120
2007-08-22,38.65,39.2,38.64,39.09,27.0031,4456300
2007-08-23,39.29,39.4,38.61,38.88,26.8581,3297300
2007-08-24,38.75,39.37,38.75,39.2,27.0791,4095000
2007-08-27,39.3,39.39,39.11,39.11,27.0169,3444800
2007-08-28,39.05,39.07,38.12,38.17,26.3676,4981900
2007-08-29,38.4,39.08,38.35,39.07,26.9893,3397500
2007-08-30,38.72,39.13,38.57,38.83,26.8235,2472300
2007-08-31,39.24,39.55,39.04,39.42,27.2311,4389100
2007-09-04,39.36,39.77,39.14,39.6,27.3554,5069600
2007-09-05,39.22,39.35,38.95,39.2,27.0791,2298500
2007-09-06,39.23,39.52,38.89,39.52,27.3002,3230200
2007-09-07,39.03,39.08,38.57,38.71,26.7406,6721600
2007-09-10,38.87,38.96,38.21,38.74,26.7613,5938600
2007-09-11,38.64,39.19,38.64,39.09,27.0031,4543200
2007-09-12,38.98,39.39,38.86,39.06,26.9824,3671400
2007-09-13,39.4,39.65,39.18,39.47,27.2656,3566100
2007-09-14,39.4,39.61,39.16,39.54,27.314,2426700
2007-09-17,39.49,39.54,39.2,39.2,27.0791,2308200
2007-09-18,39.41,40.62,39.41,40.47,27.9564,5280900
2007-09-19,40.93,41.04,40.66,40.9,28.2535,3263650
2007-09-20,40.76,40.81,40.51,40.56,28.0186,7924500
2007-09-21,40.8,40.8,40.5,40.63,28.2088,2176200
2007-09-24,40.69,40.73,40.21,40.24,27.9381,4150100
2007-09-25,40.25,40.6,40.05,40.4,28.0491,10900930
2007-09-26,40.65,40.87,40.56,40.68,28.2435,7758200
2007-09-27,40.94,40.99,40.71,40.86,28.3685,3595800
2007-09-28,41.03,41.08,40.74,41.08,28.5213,3124626
2007-10-01,41.06,41.64,40.92,41.61,28.8892,7125100
2007-10-02,41.68,41.77,41.19,41.27,28.6532,1351600
2007-10-03,41.19,41.27,40.8775,40.99,28.4588,3975500
2007-10-04,41.15,41.15,40.93,41.13,28.556,3475100
2007-10-05,41.52,41.75,41.3,41.58,28.8684,2919900
2007-10-08,41.52,41.67,41.34,41.51,28.8198,849600
2007-10-09,41.7,41.9,41.45,41.9,29.0906,1840900
2007-10-10,41.99,41.99,41.25,41.44,28.7712,1855000
2007-10-11,41.75,41.791,40.96,41.14,28.5629,5550500
2007-10-12,41.15,41.32,40.87,41.32,28.6879,4771000
2007-10-15,40.31,41.74,40.31,41.0,28.4657,5630200
2007-10-16,41.0,41.0,40.63,40.82,28.3407,4872856
2007-10-17,40.95,41.17,40.43,40.93,28.4171,7526232
2007-10-18,40.78,41.05,40.61,41.04,28.4935,3888600
2007-10-19,40.64,40.75,39.69,39.9,27.702,5618700
2007-10-22,39.48,40.05,39.33,40.05,27.8061,9143100
2007-10-23,40.3,40.37,39.97,40.32,27.9936,5009200
2007-10-24,40.29,40.48,39.01,40.2,27.9103,7285900
2007-10-25,40.37,40.49,39.81,40.27,27.9589,7023600
2007-10-26,39.53,40.75,39.53,40.3,27.9797,4185101
2007-10-29,40.37,40.56,40.2775,40.56,28.1602,2597100
2007-10-30,40.4,40.49,40.19,40.2,27.9103,2207283
2007-10-31,40.1,40.82,40.1,40.55,28.1533,5443388
2007-11-01,40.0,40.42,39.84,39.86,27.6742,6016382
2007-11-02,40.35,40.35,39.68,40.22,27.9242,6475303
2007-11-05,39.97,40.44,39.69,40.05,27.8061,7972086
2007-11-06,40.54,40.7,40.12,40.68,28.2435,4168818
2007-11-07,40.54,40.54,39.67,39.7,27.5631,10259610
2007-11-08,39.89,39.92,39.23,39.71,27.5701,8635709
2007-11-09,39.25,39.4,38.92,38.92,27.0216,5710832
2007-11-12,38.75,39.25,38.5,38.5,26.73,5374145
2007-11-13,38.8,39.51,38.8,39.48,27.4104,4289599
2007-11-14,39.72,39.85,39.21,39.35,27.3201,5032984
2007-11-15,39.63,39.63,38.64,38.8,26.9383,3506769
2007-11-16,38.82,38.97,38.34,38.81,26.9452,7695288
2007-11-19,38.42,38.56,38.08,38.25,26.5564,4974260
2007-11-20,38.04,38.76,37.8,38.31,26.5981,7125460
2007-11-21,37.82,38.1,37.62,37.67,26.1537,4936680
2007-11-23,37.64,38.29,37.64,38.17,26.5009,1069052
2007-11-26,38.56,38.62,37.57,37.57,26.0843,3644311
2007-11-27,37.51,38.45,37.51,38.32,26.605,6404246
2007-11-28,38.25,39.49,38.25,39.25,27.2507,5381200
2007-11-29,38.79,39.44,38.79,39.25,27.2507,3274457
2007-11-30,39.96,39.96,39.12,39.4,27.3549,6791729
2007-12-03,39.65,39.65,39.0,39.0,27.0771,3348610
2007-12-04,38.89,39.08,38.8,38.91,27.0147,3113915
2007-12-05,39.54,39.56,39.24,39.55,27.459,2815711
2007-12-06,39.7,40.22,39.42,40.0,27.7714,2220067
2007-12-07,40.18,40.37,40.16,40.3,27.9797,3432328
2007-12-10,40.38,40.59,40.22,40.49,28.1116,2496033
2007-12-11,40.82,40.82,39.2,39.2,27.216,8748417
2007-12-12,40.0,40.36,39.2,39.7,27.5631,4597652
2007-12-13,39.18,39.99,39.18,39.9,27.702,3178241
2007-12-14,39.27,39.91,39.27,39.46,27.3965,5104935
2007-12-17,39.22,39.28,38.62,38.75,26.9036,5244152
2007-12-18,38.73,39.01,38.37,38.86,26.9799,5743615
2007-12-19,39.21,39.21,38.44,38.73,26.8897,3489583
2007-12-20,38.78,39.05,38.56,39.05,27.1119,3717476
2007-12-21,39.68,39.68,39.1,39.55,27.5904,2760790
2007-12-24,40.03,40.03,39.578,39.99,27.8974,891176
2007-12-26,39.94,39.94,39.59,39.84,27.7927,2219351
2007-12-27,39.59,39.96,39.3,39.38,27.4718,2490919
2007-12-28,39.55,39.66,39.24,39.34,27.4439,1541381
2007-12-31,39.54,39.54,39.05,39.16,27.3183,2378223
2008-01-02,39.05,39.21,38.22,38.51,26.8649,7781430
2008-01-03,38.76,38.81,38.49,38.54,26.8858,5334692
2008-01-04,38.14,38.31,37.55,37.75,26.3347,12500260
2008-01-07,37.73,37.9,37.04,37.28,26.0068,8542778
2008-01-08,37.45,37.54,36.26,36.45,25.4278,10547750
2008-01-09,36.35,36.8,35.91,36.56,25.5046,11917080
2008-01-10,36.44,37.44,36.31,37.07,25.8603,14380410
2008-01-11,36.87,37.12,36.24,36.44,25.4208,8846935
2008-01-14,36.58,36.94,36.5,36.89,25.7348,4419776
2008-01-15,36.49,36.66,35.92,36.12,25.1976,13396060
2008-01-16,35.82,36.39,35.66,35.7,24.9046,8588045
2008-01-17,36.11,36.16,34.49,34.75,24.2419,12869100
2008-01-18,34.88,35.56,34.63,34.68,24.1931,8142972
2008-01-22,32.72,35.17,32.4,34.8,24.2768,10142700
2008-01-23,33.75,35.85,33.75,35.75,24.9395,11973260
2008-01-24,36.1,36.17,35.64,35.96,25.086,7188423
2008-01-25,36.51,36.51,35.75,35.8,24.9744,16851971
2008-01-28,36.02,36.44,35.7226,36.33,25.3441,11629710
2008-01-29,36.75,36.75,36.41,36.65,25.5673,5273952
2008-01-30,36.76,37.5,36.46,36.8,25.672,6795142
2008-01-31,36.3,37.49,36.14,37.0,25.8115,9120918
2008-02-01,37.35,37.85,37.24,37.85,26.4045,8863280
2008-02-04,37.99,37.99,37.44,37.44,26.1185,7162838
2008-02-05,36.57,37.0692,36.43,36.49,25.4557,8321548
2008-02-06,36.71,36.92,36.25,36.43,25.4139,5560335
2008-02-07,36.23,36.6,36.06,36.44,25.4208,7200426
2008-02-08,36.3,36.53,35.95,36.17,25.2325,7242700
2008-02-11,36.04,36.62,35.94,36.53,25.4836,5167362
2008-02-12,36.82,37.15,36.55,36.9,25.7417,10939950
2008-02-13,36.91,37.56,36.62,37.56,26.2022,5794628
2008-02-14,37.69,37.7,36.82,37.0,25.8115,6746168
2008-02-15,36.62,36.93,36.5428,36.77,25.6511,6852476
2008-02-19,37.02,37.27,36.65,36.95,25.7766,5918610
2008-02-20,36.83,37.14,36.4,37.07,25.8603,4769560
2008-02-21,37.43,37.45,36.51,36.78,25.658,6812981
2008-02-22,36.78,37.15,36.19,37.15,25.9162,6112488
2008-02-25,37.28,37.49,36.692,37.44,26.1185,5766876
2008-02-26,37.25,37.78,37.15,37.47,26.1394,5428664
2008-02-27,37.05,37.82,37.05,37.54,26.1882,2573852
2008-02-28,37.41,37.45,37.03,37.27,25.9999,3924293
2008-02-29,36.98,36.99,36.25,36.25,25.2883,6461642
2008-03-03,36.0,36.78,35.99,36.78,25.658,3710161
2008-03-04,36.24,36.56,35.97,36.35,25.3581,4853420
2008-03-05,36.38,37.03,36.38,36.83,25.6929,4740807
2008-03-06,36.87,36.87,36.13,36.13,25.2046,5262367
2008-03-07,36.01,36.28,35.39,35.61,24.8418,7012840
2008-03-10,35.57,35.71,34.89,35.04,24.4442,5627943
2008-03-11,35.61,36.23,35.29,36.23,25.2744,9575081
2008-03-12,36.12,36.68,36.12,36.16,25.2255,7534607
2008-03-13,35.42,36.66,35.42,36.66,25.5743,7434754
2008-03-14,37.0,37.01,35.49,36.08,25.1697,14902830
2008-03-17,35.13,36.24,35.13,35.9,25.0441,9241049
2008-03-18,36.55,37.79,36.37,37.79,26.3626,9586415
2008-03-19,37.17,37.57,36.32,36.41,25.3999,5599211
2008-03-20,36.3,36.85,36.02,36.63,25.6669,3951604
2008-03-24,37.04,37.46,36.81,37.46,26.2485,6765176
2008-03-25,37.39,37.77,37.09,37.69,26.4096,6335688
2008-03-26,37.37,37.49,37.1499,37.39,26.1994,3638182
2008-03-27,37.62,37.62,36.92,36.98,25.9121,7984421
2008-03-28,37.28,37.32,36.81,36.84,25.814,3255600
2008-03-31,37.0,37.4,36.77,37.4,26.2064,4198860
2008-04-01,37.68,38.39,37.45,38.25,26.802,14300970
2008-04-02,38.23,38.53,38.08,38.42,26.9212,5795233
2008-04-03,37.94,38.29,37.94,38.25,26.802,4375761
2008-04-04,38.26,38.64,38.02,38.4,26.9071,5044979
2008-04-07,38.67,38.73,38.14,38.16,26.739,6896596
2008-04-08,37.98,38.14,37.82,38.13,26.7179,4186701
2008-04-09,37.84,38.12,37.49,37.76,26.4587,5800575
2008-04-10,37.74,38.035,37.45,37.92,26.5708,2775035
2008-04-11,36.86,36.99,36.33,36.43,25.5267,6944484
2008-04-14,36.59,36.62,36.38,36.45,25.5408,3620566
2008-04-15,36.68,36.7,36.22,36.62,25.6599,4748174
2008-04-16,36.86,37.64,36.86,37.64,26.3746,7933017
2008-04-17,37.39,37.46,37.09,37.2,26.0663,5176504
2008-04-18,37.93,38.38,37.84,38.32,26.8511,7603471
2008-04-21,38.05,38.19,37.88,38.19,26.76,7976255
2008-04-22,37.95,37.97,37.44,37.58,26.3326,3361759
2008-04-23,37.76,38.0,37.48,37.6,26.3466,4164181
2008-04-24,37.84,38.29,37.45,37.84,26.5147,4105339
2008-04-25,38.32,38.48,37.85,38.37,26.8861,2686444
2008-04-28,38.49,38.59,38.255,38.59,27.0403,11001570
2008-04-29,38.44,38.49,38.15,38.23,26.788,5395931
2008-04-30,38.39,38.78,38.13,38.5,26.9772,7494033
2008-05-01,38.27,38.88,38.14,38.75,27.1524,10938960
2008-05-02,39.07,39.24,38.61,38.9,27.2575,8936500
2008-05-05,38.94,38.98,38.53,38.8,27.1874,3242889
2008-05-06,38.57,39.08,38.42,38.95,27.2925,3398358
2008-05-07,39.03,39.06,38.27,38.35,26.8721,5739298
2008-05-08,38.43,38.71,38.3,38.48,26.9632,6928141
2008-05-09,38.16,38.36,38.11,38.24,26.795,4176332
2008-05-12,38.44,38.85,38.15,38.85,27.2225,3550137
2008-05-13,38.51,39.17,38.51,39.11,27.4046,3191548
2008-05-14,39.1,39.5,39.1,39.15,27.4327,2979456
2008-05-15,39.15,39.39,39.01,39.38,27.5938,3619098
2008-05-16,39.46,39.46,39.03,39.28,27.5238,2605624
2008-05-19,39.35,39.97,39.19,39.72,27.8321,6566850
2008-05-20,39.36,39.36,38.89,39.09,27.3906,4368372
2008-05-21,39.04,39.25,38.3,38.43,26.9282,8489073
2008-05-22,38.43,38.55,38.2,38.34,26.8651,6620575
2008-05-23,38.21,38.21,37.65,37.79,26.4797,4037365
2008-05-27,37.78,38.19,37.66,38.19,26.76,3903514
2008-05-28,38.4,38.49,38.09,38.45,26.9422,5650963
2008-05-29,38.54,38.92,38.13,38.6,27.0473,7581295
2008-05-30,38.77,39.02,38.57,38.84,27.2155,4003194
2008-06-02,38.67,38.94,38.25,38.51,26.9842,5004228
2008-06-03,38.54,38.68,37.9,38.38,26.8931,5398263
2008-06-04,38.03,38.39,37.94,38.23,26.788,4411558
2008-06-05,38.25,38.595,38.04,38.51,26.9842,6498365
2008-06-06,38.15,38.29,37.01,37.01,25.9332,11162150
2008-06-09,37.29,37.49,37.09,37.39,26.1994,7946764
2008-06-10,37.02,37.59,37.02,37.17,26.0453,4217901
2008-06-11,37.15,37.15,36.4,36.47,25.5548,6568132
2008-06-12,36.64,37.33,36.43,36.6,25.6459,7316871
2008-06-13,36.76,37.16,36.71,37.02,25.9402,8574411
2008-06-16,37.1,37.26,36.695,36.82,25.8,5625962
2008-06-17,37.13,37.15,36.55,36.74,25.744,3678305
2008-06-18,36.32,36.57,36.17,36.21,25.3726,6784280
2008-06-19,36.23,36.825,36.165,36.68,25.7019,6266301
2008-06-20,36.15,36.4,35.81,35.9,25.2732,5842280
2008-06-23,36.17,36.2,35.869,35.97,25.3225,3460208
2008-06-24,35.68,35.88,35.385,35.54,25.0198,6387455
2008-06-25,35.59,35.59,35.0,35.28,24.8367,8762388
2008-06-26,34.95,34.95,33.8,34.7,24.4284,10217620
2008-06-27,34.08,34.08,33.51,33.7,23.7244,9277155
2008-06-30,33.65,34.22,33.59,34.01,23.9427,5948006
2008-07-01,33.5,34.161,33.3701,33.99,23.9286,12149030
2008-07-02,34.13,34.17,32.9,32.95,23.1964,12311690
2008-07-03,33.35,33.53,32.95,33.41,23.5203,5800543
2008-07-07,33.49,33.82,33.0,33.37,23.4921,7051472
2008-07-08,33.25,34.14,33.25,34.14,24.0342,12327510
2008-07-09,34.13,34.28,33.16,33.19,23.3654,9153298
2008-07-10,33.5,33.79,33.18,33.7,23.7244,9592214
2008-07-11,33.42,33.79,32.95,33.09,23.295,9542404
2008-07-14,33.45,33.89,32.89,33.24,23.4006,7401546
2008-07-15,33.09,33.14,32.0,32.58,22.936,9592351
2008-07-16,32.75,33.59,32.34,33.33,23.4639,9211184
2008-07-17,33.83,34.25,33.4599,34.25,24.1116,10626280
2008-07-18,34.15,34.3,33.8,34.3,24.1468,7400553
2008-07-21,34.24,34.33,33.83,34.33,24.1679,7538174
2008-07-22,34.08,34.79,34.08,34.75,24.4636,6980603
2008-07-23,35.0,35.21,34.62,35.02,24.6537,8744308
2008-07-24,35.3,35.35,34.13,34.15,24.0412,9031900
2008-07-25,34.64,34.64,34.25,34.47,24.2665,8324035
2008-07-28,34.6,34.6,33.57,33.68,23.7103,7177084
2008-07-29,33.88,34.95,33.87,34.95,24.6044,6799364
2008-07-30,34.95,35.48,34.84,35.36,24.893,9428067
2008-07-31,35.12,35.25,34.27,34.28,24.1327,17874270
2008-08-01,34.6,34.7,34.05,34.25,24.1116,7999981
2008-08-04,34.18,34.32,33.87,34.1,24.006,7557007
2008-08-05,34.42,35.09,34.42,35.05,24.6748,9724871
2008-08-06,35.05,35.72,34.69,35.72,25.1465,6914935
2008-08-07,34.82,35.1,34.52,34.52,24.3017,10655750
2008-08-08,34.66,35.89,34.53,35.71,25.1394,11684740
2008-08-11,35.82,36.11,35.5,35.8,25.2028,12795800
2008-08-12,35.79,35.8,35.29,35.45,24.9564,7227513
2008-08-13,35.28,35.39,34.72,35.32,24.8649,11051950
2008-08-14,35.07,35.73,34.89,35.45,24.9564,9603870
2008-08-15,35.59,35.86,35.43,35.65,25.0972,6119145
2008-08-18,35.77,35.8,35.0,35.25,24.8156,6234756
2008-08-19,35.21,35.21,34.51,34.81,24.5058,6894240
2008-08-20,34.67,34.85,34.21,34.53,24.3087,9990440
2008-08-21,34.31,34.77,34.2,34.61,24.3651,8100483
2008-08-22,34.86,35.29,34.73,35.29,24.8438,6478585
2008-08-25,35.1,35.1,34.41,34.74,24.4566,5858260
2008-08-26,34.54,34.74,34.29,34.73,24.4495,7859212
2008-08-27,34.43,34.9923,34.43,34.83,24.5199,5629554
2008-08-28,34.91,35.77,34.91,35.61,25.069,8420998
2008-08-29,35.57,35.75,35.19,35.22,24.7945,3775650
2008-09-02,35.76,36.16,35.0,35.23,24.8015,10442570
2008-09-03,35.22,35.31,34.702,34.97,24.6185,9964690
2008-09-04,34.65,34.66,33.52,33.77,23.7737,11476890
2008-09-05,33.42,33.79,33.14,33.76,23.7667,12674760
2008-09-08,34.41,34.82,33.94,34.3,24.1468,15607120
2008-09-09,34.09,34.57,33.26,33.29,23.4358,11434870
2008-09-10,33.45,33.86,33.2,33.43,23.5343,9732240
2008-09-11,33.14,34.2,33.04,34.2,24.0764,8516233
2008-09-12,33.86,34.17,33.57,34.11,24.0131,10793260
2008-09-15,32.64,33.67,32.64,32.74,23.0486,16085510
2008-09-16,31.99,33.2,31.92,32.84,23.119,18499820
2008-09-17,32.36,32.37,31.43,31.73,22.3376,15598470
2008-09-18,31.65,32.85,30.56,32.38,22.7952,30949529
2008-09-19,35.0,35.0,33.1,33.11,23.4365,15910060
2008-09-22,33.0,33.38,32.2,32.23,22.8136,5309394
2008-09-23,32.44,32.59,31.5,31.52,22.311,12016060
2008-09-24,31.85,31.88,30.97,31.45,22.2614,8931084
2008-09-25,31.37,31.93,31.0,31.7,22.4384,11687810
2008-09-26,31.03,31.61,30.64,31.57,22.3464,14530960
2008-09-29,31.04,31.34,29.29,30.5,21.589,16947350
2008-09-30,30.0,30.8,29.755,30.8,21.8014,10050240
2008-10-01,30.31,30.31,29.38,30.07,21.2846,21014510
2008-10-02,29.63,29.63,27.81,28.27,20.0105,14679250
2008-10-03,28.5,28.93,27.58,27.82,19.692,18081811
2008-10-06,26.87,27.21,25.57,27.09,19.1753,20767301
2008-10-07,27.57,27.78,25.82,26.19,18.5382,15985130
2008-10-08,25.03,26.75,25.03,25.79,18.2551,19231949
2008-10-09,26.42,26.42,24.0,24.32,17.2146,15437440
2008-10-10,22.91,24.92,22.2,23.54,16.6625,23376029
2008-10-13,25.193,26.46,24.6,26.06,18.4462,7824111
2008-10-14,27.8,27.8,25.06,26.05,18.4391,17373730
2008-10-15,25.44,25.44,23.41,23.6,16.7049,15899260
2008-10-16,23.44,24.58,22.46,24.08,17.0447,20528141
2008-10-17,23.24,25.18,23.24,23.56,16.6766,12076070
2008-10-20,24.4,24.92,23.97,24.73,17.5048,13286880
2008-10-21,24.73,25.1,24.18,24.51,17.3491,11165470
2008-10-22,23.61,23.85,22.33,23.38,16.5492,20321410
2008-10-23,23.24,23.6,21.92,23.44,16.5917,19569320
2008-10-24,21.65,22.72,21.56,22.09,15.6361,17650150
2008-10-27,21.8,22.76,21.24,21.24,15.0344,11494190
2008-10-28,22.16,23.73,21.39,23.42,16.5775,12324090
2008-10-29,23.84,24.92,23.47,23.52,16.6483,15938330
2008-10-30,24.2,24.83,23.85,24.37,17.25,14639220
2008-10-31,24.53,25.3,24.09,25.18,17.8233,12745820
2008-11-03,25.09,25.19,24.62,24.75,17.5189,8841334
2008-11-04,25.52,26.36,25.25,25.83,18.2834,15205430
2008-11-05,26.14,26.18,24.69,24.75,17.5189,15585540
2008-11-06,24.5,24.93,23.15,23.59,16.6979,13678630
2008-11-07,23.94,24.0623,23.28,23.83,16.8677,11548090
2008-11-10,24.55,24.61,23.52,23.84,16.8748,9504033
2008-11-11,23.44,23.75,22.83,23.31,16.4997,15414570
2008-11-12,22.92,22.92,21.96,22.2,15.714,11420740
2008-11-13,22.43,23.47,20.9,23.39,16.5563,24198500
2008-11-14,23.18,23.56,22.19,22.4,15.8555,17514260
2008-11-17,21.9,22.62,21.64,21.95,15.537,17218820
2008-11-18,21.83,22.26,21.27,21.97,15.5512,14682100
2008-11-19,22.21,22.21,20.51,20.55,14.546,23026330
2008-11-20,20.34,21.07,19.24,20.0,14.1567,20907020
2008-11-21,20.06,20.76,19.19,20.59,14.5743,27855869
2008-11-24,20.88,22.16,20.81,21.62,15.3034,20405510
2008-11-25,22.25,22.38,21.37,21.93,15.5228,14812280
2008-11-26,21.56,22.76,21.41,22.62,16.0113,11156350
2008-11-28,22.56,23.25,22.51,23.11,16.3581,4169272
2008-12-01,22.78,22.78,21.14,21.21,15.0132,11050050
2008-12-02,21.66,22.24,21.38,22.19,15.7069,13488140
2008-12-03,21.87,22.77,21.53,22.57,15.9759,18148980
2008-12-04,22.26,22.87,21.73,22.12,15.6573,16594350
2008-12-05,21.71,22.73,21.24,22.662,16.041,19686230
2008-12-08,23.55,23.95,22.9,23.25,16.4572,17034311
2008-12-09,23.23,23.46,22.6,22.84,16.167,15503780
2008-12-10,23.14,23.47,22.82,23.21,16.4289,10248780
2008-12-11,22.77,23.08,22.055,22.21,15.721,12010620
2008-12-12,21.72,22.37,21.5,22.27,15.7635,10671300
2008-12-15,22.57,22.57,21.87,22.26,15.7564,10048740
2008-12-16,22.32,23.51,22.25,23.36,16.5351,14467070
2008-12-17,23.22,23.63,22.93,23.37,16.5421,10703020
2008-12-18,23.46,23.56,22.49,22.55,15.9617,12514850
2008-12-19,22.64,23.03,22.46,22.58,16.1382,13076990
2008-12-22,22.75,22.75,21.92,22.23,15.8881,10035110
2008-12-23,22.36,22.58,22.02,22.16,15.8381,6316678
2008-12-24,22.18,22.39,22.13,22.3,15.9381,2206967
2008-12-26,22.47,22.56,22.22,22.47,16.0596,1231221
2008-12-29,22.37,22.48,21.86,22.05,15.7594,3072489
2008-12-30,22.38,22.97,22.29,22.87,16.3455,4753970
2008-12-31,23.02,23.54,22.86,23.42,16.7386,6278916
2009-01-02,23.52,24.42,23.27,24.28,17.3533,6659438
2009-01-05,24.18,24.46,23.88,24.09,17.2175,11182040
2009-01-06,24.42,24.74,24.23,24.62,17.5963,13438270
2009-01-07,24.26,24.26,23.51,23.52,16.8101,10726110
2009-01-08,23.51,23.77,23.35,23.75,16.9745,11184350
2009-01-09,23.85,23.8877,23.2,23.23,16.6028,6161375
2009-01-12,23.22,23.27,22.61,22.72,16.2383,8466847
2009-01-13,22.71,22.81,22.01,22.33,15.9596,19223420
2009-01-14,21.99,22.01,21.39,21.5,15.3663,15643090
2009-01-15,21.55,21.86,20.8,21.7,15.5093,14149160
2009-01-16,21.92,22.06,21.22,21.82,15.5951,9030164
2009-01-20,21.68,21.84,20.8,20.81,14.8732,13047930
2009-01-21,21.25,21.44,20.57,21.34,15.252,16046060
2009-01-22,21.04,21.48,20.67,21.27,15.202,17930141
2009-01-23,20.69,21.08,20.54,20.63,14.7445,19148400
2009-01-26,20.64,21.28,20.5,20.87,14.9161,19811689
2009-01-27,21.05,21.39,20.9674,21.25,15.1877,14817310
2009-01-28,21.82,22.0998,21.65,21.86,15.6236,17245949
2009-01-29,21.73,21.73,20.99,21.06,15.0519,11543070
2009-01-30,21.12,21.23,20.4,20.61,14.7303,7889889
2009-02-02,20.3,20.33,19.85,20.14,14.3943,9383486
2009-02-03,20.18,20.61,20.105,20.51,14.6588,9090257
2009-02-04,20.73,20.98,20.4,20.4,14.5802,10429740
2009-02-05,20.25,20.9,20.04,20.64,14.7517,11882340
2009-02-06,20.85,21.31,20.71,21.14,15.1091,12767160
2009-02-09,21.19,21.72,21.05,21.54,15.3949,8462738
2009-02-10,21.43,21.55,20.32,20.41,14.5873,8791192
2009-02-11,20.53,20.78,20.35,20.57,14.7017,6449627
2009-02-12,20.29,20.4,19.7,20.34,14.5373,12775190
2009-02-13,20.46,20.76,20.3,20.34,14.5373,8666892
2009-02-17,19.64,19.8243,19.28,19.31,13.8011,15837770
2009-02-18,19.63,19.66,19.13,19.34,13.8226,11520810
2009-02-19,19.6,19.66,18.91,18.91,13.5152,12503960
2009-02-20,18.73,18.93,18.27,18.62,13.308,16660801
2009-02-23,18.84,18.94,17.77,17.9,12.7934,11756700
2009-02-24,17.86,18.545,17.64,18.29,13.0721,10561690
2009-02-25,18.33,18.33,17.67,17.85,12.7576,14158560
2009-02-26,18.21,18.23,17.54,17.54,12.5361,8399024
2009-02-27,17.25,17.6401,17.07,17.1,12.2216,12093300
2009-03-02,16.89,16.9,15.98,15.98,11.4211,9658527
2009-03-03,16.44,16.49,15.7824,15.86,11.3354,10173950
2009-03-04,16.3,16.6,15.85,16.3,11.6498,10930270
2009-03-05,16.05,16.09,15.3811,15.67,11.1996,13472250
2009-03-06,15.86,16.03,15.14,15.5,11.0781,13882140
2009-03-09,15.48,15.84,15.16,15.36,10.978,9734710
2009-03-10,15.63,16.61,15.63,16.52,11.8071,10318460
2009-03-11,16.79,17.03,16.5,16.68,11.9214,9343591
2009-03-12,16.87,17.42,16.43,17.22,12.3074,8489916
2009-03-13,17.5,17.65,16.97,17.25,12.3288,8101099
2009-03-16,17.49,18.04,17.41,17.44,12.4646,11528090
2009-03-17,17.58,17.95,17.28,17.95,12.8291,8408553
2009-03-18,17.82,18.52,17.43,18.29,13.0721,12540910
2009-03-19,18.5,18.58,18.08,18.11,12.9435,8776869
2009-03-20,18.05,18.09,17.27,17.39,12.5487,12500520
2009-03-23,17.83,18.73,17.69,18.65,13.458,8478409
2009-03-24,18.4,18.99,18.37,18.5,13.3497,14726520
2009-03-25,18.66,19.22,18.15,18.65,13.458,10734810
2009-03-26,18.93,19.65,18.9,19.65,14.1796,16534561
2009-03-27,19.41,19.49,19.1,19.28,13.9126,10114920
2009-03-30,18.65,18.69,18.09,18.32,13.2198,8718113
2009-03-31,18.59,18.87,18.26,18.43,13.2992,10759500
2009-04-01,18.26,18.85,18.13,18.84,13.5951,8654287
2009-04-02,19.24,20.12,19.2,19.85,14.3239,13176930
2009-04-03,19.86,19.97,19.61,19.87,14.3383,11174370
2009-04-06,19.66,20.09,19.44,19.92,14.3744,7783274
2009-04-07,19.61,19.78,19.34,19.35,13.9631,9263753
2009-04-08,19.55,19.65,19.24,19.52,14.0858,11783540
2009-04-09,19.93,20.64,19.93,20.48,14.7785,18412740
2009-04-13,20.21,20.72,20.07,20.54,14.8218,13678000
2009-04-14,20.3,20.7,20.16,20.24,14.6053,13458020
2009-04-15,20.17,20.65,20.09,20.43,14.7424,10098170
2009-04-16,20.74,21.26,20.46,21.12,15.2403,15534210
2009-04-17,21.27,21.34,20.965,21.11,15.2331,9920436
2009-04-20,20.77,20.8,20.11,20.18,14.562,11248010
2009-04-21,20.03,20.72,19.98,20.67,14.9156,7147879
2009-04-22,20.41,21.48,20.41,20.99,15.1465,13736330
2009-04-23,21.17,21.29,20.69,21.22,15.3125,8470962
2009-04-24,21.49,21.8,21.28,21.66,15.63,9277179
2009-04-27,21.49,21.69,21.18,21.23,15.3197,7980409
2009-04-28,21.03,21.33,20.8,20.98,15.1393,9559698
2009-04-29,21.18,21.95,21.18,21.68,15.6444,14356530
2009-04-30,22.14,22.3176,21.65,21.76,15.7022,11382600
2009-05-01,21.78,22.235,21.66,22.0,15.8754,9052088
2009-05-04,22.29,22.84,22.06,22.72,16.3949,9579761
2009-05-05,22.64,22.89,22.515,22.79,16.4454,9942569
2009-05-06,23.01,23.23,22.7,23.15,16.7052,18727779
2009-05-07,23.37,23.39,22.51,22.68,16.3661,17176051
2009-05-08,22.87,23.51,22.87,23.51,16.965,9326714
2009-05-11,23.03,23.22,22.78,22.81,16.4599,10456900
2009-05-12,23.07,23.07,22.16,22.564,16.2823,12735450
2009-05-13,22.01,22.248,21.55,21.63,15.6084,12479630
2009-05-14,21.58,22.07,21.58,21.79,15.7238,10311640
2009-05-15,21.87,22.19,21.625,21.8,15.731,17495750
2009-05-18,21.91,22.6,21.91,22.6,16.3083,10524540
2009-05-19,22.55,22.7125,22.33,22.43,16.1856,19701779
2009-05-20,22.79,23.09,22.45,22.45,16.2001,13316610
2009-05-21,22.11,22.25,21.55,21.77,15.7094,20545650
2009-05-22,21.75,21.985,21.57,21.69,15.6517,8858102
2009-05-26,21.84,22.51,21.51,22.48,16.2217,16082290
2009-05-27,22.48,22.58,21.75,21.75,15.695,10835630
2009-05-28,21.95,22.09,21.47,21.96,15.8465,10851330
2009-05-29,22.16,22.52,21.93,22.49,16.2289,10999590
2009-06-01,22.97,23.58,22.77,23.53,16.9794,19476910
2009-06-02,23.4,23.75,23.37,23.57,17.0083,10763460
2009-06-03,23.26,23.46,22.9,23.11,16.6763,15375430
2009-06-04,23.26,23.58,23.06,23.53,16.9794,7971353
2009-06-05,24.05,24.08,23.6,23.73,17.1237,12146000
2009-06-08,23.72,23.92,23.315,23.79,17.167,8434656
2009-06-09,23.84,23.87,23.49,23.74,17.131,10302590
2009-06-10,24.09,24.13,23.17,23.59,17.0227,12810100
2009-06-11,23.54,23.855,23.5,23.55,16.9938,10526810
2009-06-12,23.53,23.6,23.23,23.59,17.0227,8454660
2009-06-15,23.48,23.48,22.66,22.87,16.5032,8953253
2009-06-16,22.97,23.06,22.45,22.45,16.2001,9303595
2009-06-17,22.34,22.54,22.16,22.28,16.0774,17690631
2009-06-18,22.45,22.46,22.03,22.3,16.0918,12271820
2009-06-19,22.49,22.64,22.06,22.2,16.1267,8822211
2009-06-22,22.02,22.05,21.37,21.46,15.5892,11339590
2009-06-23,21.39,21.47,21.08,21.26,15.4439,14739250
2009-06-24,21.48,21.9,21.29,21.4,15.5456,13853800
2009-06-25,21.32,22.105,21.32,22.06,16.025,18079240
2009-06-26,22.07,22.2001,21.91,21.97,15.9596,11819260
2009-06-29,22.15,22.35,21.945,22.19,16.1194,6238787
2009-06-30,22.19,22.29,21.765,21.96,15.9524,8985043
2009-07-01,21.76,22.37,21.75,22.05,16.0177,14009270
2009-07-02,22.01,22.01,21.32,21.36,15.5165,13736120
2009-07-06,21.09,21.37,21.0,21.37,15.5238,13749290
2009-07-07,21.24,21.3,20.59,20.64,14.9935,13589860
2009-07-08,20.6,20.77,20.29,20.56,14.9354,18108039
2009-07-09,20.69,20.839,20.58,20.75,15.0734,10261250
2009-07-10,20.56,20.81,20.212,20.72,15.0516,13921370
2009-07-13,20.85,21.29,20.57,21.25,15.4366,9447369
2009-07-14,21.49,21.56,21.24,21.56,15.6618,7456543
2009-07-15,21.91,22.28,21.774,22.23,16.1485,12194330
2009-07-16,22.22,22.75,22.1,22.64,16.4463,9080560
2009-07-17,22.59,22.59,22.21,22.38,16.2575,8516710
2009-07-20,22.66,22.9,22.53,22.83,16.5844,11225690
2009-07-21,23.11,23.3,22.58,22.84,16.5916,11589990
2009-07-22,22.74,23.06,22.69,22.91,16.6425,8604557
2009-07-23,22.81,23.51,22.78,23.39,16.9912,12070090
2009-07-24,23.25,23.44,23.04,23.41,17.0057,7254096
2009-07-27,23.42,23.58,23.22,23.54,17.1001,8301831
2009-07-28,23.44,23.69,23.24,23.52,17.0856,6436517
2009-07-29,23.34,23.42,23.09,23.41,17.0057,11747540
2009-07-30,23.83,24.13,23.78,23.79,17.2817,13005280
2009-07-31,23.85,24.1,23.79,23.88,17.3471,10541300
2009-08-03,24.19,24.52,23.99,24.4,17.7249,14749030
2009-08-04,24.36,24.59,24.2,24.58,17.8556,8212261
2009-08-05,24.66,24.66,24.19,24.38,17.7103,10111740
2009-08-06,24.57,24.6477,24.31,24.51,17.8048,20333529
2009-08-07,24.88,25.33,24.72,25.12,18.2479,13530290
2009-08-10,25.05,25.08,24.69,24.88,18.0735,13115140
2009-08-11,24.68,24.85,24.38,24.55,17.8338,12984980
2009-08-12,24.46,25.2294,24.46,24.98,18.1462,9455137
2009-08-13,25.17,25.18,24.82,25.09,18.2261,8606021
2009-08-14,25.13,25.13,24.45,24.73,17.9646,14117590
2009-08-17,24.15,24.21,23.84,24.0,17.4343,15285010
2009-08-18,24.1,24.37,24.018,24.29,17.6449,10462940
2009-08-19,24.04,24.49,23.97,24.36,17.6958,8427918
2009-08-20,24.4,24.71,24.29,24.66,17.9137,8648064
2009-08-21,24.98,25.315,24.5725,25.3,18.3786,8874913
2009-08-24,25.3,25.56,25.195,25.35,18.415,7054447
2009-08-25,25.54,25.69,25.329,25.49,18.5167,8624766
2009-08-26,25.48,25.48,25.12,25.23,18.3278,6915282
2009-08-27,25.22,25.56,25.02,25.46,18.4949,8669585
2009-08-28,25.73,25.73,25.16,25.32,18.3932,7591150
2009-08-31,25.14,25.15,24.83,25.02,18.1752,8581961
2009-09-01,24.96,25.38,24.54,24.6,17.8701,14918220
2009-09-02,24.56,24.63,24.36,24.5,17.7975,10319480
2009-09-03,24.68,24.87,24.39,24.82,18.03,14405530
2009-09-04,24.84,25.35,24.76,25.31,18.3859,8477802
2009-09-08,25.68,25.75,25.45,25.53,18.5457,17734930
2009-09-09,25.66,26.1,25.62,25.96,18.8581,12228680
2009-09-10,26.02,26.26,25.75,26.18,19.0179,10479220
2009-09-11,26.39,26.54,26.24,26.35,19.1414,10891430
2009-09-14,26.18,26.65,26.05,26.6,19.323,10257280
2009-09-15,26.7,27.03,26.54,26.92,19.5555,12289710
2009-09-16,27.13,27.29,26.84,27.26,19.8024,13890390
2009-09-17,27.3,27.55,27.02,27.31,19.8388,12510140
2009-09-18,27.35,27.35,26.96,27.01,19.7248,9784461
2009-09-21,26.9,27.11,26.7,26.85,19.608,8399020
2009-09-22,27.16,27.28,27.0,27.17,19.8417,9695435
2009-09-23,27.29,27.38,26.86,26.94,19.6737,8334068
2009-09-24,26.95,27.02,26.35,26.5,19.3524,11069230
2009-09-25,26.39,26.48,26.07,26.13,19.0822,8350707
2009-09-28,26.29,26.78,26.29,26.67,19.4765,5896670
2009-09-29,26.77,26.91,26.58,26.61,19.4327,12950740
2009-09-30,26.72,26.72,26.09,26.34,19.2355,16520061
2009-10-01,26.13,26.36,25.62,25.68,18.7536,23754551
2009-10-02,25.31,25.56,25.26,25.35,18.5126,17744100
2009-10-05,25.47,25.89,25.38,25.87,18.8923,11587360
2009-10-06,25.98,26.37,25.94,26.12,19.0749,13055190
2009-10-07,26.13,26.13,25.89,26.02,19.0019,8720035
2009-10-08,26.31,26.52,26.175,26.48,19.3378,13050630
2009-10-09,26.31,26.55,26.23,26.55,19.3889,9427503
2009-10-12,26.68,26.75,26.3701,26.5,19.3524,5634571
2009-10-13,26.49,26.52,26.24,26.52,19.367,8033332
2009-10-14,26.99,27.29,26.74,27.29,19.9293,16827039
2009-10-15,27.12,27.27,27.0,27.25,19.9001,7673428
2009-10-16,27.07,27.19,26.78,27.06,19.7613,8309466
2009-10-19,27.18,27.47,27.085,27.35,19.9731,7929619
2009-10-20,27.42,27.42,26.98,27.16,19.8344,11172260
2009-10-21,27.15,27.5,26.9,26.965,19.692,11200850
2009-10-22,26.92,27.26,26.7,27.16,19.8344,11422920
2009-10-23,27.3,27.3,26.61,26.68,19.4838,12069230
2009-10-26,26.82,27.12,26.36,26.47,19.3305,10952440
2009-10-27,26.43,26.63,26.11,26.11,19.0676,13816400
2009-10-28,26.09,26.25,25.57,25.57,18.6732,17674230
2009-10-29,25.63,26.18,25.63,26.18,19.1187,12108330
2009-10-30,26.09,26.17,25.27,25.29,18.4688,19261590
2009-11-02,25.41,25.79,25.2,25.58,18.6805,19853260
2009-11-03,25.58,26.02,25.55,26.02,19.0019,17827000
2009-11-04,26.24,26.4,25.92,25.97,18.9653,12721380
2009-11-05,26.22,26.64,26.05,26.64,19.4546,14457630
2009-11-06,26.57,26.93,26.54,26.88,19.6299,9245293
2009-11-09,27.19,27.56,27.05,27.56,20.1265,9692304
2009-11-10,27.38,27.6,27.24,27.4,20.0096,10369410
2009-11-11,27.65,27.8,27.46,27.61,20.163,8986246
2009-11-12,27.53,27.69,27.22,27.29,19.9293,11062220
2009-11-13,27.32,27.61,27.16,27.5,20.0827,7949670
2009-11-16,27.55,28.17,27.55,28.13,20.5427,9421628
2009-11-17,28.15,28.15,27.82,28.08,20.5062,7449012
2009-11-18,28.1,28.11,27.8,27.93,20.3967,5710718
2009-11-19,27.8,27.8,27.3,27.51,20.09,10685330
2009-11-20,27.31,27.52,27.25,27.46,20.0535,10487600
2009-11-23,27.81,28.07,27.7,27.96,20.4186,12004560
2009-11-24,27.87,27.88,27.55,27.73,20.2506,8765603
2009-11-25,27.82,28.03,27.71,27.96,20.4186,6123391
2009-11-27,27.07,27.69,27.04,27.42,20.0242,10091300
2009-11-30,27.45,27.65,27.3,27.51,20.09,12897190
2009-12-01,27.87,28.055,27.71,27.96,20.4186,8460889
2009-12-02,27.96,28.14,27.78,27.88,20.3602,6255006
2009-12-03,27.97,28.14,27.69,27.75,20.2652,6782930
2009-12-04,28.25,28.37,27.78,28.17,20.572,11692400
2009-12-07,28.12,28.28,28.05,28.07,20.4989,6715494
2009-12-08,27.87,27.98,27.46,27.64,20.1849,12210150
2009-12-09,27.78,27.79,27.49,27.77,20.2798,9893168
2009-12-10,27.95,28.11,27.82,27.89,20.3675,6256039
2009-12-11,28.05,28.23,27.9,28.17,20.572,6521722
2009-12-14,28.31,28.55,28.31,28.55,20.8495,5907925
2009-12-15,28.44,28.56,28.32,28.47,20.791,5982380
2009-12-16,28.42,28.55,28.28,28.35,20.7034,6433811
2009-12-17,28.23,28.24,28.005,28.04,20.477,8512495
2009-12-18,28.03,28.065,27.675,27.85,20.4704,9836321
2009-12-21,28.05,28.14,27.97,28.06,20.6248,8727790
2009-12-22,28.07,28.235,28.02,28.09,20.6468,5726093
2009-12-23,28.1,28.18,27.98,28.14,20.6836,2992860
2009-12-24,28.25,28.31,28.17,28.25,20.7644,1277553
2009-12-28,28.3,28.3,28.09,28.2,20.7277,6078336
2009-12-29,28.33,28.33,28.24,28.28,20.7865,2883006
2009-12-30,28.12,28.25,28.0998,28.14,20.6836,5470980
2009-12-31,28.24,28.24,27.77,27.79,20.4263,3116975
2010-01-04,28.09,28.32,27.96,28.32,20.8159,7471436
2010-01-05,28.28,28.45,28.18,28.42,20.8894,8256635
2010-01-06,28.35,28.51,28.34,28.48,20.9335,5356668
2010-01-07,28.43,28.83,28.33,28.79,21.1613,12118130
2010-01-08,28.8,29.26,28.78,29.25,21.4994,8064908
2010-01-11,29.45,29.61,29.301,29.57,21.7346,11895510
2010-01-12,29.32,29.41,29.12,29.33,21.5582,12020670
2010-01-13,29.28,29.505,29.17,29.45,21.6464,10978200
2010-01-14,29.41,29.47,29.33,29.45,21.6464,4762646
2010-01-15,29.35,29.44,28.99,29.07,21.3671,7250950
2010-01-19,29.17,29.425,29.035,29.39,21.6023,11941280
2010-01-20,29.07,29.13,28.67,28.94,21.2716,9810349
2010-01-21,28.92,29.05,28.25,28.27,20.7791,17492820
2010-01-22,28.3,28.46,27.83,27.84,20.4631,16216520
2010-01-25,28.17,28.21,27.855,28.02,20.5954,12695450
2010-01-26,27.86,28.18,27.75,27.9,20.5072,12708130
2010-01-27,27.8,28.04,27.52,27.98,20.566,22437789
2010-01-28,28.02,28.15,27.401,27.66,20.3308,21371561
2010-01-29,27.71,27.975,27.31,27.38,20.1249,17136119
2010-02-01,27.69,27.8,27.5,27.79,20.4263,16145990
2010-02-02,27.95,28.37,27.89,28.32,20.8159,20403340
2010-02-03,28.24,28.41,28.08,28.15,20.6909,13675390
2010-02-04,27.96,28.01,27.32,27.32,20.0808,20628090
2010-02-05,27.38,27.5295,26.66,27.2,19.9926,30821250
2010-02-08,27.27,27.32,26.9,26.9,19.7721,17888820
2010-02-09,27.2,27.67,27.11,27.42,20.1543,22723410
2010-02-10,27.44,27.51,27.125,27.38,20.1249,12709770
2010-02-11,27.35,27.82,27.2,27.79,20.4263,11508100
2010-02-12,27.42,27.67,27.28,27.57,20.2646,16638891
2010-02-16,27.86,28.25,27.785,28.22,20.7424,10496910
2010-02-17,28.43,28.49,28.25,28.46,20.9188,14974230
2010-02-18,28.29,28.77,28.29,28.72,21.1099,7602253
2010-02-19,28.68,29.0,28.59,28.86,21.2128,12077330
2010-02-22,29.0,29.02,28.81,28.88,21.2275,7382682
2010-02-23,28.81,28.99,28.4299,28.51,20.9555,16110190
2010-02-24,28.61,28.86,28.51,28.8,21.1687,9011150
2010-02-25,28.28,28.79,28.15,28.73,21.1172,12356930
2010-02-26,28.69,28.93,28.58,28.84,21.1981,9004171
2010-03-01,28.96,29.26,28.85,29.22,21.4774,11493810
2010-03-02,29.35,29.41,29.22,29.27,21.5141,7327795
2010-03-03,29.37,29.6,29.24,29.31,21.5435,5641190
2010-03-04,29.4,29.489,29.25,29.45,21.6464,7479503
2010-03-05,29.65,29.91,29.6,29.9,21.9772,9905277
2010-03-08,29.95,29.98,29.72,29.76,21.8743,6773193
2010-03-09,29.69,30.085,29.62,30.0,22.0507,7609815
2010-03-10,30.0,30.18,29.89,30.06,22.0948,7922973
2010-03-11,29.97,30.18,29.79,30.17,22.1757,7903193
2010-03-12,30.3,30.37,30.04,30.37,22.3227,9897192
2010-03-15,30.27,30.44,30.115,30.37,22.3227,13020550
2010-03-16,30.39,30.78,30.39,30.78,22.624,14118440
2010-03-17,30.87,30.97,30.73,30.83,22.6608,10824940
2010-03-18,30.87,31.05,30.75,31.04,22.8151,10298500
2010-03-19,31.09,31.12,30.69,30.81,22.7237,8777765
2010-03-22,30.58,30.95,30.56,30.9,22.7901,6434346
2010-03-23,30.98,31.25,30.91,31.25,23.0482,8871260
2010-03-24,31.14,31.27,30.97,31.03,22.8859,8390200
2010-03-25,31.32,31.42,30.95,31.01,22.8712,10004150
2010-03-26,31.11,31.28,30.92,31.09,22.9302,13362370
2010-03-29,31.28,31.41,31.19,31.37,23.1367,17198100
2010-03-30,31.45,31.59,31.29,31.42,23.1736,10610470
2010-03-31,31.37,31.43,31.15,31.24,23.0408,11457160
2010-04-01,31.51,31.59,31.205,31.44,23.1883,12537890
2010-04-05,31.57,31.745,31.4496,31.67,23.358,11007620
2010-04-06,31.61,31.73,31.51,31.68,23.3653,9108481
2010-04-07,31.6,31.67,31.34,31.5,23.2326,10235110
2010-04-08,31.38,31.66,31.27,31.6025,23.3082,9100537
2010-04-09,31.69,31.79,31.59,31.78,23.4391,6284582
2010-04-12,31.79,31.965,31.79,31.85,23.4907,6771289
2010-04-13,31.77,31.98,31.65,31.9,23.5276,8688195
2010-04-14,32.08,32.34,31.98,32.31,23.83,13027930
2010-04-15,32.29,32.69,32.26,32.62,24.0586,6788756
2010-04-16,32.5,32.58,31.82,32.09,23.6677,26513881
2010-04-19,32.06,32.15,31.73,32.03,23.6235,16021180
2010-04-20,32.33,32.5,32.23,32.4,23.8964,13102930
2010-04-21,32.46,32.6901,32.36,32.62,24.0586,19372939
2010-04-22,32.46,32.94,32.19,32.92,24.2799,34014008
2010-04-23,32.98,33.15,32.749,33.12,24.4274,15681200
2010-04-26,33.34,33.4,33.14,33.19,24.479,13312200
2010-04-27,33.02,33.27,32.27,32.39,23.889,31528600
2010-04-28,32.51,32.73,32.34,32.62,24.0586,17520369
2010-04-29,32.89,33.36,32.8,33.36,24.6044,14211380
2010-04-30,33.33,33.46,32.555,32.57,24.0218,18401779
2010-05-03,32.59,33.32,32.59,33.22,24.5012,16977689
2010-05-04,32.85,33.0,31.915,32.17,23.7267,24814650
2010-05-05,31.59,32.13,31.54,31.76,23.4243,28450680
2010-05-06,31.55,31.93,28.44,30.71,22.6499,52085621
2010-05-07,30.82,30.85,29.6,30.03,22.1484,48211391
2010-05-10,31.76,31.87,31.27,31.75,23.417,28537520
2010-05-11,31.6,32.115,31.35,31.66,23.3506,21222029
2010-05-12,31.72,32.41,31.72,32.36,23.8669,23705490
2010-05-13,32.22,32.395,31.845,31.86,23.4981,15827880
2010-05-14,31.66,31.75,30.94,31.19,23.0039,24135279
2010-05-17,31.29,31.43,30.4707,31.11,22.9449,30409010
2010-05-18,31.38,31.61,30.61,30.72,22.6573,33895047
2010-05-19,30.4,30.77,29.85,30.33,22.3697,42145152
2010-05-20,29.8,29.86,28.9,29.01,21.3961,44340559
2010-05-21,28.5,29.54,28.39,29.42,21.6985,39374672
2010-05-24,29.32,29.46,28.94,28.98,21.374,24343730
2010-05-25,28.1,28.97,27.91,28.96,21.3592,30034211
2010-05-26,29.37,29.67,28.93,29.02,21.4035,29128609
2010-05-27,29.75,30.01,29.43,30.0,22.1263,21078141
2010-05-28,30.0,30.02,29.31,29.6,21.8313,25026029
2010-06-01,29.31,29.765,28.9,28.94,21.3445,27979609
2010-06-02,29.01,29.69,28.9132,29.69,21.8976,20844000
2010-06-03,29.98,29.9899,29.55,29.8275,21.999,21686650
2010-06-04,29.04,29.26,28.301,28.43,20.9683,26173881
2010-06-07,28.4,28.54,27.68,27.7,20.4299,30321189
2010-06-08,27.82,28.07,27.4,27.99,20.6438,34376879
2010-06-09,28.18,28.67,27.87,27.99,20.6438,30023529
2010-06-10,28.4,29.07,28.3841,29.07,21.4404,23499730
2010-06-11,28.77,29.2,28.62,29.17,21.5141,14729690
2010-06-14,29.5,29.68,29.09,29.14,21.492,18225051
2010-06-15,29.38,30.07,29.31,30.02,22.141,17459660
2010-06-16,29.91,30.165,29.8,29.94,22.082,15417050
2010-06-17,30.13,30.13,29.6,30.03,22.1484,22397490
2010-06-18,29.96,30.05,29.8,30.0,22.2351,16529240
2010-06-21,30.43,30.6,29.895,30.05,22.2722,17337100
2010-06-22,30.02,30.2,29.27,29.3225,21.733,17664301
2010-06-23,29.28,29.5,28.94,29.21,21.6496,19311131
2010-06-24,29.14,29.23,28.63,28.7,21.2716,17170740
2010-06-25,28.76,28.98,28.49,28.92,21.4346,18163480
2010-06-28,28.9,29.1,28.64,28.72,21.2864,11263060
2010-06-29,28.32,28.33,27.37,27.61,20.4637,31117789
2010-06-30,27.56,27.94,27.37,27.43,20.3303,25416109
2010-07-01,27.4,27.54,26.85,27.35,20.271,26090699
2010-07-02,27.17,27.48,26.88,27.01,20.019,15578880
2010-07-06,27.5,27.61,26.79,27.06,20.0561,16259240
2010-07-07,27.08,28.04,27.065,28.0,20.7528,17141609
2010-07-08,28.22,28.48,28.0,28.36,21.0196,17010381
2010-07-09,28.41,28.64,28.34,28.64,21.2271,12659340
2010-07-12,28.47,28.65,28.25,28.49,21.1159,14684570
2010-07-13,28.81,29.15,28.81,28.99,21.4865,15580010
2010-07-14,28.95,29.23,28.81,29.05,21.531,15997560
2010-07-15,29.09,29.12,28.6,29.04,21.5236,23101600
2010-07-16,28.89,28.89,27.9901,28.07,20.8047,21563471
2010-07-19,28.14,28.33,27.9,28.23,20.9232,17956990
2010-07-20,27.87,28.74,27.74,28.67,21.2494,17312510
2010-07-21,28.9,29.0201,28.37,28.6,21.1975,31327170
2010-07-22,28.93,29.64,28.93,29.48,21.8497,24159189
2010-07-23,29.51,30.16,29.4275,30.07,22.287,25468410
2010-07-26,30.23,30.6,30.12,30.56,22.6502,17556340
2010-07-27,30.8,30.81,30.28,30.35,22.4945,14145130
2010-07-28,30.25,30.39,30.15,30.27,22.4352,15190440
2010-07-29,30.43,30.58,29.92,30.17,22.3611,17623240
2010-07-30,29.9,30.4,29.77,30.29,22.4501,17135609
2010-08-02,30.71,30.93,30.57,30.89,22.8948,15965770
2010-08-03,30.8,30.9,30.58,30.73,22.7762,11147040
2010-08-04,30.8,31.03,30.74,31.0,22.9763,9579209
2010-08-05,30.73,31.055,30.7,31.02,22.9911,20032420
2010-08-06,30.64,30.955,30.38,30.85,22.8651,13396290
2010-08-09,31.15,31.15,30.84,31.01,22.9837,8554752
2010-08-10,30.7,30.945,30.465,30.8,22.828,15324950
2010-08-11,30.24,30.29,29.47,29.65,21.9757,33036480
2010-08-12,29.16,29.54,29.15,29.44,21.8201,16303720
2010-08-13,29.28,29.55,29.25,29.4,21.7904,8189089
2010-08-16,29.17,29.46,28.94,29.34,21.7459,10912970
2010-08-17,29.63,30.18,29.57,29.85,22.1239,17148840
2010-08-18,29.88,30.105,29.64,29.96,22.2055,9109728
2010-08-19,29.76,29.89,29.14,29.32,21.7311,19386580
2010-08-20,29.21,29.23,28.84,29.17,21.6199,13059420
2010-08-23,29.35,29.48,28.81,28.85,21.3828,15057130
2010-08-24,28.44,28.49,27.99,28.26,20.9455,26302150
2010-08-25,28.01,28.35,27.67,28.21,20.9084,31737020
2010-08-26,28.41,28.62,28.06,28.17,20.8788,19830570
2010-08-27,28.31,28.81,27.98,28.74,21.3012,19744189
2010-08-30,28.6,28.77,28.28,28.3,20.9751,15607290
2010-08-31,28.14,28.4315,27.9872,28.19,20.8936,20418199
2010-09-01,28.61,29.4,28.59,29.31,21.7237,31329230
2010-09-02,29.43,29.73,29.34,29.68,21.9979,13831590
2010-09-03,30.11,30.345,29.92,30.13,22.3315,15635140
2010-09-07,29.94,30.01,29.77,29.85,22.1239,15112700
2010-09-08,29.9,30.33,29.85,30.16,22.3537,12996060
2010-09-09,30.45,30.58,29.9516,30.13,22.3315,10075700
2010-09-10,30.21,30.46,30.15,30.4,22.5316,10923630
2010-09-13,30.73,30.83,30.54,30.7,22.7539,12911790
2010-09-14,30.6,30.79,30.5,30.61,22.6872,14376740
2010-09-15,30.49,30.68,30.34,30.61,22.6872,14647040
2010-09-16,30.54,30.62,30.4,30.57,22.6576,17618811
2010-09-17,30.58,30.75,30.32,30.6975,22.868,16835180
2010-09-20,30.87,31.21,30.665,31.16,23.2126,16995910
2010-09-21,31.15,31.46,31.08,31.22,23.2573,23612740
2010-09-22,31.14,31.37,30.9275,31.06,23.1381,20258000
2010-09-23,30.77,31.01,30.51,30.6,22.7954,17938670
2010-09-24,31.19,31.48,30.98,31.44,23.4211,17402961
2010-09-27,31.46,31.48,31.19,31.24,23.2722,10058310
2010-09-28,31.28,31.48,30.84,31.41,23.3988,19118020
2010-09-29,31.31,31.51,31.21,31.4,23.3914,12394630
2010-09-30,31.6,31.91,31.15,31.28,23.302,23180381
2010-10-01,31.54,31.61,31.2,31.31,23.3243,13619590
2010-10-04,31.16,31.45,30.79,30.98,23.0785,14881500
2010-10-05,31.35,31.94,31.2799,31.81,23.6968,15091510
2010-10-06,31.8,32.079,31.66,32.0,23.8383,13307310
2010-10-07,32.16,32.16,31.735,31.93,23.7862,9573744
2010-10-08,31.99,32.32,31.86,32.195,23.9836,12642450
2010-10-11,32.23,32.29,32.03,32.11,23.9203,7427330
2010-10-12,32.01,32.2,31.64,32.09,23.9054,12817710
2010-10-13,32.29,32.7799,32.29,32.62,24.3002,27458260
2010-10-14,32.59,32.62,32.21,32.43,24.1586,11352690
2010-10-15,32.55,32.58,32.05,32.23,24.0097,17889090
2010-10-18,32.21,32.355,32.125,32.21,23.9948,8869897
2010-10-19,31.99,32.06,31.58,31.78,23.6744,21185461
2010-10-20,31.92,32.37,31.86,32.23,24.0097,17689039
2010-10-21,32.38,32.67,32.2,32.49,24.2033,17236980
2010-10-22,32.64,32.64,32.3,32.48,24.1959,11714450
2010-10-25,32.6,32.95,32.55,32.59,24.2778,12218760
2010-10-26,32.36,32.57,32.21,32.44,24.1661,14680310
2010-10-27,32.22,32.27,31.87,32.2,23.9873,15778410
2010-10-28,32.35,32.46,31.865,32.13,23.9352,13483340
2010-10-29,32.08,32.23,31.98,32.18,23.9724,9145104
2010-11-01,32.31,32.62,32.01,32.18,23.9724,9119752
2010-11-02,32.43,32.56,32.35,32.49,24.2033,8592585
2010-11-03,32.48,32.59,32.12,32.54,24.2406,16251910
2010-11-04,32.93,33.29,32.87,33.23,24.7546,17072270
2010-11-05,33.27,33.53,33.2,33.43,24.9036,12831330
2010-11-08,33.24,33.37,33.14,33.29,24.7993,10577980
2010-11-09,33.44,33.44,32.86,32.99,24.5758,10907710
2010-11-10,33.01,33.055,32.68,32.98,24.5684,11871110
2010-11-11,32.74,32.85,32.58,32.795,24.4306,9976449
2010-11-12,32.58,32.72,32.25,32.41,24.1437,14176810
2010-11-15,32.46,32.78,32.45,32.51,24.2182,17186721
2010-11-16,32.29,32.4,31.82,31.985,23.8271,25741359
2010-11-17,31.99,32.1,31.84,32.01,23.8458,15984850
2010-11-18,32.38,32.74,32.38,32.66,24.33,18908180
2010-11-19,32.56,32.77,32.42,32.76,24.4045,11092320
2010-11-22,32.62,32.75,32.25,32.69,24.3523,8655576
2010-11-23,32.35,32.38,32.07,32.24,24.0171,14588510
2010-11-24,32.45,33.01,32.45,32.97,24.5609,12095140
2010-11-26,32.67,32.88,32.61,32.72,24.3747,5190915
2010-11-29,32.51,32.78,32.24,32.69,24.3523,8081626
2010-11-30,32.38,32.79,32.31,32.61,24.2927,14234260
2010-12-01,33.11,33.52,33.11,33.45,24.9185,16577010
2010-12-02,33.5,34.04,33.46,33.97,25.3059,12706220
2010-12-03,33.8,34.09,33.66,34.04,25.358,10593950
2010-12-06,33.94,34.13,33.82,34.0175,25.3413,16350940
2010-12-07,34.36,34.43,34.1,34.11,25.4102,19222119
2010-12-08,34.15,34.25,33.89,33.99,25.3208,18080359
2010-12-09,34.2,34.26,33.97,34.09,25.3953,10672850
2010-12-10,34.22,34.46,34.09,34.395,25.6225,9182625
2010-12-13,34.65,34.66,34.4,34.42,25.6411,9198578
2010-12-14,34.51,34.71,34.46,34.58,25.7603,9619355
2010-12-15,34.55,34.74,34.38,34.44,25.656,11470780
2010-12-16,34.43,34.82,34.38,34.82,25.9391,9357534
2010-12-17,34.72,34.72,34.39,34.54,25.8619,8233671
2010-12-20,34.62,34.68,34.36,34.53,25.8545,7327369
2010-12-21,34.66,34.84,34.56,34.81,26.0641,7127648
2010-12-22,34.86,34.91,34.78,34.89,26.124,5748503
2010-12-23,34.87,34.89,34.71,34.82,26.0716,4177686
2010-12-27,34.73,34.9,34.6,34.88,26.1165,3150977
2010-12-28,34.91,34.95,34.71,34.86,26.1016,3581266
2010-12-29,34.97,35.0,34.87,34.89,26.124,3893360
2010-12-30,34.85,34.96,34.79,34.83,26.0791,4316067
2010-12-31,34.81,34.92,34.71,34.87,26.109,4004221
2011-01-03,35.05,35.32,35.05,35.12,26.2962,6400748
2011-01-04,35.22,35.22,34.73,35.07,26.2588,10059600
2011-01-05,34.93,35.35,34.89,35.25,26.3936,9908842
2011-01-06,35.3,35.39,35.08,35.19,26.3486,9881667
2011-01-07,35.31,35.5,35.03,35.26,26.4011,11827870
2011-01-10,35.15,35.39,35.03,35.31,26.4385,9419356
2011-01-11,35.55,35.61,35.25,35.44,26.5358,7217217
2011-01-12,35.7,35.84,35.63,35.73,26.753,7173357
2011-01-13,35.76,35.88,35.67,35.765,26.7792,9859380
2011-01-14,35.74,35.94,35.67,35.91,26.8877,9937349
2011-01-18,36.01,36.18,35.97,36.17,27.0824,9008406
2011-01-19,36.14,36.14,35.66,35.79,26.7979,11443510
2011-01-20,35.64,35.78,35.38,35.61,26.6631,19478551
2011-01-21,36.09,36.18,35.79,35.9,26.8803,13339210
2011-01-24,35.93,36.2909,35.8628,36.24,27.1348,9585362
2011-01-25,36.16,36.23,35.87,36.195,27.1011,12919230
2011-01-26,36.19,36.52,36.175,36.41,27.2621,15750680
2011-01-27,36.45,36.65,36.38,36.545,27.3632,9505779
2011-01-28,36.64,36.82,35.78,35.83,26.8278,18193590
2011-01-31,35.92,36.275,35.87,36.24,27.1348,11530300
2011-02-01,36.47,36.8,36.38,36.75,27.5167,13750590
2011-02-02,36.66,36.82,36.6,36.635,27.4306,13112880
2011-02-03,36.69,36.69,36.4,36.65,27.4418,10043580
2011-02-04,36.75,36.81,36.51,36.78,27.5392,8689378
2011-02-07,36.88,37.22,36.88,37.125,27.7975,9793021
2011-02-08,37.27,37.39,37.09,37.375,27.9847,10042000
2011-02-09,37.29,37.41,37.18,37.37,27.9809,12441660
2011-02-10,37.2,37.62,37.125,37.57,28.1307,13896730
2011-02-11,37.42,37.925,37.38,37.85,28.3403,11210640
2011-02-14,37.9,37.905,37.69,37.81,28.3104,6367444
2011-02-15,37.73,37.74,37.48,37.67,28.2055,8727886
2011-02-16,37.87,38.0,37.6,37.85,28.3403,11612480
2011-02-17,37.8,37.98,37.69,37.94,28.4077,10252060
2011-02-18,37.96,38.085,37.9,38.045,28.4863,10110750
2011-02-22,37.63,37.69,36.82,36.9375,27.6571,13824780
2011-02-23,36.91,36.91,35.91,36.29,27.1723,52705699
2011-02-24,36.22,36.7299,36.1,36.5,27.3295,19520551
2011-02-25,36.77,36.88,36.6,36.83,27.5766,12159730
2011-02-28,37.03,37.2,36.82,37.01,27.7114,10369210
2011-03-01,37.2,37.22,36.14,36.225,27.1236,19056029
2011-03-02,36.15,36.65,36.13,36.395,27.2509,22821529
2011-03-03,36.87,37.38,36.8,37.275,27.9098,21481270
2011-03-04,37.21,37.27,36.536,36.841,27.5848,19897391
2011-03-07,37.02,37.14,36.1,36.5,27.3295,22921961
2011-03-08,36.57,37.23,36.43,37.07,27.7563,15966080
2011-03-09,36.97,37.13,36.65,36.99,27.6964,19671910
2011-03-10,36.52,36.68,36.125,36.245,27.1386,31935141
2011-03-11,36.1,36.83,36.09,36.67,27.4568,17060189
2011-03-14,36.43,36.535,35.961,36.36,27.2247,26105170
2011-03-15,35.39,36.27,35.18,36.02,26.9701,30522320
2011-03-16,35.9,36.06,35.08,35.35,26.4684,31509789
2011-03-17,35.93,36.28,35.68,35.9,26.8803,29125850
2011-03-18,36.31,36.38,35.87,35.97,27.051,18546020
2011-03-21,36.68,36.9352,36.52,36.76,27.6451,11453430
2011-03-22,36.78,36.78,36.4,36.465,27.4232,11763060
2011-03-23,36.35,36.69,36.18,36.59,27.5172,13560800
2011-03-24,36.76,37.0,36.58,36.97,27.803,17950131
2011-03-25,37.06,37.28,36.93,37.1,27.9008,13963240
2011-03-28,37.21,37.33,37.06,37.0675,27.8763,9124579
2011-03-29,37.06,37.37,36.85,37.37,28.1038,10845040
2011-03-30,37.59,37.65,37.42,37.52,28.2166,14824320
2011-03-31,37.47,37.77,37.47,37.665,28.3257,12790540
2011-04-01,37.85,38.2124,37.85,37.98,28.5626,19070420
2011-04-04,38.13,38.13,37.87,38.03,28.6002,10374700
2011-04-05,37.97,38.15,37.815,37.89,28.4949,14576900
2011-04-06,38.14,38.15,37.73,37.93,28.525,13974550
2011-04-07,37.86,38.02,37.58,37.75,28.3896,13436420
2011-04-08,37.97,37.98,37.205,37.42,28.1414,16280720
2011-04-11,37.51,37.65,37.25,37.39,28.1189,12342800
2011-04-12,37.15,37.31,36.91,37.11,27.9083,15049030
2011-04-13,37.29,37.3,36.79,37.0,27.8256,14816440
2011-04-14,36.81,37.06,36.47,37.0,27.8256,14018180
2011-04-15,37.09,37.26,36.98,37.13,27.9233,17722990
2011-04-18,36.75,36.75,36.24,36.6,27.5248,18557410
2011-04-19,36.69,36.98,36.69,36.92,27.7654,15718470
2011-04-20,37.47,37.7,37.39,37.52,28.2166,18141850
2011-04-21,37.79,37.79,37.45,37.63,28.2994,9808736
2011-04-25,37.61,37.67,37.41,37.52,28.2166,9686826
2011-04-26,37.84,38.35,37.76,38.24,28.7581,13168070
2011-04-27,38.34,38.49,37.99,38.41,28.886,15939050
2011-04-28,38.41,38.63,38.34,38.54,28.9837,17645150
2011-04-29,38.65,38.87,38.64,38.7,29.104,17245641
2011-05-02,38.96,38.98,38.57,38.64,29.0589,15338690
2011-05-03,38.58,38.65,38.29,38.48,28.9386,16566910
2011-05-04,38.47,38.52,37.82,37.92,28.5175,28948740
2011-05-05,37.71,38.22,37.53,37.74,28.3821,34754980
2011-05-06,38.42,38.52,37.93,38.07,28.6303,26419289
2011-05-09,38.06,38.39,37.97,38.23,28.7506,10792990
2011-05-10,38.36,38.59,38.36,38.58,29.0138,15208610
2011-05-11,38.5,38.55,37.93,38.06,28.6227,21212010
2011-05-12,37.92,38.26,37.7,38.14,28.6829,18101539
2011-05-13,38.18,38.28,37.58,37.68,28.337,20606029
2011-05-16,37.5,37.88,37.45,37.54,28.2317,17250910
2011-05-17,37.33,37.4,36.88,37.03,27.8481,33980754
2011-05-18,37.15,37.58,36.91,37.53,28.2242,21989510
2011-05-19,37.7,37.98,37.59,37.77,28.4046,18037350
2011-05-20,37.72,37.72,37.25,37.37,28.1038,17181820
2011-05-23,36.87,37.05,36.65,36.84,27.7052,25556609
2011-05-24,37.03,37.05,36.58,36.65,27.5624,20280631
2011-05-25,36.5,37.14,36.42,36.96,27.7955,20896010
2011-05-26,36.81,37.18,36.71,37.11,27.9083,17463670
2011-05-27,37.24,37.39,37.16,37.29,28.0437,14888610
2011-05-31,37.59,37.74,37.29,37.63,28.2994,21659520
2011-06-01,37.47,37.56,36.28,36.4,27.3743,35595152
2011-06-02,36.5,36.825,36.3,36.59,27.5172,32240619
2011-06-03,36.07,36.3888,35.98,36.1,27.1487,21335689
2011-06-06,35.95,36.165,35.771,35.84,26.9532,22800420
2011-06-07,36.01,36.12,35.8,35.82,26.9382,16412160
2011-06-08,35.73,35.79,35.45,35.51,26.705,29280010
2011-06-09,35.65,35.93,35.5498,35.78,26.9081,20611119
2011-06-10,35.59,35.66,35.16,35.21,26.4794,23679789
2011-06-13,35.38,35.455,35.05,35.22,26.4869,22249660
2011-06-14,35.61,36.04,35.58,35.89,26.9908,20142039
2011-06-15,35.57,35.78,35.26,35.345,26.5809,28389000
2011-06-16,35.34,35.71,35.18,35.47,26.6749,25782010
2011-06-17,35.66,35.7384,35.33,35.45,26.7921,29131449
2011-06-20,35.29,35.82,35.29,35.76,27.0264,15241330
2011-06-21,36.0,36.4,35.95,36.32,27.4496,20737820
2011-06-22,36.21,36.53,36.09,36.12,27.2985,14292180
2011-06-23,35.59,36.07,35.33,36.04,27.238,22866381
2011-06-24,36.04,36.1,35.57,35.63,26.9281,12507800
2011-06-27,35.6,36.06,35.5,35.91,27.1397,11199750
2011-06-28,36.06,36.48,35.95,36.47,27.563,13263870
2011-06-29,36.73,36.78,36.37,36.66,27.7066,19847119
2011-06-30,36.74,37.34,36.69,37.24,28.1449,18578471
2011-07-01,37.22,37.99,37.2,37.91,28.6513,23998609
2011-07-05,37.88,37.89,37.58,37.695,28.4888,19248789
2011-07-06,37.63,38.0,37.6,37.9,28.6437,19802779
2011-07-07,38.31,38.43,38.105,38.3,28.946,30538369
2011-07-08,37.79,37.84,37.57,37.82,28.5833,21673760
2011-07-11,37.38,37.46,36.98,37.12,28.0542,20456141
2011-07-12,36.98,37.12,36.72,36.76,27.7822,31263580
2011-07-13,37.02,37.34,36.81,36.91,27.8955,15477110
2011-07-14,36.91,37.14,36.4,36.51,27.5932,20189980
2011-07-15,36.66,36.67,36.19,36.54,27.6159,17200789
2011-07-18,36.34,36.45,35.91,36.13,27.306,17277359
2011-07-19,36.35,36.69,36.2731,36.601,27.662,15177870
2011-07-20,36.77,36.81,36.535,36.67,27.7141,9926302
2011-07-21,36.9,37.35,36.84,37.22,28.1298,18066359
2011-07-22,37.06,37.09,36.7,36.83,27.8351,20127699
2011-07-25,36.5,37.028,36.45,36.81,27.8199,13278610
2011-07-26,36.68,36.71,36.045,36.13,27.306,24912020
2011-07-27,35.96,35.98,35.05,35.15,26.5654,42181551
2011-07-28,35.19,35.51,34.77,34.85,26.3386,32606260
2011-07-29,34.51,35.02,34.1937,34.68,26.2101,27382150
2011-08-01,35.16,35.215,34.06,34.46,26.0439,36471566
2011-08-02,34.12,34.43,33.26,33.26,25.137,43640152
2011-08-03,33.29,33.58,32.67,33.56,25.3637,49331301
2011-08-04,33.0,33.07,31.7,31.76,24.0033,49619578
2011-08-05,32.21,32.41,30.97,31.76,24.0033,67180734
2011-08-08,30.62,31.18,29.5,29.52,22.3104,64519520
2011-08-09,29.92,30.98,29.03,30.98,23.4138,55588980
2011-08-10,30.38,30.55,29.38,29.4,22.2197,45041930
2011-08-11,29.66,31.26,29.45,30.8,23.2778,40562961
2011-08-12,31.2,31.57,30.86,31.4,23.7312,29823721
2011-08-15,31.59,31.94,31.5274,31.87,24.0864,36619273
2011-08-16,31.51,31.78,31.15,31.42,23.7463,29966801
2011-08-17,31.69,31.87,31.08,31.32,23.6708,28800520
2011-08-18,30.41,30.44,29.3,29.585,22.3595,36126859
2011-08-19,29.13,30.06,29.09,29.13,22.0156,36632859
2011-08-22,29.9,29.9,29.14,29.24,22.0988,26084461
2011-08-23,29.35,30.27,29.172,30.27,22.8772,30759250
2011-08-24,30.18,30.935,30.09,30.88,23.3382,19661260
2011-08-25,31.09,31.25,30.19,30.3,22.8999,23239551
2011-08-26,30.11,31.05,29.59,30.93,23.376,24837289
2011-08-29,31.28,31.94,31.28,31.91,24.1167,22387119
2011-08-30,31.81,32.41,31.56,32.18,24.3207,25620779
2011-08-31,32.47,32.89,32.12,32.4,24.487,32650430
2011-09-01,32.45,32.78,31.84,31.87,24.0864,39363887
2011-09-02,31.17,31.3,30.73,30.85,23.3155,30905211
2011-09-06,29.99,30.6,29.75,30.53,23.0737,25692051
2011-09-07,31.08,31.51,30.95,31.48,23.7917,26052381
2011-09-08,31.12,31.56,30.88,31.005,23.4327,24264650
2011-09-09,30.64,30.79,29.99,30.18,22.8092,34468578
2011-09-12,29.74,30.27,29.49,30.235,22.8507,30422381
2011-09-13,30.35,31.01,30.17,30.8,23.2778,41508621
2011-09-14,30.98,31.79,30.34,31.34,23.6859,35106871
2011-09-15,31.68,32.0,31.52,31.975,24.1658,32997648
2011-09-16,31.93,32.2,31.64,31.97,24.2973,30675971
2011-09-19,31.49,31.81,31.16,31.67,24.0693,25728539
2011-09-20,31.82,32.04,31.41,31.44,23.8945,24276801
2011-09-21,31.36,31.4,30.11,30.14,22.9065,39438969
2011-09-22,29.32,29.46,28.65,29.01,22.0477,49906129
2011-09-23,28.86,29.59,28.86,29.31,22.2757,40959848
2011-09-26,29.62,30.11,29.15,30.05,22.8381,28701109
2011-09-27,30.79,31.12,30.38,30.58,23.2409,31931670
2011-09-28,30.63,30.91,29.76,29.8,22.6481,22879539
2011-09-29,30.43,30.62,29.59,30.23,22.9749,25937461
2011-09-30,29.71,29.89,29.21,29.22,22.2073,35568281
2011-10-03,29.0,29.51,28.36,28.4,21.5841,31693711
2011-10-04,28.0,29.19,27.67,29.19,22.1845,37533770
2011-10-05,29.17,29.885,29.01,29.81,22.6557,26507859
2011-10-06,29.8,30.45,29.49,30.41,23.1117,18317410
2011-10-07,30.71,30.74,30.04,30.34,23.0585,26463279
2011-10-10,30.9,31.41,30.76,31.4,23.8641,19918801
2011-10-11,31.12,31.61,31.11,31.49,23.9325,17798820
2011-10-12,31.75,32.25,31.64,31.89,24.2365,26360910
2011-10-13,31.7,31.73,31.22,31.62,24.0313,14206920
2011-10-14,32.01,32.23,31.79,32.19,24.4645,12087710
2011-10-17,32.1,32.1,31.22,31.27,23.7653,15218280
2011-10-18,31.3,32.51,31.149,32.17,24.4493,22586461
2011-10-19,32.18,32.36,31.67,31.78,24.1529,14325470
2011-10-20,31.87,32.18,31.54,32.05,24.3581,17667930
2011-10-21,32.35,32.71,32.24,32.67,24.8293,17444000
2011-10-24,32.9,33.395,32.8,33.28,25.2929,20781270
2011-10-25,32.86,32.99,32.34,32.6,24.7761,21930900
2011-10-26,33.04,33.1,32.39,32.83,24.9509,19522109
2011-10-27,33.87,34.58,33.69,34.26,26.0377,27019510
2011-10-28,34.22,34.35,34.05,34.26,26.0377,11953170
2011-10-31,33.91,33.96,33.39,33.42,25.3993,14055300
2011-11-01,32.4,32.91,32.16,32.41,24.6317,33656320
2011-11-02,33.17,33.25,32.73,33.05,25.1181,15434580
2011-11-03,33.49,33.91,33.085,33.86,25.7337,18669570
2011-11-04,33.54,33.66,33.06,33.6,25.5361,12744580
2011-11-07,33.6,33.79,33.08,33.68,25.5969,14388320
2011-11-08,33.82,34.09,33.41,34.06,25.8857,16127680
2011-11-09,33.36,33.36,32.61,32.74,24.8825,23690561
2011-11-10,33.24,33.37,32.91,33.14,25.1865,23184650
2011-11-11,33.5,34.05,33.5,33.93,25.7869,13918120
2011-11-14,33.84,33.97,33.525,33.72,25.6273,11332240
2011-11-15,33.56,34.07,33.47,33.92,25.7793,12431530
2011-11-16,33.52,34.01,33.36,33.42,25.3993,14013780
2011-11-17,33.35,33.419,32.56,32.84,24.9585,23763779
2011-11-18,33.01,33.11,32.74,32.92,25.0193,13851040
2011-11-21,32.42,32.42,31.8,32.16,24.4417,18028590
2011-11-22,32.15,32.1888,31.72,31.95,24.2821,19366529
2011-11-23,31.69,31.7,31.19,31.21,23.7197,18879990
2011-11-25,31.08,31.58,31.08,31.16,23.6817,7025176
2011-11-28,32.11,32.41,31.965,32.21,24.4797,15617930
2011-11-29,32.32,32.6295,32.15,32.24,24.5025,18321311
2011-11-30,33.308,33.89,33.11,33.89,25.7565,23767779
2011-12-01,33.7,33.97,33.64,33.78,25.6729,17912010
2011-12-02,34.0,34.24,33.67,33.71,25.6197,18372930
2011-12-05,34.26,34.34,33.83,34.07,25.8933,17993061
2011-12-06,34.14,34.32,33.93,34.06,25.8857,12618280
2011-12-07,34.08,34.1701,33.6,34.05,25.8781,25266410
2011-12-08,33.83,33.9,33.13,33.21,25.2397,17456789
2011-12-09,33.45,34.05,33.39,33.97,25.8173,22390490
2011-12-12,33.69,33.69,33.075,33.35,25.3461,15878090
2011-12-13,33.64,33.78,32.76,32.91,25.0117,25789221
2011-12-14,32.64,32.9,32.45,32.52,24.7153,19621939
2011-12-15,32.97,33.02,32.615,32.75,24.8901,14535040
2011-12-16,32.81,33.13,32.54,32.67,24.9957,35073699
2011-12-19,32.74,33.0,32.22,32.33,24.7355,16276590
2011-12-20,32.81,33.5,32.81,33.435,25.5809,24973850
2011-12-21,33.4,33.54,32.98,33.45,25.5924,18989930
2011-12-22,33.49,33.83,33.49,33.765,25.8334,12781010
2011-12-23,33.91,34.09,33.76,34.09,26.0821,5526277
2011-12-27,33.96,34.15,33.89,34.08,26.0744,5313725
2011-12-28,34.12,34.12,33.46,33.54,25.6613,10798570
2011-12-29,33.56,33.99,33.55,33.96,25.9826,6053565
2011-12-30,33.89,34.02,33.75,33.75,25.822,4281678
2012-01-03,34.41,34.81,34.41,34.49,26.3881,19704590
2012-01-04,34.38,34.69,34.3,34.65,26.5105,10290260
2012-01-05,34.43,34.68,34.15,34.66,26.5182,8828882
2012-01-06,34.74,34.745,34.48,34.59,26.4646,8702393
2012-01-09,34.69,34.9,34.54,34.845,26.6597,15523340
2012-01-10,35.33,35.42,35.25,35.35,27.0461,17201119
2012-01-11,35.22,35.53,35.2,35.46,27.1303,9828867
2012-01-12,35.57,35.84,35.39,35.77,27.3674,9283676
2012-01-13,35.49,35.54,35.16,35.495,27.157,10861800
2012-01-17,35.97,36.03,35.62,35.67,27.2909,10633540
2012-01-18,35.55,36.01,35.51,35.99,27.5358,15984240
2012-01-19,36.18,36.38,36.085,36.37,27.8265,9950588
2012-01-20,36.16,36.25,36.02,36.16,27.6658,11160130
2012-01-23,36.1,36.45,36.0,36.12,27.6352,13137690
2012-01-24,35.84,36.17,35.77,36.16,27.6658,5678937
2012-01-25,36.02,36.67,35.86,36.56,27.9719,13684250
2012-01-26,36.79,36.92,36.38,36.49,27.9183,11594880
2012-01-27,36.32,36.59,36.29,36.46,27.8954,6931099
2012-01-30,36.13,36.36,36.0,36.33,27.7959,9737664
2012-01-31,36.49,36.62,36.04,36.22,27.7117,18226869
2012-02-01,36.5,36.82,36.5,36.61,28.0101,11771050
2012-02-02,36.69,36.75,36.52,36.63,28.0254,9223964
2012-02-03,37.04,37.32,36.98,37.26,28.5074,11530580
2012-02-06,37.0,37.259,36.98,37.17,28.4386,8686781
2012-02-07,37.09,37.21,36.78,37.13,28.408,9038808
2012-02-08,37.21,37.275,37.03,37.21,28.4692,10111760
2012-02-09,37.35,37.375,37.1,37.31,28.5457,9383875
2012-02-10,36.98,36.985,36.73,36.97,28.2856,14726820
2012-02-13,37.29,37.45,37.03,37.42,28.6299,16480650
2012-02-14,37.31,37.32,37.02,37.29,28.5304,13354040
2012-02-15,37.42,37.42,36.71,36.8,28.1555,18457221
2012-02-16,36.8,37.16,36.71,37.14,28.4156,12220170
2012-02-17,37.25,37.39,37.15,37.28,28.5227,9207525
2012-02-21,37.47,37.57,37.265,37.41,28.6222,13518640
2012-02-22,37.37,37.47,37.23,37.37,28.5916,9040847
2012-02-23,37.33,37.53,37.17,37.49,28.6834,9914863
2012-02-24,37.58,37.66,37.42,37.48,28.6758,8444481
2012-02-27,37.23,37.66,37.11,37.51,28.6987,13756720
2012-02-28,37.48,37.55,37.3,37.46,28.6605,12782230
2012-02-29,37.56,37.62,37.16,37.23,28.4845,14362090
2012-03-01,37.29,37.51,37.2,37.36,28.5839,15367830
2012-03-02,37.39,37.45,37.02,37.14,28.4156,11497300
2012-03-05,37.05,37.09,36.75,36.88,28.2167,15998780
2012-03-06,36.35,36.48,35.955,36.05,27.5817,27730270
2012-03-07,36.18,36.48,36.15,36.42,27.8648,14552870
2012-03-08,36.75,37.02,36.59,36.94,28.2626,16027430
2012-03-09,37.02,37.17,36.81,37.02,28.3238,17457500
2012-03-12,37.07,37.13,36.9,37.01,28.3162,10597640
2012-03-13,37.26,37.8,37.07,37.78,28.9053,25778660
2012-03-14,37.71,37.88,37.5815,37.69,28.8364,12872960
2012-03-15,37.8,38.17,37.61,38.14,29.1807,15961140
2012-03-16,38.09,38.1,37.85,37.98,29.1938,10822550
2012-03-19,37.96,38.11,37.83,37.98,29.1938,13637600
2012-03-20,37.67,37.76,37.39,37.54,28.8556,16480920
2012-03-21,37.62,37.67,37.43,37.52,28.8402,9452100
2012-03-22,37.24,37.25,36.8,37.1,28.5174,20800020
2012-03-23,37.06,37.22,36.845,37.16,28.5635,11172730
2012-03-26,37.45,37.71,37.45,37.71,28.9862,22876500
2012-03-27,37.73,37.79,37.58,37.59,28.894,11364210
2012-03-28,37.54,37.63,36.91,37.23,28.6173,26574750
2012-03-29,36.89,37.3,36.75,37.25,28.6327,18527520
2012-03-30,37.47,37.52,37.23,37.415,28.7595,12711390
2012-04-02,37.34,37.79,37.1613,37.66,28.9478,24390609
2012-04-03,37.56,37.66,37.22,37.39,28.7403,10447110
2012-04-04,37.03,37.19,36.95,37.12,28.5327,13437620
2012-04-05,37.01,37.17,36.9166,36.97,28.4174,10535720
2012-04-09,36.37,36.53,36.27,36.37,27.9562,13810920
2012-04-10,36.33,36.33,35.56,35.63,27.3874,21444510
2012-04-11,36.1,36.19,35.9,36.03,27.6949,19239090
2012-04-12,36.1,36.82,36.03,36.8,28.2868,24078240
2012-04-13,36.57,36.63,36.32,36.33,27.9255,17838820
2012-04-16,36.55,36.71,36.285,36.43,28.0024,20864160
2012-04-17,36.69,37.12,36.53,37.03,28.4636,16311980
2012-04-18,36.85,37.02,36.77,36.87,28.3406,13415120
2012-04-19,36.89,36.97,36.25,36.46,28.0254,25315801
2012-04-20,36.78,36.94,36.62,36.77,28.2637,18231730
2012-04-23,36.31,36.4,36.08,36.36,27.9486,25099230
2012-04-24,36.53,36.8657,36.5,36.84,28.3175,15002430
2012-04-25,37.13,37.17,36.8,36.91,28.3713,18132189
2012-04-26,36.83,37.17,36.76,37.13,28.5404,14809160
2012-04-27,37.33,37.445,37.1,37.36,28.7172,13838290
2012-04-30,37.22,37.28,36.87,37.01,28.4482,16463740
2012-05-01,36.93,37.3999,36.64,37.12,28.5327,17562199
2012-05-02,36.86,37.16,36.78,37.13,28.5404,10906450
2012-05-03,37.14,37.2,36.73,36.83,28.3098,12904900
2012-05-04,36.65,36.69,36.2,36.3,27.9024,20063400
2012-05-07,36.1,36.38,36.09,36.2,27.8256,15554120
2012-05-08,35.98,36.18,35.62,36.11,27.7564,18183180
2012-05-09,35.67,36.03,35.46,35.69,27.4336,31136400
2012-05-10,35.99,36.13,35.665,35.74,27.472,13296700
2012-05-11,35.52,36.05,35.51,35.67,27.4182,14050620
2012-05-14,35.35,35.56,35.11,35.255,27.0992,23499400
2012-05-15,35.2,35.47,34.98,35.08,26.9647,14061700
2012-05-16,35.35,35.53,35.0,35.04,26.9339,14807660
2012-05-17,35.01,35.07,34.27,34.29,26.3574,23972490
2012-05-18,34.4,34.62,34.02,34.12,26.2268,21482330
2012-05-21,34.33,34.91,34.31,34.88,26.8109,16473471
2012-05-22,35.01,35.2301,34.765,35.01,26.9109,14395970
2012-05-23,34.72,35.27,34.38,35.2,27.0569,25824340
2012-05-24,35.29,35.3301,34.77,35.16,27.0262,13768070
2012-05-25,35.17,35.24,34.8399,34.92,26.8417,8026492
2012-05-29,35.21,35.5,35.175,35.39,27.203,14105280
2012-05-30,35.07,35.07,34.73,34.8,26.7494,15655430
2012-05-31,34.7,34.92,34.265,34.67,26.6495,17828670
2012-06-01,33.98,34.15,33.67,33.71,25.9116,24430461
2012-06-04,33.73,33.77,33.08,33.36,25.6426,23893061
2012-06-05,33.27,33.51,33.14,33.455,25.7156,17784500
2012-06-06,33.76,34.36,33.6999,34.345,26.3997,20089609
2012-06-07,34.77,35.06,34.485,34.54,26.5496,21550230
2012-06-08,34.53,34.83,34.32,34.8,26.7494,12402070
2012-06-11,35.16,35.18,34.31,34.345,26.3997,15671320
2012-06-12,34.51,34.935,34.33,34.9,26.8263,20210801
2012-06-13,34.75,34.9,34.39,34.55,26.5573,22045141
2012-06-14,34.64,34.96,34.43,34.82,26.7648,22124990
2012-06-15,34.82,34.97,34.76,34.955,26.9957,12906060
2012-06-18,34.81,35.17,34.7,35.04,27.0614,13381030
2012-06-19,35.201,35.695,35.19,35.51,27.4244,12630300
2012-06-20,35.4,35.51,35.07,35.32,27.2776,20907580
2012-06-21,35.44,35.535,34.59,34.625,26.7409,16671660
2012-06-22,34.73,34.83,34.49,34.75,26.8374,11993040
2012-06-25,34.34,34.4,33.97,34.105,26.3393,20371570
2012-06-26,34.17,34.27,33.84,34.17,26.3895,13684520
2012-06-27,34.3,34.58,34.24,34.5,26.6443,14267590
2012-06-28,34.26,34.51,34.06,34.47,26.6212,18115369
2012-06-29,35.23,35.67,35.07,35.67,27.5479,18559820
2012-07-02,35.76,35.82,35.12,35.36,27.3085,14682390
2012-07-03,35.33,35.74,35.3,35.73,27.5943,10841780
2012-07-05,35.53,35.84,35.47,35.69,27.5634,8770937
2012-07-06,35.36,35.36,34.99,35.21,27.1927,9874935
2012-07-09,34.93,35.27,34.89,35.19,27.1772,7220678
2012-07-10,35.4,35.495,34.41,34.62,26.737,32477820
2012-07-11,34.6,34.66,34.17,34.34,26.5208,22717869
2012-07-12,34.14,34.38,33.87,34.21,26.4204,31598350
2012-07-13,34.28,34.89,34.23,34.87,26.9301,23745330
2012-07-16,34.71,34.74,34.38,34.63,26.7447,15931580
2012-07-17,34.56,34.92,34.32,34.78,26.8606,17282160
2012-07-18,34.67,35.52,34.67,35.43,27.3626,30368439
2012-07-19,35.52,35.715,35.34,35.595,27.49,14611580
2012-07-20,35.36,35.5,35.12,35.16,27.1541,16714881
2012-07-23,34.62,35.11,34.5,34.98,27.015,15299040
2012-07-24,35.01,35.06,34.32,34.59,26.7138,22018410
2012-07-25,34.84,35.02,34.48,34.71,26.8065,23364971
2012-07-26,35.11,35.39,34.97,35.24,27.2158,16735830
2012-07-27,35.29,36.19,35.29,36.01,27.8105,18798369
2012-07-30,35.96,36.17,35.8,35.91,27.7333,12948360
2012-07-31,35.9,36.09,35.795,35.81,27.656,13125240
2012-08-01,35.99,36.05,35.55,35.57,27.4707,17120490
2012-08-02,35.44,35.59,35.0,35.39,27.3317,16934391
2012-08-03,35.84,36.32,35.83,36.16,27.9264,16954410
2012-08-06,36.32,36.465,36.16,36.16,27.9264,14753060
2012-08-07,36.31,36.7,36.31,36.53,28.2121,16614141
2012-08-08,36.39,36.53,36.2943,36.48,28.1735,10220070
2012-08-09,36.46,36.59,36.3711,36.51,28.1967,12669710
2012-08-10,36.37,36.7,36.28,36.68,28.328,10448960
2012-08-13,36.61,36.64,36.35,36.6,28.2662,13026130
2012-08-14,36.78,36.78,36.46,36.55,28.2276,9495620
2012-08-15,36.36,36.69,36.35,36.63,28.2893,9976934
2012-08-16,36.62,37.07,36.56,37.0,28.5751,12785990
2012-08-17,37.0,37.21,37.0,37.18,28.7141,8877571
2012-08-20,37.08,37.17,36.93,37.1,28.6523,6612369
2012-08-21,37.23,37.39,36.9204,37.02,28.5905,10171260
2012-08-22,36.88,37.0,36.69,36.84,28.4515,10960370
2012-08-23,36.79,36.79,36.46,36.54,28.2198,11984980
2012-08-24,36.41,36.805,36.405,36.71,28.3511,8736143
2012-08-27,36.78,36.83,36.57,36.6,28.2662,5976965
2012-08-28,36.56,36.65,36.45,36.46,28.158,8513537
2012-08-29,36.46,36.59,36.32,36.45,28.1503,8432030
2012-08-30,36.32,36.34,36.05,36.14,27.9109,8604040
2012-08-31,36.38,36.53,36.13,36.36,28.0808,9433046
2012-09-04,36.24,36.32,35.82,35.98,27.7873,17603070
2012-09-05,35.99,36.06,35.75,35.88,27.7101,11777290
2012-09-06,36.08,36.7,36.08,36.685,28.3318,12695180
2012-09-07,36.8,37.04,36.79,37.0,28.5751,10639070
2012-09-10,36.89,36.98,36.75,36.76,28.3897,8961594
2012-09-11,36.75,37.06,36.73,36.96,28.5442,10463630
2012-09-12,37.07,37.18,36.94,37.11,28.66,8450342
2012-09-13,37.02,37.69,36.85,37.53,28.9844,16405689
2012-09-14,37.38,38.07,37.38,37.76,29.162,12252980
2012-09-17,37.62,37.71,37.49,37.58,29.023,7801449
2012-09-18,37.45,37.6,37.42,37.59,29.0307,8073095
2012-09-19,37.52,37.745,37.41,37.68,29.1002,9284230
2012-09-20,37.35,37.36,37.15,37.32,28.8222,12558140
2012-09-21,37.25,37.28,36.84,36.975,28.7406,15045810
2012-09-24,36.74,37.06,36.7,36.965,28.7328,11603130
2012-09-25,36.96,37.02,36.47,36.48,28.3558,14575220
2012-09-26,36.5,36.505,36.205,36.335,28.2431,12515110
2012-09-27,36.48,36.73,36.3,36.68,28.5113,13296770
2012-09-28,36.47,36.68,36.26,36.53,28.3947,13149210
2012-10-01,36.72,37.02,36.58,36.6991,28.5261,14697950
2012-10-02,36.83,36.87,36.5,36.64,28.4802,10301940
2012-10-03,36.8,36.9,36.54,36.83,28.6279,7831914
2012-10-04,37.03,37.12,36.9,37.04,28.7911,8888786
2012-10-05,37.29,37.42,37.0,37.16,28.8844,10555130
2012-10-08,36.94,37.13,36.89,37.07,28.8144,4917340
2012-10-09,37.07,37.11,36.615,36.64,28.4802,10963430
2012-10-10,36.5,36.6183,36.26,36.3,28.2159,14504440
2012-10-11,36.56,36.71,36.41,36.41,28.3014,8828799
2012-10-12,36.56,36.735,36.31,36.45,28.3325,9760745
2012-10-15,36.45,36.72,36.39,36.7,28.5268,9734665
2012-10-16,36.79,37.12,36.79,37.0879,28.8284,9357726
2012-10-17,37.16,37.36,37.09,37.315,29.0049,7774679
2012-10-18,37.15,37.54,37.13,37.42,29.0865,15649310
2012-10-19,37.1,37.22,36.65,36.79,28.5968,15722870
2012-10-22,36.68,36.95,36.37,36.69,28.5191,14300700
2012-10-23,36.25,36.44,36.11,36.32,28.2315,13211340
2012-10-24,36.5,36.51,36.04,36.09,28.0527,12980200
2012-10-25,36.42,36.5,35.99,36.29,28.2082,14926950
2012-10-26,36.23,36.49,36.11,36.32,28.2315,10533400
2012-10-31,36.49,36.78,36.36,36.4894,28.3631,10564200
2012-11-01,36.59,37.21,36.45,37.1406,28.8693,15309180
2012-11-02,37.35,37.44,36.815,36.83,28.6279,13363990
2012-11-05,36.69,37.09,36.67,37.03,28.7834,8532964
2012-11-06,37.21,37.61,37.14,37.43,29.0943,10045170
2012-11-07,37.12,37.12,36.35,36.55,28.4103,17347490
2012-11-08,36.55,36.66,36.16,36.17,28.1149,13403980
2012-11-09,36.01,36.58,36.0,36.27,28.1926,13424970
2012-11-12,36.37,36.55,36.24,36.37,28.2703,7727615
2012-11-13,36.06,36.64,36.06,36.27,28.1926,9957815
2012-11-14,36.39,36.39,35.32,35.415,27.528,22260789
2012-11-15,35.27,35.61,35.25,35.42,27.5319,15773980
2012-11-16,35.33,35.61,35.19,35.52,27.6096,13761100
2012-11-19,35.96,36.2,35.86,36.185,28.1265,10986660
2012-11-20,36.21,36.259,35.93,36.22,28.1537,8771787
2012-11-21,36.2,36.35,36.13,36.27,28.1926,4986665
2012-11-23,36.35,36.74,36.35,36.74,28.5579,3286513
2012-11-26,36.6,36.79,36.52,36.765,28.5774,7471812
2012-11-27,36.81,37.0099,36.65,36.69,28.5191,9702748
2012-11-28,36.5,37.03,36.35,37.0,28.76,11098710
2012-11-29,37.2,37.34,36.965,37.21,28.9233,10530930
2012-11-30,37.17,37.28,37.05,37.13,28.8611,7943367
2012-12-03,37.32,37.39,36.73,36.73,28.5502,10585030
2012-12-04,36.82,37.03,36.71,36.87,28.659,7175969
2012-12-05,36.95,37.4,36.71,37.26,28.9621,13665020
2012-12-06,37.24,37.29,37.01,37.25,28.9544,5501573
2012-12-07,37.46,37.515,37.25,37.495,29.1448,6770941
2012-12-10,37.48,37.72,37.39,37.68,29.2886,7387765
2012-12-11,37.88,37.97,37.68,37.76,29.3508,9455270
2012-12-12,37.95,38.12,37.78,37.82,29.3974,6921421
2012-12-13,37.75,37.98,37.58,37.7,29.3041,9328334
2012-12-14,37.61,37.83,37.6,37.62,29.242,6747840
2012-12-17,37.8,37.98,37.72,37.97,29.514,9667042
2012-12-18,38.01,38.5,37.91,38.46,29.8949,11656690
2012-12-19,38.52,38.53,38.23,38.25,29.7317,15895350
2012-12-20,38.3,38.45,38.21,38.45,29.8871,7665746
2012-12-21,37.62,37.99,37.5,37.93,29.6992,10871620
2012-12-24,37.84,37.93,37.75,37.82,29.6131,1647009
2012-12-26,37.93,37.96,37.64,37.69,29.5113,6267207
2012-12-27,37.74,37.77,37.23,37.63,29.4643,6386957
2012-12-28,37.34,37.62,37.18,37.22,29.1433,6625942
2012-12-31,37.12,37.9255,37.04,37.9,29.6757,13414390
2013-01-02,38.72,38.91,38.55,38.81,30.3882,14885620
2013-01-03,38.77,39.09,38.73,38.83,30.4039,9592078
2013-01-04,38.98,39.15,38.89,39.12,30.631,6466342
2013-01-07,39.0,39.03,38.81,38.95,30.4979,5513729
2013-01-08,38.83,38.919,38.5165,38.65,30.263,7543380
2013-01-09,38.8,39.12,38.77,39.04,30.5683,6851629
2013-01-10,39.24,39.26,38.95,39.23,30.7171,11710270
2013-01-11,39.12,39.19,39.01,39.09,30.6075,6999829
2013-01-14,39.16,39.25,39.07,39.24,30.7249,6250475
2013-01-15,39.03,39.39,39.01,39.35,30.8111,5115139
2013-01-16,39.14,39.21,39.085,39.19,30.6858,7569826
2013-01-17,39.38,39.68,39.28,39.61,31.0146,11890270
2013-01-18,39.77,39.96,39.59,39.93,31.2652,10912940
2013-01-22,39.84,40.09,39.77,40.09,31.3905,7550193
2013-01-23,40.0,40.16,39.9,40.1,31.3983,6431224
2013-01-24,40.11,40.9067,40.07,40.34,31.5862,6892965
2013-01-25,40.47,40.52,40.29,40.47,31.688,6908860
2013-01-28,40.63,40.65,40.32,40.5,31.7115,5583473
2013-01-29,40.41,40.6,40.35,40.59,31.782,5456045
2013-01-30,40.55,40.64,40.2,40.22,31.4923,6991176
2013-01-31,40.08,40.275,39.991,40.08,31.3827,9929233
2013-02-01,40.33,40.52,40.24,40.47,31.688,8661489
2013-02-04,40.27,40.35,40.07,40.12,31.414,8989542
2013-02-05,40.34,40.58,40.28,40.49,31.7037,8590645
2013-02-06,40.35,40.53,40.26,40.5,31.7115,11049430
2013-02-07,40.56,40.605,40.15,40.45,31.6724,8006981
2013-02-08,40.51,40.64,40.44,40.61,31.7976,7165161
2013-02-11,40.53,40.64,40.49,40.58,31.7742,7718633
2013-02-12,40.66,40.83,40.65,40.76,31.9151,5784271
2013-02-13,40.97,41.12,40.855,40.98,32.0874,6412278
2013-02-14,40.8,41.06,40.73,41.04,32.1343,9256084
2013-02-15,41.1,41.17,40.93,41.06,32.15,8009108
2013-02-19,41.22,41.39,41.1,41.36,32.3849,8524867
2013-02-20,41.41,41.42,40.79,40.82,31.9621,10619160
2013-02-21,40.66,40.73,40.34,40.52,31.7272,15582710
2013-02-22,40.67,40.89,40.67,40.84,31.9777,9693368
2013-02-25,41.06,41.11,39.98,40.0,31.32,10921380
2013-02-26,40.11,40.325,39.97,40.24,31.5079,14203890
2013-02-27,40.25,41.12,40.19,41.0,32.103,10214040
2013-02-28,41.07,41.29,40.925,40.97,32.0795,11139940
2013-03-01,40.71,41.05,40.47,40.9,32.0247,11544760
2013-03-04,40.82,40.83,40.42,40.82,31.9621,17799689
2013-03-05,41.08,41.62,41.08,41.4,32.4162,12343080
2013-03-06,41.66,41.67,41.33,41.4,32.4162,11365230
2013-03-07,41.51,41.59,41.37,41.43,32.4397,6392537
2013-03-08,41.72,41.86,41.535,41.82,32.7451,7986396
2013-03-11,41.78,41.98,41.69,41.96,32.8547,6118712
2013-03-12,41.82,41.93,41.54,41.72,32.6668,11166760
2013-03-13,41.72,41.95,41.63,41.92,32.8234,7192591
2013-03-14,42.0,42.16,41.96,42.12,32.98,5869841
2013-03-15,41.9,42.01,41.8,41.97,33.0051,9136207
2013-03-18,41.67,42.05,41.49,41.71,32.8007,6696592
2013-03-19,41.76,41.89,41.39,41.67,32.7692,12386150
2013-03-20,41.88,41.93,41.58,41.72,32.8085,16633061
2013-03-21,41.55,41.95,41.22,41.3,32.4782,6847449
2013-03-22,41.62,41.63,41.31,41.62,32.7299,6952287
2013-03-25,41.74,41.76,41.07,41.25,32.4389,18316680
2013-03-26,41.45,41.49,41.31,41.46,32.6041,8772178
2013-03-27,41.27,41.49,41.051,41.46,32.6041,6666499
2013-03-28,41.4,41.77,41.4,41.76,32.84,7851766
2013-04-01,41.7,41.71,41.17,41.25,32.4389,15500670
2013-04-02,41.39,41.44,41.04,41.12,32.3367,11715340
2013-04-03,41.2,41.26,40.805,40.87,32.1401,20235320
2013-04-04,40.91,41.11,40.87,41.05,32.2817,12607120
2013-04-05,40.51,41.0,40.44,40.97,32.2187,12848310
2013-04-08,40.94,41.21,40.81,41.21,32.4075,8246621
2013-04-09,41.33,41.49,41.06,41.34,32.5097,10682020
2013-04-10,41.53,41.925,41.3701,41.89,32.9422,11590300
2013-04-11,41.94,42.13,41.78,42.0,33.0287,9854934
2013-04-12,41.85,41.92,41.605,41.76,32.84,7438375
2013-04-15,41.48,41.53,40.46,40.49,31.8413,29888160
2013-04-16,40.86,41.07,40.73,41.04,32.2738,10143270
2013-04-17,40.71,40.78,40.13,40.36,31.739,15939220
2013-04-18,40.5,40.5,40.02,40.18,31.5975,16722689
2013-04-19,40.22,40.42,40.025,40.38,31.7548,15449090
2013-04-22,40.41,40.55,40.03,40.425,31.7902,13880310
2013-04-23,40.6,40.79,40.33,40.72,32.0221,11194340
2013-04-24,40.91,41.21,40.88,41.14,32.3524,9976288
2013-04-25,41.28,41.54,41.16,41.35,32.5176,9845366
2013-04-26,41.3,41.45,41.14,41.23,32.4232,7837591
2013-04-29,41.4,41.54,41.16,41.44,32.5883,7934223
2013-04-30,41.5,41.5,41.13,41.45,32.5962,8112898
2013-05-01,41.2,41.34,40.9,40.91,32.1716,12152650
2013-05-02,41.05,41.47,41.05,41.415,32.5687,7421931
2013-05-03,41.87,42.37,41.8297,42.13,33.131,14713890
2013-05-06,42.14,42.44,42.08,42.4,33.3433,13658280
2013-05-07,42.51,42.799,42.45,42.79,33.65,14717780
2013-05-08,42.72,43.07,42.64,43.06,33.8623,9877308
2013-05-09,43.08,43.295,42.94,43.06,33.8623,8065671
2013-05-10,43.13,43.21,42.885,43.19,33.9645,9576258
2013-05-13,43.14,43.16,42.89,43.02,33.8309,5737729
2013-05-14,43.16,43.55,43.04,43.55,34.2476,9893474
2013-05-15,43.35,43.74,43.29,43.73,34.3892,12427890
2013-05-16,43.55,43.8,43.44,43.51,34.2162,12043430
2013-05-17,43.7,44.18,43.68,44.17,34.7352,14377280
2013-05-20,44.04,44.44,44.04,44.3,34.8374,14154210
2013-05-21,44.31,44.55,44.235,44.36,34.8846,11247100
2013-05-22,44.43,44.7,43.82,43.97,34.5779,16560400
2013-05-23,43.43,43.95,43.43,43.85,34.4836,10854940
2013-05-24,43.58,43.78,43.38,43.71,34.3735,8787593
2013-05-28,44.25,44.35,43.86,43.94,34.5543,13685450
2013-05-29,43.73,43.889,43.55,43.69,34.3577,9297915
2013-05-30,43.82,44.155,43.71,43.95,34.5622,7269467
2013-05-31,43.84,44.275,43.49,43.53,34.2319,11180350
2013-06-03,43.71,43.805,43.23,43.74,34.3971,25628789
2013-06-04,43.74,43.97,43.2,43.5,34.2083,12262690
2013-06-05,43.33,43.38,42.66,42.71,33.5871,12775230
2013-06-06,42.775,43.02,42.55,42.98,33.7994,13916500
2013-06-07,43.34,43.815,43.17,43.79,34.4364,14067470
2013-06-10,43.94,43.94,43.52,43.66,34.3341,9390335
2013-06-11,43.23,43.63,43.11,43.26,34.0196,9883803
2013-06-12,43.59,43.62,42.89,42.96,33.7837,11072540
2013-06-13,42.92,43.665,42.83,43.59,34.2791,12985450
2013-06-14,43.55,43.76,43.25,43.3,34.051,8207166
2013-06-17,43.58,43.79,43.38,43.64,34.3184,8527341
2013-06-18,43.66,44.255,43.65,44.155,34.7234,8798350
2013-06-19,44.06,44.17,43.48,43.48,34.1926,13613020
2013-06-20,43.055,43.14,42.44,42.49,33.4141,19493131
2013-06-21,42.63,42.67,42.0014,42.3,33.4346,14635800
2013-06-24,41.91,41.965,41.3715,41.59,32.8734,17411189
2013-06-25,41.96,42.19,41.79,42.055,33.241,8717303
2013-06-26,42.46,42.65,42.2275,42.47,33.569,14745290
2013-06-27,42.82,43.01,42.69,42.89,33.901,9177756
2013-06-28,42.8,42.96,42.57,42.64,33.7034,13129250
2013-07-01,42.99,43.34,42.82,43.07,34.0432,15781430
2013-07-02,42.92,43.12,42.47,42.61,33.6796,12916850
2013-07-03,42.44,42.769,42.35,42.63,33.6955,6081871
2013-07-05,42.96,43.3,42.78,43.3,34.225,5687434
2013-07-08,43.38,43.69,43.35,43.415,34.3159,10901710
2013-07-09,43.74,44.24,43.73,44.03,34.802,13045070
2013-07-10,44.04,44.24,43.87,44.02,34.7941,9349571
2013-07-11,44.69,44.75,44.47,44.72,35.3474,14058640
2013-07-12,44.56,44.66,44.215,44.45,35.134,11366140
2013-07-15,44.58,44.6875,44.51,44.61,35.2605,11794210
2013-07-16,44.68,44.7377,44.31,44.37,35.0708,6269146
2013-07-17,44.59,44.69,44.42,44.5,35.1735,9605137
2013-07-18,44.6,45.08,44.54,44.95,35.5292,10896290
2013-07-19,45.11,45.43,45.05,45.41,35.8928,13266580
2013-07-22,45.49,45.57,45.36,45.44,35.9165,5961348
2013-07-23,45.59,45.64,45.27,45.41,35.8928,6252878
2013-07-24,45.56,45.64,44.99,45.06,35.6162,10964980
2013-07-25,44.94,45.08,44.675,45.08,35.632,7031865
2013-07-26,44.86,44.96,44.67,44.93,35.5134,5800205
2013-07-29,44.74,44.975,44.73,44.81,35.4186,8372254
2013-07-30,45.0,45.238,44.875,45.0,35.5687,7145109
2013-07-31,45.07,45.5,45.07,45.16,35.6952,12299980
2013-08-01,45.42,45.99,45.42,45.93,36.3038,12594470
2013-08-02,45.77,46.02,45.65,46.02,36.375,5988153
2013-08-05,45.83,45.97,45.771,45.845,36.2366,4468106
2013-08-06,45.76,45.76,45.42,45.5,35.9639,8234213
2013-08-07,45.3,45.45,45.19,45.43,35.9086,8927636
2013-08-08,45.68,45.78,45.45,45.64,36.0746,4971309
2013-08-09,45.67,45.67,45.315,45.49,35.956,5526168
2013-08-12,45.21,45.6,45.19,45.55,36.0035,6165456
2013-08-13,45.57,45.87,45.4,45.75,36.1616,7791657
2013-08-14,45.71,45.8,45.42,45.43,35.9086,10253020
2013-08-15,44.99,45.0599,44.77,44.92,35.5055,7586239
2013-08-16,44.89,45.1099,44.79,44.98,35.5529,8138823
2013-08-19,44.85,45.05,44.74,44.74,35.3632,5182325
2013-08-20,44.79,45.01,44.62,44.82,35.4265,6768623
2013-08-21,44.75,44.86,44.46,44.51,35.1814,7864983
2013-08-22,44.61,45.185,44.61,45.12,35.6636,9124557
2013-08-23,45.23,45.23,44.91,45.13,35.6715,5270429
2013-08-26,45.22,45.4,44.98,45.03,35.5925,6570271
2013-08-27,44.51,44.67,44.07,44.12,34.8732,14017050
2013-08-28,44.01,44.335,43.97,44.16,34.9048,7962868
2013-08-29,44.05,44.52,44.03,44.29,35.0075,4614383
2013-08-30,44.39,44.47,43.93,44.04,34.8099,8162934
2013-09-03,44.46,44.75,44.13,44.32,35.0313,9736664
2013-09-04,44.27,44.85,44.24,44.775,35.3909,7486897
2013-09-05,44.83,45.02,44.67,44.88,35.4739,4880220
2013-09-06,45.09,45.23,44.45,44.86,35.4581,11587160
2013-09-09,45.02,45.53,45.0125,45.42,35.9007,8454240
2013-09-10,45.79,46.16,45.717,46.08,36.4224,14050430
2013-09-11,46.07,46.29,45.94,46.27,36.5726,11984350
2013-09-12,46.23,46.355,46.04,46.08,36.4224,8270430
2013-09-13,46.17,46.22,45.93,46.21,36.5251,6506604
2013-09-16,46.8,46.95,46.64,46.81,36.9994,15521770
2013-09-17,46.76,47.07,46.74,47.01,37.1575,7650991
2013-09-18,47.05,47.7,46.892,47.6,37.6238,12259940
2013-09-19,47.77,48.01,47.72,47.76,37.7503,12368450
2013-09-20,47.66,47.68,46.93,46.96,37.2889,11923860
2013-09-23,46.88,47.01,46.59,46.81,37.1698,7456133
2013-09-24,46.78,47.25,46.76,46.98,37.3048,6754999
2013-09-25,47.03,47.125,46.77,46.77,37.1381,8193159
2013-09-26,46.85,47.08,46.7499,46.98,37.3048,5382966
2013-09-27,46.67,46.74,46.49,46.68,37.0666,5966083
2013-09-30,46.2,46.595,46.12,46.405,36.8482,7457966
2013-10-01,46.39,46.81,46.38,46.7,37.0825,11203980
2013-10-02,46.44,46.55,46.2,46.48,36.9078,9274724
2013-10-03,46.47,46.47,45.67,45.97,36.5028,15708660
2013-10-04,46.01,46.3,45.87,46.27,36.741,9868375
2013-10-07,45.68,46.26,45.68,45.95,36.4869,8956473
2013-10-08,45.99,46.11,45.41,45.43,36.074,17558750
2013-10-09,45.62,45.62,45.09,45.41,36.0582,14004270
2013-10-10,45.95,46.6,45.86,46.58,36.9872,14283410
2013-10-11,46.5,46.88,46.47,46.8,37.1619,8039036
2013-10-14,46.58,47.0051,46.45,46.98,37.3048,9823050
2013-10-15,46.88,46.995,46.46,46.51,36.9316,13450270
2013-10-16,46.73,46.92,46.47,46.819,37.177,11999380
2013-10-17,46.64,47.19,46.63,47.175,37.4597,10314660
2013-10-18,47.47,47.79,47.37,47.691,37.8694,12946840
2013-10-21,47.76,47.86,47.722,47.81,37.9639,6115431
2013-10-22,47.97,48.41,47.97,48.13,38.218,8021709
2013-10-23,48.06,48.18,47.83,48.15,38.2339,8815379
2013-10-24,48.24,48.56,48.2,48.51,38.5197,8303506
2013-10-25,48.62,48.78,48.34,48.76,38.7182,10031620
2013-10-28,48.6,48.82,48.58,48.69,38.6627,6635095
2013-10-29,48.76,48.83,48.51,48.83,38.7738,7591131
2013-10-30,48.94,48.99,48.47,48.61,38.5991,8914122
2013-10-31,48.53,48.95,48.42,48.62,38.6071,9898086
2013-11-01,48.73,49.08,48.57,48.97,38.885,9922617
2013-11-04,49.17,49.17,48.985,49.15,39.0279,5477421
2013-11-05,48.96,49.21,48.69,49.1,38.9882,6572081
2013-11-06,49.31,49.37,48.99,49.24,39.0994,5889554
2013-11-07,49.38,49.52,48.64,48.72,38.6865,10880930
2013-11-08,48.68,49.38,48.65,49.38,39.2106,8966032
2013-11-11,49.37,49.4,49.23,49.34,39.1788,5319440
2013-11-12,49.17,49.45,49.121,49.36,39.1947,10837960
2013-11-13,49.1,49.649,49.06,49.649,39.4242,9780860
2013-11-14,49.58,49.945,49.58,49.84,39.5758,11060680
2013-11-15,49.98,50.06,49.79,50.01,39.7108,7836758
2013-11-18,50.25,50.4,49.97,50.085,39.7704,6686944
2013-11-19,50.06,50.17,49.67,49.73,39.4885,9411831
2013-11-20,49.91,49.91,49.402,49.51,39.3138,9381659
2013-11-21,49.72,49.96,49.56,49.91,39.6314,6829301
2013-11-22,50.06,50.35,49.885,50.35,39.9808,5431364
2013-11-25,50.45,50.51,50.12,50.24,39.8934,7895030
2013-11-26,50.25,50.46,50.188,50.34,39.9729,8142480
2013-11-27,50.46,50.6192,50.41,50.54,40.1317,3774503
2013-11-29,50.73,50.775,50.34,50.4,40.0205,6964945
2013-12-02,50.38,50.48,50.07,50.19,39.8537,6976705
2013-12-03,50.11,50.11,49.58,49.76,39.5123,8975964
2013-12-04,49.52,49.92,49.13,49.56,39.3535,6777225
2013-12-05,49.56,49.81,49.46,49.58,39.3694,6940008
2013-12-06,50.19,50.36,50.052,50.34,39.9729,8399548
2013-12-09,50.38,50.54,50.361,50.47,40.0761,5569734
2013-12-10,50.38,50.645,50.2,50.36,39.9887,10114290
2013-12-11,50.38,50.38,49.52,49.57,39.3614,11225030
2013-12-12,49.45,49.7682,49.43,49.62,39.4011,9293418
2013-12-13,49.7,49.879,49.54,49.77,39.5202,6254101
2013-12-16,49.93,50.41,49.93,50.24,39.8934,9108397
2013-12-17,50.41,50.47,50.14,50.22,39.8776,11329720
2013-12-18,50.36,51.09,49.91,51.06,40.5446,21341170
2013-12-19,50.99,51.14,50.7701,51.11,40.5843,13576670
2013-12-20,50.94,51.42,50.83,51.26,40.9107,13805970
2013-12-23,51.53,51.58,51.35,51.46,41.0703,6969457
2013-12-24,51.45,51.71,51.45,51.7,41.2619,2765278
2013-12-26,51.87,52.11,51.7,52.06,41.5492,6725353
2013-12-27,52.29,52.29,51.9301,52.0,41.5013,4157319
2013-12-30,52.02,52.06,51.89,51.95,41.4614,4944071
2013-12-31,52.12,52.3,52.03,52.26,41.7088,6576578
2014-01-02,51.98,52.07,51.46,51.53,41.1262,9336976
2014-01-03,51.67,51.9,51.58,51.67,41.2379,6103904
2014-01-06,51.92,52.07,51.37,51.37,40.9985,7486839
2014-01-07,51.64,51.81,51.5101,51.69,41.2539,7068721
2014-01-08,51.7,51.72,51.395,51.6,41.1821,8091468
2014-01-09,51.9,52.05,51.52,51.85,41.3816,10795260
2014-01-10,51.94,51.97,51.5849,51.93,41.4454,12522120
2014-01-13,51.8,52.1,51.24,51.3,40.9426,12241270
2014-01-14,51.56,51.88,51.36,51.84,41.3736,9435781
2014-01-15,51.97,52.32,51.92,52.21,41.6689,6790124
2014-01-16,52.02,52.15,51.911,52.08,41.5651,8180516
2014-01-17,51.89,51.96,51.7,51.82,41.3576,8662230
2014-01-21,52.07,52.305,51.58,51.87,41.3975,11033470
2014-01-22,52.06,52.1,51.85,52.03,41.5252,6348800
2014-01-23,51.72,51.87,51.24,51.41,41.0304,8550584
2014-01-24,51.06,51.06,49.8,49.81,39.7535,25688051
2014-01-27,50.04,50.24,49.52,49.86,39.7934,17552949
2014-01-28,50.01,50.47,50.01,50.33,40.1685,9909357
2014-01-29,49.81,50.21,49.66,49.79,39.7375,15007690
2014-01-30,50.24,50.399,49.94,50.28,40.1286,9984775
2014-01-31,49.44,50.38,49.44,50.03,39.929,15207930
2014-02-03,49.91,50.23,48.62,48.64,38.8197,23577949
2014-02-04,48.82,49.12,48.38,48.95,39.0671,14235870
2014-02-05,48.75,49.116,48.39,48.93,39.0511,15364820
2014-02-06,49.14,49.675,49.04,49.61,39.5938,13598220
2014-02-07,49.86,50.51,49.86,50.47,40.2802,15046590
2014-02-10,50.52,50.54,50.04,50.15,40.0248,14047350
2014-02-11,50.33,50.91,50.24,50.71,40.4717,10363950
2014-02-12,50.79,51.045,50.77,51.0,40.7032,10282580
2014-02-13,50.66,51.11,50.49,51.04,40.7351,11396780
2014-02-14,50.98,51.51,50.9,51.37,40.9985,9132182
2014-02-18,51.52,51.62,51.15,51.33,40.9666,7282125
2014-02-19,51.27,51.57,50.82,50.85,40.5835,10442910
2014-02-20,51.03,51.5,50.78,51.33,40.9666,15387420
2014-02-21,51.53,51.63,51.32,51.39,41.0145,6108436
2014-02-24,51.58,52.2274,51.5,51.78,41.3257,9311544
2014-02-25,51.71,51.9,51.47,51.61,41.19,7522052
2014-02-26,51.72,51.867,51.46,51.66,41.2299,10607330
2014-02-27,51.59,51.96,51.51,51.96,41.4694,5723618
2014-02-28,51.98,52.34,51.8,52.06,41.5492,12876650
2014-03-03,51.5,51.88,51.33,51.71,41.2698,17327449
2014-03-04,52.19,52.7167,52.12,52.46,41.8684,12360940
2014-03-05,52.57,52.71,52.46,52.53,41.9243,11014860
2014-03-06,52.79,52.95,52.67,52.83,42.1637,9427211
2014-03-07,53.18,53.25,52.87,53.0,42.2994,12752100
2014-03-10,52.85,52.92,52.435,52.77,42.1158,8201031
2014-03-11,52.98,52.98,52.255,52.39,41.8126,9575555
2014-03-12,52.08,52.3,51.895,52.29,41.7327,12433200
2014-03-13,52.499,52.6199,51.33,51.55,41.1422,17725449
2014-03-14,51.47,51.735,51.27,51.35,40.9825,17127539
2014-03-17,51.56,52.16,51.56,51.98,41.4853,11471820
2014-03-18,52.07,52.38,52.0601,52.26,41.7088,7434230
2014-03-19,52.26,52.35,51.43,51.72,41.2778,13222680
2014-03-20,51.72,51.92,51.48,51.87,41.3975,11205790
2014-03-21,51.96,52.12,51.61,51.65,41.4016,13683370
2014-03-24,51.89,51.93,51.19,51.48,41.2653,14063060
2014-03-25,51.75,52.09,51.679,51.95,41.642,11722300
2014-03-26,52.28,52.28,51.42,51.42,41.2172,9906839
2014-03-27,51.42,51.5,51.02,51.35,41.1611,9377903
2014-03-28,51.46,51.94,51.45,51.73,41.4657,8982574
2014-03-31,52.0,52.42,52.0,52.33,41.9466,7563055
2014-04-01,52.55,52.87,52.355,52.7,42.2432,13773830
2014-04-02,52.74,53.11,52.72,53.07,42.5398,12813040
2014-04-03,53.15,53.18,52.9,53.15,42.6039,9268322
2014-04-04,53.4,53.488,52.405,52.54,42.115,14930640
2014-04-07,52.4,52.57,51.68,51.79,41.5138,12402830
2014-04-08,51.71,51.965,51.46,51.79,41.5138,9462353
2014-04-09,52.07,52.49,51.85,52.45,42.0428,11329140
2014-04-10,52.37,52.57,51.41,51.41,41.2092,11634000
2014-04-11,51.26,51.48,50.89,50.9,40.8004,11243050
2014-04-14,51.24,51.47,50.78,51.19,41.0328,6844885
2014-04-15,51.28,51.62,50.74,51.55,41.3214,14535100
2014-04-16,51.71,52.35,51.705,52.34,41.9546,9096005
2014-04-17,52.45,52.9,52.36,52.75,42.2833,12903850
2014-04-21,52.84,52.95,52.57,52.9,42.4035,9675100
2014-04-22,53.06,53.24,52.91,52.93,42.4276,11155830
2014-04-23,52.95,53.24,52.91,53.13,42.5879,8964977
2014-04-24,53.39,53.39,52.79,53.03,42.5077,11864240
2014-04-25,52.79,52.95,52.38,52.51,42.0909,6997511
2014-04-28,52.72,52.89,52.01,52.54,42.115,12105390
2014-04-29,52.7,52.74,52.31,52.68,42.2272,9382821
2014-04-30,52.69,53.0999,52.58,53.03,42.5077,13299640
2014-05-01,52.98,53.16,52.71,52.9,42.4035,10600360
2014-05-02,52.9,53.17,52.81,52.82,42.3394,8701119
2014-05-05,52.67,52.995,52.4,52.93,42.4276,5358642
2014-05-06,52.85,52.86,52.48,52.53,42.1069,6032293
2014-05-07,52.6,53.0,52.382,52.98,42.4677,7958968
2014-05-08,52.91,53.31,52.805,52.97,42.4596,8034226
2014-05-09,52.88,53.04,52.65,53.01,42.4917,5133447
2014-05-12,53.19,53.82,53.17,53.8,43.1249,11274960
2014-05-13,53.88,54.07,53.8,53.89,43.1971,8650522
2014-05-14,53.92,53.94,53.39,53.49,42.8765,6946883
2014-05-15,53.26,53.36,52.67,53.02,42.4997,13024470
2014-05-16,53.01,53.09,52.78,53.09,42.5558,7490309
2014-05-19,52.97,53.335,52.85,53.3,42.7242,4646822
2014-05-20,53.3,53.3,52.41,52.59,42.155,9782305
2014-05-21,52.74,53.13,52.74,53.11,42.5719,7658892
2014-05-22,53.21,53.37,52.99,53.21,42.652,4482121
2014-05-23,53.29,53.58,53.21,53.55,42.9246,3740661
2014-05-27,53.71,53.91,53.68,53.83,43.149,6703159
2014-05-28,53.94,54.09,53.85,53.87,43.1811,10310280
2014-05-29,54.0,54.09,53.755,54.09,43.3574,4218436
2014-05-30,54.05,54.12,53.8849,54.05,43.3253,6163138
2014-06-02,54.08,54.36,53.87,54.28,43.5097,7070857
2014-06-03,54.14,54.32,54.01,54.22,43.4616,4006980
2014-06-04,54.1,54.26,54.06,54.21,43.4536,3792144
2014-06-05,54.32,54.84,54.24,54.76,43.8945,5805604
2014-06-06,54.85,55.31,54.83,55.31,44.3353,8384341
2014-06-09,55.29,55.82,55.22,55.59,44.5598,11160310
2014-06-10,55.46,55.57,55.23,55.46,44.4556,3846763
2014-06-11,55.28,55.28,54.95,55.05,44.1269,5541534
2014-06-12,54.98,54.98,54.21,54.31,43.5338,10181690
2014-06-13,54.35,54.64,54.27,54.5,43.6861,6885595
2014-06-16,54.49,54.57,54.25,54.44,43.638,6861412
2014-06-17,54.41,54.69,54.25,54.59,43.7582,9600569
2014-06-18,54.77,54.96,54.37,54.9,44.0067,12209880
2014-06-19,54.95,55.06,54.75,55.04,44.1189,7149005
2014-06-20,54.9,55.05,54.84,55.02,44.3041,4304736
2014-06-23,55.16,55.16,54.6,54.7,44.0464,5192365
2014-06-24,54.61,54.82,54.09,54.15,43.6036,7429915
2014-06-25,53.99,54.305,53.97,54.2,43.6438,6506429
2014-06-26,54.26,54.31,53.79,54.16,43.6116,6845356
2014-06-27,53.98,54.48,53.78,54.29,43.7163,8214586
2014-06-30,54.27,54.3,54.01,54.06,43.5311,7976659
2014-07-01,54.12,54.59,54.12,54.39,43.7968,8026210
2014-07-02,54.24,54.46,54.2,54.3,43.7243,10074510
2014-07-03,54.53,54.809,54.52,54.75,44.0867,8550342
2014-07-07,54.74,54.74,54.29,54.36,43.7727,9334314
2014-07-08,54.28,54.29,53.84,53.99,43.4747,8154183
2014-07-09,54.23,54.26,53.93,54.08,43.5472,8600618
2014-07-10,53.47,53.975,53.41,53.76,43.2895,10553790
2014-07-11,53.83,54.09,53.6422,54.07,43.5391,10186830
2014-07-14,54.38,54.56,54.27,54.38,43.7888,9399935
2014-07-15,54.46,54.66,54.19,54.41,43.8129,6944927
2014-07-16,54.57,54.715,54.41,54.64,43.9981,5969442
2014-07-17,54.44,54.5,53.77,53.79,43.3137,14904760
2014-07-18,53.98,54.29,53.92,54.24,43.676,6424415
2014-07-21,54.17,54.275,53.84,54.21,43.6519,9365739
2014-07-22,54.46,54.54,54.32,54.41,43.8129,5320432
2014-07-23,54.42,54.52,54.175,54.19,43.6358,7924377
2014-07-24,54.24,54.25,53.86,53.93,43.4264,10014550
2014-07-25,53.8,54.02,53.705,53.79,43.3137,7514790
2014-07-28,53.78,53.8,53.24,53.52,43.0963,13004150
2014-07-29,53.49,53.57,52.85,52.85,42.5567,13456540
2014-07-30,53.0,53.12,52.57,52.9,42.597,14834650
2014-07-31,52.49,52.87,51.8,51.83,41.7354,17185961
2014-08-01,51.7,52.085,51.41,51.78,41.6951,15724580
2014-08-04,51.89,52.03,51.51,51.96,41.8401,9212374
2014-08-05,51.69,52.2,51.5,51.65,41.5905,13501480
2014-08-06,51.44,51.62,51.2,51.39,41.3811,31000680
2014-08-07,51.67,51.86,51.34,51.44,41.4214,14560080
2014-08-08,51.57,52.21,51.39,52.17,42.0092,11882700
2014-08-11,52.4,52.68,52.2,52.38,42.1783,7057076
2014-08-12,52.33,52.585,52.165,52.26,42.0817,11550880
2014-08-13,52.46,52.8,52.455,52.77,42.4923,7600518
2014-08-14,52.78,53.02,52.77,53.0,42.6775,7470622
2014-08-15,53.22,53.28,52.51,52.89,42.589,11193020
2014-08-18,53.24,53.69,53.2233,53.69,43.2331,7944340
2014-08-19,53.8,53.899,53.73,53.82,43.3378,6246495
2014-08-20,53.87,54.48,53.81,54.39,43.7968,26421391
2014-08-21,54.45,54.5,54.19,54.34,43.7565,9971763
2014-08-22,54.28,54.3799,54.0201,54.15,43.6036,5621920
2014-08-25,54.4,54.48,54.27,54.36,43.7727,3997760
2014-08-26,54.44,54.46,54.16,54.18,43.6277,2874141
2014-08-27,54.3,54.32,54.04,54.15,43.6036,3757626
2014-08-28,54.05,54.08,53.7963,54.07,43.5391,4227494
2014-08-29,54.1,54.16,53.81,54.02,43.4989,5453250
2014-09-02,54.14,54.36,53.96,54.2,43.6438,7161268
2014-09-03,54.32,54.39,54.03,54.13,43.5874,5298274
2014-09-04,54.23,54.545,54.045,54.15,43.6036,6932712
2014-09-05,54.1,54.34,53.87,54.33,43.7485,9282290
2014-09-08,54.24,54.465,54.225,54.28,43.7082,5321122
2014-09-09,54.35,54.37,54.02,54.11,43.5713,5796623
2014-09-10,54.08,54.22,53.86,54.15,43.6036,5448497
2014-09-11,53.91,54.23,53.91,54.17,43.6197,5785511
2014-09-12,54.06,54.15,53.84,53.99,43.4747,9045786
2014-09-15,53.92,54.05,53.71,53.97,43.4586,7027303
2014-09-16,53.91,54.34,53.71,54.27,43.7002,7319358
2014-09-17,54.36,54.75,54.225,54.48,43.8693,9723296
2014-09-18,54.61,54.82,54.58,54.74,44.0786,8057246
2014-09-19,54.8,54.83,54.345,54.43,44.0358,9271200
2014-09-22,54.33,54.36,53.76,53.82,43.5423,10709020
2014-09-23,53.62,53.74,53.36,53.38,43.1863,8630008
2014-09-24,53.41,53.72,53.19,53.66,43.4128,8569761
2014-09-25,53.47,53.51,52.81,52.82,42.7332,10761400
2014-09-26,52.97,53.44,52.83,53.31,43.1296,5838989
2014-09-29,52.82,53.32,52.75,53.23,43.0649,7664446
2014-09-30,53.3,53.54,53.055,53.15,43.0002,12379990
2014-10-01,52.98,52.98,52.03,52.15,42.1912,20308391
2014-10-02,52.13,52.32,51.62,52.09,42.1426,13006970
2014-10-03,52.48,52.89,52.4,52.8,42.717,14246680
2014-10-06,53.1,53.19,52.49,52.64,42.5876,12077140
2014-10-07,52.24,52.35,51.36,51.36,41.552,19321939
2014-10-08,51.38,52.33,51.01,52.28,42.2963,23937689
2014-10-09,52.17,52.26,50.98,51.07,41.3174,23240641
2014-10-10,51.07,51.17,50.31,50.32,40.7106,20040949
2014-10-13,50.46,50.93,49.5,49.54,40.0796,24625340
2014-10-14,49.93,50.85,49.82,50.23,40.6378,22094859
2014-10-15,49.45,50.35,48.83,50.11,40.5407,28271660
2014-10-16,49.28,50.905,49.15,50.48,40.8401,43949160
2014-10-17,51.46,51.8,51.22,51.48,41.6491,24733109
2014-10-20,51.37,51.64,51.21,51.63,41.7705,17450109
2014-10-21,51.98,52.835,51.96,52.78,42.7009,12838680
2014-10-22,52.99,52.99,52.04,52.09,42.1426,16417680
2014-10-23,52.82,53.6,52.75,53.24,43.073,23317189
2014-10-24,53.55,53.74,53.085,53.71,43.4533,8947970
2014-10-27,53.58,53.74,53.23,53.69,43.4371,9692934
2014-10-28,54.01,54.69,54.01,54.64,44.2057,10066790
2014-10-29,54.83,54.83,54.04,54.45,44.0519,12589940
2014-10-30,54.22,54.87,53.99,54.67,44.2299,10528650
2014-10-31,55.53,55.53,55.05,55.21,44.6668,10174440
2014-11-03,55.29,55.34,54.895,55.14,44.6102,11111450
2014-11-04,55.07,55.36,54.92,55.11,44.5859,6232598
2014-11-05,55.59,55.59,55.14,55.45,44.861,8110596
2014-11-06,55.55,56.1,55.47,56.03,45.3302,5731616
2014-11-07,56.05,56.15,55.85,56.11,45.3949,8241631
2014-11-10,56.16,56.42,56.09,56.39,45.6215,6131317
2014-11-11,56.47,56.54,56.171,56.32,45.5648,9905356
2014-11-12,56.08,56.49,56.08,56.4,45.6296,7108434
2014-11-13,56.4,56.62,56.065,56.24,45.5001,6437026
2014-11-14,56.2,56.435,56.13,56.31,45.5568,5554537
2014-11-17,56.15,56.37,56.06,56.23,45.492,4271072
2014-11-18,56.2,56.79,56.2,56.65,45.8318,8658563
2014-11-19,56.62,56.64,56.27,56.48,45.6943,5200447
2014-11-20,56.31,56.695,56.12,56.63,45.8156,7383084
2014-11-21,57.29,57.34,57.05,57.18,46.2606,7509559
2014-11-24,57.34,57.525,57.2,57.33,46.382,6706897
2014-11-25,57.47,57.62,57.29,57.5,46.5195,8276930
2014-11-26,57.53,57.54,57.28,57.39,46.4305,5373842
2014-11-28,57.54,57.55,56.83,56.91,46.0422,5865961
2014-12-01,56.73,56.73,56.04,56.18,45.4516,16636340
2014-12-02,56.4,56.72,56.17,56.66,45.8399,6621039
2014-12-03,56.7,57.5,56.7,57.415,46.4507,11434720
2014-12-04,57.36,57.3751,56.88,57.13,46.2202,6474510
2014-12-05,57.22,57.48,57.09,57.26,46.3253,7454583
2014-12-08,57.17,57.26,56.445,56.63,45.8156,8838328
2014-12-09,56.0,56.71,55.84,56.64,45.8237,10282180
2014-12-10,56.48,56.59,55.5,55.56,44.95,12942180
2014-12-11,55.47,56.2999,55.39,55.825,45.1644,11749850
2014-12-12,55.37,55.61,54.79,54.82,44.3513,13168790
2014-12-15,55.28,55.31,54.35,54.64,44.2057,16225640
2014-12-16,54.55,55.77,54.51,54.69,44.2461,15504570
2014-12-17,54.53,55.34,54.14,55.2,44.6587,21899689
2014-12-18,56.25,56.63,55.77,56.59,45.7833,14040440
2014-12-19,56.45,56.81,56.31,56.59,46.0404,12359050
2014-12-22,56.8,57.15,56.72,57.13,46.4797,6987860
2014-12-23,57.42,57.565,57.24,57.34,46.6506,5552859
2014-12-24,57.47,57.56,57.35,57.4,46.6994,1958227
2014-12-26,57.6,57.6,57.4,57.4,46.6994,5733866
2014-12-29,57.33,57.54,56.91,57.49,46.7726,3566178
2014-12-30,57.73,57.73,57.07,57.15,46.496,3602769
2014-12-31,57.38,57.38,56.55,56.58,46.0322,5572882
2015-01-02,56.86,56.94,56.02,56.51,45.9753,10982790
2015-01-05,56.04,56.26,55.065,55.19,44.9014,15144720
2015-01-06,55.25,55.31,54.16,54.51,44.3481,19209840
2015-01-07,55.02,55.16,54.65,54.92,44.6817,11770280
2015-01-08,55.41,56.05,55.29,56.02,45.5766,11419810
2015-01-09,56.09,56.15,55.33,55.42,45.0885,10168250
2015-01-12,55.46,55.51,54.79,55.04,44.7793,11229470
2015-01-13,55.5,55.93,54.41,54.93,44.6898,17530920
2015-01-14,54.26,54.71,53.98,54.63,44.4458,19597510
2015-01-15,54.85,55.05,54.33,54.37,44.2342,15614530
2015-01-16,54.16,54.77,53.89,54.73,44.5271,16371450
2015-01-20,55.1,55.24,54.525,55.12,44.8444,11072060
2015-01-21,54.96,55.69,54.92,55.57,45.2105,8943537
2015-01-22,55.84,56.58,55.59,56.46,45.9346,10950900
2015-01-23,56.06,56.39,55.94,55.985,45.5482,10148530
2015-01-26,55.88,56.16,55.6,56.06,45.6092,6037041
2015-01-27,55.01,55.64,54.87,55.32,45.0071,12118530
2015-01-28,55.75,55.81,54.77,54.84,44.6166,14674030
2015-01-29,54.9,55.57,54.53,55.47,45.1292,14215110
2015-01-30,54.86,55.24,54.52,54.57,44.3969,14650000
2015-02-02,54.71,55.44,54.21,55.38,45.0559,19465859
2015-02-03,55.75,56.32,55.66,56.28,45.7882,18896189
2015-02-04,56.11,56.205,55.68,55.85,45.4383,10600110
2015-02-05,56.03,56.4,55.878,56.33,45.8288,9193851
2015-02-06,56.38,56.68,56.07,56.2,45.7231,6192209
2015-02-09,55.89,56.31,55.875,56.05,45.601,7112087
2015-02-10,56.35,56.46,55.89,56.36,45.8532,9000366
2015-02-11,56.25,56.59,56.135,56.38,45.8695,7058071
2015-02-12,56.57,56.96,56.51,56.91,46.3007,6249088
2015-02-13,57.0,57.275,56.86,57.17,46.5122,5922379
2015-02-17,57.04,57.36,56.98,57.25,46.5773,4174430
2015-02-18,57.3,57.61,57.2,57.57,46.8377,5806383
2015-02-19,57.39,57.805,57.39,57.67,46.919,5458042
2015-02-20,57.56,58.2199,57.2201,58.16,47.3177,8557441
2015-02-23,58.1,58.11,57.805,57.91,47.1143,6238322
2015-02-24,57.9,58.195,57.77,58.14,47.3014,4989250
2015-02-25,58.09,58.23,57.94,58.02,47.2038,4574121
2015-02-26,57.97,58.07,57.63,57.76,46.9923,6443067
2015-02-27,57.71,57.84,57.49,57.49,46.7726,7201523
2015-03-02,57.62,58.025,57.49,58.02,47.2038,8560219
2015-03-03,57.89,57.89,57.42,57.65,46.9028,7716029
2015-03-04,57.39,57.46,56.94,57.2,46.5367,6262449
2015-03-05,57.24,57.3,57.03,57.24,46.5692,4990963
2015-03-06,56.62,57.07,56.385,56.46,45.9346,8247154
2015-03-09,56.46,57.09,56.46,56.99,46.3658,6106961
2015-03-10,56.59,56.59,55.94,55.94,45.5115,10087770
2015-03-11,56.06,56.16,55.84,55.88,45.4627,9394675
2015-03-12,55.99,56.645,55.98,56.6,46.0485,8721199
2015-03-13,56.5,56.545,55.745,56.08,45.6254,11110510
2015-03-16,56.31,57.04,56.31,57.01,46.3821,11142280
2015-03-17,56.71,56.94,56.58,56.78,46.195,8362080
2015-03-18,56.53,57.63,56.25,57.45,46.74,20049510
2015-03-19,57.33,57.35,56.845,57.06,46.4228,10568570
2015-03-20,57.06,57.31,56.9538,57.12,46.6851,10878010
2015-03-23,57.22,57.22,56.64,56.64,46.2928,7219230
2015-03-24,56.52,56.755,56.35,56.45,46.1375,12607400
2015-03-25,56.6,56.6,55.49,55.49,45.3529,9037266
2015-03-26,55.22,55.54,54.95,55.34,45.2303,10124000
2015-03-27,55.25,55.63,55.2,55.55,45.4019,4969410
2015-03-30,55.8,56.4875,55.71,56.33,46.0394,5838035
2015-03-31,55.9,56.9043,55.74,55.77,45.5817,6532240
2015-04-01,55.64,55.64,55.07,55.4,45.2793,8788853
2015-04-02,55.26,55.76,55.25,55.43,45.3038,6565718
2015-04-06,55.03,56.06,55.0249,55.85,45.6471,8204929
2015-04-07,55.88,56.14,55.72,55.72,45.5409,5257212
2015-04-08,55.7,55.98,55.59,55.91,45.6962,6526776
2015-04-09,55.7,56.28,55.64,56.18,45.9168,8191222
2015-04-10,56.63,57.06,56.53,56.97,46.5625,9486382
2015-04-13,56.81,56.99,56.395,56.43,46.1212,6388685
2015-04-14,56.21,56.535,55.9,56.5,46.1784,5845682
2015-04-15,56.52,56.83,56.52,56.6,46.2601,7345353
2015-04-16,56.27,56.67,56.27,56.48,46.162,7164619
2015-04-17,56.21,56.21,55.595,55.8,45.6063,11304080
2015-04-20,56.0,56.58,56.0,56.45,46.1375,6734927
2015-04-21,56.54,56.72,56.135,56.38,46.0803,8007659
2015-04-22,56.42,56.68,56.02,56.62,46.2765,13779320
2015-04-23,56.33,56.7999,56.31,56.56,46.2274,7345195
2015-04-24,56.52,56.58,56.165,56.32,46.0313,5148274
2015-04-27,56.4,56.54,56.225,56.3,46.0149,8308560
2015-04-28,56.15,56.415,55.79,56.4,46.0966,8348799
2015-04-29,56.63,56.63,55.79,56.12,45.8678,9978698
2015-04-30,55.86,56.11,55.435,55.63,45.4673,12970720
2015-05-01,55.89,56.36,55.81,56.33,46.0394,11017900
2015-05-04,56.35,56.74,56.35,56.42,46.113,6096265
2015-05-05,56.23,56.52,55.6,55.66,45.4918,10026910
2015-05-06,55.92,55.98,55.32,55.63,45.4673,8247719
2015-05-07,55.46,56.05,55.46,55.92,45.7043,10668320
2015-05-08,56.52,56.74,56.36,56.58,46.2438,7025140
2015-05-11,56.56,56.765,56.48,56.53,46.2029,5169762
2015-05-12,56.36,56.66,56.1,56.47,46.1539,7542420
2015-05-13,56.68,56.97,56.51,56.59,46.2519,7704328
2015-05-14,56.84,57.22,56.79,57.16,46.7178,8698422
2015-05-15,57.14,57.27,56.94,57.11,46.6769,6266250
2015-05-18,57.26,57.29,56.98,57.22,46.7668,6643755
2015-05-19,57.01,57.29,56.98,57.06,46.6361,6186887
2015-05-20,57.1,57.13,56.76,56.85,46.4644,7064403
2015-05-21,56.78,57.28,56.78,57.16,46.7178,6276681
2015-05-22,57.13,57.19,56.88,56.9,46.5053,5835258
2015-05-26,56.81,56.81,56.1444,56.28,45.9986,7889870
2015-05-27,56.47,56.71,56.29,56.64,46.2928,5498942
2015-05-28,56.5,56.54,56.16,56.37,46.0721,5775316
2015-05-29,56.32,56.34,55.7,55.81,45.6144,11798980
2015-06-01,55.99,56.25,55.67,56.06,45.8188,8712908
2015-06-02,55.87,56.406,55.73,56.17,45.9087,6126842
2015-06-03,56.31,56.635,56.13,56.45,46.1375,7916980
2015-06-04,56.16,56.33,55.73,55.82,45.6226,10183350
2015-06-05,55.71,55.925,55.5,55.86,45.6553,9071843
2015-06-08,55.77,55.86,55.44,55.45,45.3202,6920477
2015-06-09,55.39,55.68,55.3,55.44,45.312,5631723
2015-06-10,55.64,56.14,55.58,55.99,45.7615,7293460
2015-06-11,56.14,56.34,56.05,56.31,46.0231,5256705
2015-06-12,56.01,56.17,55.83,55.98,45.7534,7799261
2015-06-15,55.56,55.73,55.25,55.51,45.3692,8872425
2015-06-16,55.44,55.65,55.33,55.56,45.4101,7514411
2015-06-17,55.59,55.83,55.26,55.71,45.5327,10321010
2015-06-18,55.58,56.47,55.58,56.27,45.9904,9470346
2015-06-19,55.88,56.09,55.72,55.72,45.767,8899766
2015-06-22,56.03,56.2,55.94,56.06,46.0462,4913253
2015-06-23,56.14,56.17,55.84,55.92,45.9313,3837368
2015-06-24,55.8,55.89,55.39,55.4,45.5041,5976608
2015-06-25,55.35,55.57,54.965,54.97,45.1509,8323286
2015-06-26,55.13,55.24,54.95,55.07,45.2331,6424779
2015-06-29,54.63,54.84,54.0,54.03,44.3789,13132850
2015-06-30,54.57,54.57,53.97,54.06,44.4035,12494930
2015-07-01,54.6,54.7,54.06,54.33,44.6253,10981590
2015-07-02,54.48,54.52,54.125,54.23,44.5431,10477830
2015-07-06,53.86,54.3799,53.77,54.02,44.3706,10782510
2015-07-07,53.94,54.49,53.4468,54.46,44.732,16635990
2015-07-08,53.92,54.08,53.35,53.48,43.9271,12608910
2015-07-09,54.01,54.26,53.61,53.61,44.0339,8918189
2015-07-10,54.14,54.37,53.96,54.17,44.4938,8348005
2015-07-13,54.53,54.8,54.53,54.77,44.9867,6754573
2015-07-14,54.71,55.01,54.61,54.92,45.1099,9130440
2015-07-15,54.93,54.94,54.58,54.69,44.921,7249235
2015-07-16,55.0,55.11,54.8401,54.94,45.1263,8273040
2015-07-17,55.03,55.15,54.775,54.92,45.1099,5506049
2015-07-20,54.92,55.05,54.8401,54.93,45.1181,5163093
2015-07-21,54.52,54.71,54.28,54.34,44.6335,7287449
2015-07-22,54.25,54.52,53.96,54.1,44.4364,7549157
2015-07-23,53.91,54.195,53.465,53.6,44.0257,11547980
2015-07-24,53.58,53.62,52.81,52.9,43.4507,10889110
2015-07-27,52.54,52.8,52.455,52.64,43.2371,11680660
2015-07-28,52.84,53.74,52.84,53.66,44.0749,15470320
2015-07-29,53.56,54.36,53.53,54.32,44.6171,13128760
2015-07-30,54.03,54.32,53.97,54.27,44.576,5884461
2015-07-31,54.49,54.5,54.16,54.22,44.5349,7504222
2015-08-03,54.12,54.23,53.69,53.96,44.3214,14268350
2015-08-04,53.93,54.26,53.8,53.93,44.2967,8623721
2015-08-05,54.21,54.575,54.15,54.23,44.5431,8099729
2015-08-06,54.24,54.32,53.84,53.95,44.3131,5672497
2015-08-07,53.84,53.95,53.525,53.69,44.0996,8335211
2015-08-10,54.14,54.77,54.09,54.74,44.962,9164555
2015-08-11,54.08,54.32,53.855,54.07,44.4117,10203210
2015-08-12,53.61,54.18,53.235,54.08,44.4199,8130518
2015-08-13,54.11,54.22,53.82,54.04,44.3871,4747203
2015-08-14,53.98,54.41,53.96,54.38,44.6663,6666154
2015-08-17,54.12,54.65,53.87,54.65,44.8881,5610970
2015-08-18,54.35,54.64,54.35,54.55,44.806,3844992
2015-08-19,54.38,54.52,53.85,54.04,44.3871,9147270
2015-08-20,53.58,53.71,52.91,52.92,43.4671,18301131
2015-08-21,52.33,52.57,51.46,51.46,42.2679,27372910
2015-08-24,47.91,51.06,47.6,49.57,40.7155,66306680
2015-08-25,50.62,51.49,48.95,48.98,40.2309,25681279
2015-08-26,49.95,50.57,49.15,50.51,41.4876,26147350
2015-08-27,50.98,51.77,50.47,51.73,42.4897,21356590
2015-08-28,51.54,51.819,51.26,51.75,42.5061,7899924
2015-08-31,51.39,51.7251,51.11,51.29,42.1283,13446840
2015-09-01,50.21,50.78,49.68,49.93,41.0112,14607010
2015-09-02,50.69,51.05,50.21,51.04,41.9229,18173199
2015-09-03,51.16,51.58,50.93,51.07,41.9476,10907310
2015-09-04,50.66,50.66,50.18,50.36,41.3644,10212520
2015-09-08,51.12,51.78,51.02,51.75,42.5061,8437760
2015-09-09,52.19,53.05,51.12,51.2,42.0544,8866218
2015-09-10,51.05,51.59,50.99,51.23,42.079,9706979
2015-09-11,51.18,51.51,50.99,51.51,42.309,6120089
2015-09-14,51.61,51.61,51.14,51.25,42.0954,8436893
2015-09-15,51.46,52.24,51.35,52.14,42.8265,7747124
2015-09-16,52.17,52.62,52.06,52.52,43.1386,19320850
2015-09-17,52.45,53.115,52.16,52.29,42.9497,18977410
2015-09-18,51.21,51.47,50.77,50.86,42.0008,20172449
2015-09-21,51.14,51.45,50.87,51.11,42.2073,10205160
2015-09-22,50.39,50.545,50.04,50.37,41.5962,12687070
2015-09-23,50.38,50.49,49.84,50.02,41.3071,7970925
2015-09-24,49.43,49.83,49.04,49.71,41.0511,13891630
2015-09-25,50.22,50.22,49.6,49.81,41.1337,10210310
2015-09-28,49.53,49.5899,48.83,48.83,40.3244,14443680
2015-09-29,49.09,49.33,48.81,49.15,40.5887,15337800
2015-09-30,49.55,49.95,49.2727,49.89,41.1998,17662410
2015-10-01,49.82,50.13,49.31,49.78,41.1089,10529660
2015-10-02,49.12,50.41,48.985,50.41,41.6292,12274550
2015-10-05,51.15,51.959,50.71,51.84,42.8101,10410500
2015-10-06,51.75,52.11,51.72,51.79,42.7688,11798620
2015-10-07,52.06,52.71,51.955,52.47,43.3304,15540400
2015-10-08,52.2,53.36,52.18,53.2,43.9332,21823061
2015-10-09,53.76,53.76,53.205,53.38,44.0819,33291020
2015-10-12,53.34,53.44,53.12,53.39,44.0901,9030828
2015-10-13,53.0,53.31,52.8,52.82,43.6194,10302450
2015-10-14,52.65,52.915,52.17,52.25,43.1487,11827860
2015-10-15,52.63,52.85,52.2,52.82,43.6194,13924820
2015-10-16,53.0,53.0,52.32,52.55,43.3964,13954710
2015-10-19,52.35,52.68,52.27,52.62,43.4542,8112310
2015-10-20,52.44,53.14,52.335,52.97,43.7433,11314680
2015-10-21,53.03,53.58,52.905,52.98,43.7515,16097800
2015-10-22,53.19,54.665,53.11,54.46,44.9737,20908789
2015-10-23,54.78,54.86,54.31,54.66,45.1389,13400850
2015-10-26,54.54,54.82,54.42,54.54,45.0398,11294930
2015-10-27,54.09,54.2,53.83,53.94,44.5443,14483650
2015-10-28,54.14,54.4,53.705,54.37,44.8994,13933240
2015-10-29,54.05,54.42,54.03,54.34,44.8746,13466130
2015-10-30,54.36,54.56,54.25,54.27,44.8168,14763600
2015-11-02,54.28,55.01,54.28,54.9,45.3371,15329030
2015-11-03,54.85,55.09,54.73,54.94,45.3701,7486369
2015-11-04,54.91,55.1,54.68,54.79,45.2462,9670911
2015-11-05,54.77,55.0,54.47,54.86,45.3041,11531050
2015-11-06,54.54,54.87,54.285,54.86,45.3041,15269300
2015-11-09,54.59,54.69,53.92,54.44,44.9572,13570630
2015-11-10,54.22,54.61,53.98,54.43,44.949,18957350
2015-11-11,54.56,54.79,54.385,54.5,45.0068,12916020
2015-11-12,54.12,54.48,53.75,53.76,44.3957,19057061
2015-11-13,53.55,53.96,53.43,53.52,44.1975,13959100
2015-11-16,53.24,54.245,53.24,54.21,44.7673,13303900
2015-11-17,54.28,54.48,53.94,54.1,44.6764,15564420
2015-11-18,54.15,54.87,54.15,54.85,45.2958,10434830
2015-11-19,54.72,55.14,54.72,55.09,45.494,12257400
2015-11-20,55.31,55.56,55.16,55.37,45.7252,9014059
2015-11-23,55.42,55.485,54.945,55.09,45.494,9955959
2015-11-24,54.73,55.1272,54.54,55.0,45.4197,15131450
2015-11-25,55.15,55.16,54.9,55.0,45.4197,6406759
2015-11-27,54.96,55.17,54.86,55.095,45.4981,4454510
2015-11-30,55.1,55.14,54.705,54.74,45.205,11017790
2015-12-01,54.76,55.175,54.69,55.0,45.4197,11475850
2015-12-02,54.91,55.06,54.325,54.44,44.9572,13131580
2015-12-03,54.58,54.61,53.5601,53.76,44.3957,16001360
2015-12-04,53.84,54.57,53.72,54.56,45.0563,13891930
2015-12-07,54.39,54.565,54.1,54.29,44.8333,9665464
2015-12-08,53.58,53.84,53.32,53.42,44.1149,15508630
2015-12-09,53.22,53.9,52.91,53.26,43.9828,16784100
2015-12-10,53.21,53.86,53.21,53.51,44.1892,13231600
2015-12-11,53.07,53.21,52.525,52.61,43.446,24625520
2015-12-14,52.63,52.88,52.125,52.8,43.6029,27426221
2015-12-15,52.9,53.15,52.68,52.81,43.6111,17052131
2015-12-16,53.11,53.87,52.96,53.75,44.3874,19045711
2015-12-17,53.94,54.01,52.86,52.86,43.6524,15902680
2015-12-18,52.43,52.43,51.7,51.74,42.9869,19378221
2015-12-21,52.2,52.36,51.83,52.14,43.3193,9394669
2015-12-22,52.35,52.98,52.23,52.86,43.9175,11833520
2015-12-23,53.1,53.521,52.96,53.48,44.4326,9604802
2015-12-24,53.29,53.6,53.29,53.46,44.416,2040512
2015-12-28,53.25,53.45,52.985,53.34,44.3163,4687580
2015-12-29,53.59,53.95,53.53,53.85,44.74,5054667
2015-12-30,53.75,53.845,53.33,53.4,44.3661,10957740
2015-12-31,53.15,53.45,52.92,53.01,44.0421,6785353
2016-01-04,52.11,52.32,51.71,52.3,43.4522,16404580
2016-01-05,52.43,52.53,51.97,52.44,43.5685,8726272
2016-01-06,51.72,52.06,51.31,51.63,42.8955,9980000
2016-01-07,50.8,51.1,50.09,50.23,41.7324,17225551
2016-01-08,50.71,50.71,49.65,49.72,41.3087,17198600
2016-01-11,50.05,50.09,49.28,49.75,41.3336,18962439
2016-01-12,50.09,50.24,49.51,50.15,41.6659,19297330
2016-01-13,50.38,50.48,48.795,48.94,40.6606,18966891
2016-01-14,49.1,49.865,48.6,49.52,41.1425,19261230
2016-01-15,48.14,48.84,48.02,48.647,40.4172,20434580
2016-01-19,49.18,49.27,48.19,48.64,40.4114,14844960
2016-01-20,47.95,48.43,46.82,48.01,39.888,26092680
2016-01-21,48.01,48.68,47.66,48.22,40.0624,18593830
2016-01-22,48.84,48.99,48.22,48.64,40.4114,12781560
2016-01-25,48.56,48.65,47.96,48.04,39.9129,14533950
2016-01-26,48.15,48.9701,48.14,48.95,40.6689,12038310
2016-01-27,48.69,49.28,48.14,48.4,40.212,16437250
2016-01-28,48.64,48.81,48.18,48.68,40.4446,12553040
2016-01-29,49.0,50.01,48.88,49.99,41.533,14570360
2016-02-01,49.59,50.1161,49.27,49.87,41.4333,15940650
2016-02-02,49.38,49.42,48.705,48.87,40.6025,15284770
2016-02-03,49.26,49.74,48.35,49.66,41.2588,25732881
2016-02-04,49.59,50.91,49.55,50.52,41.9733,18452301
2016-02-05,50.25,50.54,49.8,50.04,41.5745,15518120
2016-02-08,49.49,49.76,48.97,49.62,41.2256,20001180
2016-02-09,49.04,50.26,49.04,49.92,41.4748,15369950
2016-02-10,50.04,50.51,49.64,49.68,41.2754,15079370
2016-02-11,48.82,49.36,48.105,48.69,40.4529,19180311
2016-02-12,48.98,49.68,48.875,49.67,41.2671,19249080
2016-02-16,50.3,50.73,49.87,50.67,42.098,15037930
2016-02-17,51.0,51.635,50.85,51.45,42.746,15619910
2016-02-18,51.5,51.61,51.23,51.42,42.7211,9587830
2016-02-19,50.98,51.375,50.89,51.32,42.638,12613630
2016-02-22,51.8,52.44,51.8,52.19,43.3608,12143820
2016-02-23,51.97,52.155,51.555,51.67,42.9288,9727887
2016-02-24,51.06,51.83,50.735,51.7,42.9537,17347270
2016-02-25,51.85,52.4,51.69,52.38,43.5187,9312686
2016-02-26,52.51,52.85,52.44,52.45,43.5768,8312343
2016-02-29,52.45,52.72,52.1,52.12,43.3027,13823030
2016-03-01,52.33,53.215,52.33,53.14,44.1501,13424820
2016-03-02,53.0,53.24,52.91,53.18,44.1833,8877784
2016-03-03,53.15,53.61,53.06,53.56,44.499,9808973
2016-03-04,53.53,54.1,53.41,53.78,44.6818,10006910
2016-03-07,53.5,53.955,53.42,53.94,44.8148,11753980
2016-03-08,53.5,53.54,53.1,53.18,44.1833,12241120
2016-03-09,53.32,53.5,53.17,53.35,44.3246,11060110
2016-03-10,53.47,53.71,52.815,53.27,44.2581,12693340
2016-03-11,53.76,54.165,53.72,54.04,44.8978,11059850
2016-03-14,53.84,54.23,53.84,54.09,44.9394,6946730
2016-03-15,53.7,54.06,53.53,54.06,44.9145,6948723
2016-03-16,53.94,54.565,53.81,54.25,45.0723,11447930
2016-03-17,54.59,55.62,54.26,55.44,46.061,17009420
2016-03-18,55.3,55.75,55.24,55.63,46.456,17059770
2016-03-21,55.56,55.96,55.485,55.96,46.7316,7150439
2016-03-22,55.41,55.81,55.4,55.64,46.4643,7570862
2016-03-23,55.52,55.59,55.23,55.28,46.1637,10833200
2016-03-24,54.96,55.12,54.74,55.12,46.0301,10403600
2016-03-28,55.13,55.275,54.89,55.14,46.0468,6591652
2016-03-29,55.03,55.51,54.72,55.5,46.3474,9271815
2016-03-30,55.99,56.0266,55.6,55.6,46.4309,8197593
2016-03-31,55.71,55.7899,55.4,55.47,46.3224,12949120
2016-04-01,55.15,55.73,54.75,55.73,46.5395,16184590
2016-04-04,55.54,55.605,55.0,55.1,46.0134,12014930
2016-04-05,54.73,55.01,54.56,54.76,45.7295,11244900
2016-04-06,54.74,55.03,54.25,55.03,45.9549,10962440
2016-04-07,54.57,54.86,54.33,54.5,45.5123,13364510
2016-04-08,54.84,55.315,54.67,54.71,45.6877,9188866
2016-04-11,54.98,55.34,54.71,54.73,45.7044,7710122
2016-04-12,54.75,55.33,54.66,55.05,45.9716,10724260
2016-04-13,55.56,56.02,55.49,55.87,46.6564,13215530
2016-04-14,56.14,56.2,55.885,55.97,46.7399,13195470
2016-04-15,56.07,56.1,55.9,56.05,46.8067,10781630
2016-04-18,55.8,56.29,55.71,56.1,46.8485,8618994
2016-04-19,56.4,56.72,56.28,56.5,47.1825,9318780
2016-04-20,56.52,56.705,56.26,56.41,47.1074,13632610
2016-04-21,56.39,56.6,56.21,56.27,46.9904,11941760
2016-04-22,56.31,56.5,56.14,56.41,47.1074,14750160
2016-04-25,56.36,56.38,55.87,56.14,46.8819,10224100
2016-04-26,56.27,56.64,56.2401,56.64,47.2994,10139890
2016-04-27,56.71,57.18,56.48,57.04,47.6335,9258143
2016-04-28,56.65,57.14,56.355,56.49,47.1742,19554920
2016-04-29,56.17,56.4,55.82,56.16,46.8986,16369930
2016-05-02,56.27,56.49,56.02,56.45,47.1408,10145150
2016-05-03,56.08,56.08,55.6,55.99,46.7566,11171360
2016-05-04,55.69,55.73,55.06,55.3,46.1804,22102900
2016-05-05,55.45,55.59,55.15,55.27,46.1554,12841130
2016-05-06,55.04,55.675,54.94,55.64,46.4643,9934378
2016-05-09,55.52,55.63,55.27,55.39,46.2556,7765106
2016-05-10,55.55,56.35,55.55,56.34,47.0489,14983060
2016-05-11,56.3,56.48,55.87,55.87,46.6564,12801980
2016-05-12,55.88,56.13,55.41,55.75,46.5562,13992390
2016-05-13,55.66,55.88,54.9,55.05,45.9716,13017960
2016-05-16,55.05,55.9,55.05,55.73,46.5395,9210833
2016-05-17,55.55,56.04,55.27,55.46,46.314,11830080
2016-05-18,55.31,55.76,54.96,55.27,46.1554,13609440
2016-05-19,54.83,55.03,54.39,54.75,45.7211,15143060
2016-05-20,54.97,55.32,54.96,55.03,45.9549,9397852
2016-05-23,54.96,55.15,54.74,54.93,45.8714,7617219
2016-05-24,55.16,55.66,55.14,55.5,46.3474,7274461
2016-05-25,55.6,56.025,55.6,55.88,46.6648,11183820
2016-05-26,55.91,56.11,55.72,55.72,46.5312,6108372
2016-05-27,55.84,55.95,55.78,55.93,46.7065,6250015
2016-05-31,56.0,56.16,55.71,55.92,46.6982,11290310
2016-06-01,55.63,56.0,55.411,55.97,46.7399,11013020
2016-06-02,55.85,56.07,55.72,56.04,46.7984,6113502
2016-06-03,55.92,56.13,55.5501,55.99,46.7566,11948800
2016-06-06,56.12,56.57,56.08,56.52,47.1992,8888057
2016-06-07,56.63,56.96,56.53,56.79,47.4247,8372740
2016-06-08,56.97,57.22,56.86,57.15,47.7253,9201770
2016-06-09,56.84,57.17,56.78,57.14,47.717,9984738
2016-06-10,56.68,56.81,56.32,56.47,47.1575,13734250
2016-06-13,56.45,56.52,55.86,55.86,46.6481,18830449
2016-06-14,55.79,56.04,55.54,55.87,46.6564,12839020
2016-06-15,56.03,56.325,55.84,55.89,46.6731,10429620
2016-06-16,55.63,56.13,55.21,55.99,46.7566,15040360
2016-06-17,55.57,55.92,55.46,55.73,46.7961,15947790
2016-06-20,56.15,56.76,56.15,56.24,47.2243,11778740
2016-06-21,56.28,56.39,56.1,56.2,47.1907,8451422
2016-06-22,56.18,56.41,56.0,56.04,47.0564,10509050
2016-06-23,56.6,56.73,56.38,56.69,47.6022,8840642
2016-06-24,54.72,55.48,54.23,54.38,45.6625,34954047
2016-06-27,53.84,54.12,52.78,53.1,44.5877,40314352
2016-06-28,53.77,54.0,53.385,54.0,45.3434,18523900
2016-06-29,54.57,55.04,54.42,54.96,46.1495,14316350
2016-06-30,54.87,56.025,54.86,56.01,47.0312,19397760
2016-07-01,56.03,56.46,55.99,56.19,47.1823,23322750
2016-07-05,55.88,56.2701,55.42,55.68,46.7541,14808580
2016-07-06,55.52,56.0,55.0901,55.96,46.9892,12776360
2016-07-07,56.05,56.38,55.87,56.11,47.1152,8697860
2016-07-08,56.6,57.33,56.14,57.23,48.0556,16226350
2016-07-11,57.35,57.72,57.27,57.59,48.3579,15259740
2016-07-12,57.89,58.205,57.78,58.12,48.803,13635140
2016-07-13,58.27,58.31,57.9,58.26,48.9205,13119820
2016-07-14,58.64,58.87,58.46,58.7,49.29,11795390
2016-07-15,58.89,58.92,58.55,58.69,49.2816,6238040
2016-07-18,58.61,58.7475,58.45,58.64,49.2396,5983637
2016-07-19,58.45,58.75,58.35,58.67,49.2648,7393898
2016-07-20,58.65,58.99,58.6,58.78,49.3572,5491553
2016-07-21,58.55,58.69,58.07,58.18,48.8533,7583267
2016-07-22,57.92,58.295,57.7,58.29,48.9457,8747793
2016-07-25,58.15,58.16,57.8001,57.98,48.6854,11063250
2016-07-26,58.06,58.55,57.98,58.46,49.0885,9375992
2016-07-27,58.46,58.6425,58.01,58.23,48.8953,10760690
2016-07-28,58.0,58.34,57.82,58.21,48.8785,6505645
2016-07-29,58.03,58.24,57.83,58.04,48.7358,10712400
2016-08-01,57.93,58.18,57.75,57.97,48.677,7949577
2016-08-02,57.84,57.96,57.27,57.43,48.2236,13473850
2016-08-03,57.43,57.73,57.396,57.71,48.4587,6087911
2016-08-04,57.75,57.955,57.64,57.73,48.4755,8028720
2016-08-05,58.06,58.37,57.98,58.31,48.9625,7380052
2016-08-08,58.42,58.63,58.27,58.39,49.0297,6052662
2016-08-09,58.35,58.54,58.265,58.37,49.0129,4579816
2016-08-10,58.39,58.53,58.18,58.34,48.9877,5293289
2016-08-11,58.5,58.82,58.48,58.72,49.3068,8172109
2016-08-12,58.62,58.675,58.46,58.56,49.1724,4357395
2016-08-15,58.73,59.02,58.69,58.95,49.4999,8643489
2016-08-16,58.87,58.9,58.64,58.69,49.2816,4725200
2016-08-17,58.57,58.92,58.55,58.86,49.4243,8260516
2016-08-18,58.77,59.04,58.73,59.04,49.5755,9830163
2016-08-19,58.7,59.1,58.67,59.02,49.5587,8334304
2016-08-22,58.96,59.1,58.765,58.97,49.5167,6624650
2016-08-23,59.15,59.34,59.02,59.02,49.5587,8327265
2016-08-24,58.94,59.01,58.74,58.84,49.4075,8569679
2016-08-25,58.83,58.98,58.65,58.83,49.3991,8623173
2016-08-26,58.94,59.25,58.481,58.66,49.2564,15676880
2016-08-29,58.67,59.09,58.67,59.08,49.6091,7628192
2016-08-30,59.04,59.08,58.77,58.92,49.4747,5953765
2016-08-31,58.77,58.82,58.37,58.59,49.1976,9592234
2016-09-01,58.69,58.81,58.19,58.64,49.2396,9397627
2016-09-02,58.91,59.13,58.735,58.93,49.4831,11405370
2016-09-06,58.84,58.99,58.48,58.76,49.3404,11028370
2016-09-07,58.56,58.905,58.56,58.83,49.3991,6686796
2016-09-08,58.73,58.81,58.6,58.78,49.3572,8202826
2016-09-09,58.25,58.37,57.12,57.12,47.9633,19609080
2016-09-12,56.81,58.03,56.709,57.85,48.5762,18644859
2016-09-13,57.41,57.61,56.88,57.0,47.8625,21760619
2016-09-14,56.99,57.37,56.78,56.95,47.8205,13591690
2016-09-15,56.84,57.51,56.75,57.4,48.1984,15587530
2016-09-16,56.83,57.05,56.5,56.61,47.7948,15706420
2016-09-19,56.87,57.235,56.74,56.86,48.0059,8811033
2016-09-20,57.16,57.33,56.9,56.91,48.0481,8007515
2016-09-21,57.14,57.73,56.98,57.65,48.6729,14979820
2016-09-22,58.03,58.255,57.95,58.06,49.019,9377155
2016-09-23,57.99,57.99,57.67,57.72,48.732,11269590
2016-09-26,57.5,57.69,57.34,57.47,48.5209,9560417
2016-09-27,57.38,57.95,57.29,57.87,48.8586,6882690
2016-09-28,57.92,58.35,57.81,58.32,49.2385,7366551
2016-09-29,58.19,58.52,57.75,57.86,48.8502,11584230
2016-09-30,58.12,58.6,58.06,58.38,49.2892,11206770
2016-10-03,58.2,58.4999,58.08,58.43,49.3314,12590040
2016-10-04,58.59,58.62,57.84,57.94,48.9177,11208620
2016-10-05,58.1,58.4293,57.97,58.31,49.2301,8430857
2016-10-06,58.26,58.38,58.03,58.31,49.2301,7474346
2016-10-07,57.92,57.94,57.31,57.56,48.5969,12646120
2016-10-10,57.84,58.0,57.545,57.62,48.6475,8706382
2016-10-11,57.5,57.55,56.77,57.02,48.141,13409080
2016-10-12,57.08,57.29,56.86,57.13,48.2338,8374281
2016-10-13,56.64,57.25,56.51,57.11,48.217,12265970
2016-10-14,57.49,57.66,57.21,57.23,48.3183,7633396
2016-10-17,57.23,57.38,57.05,57.08,48.1916,5911197
2016-10-18,57.45,57.6,57.1425,57.2,48.2929,6044195
2016-10-19,57.35,57.55,57.1737,57.38,48.4449,7374089
2016-10-20,57.15,57.32,56.96,57.07,48.1832,8215257
2016-10-21,56.61,57.03,56.4,56.99,48.1156,9850732
2016-10-24,57.28,57.515,57.09,57.1,48.2085,9737612
2016-10-25,56.87,57.125,56.81,56.95,48.0819,8777485
2016-10-26,56.73,57.45,56.6,57.15,48.2507,10043770
2016-10-27,57.3,57.37,56.61,56.76,47.9215,8155419
2016-10-28,56.85,57.47,56.81,57.1,48.2085,11514200
2016-10-31,57.32,57.43,57.17,57.21,48.3014,9590906
2016-11-01,57.26,57.33,56.38,56.72,47.8877,19622480
2016-11-02,56.68,56.9269,56.37,56.51,47.7104,14355940
2016-11-03,56.75,56.77,56.27,56.42,47.6344,13887710
2016-11-04,56.41,56.945,56.3,56.47,47.6766,8438088
2016-11-07,57.35,57.88,57.31,57.86,48.8502,13794050
2016-11-08,57.89,58.39,57.755,58.21,49.1457,12073900
2016-11-09,58.1,59.96,58.08,59.67,50.3783,36607520
2016-11-10,60.3,61.035,60.13,60.94,51.4506,41589801
2016-11-11,60.78,61.075,60.53,61.05,51.5434,24055141
2016-11-14,61.5,61.54,61.2,61.31,51.7629,17076980
2016-11-15,61.45,61.54,60.97,61.54,51.9571,12828380
2016-11-16,61.4,61.48,60.98,61.19,51.6616,14472900
2016-11-17,61.14,61.35,61.1363,61.32,51.7714,10382830
2016-11-18,61.38,61.38,61.11,61.3,51.7545,9246448
2016-11-21,61.49,61.656,61.365,61.63,52.0331,11767770
2016-11-22,61.8,61.96,61.71,61.91,52.2695,8901275
2016-11-23,62.05,62.44,61.99,62.37,52.6579,15506830
2016-11-25,62.55,62.71,62.45,62.71,52.9449,4172535
2016-11-28,62.59,62.61,62.2142,62.28,52.5819,15898470
2016-11-29,62.24,62.53,62.06,62.33,52.6241,12692440
2016-11-30,62.68,62.85,62.39,62.41,52.6916,14903780
2016-12-01,62.53,63.005,62.41,62.82,53.0378,24438471
2016-12-02,62.92,63.025,62.67,62.81,53.0294,11902470
2016-12-05,63.08,63.19,62.63,62.76,52.9871,9448801
2016-12-06,62.72,62.95,62.51,62.88,53.0885,10543580
2016-12-07,62.9,64.07,62.86,64.05,54.0763,10416830
2016-12-08,64.05,64.05,63.56,63.69,53.7723,10688160
2016-12-09,63.69,64.04,63.6636,63.98,54.0172,7939580
2016-12-12,63.75,63.87,63.32,63.75,53.823,9519567
2016-12-13,63.93,64.01,63.45,63.66,53.747,8280852
2016-12-14,63.5,63.81,62.95,63.02,53.2067,19782910
2016-12-15,62.95,63.54,62.92,63.09,53.2658,12262080
2016-12-16,62.58,63.0299,62.47,62.58,53.1587,9523742
2016-12-19,62.73,62.97,62.61,62.93,53.456,5982939
2016-12-20,63.04,63.32,63.04,63.29,53.7618,5011417
2016-12-21,63.25,63.28,63.03,63.05,53.558,4648984
2016-12-22,63.01,63.08,62.78,62.93,53.456,4642675
2016-12-23,62.92,63.06,62.87,62.99,53.507,5101030
2016-12-27,63.1,63.23,62.99,63.12,53.6174,3499380
2016-12-28,63.2,63.24,62.45,62.46,53.0568,8982414
2016-12-29,62.5,62.75,62.33,62.44,53.0398,7757161
2016-12-30,62.6,62.75,62.02,62.22,52.8529,6932299
2017-01-03,62.68,63.06,62.35,62.59,53.1672,21592199
2017-01-04,62.76,63.08,62.68,62.96,53.4815,8889278
2017-01-05,62.91,63.27,62.44,62.78,53.3286,9850871
2017-01-06,62.79,63.31,62.58,63.14,53.6344,12124460
2017-01-09,63.07,63.07,62.62,62.65,53.2182,5970451
2017-01-10,62.76,63.15,62.63,62.91,53.439,8237838
2017-01-11,62.95,63.3,62.88,63.24,53.7194,11113720
2017-01-12,63.18,63.24,62.37,62.98,53.4985,11844620
2017-01-13,63.02,63.28,63.0,63.22,53.7024,7130190
2017-01-17,62.88,62.985,62.55,62.73,53.2861,10689400
2017-01-18,62.64,63.09,62.51,62.97,53.49,8098636
2017-01-19,63.64,63.75,63.055,63.43,53.8808,8833174
2017-01-20,63.41,63.51,63.08,63.44,53.8893,11620320
2017-01-23,63.37,63.5,62.74,63.09,53.5919,14303720
2017-01-24,63.1,63.87,63.02,63.72,54.1271,9199687
2017-01-25,64.15,64.47,64.03,64.39,54.6962,12955640
2017-01-26,64.46,64.845,64.265,64.54,54.8237,10141830
2017-01-27,64.62,64.77,64.38,64.49,54.7812,8697845
2017-01-30,64.17,64.24,63.44,63.94,54.314,13354580
2017-01-31,63.72,63.72,63.06,63.38,53.8383,19335160
2017-02-01,63.48,63.71,62.95,63.27,53.7448,15358830
2017-02-02,63.17,63.335,62.89,63.15,53.6429,9568357
2017-02-03,63.3,63.7,63.24,63.62,54.0422,9874215
2017-02-06,63.58,63.8675,63.49,63.71,54.1186,7109341
2017-02-07,63.93,64.16,63.72,63.82,54.212,13347370
2017-02-08,63.77,63.79,63.52,63.73,54.1356,7808374
2017-02-09,63.89,64.38,63.79,64.22,54.5518,8176718
2017-02-10,64.52,64.79,64.37,64.73,54.985,7445764
2017-02-13,64.99,65.5,64.97,65.38,55.5372,17349580
2017-02-14,65.29,65.41,65.05,65.41,55.5627,8578572
2017-02-15,65.43,65.83,65.29,65.76,55.86,7845404
2017-02-16,65.76,65.79,65.34,65.78,55.877,10062430
2017-02-17,65.61,65.89,65.41,65.89,55.9704,5194723
2017-02-21,65.99,66.28,65.9,66.22,56.2507,9573858
2017-02-22,66.03,66.14,65.845,66.04,56.0978,10614740
2017-02-23,66.15,66.22,65.39,65.61,55.7326,16800141
2017-02-24,65.26,65.9,65.17,65.89,55.9704,12662950
2017-02-27,65.95,66.1846,65.73,66.13,56.1743,10705380
2017-02-28,66.16,66.26,65.74,65.86,55.9449,9629948
2017-03-01,66.43,67.19,66.42,66.97,56.8878,16452551
2017-03-02,66.87,67.05,66.23,66.25,56.2762,8453854
2017-03-03,66.26,66.43,66.01,66.32,56.3357,5862845
2017-03-06,66.0,66.24,65.89,66.16,56.1998,7164681
2017-03-07,66.14,66.24,65.8838,65.97,56.0384,8790796
2017-03-08,66.06,66.1,65.63,65.74,55.843,10728960
2017-03-09,65.7,65.86,65.16,65.44,55.5882,9976098
2017-03-10,65.79,65.84,65.3201,65.84,55.9279,9780496
2017-03-13,65.77,65.93,65.61,65.8,55.894,11620270
2017-03-14,65.58,65.66,65.05,65.18,55.3673,10810670
2017-03-15,65.33,66.135,65.25,65.92,55.9959,14737220
2017-03-16,66.03,66.15,65.57,65.62,55.7411,14152410
2017-03-17,65.52,65.85,65.39,65.68,56.0457,10880070
2017-03-20,65.74,65.82,65.49,65.56,55.9433,5752608
2017-03-21,65.74,65.79,64.47,64.56,55.09,12661010
2017-03-22,64.58,64.92,64.33,64.79,55.2862,12266300
2017-03-23,64.86,65.13,64.57,64.7,55.2094,10682510
2017-03-24,64.68,64.95,64.25,64.53,55.0644,9924626
2017-03-27,63.91,64.42,63.5501,64.3,54.8681,11711950
2017-03-28,64.1,65.195,64.1,64.98,55.4484,8972986
2017-03-29,64.91,65.03,64.74,64.97,55.4398,8300971
2017-03-30,64.94,65.41,64.9,65.33,55.747,12838010
2017-03-31,65.16,65.38,65.06,65.06,55.5166,7736081
2017-04-03,65.09,65.295,64.51,64.92,55.3972,10474810
2017-04-04,64.91,65.09,64.7726,65.09,55.5422,9239723
2017-04-05,65.32,65.875,64.79,64.88,55.363,11422630
2017-04-06,64.92,65.36,64.8025,65.06,55.5166,7633721
2017-04-07,65.09,65.4,65.0,65.13,55.5764,7522655
2017-04-10,65.17,65.67,65.15,65.29,55.7129,6330948
2017-04-11,65.18,65.4,64.77,65.38,55.7897,10172900
2017-04-12,65.32,65.4399,64.44,64.48,55.0217,11281500
2017-04-13,64.43,64.635,64.02,64.02,54.6292,10118270
2017-04-17,64.22,64.745,64.14,64.72,55.2265,8852403
2017-04-18,64.4,64.769,64.24,64.51,55.0473,7502841
2017-04-19,64.74,64.97,64.45,64.57,55.0985,9455266
2017-04-20,64.91,65.57,64.88,65.35,55.7641,9492503
2017-04-21,65.37,65.615,65.22,65.41,55.8153,10211440
2017-04-24,66.31,66.425,66.1,66.34,56.6089,10498250
2017-04-25,66.62,66.84,66.44,66.66,56.8819,12385030
2017-04-26,66.77,67.0357,66.61,66.67,56.8905,12033110
2017-04-27,66.62,66.87,66.385,66.65,56.8734,8111444
2017-04-28,66.75,66.89,66.26,66.34,56.6089,10386330
2017-05-01,66.48,66.48,65.99,66.14,56.4382,11234070
2017-05-02,66.32,66.5,66.18,66.46,56.7113,9450916
2017-05-03,66.27,66.61,66.14,66.51,56.7539,8729178
2017-05-04,66.69,66.755,66.2,66.58,56.8137,8143571
2017-05-05,66.67,66.94,66.53,66.92,57.1038,7110794
2017-05-08,66.9,66.97,66.64,66.74,56.9502,6078185
2017-05-09,66.79,67.0,66.75,66.83,57.027,5968980
2017-05-10,66.87,66.87,66.41,66.69,56.9075,7471407
2017-05-11,66.48,66.76,66.08,66.67,56.8905,8400034
2017-05-12,66.5,66.5,66.14,66.3,56.5748,7186375
2017-05-15,66.3,66.66,66.3,66.61,56.8393,8413529
2017-05-16,66.69,66.75,66.28,66.54,56.7795,5848784
2017-05-17,65.91,66.01,65.19,65.21,55.6446,15221010
2017-05-18,65.01,65.69,64.65,65.3,55.7214,15260090
2017-05-19,65.51,66.455,65.51,66.16,56.4553,10322280
2017-05-22,66.66,66.76,66.47,66.67,56.8905,6506192
2017-05-23,66.78,66.87,66.5,66.81,57.0099,7856044
2017-05-24,66.89,67.13,66.67,66.89,57.0782,7889472
2017-05-25,67.04,67.415,66.99,67.33,57.4537,6840816
2017-05-26,67.24,67.5,67.215,67.41,57.5219,5991008
2017-05-30,67.22,67.48,67.125,67.39,57.5049,6092540
2017-05-31,67.47,67.535,67.06,67.52,57.6158,10518800
2017-06-01,67.7,68.12,67.48,67.94,57.9742,16117970
2017-06-02,68.06,68.58,68.05,68.21,58.2046,17769609
2017-06-05,68.13,68.32,67.94,67.97,57.9998,16550721
2017-06-06,67.72,67.85,67.51,67.51,57.6073,15201410
2017-06-07,67.65,67.65,67.1299,67.43,57.539,8342447
2017-06-08,67.39,67.8,67.34,67.65,57.7267,7040075
2017-06-09,67.72,68.01,67.555,67.91,57.9486,10433660
2017-06-12,68.07,68.245,67.71,68.16,58.1619,13889240
2017-06-13,68.26,68.465,68.16,68.44,58.4008,6723498
2017-06-14,68.6,68.6,68.14,68.37,58.3411,8892757
2017-06-15,67.97,68.78,67.95,68.78,58.691,20188090
2017-06-16,68.59,68.725,68.43,68.68,58.883,12871570
2017-06-19,69.02,69.185,68.815,69.1,59.2431,6867011
2017-06-20,68.95,69.01,68.35,68.36,58.6087,7242771
2017-06-21,68.46,68.49,67.82,67.9,58.2143,7530233
2017-06-22,67.89,67.99,67.76,67.76,58.0943,6921726
2017-06-23,67.82,68.16,67.67,68.01,58.3086,6979349
2017-06-26,68.21,68.52,67.98,68.03,58.3257,7161714
2017-06-27,67.95,68.02,67.5,67.52,57.8885,7417217
2017-06-28,67.84,68.29,67.82,68.13,58.4115,7314279
2017-06-29,68.2,68.255,67.17,67.55,57.9142,9543636
2017-06-30,67.81,68.44,67.81,68.11,58.3943,6748532
2017-07-03,68.42,68.77,68.32,68.53,58.7544,5553136
2017-07-05,68.71,68.82,68.42,68.73,58.9259,7235950
2017-07-06,68.56,68.65,68.05,68.13,58.4115,5599858
2017-07-07,68.3,68.87,68.24,68.66,58.8659,4166680
2017-07-10,68.61,69.18,68.53,68.86,59.0373,7919515
2017-07-11,68.86,68.91,68.315,68.8,58.9859,7683534
2017-07-12,69.19,69.495,69.1,69.18,59.3117,5821774
2017-07-13,69.25,69.4,68.97,69.13,59.2688,3938756
2017-07-14,69.24,69.575,69.11,69.43,59.526,5519169
2017-07-17,69.38,69.5,69.19,69.39,59.4917,5113416
2017-07-18,69.28,69.37,69.025,69.23,59.3546,6891118
2017-07-19,69.11,69.3,69.0008,69.3,59.4146,8864581
2017-07-20,69.36,69.4,68.82,68.91,59.0802,7428029
2017-07-21,68.57,68.81,68.34,68.78,58.9688,7643811
2017-07-24,68.71,68.81,68.53,68.63,58.8402,7551671
2017-07-25,68.98,68.98,68.34,68.54,58.763,9077140
2017-07-26,68.74,68.74,68.47,68.63,58.8402,6803993
2017-07-27,68.56,68.56,67.91,68.24,58.5058,9900940
2017-07-28,68.17,68.45,68.02,68.4,58.643,11435660
2017-07-31,68.72,68.75,68.29,68.31,58.5658,6787348
2017-08-01,68.37,68.49,67.905,68.11,58.3943,16893670
2017-08-02,68.11,68.43,68.0,68.41,58.6515,17642859
2017-08-03,68.28,68.75,68.28,68.75,58.943,13298780
2017-08-04,68.72,68.91,68.6,68.88,59.0545,12746050
2017-08-07,68.83,68.966,68.72,68.88,59.0545,7753092
2017-08-08,68.78,69.07,68.57,68.67,58.8744,9136464
2017-08-09,68.53,68.78,68.5,68.69,58.8916,8088193
2017-08-10,68.38,68.56,67.78,67.82,58.1457,10779710
2017-08-11,67.85,68.18,67.78,67.86,58.18,10501190
2017-08-14,68.31,68.65,68.24,68.57,58.7887,6680893
2017-08-15,68.53,68.62,68.31,68.42,58.6601,5055014
2017-08-16,68.42,68.765,68.42,68.61,58.823,7725838
2017-08-17,68.24,68.43,67.38,67.42,57.8028,10766250
2017-08-18,67.08,67.61,67.0,67.15,57.5713,14111130
2017-08-21,67.22,67.31,66.95,67.26,57.6656,7447304
2017-08-22,67.44,68.09,67.44,68.03,58.3257,6559150
2017-08-23,67.75,67.75,67.39,67.39,57.777,7027114
2017-08-24,67.56,67.58,67.15,67.18,57.597,7917391
2017-08-25,67.49,67.755,67.41,67.5,57.8713,7846272
2017-08-28,67.65,67.72,67.365,67.46,57.837,5999215
2017-08-29,67.24,68.01,67.08,67.95,58.2571,8150182
2017-08-30,68.0,68.26,67.86,68.23,58.4972,5463266
2017-08-31,68.36,68.6,68.241,68.46,58.6944,8635037
2017-09-01,68.61,68.8,68.52,68.52,58.7458,14501870
2017-09-05,68.34,68.42,67.68,67.83,58.1543,16031140
2017-09-06,67.97,68.12,67.83,67.9,58.2143,19701439
2017-09-07,67.95,68.04,67.64,68.04,58.3343,13887020
2017-09-08,67.71,68.37,67.61,68.27,58.5315,8066996
2017-09-11,68.53,68.88,68.53,68.86,59.0373,8005620
2017-09-12,69.02,69.21,68.9,69.19,59.3203,7606229
2017-09-13,69.14,69.19,68.94,69.09,59.2345,5528446
2017-09-14,68.99,69.44,68.9,69.42,59.5175,6864883
2017-09-15,69.15,69.42,69.0,69.39,59.7638,9989759
2017-09-18,69.54,69.85,69.48,69.78,60.0997,6143732
2017-09-19,69.84,69.935,69.77,69.85,60.16,7160002
2017-09-20,69.89,70.375,69.89,70.36,60.5992,6676220
2017-09-21,70.32,70.635,70.2,70.57,60.7801,4377660
2017-09-22,70.62,70.82,70.55,70.75,60.9351,3533893
2017-09-25,70.83,70.85,70.26,70.75,60.9351,6917087
2017-09-26,70.77,70.88,70.7,70.75,60.9351,3997786
2017-09-27,70.93,71.1068,70.6501,70.83,61.004,6943694
2017-09-28,70.73,70.85,70.5,70.79,60.9696,6124550
2017-09-29,70.75,71.01,70.62,71.0,61.1504,6527169
2017-10-02,70.97,71.49,70.8575,71.49,61.5725,16764670
2017-10-03,71.53,71.8,71.43,71.8,61.8395,11793430
2017-10-04,71.78,71.9,71.65,71.78,61.8222,14772480
2017-10-05,71.74,72.02,71.61,71.95,61.9686,15061350
2017-10-06,71.84,72.02,71.66,71.94,61.96,4445370
2017-10-09,71.97,72.11,71.63,71.74,61.7878,7813987
2017-10-10,72.17,72.19,71.72,71.85,61.8825,6264262
2017-10-11,71.76,71.85,71.65,71.81,61.8481,7294426
2017-10-12,71.7,72.27,71.69,72.19,62.1753,12112130
2017-10-13,72.49,72.62,71.995,72.06,62.0634,5759041
2017-10-16,72.12,72.19,71.92,72.14,62.1323,7215685
2017-10-17,71.94,72.05,71.8,71.95,61.9686,5235976
2017-10-18,72.0,72.19,71.89,71.98,61.9945,7887734
2017-10-19,71.69,72.18,71.554,72.18,62.1667,6962546
2017-10-20,72.2,72.96,72.01,72.96,62.8385,9043395
2017-10-23,72.95,72.96,72.48,72.5,62.4423,6800578
2017-10-24,72.86,73.2,72.82,72.91,62.7955,7921908
2017-10-25,72.86,72.86,71.835,72.19,62.1753,11078770
2017-10-26,72.43,72.63,72.13,72.29,62.2615,8323251
2017-10-27,72.19,72.52,72.15,72.32,62.2873,7534191
2017-10-30,72.15,72.205,71.765,71.82,61.8567,9082134
2017-10-31,71.89,72.08,71.5,71.53,61.6069,8793310
2017-11-01,71.75,71.92,71.45,71.49,61.5725,9104783
2017-11-02,71.45,71.94,71.28,71.9,61.9256,6924338
2017-11-03,71.89,71.97,71.65,71.83,61.8653,6974984
2017-11-06,71.88,72.0,71.7724,71.87,61.8997,7134560
2017-11-07,71.87,72.09,71.84,71.98,61.9945,5181067
2017-11-08,71.88,71.945,71.72,71.86,61.8911,5622722
2017-11-09,71.47,71.54,70.67,70.96,61.116,10441960
2017-11-10,70.81,71.15,70.69,71.06,61.2021,5344848
2017-11-13,70.84,71.0,70.63,70.82,60.9954,5256847
2017-11-14,70.63,70.73,70.41,70.63,60.8318,7062101
2017-11-15,70.3,70.465,70.04,70.23,60.4873,10669230
2017-11-16,70.55,70.98,70.4301,70.89,61.0557,6038903
2017-11-17,70.64,70.75,70.45,70.5,60.7198,7745062
2017-11-20,70.57,70.91,70.51,70.82,60.9954,6485659
2017-11-21,71.05,71.34,70.88,71.33,61.4347,7387930
2017-11-22,71.38,71.629,71.3,71.41,61.5036,7037442
2017-11-24,71.59,71.6,71.37,71.41,61.5036,3387498
2017-11-27,71.59,71.62,71.4,71.53,61.6069,4739301
2017-11-28,71.69,72.62,71.61,72.62,62.5457,10065320
2017-11-29,72.64,73.3,72.49,73.26,63.0969,12393510
2017-11-30,73.51,74.66,73.3001,74.51,64.1735,19672721
2017-12-01,74.38,74.49,72.76,73.59,63.3811,29693750
2017-12-04,74.36,75.1,74.21,74.21,63.9151,19276391
2017-12-05,74.34,74.55,73.52,73.58,63.3725,16548270
2017-12-06,73.44,73.96,73.361,73.69,63.4673,15569280
2017-12-07,73.6,74.53,73.58,74.37,64.0529,10918710
2017-12-08,74.75,74.75,74.38,74.69,64.3285,6804481
2017-12-11,74.75,74.83,74.41,74.54,64.1993,5911620
2017-12-12,74.67,74.825,74.55,74.62,64.2682,9259710
2017-12-13,74.81,75.31,74.495,74.91,64.518,8626629
2017-12-14,75.23,75.23,74.39,74.4,64.0788,9214301
2017-12-15,74.44,74.71,74.0301,74.52,64.5308,8934953
2017-12-18,74.91,75.1367,74.85,75.05,64.9897,6017304
2017-12-19,75.28,75.415,74.87,75.07,65.0071,6211569
2017-12-20,75.49,75.58,75.205,75.32,65.2236,5778942
2017-12-21,75.6,75.67,75.1935,75.38,65.2755,9456432
2017-12-22,75.54,75.54,75.2,75.4,65.2928,3730530
2017-12-26,75.49,75.73,75.32,75.48,65.3621,4983944
2017-12-27,75.54,75.69,75.445,75.66,65.518,4730298
2017-12-28,75.87,75.88,75.525,75.81,65.6479,4629635
2017-12-29,75.97,76.0,75.6,75.67,65.5266,4825920
2018-01-02,75.92,76.13,75.57,76.12,65.9163,14903890
2018-01-03,76.24,76.58,76.06,76.53,66.2714,18155010
2018-01-04,76.86,77.15,76.72,77.09,66.7563,16482961
2018-01-05,77.46,77.66,77.03,77.62,67.2152,16996221
2018-01-08,77.7,77.99,77.595,77.94,67.4924,5727464
2018-01-09,78.04,78.64,78.01,78.44,67.9253,8967679
2018-01-10,78.29,78.685,78.06,78.43,67.9167,11669540
2018-01-11,78.78,79.46,78.58,79.43,68.7826,9448279
2018-01-12,79.79,80.245,79.65,80.17,69.4234,7436215
2018-01-16,80.47,80.5954,79.09,79.45,68.7999,13343750
2018-01-17,79.59,79.9662,79.34,79.89,69.181,7814286
2018-01-18,79.89,80.115,79.39,79.46,68.8086,7790367
2018-01-19,79.78,79.79,79.33,79.69,69.0078,8657709
2018-01-22,79.47,79.71,79.1,79.69,69.0078,12175310
2018-01-23,79.68,79.81,79.35,79.73,69.0424,8953776
2018-01-24,79.71,80.075,79.17,79.66,68.9818,9660029
2018-01-25,79.86,79.98,79.07,79.74,69.0511,12499160
2018-01-26,79.98,80.66,79.71,80.66,69.8477,8008280
2018-01-29,80.52,80.96,80.09,80.12,69.3801,12870290
2018-01-30,79.59,79.865,79.12,79.49,68.8346,16742439
2018-01-31,80.22,80.52,79.47,79.73,69.0424,15991880
2018-02-01,79.22,80.27,79.11,79.59,68.9212,14169290
2018-02-02,79.11,79.2435,77.975,77.99,67.5356,17929520
2018-02-05,77.17,78.175,73.95,74.45,64.4702,30309061
2018-02-06,73.05,76.0299,72.64,75.81,65.6479,31980609
2018-02-07,75.75,77.15,75.49,75.95,65.7691,22666820
2018-02-08,76.04,76.16,72.985,73.02,63.2319,27282131
2018-02-09,73.87,74.43,71.49,73.81,63.916,40362449
2018-02-12,74.41,75.54,73.91,75.0,64.9464,20776900
2018-02-13,74.58,75.375,74.49,75.17,65.0937,12974630
2018-02-14,74.8,76.21,74.72,76.12,65.9163,13482820
2018-02-15,76.72,77.27,76.07,77.27,66.9122,10800390
2018-02-16,77.09,78.07,77.03,77.29,66.9295,11161690
2018-02-20,76.93,77.28,76.24,76.51,66.254,11838870
2018-02-21,76.59,77.925,76.51,76.53,66.2714,8650501
2018-02-22,76.87,77.74,76.8,77.04,66.713,10545190
2018-02-23,77.4,77.72,76.97,77.68,67.2672,6603270
2018-02-26,78.05,78.88,77.7728,78.75,68.1938,8623340
2018-02-27,78.78,79.275,77.75,77.76,67.3365,11019330
2018-02-28,78.16,78.265,76.65,76.65,66.3753,16203890
2018-03-01,76.68,77.235,74.75,75.15,65.0763,35549367
2018-03-02,74.5,75.35,73.98,75.13,65.059,27076369
2018-03-05,74.66,76.22,74.38,76.03,65.8384,23038369
2018-03-06,76.43,76.57,75.79,76.37,66.1328,18536279
2018-03-07,75.43,76.53,75.2411,76.36,66.1241,13625410
2018-03-08,76.68,76.83,76.02,76.76,66.4705,10849070
2018-03-09,77.27,78.45,77.0346,78.45,67.934,13092640
2018-03-12,78.58,78.58,77.26,77.48,67.094,11093610
2018-03-13,77.7,78.1,76.95,77.1,66.7649,11518750
2018-03-14,77.54,77.54,76.04,76.26,66.0375,11626190
2018-03-15,76.5,76.92,75.991,76.48,66.2281,8362982
2018-03-16,76.09,76.85,76.09,76.58,66.5819,10839980
2018-03-19,76.36,76.39,75.3701,75.99,66.069,10845670
2018-03-20,76.14,76.7,76.09,76.25,66.295,7111751
2018-03-21,76.26,77.125,76.02,76.34,66.3733,13818750
2018-03-22,75.58,75.84,73.72,73.82,64.1823,18793881
2018-03-23,73.93,74.5,72.68,72.74,63.2433,15457050
2018-03-26,73.95,74.6,73.1299,74.5,64.7735,12196960
2018-03-27,74.85,75.249,73.04,73.47,63.878,14726010
2018-03-28,73.72,73.81,72.64,73.22,63.6606,21892350
2018-03-29,73.61,74.85,73.5,74.29,64.5909,14057060
2018-04-02,74.07,74.2,71.78,72.76,63.2607,27498820
2018-04-03,73.13,73.82,72.63,73.77,64.1388,20149090
2018-04-04,72.19,74.17,72.01,74.09,64.417,19987580
2018-04-05,74.5,75.02,74.28,74.84,65.0691,16496061
2018-04-06,74.1,74.55,72.11,72.77,63.2693,18353350
2018-04-09,73.18,73.72,72.43,72.55,63.0781,10279200
2018-04-10,73.64,74.0878,73.14,73.66,64.0431,18495350
2018-04-11,73.0,73.7,72.99,73.12,63.5737,10633910
2018-04-12,73.61,74.465,73.56,74.17,64.4866,8921533
2018-04-13,74.67,74.709,73.63,73.99,64.3301,9904130
2018-04-16,74.53,74.96,74.4101,74.73,64.9735,8232689
2018-04-17,75.31,75.67,75.1,75.36,65.5212,8676816
2018-04-18,75.85,76.41,75.735,76.14,66.1994,10138180
2018-04-19,76.04,76.24,75.42,75.93,66.0168,12515390
2018-04-20,76.25,76.35,75.33,75.6,65.7299,11612760
2018-04-23,75.89,75.91,75.15,75.51,65.6516,14427790
2018-04-24,75.89,76.04,72.48,73.4,63.8171,21104820
2018-04-25,73.48,73.84,72.48,73.61,63.9997,14949380
2018-04-26,73.53,73.72,72.68,73.34,63.7649,19955381
2018-04-27,73.0,73.33,72.723,73.19,63.6345,11555790
2018-04-30,73.39,73.53,72.21,72.22,62.7912,15867540
2018-05-01,72.11,72.14,70.79,71.89,62.5042,21829490
2018-05-02,71.61,72.99,71.18,71.26,61.9565,14789340
2018-05-03,70.91,71.8,70.03,71.43,62.1043,25826561
2018-05-04,70.9,72.495,70.82,72.26,62.8259,11695460
2018-05-07,72.5,72.95,72.41,72.74,63.2433,11812610
2018-05-08,72.7,73.36,72.55,73.26,63.6954,10341590
2018-05-09,73.49,74.29,73.41,74.05,64.3822,14973380
2018-05-10,74.33,74.71,74.2,74.55,64.817,7213729
2018-05-11,74.65,75.03,74.51,74.71,64.9561,8060037
2018-05-14,74.89,75.14,74.4149,74.58,64.843,5856613
2018-05-15,74.18,74.39,74.01,74.33,64.6257,10180480
2018-05-16,74.32,74.85,74.24,74.6,64.8604,6281408
2018-05-17,74.57,75.21,74.52,74.89,65.1126,7519490
2018-05-18,74.89,75.465,74.86,75.33,65.4951,7482934
2018-05-21,76.1,76.81,76.0,76.47,66.4863,13744060
2018-05-22,76.6,76.68,75.495,75.53,65.669,8754854
2018-05-23,75.07,75.46,74.77,75.46,65.6081,12909000
2018-05-24,75.27,75.94,75.18,75.83,65.9298,9371754
2018-05-25,75.68,75.935,75.47,75.69,65.8081,8111816
2018-05-29,75.06,75.25,74.13,74.48,64.7561,18470391
2018-05-30,74.97,75.605,74.72,75.53,65.669,11431710
2018-05-31,75.38,75.425,74.21,74.44,64.7213,14117050
2018-06-01,74.87,75.39,74.82,75.26,65.4343,9717092
2018-06-04,75.51,75.85,75.04,75.15,65.3386,8788678
2018-06-05,75.15,75.39,74.915,75.24,65.4169,7906097
2018-06-06,75.41,75.95,75.17,75.87,65.9646,6751882
2018-06-07,76.05,76.29,75.71,76.19,66.2428,9952435
2018-06-08,76.08,76.5401,75.92,76.44,66.4602,6557887
2018-06-11,76.45,76.82,76.3501,76.59,66.5906,5225259
2018-06-12,76.71,76.78,76.315,76.51,66.5211,5802797
2018-06-13,76.54,76.59,75.85,75.9,65.9907,8553710
2018-06-14,76.14,76.345,75.41,75.61,65.7386,10501480
2018-06-15,74.81,75.26,74.29,75.12,65.5745,14757420
2018-06-18,74.55,74.94,74.34,74.81,65.3038,8330311
2018-06-19,73.95,74.0,72.95,73.23,63.9246,17955391
2018-06-20,73.48,73.52,73.02,73.28,63.9683,11975930
2018-06-21,73.01,73.14,72.11,72.36,63.1652,15497830
2018-06-22,72.87,73.08,72.53,72.61,63.3834,13657360
2018-06-25,72.04,72.22,71.225,71.69,62.5803,23091539
2018-06-26,72.01,72.32,71.803,71.96,62.816,11351850
2018-06-27,72.25,73.01,71.35,71.38,62.3097,19853400
2018-06-28,71.24,71.8,70.815,71.48,62.397,15329840
2018-06-29,71.78,72.4301,71.6,71.63,62.5279,14907980
2018-07-02,71.07,71.8,70.89,71.79,62.6676,14098690
2018-07-03,72.07,72.4,71.37,71.56,62.4668,7083332
2018-07-05,71.81,71.96,71.22,71.91,62.7723,8465722
2018-07-06,71.85,72.375,71.425,72.16,62.9906,9757529
2018-07-09,72.48,73.52,72.405,73.5,64.1603,13033990
2018-07-10,73.53,73.9,73.34,73.73,64.3611,9880441
2018-07-11,73.09,73.1,72.36,72.52,63.3048,14207970
2018-07-12,73.06,73.45,72.61,73.37,64.0468,12705630
2018-07-13,73.34,73.88,73.3,73.75,64.3785,18494301
2018-07-16,73.89,74.055,73.26,73.45,64.1167,9576084
2018-07-17,73.39,73.83,73.19,73.74,64.3698,7326022
2018-07-18,74.0,74.76,73.91,74.55,65.0769,13821350
2018-07-19,74.27,74.68,73.97,74.52,65.0507,8790004
2018-07-20,74.42,74.72,74.12,74.44,64.9809,7922415
2018-07-23,74.26,74.285,73.84,73.98,64.5793,7822045
2018-07-24,74.36,74.72,73.96,74.29,64.8499,12140420
2018-07-25,74.07,75.42,73.95,75.42,65.8363,17967869
2018-07-26,75.26,76.1499,75.25,76.0,66.3426,15115430
2018-07-27,76.15,76.34,75.651,76.01,66.3514,11281630
2018-07-30,76.11,76.5,75.18,75.26,65.6967,13423600
2018-07-31,75.83,76.985,75.695,76.92,67.1457,17709449
2018-08-01,76.63,76.68,75.685,75.88,66.2379,14214590
2018-08-02,75.34,75.88,75.11,75.78,66.1506,10812430
2018-08-03,75.72,75.9,75.375,75.85,66.2117,11021670
2018-08-06,75.81,75.99,75.5,75.96,66.3077,5460333
2018-08-07,76.22,76.61,76.005,76.5,66.7791,8381937
2018-08-08,76.45,76.51,76.06,76.16,66.4823,4745182
2018-08-09,76.14,76.34,75.685,75.74,66.1157,13085870
2018-08-10,75.3,75.43,74.86,75.07,65.5308,10684820
2018-08-13,75.38,75.41,74.51,74.71,65.2166,13471780
2018-08-14,75.0,75.53,74.94,75.23,65.6705,8500515
2018-08-15,74.61,74.99,73.99,74.87,65.3562,20329381
2018-08-16,75.46,75.995,75.25,75.82,66.1855,10447180
2018-08-17,75.64,76.44,75.61,76.28,66.5871,13993100
2018-08-20,76.44,76.945,76.4,76.79,67.0322,8239331
2018-08-21,76.88,77.46,76.88,77.36,67.5298,10033980
2018-08-22,77.16,77.25,76.61,76.61,66.8751,7149661
2018-08-23,76.65,76.65,76.21,76.39,66.6831,8336522
2018-08-24,76.57,76.77,76.36,76.72,66.9711,6411553
2018-08-27,77.1,77.71,77.01,77.69,67.8179,9767530
2018-08-28,77.84,77.92,77.47,77.53,67.6782,8440645
2018-08-29,77.59,77.73,77.36,77.59,67.7306,6339043
2018-08-30,77.42,77.61,76.86,77.05,67.2592,10145640
2018-08-31,76.86,77.24,76.791,77.1,67.3029,7192428
2018-09-04,76.81,77.1,76.65,77.04,67.2505,8597691
2018-09-05,76.91,77.61,76.71,77.59,67.7306,10761280
2018-09-06,77.64,78.06,77.5,77.83,67.9401,8082965
2018-09-07,77.62,77.95,77.18,77.59,67.7306,11039720
2018-09-10,77.89,78.3,77.89,77.99,68.0798,9550246
2018-09-11,77.65,78.201,77.4701,77.97,68.0623,6945629
2018-09-12,77.93,78.525,77.765,78.21,68.2718,10906170
2018-09-13,78.59,78.955,78.39,78.68,68.6821,8848986
2018-09-14,78.7,79.13,78.44,79.07,69.0225,8478536
2018-09-17,79.03,79.44,78.96,79.1,69.0487,8368638
2018-09-18,79.28,80.0,78.93,79.82,69.6772,8691444
2018-09-19,79.74,80.25,79.6509,79.75,69.6161,7938275
2018-09-20,80.12,80.41,79.535,79.87,69.7209,11466860
2018-09-21,79.75,80.0,79.63,80.0,70.1717,15133940
2018-09-24,79.5,79.6,78.55,78.63,68.97,11999600
2018-09-25,78.73,78.83,78.31,78.39,68.7595,12369580
2018-09-26,78.56,78.84,78.19,78.34,68.7157,11426220
2018-09-27,78.54,78.815,78.19,78.45,68.8121,8504177
2018-09-28,78.27,78.58,78.13,78.4,68.7683,7545351
2018-10-01,79.36,79.55,78.81,79.09,69.3735,16832131
2018-10-02,79.05,79.41,78.796,79.27,69.5314,8524037
2018-10-03,79.6,80.02,79.43,79.6,69.8209,10534890
2018-10-04,79.43,79.75,78.74,79.34,69.5928,12521030
2018-10-05,79.39,79.7528,78.52,78.93,69.2332,14165540
2018-10-08,78.9,79.2,78.31,79.13,69.4086,9359667
2018-10-09,78.9,79.02,77.9,77.91,68.3385,11606900
2018-10-10,77.77,77.77,75.19,75.4,66.1368,34050398
2018-10-11,74.91,75.57,73.2,73.41,64.3913,54550488
2018-10-12,74.7,74.81,73.05,73.9,64.8211,29409770
2018-10-15,73.85,74.63,73.79,74.04,64.9439,15201220
2018-10-16,74.32,75.36,74.0,75.29,66.0404,12547320
2018-10-17,75.31,75.55,74.34,74.74,65.5579,15610610
2018-10-18,74.28,74.58,73.0,73.45,64.4264,19139270
2018-10-19,73.41,73.89,72.92,73.18,64.1896,17152369
2018-10-22,73.29,73.47,72.59,72.93,63.9703,13675530
2018-10-23,71.24,72.25,70.67,71.73,62.9177,25139939
2018-10-24,71.95,72.15,69.17,69.3,60.7863,22170920
2018-10-25,69.6,70.31,69.25,69.79,61.2161,23871510
2018-10-26,69.08,69.86,68.12,69.1,60.6108,34330879
2018-10-29,70.06,70.22,66.99,67.95,59.6021,23645619
2018-10-30,67.88,69.43,67.61,69.35,60.8301,23445830
2018-10-31,70.01,70.74,69.84,69.88,61.295,14205470
2018-11-01,70.17,71.35,70.019,71.11,62.3739,22653850
2018-11-02,71.75,71.93,70.55,70.99,62.2686,23216439
2018-11-05,71.06,71.64,70.86,71.36,62.5932,17524350
2018-11-06,71.29,72.16,71.19,72.11,63.251,15589000
2018-11-07,72.79,73.34,72.0,73.28,64.2773,14217770
2018-11-08,73.12,73.54,72.86,73.16,64.172,11967440
2018-11-09,72.65,72.9,71.91,72.42,63.5229,23409061
2018-11-12,72.37,72.42,70.875,70.99,62.2686,10822340
2018-11-13,71.06,72.225,70.86,71.31,62.5493,16032160
2018-11-14,71.79,72.27,70.6,71.07,62.3388,18374119
2018-11-15,70.53,72.39,70.27,72.01,63.1633,24411609
2018-11-16,71.8,72.34,71.36,71.99,63.1458,15156010
2018-11-19,71.87,71.95,70.57,70.85,62.1458,14365310
2018-11-20,69.68,70.06,69.08,69.38,60.8564,18024910
2018-11-21,69.91,70.42,69.74,69.87,61.2862,10846050
2018-11-23,69.35,70.205,69.34,69.73,61.1634,6205521
2018-11-26,70.27,70.66,69.73,70.24,61.6108,12896350
2018-11-27,69.91,70.2,69.43,70.12,61.5055,14431250
2018-11-28,70.5,71.8,69.98,71.8,62.9791,14139680
2018-11-29,71.64,72.18,71.13,71.84,63.0142,12997960
2018-11-30,71.76,72.6464,71.6,72.54,63.6282,16428119
2018-12-03,73.91,74.46,73.07,73.38,64.365,19554590
2018-12-04,73.14,73.14,70.16,70.26,61.6283,20580520
2018-12-06,68.96,69.88,67.8,69.87,61.2862,28326221
2018-12-07,69.7,70.5,67.8,68.03,59.6723,19238289
2018-12-10,67.96,68.44,66.7,68.2,59.8214,25360051
2018-12-11,69.3,69.44,67.39,67.8,59.4705,18475740
2018-12-12,68.7,69.2,68.13,68.18,59.8038,14776420
2018-12-13,68.7,68.81,67.72,67.99,59.6372,15917810
2018-12-14,67.26,67.935,66.83,67.05,58.8127,14806200
2018-12-17,66.88,67.3,65.54,65.95,57.8478,19796760
2018-12-18,66.63,67.141,65.9,66.28,58.1373,15665190
2018-12-19,66.2,67.6,64.59,65.03,57.0408,23553260
2018-12-20,64.6,65.18,63.13,63.84,55.997,25709869
2018-12-21,63.61,64.22,62.11,62.25,54.9397,28744230
2018-12-24,61.67,61.95,60.29,60.34,53.254,15800230
2018-12-26,60.58,63.22,59.92,63.15,55.734,17549020
2018-12-27,62.22,63.97,61.53,63.94,56.4313,13980670
2018-12-28,64.17,64.7,63.55,63.77,56.2812,15917230
2018-12-31,64.15,64.54,63.73,64.41,56.8461,10068930
2019-01-02,63.46,64.79,63.09,64.74,57.1373,14687530
2019-01-03,64.29,64.29,62.49,62.77,55.3987,25976240
2019-01-04,63.69,65.27,63.69,65.15,57.4992,19883641
2019-01-07,65.42,66.105,64.8,65.68,57.9669,15193150
2019-01-08,66.58,66.99,65.95,66.58,58.7612,23069770
2019-01-09,66.84,67.34,66.6,67.03,59.1584,10036730
2019-01-10,66.79,68.02,66.49,67.94,59.9615,8900490
2019-01-11,67.48,67.905,67.24,67.87,59.8997,10691280
2019-01-14,67.37,68.165,67.16,67.86,59.8909,10105480
2019-01-15,67.8,68.09,67.27,67.65,59.7056,12517460
2019-01-16,67.74,68.06,67.62,67.72,59.7674,12029890
2019-01-17,67.44,69.26,67.35,68.88,60.7911,22922580
2019-01-18,69.48,70.44,69.27,70.19,61.9473,20020211
2019-01-22,69.59,69.61,68.28,68.74,60.6676,15935260
2019-01-23,69.19,69.55,68.07,68.84,60.7558,13243830
2019-01-24,69.09,69.5,68.8,69.19,61.0647,10361830
2019-01-25,69.85,70.36,69.66,70.07,61.8414,13065940
2019-01-28,69.07,69.435,68.78,69.4,61.2501,13143950
2019-01-29,69.7,70.49,69.68,70.36,62.0973,12384040
2019-01-30,71.09,71.795,70.29,71.46,63.0681,16892461
2019-01-31,71.59,72.11,71.3,71.77,63.3417,13867110
2019-02-01,71.98,72.41,71.685,71.88,63.4388,11844950
2019-02-04,71.98,72.85,71.79,72.81,64.2596,7688416
2019-02-05,72.93,73.48,72.7,73.44,64.8156,9079115
2019-02-06,73.32,73.81,73.21,73.46,64.8333,15557620
2019-02-07,72.99,73.38,72.395,72.96,64.392,15611370
2019-02-08,72.5,73.07,72.15,73.07,64.4891,15977040
2019-02-11,73.28,73.64,73.235,73.46,64.8333,7909836
2019-02-12,74.02,74.755,73.87,74.6,65.8394,8909762
2019-02-13,74.87,75.27,74.67,75.04,66.2277,8134248
2019-02-14,74.61,75.0,74.4115,74.69,65.9188,11703770
2019-02-15,75.15,75.7,74.99,75.69,66.8014,9593226
2019-02-19,75.46,75.9,75.22,75.66,66.7749,7994791
2019-02-20,75.63,76.06,75.54,76.02,67.0926,8911369
2019-02-21,75.84,76.028,75.46,75.71,66.8191,6782680
2019-02-22,75.98,76.25,75.68,76.21,67.2603,9816903
2019-02-25,77.0,77.13,76.48,76.51,67.5251,10108500
2019-02-26,76.31,76.76,76.28,76.3,67.3398,11731050
2019-02-27,76.17,76.67,75.89,76.6,67.6045,8033257
2019-02-28,76.61,76.65,76.29,76.34,67.3751,8531259
2019-03-01,76.91,77.1,76.005,76.41,67.4369,12786610
2019-03-04,76.77,77.095,75.48,76.07,67.1368,19150430
2019-03-05,76.11,76.2755,75.56,75.58,66.7043,13820550
2019-03-06,75.47,75.61,74.85,74.87,66.0777,18468359
2019-03-07,74.68,74.795,73.77,74.42,65.6805,19104699
2019-03-08,73.71,74.3,73.61,74.27,65.5482,14341280
2019-03-11,73.21,74.93,73.04,74.9,66.1042,15298300
2019-03-12,74.8,74.89,74.14,74.28,65.557,17995789
2019-03-13,74.55,75.18,74.46,74.93,66.1307,13387870
2019-03-14,74.92,75.11,74.49,74.68,65.91,9636528
2019-03-15,74.34,74.52,73.85,73.99,65.6774,24900051
2019-03-18,73.88,74.77,73.8,74.71,66.3166,10313890
2019-03-19,74.96,75.22,74.155,74.44,66.0769,10778220
2019-03-20,74.25,74.53,73.52,73.93,65.6242,11259450
2019-03-21,73.71,74.8,73.65,74.64,66.2544,10638630
2019-03-22,74.22,74.27,72.9,72.95,64.7543,18004400
2019-03-25,72.97,73.51,72.79,73.12,64.9052,12372760
2019-03-26,73.64,73.91,73.155,73.61,65.3401,10523980
2019-03-27,73.63,74.03,73.14,73.69,65.4112,10556130
2019-03-28,73.9,74.335,73.69,74.23,65.8905,10030120
2019-03-29,74.72,75.09,74.66,75.03,66.6006,10138770
2019-04-01,75.72,76.7,75.67,76.58,67.9765,15530980
2019-04-02,76.62,76.82,76.36,76.55,67.9498,10397620
2019-04-03,76.86,76.96,76.12,76.32,67.7457,12726010
2019-04-04,76.28,77.06,76.27,76.79,68.1629,9236642
2019-04-05,77.08,77.25,76.885,77.01,68.3582,7531373
2019-04-08,76.43,76.7,76.095,76.68,68.0652,8819137
2019-04-09,76.15,76.18,75.505,75.64,67.1421,9814477
2019-04-10,75.7,75.78,75.16,75.62,67.1243,13974690
2019-04-11,75.64,76.35,75.59,76.27,67.7013,9532153
2019-04-12,77.01,77.28,76.74,77.28,68.5978,11175120
2019-04-15,77.17,77.33,76.735,76.85,68.2161,7368111
2019-04-16,77.11,77.42,76.93,77.32,68.6333,7101573
2019-04-17,77.78,77.99,77.4,77.42,68.7221,10363900
2019-04-18,77.74,78.42,77.739,78.31,69.5121,13192660
2019-04-22,78.01,78.25,77.69,78.07,69.2991,6477790
2019-04-23,78.3,78.91,78.0611,78.75,69.9027,13760480
2019-04-24,78.75,78.95,78.485,78.52,69.6985,7718026
2019-04-25,77.64,77.66,76.59,76.94,68.296,12555940
2019-04-26,76.98,77.52,76.84,77.52,68.8109,12262590
2019-04-29,77.52,77.95,77.43,77.7,68.9706,8759251
2019-04-30,78.02,78.22,77.35,78.01,69.2458,9546653
2019-05-01,78.25,78.5,77.5,77.5,68.7931,16918680
2019-05-02,77.31,77.63,76.81,77.46,68.7576,16360970
2019-05-03,77.73,78.47,77.73,78.4,69.592,12904070
2019-05-06,76.76,77.79,76.7,77.65,68.9263,11928830
2019-05-07,76.7,76.845,75.49,76.08,67.5326,18356221
2019-05-08,75.94,76.615,75.83,76.08,67.5326,16464961
2019-05-09,75.28,76.1,74.835,75.97,67.435,14923660
2019-05-10,75.47,76.46,74.59,76.27,67.7013,17419840
2019-05-13,74.5,74.7893,73.595,74.1,65.7751,20011029
2019-05-14,74.37,75.435,74.27,74.87,66.4586,11318010
2019-05-15,74.2,75.28,74.03,74.97,66.5473,12289960
2019-05-16,75.31,75.905,75.16,75.66,67.1598,7450005
2019-05-17,74.84,75.64,74.73,74.82,66.4142,16305650
2019-05-20,74.35,74.91,74.28,74.63,66.2455,11638490
2019-05-21,75.27,75.6,75.07,75.51,67.0267,10612270
2019-05-22,75.25,75.34,74.89,74.89,66.4763,9114746
2019-05-23,74.07,74.18,73.2946,73.75,65.4644,16205770
2019-05-24,74.24,74.37,73.58,73.78,65.491,11127430
2019-05-28,73.87,74.15,73.09,73.1,64.8874,11263080
2019-05-29,72.78,73.095,72.08,72.77,64.5945,14257070
2019-05-30,73.09,73.405,72.795,73.05,64.8431,10103510
2019-05-31,72.27,72.545,71.99,72.05,63.9554,13718390
2019-06-03,71.93,72.945,71.91,72.54,64.3903,17514949
2019-06-04,73.24,74.3,73.11,74.27,65.926,16424740
2019-06-05,74.66,75.085,74.4,74.99,66.5651,12865640
2019-06-06,75.07,75.315,74.435,75.12,66.6805,11387330
2019-06-07,75.4,76.025,75.35,75.72,67.2131,9234296
2019-06-10,76.44,76.65,75.795,75.82,67.3019,9513873
2019-06-11,76.27,76.45,74.87,75.17,66.7249,11936560
2019-06-12,75.11,75.37,74.93,75.33,66.8669,5612474
2019-06-13,75.46,75.76,75.26,75.71,67.2042,6987036
2019-06-14,75.62,75.71,75.09,75.41,66.9379,5966596
2019-06-17,75.45,75.57,75.09,75.15,66.7071,7708766
2019-06-18,75.54,76.705,75.54,76.61,68.0031,12506300
2019-06-19,76.74,76.76,76.19,76.55,67.9498,11171680
2019-06-20,77.45,77.93,76.955,77.83,69.086,14503220
2019-06-21,77.49,77.81,77.05,77.08,68.7178,11526840
2019-06-24,77.11,77.39,76.895,76.93,68.5841,8388348
2019-06-25,76.93,76.96,76.285,76.35,68.067,9267637
2019-06-26,76.56,76.76,76.346,76.54,68.2364,7262692
2019-06-27,76.6,76.87,76.29,76.61,68.2988,7573783
2019-06-28,76.72,77.47,76.72,77.42,69.021,11152330
2019-07-01,78.05,78.44,77.1605,77.49,69.0834,10319400
2019-07-02,77.57,77.675,77.21,77.39,68.9942,9237308
2019-07-03,77.64,77.85,77.365,77.82,69.3776,8091385
2019-07-05,77.46,77.51,76.45,77.51,69.1012,6388987
2019-07-08,77.04,77.27,76.67,76.87,68.5306,6039855
2019-07-09,76.4,76.79,76.28,76.7,68.3791,10137500
2019-07-10,76.92,77.26,76.45,76.52,68.2186,10124840
2019-07-11,76.5,77.05,76.38,77.04,68.6822,7393867
2019-07-12,77.3,78.41,77.3,78.39,69.8857,12152770
2019-07-15,78.39,78.39,77.96,78.07,69.6004,4452546
2019-07-16,78.06,78.78,78.06,78.57,70.0462,8115339
2019-07-17,78.12,78.1873,76.86,76.89,68.5485,11235100
2019-07-18,76.94,77.135,76.56,77.03,68.6733,6647874
2019-07-19,77.53,77.92,77.395,77.45,69.0477,7601729
2019-07-22,77.59,77.91,77.2631,77.51,69.1012,8448168
2019-07-23,78.08,78.515,77.76,78.49,69.9749,10284180
2019-07-24,77.85,79.02,77.83,78.83,70.278,8692520
2019-07-25,78.83,79.07,78.32,78.67,70.1353,8759039
2019-07-26,78.52,78.705,78.24,78.5,69.9838,6148092
2019-07-29,78.41,78.545,78.23,78.36,69.859,5387503
2019-07-30,77.87,78.7,77.6,78.7,70.1621,7071716
2019-07-31,78.74,78.9,77.22,77.82,69.3776,12485270
2019-08-01,77.68,78.28,76.165,76.31,68.0314,18665730
2019-08-02,76.05,76.21,75.3,75.82,67.5945,12992430
2019-08-05,74.62,74.63,73.085,73.72,65.7224,14505160
2019-08-06,74.23,74.89,73.88,74.83,66.7119,11758590
2019-08-07,73.86,74.93,73.32,74.79,66.6763,15604350
2019-08-08,75.12,76.11,75.03,76.06,67.8085,9353090
2019-08-09,75.78,75.86,74.98,75.42,67.2379,8213556
2019-08-12,74.89,75.15,74.14,74.38,66.3108,15560640
2019-08-13,74.29,76.03,74.15,75.27,67.1042,14380810
2019-08-14,74.12,74.27,72.885,72.97,65.0537,13653810
2019-08-15,73.09,73.1,72.19,72.89,64.9824,11981830
2019-08-16,73.49,74.45,73.41,74.3,66.2394,9575517
2019-08-19,75.18,75.32,74.87,75.0,66.8635,4260525
2019-08-20,74.86,75.025,74.5,74.56,66.4712,4695401
2019-08-21,75.13,75.35,74.9,75.02,66.8813,5399205
2019-08-22,75.23,75.54,74.565,75.13,66.9794,7692406
2019-08-23,74.66,75.215,72.77,73.12,65.1874,26477619
2019-08-26,73.97,74.09,73.02,73.66,65.6689,14041870
2019-08-27,74.05,74.085,73.105,73.28,65.3301,9943314
2019-08-28,73.08,74.18,72.77,74.18,66.1325,11921310
2019-08-29,75.0,75.62,74.7,75.45,67.2647,10651040
2019-08-30,75.95,76.26,75.605,75.76,67.541,7500225
2019-09-03,75.04,75.8003,74.26,74.73,66.6228,12787100
2019-09-04,75.33,75.76,74.73,75.68,67.4697,9265735
2019-09-05,76.59,77.6,76.54,77.04,68.6822,14267050
2019-09-06,77.33,77.46,76.97,77.2,68.8248,6940300
2019-09-09,77.38,77.78,77.245,77.43,69.0299,8080968
2019-09-10,77.23,78.16,76.955,78.14,69.6628,9487356
2019-09-11,78.3,78.9157,77.88,78.87,70.3136,14262630
2019-09-12,79.09,79.3,78.565,78.92,70.3582,18667740
2019-09-13,79.28,79.79,79.25,79.35,70.7416,9357681
2019-09-16,79.12,79.41,78.94,79.28,70.6792,8011684
2019-09-17,79.09,79.31,78.67,79.24,70.6435,6250776
2019-09-18,78.78,79.155,78.24,79.12,70.5365,8089653
2019-09-19,79.09,79.345,78.68,78.72,70.1799,5076787
2019-09-20,78.39,78.66,77.59,77.81,69.7363,10493360
2019-09-23,77.5,77.94,77.22,77.66,69.6018,14480280
2019-09-24,78.0,78.19,76.83,77.22,69.2075,11885630
2019-09-25,77.34,77.87,77.07,77.72,69.6556,10003010
2019-09-26,77.85,78.085,77.42,77.83,69.7542,9600984
2019-09-27,78.09,78.18,77.155,77.52,69.4764,10226850
2019-09-30,77.61,77.89,77.61,77.63,69.575,6225132
2019-10-01,77.91,78.24,75.695,75.77,67.908,15975630
2019-10-02,75.12,75.13,73.79,74.34,66.6263,12499800
2019-10-03,74.17,74.85,73.18,74.83,67.0655,16635180
2019-10-04,74.88,75.7,74.8,75.61,67.7646,9178987
2019-10-07,75.38,75.87,75.07,75.23,67.424,7305680
2019-10-08,74.47,74.87,74.02,74.07,66.3844,11582450
2019-10-09,74.68,75.0,74.275,74.7,66.949,6271933
2019-10-10,74.55,75.65,74.55,75.38,67.5584,9322265
2019-10-11,76.38,77.48,76.18,76.8,68.8311,16252270
2019-10-14,76.65,76.87,76.405,76.65,68.6966,4863349
2019-10-15,76.79,77.57,76.63,77.27,69.2523,8985775
2019-10-16,77.13,77.62,77.09,77.23,69.2165,8797300
2019-10-17,77.67,78.19,77.54,77.61,69.557,7978942
2019-10-18,77.44,77.6,76.86,76.94,68.9566,9694811
2019-10-21,77.23,77.57,77.11,77.4,69.3688,8428064
2019-10-22,77.49,78.24,77.2,78.01,69.9155,11366750
2019-10-23,77.98,78.05,77.67,78.0,69.9066,7390190
2019-10-24,78.13,78.215,77.55,78.11,70.0052,8414560
2019-10-25,78.09,78.78,78.05,78.6,70.4443,7718550
2019-10-28,78.77,79.23,78.76,78.82,70.6415,8138157
2019-10-29,78.5,79.29,78.4044,79.08,70.8745,10429210
2019-10-30,79.23,79.43,78.795,79.36,71.1255,9208262
2019-10-31,79.12,79.12,78.11,78.51,70.3636,10693180
2019-11-01,79.06,80.22,79.01,80.22,71.8962,19657949
2019-11-04,80.66,81.18,80.66,81.15,72.7297,15294170
2019-11-05,81.3,81.68,81.085,81.32,72.8821,14923910
2019-11-06,81.25,81.38,80.9,81.37,72.9269,12253190
2019-11-07,81.8,82.18,81.515,81.65,73.1778,10296960
2019-11-08,81.48,81.76,81.23,81.76,73.2764,6323390
2019-11-11,81.26,81.925,81.13,81.8,73.3123,5801492
2019-11-12,81.93,82.17,81.62,81.79,73.3033,8293520
2019-11-13,81.46,81.75,81.2,81.45,72.9986,9892093
2019-11-14,81.29,81.88,81.28,81.71,73.2316,7355029
2019-11-15,82.17,82.48,82.1,82.31,73.7694,6150737
2019-11-18,82.16,82.16,81.83,82.0,73.4915,5119374
2019-11-19,82.26,82.33,81.745,81.93,73.4288,9192815
2019-11-20,81.67,81.86,80.96,81.28,72.8462,14726650
2019-11-21,81.29,81.51,81.0,81.25,72.8193,6094774
2019-11-22,81.45,81.6917,81.195,81.67,73.1958,5205115
2019-11-25,81.97,82.42,81.76,82.26,73.7245,9190238
2019-11-26,82.34,82.65,82.18,82.5,73.9396,6069444
2019-11-27,82.44,82.45,82.1,82.42,73.8679,9186238
2019-11-29,82.32,82.32,81.9,82.04,73.5274,5645448
2019-12-02,82.03,82.15,80.65,80.69,72.3174,18275949
2019-12-03,79.84,79.88,79.26,79.81,71.5288,20416279
2019-12-04,80.23,80.9,80.04,80.12,71.8066,16090300
2019-12-05,80.27,80.33,79.79,80.14,71.8245,18539369
2019-12-06,80.89,81.26,80.86,81.11,72.6939,8966740
2019-12-09,80.88,81.0995,80.76,80.8,72.416,7266513
2019-12-10,80.79,81.03,80.56,80.7,72.3264,9046866
2019-12-11,80.78,81.28,80.58,81.21,72.7835,9070298
2019-12-12,81.25,82.19,81.04,81.93,73.4288,15561890
2019-12-13,81.89,82.535,81.445,81.71,73.2316,11754850
2019-12-16,81.99,82.12,81.66,81.67,73.1958,8046880
2019-12-17,81.68,81.86,81.54,81.59,73.1241,5949606
2019-12-18,81.6,81.62,81.1,81.25,72.8193,6679406
2019-12-19,81.26,81.56,81.17,81.47,73.0165,5743972
2019-12-20,81.34,81.63,81.16,81.44,73.3525,8913222
2019-12-23,81.93,82.2,81.79,82.11,73.9559,5675994
2019-12-24,82.09,82.1999,81.6901,81.78,73.6587,4451649
2019-12-26,81.96,81.98,81.585,81.97,73.8298,3914175
2019-12-27,82.23,82.23,81.79,81.9,73.7668,5300722
2019-12-30,81.99,81.99,81.355,81.52,73.4245,7716351
2019-12-31,81.32,81.69,81.175,81.47,73.3795,6458168
2020-01-02,82.05,83.01,81.83,83.01,74.7666,16058040
2020-01-03,82.06,82.95,81.99,82.85,74.6225,17571311
2020-01-06,82.46,82.89,82.2731,82.88,74.6495,16153210
2020-01-07,82.57,83.02,82.29,82.71,74.4964,16689119
2020-01-08,82.77,83.36,82.625,82.99,74.7485,10677740
2020-01-09,83.34,83.43,83.08,83.34,75.0638,7407283
2020-01-10,83.51,83.51,82.61,82.75,74.5324,8857680
2020-01-13,83.01,83.52,82.85,83.43,75.1449,7893866
2020-01-14,83.48,83.98,83.33,83.44,75.1539,9649517
2020-01-15,83.45,83.92,83.38,83.57,75.2709,12014520
2020-01-16,84.0,84.44,83.93,84.4,76.0185,9493262
2020-01-17,84.46,84.805,84.3,84.41,76.0275,7013382
2020-01-21,84.03,84.27,83.1101,83.48,75.1899,13004980
2020-01-22,83.71,83.9,82.98,83.04,74.7936,7490548
2020-01-23,82.93,84.05,82.631,83.94,75.6042,10758540
2020-01-24,84.1,84.17,82.93,83.55,75.2529,13402180
2020-01-27,82.06,82.52,81.97,81.97,73.8298,15013840
2020-01-28,82.24,82.91,81.86,82.5,74.3072,14918250
2020-01-29,83.33,83.57,82.853,82.94,74.7035,10355150
2020-01-30,82.14,83.12,81.97,83.03,74.7846,13158160
2020-01-31,82.58,82.7,80.801,81.11,73.0552,19083570
2020-02-03,81.55,82.23,80.99,81.08,73.0282,15676590
2020-02-04,82.32,82.81,82.24,82.61,74.4063,13597200
2020-02-05,83.54,84.0,83.11,83.99,75.6492,12835800
2020-02-06,84.33,84.4,83.72,84.26,75.8924,8627569
2020-02-07,83.94,84.15,83.58,83.65,75.343,12394520
2020-02-10,83.52,84.14,83.42,84.12,75.7663,8074222
2020-02-11,84.55,84.84,84.23,84.44,76.0546,6291531
2020-02-12,84.9,85.325,84.695,85.23,76.7661,7808960
2020-02-13,84.79,85.11,84.46,84.75,76.3338,8231457
2020-02-14,84.73,84.89,84.3,84.64,76.2347,5319331
2020-02-18,84.29,84.5264,83.765,84.16,75.8024,10399660
2020-02-19,84.33,84.57,84.09,84.13,75.7753,4638710
2020-02-20,83.98,84.59,83.4,84.01,75.6673,9518717
2020-02-21,83.56,83.84,83.21,83.59,75.289,13184750
2020-02-24,81.21,81.72,80.71,81.21,73.1453,18010141
2020-02-25,81.38,81.62,77.69,77.9,70.164,33000781
2020-02-26,78.39,79.39,77.14,77.31,69.6326,32619779
2020-02-27,75.79,77.4,74.39,74.44,67.0476,42597281
2020-02-28,72.17,73.67,71.3,73.08,65.8227,79119617
2020-03-02,73.95,75.83,72.59,75.65,68.1375,44798848
2020-03-03,75.85,77.53,73.35,73.8,66.4712,53823953
2020-03-04,74.96,76.95,74.26,76.85,69.2183,32387760
2020-03-05,74.67,75.22,72.77,73.09,65.8317,28762270
2020-03-06,70.66,72.74,70.45,72.45,65.2552,40681434
2020-03-09,66.7,68.35,65.085,65.77,59.2386,24792490
2020-03-10,68.04,69.23,65.35,69.18,62.31,18385689
2020-03-11,67.04,67.65,64.4,65.12,58.6532,28414930
2020-03-12,59.59,63.0,54.1,58.38,52.5825,23659801
2020-03-13,61.83,62.99,58.59,62.94,56.6896,18660279
2020-03-16,56.22,59.89,55.57,55.8,50.2587,18656359
2020-03-17,56.68,58.67,54.61,58.37,52.5735,24962189
2020-03-18,54.3,54.99,50.36,54.07,48.7005,26018891
2020-03-19,53.4,54.96,51.29,54.11,48.7365,16868080
2020-03-20,54.51,55.16,51.18,51.4,46.2956,22341670
2020-03-23,50.83,50.83,47.71,48.77,44.2679,34346559
2020-03-24,51.74,55.12,51.61,54.94,49.8683,29349660
2020-03-25,55.99,60.05,54.64,57.83,52.4915,27752990
2020-03-26,58.93,61.83,58.41,61.48,55.8046,22110199
2020-03-27,59.13,61.5668,57.97,58.89,53.4537,22486660
2020-03-30,58.92,60.04,57.98,59.75,54.2343,15759040
2020-03-31,59.25,60.25,58.76,59.01,53.5626,12884420
2020-04-01,56.38,57.06,55.54,56.35,51.1481,16057430
2020-04-02,55.85,57.87,55.63,57.1,51.8289,23895131
2020-04-03,56.94,57.525,55.72,56.34,51.1391,15912380
2020-04-06,58.88,60.59,58.81,60.24,54.679,19305800
2020-04-07,62.5,63.19,60.06,60.1,54.552,18390971
2020-04-08,60.93,62.62,60.43,62.28,56.5307,11986740
2020-04-09,63.47,64.33,62.65,63.22,57.3839,21132449
2020-04-13,62.82,62.86,60.795,61.37,55.7047,11086610
2020-04-14,62.72,63.18,61.92,62.54,56.7667,15293750
2020-04-15,61.17,61.29,59.79,60.81,55.1964,12758390
2020-04-16,60.72,60.74,59.365,60.27,54.7063,16117650
2020-04-17,62.33,63.31,62.11,63.1,57.275,18372539
2020-04-20,61.9,62.64,61.22,61.42,55.7501,10475110
2020-04-21,60.09,60.77,59.73,59.97,54.434,9553361
2020-04-22,61.14,61.3,60.23,60.6,55.0058,9184950
2020-04-23,61.07,62.35,61.055,61.08,55.4415,14256490
2020-04-24,61.61,61.78,60.58,61.57,55.8863,7139275
2020-04-27,62.0,63.49,61.88,63.1,57.275,9323242
2020-04-28,64.34,65.01,63.61,64.28,58.3461,9938791
2020-04-29,65.57,66.22,64.92,65.51,59.4625,12757420
2020-04-30,64.6,64.72,63.735,64.21,58.2825,14309960
2020-05-01,63.08,63.25,61.855,62.27,56.5216,9019235
2020-05-04,61.39,61.49,60.6,61.48,55.8046,8551719
2020-05-05,62.05,62.56,61.65,61.72,56.0224,8691228
2020-05-06,62.06,62.11,60.79,60.87,55.2509,7048130
2020-05-07,61.69,62.37,61.34,61.58,55.8953,8144529
2020-05-08,62.33,63.24,62.3145,63.11,57.2841,8661556
2020-05-11,62.48,62.8,61.89,62.32,56.567,8407655
2020-05-12,62.47,62.71,60.56,60.57,54.9786,12328990
2020-05-13,60.21,60.28,58.5,59.05,53.5989,15434460
2020-05-14,58.18,59.67,56.97,59.67,54.1617,14221430
2020-05-15,58.97,59.83,58.7,59.46,53.971,17398240
2020-05-18,61.82,63.78,61.65,63.38,57.5292,22117650
2020-05-19,63.26,63.865,62.56,62.57,56.7939,12447790
2020-05-20,63.56,64.35,63.47,63.74,57.8559,8644016
2020-05-21,63.75,64.4,63.41,63.89,57.9921,7682314
2020-05-22,64.01,64.06,63.27,63.84,57.9467,7113025
2020-05-26,65.85,67.03,65.82,66.52,60.3793,14907990
2020-05-27,67.96,68.79,67.29,68.74,62.3944,21918461
2020-05-28,69.43,69.65,67.97,68.09,61.8044,17490480
2020-05-29,67.46,68.13,66.75,67.67,61.4231,18881500
2020-06-01,67.6,68.335,67.34,67.82,61.5593,12921170
2020-06-02,68.33,68.88,68.04,68.7,62.3581,10852740
2020-06-03,69.7,71.57,69.67,71.38,64.7907,16253340
2020-06-04,71.22,72.17,71.04,72.14,65.4805,17880619
2020-06-05,75.16,76.21,74.49,74.79,67.8859,19564240
2020-06-08,75.75,76.53,75.72,76.29,69.2474,18906199
2020-06-09,74.9,75.0,74.061,74.39,67.5228,15074730
2020-06-10,74.04,74.14,72.38,72.61,65.9071,16694250
2020-06-11,69.52,70.09,67.41,67.51,61.2779,26054820
2020-06-12,69.95,70.14,67.14,68.82,62.467,29161891
2020-06-15,66.63,69.93,66.36,69.5,63.0842,18116391
2020-06-16,72.41,72.49,69.59,70.86,64.3187,20564170
2020-06-17,71.02,71.155,70.18,70.35,63.8557,9448239
2020-06-18,69.69,70.72,69.55,70.09,63.6197,8632812
2020-06-19,71.13,71.21,68.755,69.23,62.8391,15601470
2020-06-22,68.51,69.26,67.94,69.04,62.9449,7931957
2020-06-23,69.74,69.83,68.88,69.05,62.954,8849797
2020-06-24,68.11,68.34,66.48,66.65,60.7659,16922789
2020-06-25,66.21,67.45,65.63,67.39,61.4406,11623660
2020-06-26,67.12,67.37,65.85,66.14,60.3009,21429910
2020-06-29,67.12,68.31,66.69,68.31,62.2793,10864780
2020-06-30,67.79,69.09,67.59,68.7,62.6349,8868517
2020-07-01,69.38,69.935,68.325,68.39,62.3523,9789179
2020-07-02,69.49,69.995,68.81,68.98,62.8902,8280163
2020-07-06,70.05,70.34,69.4587,69.97,63.7928,10815520
2020-07-07,69.29,69.59,68.55,68.63,62.5711,6111978
2020-07-08,68.6,69.06,68.05,68.63,62.5711,8576514
2020-07-09,68.51,68.59,66.92,67.14,61.2126,16782930
2020-07-10,67.08,68.07,67.08,68.01,62.0058,9255405
2020-07-13,68.6,69.46,67.93,68.29,62.2611,14570110
2020-07-14,68.05,69.85,67.77,69.77,63.6104,12689530
2020-07-15,71.06,71.87,70.66,71.55,65.2333,15472380
2020-07-16,71.22,71.92,70.89,71.57,65.2515,13017250
2020-07-17,71.89,72.15,71.52,72.0,65.6436,8605427
2020-07-20,71.59,71.76,70.91,71.12,64.8413,9404591
2020-07-21,71.76,72.58,71.63,72.06,65.6983,9345028
2020-07-22,71.78,72.74,71.76,72.64,66.2271,7620158
2020-07-23,72.55,73.09,72.135,72.42,66.0265,7537995
2020-07-24,72.31,72.71,71.63,71.84,65.4977,10061440
2020-07-27,71.82,72.24,71.4,72.14,65.7712,6198394
2020-07-28,71.8,72.24,71.585,71.64,65.3154,5964528
2020-07-29,72.01,72.885,71.96,72.73,66.3091,6935404
2020-07-30,72.22,72.41,71.475,72.0,65.6436,9118700
2020-07-31,71.71,71.88,70.525,71.73,65.3974,9836277
2020-08-03,71.82,72.28,71.3675,72.03,65.6709,12736980
2020-08-04,71.77,72.245,71.75,72.21,65.835,6560913
2020-08-05,72.7,73.68,72.61,73.59,67.0932,8522262
2020-08-06,73.5,73.88,73.4,73.87,67.3485,5880586
2020-08-07,73.82,75.16,73.71,75.13,68.4972,12952120
2020-08-10,75.4,77.05,75.36,76.98,70.1839,15627250
2020-08-11,78.06,78.67,77.23,77.39,70.5577,17263670
2020-08-12,78.12,78.21,77.34,77.64,70.7857,12587380
2020-08-13,77.22,77.75,76.93,77.23,70.4119,13298770
2020-08-14,76.84,77.92,76.72,77.53,70.6854,5909652
2020-08-17,77.68,77.84,77.025,77.17,70.3571,5898815
2020-08-18,77.12,77.36,76.64,76.75,69.9742,5145531
2020-08-19,76.84,77.24,76.38,76.55,69.7919,6297947
2020-08-20,75.95,76.32,75.705,76.14,69.4181,10529480
2020-08-21,76.07,76.66,76.02,76.45,69.7007,7113646
2020-08-24,76.96,77.83,76.61,77.83,70.9589,10171440
2020-08-25,78.36,78.36,77.32,77.73,70.8677,12076140
2020-08-26,77.58,78.04,77.2,77.77,70.9042,6538934
2020-08-27,78.21,78.71,77.79,78.05,71.1595,10260070
2020-08-28,78.32,78.83,77.95,78.79,71.8341,10323990
2020-08-31,78.57,78.86,77.81,77.81,70.9406,9908268
2020-09-01,77.56,78.665,77.28,78.6,71.6609,14432260
2020-09-02,78.88,80.12,78.66,79.9,72.8461,15333580
2020-09-03,79.96,80.26,77.16,77.66,70.8039,19995090
2020-09-04,78.35,78.875,76.81,77.84,70.968,21632420
2020-09-08,77.31,77.4,76.17,76.38,69.6369,14914010
2020-09-09,77.08,78.2,76.88,77.56,70.7127,16222080
2020-09-10,77.82,78.06,76.33,76.57,69.8101,16547279
2020-09-11,76.86,77.98,76.8,77.61,70.7583,16124450
2020-09-14,78.34,78.91,77.97,78.66,71.7156,9641860
2020-09-15,78.98,79.175,78.58,78.71,71.7612,13583740
2020-09-16,79.33,80.305,78.89,79.51,72.4906,10298420
2020-09-17,78.37,80.16,78.01,79.67,72.6364,19265680
2020-09-18,79.92,80.22,78.72,78.78,71.825,13359050
2020-09-21,77.06,77.23,75.1128,75.87,69.4408,23188119
2020-09-22,75.84,76.77,75.77,76.62,70.1272,7512454
2020-09-23,76.78,77.59,75.165,75.25,68.8733,16388811
2020-09-24,75.13,76.205,74.35,75.36,68.974,12111130
2020-09-25,74.9,76.75,74.9,76.49,70.0082,7346850
2020-09-28,77.45,78.49,77.45,77.87,71.2713,7409620
2020-09-29,77.73,78.05,76.96,77.18,70.6398,10633050
2020-09-30,77.48,78.39,76.41,76.98,70.4567,12184970
2020-10-01,77.52,77.87,76.21,76.75,70.2462,14045460
2020-10-02,75.5,78.055,75.47,77.61,71.0333,17895631
2020-10-05,78.27,79.025,78.27,78.86,72.1774,8880823
2020-10-06,79.19,79.715,77.82,77.9,71.2987,12587440
2020-10-07,78.82,79.855,78.79,79.62,72.873,10050060
2020-10-08,80.15,80.415,79.44,80.41,73.596,16341780
2020-10-09,80.91,81.26,80.46,80.71,73.8706,12603930
2020-10-12,81.07,81.455,80.83,81.17,74.2916,8662235
2020-10-13,80.6,81.09,80.03,80.27,73.4679,11004600
2020-10-14,80.4,81.33,80.39,80.72,73.8798,10052450
2020-10-15,79.85,81.045,79.72,81.01,74.1452,12063850
2020-10-16,81.51,82.1,81.39,81.6,74.6852,9422372
2020-10-19,81.66,82.125,80.285,80.59,73.7608,8530955
2020-10-20,81.01,82.04,80.82,81.01,74.1452,9806977
2020-10-21,80.71,81.38,80.19,80.19,73.3947,8009008
2020-10-22,80.37,80.99,80.12,80.85,73.9988,6878189
2020-10-23,81.27,81.52,80.55,81.17,74.2916,8038326
2020-10-26,80.1,80.19,78.28,79.14,72.4337,10692830
2020-10-27,78.91,79.0,77.39,77.41,70.8503,8736126
2020-10-28,75.83,76.68,74.7825,74.87,68.5255,17321949
2020-10-29,74.82,76.61,74.64,75.96,69.5231,14272860
2020-10-30,75.56,76.18,74.72,75.87,69.4408,15379780
2020-11-02,77.0,78.065,76.44,77.92,71.317,14166820
2020-11-03,78.98,80.669,78.8,80.22,73.4221,16357460
2020-11-04,79.56,81.19,78.87,79.39,72.6625,23229811
2020-11-05,80.47,81.79,80.42,81.26,74.374,12159320
2020-11-06,81.11,81.7,80.76,81.34,74.4472,10091580
2020-11-09,86.87,87.88,84.05,84.11,76.9825,25393920
2020-11-10,84.39,85.93,84.13,85.59,78.3371,18983789
2020-11-11,86.13,86.14,84.44,84.87,77.6781,11081530
2020-11-12,84.01,84.805,83.325,83.9,76.7903,10777130
2020-11-13,84.61,85.86,84.55,85.76,78.4927,9283097
2020-11-16,87.66,87.99,86.43,87.85,80.4056,14364360
2020-11-17,87.19,87.905,86.32,87.62,80.1951,11029740
2020-11-18,88.31,88.68,87.17,87.23,79.8381,11882720
2020-11-19,87.01,87.53,86.435,87.45,80.0395,8451878
2020-11-20,87.24,87.59,86.46,86.66,79.3164,7289289
2020-11-23,87.4,88.28,87.4,88.11,80.6435,11399480
2020-11-24,89.46,90.155,89.02,89.65,82.053,13977130
2020-11-25,89.58,89.6,88.53,88.97,81.4307,9382875
2020-11-27,89.21,89.495,88.555,88.82,81.2934,5023075
2020-11-30,88.62,88.72,87.53,88.03,80.5703,10379830
2020-12-01,89.01,89.43,87.77,87.81,80.369,14520650
2020-12-02,87.48,88.15,87.38,87.93,80.4788,13219790
2020-12-03,88.05,88.96,87.985,88.16,80.6893,11677460
2020-12-04,88.45,89.375,88.42,89.21,81.6503,11754060
2020-12-07,89.16,89.26,88.515,88.78,81.2568,7599000
2020-12-08,88.5,89.37,88.47,89.21,81.6503,5038277
2020-12-09,89.52,89.7325,88.77,89.41,81.8334,12047130
2020-12-10,88.79,89.22,88.17,88.56,81.0554,11628000
2020-12-11,88.01,88.96,88.0,88.77,81.2476,6577523
2020-12-14,89.63,89.695,87.6,87.62,80.1951,6841929
2020-12-15,88.26,89.19,87.725,88.84,81.3117,7351349
2020-12-16,88.92,88.97,88.1,88.29,80.8083,6805143
2020-12-17,88.81,88.94,88.32,88.83,81.3025,9088519
2020-12-18,88.96,89.06,88.14,88.84,81.3117,8639999
2020-12-21,86.71,88.35,86.39,87.94,80.8209,9071138
2020-12-22,87.9,87.99,86.88,87.53,80.4441,11452190
2020-12-23,87.98,88.46,87.87,87.99,80.8669,8939370
2020-12-24,88.12,88.14,87.5,88.0,80.8761,2367367
2020-12-28,88.58,88.87,88.01,88.11,80.9771,4849963
2020-12-29,88.56,88.68,86.99,87.58,80.4901,6729491
2020-12-30,87.73,88.38,87.68,88.14,81.0047,5019408
2020-12-31,88.11,88.72,87.66,88.55,81.3815,6761620
2021-01-04,88.66,88.74,85.92,86.41,79.4148,16200760
2021-01-05,86.25,87.59,86.235,87.26,80.196,16004570
2021-01-06,87.82,90.065,87.55,89.34,82.1076,19500570
2021-01-07,89.84,90.18,89.1,89.83,82.5579,10115170
2021-01-08,90.03,90.28,88.71,89.61,82.3557,11043320
2021-01-11,88.67,89.84,88.6,89.58,82.3281,11911730
2021-01-12,89.56,90.69,89.05,90.47,83.1461,10408100
2021-01-13,90.32,90.45,89.55,89.69,82.4292,9230317
2021-01-14,90.15,90.65,89.84,90.0,82.7141,10669820
2021-01-15,89.4,89.61,88.08,88.83,81.6389,12924800
2021-01-19,89.59,89.885,89.09,89.12,81.9054,8933682
2021-01-20,89.59,89.88,89.085,89.67,82.4109,8374347
2021-01-21,89.47,89.68,88.835,88.97,81.7675,9602304
2021-01-22,88.39,88.88,87.765,88.51,81.3448,9728752
2021-01-25,88.1,88.35,87.04,87.91,80.7933,18249330
2021-01-26,88.67,88.81,87.05,87.1,80.0489,10480810
2021-01-27,85.93,86.15,84.715,85.37,78.459,23140180
2021-01-28,86.2,87.67,86.11,86.64,79.6261,17928311
2021-01-29,86.08,86.51,84.51,84.77,77.9075,20895029
2021-02-01,85.61,85.89,84.935,85.65,78.7163,11318740
2021-02-02,86.66,87.86,86.57,87.47,80.389,10443800
2021-02-03,87.37,87.6877,86.79,87.53,80.4441,9662886
2021-02-04,87.83,88.62,87.705,88.47,81.308,7113897
2021-02-05,89.16,89.415,88.76,88.99,81.7859,7481924
2021-02-08,89.35,89.79,89.15,89.75,82.4844,8848303
2021-02-09,89.67,90.28,89.055,89.98,82.6958,8298515
2021-02-10,90.38,90.41,89.43,89.84,82.5671,10982440
2021-02-11,90.07,90.2,88.74,89.65,82.3925,8868551
2021-02-12,89.45,90.37,89.35,90.3,82.9899,7983482
2021-02-16,90.51,90.88,90.01,90.21,82.9071,8227585
2021-02-17,89.82,90.03,89.255,89.96,82.6774,7265980
2021-02-18,89.5,89.715,88.835,89.51,82.2638,6409712
2021-02-19,90.15,91.25,90.08,90.98,83.6148,8737243
2021-02-22,90.52,91.94,90.44,91.27,83.8813,10552490
2021-02-23,91.44,91.78,90.19,91.55,84.1387,16573641
2021-02-24,91.77,93.66,91.36,93.28,85.7286,16795920
2021-02-25,93.27,93.38,91.18,91.56,84.1479,19945609
2021-02-26,91.78,92.05,90.36,90.61,83.2748,18163359
2021-03-01,91.93,93.62,91.8,92.93,85.4069,11494280
2021-03-02,92.98,93.125,92.26,92.66,85.1588,11530660
2021-03-03,92.74,93.85,92.53,92.76,85.2507,17497801
2021-03-04,92.89,93.23,89.85,91.28,83.8905,27730400
2021-03-05,92.15,93.75,90.27,93.44,85.8757,22816320
2021-03-08,94.07,95.89,93.81,94.42,86.7763,16782391
2021-03-09,94.9,95.385,94.02,94.03,86.4179,12485070
2021-03-10,94.29,95.91,94.16,95.42,87.6954,17276221
2021-03-11,95.7,96.31,94.92,95.49,87.7597,12211110
2021-03-12,95.84,96.845,95.75,96.77,88.9361,10112770
2021-03-15,97.16,97.61,96.19,97.58,89.6805,11393410
2021-03-16,97.37,97.43,96.08,96.19,88.403,12538750
2021-03-17,96.38,97.5,96.13,97.3,89.4232,14844050
2021-03-18,97.2,98.52,97.02,97.21,89.3405,16893369
2021-03-19,97.27,97.31,95.93,96.47,88.6604,18430600
2021-03-22,96.36,96.53,95.45,96.12,88.6106,12319890
2021-03-23,95.47,96.34,94.09,94.44,87.0618,16949010
2021-03-24,94.93,96.62,94.89,95.13,87.6979,14581920
2021-03-25,94.88,96.8,93.95,96.65,89.0992,18519529
2021-03-26,97.19,98.38,96.81,98.32,90.6387,14395960
2021-03-29,98.21,98.919,97.84,98.34,90.6572,12712830
2021-03-30,98.34,99.01,98.15,98.77,91.0536,10180490
2021-03-31,99.0,99.26,98.12,98.45,90.7586,12291300
2021-04-01,98.62,98.86,98.14,98.78,91.0628,11189260
2021-04-05,99.74,100.335,99.56,100.0,92.1875,10789210
2021-04-06,99.91,100.57,99.66,99.76,91.9662,8203259
2021-04-07,99.78,100.03,98.985,99.3,91.5422,8865776
2021-04-08,99.16,99.575,98.61,99.54,91.7634,9151639
2021-04-09,99.72,100.5575,99.58,100.51,92.6576,9656077
2021-04-12,100.37,100.94,100.31,100.88,92.9987,7704966
2021-04-13,100.41,100.7,99.68,100.39,92.547,10612160
2021-04-14,100.46,101.195,100.4,100.52,92.6668,9332090
2021-04-15,100.86,101.06,100.19,100.92,93.0356,12631230
2021-04-16,101.52,101.8,100.7,101.14,93.2384,10222060
2021-04-19,100.98,101.0,100.22,100.72,92.8512,8141102
2021-04-20,100.5,100.68,99.0,99.61,91.8279,13622380
2021-04-21,99.48,101.01,99.28,100.97,93.0817,11352810
2021-04-22,101.06,101.7,100.355,100.46,92.6115,11778740
2021-04-23,100.58,101.82,100.4,101.56,93.6256,8126824
2021-04-26,101.91,102.42,101.2023,101.26,93.349,7824948
2021-04-27,101.66,102.26,101.31,102.1,94.1234,13774880
2021-04-28,102.06,102.41,101.76,101.89,93.9298,7877873
2021-04-29,102.5,102.74,101.8599,102.61,94.5936,11035410
2021-04-30,102.01,102.33,101.57,101.93,93.9667,9861181
2021-05-03,102.7,103.26,102.32,102.98,94.9347,9445321
2021-05-04,102.65,103.45,102.18,103.43,95.3495,11677410
2021-05-05,103.69,104.02,102.67,103.53,95.4417,9988998
2021-05-06,103.8,104.28,103.34,104.25,96.1054,18276350
2021-05-07,104.0,105.6,103.62,105.35,97.1195,19343029
2021-05-10,105.92,106.805,105.4,105.45,97.2117,16335520
2021-05-11,104.4,104.67,102.84,103.89,95.7736,25425760
2021-05-12,103.58,103.96,101.325,101.4,93.4781,18125750
2021-05-13,101.46,103.79,101.4,103.3,95.2297,16458270
2021-05-14,104.1,104.995,103.74,104.73,96.5479,11217720
2021-05-17,104.41,104.7799,103.65,104.41,96.2529,11547390
2021-05-18,104.39,104.56,102.85,102.89,94.8517,11195520
2021-05-19,101.75,102.32,100.67,102.31,94.317,16656480
2021-05-20,102.48,102.9,101.92,102.54,94.529,11635350
2021-05-21,103.12,103.88,102.68,103.04,94.99,13420160
2021-05-24,103.67,103.9,103.12,103.68,95.58,7097853
2021-05-25,103.96,104.45,103.23,103.37,95.2942,8574746
2021-05-26,103.52,103.84,103.12,103.7,95.5984,7615787
2021-05-27,104.64,105.3,104.542,105.12,96.9075,11467450
2021-05-28,105.44,105.45,104.76,105.12,96.9075,7606332
2021-06-01,106.14,106.31,105.32,105.53,97.2854,9456949
2021-06-02,105.62,105.73,105.07,105.23,97.0089,7547855
2021-06-03,104.68,105.59,104.25,105.0,96.7968,10342320
2021-06-04,105.39,105.565,104.8,105.34,97.1103,7118239
2021-06-07,105.54,105.56,104.33,104.61,96.4373,8298808
2021-06-08,104.67,105.11,104.16,104.88,96.6862,8848088
2021-06-09,104.81,104.81,103.77,103.81,95.6998,10967080
2021-06-10,104.48,104.68,103.25,103.3,95.2297,10645170
2021-06-11,103.7,104.02,102.97,103.51,95.4232,10113530
2021-06-14,103.41,103.55,102.47,103.04,94.99,11312070
2021-06-15,103.19,103.7,102.77,103.48,95.3956,8948621
2021-06-16,103.38,103.5,102.18,102.5,94.4922,13977910
2021-06-17,102.44,102.7,99.97,100.92,93.0356,20842881
2021-06-18,99.73,100.46,99.49,99.61,91.8279,21546061
2021-06-21,100.1,101.61,100.01,101.48,93.8477,15499880
2021-06-22,101.52,101.97,100.895,101.59,93.9494,10646410
2021-06-23,101.79,102.07,101.33,101.36,93.7367,9136320
2021-06-24,101.96,102.31,101.42,102.15,94.4673,11687380
2021-06-25,102.23,102.72,102.07,102.35,94.6522,13039340
2021-06-28,102.31,102.39,101.345,101.81,94.1529,11997630
2021-06-29,102.14,102.57,101.51,101.61,93.9679,11134250
2021-06-30,101.53,102.59,101.51,102.4,94.6985,13677290
2021-07-01,103.0,103.19,102.59,103.13,95.3736,13858570
2021-07-02,103.15,103.465,102.7,103.29,95.5215,9911819
2021-07-06,103.05,103.19,101.18,102.3,94.606,11564060
2021-07-07,102.07,103.47,101.971,103.32,95.5493,14971960
2021-07-08,101.69,102.53,101.03,101.88,94.2176,17419369
2021-07-09,102.97,103.65,102.87,103.49,95.7065,13341930
2021-07-12,102.97,103.75,102.6,103.63,95.836,10846540
2021-07-13,103.41,103.5,102.58,102.63,94.9112,14881700
2021-07-14,102.89,103.29,102.255,102.62,94.9019,10140050
2021-07-15,102.04,103.24,101.99,102.82,95.0869,11071560
2021-07-16,103.17,103.19,101.781,101.91,94.2453,17307420
2021-07-19,100.28,100.49,98.77,99.78,92.2755,23792680
2021-07-20,100.08,102.695,99.94,102.57,94.8557,20937090
2021-07-21,102.94,103.9,102.9,103.55,95.762,14449610
2021-07-22,103.74,103.75,103.01,103.17,95.4106,6318687
2021-07-23,103.54,103.81,103.1,103.61,95.8175,8055920
2021-07-26,103.33,103.91,102.89,103.56,95.7712,7488801
2021-07-27,102.9,103.54,102.4,102.99,95.2441,12402170
2021-07-28,103.32,103.55,102.21,102.75,95.0222,11996630
2021-07-29,103.55,103.855,102.975,103.56,95.7712,9767658
2021-07-30,103.04,103.58,102.86,103.36,95.5863,12824380
2021-08-02,103.76,104.63,102.5584,102.65,94.9297,15925530
2021-08-03,102.85,104.04,101.97,103.99,96.1689,14814300
2021-08-04,103.28,103.805,102.56,102.58,94.8649,16181020
2021-08-05,103.0,103.41,102.67,103.06,95.3088,12561510
2021-08-06,103.48,103.98,103.35,103.54,95.7527,8677160
2021-08-09,103.08,103.38,102.63,103.13,95.3736,7469683
2021-08-10,103.32,104.47,103.195,104.18,96.3446,12731200
2021-08-11,104.39,105.54,104.01,105.53,97.5931,12817430
2021-08-12,105.53,105.73,104.785,105.33,97.4081,9265287
2021-08-13,105.34,105.5,104.86,105.0,97.1029,8909471
2021-08-16,104.69,105.37,104.0,105.36,97.4359,10231220
2021-08-17,104.73,104.78,103.23,104.22,96.3816,15570020
2021-08-18,103.81,104.395,103.045,103.08,95.3273,11955200
2021-08-19,102.31,103.06,101.78,102.36,94.6615,17529721
2021-08-20,102.41,102.9381,102.135,102.63,94.9112,11752950
2021-08-23,103.11,103.92,103.06,103.47,95.688,8470964
2021-08-24,103.67,104.45,103.65,103.99,96.1689,7593172
2021-08-25,104.07,105.0,103.745,104.66,96.7885,9404193
2021-08-26,104.54,104.61,103.985,104.2,96.3631,9951097
2021-08-27,104.55,105.21,104.32,104.92,97.029,10484390
2021-08-30,105.1,105.28,104.55,104.8,96.918,6528165
2021-08-31,104.73,104.95,104.275,104.51,96.6498,9621180
2021-09-01,104.73,104.73,103.72,104.11,96.2799,13116830
2021-09-02,104.54,105.24,104.52,105.23,97.3156,9633661
2021-09-03,104.94,105.14,104.52,104.59,96.7238,9855160
2021-09-07,104.23,104.3,102.71,102.78,95.0499,17849900
2021-09-08,102.57,103.12,102.14,102.92,95.1794,13561570
2021-09-09,102.75,103.48,102.17,102.42,94.717,9406169
2021-09-10,102.91,103.12,101.915,101.96,94.2916,9547823
2021-09-13,102.74,103.0,101.46,102.23,94.5413,12451030
2021-09-14,102.51,102.6,100.77,101.0,93.4038,11493630
2021-09-15,101.05,102.37,100.83,102.11,94.4303,9175030
2021-09-16,102.1,102.35,101.24,101.41,93.7829,10516240
2021-09-17,101.06,101.3,100.175,100.33,92.7842,16250700
2021-09-20,98.54,99.06,97.78,98.86,91.72,21453561
2021-09-21,99.34,99.4,97.8921,98.34,91.2376,14345230
2021-09-22,98.63,99.79,98.63,99.12,91.9612,13080090
2021-09-23,99.59,101.19,99.55,100.64,93.3714,11440230
2021-09-24,100.38,101.13,100.31,100.85,93.5663,8254497
2021-09-27,100.99,101.85,100.89,100.95,93.6591,9337978
2021-09-28,100.67,100.93,99.545,99.78,92.5736,17057311
2021-09-29,100.22,100.41,99.74,99.89,92.6756,12148160
2021-09-30,100.21,100.29,97.73,97.84,90.7737,24624760
2021-10-01,98.46,99.71,97.48,99.18,92.0169,17051801
2021-10-04,99.01,99.64,98.02,98.64,91.5159,20182939
2021-10-05,98.82,100.25,98.39,99.74,92.5364,12987950
2021-10-06,98.67,100.22,98.205,100.18,92.9447,14702540
2021-10-07,100.95,101.69,100.87,100.96,93.6683,9669765
2021-10-08,100.86,101.2,100.52,100.95,93.6591,8565137
2021-10-11,100.82,101.46,100.13,100.14,92.9076,9984044
2021-10-12,100.26,100.61,99.61,99.81,92.6014,10048790
2021-10-13,99.99,100.44,98.93,100.02,92.7962,12416670
2021-10-14,100.83,101.935,100.62,101.91,94.5497,9752931
2021-10-15,102.61,103.33,102.47,102.89,95.4589,11775250
2021-10-18,102.3,103.07,101.895,102.96,95.5239,6780227
2021-10-19,103.47,103.605,102.86,103.57,96.0898,6911171
2021-10-20,103.59,104.325,103.35,104.22,96.6929,9258586
2021-10-21,104.0,104.48,103.74,104.43,96.8877,7824899
2021-10-22,104.64,105.185,104.48,104.8,97.231,9826276
2021-10-25,104.64,105.44,104.3,105.04,97.4537,8093601
2021-10-26,104.93,105.37,104.3801,104.39,96.8506,12313960
2021-10-27,104.59,104.66,103.145,103.17,95.7187,9015191
2021-10-28,103.32,104.52,103.32,104.46,96.9156,9260446
2021-10-29,104.27,104.87,104.07,104.49,96.9434,6831642
2021-11-01,104.7,104.99,104.27,104.78,97.2124,10775230
2021-11-02,104.93,105.225,104.63,105.13,97.5372,8833899
2021-11-03,104.54,104.97,103.99,104.9,97.3238,11567270
2021-11-04,105.2,105.695,105.0801,105.32,97.7134,10201180
2021-11-05,106.54,107.05,106.04,106.39,98.7062,12906650
2021-11-08,107.33,107.58,106.415,106.83,99.1144,8928874
2021-11-09,107.03,107.36,106.505,107.1,99.3649,10637520
2021-11-10,106.95,107.29,106.205,106.5,98.8082,10325810
2021-11-11,106.71,106.71,105.95,106.06,98.4,5921237
2021-11-12,106.36,107.08,106.02,106.9,99.1793,7929022
2021-11-15,107.33,107.45,106.86,107.1,99.3649,7672636
2021-11-16,107.11,107.6459,107.02,107.12,99.3834,6624957
2021-11-17,107.14,107.275,106.11,106.48,98.7897,8164384
2021-11-18,106.83,106.83,105.71,106.26,98.5856,9806241
2021-11-19,106.21,106.285,105.58,105.73,98.0938,8935617
2021-11-22,106.07,107.01,105.81,106.02,98.3629,11911850
2021-11-23,106.14,106.575,105.6546,106.2,98.5299,14090390
2021-11-24,105.85,106.3,105.71,106.08,98.4186,10760390
2021-11-26,103.35,103.78,102.48,103.21,95.7558,14694050
2021-11-29,104.26,104.28,102.84,103.39,95.9228,11693130
2021-11-30,102.61,102.93,100.665,100.77,93.4921,21058881
2021-12-01,102.3,102.712,99.33,99.37,92.1932,19783750
2021-12-02,100.13,102.67,99.79,102.32,94.9301,21919301
2021-12-03,102.52,102.78,101.17,102.2,94.8188,19584881
2021-12-06,103.22,104.575,103.05,103.93,96.4238,14457480
2021-12-07,104.72,105.855,104.675,104.99,97.4073,10563310
2021-12-08,105.04,105.44,104.725,105.25,97.6485,10419570
2021-12-09,104.83,105.46,104.56,104.92,97.3423,7325762
2021-12-10,105.39,105.57,104.84,105.35,97.7413,8304248
2021-12-13,105.11,105.31,104.08,104.26,96.73,12690150
2021-12-14,103.7,104.71,102.86,103.27,95.8115,13174190
2021-12-15,103.55,104.31,102.86,104.17,96.6465,16908590
2021-12-16,104.84,105.295,103.85,104.22,96.6929,11866230
2021-12-17,104.2,104.32,102.41,102.44,95.0414,19378570
2021-12-20,100.81,100.8252,99.56,100.42,93.5188,17968340
2021-12-21,101.17,102.626,101.13,102.42,95.3814,10497410
2021-12-22,102.37,102.885,102.2,102.71,95.6514,8296959
2021-12-23,103.08,104.26,103.06,103.92,96.7783,7047147
2021-12-27,104.08,105.06,103.93,105.02,97.8027,5196036
2021-12-28,104.92,105.815,104.86,105.55,98.2963,5368611
2021-12-29,105.39,105.97,105.26,105.74,98.4732,5922255
2021-12-30,105.85,106.37,105.275,105.36,98.1193,6190484
2021-12-31,105.18,106.23,105.06,105.81,98.5384,7726054
2022-01-03,106.03,106.26,104.395,104.94,97.7282,10188350
2022-01-04,105.62,107.25,105.5,107.05,99.6932,14572850
2022-01-05,107.33,107.88,105.985,106.03,98.7433,16196110
2022-01-06,106.4,106.905,105.98,106.52,99.1996,10437830
2022-01-07,106.55,107.2,106.45,106.49,99.1717,11614850
2022-01-10,106.23,106.32,104.47,105.29,98.0541,15670970
2022-01-11,105.4,106.04,104.26,105.92,98.6408,11966570
2022-01-12,106.37,106.8,105.92,106.26,98.9575,9938019
2022-01-13,106.55,107.44,106.115,106.49,99.1717,10995430
2022-01-14,105.52,105.94,104.775,105.85,98.5756,14758640
2022-01-18,104.86,105.07,104.03,104.63,97.4395,13878210
2022-01-19,104.91,105.05,103.375,103.46,96.3499,13367050
2022-01-20,103.66,104.725,102.005,102.14,95.1206,16726061
2022-01-21,102.15,102.915,100.8,101.2,94.2452,33329852
2022-01-24,99.51,101.93,98.05,101.78,94.7853,37364352
2022-01-25,100.01,101.62,98.365,100.78,93.8541,28146279
2022-01-26,101.36,102.49,98.88,99.9,93.0345,27633730
2022-01-27,100.73,101.56,98.36,99.01,92.2057,23186080
2022-01-28,98.59,99.71,96.94,99.7,92.8483,22967160
2022-01-31,99.03,100.85,98.8,100.74,93.8168,12183180
2022-02-01,101.37,102.46,100.76,102.13,95.1113,17200881
2022-02-02,102.0,103.05,101.58,102.84,95.7725,14199160
2022-02-03,102.14,102.62,101.06,101.2,94.2452,14007510
2022-02-04,100.64,101.1,99.28,100.11,93.2301,16025210
2022-02-07,100.37,100.97,99.84,100.19,93.3046,10452100
2022-02-08,100.45,101.39,100.05,101.19,94.2359,10376510
2022-02-09,102.04,102.72,102.01,102.58,95.5304,13166310
2022-02-10,101.37,102.76,100.38,100.9,93.9658,15559990
2022-02-11,100.93,101.4,98.87,99.36,92.5317,18726859
2022-02-14,99.5,99.775,98.2,98.99,92.1871,15297370
2022-02-15,99.97,100.91,99.91,100.48,93.5747,10542100
2022-02-16,100.21,101.36,99.96,101.01,94.0683,8222551
2022-02-17,100.21,100.43,98.99,99.16,92.3454,10912270
2022-02-18,98.98,99.73,98.02,98.34,91.5818,11969700
2022-02-22,98.27,98.84,96.86,97.39,90.697,16809510
2022-02-23,97.81,97.97,95.445,95.6,89.0301,16296320
2022-02-24,94.19,97.03,93.4,96.82,90.1662,27356090
2022-02-25,97.05,99.46,97.0,99.13,92.3175,13511740
2022-02-28,98.21,100.09,98.16,99.89,93.0252,18310699
2022-03-01,99.53,100.16,97.76,98.4,91.6376,21884820
2022-03-02,98.88,100.98,98.74,100.5,93.5933,16881400
2022-03-03,101.24,101.51,100.17,100.61,93.6958,14831560
2022-03-04,99.59,100.51,99.0,100.39,93.4909,17167410
2022-03-07,100.07,100.795,97.67,97.7,90.9857,16533900
2022-03-08,97.94,99.71,97.01,97.1,90.427,22316850
2022-03-09,98.81,99.61,98.41,98.86,92.066,18757369
2022-03-10,97.62,98.92,97.53,98.73,91.945,13317230
2022-03-11,99.3,99.91,97.88,97.94,91.2092,10695300
2022-03-14,98.53,99.34,97.58,98.27,91.5166,12988140
2022-03-15,99.17,100.03,98.57,99.83,92.9694,11204860
2022-03-16,100.46,101.33,99.15,101.15,94.1986,15840900
2022-03-17,100.5,102.5,100.5,102.45,95.4093,10897920
2022-03-18,102.27,102.925,101.51,102.84,95.7725,14921780
2022-03-21,102.26,103.11,102.085,102.73,95.9883,10821410
2022-03-22,103.05,103.545,102.75,103.29,96.5116,8292013
2022-03-23,102.86,103.07,102.28,102.3,95.5866,10475500
2022-03-24,102.82,103.13,102.29,103.08,96.3154,7698944
2022-03-25,103.3,103.76,102.84,103.72,96.9134,7350294
2022-03-28,103.63,103.78,102.795,103.75,96.9414,7941015
2022-03-29,104.43,104.77,103.695,104.71,97.8384,12157510
2022-03-30,104.6,105.23,104.13,104.59,97.7263,8731245
2022-03-31,104.32,104.96,102.96,102.98,96.2219,9441929
2022-04-01,103.42,103.505,101.43,102.18,95.4744,11182300
2022-04-04,101.98,102.125,100.79,102.05,95.353,10436500
2022-04-05,101.65,102.465,100.39,100.6,93.9981,15332850
2022-04-06,99.76,100.105,99.14,99.82,93.2693,15573210
2022-04-07,99.46,100.52,98.56,100.16,93.587,12381320
2022-04-08,100.0,100.49,99.37,99.6,93.0637,12923240
2022-04-11,99.28,100.4,99.1,99.28,92.7647,11246440
2022-04-12,99.58,100.555,98.69,99.12,92.6152,11473940
2022-04-13,99.32,100.155,99.31,100.05,93.4842,7661232
2022-04-14,100.37,100.91,99.92,99.94,93.3814,8252406
2022-04-18,99.66,100.6,99.17,99.59,93.0544,8701060
2022-04-19,99.92,101.54,99.87,101.4,94.7456,10920150
2022-04-20,102.26,102.65,101.81,101.95,95.2595,8622957
2022-04-21,102.96,103.12,100.67,100.91,94.2878,11117440
2022-04-22,100.4,100.455,98.34,98.43,91.9705,12030410
2022-04-25,97.86,98.58,96.185,98.43,91.9705,16391131
2022-04-26,97.7,98.07,96.25,96.28,89.9616,14594110
2022-04-27,96.23,97.51,95.78,96.64,90.298,13363060
2022-04-28,96.91,98.11,95.73,97.73,91.3165,13461570
2022-04-29,97.58,98.08,94.95,95.14,88.8964,15135410
2022-05-02,95.04,96.19,93.495,95.34,89.0833,19101391
2022-05-03,95.54,96.6,95.14,95.97,89.672,13316030
2022-05-04,95.92,98.98,95.66,98.75,92.2695,18468930
2022-05-05,97.8,98.28,95.4,96.17,89.8588,24943699
2022-05-06,95.78,95.82,93.96,95.52,89.2515,24154020
2022-05-09,94.41,94.78,92.825,93.21,87.0931,21188750
2022-05-10,94.22,94.5,91.68,92.6,86.5231,22935010
2022-05-11,92.53,94.14,91.61,91.76,85.7382,21838670
2022-05-12,91.29,92.51,90.19,91.93,85.8971,18517539
2022-05-13,92.75,93.63,92.15,93.1,86.9903,12837810
2022-05-16,92.83,93.71,92.2,92.97,86.8688,10865950
2022-05-17,94.47,95.22,93.675,95.08,88.8404,9490472
2022-05-18,94.23,94.4,91.27,91.54,85.5327,11172990
2022-05-19,90.58,91.88,89.68,90.72,84.7665,14481970
2022-05-20,91.0,91.19,88.035,89.74,83.8508,15695080
2022-05-23,90.61,91.435,90.16,91.21,85.2243,11989110
2022-05-24,90.74,91.37,89.24,91.16,85.1776,9916954
2022-05-25,90.86,92.04,90.54,91.69,85.6728,9460135
2022-05-26,92.52,94.01,92.33,93.55,87.4108,8028139
2022-05-27,94.29,95.49,94.17,95.47,89.2048,8669562
2022-05-31,94.47,95.355,93.8,94.7,88.4853,14498310
2022-06-01,95.26,95.49,93.35,94.12,87.9434,8713684
2022-06-02,94.77,95.97,93.93,95.92,89.6252,8432476
2022-06-03,95.06,95.8,94.95,95.55,89.2795,6828753
2022-06-06,96.24,96.535,95.745,95.95,89.6533,8334562
2022-06-07,95.1,97.34,94.78,97.24,90.8586,7427686
2022-06-08,96.51,96.75,95.255,95.48,89.2141,7028755
2022-06-09,95.08,95.46,93.6,93.6,87.4575,6737824
2022-06-10,91.94,92.15,90.81,90.84,84.8786,10416660
2022-06-13,89.05,89.18,87.56,88.11,82.3278,18353289
2022-06-14,88.49,89.15,87.16,87.89,82.1222,10512800
2022-06-15,88.58,89.8,87.37,88.74,82.9164,13335170
2022-06-16,87.01,87.06,85.33,85.78,80.1507,13500720
2022-06-17,85.68,86.41,84.57,85.56,79.9451,14253470
2022-06-21,86.53,87.07,85.93,86.74,81.3987,9161658
2022-06-22,85.52,86.955,85.35,86.26,80.9482,11136960
2022-06-23,86.22,86.56,84.75,85.82,80.5353,9744542
2022-06-24,86.64,88.83,86.6,88.82,83.3506,9633954
2022-06-27,89.29,89.29,88.21,88.61,83.1535,6361269
2022-06-28,89.2,90.2,87.505,87.58,82.1869,6476287
2022-06-29,87.75,87.76,86.38,87.07,81.7083,6818421
2022-06-30,86.01,87.72,85.61,87.34,81.9617,8708532
2022-07-01,87.18,88.39,86.51,88.1,82.6749,11717970
2022-07-05,86.62,86.82,85.27,86.78,81.4362,10994650
2022-07-06,86.98,87.82,86.16,87.28,81.9054,9781667
2022-07-07,87.89,88.53,87.31,88.31,82.872,5865558
2022-07-08,88.08,88.47,87.23,87.91,82.4966,4912841
2022-07-11,87.4,87.91,87.12,87.32,81.9429,7984977
2022-07-12,86.92,88.225,86.735,87.05,81.6896,8018045
2022-07-13,85.66,86.72,85.44,85.99,80.6948,9498557
2022-07-14,84.76,85.595,84.275,85.5,80.235,6825170
2022-07-15,86.7,86.97,85.79,86.84,81.4925,7855588
2022-07-18,87.61,87.95,86.05,86.32,81.0045,6281975
2022-07-19,87.03,89.555,87.01,89.4,83.8949,7326897
2022-07-20,89.43,90.33,89.11,90.09,84.5424,8260587
2022-07-21,89.83,90.76,89.48,90.74,85.1523,5899263
2022-07-22,91.04,91.33,90.03,90.45,84.8802,5969790
2022-07-25,90.55,91.14,90.0,90.88,85.2837,6154858
2022-07-26,90.59,91.22,90.18,90.39,84.8239,5522198
2022-07-27,90.98,92.24,90.38,91.79,86.1377,8662123
2022-07-28,92.25,93.805,91.99,93.71,87.9394,8668535
2022-07-29,93.74,95.84,93.74,95.64,89.7506,9000633
2022-08-01,95.04,96.05,94.86,95.74,89.8444,8599365
2022-08-02,95.38,95.91,94.545,94.73,88.8966,10039930
2022-08-03,95.14,95.92,94.48,95.62,89.7318,5509486
2022-08-04,95.64,96.25,95.42,95.97,90.0603,5339358
2022-08-05,94.99,96.19,94.99,96.12,90.201,7857349
2022-08-08,96.87,97.14,95.84,96.09,90.1729,5606027
2022-08-09,96.08,96.23,95.535,95.74,89.8444,4397963
2022-08-10,97.26,98.15,97.045,97.84,91.8151,5967009
2022-08-11,98.48,99.23,98.17,98.36,92.3031,5711598
2022-08-12,98.81,99.87,98.46,99.84,93.692,7808155
2022-08-15,99.15,100.22,99.0,100.08,93.9172,6558471
2022-08-16,99.6,100.97,99.6,100.53,94.3395,5564228
2022-08-17,99.35,100.19,99.2,99.73,93.5887,6578822
2022-08-18,99.91,100.275,99.565,100.13,93.9641,7003420
2022-08-19,99.51,99.54,98.575,98.84,92.7535,6893443
2022-08-22,97.63,97.78,96.83,96.96,90.9893,5804820
2022-08-23,97.0,97.78,96.84,97.14,91.1582,9874698
2022-08-24,97.24,97.75,97.05,97.46,91.4585,6443810
2022-08-25,97.9,98.98,97.81,98.95,92.8568,6045854
2022-08-26,99.14,99.19,95.45,95.52,89.638,8006169
2022-08-29,94.91,95.85,94.54,95.09,89.2345,6386888
2022-08-30,95.3,95.43,93.325,93.72,87.9488,9546674
2022-08-31,94.1,94.27,92.83,92.93,87.2075,9683939
2022-09-01,92.32,93.12,91.92,93.06,87.3295,8790104
2022-09-02,94.1,94.215,91.73,92.16,86.4849,9839321
2022-09-06,92.2,92.765,91.51,92.31,86.6257,11438690
2022-09-07,91.98,94.025,91.96,93.79,88.0145,7934256
2022-09-08,93.22,94.105,92.63,94.07,88.2773,6979878
2022-09-09,94.68,95.49,94.635,95.29,89.4222,7440041
2022-09-12,95.84,96.35,95.36,95.86,89.9571,5874020
2022-09-13,93.8,94.54,91.8982,92.25,86.5694,11236340
2022-09-14,92.2,92.48,90.92,92.07,86.4004,8889388
2022-09-15,92.0,92.65,90.82,91.11,85.4996,10688760
2022-09-16,89.07,89.61,88.44,89.21,83.7166,19141359
2022-09-19,88.17,90.115,88.11,89.99,84.8528,8455445
2022-09-20,89.32,89.38,88.13,88.87,83.7967,6652570
2022-09-21,89.66,90.36,87.68,87.69,82.6841,10846670
2022-09-22,87.48,87.61,86.24,86.37,81.4394,8925684
2022-09-23,85.51,85.6,83.71,84.75,79.9119,13831580
2022-09-26,84.49,85.21,83.48,83.86,79.0727,9241612
2022-09-27,84.62,84.89,82.87,83.58,78.8087,12179580
2022-09-28,83.94,85.89,83.67,85.42,80.5437,11920110
2022-09-29,84.67,84.75,83.16,83.94,79.1481,9357400
2022-09-30,83.7,84.45,82.75,82.84,78.1109,8935651
2022-10-03,83.76,86.01,83.495,85.34,80.4682,8612659
2022-10-04,86.64,88.33,86.64,88.31,83.2687,9676136
2022-10-05,87.35,88.575,86.93,87.83,82.8161,7055835
2022-10-06,87.38,88.03,86.6,86.82,81.8637,8813313
2022-10-07,85.99,86.13,84.635,85.16,80.2985,7415187
2022-10-10,85.87,86.33,84.74,85.46,80.5814,7564257
2022-10-11,85.12,86.6,84.89,85.44,80.5625,8661731
2022-10-12,85.39,85.785,84.73,84.77,79.9308,6727367
2022-10-13,82.85,87.085,82.76,86.64,81.694,18956141
2022-10-14,87.25,87.4,84.56,84.74,79.9025,9433052
2022-10-17,86.24,87.06,86.14,86.59,81.6469,9541174
2022-10-18,88.46,88.91,87.44,88.68,83.6175,10160560
2022-10-19,88.25,88.85,87.35,88.05,83.0235,7705459
2022-10-20,87.79,88.31,86.17,86.32,81.3923,8773288
2022-10-21,86.4,88.865,86.09,88.69,83.627,13148220
2022-10-24,89.32,90.205,89.07,89.87,84.7396,9388681
2022-10-25,89.77,91.15,89.72,91.08,85.8805,9807949
2022-10-26,91.91,92.71,91.07,91.4,86.1823,10250440
2022-10-27,92.29,93.58,92.28,92.47,87.1912,9223889
2022-10-28,92.66,94.7,92.42,94.62,89.2185,9161737
2022-10-31,94.16,94.95,93.89,94.35,88.9639,9144913
2022-11-01,95.05,95.17,93.67,94.26,88.879,9673189
2022-11-02,93.79,95.72,92.545,92.6,87.3138,13884870
2022-11-03,91.66,94.41,91.601,93.57,88.2284,13330960
2022-11-04,94.87,95.34,93.5,95.07,89.6428,11497480
2022-11-07,95.5,96.24,94.895,96.09,90.6045,8286935
2022-11-08,96.4,97.38,95.77,96.93,91.3966,8951572
2022-11-09,96.35,97.0,95.455,95.58,90.1236,9217726
2022-11-10,98.3,99.72,97.84,99.59,93.9047,18633779
2022-11-11,99.83,100.24,99.12,99.53,93.8482,9975360
2022-11-14,99.24,100.26,98.89,98.92,93.273,8854133
2022-11-15,99.99,100.18,98.74,99.6,93.9142,10514100
2022-11-16,99.48,99.675,98.655,98.88,93.2353,9612086
2022-11-17,97.61,98.75,97.1,98.71,93.075,8754393
2022-11-18,99.6,99.89,98.8,99.44,93.7633,7661541
2022-11-21,99.18,100.06,99.15,99.76,94.065,7072582
2022-11-22,100.2,100.76,100.1,100.53,94.7911,7470202
2022-11-23,100.65,101.29,100.575,100.91,95.1494,5649134
2022-11-25,101.13,101.5,101.01,101.3,95.5171,2665905
2022-11-28,100.85,100.94,99.14,99.46,93.7822,7870228
2022-11-29,99.68,100.23,99.38,100.07,94.3573,5563377
2022-11-30,100.05,101.74,98.94,101.72,95.9131,18295430
2022-12-01,102.1,102.3593,100.965,101.75,95.9414,13848740
2022-12-02,100.66,102.69,100.66,102.33,96.4883,10768070
2022-12-05,101.4,101.52,100.44,100.62,94.8759,11070760
2022-12-06,100.85,100.9,98.675,99.43,93.7539,8854732
2022-12-07,99.25,100.0,99.11,99.3,93.6313,7173701
2022-12-08,99.66,100.5,99.53,99.89,94.1876,6462406
2022-12-09,99.84,100.26,99.04,99.07,93.4144,7208049
2022-12-12,99.3,100.8,99.22,100.77,95.0174,7043316
2022-12-13,103.23,103.31,100.405,101.15,95.3757,17589510
2022-12-14,101.27,102.28,100.38,100.96,95.1965,10428900
2022-12-15,99.6,100.045,98.01,98.52,92.8958,11588870
2022-12-16,97.59,98.305,97.135,98.1,92.4998,17357141
2022-12-19,97.37,98.27,96.65,97.12,92.0128,8814778
2022-12-20,96.91,97.87,96.8,97.24,92.1265,9294162
2022-12-21,98.38,99.2399,98.05,99.07,93.8603,8220939
2022-12-22,98.39,98.47,96.3,97.81,92.6665,11024800
2022-12-23,97.8,98.53,97.37,98.39,93.216,6142448
2022-12-27,98.54,99.18,98.16,98.69,93.5003,5213773
2022-12-28,98.87,99.1,97.38,97.4,92.2781,6803903
2022-12-29,97.85,98.9,97.77,98.6,93.415,8308994
2022-12-30,98.01,98.395,97.285,98.21,93.0455,6874386
2023-01-03,98.78,98.94,97.51,98.42,93.2445,11407710
2023-01-04,98.74,99.61,98.52,99.29,94.0687,12236000
2023-01-05,98.73,98.96,97.95,98.22,93.055,9649569
2023-01-06,99.21,101.1898,99.03,100.91,95.6035,16270440
2023-01-09,101.16,102.065,100.325,100.46,95.1772,12846690
2023-01-10,100.13,101.07,100.07,101.01,95.6983,9166198
2023-01-11,101.6,102.0,101.035,101.98,96.6173,7395403
2023-01-12,102.35,102.98,101.49,102.58,97.1857,9883217
2023-01-13,101.71,102.54,101.45,102.46,97.072,14206880
2023-01-17,102.4,102.54,101.48,101.59,96.2478,9275086
2023-01-18,101.94,102.165,99.62,99.68,94.4382,15025990
2023-01-19,99.07,99.32,97.62,97.63,92.496,17155789
2023-01-20,97.71,99.02,97.31,98.99,93.7845,12816600
2023-01-23,99.3,100.61,98.875,100.07,94.8077,11113560
2023-01-24,99.51,101.025,98.99,100.73,95.433,11341180
2023-01-25,99.63,100.435,98.795,100.17,94.9024,11728320
2023-01-26,100.88,100.88,99.47,100.72,95.4235,14985520
2023-01-27,100.5,101.615,100.42,101.14,95.8214,14187330
2023-01-30,100.51,101.49,100.065,100.15,94.8835,10057930
2023-01-31,100.45,101.88,100.09,101.85,96.4941,10367550
2023-02-01,101.44,103.325,100.98,102.59,97.1952,16673660
2023-02-02,102.97,103.99,102.33,103.39,97.9531,13459840
2023-02-03,102.72,103.7,102.58,102.85,97.4415,13567820
2023-02-06,102.35,102.9923,102.185,102.6,97.2046,10260900
2023-02-07,102.3,103.185,101.25,102.92,97.5078,10946130
2023-02-08,102.39,102.83,102.0,102.34,96.9583,7429670
2023-02-09,102.84,103.08,101.135,101.42,96.0867,8882518
2023-02-10,101.19,102.22,101.08,102.14,96.7688,7710516
2023-02-13,102.34,103.13,102.16,103.07,97.6499,5781413
2023-02-14,102.71,103.26,101.725,102.79,97.3847,7722300
2023-02-15,102.22,103.455,102.02,103.43,97.991,6005678
2023-02-16,102.1,103.14,101.915,102.36,96.9773,8838672
2023-02-17,102.29,103.09,101.89,103.03,97.612,8778990
2023-02-21,102.26,102.58,100.57,100.67,95.3761,9805042
2023-02-22,100.76,101.25,100.0,100.42,95.1393,8867098
2023-02-23,100.93,101.5,99.82,100.89,95.5846,8995627
2023-02-24,99.85,100.47,99.4,100.31,95.0351,9288384
2023-02-27,101.52,101.97,100.97,101.2,95.8783,8677659
2023-02-28,101.07,101.6,100.87,100.97,95.6604,10854250
2023-03-01,100.88,101.9,100.695,101.37,96.0393,10365100
2023-03-02,100.76,102.755,100.76,102.56,97.1668,10570470
2023-03-03,102.97,103.84,102.39,103.67,98.2184,12097380
2023-03-06,103.74,104.18,103.33,103.48,98.0384,9714963
2023-03-07,103.49,103.64,102.07,102.15,96.7783,11034150
2023-03-08,102.23,102.64,101.65,102.39,97.0057,11508800
2023-03-09,102.97,103.3,100.73,100.88,95.5751,11018130
2023-03-10,100.72,101.23,98.685,99.0,93.794,27405279
2023-03-13,97.99,99.36,97.59,98.44,93.2634,28616510
2023-03-14,99.7,100.49,98.32,99.48,94.2487,15383970
2023-03-15,97.67,97.82,95.495,97.03,91.9276,34251559
2023-03-16,96.4,98.57,96.13,98.28,93.1118,24110000
2023-03-17,97.85,98.02,96.21,96.67,91.5865,23170160
2023-03-20,96.71,97.79,96.71,97.55,92.7994,14476370
2023-03-21,98.69,99.09,98.17,98.68,93.8744,11495160
2023-03-22,98.65,99.14,96.75,96.79,92.0764,14178360
2023-03-23,96.94,98.15,95.91,96.51,91.81,15857520
2023-03-24,95.79,96.98,95.19,96.91,92.1906,15993230
2023-03-27,97.69,98.05,97.08,97.72,92.9611,7668573
2023-03-28,97.53,98.61,97.53,98.22,93.4368,9909054
2023-03-29,99.11,99.7,98.92,99.65,94.7971,9387900
2023-03-30,100.14,100.34,99.54,99.86,94.9969,8160225
2023-03-31,100.45,101.24,100.24,101.18,96.2526,12006460
2023-04-03,100.96,101.77,100.63,101.36,96.4238,11174150
2023-04-04,101.42,101.42,98.7201,99.09,94.2644,18801869
2023-04-05,98.58,99.02,97.5,97.8,93.0372,16606920
2023-04-06,97.83,98.17,97.34,97.77,93.0087,10886020
2023-04-10,97.39,98.68,97.39,98.66,93.8553,10568930
2023-04-11,98.95,99.71,98.87,99.25,94.4166,9753250
2023-04-12,99.79,100.17,99.31,99.58,94.7305,11277160
2023-04-13,99.62,100.14,98.56,99.95,95.0825,12289360
2023-04-14,99.61,100.38,99.24,99.83,94.9684,9254961
2023-04-17,100.08,100.645,99.94,100.62,95.7199,8007231
2023-04-18,101.11,101.7,100.73,101.1,96.1765,9924810
2023-04-19,100.74,101.19,100.57,101.02,96.1004,7734385
2023-04-20,100.43,101.2301,100.43,100.84,95.9292,9265132
2023-04-21,101.02,101.17,100.22,100.61,95.7104,10668590
2023-04-24,100.61,101.2,100.445,100.85,95.9387,6942092
2023-04-25,100.25,100.29,98.92,98.99,94.1693,12306940
2023-04-26,98.35,98.61,96.92,97.12,92.3903,16058810
2023-04-27,97.41,99.155,97.26,99.04,94.2168,14421570
2023-04-28,98.92,100.16,98.92,100.0,95.1301,10714960
2023-05-01,100.01,101.11,100.0,100.54,95.6438,8551052
2023-05-02,100.18,100.36,98.36,99.49,94.6449,12240500
2023-05-03,99.82,100.51,99.035,99.11,94.2834,13371650
2023-05-04,99.01,99.215,97.49,98.03,93.256,15150060
2023-05-05,98.93,99.81,98.805,99.51,94.6639,9231340
2023-05-08,99.9,100.07,98.79,99.15,94.3215,7610199
2023-05-09,98.91,99.52,98.71,99.37,94.5308,8068090
2023-05-10,100.0,100.12,97.88,99.01,94.1883,12580500
2023-05-11,98.49,98.62,97.855,98.41,93.6175,11545060
2023-05-12,98.84,99.145,97.745,98.48,93.6841,8552536
2023-05-15,98.44,99.295,98.09,98.96,94.1407,8433593
2023-05-16,98.49,98.59,97.62,97.62,92.866,9416185
2023-05-17,98.23,99.615,98.18,99.3,94.4642,12387390
2023-05-18,99.14,100.18,98.855,100.02,95.1491,10813050
2023-05-19,100.79,100.885,99.27,99.78,94.9208,10028250
2023-05-22,99.82,100.38,98.95,99.76,94.9018,9038745
2023-05-23,99.32,99.6,98.385,98.56,93.7602,11744730
2023-05-24,98.27,98.295,97.15,97.29,92.5521,11654870
2023-05-25,97.36,97.85,96.735,97.61,92.8565,14259330
2023-05-26,97.9,98.72,97.78,98.34,93.5509,10790510
2023-05-30,98.48,98.72,97.7,98.19,93.4082,9828302
2023-05-31,97.81,97.95,96.525,96.85,92.1335,13021510
2023-06-01,97.08,98.31,96.7512,98.09,93.3131,12573720
2023-06-02,99.12,101.24,99.06,100.94,96.0243,21451289
2023-06-05,101.15,101.15,100.11,100.24,95.3584,10667738
2023-06-06,100.0,101.03,99.91,100.87,95.9577,10509540
2023-06-07,100.93,102.56,100.58,102.49,97.4988,13384320
2023-06-08,102.31,102.905,101.83,102.67,97.6701,10074640
2023-06-09,102.69,102.76,101.73,102.4,97.4132,9870982
2023-06-12,102.5,103.31,102.12,103.13,98.1077,9906935
2023-06-13,103.32,104.415,103.19,104.33,99.2492,14474160
2023-06-14,104.62,104.87,103.595,104.05,98.9828,14953610
2023-06-15,104.01,105.825,103.95,105.62,100.4764,12776560
2023-06-16,105.95,106.6,105.285,105.45,100.3147,14331360
2023-06-20,104.36,104.66,103.84,104.25,99.5743,9527540
2023-06-21,103.71,105.125,103.49,104.83,100.1283,12206160
2023-06-22,104.43,104.55,103.89,104.07,99.4023,11641830
2023-06-23,103.17,103.68,102.905,103.28,98.6478,11246250
2023-06-26,103.24,104.34,103.11,104.14,99.4692,7639179
2023-06-27,104.36,105.5099,104.18,105.39,100.6631,8210160
2023-06-28,105.42,105.595,105.025,105.39,100.6631,7866645
2023-06-29,105.27,106.44,105.19,106.41,101.6374,10236140
2023-06-30,107.06,107.62,106.6,107.32,102.5066,11431350
2023-07-03,106.91,107.55,106.465,107.34,102.5257,6786819
2023-07-05,106.68,107.12,106.41,106.76,101.9717,9504777
2023-07-06,105.92,106.29,105.34,105.96,101.2076,11209510
2023-07-07,105.65,107.22,105.62,106.2,101.4368,9359547
2023-07-10,106.23,107.71,106.22,107.71,102.8791,11765370
2023-07-11,107.96,109.14,107.93,108.98,104.0921,10283420
2023-07-12,109.86,109.88,108.67,108.79,103.9106,13492920
2023-07-13,108.89,109.18,108.48,108.93,104.0444,8964851
2023-07-14,108.85,108.89,108.055,108.61,103.7387,9288269
2023-07-17,108.42,109.38,108.17,109.02,104.1303,6517827
2023-07-18,109.07,110.0,109.02,109.63,104.713,8098214
2023-07-19,109.37,109.9,108.93,109.58,104.6652,8563479
2023-07-20,109.76,110.345,109.37,110.07,105.1332,10643900
2023-07-21,109.95,110.19,109.53,109.55,104.6366,8993437
2023-07-24,109.51,110.155,109.44,109.8,104.8753,6754882
2023-07-25,108.81,109.745,108.59,109.66,104.7416,8768435
2023-07-26,110.04,110.54,109.87,110.43,105.4771,10555280
2023-07-27,110.47,110.47,109.195,109.48,104.5697,11837840
2023-07-28,110.35,110.37,109.74,110.16,105.2192,7466858
2023-07-31,110.3,110.59,109.995,110.42,105.4675,6587320
2023-08-01,110.24,111.12,110.06,110.75,105.7827,9004496
2023-08-02,110.12,110.6,109.4,109.59,104.6748,9906031
2023-08-03,109.19,109.45,108.73,108.9,104.0157,7991777
2023-08-04,109.32,109.4,108.07,108.24,103.3853,10631150
2023-08-07,108.65,109.72,108.6,109.57,104.6557,8462591
2023-08-08,108.9,109.28,108.16,109.07,104.1781,7669054
2023-08-09,109.08,109.5,108.6,109.01,104.1208,7881704
2023-08-10,109.16,109.95,108.465,108.71,103.8342,7259255
2023-08-11,108.48,109.165,108.42,108.89,104.0062,5720489
2023-08-14,108.81,108.99,108.5,108.93,104.0444,6113073
2023-08-15,108.22,108.34,107.415,107.54,102.7167,6911664
2023-08-16,107.34,108.2,106.85,106.94,102.1436,10281130
2023-08-17,107.32,107.5,106.005,106.04,101.284,10867830
2023-08-18,105.42,106.58,105.35,106.24,101.475,10763930
2023-08-21,106.22,106.45,105.36,106.11,101.3508,6464708
2023-08-22,106.44,106.7,105.61,105.86,101.1121,8152808
2023-08-23,105.86,107.07,105.86,106.95,102.1532,7643256
2023-08-24,106.54,107.295,105.61,105.65,100.9115,9483808
2023-08-25,106.2,106.91,105.31,106.54,101.7616,13142480
2023-08-28,107.06,107.765,107.02,107.41,102.5925,7673900
2023-08-29,107.33,108.285,107.01,108.23,103.3758,9326470
2023-08-30,108.36,109.0786,108.28,108.72,103.8438,7849616
2023-08-31,108.9,109.15,108.21,108.23,103.3758,5593457
2023-09-01,108.98,109.135,108.345,108.8,103.9202,7034227
2023-09-05,108.61,108.635,106.93,106.97,102.1723,8452439
2023-09-06,106.66,107.31,105.91,106.51,101.7329,8586633
2023-09-07,106.11,106.615,105.5,106.16,101.3986,7561221
2023-09-08,106.2,106.33,105.405,105.63,100.8924,6829536
2023-09-11,105.89,106.1,105.08,105.66,100.921,6308003
2023-09-12,105.12,105.87,105.01,105.28,100.5581,8099496
2023-09-13,105.14,105.48,104.1,104.58,99.8895,10646110
2023-09-14,105.22,105.63,104.99,105.61,100.8733,10123900
2023-09-15,105.21,105.65,104.7,105.0,100.2906,11446140
2023-09-18,104.57,105.29,104.35,104.69,100.4019,6446704
2023-09-19,104.43,104.6,103.495,104.25,99.9799,7360657
2023-09-20,104.85,105.33,103.78,103.84,99.5867,8289916
2023-09-21,103.46,103.5,102.1,102.14,97.9563,8931413
2023-09-22,101.95,102.44,101.74,101.79,97.6207,10971240
2023-09-25,101.35,102.34,101.3152,102.3,98.1098,7355703
2023-09-26,101.64,101.96,100.62,100.74,96.6137,11490560
2023-09-27,101.35,101.805,100.69,101.49,97.333,12676500
2023-09-28,101.42,102.63,101.285,101.92,97.7453,9804841
2023-09-29,102.54,102.63,101.04,101.38,97.2275,11042000
2023-10-02,101.09,101.37,99.93,100.39,96.278,11079230
2023-10-03,100.04,100.78,99.275,99.69,95.6067,12055520
2023-10-04,99.66,100.19,98.91,100.01,95.9136,11394490
2023-10-05,99.87,100.13,99.01,99.42,95.3477,10336350
2023-10-06,99.04,101.36,98.69,100.78,96.652,13842700
2023-10-09,101.17,102.48,100.98,102.36,98.1673,11059730
2023-10-10,102.77,103.585,102.36,102.98,98.7619,9658289
2023-10-11,103.25,103.65,102.79,103.6,99.3565,7806551
2023-10-12,103.92,103.92,101.875,102.66,98.455,8102173
2023-10-13,102.77,103.15,101.3,101.75,97.5823,9605414
2023-10-16,102.67,103.395,102.28,102.83,98.6181,8344074
2023-10-17,102.37,103.82,102.33,103.15,98.925,10707200
2023-10-18,102.47,102.52,100.49,100.66,96.537,13582700
2023-10-19,100.86,101.45,99.52,99.73,95.645,12535100
2023-10-20,99.84,100.04,98.66,98.7,94.6572,13641090
2023-10-23,98.55,99.62,98.19,98.24,94.2161,12076900
2023-10-24,99.49,99.655,98.53,98.98,94.9258,9324414
2023-10-25,98.83,98.92,97.665,97.71,93.7078,10996000
2023-10-26,97.77,98.46,97.2401,97.3,93.3146,15387380
2023-10-27,97.35,97.51,96.115,96.44,92.4898,13062060
2023-10-30,97.08,97.9672,96.71,97.64,93.6406,11242840
2023-10-31,97.42,98.4691,97.27,98.36,94.3312,10540280
2023-11-01,98.46,98.875,97.79,98.68,94.6381,14715340
2023-11-02,99.77,100.81,99.55,100.71,96.5849,10739780
2023-11-03,101.63,102.15,101.55,101.6,97.4384,10001210
2023-11-06,101.68,101.73,100.85,101.33,97.1795,6899395
2023-11-07,100.64,101.235,100.395,101.08,96.9397,7244512
2023-11-08,101.3,101.63,100.9,101.31,97.1603,7494226
2023-11-09,101.95,102.115,100.9,101.09,96.9493,12232890
2023-11-10,101.65,102.655,101.29,102.55,98.3495,9576284
2023-11-13,102.31,102.87,102.13,102.64,98.4358,6598125
2023-11-14,103.89,105.115,103.89,104.7,100.4115,12872960
2023-11-15,104.99,105.72,104.84,104.92,100.6225,8516339
2023-11-16,105.03,105.52,104.515,104.94,100.6416,8611090
2023-11-17,105.47,105.65,105.14,105.61,101.2842,8034836
2023-11-20,105.5,106.21,105.06,105.93,101.5911,7339115
2023-11-21,105.76,106.045,105.41,105.85,101.5144,7676531
2023-11-22,105.82,106.405,105.61,106.08,101.7349,9059705
2023-11-24,106.12,106.54,106.07,106.34,101.9843,4439216
2023-11-27,106.0,106.09,105.58,105.74,101.4089,9157922
2023-11-28,105.89,106.375,105.34,105.49,101.1691,7975998
2023-11-29,106.08,106.415,105.68,105.89,101.5527,9101395
2023-11-30,106.09,107.11,105.76,107.05,102.6652,14101560
2023-12-01,107.15,108.81,107.07,108.74,104.286,13279850
2023-12-04,107.89,108.97,107.89,108.92,104.4586,11010880
2023-12-05,108.46,108.63,107.895,108.04,103.6147,10056340
2023-12-06,108.53,109.17,108.35,108.52,104.075,8336286
2023-12-07,108.76,108.935,108.31,108.62,104.1709,8457594
2023-12-08,108.66,109.49,108.62,108.96,104.497,7150079
2023-12-11,109.24,110.13,109.18,110.0,105.4944,9380234
2023-12-12,110.16,110.725,109.8,110.5,105.9739,6524590
2023-12-13,110.5,111.935,109.92,111.73,107.1535,12976840
2023-12-14,112.5,113.44,112.345,113.17,108.5345,15473910
2023-12-15,112.9,113.38,112.4714,113.02,108.3907,13801080
2023-12-18,112.68,112.755,112.275,112.4,108.3859,6977243
2023-12-19,112.72,113.39,112.65,113.27,109.2248,5249451
2023-12-20,112.46,113.385,111.37,111.44,107.4601,8329723
2023-12-21,112.23,112.635,111.72,112.59,108.5691,6962110
2023-12-22,112.82,113.525,112.68,113.13,109.0898,5500229
2023-12-26,113.22,114.195,113.05,113.93,109.8612,5181566
2023-12-27,113.91,114.37,113.715,114.1,110.0251,5894109
2023-12-28,113.97,114.37,113.82,114.13,110.0541,8240788
2023-12-29,113.98,114.4,113.51,113.99,109.9191,7936472
2024-01-02,113.23,113.94,112.49,112.84,108.8101,8558812
2024-01-03,112.22,112.42,111.09,111.16,107.1901,18631230
2024-01-04,111.36,112.235,111.23,111.3,107.3251,10716010
2024-01-05,111.22,111.94,111.03,111.43,107.4505,7888165
2024-01-08,111.13,112.16,110.635,112.16,108.1544,10856070
2024-01-09,111.4,111.94,110.99,111.81,107.8169,8452236
2024-01-10,111.83,112.52,111.725,112.38,108.3666,9109285
2024-01-11,112.41,112.57,111.2,112.12,108.1159,9081734
2024-01-12,112.5,112.745,111.67,112.11,108.1062,6630984
2024-01-16,111.55,111.64,110.605,110.98,107.0166,10834160
2024-01-17,110.19,110.94,109.95,110.23,106.2934,7604700
2024-01-18,110.64,111.895,110.495,111.72,107.7301,9060563
2024-01-19,111.98,112.74,111.1003,112.45,108.4341,10355670
2024-01-22,112.84,113.61,112.84,113.32,109.273,9913128
2024-01-23,113.35,113.715,112.74,113.23,109.1862,10275270
2024-01-24,113.69,113.71,112.47,112.53,108.5112,9638754
2024-01-25,113.09,113.63,112.8,113.61,109.5526,9899014
2024-01-26,113.73,114.11,113.11,113.43,109.3791,7031104
2024-01-29,113.32,114.18,113.17,114.17,110.0926,5849927
2024-01-30,113.36,114.37,113.36,114.21,110.1312,8300023
2024-01-31,114.13,114.34,112.865,112.89,108.8584,14462350
2024-02-01,113.6,114.835,112.98,114.81,110.7098,13946120
2024-02-02,114.57,116.08,114.13,115.58,111.4523,12830170
2024-02-05,115.12,115.36,114.3,114.95,110.8448,9536697
2024-02-06,115.09,116.04,114.82,115.98,111.838,8722946
2024-02-07,116.37,117.1,116.315,116.75,112.5805,7557092
2024-02-08,117.03,117.095,116.29,116.77,112.5998,8532366
2024-02-09,116.93,116.96,116.295,116.95,112.7734,10106030
2024-02-12,116.88,117.435,116.77,117.12,112.9373,8383277
2024-02-13,116.11,116.14,115.09,115.92,111.7802,13890800
2024-02-14,116.81,117.905,116.675,117.86,113.6509,11889520
2024-02-15,118.0,118.805,117.83,118.74,114.4994,11644330
2024-02-16,118.47,118.86,117.9,118.03,113.8148,8740981
2024-02-20,117.62,118.04,117.38,117.66,113.458,7392099
2024-02-21,117.68,118.18,117.345,118.13,113.9112,8873136
2024-02-22,118.82,119.81,118.74,119.59,115.3191,10604360
2024-02-23,119.86,120.48,119.76,120.22,115.9266,8757428
2024-02-26,120.21,120.48,119.91,120.04,115.753,7951384
2024-02-27,120.3,120.34,119.715,120.22,115.9266,6275518
2024-02-28,120.1,120.94,119.995,120.63,116.3219,8324040
2024-02-29,121.0,121.27,120.41,121.0,116.6787,9662140
2024-03-01,120.96,121.59,120.61,121.52,117.1802,10782480
2024-03-04,121.52,122.305,121.52,121.96,117.6044,11886580
2024-03-05,121.69,122.02,120.45,120.96,116.6402,11999050
2024-03-06,121.44,122.2701,121.305,121.59,117.2477,8644890
2024-03-07,122.37,122.73,122.065,122.57,118.1927,7936776
2024-03-08,122.86,123.5,121.955,122.3,117.9323,10157150
2024-03-11,121.92,122.18,120.815,121.67,117.3248,9179266
2024-03-12,121.66,122.3275,121.1,122.21,117.8455,9125439
2024-03-13,122.02,122.815,122.02,122.54,118.1637,8009280
2024-03-14,122.73,122.86,121.215,122.02,117.6623,9684849
2024-03-15,121.53,122.53,121.47,122.04,117.6816,10739950
2024-03-18,122.1,122.38,121.74,121.88,117.8905,7178846
2024-03-19,121.93,122.94,121.86,122.93,118.9061,8842389
2024-03-20,122.77,124.59,122.64,124.41,120.3377,10400920
2024-03-21,124.99,125.94,124.7854,125.64,121.5274,9965069
2024-03-22,126.0,126.095,125.175,125.21,121.1115,6771120
2024-03-25,125.18,125.27,124.32,124.4,120.328,7658197
2024-03-26,124.4,124.73,123.895,123.95,119.8928,7292864
2024-03-27,124.75,125.95,124.68,125.94,121.8176,7162947
2024-03-28,126.1,126.29,125.72,125.96,121.837,7287003
2024-04-01,126.09,126.16,124.91,124.99,120.8987,6905416
2024-04-02,124.49,124.9,124.15,124.41,120.3377,11049430
2024-04-03,124.32,125.395,124.32,125.05,120.9568,7589921
2024-04-04,125.87,126.39,123.58,123.95,119.8928,10659800
2024-04-05,124.35,125.995,124.29,125.67,121.5565,10718640
2024-04-08,125.85,126.06,125.36,125.45,121.3437,6096168
2024-04-09,125.62,125.96,123.725,125.16,121.0632,9042275
2024-04-10,123.61,124.47,123.18,124.09,120.0282,14119550
2024-04-11,124.15,124.735,123.2036,124.23,120.1636,8228823
2024-04-12,123.45,123.89,122.38,122.9,118.8771,11604280
2024-04-15,124.58,124.76,121.65,122.02,118.0259,10374510
2024-04-16,121.98,122.32,121.12,121.74,117.7551,11046170
2024-04-17,122.42,122.45,120.36,121.11,117.1457,11084190
2024-04-18,121.69,122.185,120.505,120.69,116.7395,9195781
2024-04-19,120.95,121.62,120.17,120.47,116.5267,10832190
2024-04-22,121.2,122.185,120.63,121.38,117.4069,10484900
2024-04-23,122.24,123.235,122.06,123.07,119.0416,9869962
2024-04-24,122.96,123.18,121.065,122.09,118.0936,11063930
2024-04-25,121.41,122.75,120.6,122.46,118.4515,10321250
2024-04-26,122.15,123.03,122.13,122.66,118.645,6958081
2024-04-29,122.91,123.59,122.865,123.48,119.4381,6339754
2024-04-30,123.3,123.48,121.47,121.52,117.5423,15476010
2024-05-01,121.33,122.845,120.92,121.22,117.2521,15569520
2024-05-02,121.8,122.155,120.56,121.92,117.9292,11999710
2024-05-03,123.07,123.21,122.2,122.77,118.7514,9068460
2024-05-06,123.58,124.105,123.47,124.01,119.9508,7157439
2024-05-07,124.24,124.71,124.03,124.35,120.2797,5244265
2024-05-08,123.61,124.515,123.59,124.35,120.2797,5062545
2024-05-09,124.59,125.59,124.45,125.59,121.4791,6681974
2024-05-10,126.14,126.22,125.44,125.68,121.5661,6038502
2024-05-13,125.96,126.1,125.08,125.15,121.0535,5946868
2024-05-14,125.39,125.61,124.845,125.12,121.0245,5105853
2024-05-15,125.78,126.025,125.555,125.94,121.8176,8404115
2024-05-16,125.72,125.96,125.14,125.19,121.0922,7135961
2024-05-17,125.29,125.48,124.71,125.33,121.2276,5714068
2024-05-20,125.36,126.03,125.24,125.57,121.4597,4337686
2024-05-21,125.34,125.36,124.835,125.16,121.0632,6010008
2024-05-22,124.97,125.63,124.63,125.31,121.2082,7910476
2024-05-23,125.61,125.68,123.595,123.83,119.7767,9078387
2024-05-24,124.3,124.73,123.785,124.46,120.3861,7556872
2024-05-28,124.41,124.41,122.525,122.94,118.9158,8525837
2024-05-29,121.9,121.99,121.1,121.2,117.2328,16725410
2024-05-30,121.36,122.115,121.33,122.03,118.0356,7816700
2024-05-31,122.32,123.56,121.3303,123.51,119.4672,9703498
2024-06-03,123.91,123.96,120.87,122.0,118.0066,15241010
2024-06-04,121.75,122.23,121.01,121.7,117.7164,10061460
2024-06-05,122.16,122.945,121.44,122.93,118.9061,8666035
2024-06-06,122.79,123.09,121.715,122.2,118.2,6523878
2024-06-07,121.89,123.14,121.58,122.33,118.3258,7036253
2024-06-10,122.15,122.88,122.09,122.71,118.6933,6642646
2024-06-11,122.05,122.17,121.2,122.01,118.0163,11216990
2024-06-12,123.14,123.885,122.63,123.17,119.1383,11106940
2024-06-13,123.0,123.07,121.34,122.38,118.3742,8056073
2024-06-14,121.33,121.33,119.66,121.15,117.1844,15315750
2024-06-17,120.73,122.685,120.54,122.49,118.4806,12522100
2024-06-18,122.46,123.16,122.225,123.15,119.1189,8176569
2024-06-20,123.01,123.56,122.735,123.23,119.1963,6350738
2024-06-21,123.21,123.28,121.92,122.97,118.9448,8231075
2024-06-24,122.88,124.205,122.61,123.07,119.4505,8650688
2024-06-25,122.97,122.97,121.445,122.02,118.4314,11365650
2024-06-26,121.86,121.88,121.21,121.69,118.1111,7350500
2024-06-27,121.81,122.045,121.38,121.82,118.2373,4804094
2024-06-28,122.16,122.96,121.28,121.87,118.2858,9796383
2024-07-01,122.44,122.69,120.29,120.56,117.0143,10008560
2024-07-02,120.38,121.26,120.29,121.22,117.6549,6789098
2024-07-03,121.36,122.1,121.15,121.66,118.082,5467693
2024-07-05,121.63,121.63,120.245,121.22,117.6549,6367106
2024-07-08,121.56,122.21,121.0,121.37,117.8005,7405651
2024-07-09,121.43,121.615,120.805,120.84,117.2861,4617857
2024-07-10,121.01,121.955,120.76,121.92,118.3343,6930874
2024-07-11,122.24,123.91,122.06,123.47,119.8388,11119820
2024-07-12,124.18,124.905,123.869,124.18,120.5279,10565180
2024-07-15,124.55,125.66,124.28,125.07,121.3917,9680754
2024-07-16,125.44,128.31,125.425,128.19,124.4199,15501440
2024-07-17,127.63,127.9,126.52,126.55,122.8282,14511180
2024-07-18,126.54,127.81,125.38,125.56,121.8673,9267893
2024-07-19,125.84,126.1,124.59,124.87,121.1976,9955265
2024-07-22,125.46,126.23,124.48,126.14,122.4302,8335023
2024-07-23,125.51,126.59,125.44,125.9,122.1973,9433055
2024-07-24,125.28,125.53,123.065,123.19,119.567,11370790
2024-07-25,123.35,126.1,123.03,124.18,120.5279,14738960
2024-07-26,125.6,127.185,125.39,126.3,122.5855,10620820
2024-07-29,126.7,126.7,125.68,126.08,122.372,8946624
2024-07-30,126.62,127.34,125.935,126.45,122.7311,7811181
2024-07-31,127.92,129.075,127.29,127.86,124.0996,10947570
2024-08-01,127.54,128.56,124.725,125.49,121.7993,17283230
2024-08-02,124.13,124.35,121.57,122.73,119.1205,16916330
2024-08-05,120.38,121.84,119.165,120.6,117.0532,20011990
2024-08-06,121.31,123.78,120.78,122.05,118.4605,13732560
2024-08-07,123.2,124.23,121.39,121.46,117.8879,8307803
2024-08-08,122.36,124.35,122.34,124.26,120.6055,7976768
2024-08-09,124.1,124.53,123.0,124.28,120.6249,5891407
2024-08-12,124.29,124.48,123.245,123.65,120.0135,5733417
2024-08-13,124.23,125.05,123.34,124.95,121.2752,7808313
2024-08-14,124.91,125.68,124.835,125.46,121.7702,5506399
2024-08-15,126.65,127.51,126.3,127.15,123.4105,5717499
2024-08-16,126.99,127.33,126.4099,126.97,123.2358,5448648
2024-08-19,127.08,127.78,126.94,127.74,123.9832,3483000
2024-08-20,127.68,127.85,127.005,127.39,123.6435,6443293
2024-08-21,127.69,128.38,127.54,128.16,124.3908,4989374
2024-08-22,128.38,128.67,127.595,128.0,124.2355,6355618
2024-08-23,128.44,129.58,128.19,129.28,125.4779,5887991
2024-08-26,129.56,130.0,128.87,129.14,125.342,6226603
2024-08-27,128.95,129.285,128.51,129.22,125.4196,4000997
2024-08-28,129.28,129.9501,128.51,129.16,125.3614,4336432
2024-08-29,129.76,131.2,129.1,130.07,126.2446,8226169
2024-08-30,130.53,131.59,129.59,131.46,127.5938,8348075
2024-09-03,130.81,131.02,128.055,128.55,124.7693,9332520
2024-09-04,128.47,129.46,128.19,128.68,124.8955,7809778
2024-09-05,128.41,128.56,126.465,127.18,123.4396,8044545
2024-09-06,127.34,128.27,125.64,125.89,122.1876,9567351
2024-09-09,126.96,128.33,126.92,127.82,124.0608,7283338
2024-09-10,128.32,128.32,126.965,128.04,124.2743,6270232
2024-09-11,127.73,128.43,125.11,128.27,124.4976,7969929
2024-09-12,128.3,129.27,127.59,129.26,125.4585,7012604
2024-09-13,129.82,131.06,129.56,130.57,126.7299,7913827
2024-09-16,131.14,132.03,130.45,131.24,127.3802,6400819
2024-09-17,131.5,132.4275,131.215,131.96,128.0791,7820720
2024-09-18,132.17,133.67,131.65,131.85,127.9723,9191596
2024-09-19,134.01,134.37,132.97,134.12,130.1755,8957842
2024-09-20,133.08,133.455,132.44,133.18,129.2632,10907550
2024-09-23,133.26,133.855,132.76,133.64,130.1308,8284047
2024-09-24,134.01,134.64,133.7,134.6,131.0656,7507910
2024-09-25,135.01,135.15,133.87,133.97,130.4521,4422410
2024-09-26,135.06,135.47,134.465,134.64,131.1045,6620703
2024-09-27,135.05,135.7,134.62,134.83,131.2895,5859384
2024-09-30,134.83,135.565,134.04,135.44,131.8835,5321281
2024-10-01,135.37,136.155,134.29,135.51,131.9517,9398639
2024-10-02,135.26,135.78,134.69,135.26,131.7082,5189889
2024-10-03,134.87,135.26,134.07,134.57,131.0364,6361414
2024-10-04,135.63,135.92,134.27,135.51,131.9517,5797673
2024-10-07,134.84,135.735,134.51,135.18,131.6303,5737838
2024-10-08,135.7,135.9,134.96,135.48,131.9225,4980573
2024-10-09,135.49,136.78,135.3,136.69,133.1007,5064881
2024-10-10,136.15,136.365,135.53,135.99,132.4191,5495633
2024-10-11,136.49,138.47,136.49,138.42,134.7853,8764835
2024-10-14,138.39,139.32,137.85,139.25,135.5935,6817631
2024-10-15,139.4,139.77,138.06,138.18,134.5516,7808900
2024-10-16,138.4,139.55,138.335,139.25,135.5935,8207845
2024-10-17,139.27,139.47,138.6,138.85,135.204,5065108
2024-10-18,139.21,139.33,138.43,139.27,135.6129,4782065
2024-10-21,139.25,139.45,138.22,138.78,135.1358,5216679
2024-10-22,138.17,138.275,136.39,137.1,133.4999,8579700
2024-10-23,136.96,137.545,136.0,136.7,133.1104,8480719
2024-10-24,136.49,136.49,135.37,135.76,132.1951,6720484
2024-10-25,136.38,136.75,135.12,135.4,131.8446,6399716
2024-10-28,136.08,136.4,135.76,135.8,132.2341,7132173
2024-10-29,135.39,136.145,134.59,135.62,132.0588,11192610
2024-10-30,135.02,136.12,134.79,135.39,131.8348,10469060
2024-10-31,134.32,134.67,133.41,133.83,130.3158,16640119
2024-11-01,134.51,135.24,133.975,134.01,130.4911,7482335
2024-11-04,134.15,134.875,133.49,133.86,130.345,6744634
2024-11-05,134.33,136.13,133.99,136.1,132.5262,7469389
2024-11-06,140.67,141.68,139.17,141.43,137.7162,17738789
2024-11-07,141.83,141.89,140.39,140.58,136.8885,10062800
2024-11-08,140.99,142.525,140.72,142.09,138.3589,8270291
2024-11-11,142.89,143.715,142.86,143.19,139.43,8236970
2024-11-12,143.53,143.67,141.38,141.96,138.2323,7161103
2024-11-13,142.11,143.06,142.07,142.26,138.5244,6033427
2024-11-14,142.12,142.31,139.705,139.86,136.1875,9977368
2024-11-15,139.37,140.21,138.75,139.11,135.4572,6628806
2024-11-18,139.09,139.49,138.58,138.92,135.2721,6414204
2024-11-19,138.06,139.16,137.82,138.8,135.1553,5555054
2024-11-20,139.13,139.28,137.9312,138.95,135.3014,6527692
2024-11-21,139.62,141.18,139.08,140.69,136.9957,9677406
2024-11-22,141.06,142.69,140.93,142.65,138.9042,7924330
2024-11-25,143.38,143.93,142.915,143.54,139.7708,7411720
2024-11-26,143.37,143.965,142.83,143.71,139.9364,6524874
2024-11-27,144.15,144.51,143.14,143.18,139.4203,5561250
2024-11-29,143.4,144.26,143.4,143.99,140.209,3091515
2024-12-02,143.9,144.11,142.74,142.93,139.1768,6217462
2024-12-03,142.98,143.22,141.555,142.03,138.3005,4528073
2024-12-04,142.05,142.66,141.66,142.65,138.9042,5727725
2024-12-05,142.65,142.77,140.885,140.92,137.2196,5233992
2024-12-06,141.34,141.6649,140.33,140.56,136.8691,5432813
2024-12-09,140.59,140.75,139.265,139.34,135.6811,7434370
2024-12-10,139.17,139.52,138.19,139.0,135.35,7382815
2024-12-11,139.72,139.93,138.62,138.68,135.0384,6168901
2024-12-12,138.75,138.95,137.7243,137.79,134.1718,7081577
2024-12-13,137.95,138.095,137.29,137.43,133.8213,6709920
2024-12-16,137.58,138.06,137.11,137.55,133.9381,6573467
2024-12-17,136.96,137.27,135.965,136.29,132.7112,6861679
2024-12-18,136.48,136.785,132.35,132.44,128.9623,13428140
2024-12-19,133.08,134.05,132.22,132.27,128.7968,12507790
2024-12-20,132.14,134.81,131.81,133.82,130.3061,11849880
2024-12-23,132.99,133.325,132.015,133.12,130.2767,8022266
2024-12-24,132.98,134.215,132.73,134.16,131.2945,2972912
2024-12-26,133.85,134.59,133.51,134.26,131.3924,4749605
2024-12-27,133.49,134.26,132.485,133.26,130.4137,6060009
2024-12-30,131.81,132.535,130.64,131.92,129.1023,8725559
2024-12-31,132.33,132.53,131.36,131.76,128.9457,6010140
2025-01-02,132.73,132.95,130.71,131.3,128.4956,7227799
2025-01-03,131.76,133.0,131.33,132.72,129.8852,7676135
2025-01-06,133.4,133.825,132.185,132.43,129.6014,6899931
2025-01-07,132.73,133.16,131.85,132.3,129.4742,6841232
2025-01-08,132.05,132.95,131.245,132.82,129.9831,8277709
2025-01-10,132.13,132.25,131.05,131.33,128.5249,9997303
2025-01-13,130.59,132.95,130.445,132.87,130.032,8365618
2025-01-14,133.81,134.64,133.21,134.44,131.5685,6746834
2025-01-15,136.43,136.64,135.045,135.29,132.4004,9184173
2025-01-16,135.66,137.13,135.51,136.93,134.0053,6556511
2025-01-17,137.81,138.265,137.2075,137.75,134.8078,6869566
2025-01-21,138.96,140.58,138.96,140.58,137.5774,12177720
2025-01-22,141.02,141.17,140.185,140.25,137.2544,7206044
2025-01-23,141.14,141.8965,140.56,141.67,138.6441,7353419
2025-01-24,141.6,141.645,140.79,141.07,138.0569,6457675
2025-01-27,138.93,139.51,138.495,139.18,136.2073,10909290
2025-01-28,139.51,139.63,137.85,138.26,135.3069,8900229
2025-01-29,138.35,139.23,137.71,137.79,134.847,9101061
2025-01-30,137.59,139.585,137.59,139.33,136.3541,8169865
2025-01-31,139.29,139.74,138.19,138.35,135.395,10145760
2025-02-03,135.93,137.97,135.33,136.98,134.0543,13906840
2025-02-04,137.11,137.75,136.72,137.02,134.0934,7577294
2025-02-05,137.5,137.74,136.155,137.12,134.1913,8179152
2025-02-06,137.39,137.88,136.79,137.74,134.798,7368336
2025-02-07,138.37,138.545,137.05,137.33,134.3968,10408870
2025-02-10,138.22,138.61,137.63,138.56,135.6005,5446353
2025-02-11,138.1,138.68,137.7003,138.61,135.6494,5787806
2025-02-12,136.63,138.24,136.41,137.75,134.8078,7694533
2025-02-13,137.74,138.25,137.31,137.89,134.9448,8539145
2025-02-14,138.08,138.25,137.385,137.55,134.6121,5800023
2025-02-18,138.02,138.89,137.88,138.63,135.669,7227047
2025-02-19,138.29,139.08,138.07,138.77,135.806,9454236
2025-02-20,138.61,138.63,136.8707,137.86,134.9155,9306742
2025-02-21,138.0,138.0,134.31,134.84,131.96,14561320
2025-02-24,135.36,135.6,134.05,134.23,131.363,10876120
2025-02-25,134.24,135.4,133.49,134.92,132.0383,9898767
2025-02-26,135.61,136.36,134.825,135.0,132.1165,8330405
2025-02-27,135.31,136.43,134.35,134.53,131.6566,9624632
2025-02-28,134.9,136.455,134.24,136.33,133.4181,9887953
2025-03-03,137.12,137.64,133.6708,134.39,131.5196,12682990
2025-03-04,132.91,134.0,130.79,131.77,128.9555,15191390
2025-03-05,132.24,134.4,132.1,133.85,130.9911,12117570
2025-03-06,132.47,133.6,131.74,132.7,129.8657,12029090
2025-03-07,131.95,134.6,131.53,134.25,131.3826,17504510
2025-03-10,132.54,134.08,131.1,132.15,129.3274,15124160
2025-03-11,131.85,132.02,129.42,130.12,127.3408,13177110
2025-03-12,131.31,131.49,128.99,130.11,127.331,12728290
2025-03-13,129.8,130.4,128.265,128.78,126.0294,10596970
2025-03-14,130.01,131.38,129.47,131.13,128.3292,8920031
2025-03-17,130.94,133.55,130.8,132.94,130.1005,6918327
2025-03-18,132.38,132.58,131.125,131.88,129.0632,8051806
2025-03-19,132.31,134.39,132.15,133.63,130.7758,8274853
2025-03-20,132.57,133.94,132.32,132.96,130.1201,8078264
2025-03-21,131.81,132.41,130.98,132.25,129.4253,10036540
2025-03-24,133.43,134.52,133.105,134.29,131.8254,8446934
2025-03-25,134.56,134.935,133.84,134.49,132.0217,5337191
2025-03-26,134.7,135.378,133.195,133.6,131.1481,6899514
2025-03-27,133.56,134.015,132.27,132.89,130.4511,8413976
2025-03-28,132.45,132.8,130.08,130.15,127.7614,10196910
2025-03-31,129.14,131.85,128.42,131.07,128.6645,9650165
2025-04-01,130.77,132.09,129.65,131.81,129.3909,8722274
2025-04-02,130.31,133.515,130.26,133.05,130.6082,6397961
2025-04-03,128.59,129.71,125.76,125.85,123.5403,15962470
2025-04-04,122.25,122.68,117.79,117.94,115.7755,28516350
2025-04-07,114.65,121.8,112.75,117.39,115.2356,42518246
2025-04-08,121.04,121.67,114.64,116.42,114.2834,21272381
2025-04-09,115.23,127.55,115.23,126.76,124.4336,36610660
2025-04-10,124.46,124.98,119.91,123.49,121.2236,26233980
2025-04-11,123.21,126.32,121.985,125.67,123.3636,13750380
2025-04-14,127.19,127.82,125.92,126.98,124.6496,8060912
2025-04-15,126.77,127.81,126.155,126.35,124.0311,6230178
2025-04-16,125.74,126.43,123.64,124.62,122.3329,8043549
2025-04-17,124.71,126.49,124.67,125.3,123.0004,7850413
2025-04-21,124.09,124.35,121.14,122.49,120.242,9083486
2025-04-22,123.49,125.18,123.12,124.63,122.3427,7493366
2025-04-23,128.03,129.13,125.815,126.19,123.8741,9718348
2025-04-24,126.14,129.26,125.755,129.02,126.6521,7145451
2025-04-25,128.71,129.5,128.1,129.01,126.6423,5826880
2025-04-28,129.23,130.3,128.22,129.44,127.0644,6202243
2025-04-29,129.05,130.54,128.94,130.28,127.889,5040622
2025-04-30,129.41,131.59,127.8509,131.22,128.8118,7532291
2025-05-01,131.78,133.155,131.25,132.21,129.7836,9338739
2025-05-02,133.89,135.11,133.7,134.58,132.1101,7227670
2025-05-05,133.76,135.45,133.67,134.65,132.1788,4523354
2025-05-06,133.24,134.23,132.955,133.47,131.0205,5404111
2025-05-07,133.87,134.74,133.42,134.15,131.688,5304684
2025-05-08,135.19,137.35,134.94,136.0,133.504,7914977
2025-05-09,136.27,136.56,135.2,136.11,133.612,4541551
2025-05-12,140.31,140.35,138.98,140.3,137.7251,8322008
2025-05-13,140.75,142.175,140.587,141.28,138.6871,9795222
2025-05-14,141.19,141.42,140.2,140.6,138.0196,6517957
2025-05-15,141.0,142.375,140.8,142.16,139.551,5761914
2025-05-16,142.38,143.78,141.91,143.78,141.1412,5384176
2025-05-19,142.39,144.3896,142.39,144.27,141.6222,5459238
2025-05-20,143.69,144.46,143.19,143.75,141.1118,6825769
2025-05-21,142.98,143.39,141.11,141.32,138.7264,9600479
2025-05-22,141.06,142.155,140.53,141.29,138.6969,8993181
2025-05-23,139.69,141.335,139.63,140.83,138.2454,8233228
2025-05-27,142.49,143.425,141.7,143.31,140.6799,11862320
2025-05-28,143.53,143.79,142.395,142.6,139.9829,9058310
2025-05-29,143.19,143.29,141.72,142.73,140.1105,12106690
2025-05-30,142.59,143.315,141.56,142.82,140.1989,14254860
2025-06-02,142.63,142.7,140.84,142.64,140.0222,12641360
2025-06-03,142.61,143.83,142.55,143.74,141.102,10896860
2025-06-04,144.09,144.565,143.805,143.82,141.1805,7975889
2025-06-05,144.27,144.345,143.17,143.72,141.0823,13814350
2025-06-06,145.0,145.56,144.465,144.93,142.2701,11289250
2025-06-09,145.31,145.52,144.515,144.8,142.1425,9162862
2025-06-10,145.08,145.08,143.4134,144.17,141.5241,15625650
2025-06-11,144.3,144.685,142.84,144.24,141.5928,15837340
2025-06-12,143.12,143.98,142.955,143.86,141.2198,13097400
2025-06-13,142.84,143.915,142.22,142.65,140.032,14060520
2025-06-16,143.5,144.53,143.33,143.63,140.994,13711240
2025-06-17,143.1,143.58,142.35,142.55,139.9338,12654490
2025-06-18,142.69,143.66,142.115,142.21,139.6001,14008950
2025-06-20,143.08,143.415,141.89,142.37,139.7571,13985280
2025-06-23,142.2,143.94,141.28,143.86,141.6496,15902380
2025-06-24,144.63,145.3,143.82,145.06,142.8311,11518370
2025-06-25,145.16,145.235,143.46,143.78,141.5708,9751624
2025-06-26,144.41,145.51,144.1,145.34,143.1068,9728657
2025-06-27,145.76,147.43,145.425,146.79,144.5346,13380950
2025-06-30,147.06,147.725,146.5802,147.52,145.2534,10914700
2025-07-01,147.16,148.36,146.91,148.01,145.7358,13189150
2025-07-02,147.79,148.16,147.3,148.16,145.8835,11061850
2025-07-03,148.67,149.5378,148.55,149.42,147.1242,4864902
2025-07-07,149.395,149.82,147.87,148.9,146.6121,10687730
2025-07-08,148.91,149.31,148.14,148.86,146.5728,10845500
2025-07-09,149.87,150.04,148.895,149.9,147.5968,10173630
2025-07-10,150.07,151.255,150.01,150.74,148.4239,12386050
2025-07-11,149.99,150.6101,149.62,150.2,147.8922,7065296
2025-07-14,150.19,151.14,149.9,151.01,148.6897,9070028
2025-07-15,151.48,151.48,149.86,149.88,147.5771,10278660
2025-07-16,150.3,150.5151,148.39,150.41,148.0989,9998324
2025-07-17,150.98,151.98,150.81,151.8,149.4676,13374380
2025-07-18,152.27,152.475,150.785,151.46,149.1328,10201930
2025-07-21,151.93,152.04,150.595,150.66,148.3451,10089290
2025-07-22,150.13,151.32,149.705,151.02,148.6996,15053950
2025-07-23,152.28,153.81,152.04,153.73,151.3679,14747530
2025-07-24,153.57,154.585,153.05,153.47,151.1119,11695650
2025-07-25,153.94,155.06,153.36,154.99,152.6086,9376677
2025-07-28,155.07,155.15,154.07,154.51,152.1359,9214824
2025-07-29,154.55,154.6,152.24,152.75,150.403,13546500
2025-07-30,152.54,152.84,151.29,152.0,149.6645,13795690
2025-07-31,151.51,153.065,151.51,152.01,149.6744,16520529
2025-08-01,149.95,150.345,148.13,149.74,147.4392,19192000
2025-08-04,150.26,151.265,150.12,151.12,148.798,11355640
2025-08-05,150.89,151.6,149.78,150.81,148.4928,12724810
2025-08-06,150.95,151.25,149.81,150.93,148.611,10736770
2025-08-07,151.78,151.84,149.79,150.71,148.3943,11095070
2025-08-08,151.15,151.79,150.44,150.83,148.5125,9124955
2025-08-11,150.85,150.94,149.975,150.34,148.03,9643517
2025-08-12,150.97,151.955,150.68,151.9,149.5661,9518325
2025-08-13,152.33,152.565,150.74,152.48,150.1371,12787180
2025-08-14,151.45,151.895,150.845,151.13,148.8079,9516399
2025-08-15,150.98,151.26,150.33,150.44,148.1285,8795989
2025-08-18,150.45,151.19,150.3,151.03,148.7094,7342153
2025-08-19,151.2,152.3,150.75,151.36,149.0343,9035363
2025-08-20,151.2,151.575,150.27,151.22,148.8965,9549574
2025-08-21,151.0,151.385,150.42,150.68,148.3648,7679830
2025-08-22,151.5,154.195,151.45,153.14,150.787,9299106
2025-08-25,152.88,153.385,151.585,151.61,149.2805,6869066
2025-08-26,151.67,153.32,151.61,153.17,150.8165,6927530
2025-08-27,153.1,153.395,152.85,153.15,150.7968,5876411
2025-08-28,153.65,153.75,152.84,153.42,151.0627,7166861
2025-08-29,153.19,153.31,151.41,152.01,149.6744,8806439
2025-09-02,150.42,150.72,149.61,150.56,148.2466,9798684
2025-09-03,150.52,150.62,149.1,149.8,147.4983,12036230
2025-09-04,150.08,151.52,149.68,151.49,149.1624,10148910
2025-09-05,151.75,152.08,149.4,150.93,148.611,16780980
2025-09-08,151.13,151.535,150.11,151.27,148.9457,11647480
2025-09-09,151.0,151.01,149.325,150.25,147.9414,12179380
2025-09-10,150.5,151.84,150.47,151.36,149.0343,16515039
2025-09-11,151.44,153.27,151.22,152.8,150.4522,17820580
2025-09-12,152.48,152.84,151.485,151.58,149.251,8907506
2025-09-15,151.93,152.68,151.7,152.28,149.9402,9412942
2025-09-16,152.51,152.68,151.34,151.83,149.4971,10336390
2025-09-17,151.89,152.7,150.15,151.14,148.8177,12549540
2025-09-18,151.51,153.105,151.185,152.75,150.403,13071960
2025-09-19,153.25,153.455,151.905,153.12,150.7673,8778274
2025-09-22,152.0,153.235,151.685,153.0,151.2715,5688612
2025-09-23,153.35,154.26,152.43,153.04,151.3111,8589315
2025-09-24,153.37,153.7,152.215,152.25,150.53,5938429
2025-09-25,151.74,151.77,150.615,151.22,149.5117,7145773
2025-09-26,152.06,153.21,152.02,152.58,150.8563,6958954
2025-09-29,153.77,153.92,152.53,153.05,151.321,7177672
2025-09-30,152.87,154.38,152.84,154.23,152.4877,8211339
2025-10-01,153.48,154.11,153.11,153.8,152.0625,8753542
2025-10-02,153.96,154.8,153.28,154.2,152.458,8495439
2025-10-03,154.41,155.41,153.94,154.41,152.6656,7430003
2025-10-06,154.91,155.435,154.17,155.13,153.3775,6861252
2025-10-07,155.36,155.77,153.9,154.25,152.5074,11204270
2025-10-08,154.64,155.82,153.955,155.59,153.8323,9686222
2025-10-09,155.75,155.94,153.075,153.29,151.5583,9751329
2025-10-10,153.7,154.2,149.89,149.9,148.2066,24285289
2025-10-13,151.0,152.04,150.685,151.46,149.7489,11014230
2025-10-14,150.08,153.93,149.98,153.24,151.5088,11015890
2025-10-15,153.79,154.65,151.26,152.6,150.8761,10338460
2025-10-16,153.05,153.31,150.84,151.6,149.8874,13796420
2025-10-17,151.44,152.35,150.99,151.73,150.0159,10806290
2025-10-20,152.54,153.845,152.48,153.52,151.7857,8192702
2025-10-21,153.82,155.645,153.72,154.88,153.1303,11589350
2025-10-22,155.22,155.46,152.41,152.87,151.143,13612300
2025-10-23,153.2,155.01,153.2,154.78,153.0314,8035349
2025-10-24,156.0,156.035,154.84,154.91,153.16,7502416
2025-10-27,155.97,156.05,155.091,155.79,154.03,5828897
2025-10-28,155.9,156.285,154.66,154.68,152.9326,9022194
2025-10-29,154.8,156.27,154.35,155.08,153.328,16439600
2025-10-30,154.49,156.985,154.31,154.69,152.9425,11840010
2025-10-31,154.5,155.63,154.285,155.06,153.3083,10414850
2025-11-03,155.05,155.05,153.25,154.4,152.6557,9797584
2025-11-04,152.76,152.995,151.805,152.61,150.886,13391610
2025-11-05,152.21,154.04,152.03,153.2,151.4693,11121930
2025-11-06,153.25,153.765,152.21,152.59,150.8662,11735400
2025-11-07,152.03,153.55,151.14,153.33,151.5978,13518700
2025-11-10,154.0,154.625,152.525,154.2,152.458,10900430
2025-11-11,154.21,154.685,153.35,154.24,152.4975,8652451
2025-11-12,154.52,155.535,154.29,154.39,152.6458,9583286
2025-11-13,154.32,154.83,151.68,152.0,150.2828,15475430
2025-11-14,151.15,152.88,150.79,152.01,150.2927,13433120
2025-11-17,152.01,152.29,149.88,150.52,148.8196,15294110
2025-11-18,149.86,150.76,149.095,149.85,148.1571,19820320
2025-11-19,150.0,150.86,149.6,150.35,148.6515,12575700
2025-11-20,152.35,152.72,147.72,147.83,146.16,27790850
2025-11-21,148.48,150.29,147.135,149.63,147.9396,20982881
2025-11-24,149.82,150.6065,148.93,150.0,148.3054,12658970
2025-11-25,150.36,152.175,149.31,151.92,150.2037,13636100
2025-11-26,152.03,153.57,151.9,152.8,151.0738,10206180
2025-11-28,153.06,153.86,152.77,153.69,151.9538,3507600
2025-12-01,152.54,153.005,151.365,151.44,149.7292,10562200
2025-12-02,152.24,153.21,151.685,152.76,151.0343,9712465
2025-12-03,152.94,154.25,152.55,154.21,152.4679,9128940
2025-12-04,154.29,155.47,154.105,155.01,153.2588,9249455
2025-12-05,155.03,155.325,154.11,154.58,152.8337,8228822
2025-12-08,154.77,155.01,154.02,154.39,152.6458,6721860
2025-12-09,154.0,155.02,153.19,153.26,151.5286,7375198
2025-12-10,154.08,156.715,153.84,156.06,154.297,13463320
2025-12-11,155.9,157.88,155.76,157.73,155.9481,9999316
2025-12-12,158.22,158.46,156.26,156.74,154.9693,12062920
2025-12-15,157.58,157.74,156.61,156.99,155.2165,10889490
2025-12-16,156.85,157.29,155.41,156.06,154.297,10277870
2025-12-17,155.77,156.45,153.365,153.53,151.7956,11612540
2025-12-18,154.89,155.775,154.06,154.53,152.7843,10021220
2025-12-19,154.69,156.115,154.59,155.86,154.0992,6958125
2025-12-22,156.07,157.1771,155.71,157.05,155.8076,5369044
2025-12-23,157.02,157.37,156.675,156.99,155.7481,5044584
2025-12-24,156.99,157.69,156.8,157.5,156.2541,2238514
2025-12-26,157.36,157.42,156.785,157.21,155.9663,4155285
2025-12-29,156.91,157.57,156.53,156.87,155.629,4455430
2025-12-30,156.89,157.07,156.385,156.42,155.1826,3810543
2025-12-31,156.49,156.5598,155.06,155.12,153.8929,3691791
2026-01-02,155.62,158.005,154.98,157.98,156.7303,10122860
2026-01-05,158.3,160.57,158.3,159.85,158.5855,16194220
2026-01-06,159.44,162.16,159.18,162.02,160.7383,12757220
2026-01-07,162.49,162.6,158.865,158.97,157.7124,12333000
2026-01-08,160.02,161.36,159.76,160.17,158.9029,11555360
2026-01-09,160.63,162.215,160.63,161.93,160.649,9439632
2026-01-12,161.63,163.25,161.37,163.17,161.8792,7420804
2026-01-13,163.88,164.54,163.42,164.01,162.7126,9580524
2026-01-14,163.78,164.3,162.805,164.27,162.9705,10727240
2026-01-15,165.07,166.045,164.99,165.78,164.4686,9197398
2026-01-16,166.4,167.2,166.12,166.9,165.5797,13483100
2026-01-20,164.76,165.71,163.18,163.53,162.2364,14435540
2026-01-21,164.38,167.01,164.17,166.36,165.044,14068570
2026-01-22,166.56,167.01,165.19,165.5,164.1908,9937631
2026-01-23,165.5,165.815,163.71,164.22,162.9209,11673760
2026-01-26,164.22,164.67,163.85,164.38,163.0796,8231540
2026-01-27,164.66,165.38,163.71,165.06,163.7542,9439271
2026-01-28,164.42,165.28,163.52,164.14,162.8415,10144860
2026-01-29,165.245,166.91,164.05,165.86,164.5479,16332580
2026-01-30,164.66,166.31,163.73,165.44,164.1312,11612500
2026-02-02,165.22,167.6203,165.055,167.53,166.2047,11466590
2026-02-03,167.53,169.8,166.92,168.94,167.6036,16444039
2026-02-04,169.98,170.77,167.845,169.39,168.05,21338400
2026-02-05,168.25,169.32,167.45,168.37,167.0381,18699270
2026-02-06,169.89,173.39,169.805,173.18,171.81,11992060
2026-02-09,172.81,174.125,172.64,173.7,172.3259,9472644
2026-02-10,173.71,174.845,173.43,173.91,172.5342,8820220
2026-02-11,175.42,176.75,174.08,174.84,173.4569,12551880
2026-02-12,175.775,177.755,172.45,172.75,171.3834,18156990
2026-02-13,173.1,175.31,172.64,174.17,172.7922,13617880
2026-02-17,173.92,175.97,173.4,175.08,173.695,13810820
2026-02-18,175.38,175.995,174.375,175.04,173.6553,10623810
2026-02-19,175.06,176.94,174.75,176.34,174.945,13431100
2026-02-20,176.13,178.22,175.61,177.23,175.828,13104050
2026-02-23,176.41,176.92,174.35,174.83,173.447,10566590
2026-02-24,174.58,177.215,174.37,176.98,175.58,9756534
2026-02-25,177.56,177.76,174.44,175.6,174.2109,11757670
2026-02-26,176.14,176.97,173.91,176.7,175.3022,13764910
2026-02-27,175.37,177.225,175.03,177.14,175.7387,9692680
2026-03-02,176.5,179.305,175.66,178.9,177.4848,21917961
2026-03-03,176.02,176.19,172.67,175.44,174.0521,20481279
2026-03-04,176.33,176.93,174.685,175.97,174.5779,13604210
2026-03-05,174.81,175.24,170.21,172.06,170.6989,21309971
2026-03-06,169.76,170.66,168.26,169.94,168.5956,22680270
2026-03-09,168.14,171.4,166.17,170.94,169.5877,19492520
2026-03-10,170.67,172.38,169.815,170.02,168.675,16791061
2026-03-11,169.73,170.32,168.37,169.49,168.1492,14287610
2026-03-12,167.98,168.12,165.155,165.24,163.9328,15925580
2026-03-13,166.29,166.82,163.725,164.65,163.3475,15836160
2026-03-16,166.17,167.14,165.34,166.06,164.7463,11091290
2026-03-17,167.22,167.555,165.05,166.5,165.1829,12772840
2026-03-18,166.17,167.17,165.06,165.18,163.8733,11872800
2026-03-19,163.46,164.985,162.245,164.06,162.7622,17990080
2026-03-20,164.02,164.65,160.305,161.67,160.3911,19199320
2026-03-23,164.1,166.18,163.02,163.05,162.2147,18508391
2026-03-24,161.37,164.56,161.14,164.0,163.1598,14110200
2026-03-25,165.86,166.32,164.32,165.1,164.2542,12205800
2026-03-26,163.73,164.61,161.09,161.27,160.4438,15416450
2026-03-27,160.59,161.29,158.85,159.2,158.3844,13923670
2026-03-30,160.55,160.74,156.08,156.61,155.8077,17459631
2026-03-31,158.7,162.24,158.05,161.73,160.9014,15855950
2026-04-01,163.485,165.765,163.27,164.43,163.5876,17035340
2026-04-02,161.72,165.74,161.14,163.77,162.931,11097210
2026-04-06,163.54,164.64,162.77,164.61,163.7667,7105762
2026-04-07,163.65,164.68,162.8,164.28,163.4384,10068190
2026-04-08,169.6,171.06,169.11,170.44,169.5668,12808580
2026-04-09,169.88,173.16,169.8,172.19,171.3079,8179966
2026-04-10,172.49,172.7,171.21,171.52,170.6413,5169823
2026-04-13,170.99,172.78,170.61,172.73,171.8451,6814093
2026-04-14,173.13,174.04,172.025,173.35,172.4619,5490650
2026-04-15,173.11,173.15,170.08,171.18,170.303,13548330
2026-04-16,171.25,172.06,169.52,170.33,169.4574,8629169
2026-04-17,172.24,175.13,172.135,173.51,172.6211,9529223
2026-04-20,173.13,173.975,172.56,173.9,173.0091,5735342
2026-04-21,173.53,174.685,170.93,171.44,170.5617,8752877
2026-04-22,173.31,173.92,170.33,171.04,170.1637,10595710
2026-04-23,171.83,174.785,171.6,174.07,173.1782,14418980
2026-04-24,173.97,174.18,171.96,172.47,171.5864,7665349
2026-04-27,172.51,173.51,171.52,172.51,171.6262,6689528
2026-04-28,171.68,171.86,169.54,170.98,170.104,9000028
2026-04-29,171.25,171.71,169.23,169.93,169.0594,9059904
2026-04-30,171.49,174.815,171.14,174.58,173.6856,12012120
2026-05-01,175.23,175.43,172.94,172.96,172.0739,6800745
2026-05-04,172.5,173.21,170.66,170.98,170.104,7618505
2026-05-05,172.15,173.055,171.2,172.41,171.5267,6189421
2026-05-06,175.28,177.34,174.25,176.87,175.9639,10461340
2026-05-07,177.44,177.72,173.43,174.0,173.1086,10627970
2026-05-08,175.15,175.32,173.09,173.2,172.3127,5883790
2026-05-11,173.24,175.55,172.88,175.04,174.1432,6277196
2026-05-12,174.43,174.79,172.14,174.35,173.4568,7468782
2026-05-13,174.24,174.61,172.52,173.62,172.7305,6070834
2026-05-14,174.17,174.725,172.84,174.51,173.616,7364444
2026-05-15,172.8,172.8,170.93,171.4,170.5219,7826324
2026-05-18,171.56,171.57,169.5,170.75,169.8752,8696027
2026-05-19,169.63,170.18,168.11,168.74,167.8755,7503644
2026-05-20,169.23,171.48,168.37,170.73,169.8553,10524820
2026-05-21,169.81,171.3,168.91,170.53,169.6564,8534983
2026-05-22,171.75,172.88,170.416,171.77,170.89,6910533
2026-05-26,173.19,174.78,172.8708,174.3,173.407,6798426
2026-05-27,174.54,174.86,173.47,174.3,173.407,7414198
2026-05-28,173.49,174.71,172.055,173.8,172.9096,8670016
2026-05-29,173.57,173.875,172.37,173.13,172.243,7054759
2026-06-01,171.59,172.86,170.39,172.4,171.5168,8235321
2026-06-02,172.94,174.5,172.37,174.19,173.2976,8663957
2026-06-03,173.73,176.103,173.55,174.05,173.1583,6900640
2026-06-04,174.93,176.48,174.28,176.16,175.2575,6670285
2026-06-05,175.61,176.37,173.475,174.18,173.2877,8893424
2026-06-08,174.92,175.33,173.27,173.63,172.7405,5372371
2026-06-09,174.37,176.59,171.725,175.6,174.7004,9457448
2026-06-10,174.57,174.575,169.45,169.66,168.7908,13851880
2026-06-11,171.28,175.68,170.99,175.15,174.2527,11046110
2026-06-12,176.02,176.61,174.63,176.18,175.2774,6961639
2026-06-15,178.8,179.98,178.51,178.68,177.7646,7522146
2026-06-16,179.58,181.1,179.31,179.85,178.9286,8978384
2026-06-17,179.97,182.33,179.13,179.6,178.6799,11053160
2026-06-18,182.5,182.92,180.45,180.91,179.9832,8059187
2026-06-22,180.775,182.28,180.69,181.8,181.3114,6669171
2026-06-23,179.16,180.01,177.23,178.15,177.6712,8927800
2026-06-24,179.07,181.8899,178.34,180.21,179.7257,7088938
2026-06-25,182.24,186.09,182.055,184.12,183.6252,7869172
2026-06-26,182.64,183.07,180.91,181.2,180.713,8856194
2026-06-29,181.51,183.58,181.35,182.76,182.2688,7860473
2026-06-30,183.32,185.45,182.7,185.23,184.7322,6530882
2026-07-01,184.37,185.65,182.72,183.36,182.8672,8112773
2026-07-02,184.71,185.48,181.91,183.91,183.4158,6535995
2026-07-06,184.7,186.445,184.7,185.56,185.0613,6701926
2026-07-07,184.535,184.92,180.66,182.38,181.8899,7721520
2026-07-08,180.76,181.89,179.08,180.42,179.9351,7333324
2026-07-09,182.43,182.75,180.73,181.11,180.6233,5381864
2026-07-10,181.15,182.58,180.16,181.92,181.4311,5315828
2026-07-13,181.52,182.18,179.8,180.37,179.8853,5384899
2026-07-14,181.67,182.51,179.86,180.45,179.9651,6672878
2026-07-15,180.78,181.02,177.78,180.06,179.5761,7491727
2026-07-16,178.79,180.56,178.55,180.15,179.6659,6093169
2026-07-17,178.26,181.46,177.6,179.41,178.9278,8061743
2026-07-20,180.61,181.265,177.59,178.12,177.6413,6044619
2026-07-21,179.51,179.94,177.76,178.66,178.1799,4836072
2026-07-22,178.2,179.84,178.14,178.85,178.3694,4350196
2026-07-23,179.09,182.98,179.09,181.94,181.451,8556033
2026-07-24,181.92,183.9,181.74,182.66,182.1691,5507718
2026-07-27,183.62,184.42,180.84,183.2,182.7077,6195737
2026-07-28,182.63,182.95,181.44,182.49,181.9996,5708678
2026-07-29,181.0,181.44,176.35,176.66,176.1852,9507073
2026-07-30,178.93,179.1,175.96,178.39,177.9106,7368172
2026-07-31,180.5,180.9244,177.89,179.84,179.3567,7206270
2026-08-03,180.46,183.347,180.1,183.16,182.6678,8814029
2026-08-04,185.64,186.87,183.28,186.4,185.8991,10497960
2026-08-05,186.58,188.19,185.99,186.35,185.8492,5641064
2026-08-06,186.7,187.46,184.5,184.76,184.2635,5520599
2026-08-07,185.45,185.87,183.99,185.18,184.6823,6170231
2026-08-10,185.93,185.93,184.37,184.6,184.1039,3438696
2026-08-11,185.08,187.26,185.03,185.7,185.2009,4893903
2026-08-12,187.17,187.41,185.15,185.88,185.3805,4052141
2026-08-13,186.48,186.67,184.74,185.79,185.2907,4942559
2026-08-14,186.18,186.88,185.6001,186.51,186.0088,3590373
2026-08-17,186.39,187.39,186.18,186.32,185.8193,5363153
2026-08-18,185.21,185.575,183.505,183.57,183.0767,4646776
2026-08-19,184.24,184.62,181.72,181.95,181.461,8312134
2026-08-20,181.01,182.03,179.55,179.77,179.2869,6497823
2026-08-21,180.95,181.24,179.79,180.25,179.7656,5471243
2026-08-24,180.09,180.3,178.355,179.0,178.5189,5242909
2026-08-25,180.76,180.96,178.16,178.4,177.9206,6567070
2026-08-26,178.9,180.9,178.9,180.34,179.8553,8142608
2026-08-27,180.47,180.49,178.18,178.8,178.3195,5464909
2026-08-28,179.44,179.52,176.65,177.14,176.6639,8235619
2026-08-31,176.09,176.255,174.73,175.13,174.6593,7362271
2026-09-01,174.34,175.44,172.145,172.73,172.2658,9143082
2026-09-02,173.34,173.34,171.615,172.78,172.3157,10831020
2026-09-03,173.76,174.56,172.02,174.56,174.0909,8340646
2026-09-04,174.34,175.775,174.1,175.27,174.799,5841947
2026-09-08,175.14,175.71,174.27,174.42,173.9513,6225467
2026-09-09,173.53,174.16,171.71,171.79,171.3283,6411912
2026-09-10,170.83,171.68,170.0,170.55,170.0917,7830393
2026-09-11,172.45,172.915,171.87,172.37,171.9068,5577302
2026-09-14,168.67,170.135,168.34,169.93,169.4733,7360025
2026-09-15,170.47,171.03,168.42,168.85,168.3962,8890427
2026-09-16,169.61,170.68,167.49,168.71,168.2566,8915209
2026-09-17,171.51,171.51,168.66,169.01,168.5558,5851448
2026-09-18,169.0,169.92,168.48,169.295,168.8401,8563005
