,cov,cs,ar2,price,edge,var
2020-10-12,2.8833418774446335e-08,0.00022698234106945954,-3.3640155273037254e-08,352.15336992307687,-9.601746063610444e-05,3.000860605026156e-07
2020-10-13,-9.820963339360649e-08,0.00039263438416934433,1.854906624613763e-07,350.97952774358976,8.418395882767475e-05,7.832043926590655e-07
2020-10-14,1.8737009359612846e-07,0.0003265855342483893,-8.311037808978606e-08,349.0681448974359,1.4043897968292237e-05,8.788724216821009e-07
2020-10-15,-5.090339766193466e-08,0.0004040962323650657,1.0997530373017818e-07,345.9130564615385,0.00010273634046748426,6.170882421289207e-07
2020-10-16,1.189340457732814e-08,0.0002214279089656646,5.4225857469399576e-08,349.2479877564103,0.00011341575193456282,5.530244530909626e-07
2020-10-19,-3.450044894940504e-08,0.00043816180344747024,-6.84320182009818e-08,345.54655056410263,0.00011221152368922144,1.171083491283695e-06
2020-10-20,-1.880797682628205e-07,0.000343297017725159,-2.363410606130342e-08,344.6803443333333,0.00011555410169284093,1.3954530143389964e-06
2020-10-21,-4.25218874088475e-08,0.00040042240869520447,-3.977280449353138e-08,343.9286924102564,7.956346587472959e-05,1.2300538042303854e-06
2020-10-22,-2.0078680022441203e-07,0.00040180125378243964,1.772931134340524e-07,343.39420800000005,5.362130760324475e-05,9.831113437290433e-07
2020-10-23,-3.002975106647974e-08,0.0002740141934855456,2.595233936496118e-08,344.64435000000003,8.76479291258426e-05,4.5679445337493877e-07
2020-10-26,2.9608594046340166e-09,0.00047801992338635923,-1.3230885574630863e-07,338.83958156410256,4.8340704108271506e-05,1.3986044025425597e-06
2020-10-27,-3.365650587770444e-08,0.00037984649910035293,1.062305537475774e-07,339.1011069743589,9.167905306581703e-05,7.805973474124032e-07
2020-10-28,-3.82495244463293e-07,0.0006022691112624135,4.135375984118678e-07,328.90058148717947,0.00011007352085969483,2.3618732514011974e-06
2020-10-29,1.090822131982441e-07,0.0005332682943954774,-2.0291280245948944e-07,329.91716741025635,6.247691878206413e-05,2.2673007002289177e-06
2020-10-30,-9.611336779778327e-07,0.0008109686688009167,1.1438127550925555e-06,325.01229928205123,-9.771420832651331e-05,3.915324823062765e-06
2020-11-02,6.494117171323616e-08,0.0005567381087395003,7.4404596054396125e-09,329.67276464102565,6.348545372297864e-05,1.5211752099020868e-06
2020-11-03,5.991414341873351e-08,0.00037779887947357187,6.098426522034838e-08,336.5201552051282,4.9132442366753766e-05,1.6433031159725098e-06
2020-11-04,4.708184060167779e-08,0.0005613935365454604,-2.086768053913493e-08,345.2839014230769,0.00033331985666814197,2.2021493567684634e-06
2020-11-05,1.455823107606936e-08,0.00037481032592576364,1.1961511106830419e-08,350.77500862820506,-1.9034155481497517e-05,1.0625311989870315e-06
2020-11-06,-2.2653392702942427e-07,0.00036747337757335653,1.1433841442175419e-07,350.00255593589736,6.622416610752293e-05,1.0855240611254917e-06
2020-11-09,-5.291265220833333e-07,0.0007605727407573657,7.87866546078267e-07,360.3762041153845,4.0814025261586455e-05,3.1183297599620883e-06
2020-11-11,2.996199852771037e-08,0.00034173763657521425,4.558110654391715e-08,356.435609423077,-2.9706582133132585e-05,4.932887689809869e-07
2020-11-12,1.2366296723645658e-07,0.00038828931495701034,-8.099582761371087e-08,353.97969869230775,7.24602251613919e-05,9.728351421812458e-07
2020-11-13,-9.715435764234662e-10,0.0002810601195851797,1.4603824838596309e-08,356.54517885897434,-3.436849247743605e-05,3.9921832435814184e-07
2020-11-16,-1.8385612647533793e-07,0.0002860054311446636,2.300614766377536e-07,361.10704814102564,-6.70749102090947e-05,6.850435851087727e-07
2020-11-17,1.689112881988882e-08,0.00026640196459781106,5.454459703942713e-08,360.73164092307695,6.432807166115905e-05,4.052780412459956e-07
2020-11-18,3.364261626374923e-08,0.00019348989845118073,-8.399595656709649e-08,360.31915429487174,-5.864242835693248e-05,6.254747239760416e-07
2020-11-19,5.793823507144157e-08,0.00028679953238431644,-4.7556283894295606e-08,356.31696289743593,-0.00011223856154852707,6.331949917423993e-07
2020-11-20,-1.8681329285071247e-08,0.00017428807604602756,-8.504978413307432e-08,356.84612987179486,5.667426932037791e-05,4.829854483802348e-07
2020-11-23,7.711148493873954e-08,0.0004357975739854293,6.056857979930693e-07,356.76094008974354,-6.05842882715e-05,6.968064499207199e-07
2020-11-24,-1.4514693121033081e-08,0.0002192101158865857,1.1100441758670872e-08,362.3565970512821,3.6910490170929356e-05,3.234906403792138e-07
2020-11-25,-5.620476308170394e-08,0.00021814103416837775,7.041354813326341e-08,362.36608367948725,-1.5106735541095482e-05,3.0486156242370684e-07
2020-11-30,3.219451761888295e-08,0.00029122241583350977,1.5494600180850917e-08,361.1531739358974,6.21893095248838e-05,6.533362658169813e-07
2020-12-01,8.990841604076374e-09,0.000312953163447279,5.934656633188525e-08,366.5871581025641,-5.385273989387448e-05,4.875938581214101e-07
2020-12-02,-3.994418586533581e-08,0.0002560229879351596,5.54131657233955e-08,365.9906278076923,-8.572392401866976e-05,2.83103027289193e-07
2020-12-03,-1.6953171536220705e-07,0.0001812752326396361,3.9320122592166686e-08,367.31107184615394,3.9778671350292095e-05,5.634936129890319e-07
2020-12-04,-5.4492092153141855e-08,0.00016078537598918617,4.2038279035296394e-08,368.88913152564106,2.062894898148811e-05,1.8860847847134575e-07
2020-12-07,-9.102710175446033e-09,0.00023108055196589694,-9.618866586410854e-09,368.92515357692304,-4.289910325408828e-05,2.8397629233735425e-07
2020-12-08,-8.696927075648144e-09,0.00019103606977556408,2.600869412917739e-09,369.6112666410257,-3.4773757055777605e-05,1.7933965931920743e-07
2020-12-09,-1.841473893519964e-07,0.00036671136323806455,1.3048925329906758e-07,368.4583833205128,0.00018699203540207442,8.27005780579086e-07
2020-12-10,-4.942582367015616e-08,0.0003239099365768978,1.324227336438068e-07,366.80736051282054,7.049030983644292e-05,6.886071466078813e-07
2020-12-11,-6.904297757650078e-09,0.0003109985763468697,1.0196624114535585e-07,365.0637272435897,0.00012183566117838505,4.933379739749622e-07
2020-12-14,-5.90155242058468e-08,0.0003231340271025663,1.2966685034244418e-07,367.3998185384615,1.0788021984181845e-05,6.462187771728571e-07
2020-12-15,-6.115282801341822e-08,0.00026094893968649766,9.145349145321091e-08,368.025631525641,0.00016614121020263733,3.4454328800650765e-07
2020-12-16,-6.7783819717044696e-09,0.00018599602992646944,-2.1030652199312874e-08,369.9929621153846,1.6621176386698574e-05,2.7941889133267314e-07
2020-12-17,-6.783525718299193e-08,0.0001996832900700144,5.92722853459615e-08,371.8074602564103,2.4638319724187833e-05,2.034702826577879e-07
2020-12-18,-7.475033619728069e-08,0.00023409908119997362,-8.648769844888788e-08,368.5854021923077,7.783869758160776e-05,5.889121438352577e-07
2020-12-21,-6.501756921308263e-08,0.0003931161678797396,1.7082049391720466e-07,366.2431847051283,-9.481881948632624e-05,9.623267812975906e-07
2020-12-22,-9.453578125608668e-08,0.0002682375309975775,1.2011596496184555e-07,367.52712373076923,4.656504945795034e-05,4.356111175335458e-07
2020-12-23,3.293599579154551e-08,0.000182198054220313,-3.095968717442155e-08,368.99862466666673,0.00011930507899649948,1.8011427064378895e-07
2020-12-28,-7.952606390829534e-09,0.00012061080934673828,2.667396651089636e-08,372.0438630512821,9.271175075607324e-05,8.377856919181337e-08
2020-12-29,-7.707701255428454e-08,0.0002423116155465158,6.243759337443257e-08,371.96808630769226,4.533982430667677e-05,4.5655472819071274e-07
2020-12-30,-3.8611079252371835e-08,0.0001647079635170825,3.02801477668826e-08,372.30796687179486,4.4538734891554816e-05,1.4933208499254528e-07
2020-12-31,1.1325282990441827e-08,0.00010611889167092288,-7.756114011335685e-08,372.13259564102566,5.661808769515815e-05,1.524297592850059e-07
2021-01-04,6.861724403010314e-08,0.000401950036254683,7.850163576099372e-09,368.7220246538462,0.000315557185888105,1.6645158073390442e-06
2021-01-05,-9.63281055251318e-08,0.00027400555283323954,-6.606304053880621e-08,370.48458816666664,8.799567140367203e-05,8.690670958012241e-07
2021-01-06,-2.7343813577083027e-07,0.00040845472126960566,4.830698446702853e-07,374.8826911025641,0.0002759619500178903,1.6505359966785581e-06
2021-01-07,1.5373484322654778e-08,0.00020035824083965002,-1.1856693689729342e-10,378.8286656666667,-4.704519381674102e-05,4.858685349518138e-07
2021-01-08,-1.8614283593204733e-08,0.0003534539898953748,-4.2689003608340036e-09,379.89396930769226,-6.442354569759149e-05,8.23772778284889e-07
2021-01-11,4.270920273919904e-09,0.0003462686527827138,-4.399490589706881e-08,379.3384367307693,0.00011086925760664955,4.286296628317374e-07
2021-01-12,1.3845509658668873e-08,0.0002661786059779376,-1.6584568853298676e-08,378.6640933076923,0.00012881313439769916,5.146062074586608e-07
2021-01-13,-4.2276935137057214e-08,0.00020570059762542228,1.1375338483129935e-07,379.7857821538461,3.471577538586472e-05,3.3609281098088635e-07
2021-01-14,6.551834966897573e-09,0.0002190340556434823,2.3049049973863197e-08,380.25690391025637,7.107717501325222e-05,2.875868713639835e-07
2021-01-15,2.4394819312460342e-08,0.0002643688026761009,-1.443290320671234e-08,376.2525442307692,-4.7985966206113045e-05,9.502195710985459e-07
2021-01-19,-2.8344168086300424e-08,0.00025667551967465746,5.225287147677238e-08,378.2856772564103,1.8650145532575838e-05,2.7329431058213223e-07
2021-01-20,-7.8465623749561e-09,0.00016666055510064634,5.581367697355435e-09,383.3160575769231,1.1738125975824951e-05,2.7098671197367237e-07
2021-01-21,3.931699734250243e-09,0.00016351144021871183,-3.536834466264711e-08,384.2816693461538,-3.9859099517054495e-05,2.0019042473606768e-07
2021-01-22,3.877189752888466e-08,0.00013978947230214732,-6.913763085664012e-08,383.2162110769231,-4.2360022185917424e-05,2.533865645151181e-07
2021-01-25,2.6449529506973453e-07,0.0003452921379646301,-9.413063714906516e-08,382.97410767948713,-7.742878523709997e-05,1.5698689027343973e-06
2021-01-26,6.584410474290222e-09,0.00022381880267290802,-4.1170535078216365e-09,384.41483784615383,-3.230308785605648e-05,3.206626097740184e-07
2021-01-27,3.31871058754777e-07,0.00041441691737044043,-4.1580173718678453e-07,377.091851525641,-9.917875618851602e-05,1.7898164902289332e-06
2021-01-28,-5.55075239534043e-07,0.0005124124462195531,6.363440362393805e-07,380.1923271794872,-8.707310741930179e-05,1.545713880230639e-06
2021-01-29,-6.143867519039687e-07,0.0005952535898734198,5.073951200710367e-07,372.2373112179487,-2.8554935294664737e-05,3.1799274139227925e-06
2021-02-01,-1.0743812414540167e-07,0.00041150147259690864,3.0188309544723086e-07,375.3673795128205,-0.00010499264008254549,1.038391248585889e-06
2021-02-02,-5.368322641869676e-08,0.00023978332343670318,8.009679367552648e-08,382.4182484230769,-7.603069975450945e-05,4.523701497882141e-07
2021-02-03,-5.164691574372399e-08,0.00030486195055260876,1.8104956570980208e-07,382.5474062564103,6.18330656346715e-05,4.4538611824519867e-07
2021-02-04,-4.291060477715435e-08,0.00019060774758650813,7.679723400666175e-08,384.7135654358974,-2.849301856430747e-05,2.4900076328433036e-07
2021-02-05,8.267854332931592e-09,0.00017404120149474084,-3.538111878260889e-08,387.63516110256415,5.0293461455745625e-05,2.189538204200324e-07
2021-02-08,1.7548110423175382e-08,0.00013636310485311317,-1.7318348846168941e-09,389.26549856410264,-2.9450364797804392e-05,1.6815421099114142e-07
2021-02-09,1.0578260891686416e-08,0.00012944269346363595,-2.9915648833955806e-08,390.33952447435894,-9.445669818458184e-06,1.214969800556046e-07
2021-02-10,-3.956986323429967e-08,0.000319001349516145,-3.937834535334055e-08,389.9496107179487,-7.709279449121523e-05,9.728858605717955e-07
2021-02-11,-1.3185901177871193e-07,0.00025152950630405045,1.5769684237192594e-07,390.10243569230767,2.683151409423951e-05,5.416324903023588e-07
2021-02-12,9.177796939912658e-09,0.00015422767781012015,-4.565154206003073e-08,391.1084973589744,5.466300693531555e-05,1.7698142778298606e-07
2021-02-16,-1.3314016105023473e-07,0.00029972204282627105,1.8385646096181491e-07,392.94216482051274,7.742825532857842e-05,5.194064799196912e-07
2021-02-17,-2.455135842756102e-08,0.0003493276898907154,7.937199104560405e-08,391.1588008717949,0.000277978534220883,4.324242676649622e-07
2021-02-18,-3.394153329038204e-08,0.0002389519216604589,-2.973148678135822e-08,389.7565271282051,4.64964979184616e-05,4.077220799889706e-07
2021-02-19,-6.609695198044027e-08,0.0002575345470766805,6.284170349256108e-08,391.052263576923,4.03483446866083e-05,3.6647298236243056e-07
2021-02-22,-1.4528174498725621e-08,0.0002509110601960383,1.6633527174175315e-07,388.22602128205125,-5.2290094873056327e-05,4.399654197122194e-07
2021-02-23,6.338480928626444e-08,0.00043126914014062016,4.339571406364758e-08,384.94752960256415,0.00017204392502453368,1.6835074435785335e-06
2021-02-24,-5.965066676418004e-08,0.0004552155754933011,1.4012637157556317e-07,389.9923986794872,7.607727096975313e-05,6.330223438465055e-07
2021-02-25,3.4551462449325383e-07,0.0005973817145787457,-4.216250358655766e-07,386.21274691025644,0.00010000353057738717,1.7199687727326378e-06
2021-02-26,6.264307637695282e-07,0.0005484660867610395,-1.2193190177711826e-07,382.9196839615384,0.0002725800804005248,3.690479261227456e-06
2021-03-01,-2.9072312323355232e-08,0.0002988297913572319,9.369916722863853e-08,389.15115110256414,7.236762964368403e-05,4.3883963422674895e-07
2021-03-02,-2.1582231064667418e-07,0.00040203340492751084,1.821403338457158e-07,388.4578773974358,4.586097730928853e-05,9.636578346837133e-07
2021-03-03,-2.0640154018348102e-07,0.0004624733375996439,8.829179221436767e-08,384.47715867948716,9.647746020765353e-05,1.5022595117263013e-06
2021-03-04,-1.1358367282938804e-07,0.0009356951294018773,6.761438902520127e-07,378.6590665769231,-0.00038662578249984506,4.937195363579531e-06
2021-03-05,-3.3944428706737566e-07,0.0007791270182624609,5.612030115287268e-07,378.92343166666666,0.0004068338789674189,3.0518067909600504e-06
2021-03-08,2.2456137913664612e-08,0.0005700608905257675,1.5208846704702476e-07,385.5484207435897,0.0002484697264954584,2.0993597878657262e-06
2021-03-09,-1.8121896883965503e-09,0.000260930559206652,1.1474985210317209e-07,388.8099035641026,-1.2145734300258544e-05,5.735201730451866e-07
2021-03-10,-3.2445467371682337e-07,0.0004320978024058282,3.592972639432928e-07,389.94561720512826,-9.859180013023444e-05,1.1077775713916882e-06
2021-03-11,2.8297245599659475e-09,0.0002554737427595116,2.099929531356232e-08,394.2636604871795,-5.4774253631526745e-05,3.3858633216550124e-07
2021-03-12,-6.032543825704673e-08,0.0002930396008132367,9.458731861633523e-08,392.7268147564102,-5.008866803091054e-05,3.754981328839567e-07
2021-03-15,7.353209737043958e-08,0.00019628390530319952,-4.895876242828896e-08,394.18100044871795,-0.00012096394314433664,3.008678892139888e-07
2021-03-16,-1.1150452286624871e-08,0.0002466396033594415,-1.5815857180281736e-08,396.74027924358967,-7.259150483607375e-05,2.904394790405105e-07
2021-03-17,9.846760848497108e-08,0.00026997930384568835,-8.512017362787702e-08,394.9923224230769,8.921675488571346e-06,8.92280740656781e-07
2021-03-18,-1.1075788257102529e-07,0.00028447637005690014,5.546962752132761e-08,394.72004180769227,7.768518228827754e-05,7.100176077395685e-07
2021-03-19,-2.569144492589512e-08,0.00029778781031571854,-7.916955539510588e-08,390.1546250897436,8.909880802217092e-05,9.009146928291464e-07
2021-03-22,6.553849921249278e-09,0.0002143069908738425,3.801849338554913e-08,392.63909824358973,6.073052394324762e-05,1.8227792550611138e-07
2021-03-23,4.945565783952037e-08,0.00025763834604324834,-4.502375848407204e-08,391.96980358974355,-0.00010826354152197051,5.108605768867638e-07
2021-03-24,-1.0875920769442123e-07,0.0003380449314972348,7.706863529796591e-08,390.92838178205125,0.00011454234886468663,8.308245720884826e-07
2021-03-25,7.594213274733527e-08,0.0004317970499857492,-2.884518284005355e-08,387.21952461538456,0.00010310463774745448,1.1950012916895893e-06
2021-03-26,4.862144724813811e-08,0.0002590779500951553,-4.185605847304177e-08,392.00537298717944,0.00014922842574535366,9.712743056575047e-07
2021-03-29,-5.760812263681641e-08,0.00040606800610041937,2.0784632216050139e-07,394.960472974359,3.755612389012998e-05,7.263119458321164e-07
2021-03-30,-3.843899556110097e-08,0.00024985676940000553,-4.638390969418412e-08,394.2831338076923,-1.9958418704905933e-05,4.7118728325370957e-07
2021-03-31,-1.5179160274832877e-08,0.0001784897216148949,-1.7723935326573777e-08,397.08326633333337,8.49814206135111e-05,1.660009872697598e-07
2021-04-01,-7.834989658631676e-09,0.00018826646783800057,2.8684350620421868e-08,399.45657337179483,2.7717395627096105e-05,1.4015779162971255e-07
2021-04-05,1.0076753627182846e-08,0.00013060904788666708,-8.433895393636979e-09,405.9948807948718,4.300165505762476e-05,1.9687529592581551e-07
2021-04-06,1.9965260633634394e-09,0.0001543382618102835,-1.5007478134968943e-08,406.6147412820513,-3.35228239401706e-05,1.5504605057503695e-07
2021-04-07,-2.8167740596629733e-08,0.0001898559786769605,4.29920215136059e-08,406.34740887179487,4.596120093155097e-05,1.8760195809698357e-07
2021-04-08,3.3073515733898473e-09,0.00015786728605321411,-3.564668507373075e-11,407.98676347435895,1.767590070921869e-05,9.280262240693778e-08
2021-04-09,1.9839379225137336e-08,0.00013647227391981777,-2.6742113314700843e-08,409.45821116666673,2.4106349839373913e-05,1.0839026558142413e-07
2021-04-12,-8.349931396159536e-09,0.0001608210529236002,-7.941386332124623e-09,411.06695708974354,-2.401455728193038e-05,1.7833349757078828e-07
2021-04-13,-3.0066812027926525e-09,0.0001322995137080704,-6.6802388245823645e-09,412.2300272948719,-1.0661953089138697e-05,9.04870196769792e-08
2021-04-14,-8.396574478240212e-08,0.0002831586413092131,9.99542341999148e-08,412.79455201282053,-3.861401608414187e-05,4.2872678879525017e-07
2021-04-15,1.3673788624790284e-09,0.00015774066654222042,-3.5211851770272063e-09,415.0677579871795,-4.025870207575568e-05,1.5517894997257667e-07
2021-04-16,-1.1425652331965894e-08,0.00018268666563040547,2.5933058547462378e-08,416.81140908974356,-2.1221953057780196e-05,1.486343484692924e-07
2021-04-19,-2.1006349707279305e-08,0.00032191299749238724,-2.632396646791724e-08,415.02448832051283,6.961467372210132e-05,4.970856124062115e-07
2021-04-20,2.723311132721712e-08,0.00028353791905140545,6.787456828140139e-08,412.1822407435898,-6.274158977933048e-05,4.457971563916831e-07
2021-04-21,2.055664343530473e-08,0.00017668994577828596,-3.324075386311155e-08,414.4727524358974,4.1683403289758414e-05,2.0631541436414364e-07
2021-04-22,-2.3154339913682147e-08,0.0003207581184923371,2.7962411752787354e-07,414.5410311923077,-0.00011043694429531895,1.0818519098665017e-06
2021-04-23,4.722903125282298e-08,0.00012881316536692732,-6.043949367494114e-08,416.33024271794875,-2.3241157011356214e-05,1.9542875980762698e-07
2021-04-26,-3.105617359728216e-08,0.00017210224665336482,7.34509811287931e-09,417.7496782564102,-3.162082904883066e-05,1.6709242115092369e-07
2021-04-27,-2.024743518980741e-08,0.00017100186113681425,3.124960514622936e-08,417.3906194615384,5.3471578091198734e-05,1.9051137770583297e-07
2021-04-28,-2.3886249137493223e-08,0.00016356952232120605,5.157745698546384e-09,417.834086,2.6470666859947524e-05,2.416234280113735e-07
2021-04-29,1.8431985588969366e-08,0.00021721721025760163,1.8145191006014737e-08,418.7958154487179,-2.1298929073656836e-05,3.5015764235327095e-07
2021-04-30,-6.957555832779196e-08,0.00028300421682574405,8.146255075860845e-08,417.43902930769224,5.2305583544254694e-05,3.452546927807135e-07
2021-05-03,-3.482027000994047e-08,0.0002475394504313518,4.491984639711771e-08,418.74331770512816,1.8387218886759943e-05,1.9062087681643878e-07
2021-05-04,-8.850346751670882e-09,0.000354640521685362,8.501154976683835e-08,413.64435194871794,2.563104839140532e-05,8.185529683991165e-07
2021-05-05,8.028856891194839e-09,0.00018155106822454777,-3.242740796608978e-08,416.58963433333327,1.9688971387674628e-05,2.8822414811061094e-07
2021-05-06,-6.548198428187811e-10,0.0003213631713183508,1.2800580110727048e-07,416.25438619230766,7.23308475338676e-05,6.849197149328582e-07
2021-05-07,1.4461230697951899e-09,0.00019155171330842262,-1.4467552770241515e-08,422.03008548717946,-3.7333356360229896e-05,3.0368291018328845e-07
2021-05-10,2.9035570579953124e-08,0.0002588141154347713,-4.666212791700629e-09,421.1939993589744,5.535499279594961e-05,2.874163405549588e-07
2021-05-11,2.453186182820285e-07,0.00039132081727317737,-1.6122681359301923e-07,413.4416108333333,1.8443097723619544e-05,1.546116525715733e-06
2021-05-12,-1.2101976807114297e-07,0.0004226564892211398,1.0704325508172768e-08,408.2640927179487,6.371668568207854e-05,9.599269370961707e-07
2021-05-13,-4.573188298898845e-08,0.000453696746864097,1.8422599031288358e-07,410.41203653846156,-8.088349231330692e-05,1.360427350175823e-06
2021-05-14,-7.637659947416634e-08,0.0002252592371577451,1.5642005056365756e-07,415.88250491025644,-3.1525234299404985e-05,3.432553615819322e-07
2021-05-17,-7.785721953907565e-08,0.0002983234548676424,5.264702440701767e-08,414.64715333333334,-5.012724024423271e-05,5.651968516624634e-07
2021-05-18,7.099503873146721e-08,0.0002327148205043083,1.3749306005816748e-08,414.93181346153847,5.675906322408709e-05,4.41200651175684e-07
2021-05-19,-2.223418608836526e-07,0.0003974398818789727,2.1120436988024572e-07,408.33395375641015,6.414913697223329e-05,1.6947927280258808e-06
2021-05-20,-4.799926106762298e-10,0.00023171882068227244,4.015351478564166e-08,414.82377232051283,4.131648861275058e-05,3.3452342853400933e-07
2021-05-21,-5.198527674607688e-08,0.00022350295901301355,6.140806212232874e-08,416.07414788461534,-3.428951395238864e-05,4.106480686331089e-07
2021-05-24,5.164841630588365e-09,0.00014656378666995452,-1.96081385096371e-08,419.38262307692304,5.064891197432615e-05,1.0774673371764255e-07
2021-05-25,-3.057271432392728e-09,0.00022885824736104657,-8.17253812310536e-09,418.85826021794867,-1.6617525964811665e-05,2.6910358313746553e-07
2021-05-26,7.535396190283457e-09,0.00016868518607502913,-1.2907914957583186e-08,418.93778271794866,1.8929328119606194e-05,1.3882715629562772e-07
2021-05-27,-4.86171221996353e-09,0.0001345411102368647,-2.210284420624136e-09,419.9215118076923,3.5094777781933056e-05,1.194435714887548e-07
2021-05-28,-7.1518877946261855e-09,0.00013295970949640275,9.675768467754414e-09,420.72160721794876,2.7176570300404048e-05,8.978745836007396e-08
2021-06-01,-8.241413394533018e-09,0.00013519364944029216,-8.218151608882358e-09,420.0979288461538,-6.245584102586107e-05,2.292374364553122e-07
2021-06-02,9.310983182032606e-09,0.00014242492378601005,-1.856891279259254e-08,420.2956792435897,3.5712355414551602e-06,1.4141787356667319e-07
2021-06-03,8.708186374930437e-08,0.00023724856907283504,-5.305858535390719e-08,418.9447130512821,2.7442682924999485e-05,4.0130948599410473e-07
2021-06-04,-2.769389628696537e-09,0.00013826865717665133,1.106832949297698e-08,421.9308916666666,3.1465526534318314e-05,6.429874351928193e-08
2021-06-07,-5.6320397533222235e-09,0.00012946443846655932,1.539693149435769e-08,421.71395046153845,1.3696889657867076e-05,9.855311591239578e-08
2021-06-08,3.4975822778574545e-08,0.0001714514901071027,-7.514967536846204e-08,422.2528262820513,-3.02537398884905e-05,2.0495969982403476e-07
2021-06-09,-1.1909906892836029e-08,0.00011439395664739434,-5.708923102805224e-09,422.60713185897436,-1.904879635792221e-05,6.787464426425516e-08
2021-06-10,-1.1084282273969778e-09,0.00017084519301251638,-1.5569672318776592e-08,423.57821491025646,3.856953502635143e-05,2.440367900366736e-07
2021-06-11,-1.3474755914102053e-08,0.00015127081275964047,2.6997501972756096e-08,423.5217088974359,8.481670163032377e-06,8.863596733921659e-08
2021-06-14,1.7384516873031013e-08,0.00012180106966245474,-1.6199086869571693e-08,423.54926891025633,4.609008875546095e-05,1.0254598719756124e-07
2021-06-15,-1.8116513964891024e-08,0.00015128874955781354,8.95147893534994e-09,424.37973046153843,-2.140777035092823e-05,1.4768155117620376e-07
2021-06-16,-1.4876273918008055e-07,0.00027104177989591366,6.492098815799369e-08,423.28827747435895,4.072354210115187e-05,9.316893716659985e-07
2021-06-17,4.364773224231392e-08,0.0002286217331847885,-5.477969001169467e-08,421.8931806025641,4.181623194263563e-05,6.181579785383069e-07
2021-06-18,-2.688773426851805e-07,0.00041336992313709456,2.857244947755668e-07,416.5949072179487,6.06714388824004e-05,8.462635336326232e-07
2021-06-21,3.581278922646193e-08,0.0002025863442405694,5.014394856462646e-08,419.89654689743594,-6.228017297950068e-05,2.2547092997546151e-07
2021-06-22,5.48625073435058e-09,0.0001386584601659633,-9.14035590905988e-09,422.2410375384615,3.153699243434622e-05,1.2632638073395475e-07
2021-06-23,-2.3711937243434358e-08,0.00014707975050028317,3.025116532058653e-08,423.3544466666666,-2.8163221043817498e-05,1.5435169273767003e-07
2021-06-24,-2.5553074341234166e-09,0.00013774103283024206,1.7913905556750667e-08,425.13013121794876,2.2520377146087223e-05,8.173624160517972e-08
2021-06-25,1.0144168982398125e-09,0.00012440418020657126,2.175686302701389e-09,426.26410799999996,4.696794526824787e-05,3.825358258575776e-08
2021-06-28,7.131451621695657e-10,0.00010537575186834155,-2.2299507741811655e-08,426.5882133333334,3.7054830240152e-05,7.946535767693902e-08
2021-06-29,-7.689827429042041e-09,0.00011885282795524849,1.2941242136468511e-08,427.9055155384615,1.009218048151485e-05,5.734900324296159e-08
2021-06-30,-1.4259758792785403e-08,0.00014601938048120486,1.9208605842780236e-08,427.96525997435896,3.5130482788306096e-05,8.411873432726726e-08
2021-07-01,-1.1106879897935837e-08,0.0001244774571205884,5.041036252609782e-09,429.7410641794872,-3.85313048017297e-05,7.819535580511436e-08
2021-07-02,-6.844602649926338e-09,0.00012057274842826212,1.143722987589718e-09,432.74009189743595,3.5733236476473655e-05,5.2795645115048436e-08
2021-07-06,-4.621188498557475e-08,0.00018953917926381057,6.760433941825911e-08,431.7435743589744,8.605259210989022e-05,2.919309130169934e-07
2021-07-07,-3.571787123971152e-08,0.0002236379473021478,9.118471757233611e-08,433.8485755897436,3.171241550325917e-05,3.666080008890162e-07
2021-07-08,-6.055988884590008e-08,0.0002918633659619097,1.2154751371279705e-07,430.137062948718,5.931051120646298e-05,8.672551626424032e-07
2021-07-09,-2.67318125400426e-08,0.0001375436590125926,2.6536959366156072e-08,434.73769746153846,4.209929712297249e-05,1.389073510473299e-07
2021-07-12,-2.9586190560080125e-09,0.00013445756916726623,1.4482041897018418e-08,436.55342951282046,-3.089830915847592e-05,6.08396914444105e-08
2021-07-13,-3.174683436887929e-08,0.00020568737281538314,7.646718548431466e-08,436.75164710256416,-2.9489393276150698e-05,2.574812385479637e-07
2021-07-14,1.1944171634260103e-08,0.00016033038191090368,-3.721375054280486e-08,436.5308543846154,6.807012676996776e-05,2.40028478620653e-07
2021-07-15,-4.761179287209772e-08,0.00022022321930115083,1.025691842149711e-07,434.37456405128205,6.37629274217794e-05,3.9511117827357876e-07
2021-07-16,-7.444849904334062e-09,0.00022566717597876125,3.2755434268484646e-08,433.3258528846154,4.7494739575986834e-05,3.1905712556122195e-07
2021-07-19,5.6470371171224095e-08,0.0004923498356114711,1.4157891873411548e-07,423.5475243461538,0.00015607165092324605,1.0362434513575664e-06
2021-07-20,5.8945901702061924e-08,0.00017530021050724367,-4.415084162596932e-08,430.6153078461539,-3.659770023697079e-05,5.511118257842166e-07
2021-07-21,-2.792502424886257e-08,0.0001644321456067135,1.7811230852644673e-08,433.69580148717955,-2.3510072315755777e-05,1.3834382587851296e-07
2021-07-22,-3.838577467703744e-08,0.0001583081031205949,9.932638794471538e-09,434.9043452435898,3.969705811365499e-05,1.808889319685154e-07
2021-07-23,-1.6339741825799634e-08,0.00014044264859489164,4.977908168224002e-10,439.00963641025646,2.3973792787872567e-05,1.4009335816586293e-07
2021-07-26,-1.4543295114621853e-08,0.00012381628438275192,9.149662968670074e-09,440.27027688461544,9.708650143792254e-06,1.0395388131504756e-07
2021-07-27,-2.2775941874817417e-08,0.0003015071265844104,1.0219345094075009e-07,437.69816698717955,-7.190791713677988e-05,5.193306937123201e-07
2021-07-28,-3.379108814665223e-08,0.00022058456487865342,2.7661210974851208e-08,438.95622676923074,7.065375923409979e-05,3.6037763521957693e-07
2021-07-29,-1.8184436607672477e-08,0.00014379389934821233,2.110294407521461e-08,441.2159372307693,3.945631968695846e-05,9.877799089709714e-08
2021-07-30,7.758411363202683e-09,0.00018895077867673595,3.761070963113736e-08,438.695382423077,-5.2243556964063236e-05,2.735396797450656e-07
2021-08-02,9.407981473659915e-09,0.00022541214394776915,7.353384730507283e-09,439.187130551282,4.640502751021487e-05,1.845648122233742e-07
2021-08-03,5.686065325112249e-08,0.00015352002448084404,-7.299469336838099e-08,439.2370674743589,4.2146757148648716e-05,4.3582470967607716e-07
2021-08-04,3.1222455025472446e-09,0.00016433273493284776,-2.2617357552235906e-08,439.70439178205135,-7.008608732463534e-05,1.5304310597155138e-07
2021-08-05,7.546879821515477e-09,0.00010216290377322042,-1.5285190366439724e-09,440.8086883205129,5.593900200305868e-06,5.844615182618845e-08
2021-08-06,8.98235048597654e-09,0.00012236070091470967,-2.9420345239985087e-09,442.413745448718,4.094363533267703e-05,8.597305598323586e-08
2021-08-09,-6.803336904140255e-09,0.0001224581628636388,-3.354719763499976e-08,442.1370164358974,-3.50318357400679e-05,7.378822901175368e-08
2021-08-10,-1.787582744228647e-08,0.0001352035217928722,2.1652717976978036e-08,442.7424503846153,2.713314343630856e-05,1.3932936684439465e-07
2021-08-11,-5.014432254175703e-09,0.0001297714212919897,1.4597262175759494e-08,443.3362656666667,2.793164177883839e-05,7.559273791652671e-08
2021-08-12,-9.598435660475374e-09,9.984946389260052e-05,1.3910693426709642e-08,444.1422321794872,2.1425830850535326e-05,6.177911116315781e-08
2021-08-13,-1.2365912107817492e-08,0.00010766385465276894,1.758012030633308e-09,445.5225175769231,-3.0229278914073245e-05,6.725466087585126e-08
2021-08-16,1.9628339499683977e-08,0.00013802863785365466,-2.9130550448246398e-08,444.815411602564,-6.465977626706719e-05,1.4096894929413918e-07
2021-08-17,6.510498678482615e-08,0.00028651822188026897,-2.6578406835037027e-08,443.09474334615373,5.1283346245876144e-05,5.449051969837345e-07
2021-08-18,6.591477186404715e-08,0.0001939393891503759,-1.0960296097761311e-07,443.1115678589743,-4.3072416692874775e-05,5.59643746136303e-07
2021-08-19,5.500842832173628e-08,0.0003728188878063273,4.609289673337318e-08,439.4989450769231,2.9183010252689876e-05,8.447539459476051e-07
2021-08-20,-2.766012061645568e-08,0.00021202694365554678,-1.7991630185637006e-08,442.7323271153847,1.1921432424135292e-05,2.5647804510698564e-07
2021-08-23,-6.8815527962566625e-09,0.00010188581542307093,-1.8151273430354193e-08,447.5318806282053,-3.229209797490159e-05,1.0197982821329781e-07
2021-08-24,-1.0026459064535397e-09,0.00014496706473542456,2.0387072663871935e-08,448.1224962435898,6.1838181889000635e-06,5.160147371048154e-08
2021-08-25,-1.880125495619181e-08,0.00010947477026927965,1.5161362775234996e-08,448.87294233333336,1.5808073164151765e-05,6.013519968228938e-08
2021-08-26,-1.5624702623574135e-08,0.0002172318185136193,1.6666313533679907e-08,447.4120642948717,-0.00015546393886645284,2.4416588540017574e-07
2021-08-27,-3.795689834271013e-09,9.84135025093621e-05,-1.9193784244506804e-08,449.76656193589747,-3.993185402332692e-05,1.6252433741744797e-07
2021-08-30,1.4529902618801661e-09,0.00011705102218781008,2.073269880808371e-08,452.5169782820513,-2.545735962386184e-05,8.147133648722385e-08
2021-08-31,-1.7120227521514126e-08,0.0001571255376545691,4.655377159270974e-08,451.8411226410256,-7.676753070764674e-06,1.354792027809002e-07
2021-09-01,-2.1499350806536956e-08,0.0001441046756344793,3.040500739358429e-08,452.50938796153844,4.388939452927063e-05,9.623788991349818e-08
2021-09-02,5.869434793623874e-09,0.00014369679514722122,-1.3535802479676068e-08,453.01115800000014,1.8818712565020733e-05,1.1527862927010013e-07
2021-09-03,-1.2672849574164768e-08,0.00014584848122078318,5.950628741522175e-10,452.93829489743587,-2.1936541403961924e-06,1.1055064530246963e-07
2021-09-07,4.06347518819269e-09,0.00013469437118599273,-8.280887697479077e-10,451.773865397436,-5.8779254520151856e-05,1.202265603185702e-07
2021-09-08,-2.011829035312323e-08,0.00025336057007726507,7.459614631720741e-08,450.44249144871793,6.467525210972834e-05,3.2607760163348403e-07
2021-09-09,-1.456450695301063e-08,0.00023482539592807987,9.137387666262026e-09,450.5894281410257,5.6802892545236e-05,3.5307943092893545e-07
2021-09-10,-2.750158086827345e-08,0.00018479477144631086,-4.082405331825443e-09,448.32895912820516,-7.361768884955313e-05,3.3421309722083995e-07
2021-09-13,-2.6578644344909437e-09,0.00030079795024406876,-6.123365725746843e-08,445.71200865384617,6.118881358173308e-05,5.812752999372768e-07
2021-09-14,-2.2718356274698892e-08,0.0002643089385841455,2.5307022449393393e-08,445.0428942692307,2.456297563518068e-05,3.7793443895806076e-07
2021-09-15,-9.055019656370455e-08,0.00024458808048706803,6.260758061006985e-08,446.31102682051295,4.1060802428374726e-05,4.592328003020964e-07
2021-09-16,-2.704282737007919e-08,0.0002145736016370823,4.360984621446697e-08,446.11871206410257,4.826925645522781e-05,4.942194699262374e-07
2021-09-17,-1.589686174505525e-07,0.000307359609345638,1.6291093253363514e-07,442.3106786282052,6.637015607941938e-05,5.936894139894582e-07
2021-09-20,4.387557769164153e-08,0.0004502185811919844,1.1874318788375561e-07,432.62908533333336,-8.40421149881373e-05,1.0694339683013911e-06
2021-09-21,-1.82651043358423e-07,0.000365569613908979,1.080561267258629e-07,435.204578,8.274916861709529e-05,1.3340308748395147e-06
2021-09-22,1.1368913146464855e-08,0.00028577601411426885,7.936784150619299e-09,438.1105068333333,-2.908804723718482e-05,7.113985869104446e-07
2021-09-23,3.05697807964723e-08,0.00023124517843305063,2.02348899593513e-08,443.6618107307692,-2.8402180589336067e-05,3.724292213016509e-07
2021-09-24,-1.1692381290833776e-08,0.0002087735328398672,4.74820515676723e-08,443.2579141282052,4.485214570171666e-05,3.945759847021269e-07
2021-09-27,-3.5421561618620455e-08,0.00023731451991659401,1.6801650065843204e-08,443.1199821410257,-1.977031028395062e-05,2.490374151106457e-07
2021-09-28,1.0809164566758524e-07,0.0003991261236809481,-1.5414758786565464e-07,435.03175457692316,-5.609835616178169e-05,8.844499459116561e-07
2021-09-29,1.1705501210635321e-08,0.00035113638779400675,4.6009902374364636e-08,435.59615105128205,0.00013481706704078448,7.608126453395443e-07
2021-09-30,2.587958446935125e-09,0.0004158255249626052,5.454362719912138e-08,432.81547807692306,-9.700283277197339e-05,1.3753702395900234e-06
2021-10-01,-1.753671175561049e-07,0.0004330765956383231,3.0020958897377237e-07,431.86480116666684,0.00011533112734915405,1.2062333683194486e-06
2021-10-04,-3.557025613333067e-07,0.0005581459406612743,4.220069888797664e-07,428.47728742307703,-7.346219214730411e-05,1.8679991138251662e-06
2021-10-05,1.0890904611136455e-07,0.0002890532857674898,-6.166875736346344e-08,434.1292132948719,-7.974730851784954e-05,5.047154772020188e-07
2021-10-06,-1.29082286916725e-07,0.0004843764243316522,2.1850264872939304e-07,431.4067037307692,-8.060429978001618e-06,1.5543482382705804e-06
2021-10-07,4.085832062851926e-08,0.00020470947385526966,-4.877978291810383e-09,440.52215330769224,-5.8030053417204537e-05,2.6912614203201547e-07
2021-10-08,5.4945363367431775e-09,0.0002603382419848232,4.218501779857018e-08,438.5088179358975,2.0287525541222337e-05,3.8205423156469236e-07
2021-10-11,7.88043084387166e-08,0.0001792426104807005,-1.1518390116572554e-07,437.9292116153846,-6.6409684560604e-05,4.0838186431737175e-07
2021-10-12,-9.417717437178912e-08,0.00040215649491490493,5.704417021037196e-08,434.50615658974345,0.00030538602502734987,6.947983069974765e-07
2021-10-13,-1.0410242411651569e-07,0.0003059576920152425,1.203350403840131e-07,433.9264478461538,-4.7973476488960684e-05,7.101533989505279e-07
2021-10-14,-3.581258132182282e-08,0.00019384923755100803,2.2094802652224637e-08,441.536031025641,5.566663781496096e-05,2.1265250525097615e-07
2021-10-15,-5.172524850195987e-08,0.00018896055688906327,7.826095690030893e-08,445.34329843589745,-2.163930878922057e-05,2.2233536372430518e-07
2021-10-18,2.544194019142156e-08,0.0001597237331682394,-5.729279163934175e-08,446.4255014102564,6.152470150486993e-05,1.724389499007329e-07
2021-10-19,-2.9785432490694756e-08,0.000183670054739176,5.8692440461480816e-08,449.9781649487181,0.00010759033308583061,1.4954599384724876e-07
2021-10-20,-3.2580148627890726e-08,0.00016184324192065666,2.0080219984934062e-08,452.08804274358965,1.945090760453567e-05,1.7865664874704868e-07
2021-10-21,-1.2866136305906392e-08,0.00014963900647689811,2.9331817023945167e-08,452.268752576923,-3.2148545851506144e-05,1.2463356513257314e-07
2021-10-22,-8.049287986427753e-09,0.00025972573638251804,3.875090261559202e-09,453.07936988461546,3.605985762789323e-05,4.149713185835137e-07
2021-10-25,-4.352247019844345e-09,0.00015802372314868959,-4.734181379581024e-08,454.8879909358974,-3.414008751468022e-05,1.4481607334474169e-07
2021-10-26,-9.655223559791326e-09,0.00021691901386374434,2.1399961165546922e-08,457.1368865,-6.557412995336786e-05,3.4581295605114806e-07
2021-10-27,3.1522867680895724e-08,0.0002232115985825395,-4.502484906430529e-08,456.1610333333333,0.00012668082515931002,2.934476328124543e-07
2021-10-28,-2.503737116159754e-09,0.0002002118706562975,3.3698473419846723e-09,457.30407158974356,-3.600659876919705e-05,2.1177591940908557e-07
2021-10-29,3.3463249983199466e-08,0.0001555643902742654,-4.306534486897685e-08,458.118658923077,6.576841684033387e-05,1.8730624668222902e-07
2021-11-01,-9.628112851224859e-08,0.0002055330355612266,9.232831684024378e-08,459.2836724999998,-3.091610266953961e-05,3.039646502001035e-07
2021-11-02,-1.221605608712127e-08,0.00018153243965145894,5.9014074663568905e-08,461.5452601923076,3.782622501243381e-05,1.6206188576465562e-07
2021-11-03,3.3582623011325776e-09,0.0001807312548679182,1.8800630377714023e-08,461.99292882051276,3.063696491129915e-05,2.724377172644117e-07
2021-11-04,-4.657294787229217e-09,0.00016269880297446531,1.0059814650442542e-08,466.082121102564,-4.5173173330988644e-05,2.5133693357453664e-07
2021-11-05,-7.439611836266669e-08,0.0002700162332233767,9.063275787444609e-08,469.1366028205128,-9.4600538621307e-05,3.721081156915222e-07
2021-11-08,-4.7071953979800585e-08,0.00019528811171012285,9.372413020017409e-08,469.03058398717945,-2.25310565009859e-05,2.0542861127349058e-07
2021-11-09,-3.1437592168463323e-09,0.000282439136841179,5.160110101972531e-08,466.97434988461526,3.755049526518953e-05,4.6034125082707805e-07
2021-11-10,-3.128572635988553e-08,0.0003159064887621852,8.680643266251223e-08,465.3226865128205,-5.4113718701975166e-05,4.2080775478417916e-07
2021-11-11,2.847611040015154e-09,0.00016822569566635063,-1.3031782374418e-08,464.4295214743588,5.5094809328988184e-05,1.2768160271364133e-07
2021-11-12,3.0881033445023942e-09,0.00016511963411110827,-4.310197801617932e-09,466.345429974359,4.304415986549926e-05,2.1073920838994083e-07
2021-11-15,-2.4243612531562912e-08,0.0001508822218098246,3.5600224162627243e-09,467.33265012820516,5.6329903009932585e-05,2.2823308144487526e-07
2021-11-16,-1.8535561777924906e-09,0.0001427206545166505,-2.2685878646315894e-08,469.5306176794871,-2.323531344576835e-05,1.423535950699266e-07
2021-11-17,-1.9990805979390173e-09,0.00019374403259395527,-1.492969739448303e-08,468.33130351282057,-3.319888006122943e-05,1.7724769979918746e-07
2021-11-18,9.9193604240875e-09,0.00019634851945758775,-6.488660636113005e-09,468.87511924358984,-7.425149820204111e-06,2.8319308265286625e-07
2021-11-19,-3.299631811107941e-08,0.00023090312611778754,7.437027194980823e-08,469.64504643589737,6.410838310117694e-05,2.4333045291735123e-07
2021-11-22,2.042908911888254e-07,0.00019082410581830329,-2.5339713949309354e-07,471.4416846923076,-1.572210784209614e-05,5.067321417592442e-07
2021-11-23,1.7409975623904372e-08,0.00044081360177830066,1.0790679496050543e-07,466.45726042307683,-3.2943528940646856e-05,8.778996429303447e-07
2021-11-24,-2.609238336788265e-08,0.0002496649381169987,-3.3330357189448566e-08,468.05907448717943,2.542857460847741e-05,3.4297006587266e-07
2021-11-29,-7.693947524647263e-09,0.0002964189462868617,5.973851720918552e-08,464.80922788461527,3.968141612599951e-05,3.555428507851729e-07
2021-11-30,1.2299143396963067e-07,0.0005450944765003745,-7.161590413457975e-08,458.5793957179488,8.634579025312374e-05,1.4453972703444006e-06
2021-12-01,2.7695909197379254e-07,0.0004855783280160945,-2.455285968866528e-07,460.20114398717936,3.233053782800208e-05,2.0097843050904863e-06
2021-12-02,-2.2494767283371048e-07,0.0005940690225257108,6.692977325155401e-07,456.59822700000007,-4.637425243147475e-05,2.428525728397221e-06
2021-12-03,-2.1999073516997274e-07,0.0006625195913727865,5.668027621979693e-07,452.1849649743589,-0.00010363015631022039,2.82367752465212e-06
2021-12-06,-3.327760195118059e-07,0.0005671947843103553,1.5926314782018888e-07,458.4887608461539,8.41205588733624e-05,1.1069613534633364e-06
2021-12-07,4.49919935595995e-08,0.00021694133767441413,-6.135150308777793e-08,467.9431746666666,4.392660132391394e-05,3.109826357684715e-07
2021-12-08,-9.727927874314278e-08,0.00029153402530554773,1.5361153879178547e-07,468.37142310256417,3.164836756748542e-05,3.6033551679173763e-07
2021-12-09,-1.058009471526527e-08,0.00024403739680387427,-1.1047896641119816e-08,468.0699422692307,5.99120351428462e-05,3.45339077073953e-07
2021-12-10,2.3423350036627575e-09,0.00029610181085303576,2.324437428253596e-08,468.8100460128205,0.00011063422454604612,4.7078922447990244e-07
2021-12-13,-3.257740298985966e-08,0.0002985172306033864,7.1102722610946505e-09,467.84797420512825,2.6021109610885496e-05,4.2215428043010583e-07
2021-12-14,9.205009989591102e-08,0.0003788522402756531,-8.912482509761283e-08,462.2013040384615,5.769807104692277e-05,6.291406440201222e-07
2021-12-15,2.347302014054988e-07,0.00037864594479351956,-1.5637301062812546e-07,463.38299161538464,6.415750589291858e-05,1.349912177240944e-06
2021-12-16,1.1370702680521372e-07,0.000399065100457282,1.9188514576362733e-07,468.88349235897437,8.989245061617233e-05,1.1895796419320555e-06
2021-12-17,8.16659580771305e-08,0.00038441807354461086,-1.0870086782343652e-07,461.7727816794871,-6.433783378673116e-05,2.035933897608623e-06
2021-12-20,-1.8446511916197193e-07,0.00048342389446683526,3.4756986578812315e-07,453.0211974615385,-4.7319746687626394e-05,1.1008201272753869e-06
2021-12-21,1.2474911998313683e-07,0.0002623668323996544,-6.609410937547197e-08,460.44552092307697,0.00014511713437785853,7.13042581255045e-07
2021-12-22,-3.820133926223524e-09,0.000186814111980296,6.752338084742324e-09,465.8704535897436,6.63775962204029e-05,2.9574208482699026e-07
2021-12-23,-7.415045966691423e-09,0.00014522655910828472,-3.441880564866436e-08,471.0615902692308,-3.21453259220873e-05,2.459282641104692e-07
2021-12-27,2.5282748985660534e-09,0.00013325304006705962,-8.438103023940107e-10,475.4258258076922,-2.7536103037222846e-05,1.1136898321939605e-07
2021-12-28,-6.774221679504242e-08,0.00026962087585522383,1.3256882819109499e-07,477.2265064615385,5.479905191702221e-05,4.151316750723369e-07
2021-12-29,-2.943118458818847e-08,0.00015367409891078857,-1.842963790974627e-08,477.1320060641027,5.019674743021089e-05,2.1393115072842994e-07
2021-12-30,-1.5971759822849966e-08,0.00015655015259376215,1.1002437835295266e-08,478.0868716794872,3.9598346021342075e-05,1.4501463541007256e-07
2021-12-31,-2.7492174308580047e-08,0.00018168434548934204,-2.6366383932587344e-08,475.8753367820512,8.169282580005651e-05,3.1774330184611486e-07
2022-01-03,-6.163975067337643e-08,0.0002966800357124647,1.0025525520295852e-09,476.25285485897433,8.305058774234705e-05,6.262254633099584e-07
2022-01-04,2.6690495294436714e-08,0.0002090936520851834,-8.644375581608938e-08,477.6369357948717,5.220589449509412e-05,3.2359577518196336e-07
2022-01-05,3.10360950212982e-08,0.0002902378149316522,-1.2103615805981722e-07,475.0761533717948,3.011397821901863e-05,5.227559499500179e-07
2022-01-06,9.720348862185478e-08,0.0004452783884512997,5.4993204054437153e-08,468.8088209871795,-7.536114582514766e-05,9.150469347990276e-07
2022-01-07,5.8762406254915774e-08,0.00033511932621765926,-6.804167839739681e-08,466.9897968846155,6.372513019621108e-05,5.407813633389937e-07
2022-01-10,-1.0016419385229803e-08,0.0005116454944565867,2.628811752057793e-07,460.37016907692305,5.2009309287661444e-05,1.2662037134279546e-06
2022-01-11,1.2257339021591086e-08,0.0003383987459547629,6.35370936717945e-09,466.8882507692308,0.00014895004593263984,7.28152605179725e-07
2022-01-12,6.931830403332129e-08,0.0003179715329277137,-5.3722938214420995e-08,471.0099153333333,0.00015437167220010297,4.440839160183733e-07
2022-01-13,1.7340802045462706e-08,0.0004425788483136343,-7.48220110901648e-08,468.7966741153845,-4.601661162766394e-05,8.168934904956704e-07
2022-01-14,-4.052228605915792e-07,0.0005896895092874785,4.533267017653562e-07,462.4075395,-2.6052038430474325e-05,1.449349954761437e-06
2022-01-18,-3.6038318220482877e-07,0.0004905741929815139,2.826257187343556e-07,457.3492610384616,0.0001118675099680151,1.1483535080495237e-06
2022-01-19,-1.0485627655321886e-08,0.0004899590702097092,2.4210098778034865e-07,456.33642801282065,-5.1584830222645805e-05,1.0936825090569e-06
2022-01-20,8.038939581905572e-08,0.00038005808725124005,-2.7853304307095364e-07,455.3872683717949,0.00011441139041384104,1.2042745480898508e-06
2022-01-21,-2.562505376526802e-07,0.0007131375313095488,3.9020997940190154e-07,442.96067448717946,6.243359019575767e-05,3.0584098567390417e-06
2022-01-24,-4.949434073326856e-07,0.001095857465816725,1.3208811897179036e-06,428.61372761538456,-0.00028584074938033983,8.128798653754903e-06
2022-01-25,6.494262281459941e-08,0.0008193257808896342,-3.7135627914192543e-06,433.22077420512824,-0.0013403299950884241,5.176360565970889e-06
2022-01-26,-9.634805741765594e-07,0.0010252611165062853,1.1216851907234786e-06,439.0786073461538,-0.0004642766415734013,7.032515522969981e-06
2022-01-27,8.392887535070419e-08,0.0006653767799124107,-4.966658761143945e-07,434.94884423076917,0.00024942649386942774,3.84220574709298e-06
2022-01-28,1.836889272042892e-07,0.0006289055487323061,-2.8747104237772935e-07,434.52968370512826,-0.00010471561071292198,3.0796272934510738e-06
2022-01-31,-1.0900245678493367e-07,0.00044458189299888316,1.7746930970481307e-07,446.25490966666666,0.00018489471283399288,1.2619409151636614e-06
2022-02-01,-3.2316846956519063e-07,0.0004755572900680129,3.1676137182366197e-07,450.23928862820514,0.0002203763046670418,1.3932261614741377e-06
2022-02-02,-8.676918392691646e-08,0.000431454325638773,1.4149987697151335e-07,455.7513895897435,0.00010041096595938522,1.0291176866377269e-06
2022-02-03,-8.641665116370442e-08,0.0004315500141531634,2.0544808953849556e-07,450.08518898717944,-9.292639547916696e-05,1.2496373783518453e-06
2022-02-04,-3.447837187026797e-08,0.000532980103112565,-1.9943420379863513e-07,448.45968820512815,-8.088867449569541e-05,1.6413965551052461e-06
2022-02-07,-6.821416795589556e-08,0.0005135584996998533,4.1150007811552435e-07,448.893657448718,8.488485168611018e-05,1.3026111783828808e-06
2022-02-08,-3.978697648740582e-08,0.00037316479140877754,7.820075058503354e-09,449.19715283333335,6.103928959339795e-05,7.882117729674863e-07
2022-02-09,1.6897289509031757e-08,0.00026236200380455377,1.1609480629538356e-08,456.4384541025641,-6.932086758807711e-05,3.832850238072338e-07
2022-02-10,1.022033098422001e-07,0.00048198885612574623,-6.198702194639761e-07,453.2517519743589,-0.00014019336410265383,1.957638464662645e-06
2022-02-11,-3.1471128999321374e-07,0.0006324047409041688,-1.0428929689436704e-07,445.80282469230764,-0.00015120514361669456,2.7241861031137e-06
2022-02-14,-1.4845921879125648e-07,0.0007470446366955954,6.041661620541117e-07,439.0809016538461,-0.0001464432003532002,1.9530878925375387e-06
2022-02-15,2.0486728640699235e-08,0.00038830195401459667,-3.872380009891077e-09,445.0047438589743,0.00016574063109853706,5.802729645340719e-07
2022-02-16,-2.9189307856768542e-09,0.00039843780268110303,-6.105399751630033e-08,444.14138555128204,-2.5758900971392612e-05,8.886109051243713e-07
2022-02-17,3.493796842958587e-08,0.00040964079724701516,7.096600327296165e-08,440.2415758846155,0.00022021665558070777,7.11021125897775e-07
2022-02-18,1.0518601378675348e-07,0.0005536366233650806,-6.1891942243719585e-09,434.83665929487177,0.00013778373198106015,1.7968825290483242e-06
2022-02-22,-9.145899554669379e-08,0.0007232219773374482,3.4028958828270913e-07,430.7214984358974,0.00010841592042493928,2.7083443537442335e-06
2022-02-23,-3.178032355876911e-07,0.0006370847235283682,3.1373610729239494e-07,426.9504987948718,0.00012100187703170421,1.5327307444415804e-06
2022-02-24,-1.2426189825341826e-06,0.0011084353113164625,1.6829048200232065e-06,418.9549035128205,0.00010142996438466108,5.905790091409926e-06
2022-02-25,-1.2423389983553636e-07,0.0005567972535273013,9.381691929904534e-08,435.0017577692309,-0.00013138167010950428,1.8311961560068747e-06
2022-02-28,6.165370141667802e-07,0.00047588425099222737,-5.955632967679599e-07,434.09182887179475,9.088699270470915e-05,2.7047075505356084e-06
2022-03-01,-4.677211709952668e-08,0.0005735591680029795,-2.49290754197355e-07,431.29735460256404,-4.067585737570175e-05,2.3504186528711284e-06
2022-03-02,-1.5753858349988048e-07,0.000549742271774706,3.544663137740078e-07,437.0358420128205,0.00012966666391720077,2.125912188214083e-06
2022-03-03,-3.720240169463264e-07,0.0004978468523274636,1.6510704895004326e-07,437.1183040897436,0.0001213635646731978,1.98084783492469e-06
2022-03-04,-7.745913004483724e-08,0.0005852997884107729,-8.441226418273086e-08,430.45737891025635,-0.00020409949247732266,2.165819429415366e-06
2022-03-07,-3.413575097552834e-07,0.0006060248554546311,3.3333806369643314e-07,424.03211420512827,9.079710736110595e-05,1.6629110733006048e-06
2022-03-08,6.237131701807004e-07,0.0009466246014796568,3.3000096677461663e-07,420.2316153717949,-0.0003201169518426732,5.954107763531058e-06
2022-03-09,-2.627123243663342e-07,0.0005110126206601423,1.8946823612578995e-07,426.95533076923067,-0.00016142851476876573,1.2348559820089572e-06
2022-03-10,-4.2752362551118753e-07,0.0005259795072179006,4.3328837267719057e-07,423.1318303717948,-3.696473262193668e-05,1.912182491950532e-06
2022-03-11,-7.230381975509065e-08,0.000441860448357869,1.543565284259724e-07,424.39162334615384,0.00014380459132392657,1.2173446894439653e-06
2022-03-14,-2.832067429255205e-08,0.000535602251999886,4.136696820540824e-08,419.2969175512821,0.0002860764899559203,1.4846660953162735e-06
2022-03-15,7.751736440161836e-08,0.0004331005625266036,-1.8086133141855448e-07,422.8966024358975,0.00013908761737006024,1.500658459200127e-06
2022-03-16,2.83547377786526e-07,0.000561991808897412,-4.593858297005376e-07,431.6606342692308,-6.95771978971377e-05,3.1482525839110916e-06
2022-03-17,-1.3641996977285265e-07,0.00044051333849161756,1.7877884143237328e-07,437.3680234615384,-0.00013004994801181152,1.0421837543521066e-06
2022-03-18,-1.2776965074066082e-07,0.0003541385874535679,4.078391468142494e-08,441.1704143974358,-8.485913192645438e-05,6.119276260001781e-07
2022-03-21,1.3867791670166765e-07,0.0004471644370337842,-9.561635512204903e-08,443.5912012820513,0.00010445240656262078,1.5335177333885487e-06
2022-03-22,-5.814915395921287e-08,0.0003257995987980568,9.470357711242552e-08,448.83112380769234,5.0485053141069706e-05,5.077997103622952e-07
2022-03-23,-6.807191258073945e-08,0.0002970445173294883,-2.338639341694744e-08,446.40444892307687,-0.0001101849165664688,7.20799568647046e-07
2022-03-24,-1.1591652907125189e-07,0.00029936942924902447,3.660707747531709e-08,447.68762591025643,-6.947642390859655e-05,6.102519329696692e-07
2022-03-25,5.680223106969577e-08,0.0003355299028692657,-7.015782149098365e-08,450.8274848333334,-0.00013196766274631261,8.716445329511211e-07
2022-03-28,-9.167912446947461e-08,0.0003462441484774311,1.0530834774858144e-07,452.56764723076924,7.2586509109856606e-06,5.802148723453328e-07
2022-03-29,3.396528455594799e-08,0.000296208245881015,-5.8193309293027064e-08,459.35012224358974,-6.219571421315977e-05,5.785318061271532e-07
2022-03-30,-1.5060451875605562e-07,0.00028111948880811045,6.154870031234226e-08,459.22227779487173,-0.00013301922875191588,5.635574766048708e-07
2022-03-31,8.968131558100731e-09,0.00031676748430567485,-6.976628172657391e-08,456.82530630769224,6.599127839614809e-05,6.636977861569975e-07
2022-04-01,2.4142855852727666e-08,0.00033644426259896507,-2.889879518266084e-08,451.1762224871795,-8.725816916756854e-05,8.391533995315119e-07
2022-04-04,9.94735601420511e-09,0.0002376755534146826,-4.287503380030806e-09,455.2096278717948,-7.19393857507763e-05,2.7564208450586474e-07
2022-04-05,-1.3114136430192693e-07,0.00031163851633892825,9.078554241701684e-08,453.6281964358973,4.853977709294639e-05,9.951515178109242e-07
2022-04-06,-1.1168355402342927e-07,0.0004238443295294761,1.7100993947947873e-07,445.7644362948717,-0.00011389225291623644,1.7326622184179071e-06
2022-04-07,7.949378242338222e-08,0.00035965934640802067,-2.275949507825469e-07,446.39010769230765,-0.0002252206240807963,9.181142672831333e-07
2022-04-08,6.953712811460946e-08,0.00040643502644634026,-4.8849634253907284e-08,448.6667369871795,8.450307229353868e-05,8.098224807052784e-07
2022-04-11,-8.81287409288291e-08,0.0003631079752164094,8.45278531581167e-08,442.1274554102564,6.661415236733482e-05,5.070698361670752e-07
2022-04-12,8.22361858061323e-08,0.00035096680481645456,-1.9435431717612754e-07,441.4370636410256,-9.600022294851339e-05,9.211102484910341e-07
2022-04-13,-5.38235128109787e-08,0.0002490155144211227,1.4208499871056232e-08,441.5657128974359,-4.363611898685379e-05,5.055582183853047e-07
2022-04-14,-6.253593572269379e-08,0.0003161395167938895,5.235711780688999e-08,440.66638250000005,-6.18841025124329e-05,8.729797930854727e-07
2022-04-18,-2.4953763841419458e-08,0.00036465964829347845,-6.311645223746919e-08,437.798724397436,-0.00019720497074125778,1.067380070989664e-06
2022-04-19,-3.416647860072217e-08,0.00028989806719525535,7.177265633161473e-09,443.2508708461538,-0.00010232605930181886,6.548947347814729e-07
2022-04-20,3.5158005312737906e-08,0.0002496421710373376,-1.305878353931594e-07,445.7103371794872,-0.00010378784589270244,8.154677182438181e-07
2022-04-21,-2.585648202926529e-07,0.0003988032366354071,3.4307119334139774e-07,443.6935928846154,0.000210631351339516,1.2620272751314107e-06
2022-04-22,1.5402721299000007e-07,0.0004201420525227289,-1.8142082308522357e-07,430.77040955128206,-9.88303799573609e-05,1.9240959260079322e-06
2022-04-25,-1.8977500852908194e-07,0.0008028579518809759,5.027117527648724e-07,422.95408626923074,-0.00021119993663380661,2.9583178706723497e-06
2022-04-26,-1.9785686727455863e-07,0.0006199615268182336,2.4562539906245015e-07,420.57913243589735,0.0002108132445893228,1.8688171174674029e-06
2022-04-27,2.885612641834858e-07,0.0006976316957233503,-6.357970781209591e-07,419.7161461538462,0.00021488717571978286,2.8693151081923103e-06
2022-04-28,1.3014592979541792e-07,0.0005660650391106954,1.192372762401731e-08,424.00210875641017,-0.00030907897413387714,1.5492882254321118e-06
2022-04-29,1.6904019790304398e-08,0.0005306746268584574,-2.0992953344598225e-07,418.7912248589743,-0.00010236471087467438,1.9690990509275753e-06
2022-05-02,-3.194485767459263e-08,0.0009118720649102935,6.397292980416043e-08,410.37980014102567,-8.578881224523773e-05,4.324551560994447e-06
2022-05-03,-1.911785692090156e-07,0.0007371885441359858,3.2972448855292754e-07,416.5507987820513,-8.398898120999984e-05,2.3823202129137407e-06
2022-05-04,2.904369429230599e-08,0.0006327087279416943,-2.9807477026791823e-07,418.20922724358974,-0.00040510580331552494,4.269129087872866e-06
2022-05-05,1.2046603744040591e-08,0.0007535597445081476,4.0285352720328253e-07,414.7754883333333,3.816628796801816e-05,4.1773284946444574e-06
2022-05-06,6.941669247014814e-07,0.0009657997576058607,-8.538558518541124e-07,410.43939274358974,-0.00034778101819743116,5.241211503201741e-06
2022-05-09,-6.847495980946915e-07,0.0009180394682756893,1.108723769465032e-06,401.443522051282,0.00014039023478074804,3.62324341671314e-06
2022-05-10,-1.6015399449089797e-07,0.0009855136153176318,8.169662980023932e-07,399.7855188717949,-0.00021955470762560861,4.296606927017254e-06
2022-05-11,-3.5895354561311793e-07,0.0010347920699565812,5.623429248450546e-07,398.23936802564106,9.72367626047854e-05,5.278109554861653e-06
2022-05-12,-1.2600698071930512e-07,0.0010765986421940963,2.4761742007545894e-07,389.62815806410254,0.0001640752070283838,5.314761060871205e-06
2022-05-13,-4.249611309784768e-07,0.0005394983668642427,3.5617426634568416e-07,400.56432941025645,0.0001668630091676761,2.3503523701199252e-06
2022-05-16,-1.244370630781497e-07,0.0006937420436674987,1.7059374948737353e-07,400.81596833333333,0.00012621705064050075,2.065759320971504e-06
2022-05-17,-1.3667266813112068e-07,0.00045197480066624257,1.1066407254210438e-07,405.8938585641025,-6.303152895851516e-05,1.6761080497028853e-06
2022-05-18,-7.911180430930339e-08,0.0006993466697035214,2.5496732049961453e-07,396.0684797948718,0.00028075368258537805,1.8525017300344651e-06
2022-05-19,-2.5696592851470174e-07,0.0009577272161256013,4.344169637841028e-09,390.46587307692306,0.00039861579741146895,4.18726143884512e-06
2022-05-20,2.9245947706551574e-07,0.0007453205340823136,-5.367404088665321e-07,385.83277883333335,0.00013374962628469347,3.29484053548362e-06
2022-05-23,-1.1456340218326606e-08,0.0006599120729775565,-3.423357840788859e-08,395.554188974359,-0.0001454295372755312,2.137116499120607e-06
2022-05-24,-8.897563653567039e-08,0.000703505925484893,-3.034610847934426e-07,390.4824249615385,0.00017071145394134915,2.7590450200867425e-06
2022-05-25,-2.0096808189459496e-07,0.0006387201516634204,1.9146079418742279e-07,395.64468406410253,-8.795149878753506e-05,1.7941474626282106e-06
2022-05-26,4.066895683461745e-08,0.0003964606615061485,-1.5986022857214948e-07,404.87765146153845,0.00012705590970364604,7.588346632614611e-07
2022-05-27,-6.657632438931785e-08,0.00030469311815454786,-4.422105059032929e-08,412.3139796410257,-0.0001253063721414774,5.903071909922994e-07
2022-05-31,1.3033611742323556e-07,0.0005039774552380262,-7.863236595113453e-08,413.6208937564102,-0.00014203903499765338,1.7583470030939572e-06
2022-06-01,1.3046243219333953e-07,0.000534698031443041,-1.1389589744000438e-08,410.27062434615385,7.947472789569591e-05,1.7631458276750848e-06
2022-06-02,-1.1676773195195793e-07,0.0004991242454777333,2.5916047854248303e-07,413.01156644871793,0.0001349263416240831,1.500566326025733e-06
2022-06-03,-1.2015693386298488e-07,0.0005432746238220105,2.6932748310016717e-07,411.30918056410246,-0.0002135450123985891,1.4763318321003057e-06
2022-06-06,8.202057287635891e-08,0.00043756755991818656,-2.1846323029195016e-07,413.12949537179486,7.375785083113728e-05,1.151934285932872e-06
2022-06-07,2.7216556749360193e-07,0.00036567436792996847,-3.170420730277669e-07,412.7058155512821,-0.00016531019698903774,7.894277127276049e-07
2022-06-08,-1.0490418346978283e-07,0.00042815394412063694,1.130252220402927e-07,413.08008078205125,-2.9977040451887873e-05,1.432778889729526e-06
2022-06-09,8.35356300747648e-08,0.000476108279517266,-1.6411000834745014e-07,408.51529505128207,-0.0001529988999220955,1.7330356320151353e-06
2022-06-10,-2.3198591929337044e-07,0.0005256955387956117,2.06016574732284e-07,391.5450669358975,0.00017517445694568772,2.2481456258595054e-06
2022-06-13,5.056370035521313e-07,0.0007144536358046188,-7.969834057236804e-07,377.7613176153846,-0.0001541940718039119,2.5185083276989885e-06
2022-06-14,-7.338864995799003e-08,0.0006287931925779875,-1.824355633069353e-07,374.05210356410254,-0.00020137977139939207,3.0619302007120804e-06
2022-06-15,7.419854945723203e-07,0.0007074043783822294,-1.3940362745139442e-06,377.8045625641026,0.0003650466762158493,7.18633121801838e-06
2022-06-16,-2.5158792681496765e-07,0.0007346797865949165,4.842591113340553e-07,367.04659552564107,0.0003648765882545226,2.858074745613305e-06
2022-06-17,-8.25810450376223e-08,0.0007054776558852893,4.670139569291531e-08,366.4835665384615,7.869341492981425e-05,3.0506685632925583e-06
2022-06-21,-1.1993369190081537e-07,0.000486060933097846,1.9453082342323214e-07,375.17950506410256,0.000242287629595916,7.942429122204923e-07
2022-06-22,1.2269774256294572e-08,0.0005104658854850128,2.6235109349684333e-07,376.07193143589745,0.00013119155019789163,2.01370066675697e-06
2022-06-23,-1.645694786457347e-07,0.0005905108131280745,8.214580576208427e-08,375.77457088461534,0.00011784220034472924,1.7852392456951085e-06
2022-06-24,4.2716357965614365e-08,0.00037692209378866186,4.5470733697744854e-08,386.911660948718,-8.955029705394145e-06,1.08488880985108e-06
2022-06-27,-2.957509235029276e-07,0.0005087518079247697,1.1263876206530181e-07,389.21152580769234,-0.00011292050503744137,1.4797286695867856e-06
2022-06-28,1.1934135785284189e-08,0.0005046263739416052,-3.6636262863431573e-08,384.9889177179487,0.0001727590875088239,1.4397095599991573e-06
2022-06-29,-1.300532722406513e-07,0.0005690355528502901,4.464234820219074e-09,380.26874511538466,0.00013424707416566947,1.84647409249003e-06
2022-06-30,-3.349661789007066e-07,0.0005726513260525041,2.8901015485697367e-07,377.1191307435897,0.00029360649901194886,3.305476986962331e-06
2022-07-01,-6.713820050443706e-08,0.0005359645281627031,8.79759836562876e-08,377.4810649615385,-4.49289523826585e-05,2.2556053201694242e-06
2022-07-05,-4.760455503579876e-07,0.0007537566666729449,4.300684662720635e-07,376.72949720512827,0.0001340597055293291,2.0100575059166103e-06
2022-07-06,-5.619946075513717e-07,0.0006573281392398215,4.933012746933582e-07,382.0049225897436,-0.00028414117112092176,2.3537043699266283e-06
2022-07-07,-4.2920286673512837e-08,0.0003668163223576441,4.520904271379342e-08,387.9532935384615,0.00010978299266245205,4.272156101400181e-07
2022-07-08,6.438303893125618e-08,0.00045416563110024815,-2.9423651105934682e-08,388.77238882051284,-6.91461442270479e-05,1.2299118863291547e-06
2022-07-11,1.4187311375157567e-08,0.00038402967632640973,-9.007380888611848e-08,384.92491573076927,6.031762008101484e-05,7.585958745559241e-07
2022-07-12,3.726965386980656e-08,0.0004008134805828443,-6.74650399206796e-08,383.5448314487179,-0.00010116598987149692,1.369358723769198e-06
2022-07-13,-4.956213761541137e-07,0.0006359823589163225,1.0191933911668858e-06,379.42620446153836,-7.643712339176875e-05,2.8680543779500933e-06
2022-07-14,-1.4814563399452277e-07,0.0005644124314704727,-5.5889248598967707e-08,374.8847467307692,0.000180493157885233,1.5976965749686023e-06
2022-07-15,8.047781249413219e-08,0.00035760288064204854,-1.824978030434897e-07,383.8911034615385,0.00038019982502829184,7.993681527654815e-07
2022-07-18,-8.834900145894117e-08,0.0003238454252446386,-3.96718270791617e-08,386.2986700128204,-9.003999672290076e-05,8.36891103428461e-07
2022-07-19,-4.212705457301291e-08,0.0002705129364264591,-5.7119971854280775e-08,389.90248675641027,6.707888495078078e-05,6.341602019736576e-07
2022-07-20,5.60156213646165e-08,0.00045331489750236124,-1.409066762765505e-07,394.35419126923074,8.408283935200969e-05,1.3850818453200264e-06
2022-07-21,-2.0722555514965133e-07,0.0004989056150408548,3.558062593870355e-07,395.9408521923076,0.00011681321859006348,1.6232209718522868e-06
2022-07-22,-1.6286533087556907e-07,0.0004346932602516385,1.5878305613460578e-07,395.699102051282,0.00010082712748588505,1.3073344687955872e-06
2022-07-25,-7.798257292502397e-08,0.00031388776668051134,-6.111954342122946e-08,394.99108364102557,0.00016545653853213539,7.766806708915408e-07
2022-07-26,-1.6799926850003223e-07,0.00037528538311412267,1.399230561339009e-07,391.59372760256406,3.147969618539931e-05,6.657858038233959e-07
2022-07-27,-2.3838193154751763e-07,0.0005141681161273628,3.1860591600011364e-07,397.17247546153845,0.0001301124904656748,1.7617178903219018e-06
2022-07-28,1.1876600001058873e-07,0.00039750002939145873,-2.8705442562739093e-07,403.7480882307694,-0.00014664836479340445,9.99827718964856e-07
2022-07-29,7.578697028763972e-08,0.00032943617115983447,-1.2648656812594788e-07,410.4074725897435,-9.320855461909443e-05,5.998623254689799e-07
2022-08-01,-8.025912653416056e-08,0.0003714098852945759,3.159462706274792e-08,411.28285719230774,0.00011386277746688291,1.3430308331215514e-06
2022-08-02,-1.256806190504527e-08,0.0004926655016281125,9.36750477501782e-08,410.1490946794873,-4.5158133925663105e-05,1.13596862225813e-06
2022-08-03,-1.3889316321467516e-07,0.00031790981497090994,-3.047388855199449e-08,413.48519535897435,-6.21563867719811e-05,6.844588593302618e-07
2022-08-04,-5.710707074570474e-08,0.00031942404296180497,6.167925755393061e-08,413.99272347435897,-9.02018850095059e-05,6.898979096317572e-07
2022-08-05,-1.9101745262178293e-08,0.0003179800784905425,-8.90484595981399e-08,412.27198348717957,-0.00016049206792117181,7.175217626107403e-07
2022-08-08,-5.447712951124791e-08,0.00036603115083838676,5.0098182916442104e-08,414.3365837692308,0.00012540868397178934,8.944125616424608e-07
2022-08-09,5.7325888620944975e-08,0.00034624456836912537,3.3036264478616895e-09,411.19660858974356,-5.64473663261201e-05,5.191634811736509e-07
2022-08-10,-1.3312523264979848e-08,0.0002673957041578864,-2.6827899302740188e-08,418.9729398589743,-8.234481160695547e-05,5.498283983926984e-07
2022-08-11,-3.9937941979311774e-08,0.00032629673260419444,1.1672620332228266e-07,421.88862639743587,0.0001020318861710155,6.853883255375408e-07
2022-08-12,-9.705113599585472e-08,0.0002810482008392897,9.084876296984196e-08,424.16242855128206,9.86413525458046e-05,3.603014839809573e-07
2022-08-15,2.2969136111322168e-08,0.00019815920966382889,-4.511964572054306e-08,427.74376493589745,3.876240461154174e-05,3.6577227091798477e-07
2022-08-16,1.1538431200696735e-07,0.00022329896042160312,-7.922177698370661e-08,429.4185633717949,-6.0765025715221475e-05,5.898202555918366e-07
2022-08-17,2.282368684625383e-08,0.00032304213857980367,-1.621980572609008e-07,426.65667641025635,-0.00012449080131219324,7.21410426374384e-07
2022-08-18,-9.214549296394771e-08,0.0003344094873332481,1.4228793314416745e-07,427.11004830769235,7.751412680899404e-05,4.7522342226395724e-07
2022-08-19,5.1525378614304293e-08,0.0002833958044610898,-6.166623297458418e-08,422.68694197435894,9.056892598832349e-05,3.7474556631157514e-07
2022-08-22,-1.5024697151879866e-07,0.0002903248960297534,1.3546946782267888e-07,414.4679239358974,0.00012146075086863165,5.230832024123858e-07
2022-08-23,-1.1537537008936987e-07,0.00041237027155471774,1.9403331386216265e-07,413.0960539871795,-3.640178536901154e-05,1.031086256032766e-06
2022-08-24,6.931299320173012e-08,0.00027631552478557113,-1.629397442865511e-08,413.4466395769231,5.889704371503249e-05,4.1761631122348315e-07
2022-08-25,9.720026460408815e-08,0.00023254930564795071,-1.0815254860711018e-07,416.3973766666666,6.510321782986342e-05,5.753370878517386e-07
2022-08-26,-1.1932203508717415e-06,0.0005673021954552378,1.137596790479923e-06,410.84665338461537,-0.0001280918193548801,3.7332383683477324e-06
2022-08-29,8.126950406217984e-09,0.0003552268876732832,-5.908929041790396e-08,403.74936842307693,1.910412883096363e-05,1.2069794691692594e-06
2022-08-30,-2.677935641269296e-07,0.0005802714311444278,1.389485846971215e-07,398.5491445769231,-0.00011853640712231795,1.9125068730490705e-06
2022-08-31,3.0359807635145626e-07,0.0004526143768161298,-4.352012153680461e-07,397.65176344871793,-9.462295525885215e-05,1.3280654075483838e-06
2022-09-01,2.0210972566071731e-07,0.00040063008234563836,-9.35655991201975e-08,392.4226143589743,0.00010432810747886684,1.6753413524857032e-06
2022-09-02,1.2902665842832964e-07,0.00047918079063724654,-8.435237761370476e-08,396.60403317948715,4.8391782962882854e-05,2.0112614800583404e-06
2022-09-06,-1.996894026160255e-07,0.0006159942680493946,2.791892215511597e-07,391.1964040128205,-0.00013961552480988253,2.1857134684600895e-06
2022-09-07,-3.650159371611665e-08,0.00045651761947671985,-1.1732857811551869e-07,394.91883333333334,0.00014808473392359045,9.271737033037855e-07
2022-09-08,1.9345445495902535e-07,0.0004962839520750425,-2.2666698783918387e-07,398.5516993846154,-5.714733598788502e-05,2.1332528889537567e-06
2022-09-09,-4.5526834927420306e-08,0.0003958195449272239,1.1625097544904199e-07,405.8205150769231,-6.395269813891879e-05,5.816270970846409e-07
2022-09-12,2.237245106230977e-08,0.0003234397547548719,7.032147687647288e-08,410.3371905897436,-9.128719800537613e-05,6.407699477253902e-07
2022-09-13,3.587209060695136e-08,0.0004796568777509241,-1.6261661895735938e-07,397.99670361538455,0.0001931849872511255,8.548411025119933e-07
2022-09-14,2.253847399074544e-09,0.0005876042978690828,2.4375787309741114e-07,394.0778213333333,-0.00012217438071504146,1.6949329765818062e-06
2022-09-15,3.458819479725098e-07,0.0004443556246412087,-3.360641740243216e-07,392.09120364102563,0.00012698646402833303,1.6487692147078194e-06
2022-09-16,-2.1324330513705368e-07,0.0006017335544581711,5.087206281746061e-07,383.83506025641026,-6.381679416616354e-05,1.5767413553266621e-06
2022-09-19,-1.5155575735388622e-08,0.00039664863935491936,-1.1472596514139359e-07,385.73079852564103,6.556845321073647e-05,9.901578943856831e-07
2022-09-20,9.939582265467199e-08,0.0004081075875716941,-2.1969809013095873e-07,383.83425808974357,-0.00010480086687220615,1.0539634352903284e-06
2022-09-21,-2.817158161872382e-06,0.0007033328145126631,3.3193778280217226e-06,385.213820948718,0.0006571085630334151,8.603467261197185e-06
2022-09-22,-1.5970578793233524e-07,0.0005417904780435209,1.699523771916901e-07,375.0628606282051,-0.00013017225497146878,2.1551065210413917e-06
2022-09-23,-1.5763859601487413e-08,0.0006309415431310886,-1.8527320785959106e-07,366.63856660256414,0.0001257584046169989,1.7118115873050118e-06
2022-09-26,-3.1440852092567307e-07,0.0006877903036098083,3.755603159669892e-07,365.98852532051285,8.198839987717146e-05,2.5468013872200324e-06
2022-09-27,-1.234580037563168e-07,0.000716286746778704,4.0343278570771085e-07,364.3796565641027,-8.165347573262063e-05,2.7408402444249217e-06
2022-09-28,-1.0859038467447891e-07,0.0005594915633028129,8.893535179995078e-08,368.1594585769231,5.280030911154488e-05,1.6992799280051193e-06
2022-09-29,1.1415248646836476e-07,0.0005809177822566744,5.4525502054655965e-09,362.17137329487184,0.00015422791749266425,2.1285495427299035e-06
2022-09-30,1.2194672838465086e-07,0.000627018517104697,-2.0697151677769316e-07,362.0843222948718,-0.00023246735841003614,1.9957972887065736e-06
2022-10-03,-3.008185072335881e-09,0.00035636396919712165,-2.3703769750857814e-07,365.11256867948714,-4.831742297522586e-05,1.3473041150940024e-06
2022-10-04,6.238202836818029e-08,0.0003960586578668597,-2.426091567303986e-07,376.39099388461534,-6.604549526514698e-05,1.0715011763637133e-06
2022-10-05,-1.2450068566311685e-07,0.0005380623715024559,2.786954788904467e-07,375.03486470512826,0.00016833860813890783,1.7809150973648692e-06
2022-10-06,5.3755144746982964e-08,0.00044416329648958367,2.189836871223567e-09,374.99475280769235,0.00011302572104243154,1.972292636558326e-06
2022-10-07,1.9104358143275618e-08,0.00047089554408968675,5.396393421226055e-08,364.4081791794871,4.6289403330232104e-05,1.297302403953457e-06
2022-10-10,1.8842894954996797e-08,0.000553002046993064,1.3107305174393313e-07,360.5415629102564,-0.00017645797576954102,2.181103148329331e-06
2022-10-11,2.844699625508117e-07,0.0006833414632083103,-2.1629323636822378e-07,359.4989552948718,-0.00042994487790030917,2.0521830489004294e-06
2022-10-12,1.636353609347831e-08,0.0005300130529040562,4.763373874128688e-07,358.2367712692308,0.0002799631940698414,1.5705060913995224e-06
2022-10-13,3.707482521281752e-07,0.0007172876324991025,-1.1755884581007174e-06,361.1449478589743,-7.425327256734764e-06,4.358232813101801e-06
2022-10-14,-6.248594604258698e-07,0.0007894695273365641,7.530840542247855e-07,360.4566958333333,0.0002795473722389919,4.3286000423210825e-06
2022-10-17,-1.70144958212539e-07,0.0004789463982181307,1.2413678071335653e-08,366.70222855128213,-5.7360227407938366e-05,1.4624709677332997e-06
2022-10-18,3.736524163863933e-07,0.0005147433069014489,-9.072505927238837e-08,370.88464657692305,-0.00019758270117596264,2.3745826334237868e-06
2022-10-19,4.0163549939925224e-08,0.0005772878384983499,-4.340940271957926e-08,368.4711279358974,2.36884613090813e-05,1.640138403709387e-06
2022-10-20,-1.1258313348926515e-07,0.000543658232447813,3.2620531682249865e-07,368.0910897692308,-8.46900613861932e-05,2.0739365212764216e-06
2022-10-21,1.3641839354890612e-07,0.0007371481901813831,-3.972800909697549e-07,370.5412882435897,-0.00014683370570836509,2.2379913741591065e-06
2022-10-24,-2.0247397633007504e-07,0.0005920822173897633,5.720046868157487e-07,377.4289159102565,0.00012792810798346342,2.5249833719210423e-06
2022-10-25,7.510907158795516e-08,0.0003489531681232106,-8.581857342517545e-08,383.22964620512823,4.794627011725866e-05,8.818358880409906e-07
2022-10-26,-2.562679783892246e-07,0.00048216487923883174,6.061751538266921e-07,384.2332096923077,-0.00018976218339247607,1.4980277691104496e-06
2022-10-27,-1.3788632603435333e-08,0.0005104021188987422,4.687528007898636e-08,381.61131556410254,0.00016787846112213963,1.8404559909628243e-06
2022-10-28,9.586565126236405e-08,0.0003381931666090269,-4.3049600701538955e-07,386.4547365641025,8.799450000143362e-05,5.524567625180763e-07
2022-10-31,-5.748438564808881e-08,0.00041048776865218543,1.04473722499601e-07,386.72839470512827,0.0002561142474067321,1.1401785187877581e-06
2022-11-01,1.8440093367856983e-07,0.0004787029337541682,-7.675360052657602e-08,385.1469517820513,0.00020520115087632125,1.2316002353453378e-06
2022-11-02,5.365728707943228e-07,0.0006533177159281799,-7.845574663709208e-07,382.2575307179487,-0.00015401078075914177,4.8674579080162094e-06
2022-11-03,-1.2962797975829159e-07,0.0003785914392045801,5.815598071150995e-09,372.43488565384615,8.618062524179145e-05,1.7517754073866269e-06
2022-11-04,-3.691749386289982e-08,0.0007520199731521956,4.4347921928443993e-07,373.6032890000001,0.0002598350572010487,3.812797523802635e-06
2022-11-07,-1.3429241616570469e-08,0.00042866332997557657,-8.830116114366548e-08,377.9244141282051,-0.0002025444592714167,8.694379493963012e-07
2022-11-08,4.697007368484919e-07,0.00030254840358127775,-7.761180457643659e-07,382.4517574615385,-0.00013862294266377687,1.640367083210983e-06
2022-11-09,1.8864648701712885e-08,0.00048965588265966,-3.842253779961967e-08,377.58887176923076,0.00014868024941101405,1.42220655174238e-06
2022-11-10,-7.36451407937849e-08,0.0005060171659587606,3.45457051750488e-07,390.8405196666667,0.0005491115792586093,1.5742443581199922e-06
2022-11-11,3.169124345302844e-08,0.0004048858267555512,-2.467668988686186e-07,396.85073566666665,-0.0001156078452963335,1.1414020921125518e-06
2022-11-14,7.414111602636338e-08,0.0003416208217187947,-2.8856037552977307e-07,398.3368674358975,-1.8030913735357097e-05,9.795033613184608e-07
2022-11-15,-1.222558628664452e-07,0.0007222099647213946,1.6520487469097475e-07,399.40910252564106,-0.00025238245396542173,2.481247895662953e-06
2022-11-16,-6.641560476653113e-08,0.000374572816440426,1.1265384900272723e-07,396.06271824358976,0.0001219377793086405,6.337133352311159e-07
2022-11-17,1.519090053700771e-08,0.00037487266422004187,-3.220813634121563e-08,392.5979906923077,-0.00010477529886150362,9.047041441348354e-07
2022-11-18,-6.494959474527699e-08,0.0003255505154221026,2.1969467359506562e-07,394.8222600769231,0.00018385356652586535,1.1025915991571445e-06
2022-11-21,-4.5878133139216206e-08,0.0003432294141667114,4.749299733219058e-08,394.4032235897436,8.894570116499698e-06,5.36599749430393e-07
2022-11-22,-2.9081865003564416e-08,0.0002718829564268791,4.2577678070264224e-09,397.86427847435897,-6.232255183442697e-05,3.044209530638675e-07
2022-11-23,-3.681140680152594e-08,0.0002925115020165276,-2.9054593024753575e-08,401.4768538717949,0.00017073807042354403,7.561006313016633e-07
2022-11-28,-6.980631772694621e-09,0.0002740653089548943,-3.748529429995811e-08,397.81753764102564,-4.8211923300187244e-05,3.83870787722213e-07
2022-11-29,-2.5527476232101044e-08,0.00040716558872268396,1.1960718122197183e-07,395.0499599230769,0.00010911923661538622,7.646450500267761e-07
2022-11-30,2.29066290748983e-07,0.0004047337653184741,-2.902948665213985e-07,397.7945712435898,-0.00018169455288239447,1.7740537041629557e-06
2022-12-01,2.097317898838921e-07,0.00042965889654002833,-8.718906911219381e-08,407.13895662820516,1.667216790979585e-05,1.0951576803020464e-06
2022-12-02,7.355528654674155e-08,9.332222392502011e-05,8.502861155050437e-08,405.1107909565219,0.0002916512452349268,8.764380725099556e-07
2022-12-05,2.8912556553874113e-08,0.0002851670090673442,-1.800912526652827e-07,401.0590006025641,-0.00012936073351856392,5.838291312291824e-07
2022-12-06,-4.3720895388622734e-08,0.00038792116706030456,-1.8477862893545645e-08,394.46457764102564,-0.00010642545074649254,8.538574575815542e-07
2022-12-07,1.3754805984541076e-07,0.0003640996704200719,-3.375419401112945e-07,393.4700433974359,-0.00017726232650479176,1.1158290618845428e-06
2022-12-08,8.417486540869766e-08,0.0003991886912986273,-1.0770618025998037e-07,395.87303343589747,-0.00013895930149087127,8.510748905305064e-07
2022-12-09,1.0313741028618481e-07,0.0003830755136146573,-1.3195859596170777e-07,396.0563814615384,3.6346821339740815e-05,6.788776857424382e-07
2022-12-12,-1.0461663279081352e-07,0.0002830744635604929,7.073368942658555e-08,395.6359522307692,-7.635463975867125e-05,5.244593977516215e-07
2022-12-13,-5.443663259559176e-07,0.00065414445768422,6.018395614602798e-07,403.0503789230769,-7.129632712135189e-05,3.563314178628722e-06
2022-12-14,-2.4909105447249994e-07,0.0006605466724228712,5.279671487953609e-07,402.7656722435898,-0.0003172041593837562,4.8897356550525205e-06
2022-12-15,1.3120331860804808e-07,0.000368239216335423,5.741294538085791e-08,389.89379448717943,9.272604361243412e-05,1.3032219374027035e-06
2022-12-16,7.971243083165536e-08,0.0004506005019010529,5.6893555394527916e-08,382.7168820897435,-8.122243010112074e-05,1.3547092526216189e-06
2022-12-19,-3.190102592957124e-08,0.0004225151027606504,1.6829204642002288e-07,380.8296774102564,-8.504613381413688e-05,8.372517648276415e-07
2022-12-20,1.0981334013470104e-07,0.0003810431226192068,-2.8482526069542236e-07,380.7712479871795,-0.00010217141002855243,9.299203697053559e-07
2022-12-21,-4.249334392346164e-08,0.00038379748378452656,1.0145068231428317e-07,385.87858967948716,8.070172826785683e-05,7.133892614640318e-07
2022-12-22,3.876260161441074e-08,0.000437915926144525,-5.350145696615447e-08,378.2612326923077,0.00015572254296153734,1.1287596021283917e-06
2022-12-23,-1.5668817766809108e-07,0.0004806508545578402,2.3699188821569837e-07,381.48404192307686,-7.765812312975414e-05,1.4025619401042612e-06
2022-12-27,5.050979400478228e-08,0.0003817831315837711,-9.522181153843983e-08,381.8505834102564,7.740615294479958e-05,6.06168835759802e-07
2022-12-28,-1.4537296597457948e-07,0.000388461439351095,8.11358419875662e-08,379.1207583589744,8.509536082116301e-05,8.912783951815066e-07
2022-12-29,2.6243956984420486e-08,0.000279275222021636,-1.1454224791238336e-07,383.25543007692306,-0.00018679113876634906,3.843918937294622e-07
2022-12-30,1.2444893449930469e-08,0.00031281575761417645,1.2020028302108072e-07,380.23833003846147,-5.320563512001941e-05,1.133480219892589e-06
2023-01-03,1.8120470141110311e-07,0.0005055535751686411,-3.460649930730992e-07,380.14025717948726,0.00023929497645704717,1.913652654672584e-06
2023-01-04,3.67663065647813e-07,0.0004946277022891158,-4.5223899406197013e-07,383.522888448718,0.00017835116199489212,1.944595277460166e-06
2023-01-05,-5.828281674562501e-08,0.000463902141674943,-7.794947390482102e-08,380.0245082820512,8.811726027494702e-05,1.1257032388902288e-06
2023-01-06,1.2245195075816643e-07,0.00043010473671062436,3.013266289247908e-07,385.9302418205128,-0.0001321764502094403,1.5625932994623227e-06
2023-01-09,4.24347038727995e-08,0.000359378763158745,-7.662787725920367e-08,391.2853975769231,0.00012202518368476,7.281979266652738e-07
2023-01-10,-3.481787276226412e-08,0.0003934838259599008,-5.7216556219948e-08,388.82396632051274,-0.00015956304280716614,9.409422261500799e-07
2023-01-11,-1.16128758980042e-08,0.0002168648744813503,-6.958888887649333e-08,393.3389809487179,6.12640608364146e-05,4.231204846390298e-07
2023-01-12,4.0560980263199814e-08,0.0003999667198154073,-2.067586279100753e-07,396.57330078205126,-0.0003408239223812531,1.8580186490203949e-06
2023-01-13,-3.625820344031612e-08,0.000360333321877545,1.0746282528839528e-07,396.61150289743597,0.00010900022609725391,4.459149194906212e-07
2023-01-17,1.0589369215464395e-08,0.00027800191665021173,-4.335473313446683e-08,398.2927104230769,-7.185585055331738e-05,4.7517698085608747e-07
2023-01-18,-1.055722114994758e-08,0.00033737274761360753,-8.004550787032273e-08,394.8413660128205,0.00014771568198952893,5.581148733887936e-07
2023-01-19,-1.1049008135106417e-07,0.00038441013987432226,5.09372996794356e-08,389.1562295641026,8.304761354097454e-05,7.650602451324315e-07
2023-01-20,-6.549631096482873e-08,0.00022212029279708513,-1.2202153963401377e-08,392.3953129230769,-3.708045980661561e-05,5.491940925378349e-07
2023-01-23,9.783362760466868e-08,0.0002357964152146135,-1.0405788660526236e-07,400.3851058974359,0.0001236182749549114,7.88721703211054e-07
2023-01-24,-7.963286480421106e-08,0.0003091034748781887,5.655733752926541e-08,400.03279373076924,4.290394662690468e-05,8.509263894051045e-07
2023-01-25,2.4693081546313726e-08,0.00031023289374307935,-1.3145043238968482e-07,397.4424281666666,-5.542699968811724e-05,8.020492392861378e-07
2023-01-26,-2.0718625709450253e-07,0.0004657064409698143,2.3721642645400972e-07,402.4789815128205,6.808225959751313e-05,1.249786529245694e-06
2023-01-27,5.635551021204209e-08,0.0003602960866746243,-9.374154823665962e-08,406.07292791025645,-7.873416071508128e-05,6.41082800850533e-07
2023-01-30,-3.6003872251058416e-08,0.0003447806498058771,2.5722988219120503e-08,402.48272535897433,0.00010115488437515566,6.864647934828224e-07
2023-01-31,2.370476400672175e-08,0.000395858854723825,1.2884168930539163e-07,403.4516967948718,-6.344538953322589e-05,5.302697497848303e-07
2023-02-01,2.184776422727479e-07,0.00035617050128121803,-8.845812013900825e-07,406.0520045384615,-0.0001244696213586782,2.6616224860717374e-06
2023-02-02,2.965005442614878e-08,0.00045307651925866624,5.7604658957832787e-08,415.81646607692306,-8.943081897108267e-05,1.106203500828712e-06
2023-02-03,-1.3678677093561214e-07,0.0005230708936591054,-3.174768773215405e-09,414.0412612948718,-8.166459717737847e-05,1.4504128546548085e-06
2023-02-06,7.165794287841507e-08,0.0003595726812955345,-1.3744113615692785e-08,409.95079735897434,9.183473543606752e-05,5.267769530548889e-07
2023-02-07,7.210529993662972e-07,0.0004237647413181691,-8.925645866846803e-07,411.05686357692304,-0.0003001116372314036,2.252878724135016e-06
2023-02-08,-1.8383102647005933e-07,0.000516649339963035,2.0294296863200973e-07,411.7014487692308,-0.00012054297743156118,1.0540179901163923e-06
2023-02-09,-1.9258971997628117e-07,0.0004941537708745803,2.0655716851712522e-07,410.43577644871795,-9.408618127869021e-06,9.59832800116044e-07
2023-02-10,-1.3472575805673137e-08,0.0004108046729381591,-8.552871344311998e-08,406.8717959358974,-0.0001329015028547133,6.907681483441255e-07
2023-02-13,-3.054942582282693e-08,0.00024191821575936947,-1.9005403950598617e-08,411.6348918589743,-3.220659799627692e-05,3.8318034335238317e-07
2023-02-14,2.70830602007994e-07,0.0004763282824890074,-1.764597159749345e-07,411.93717553846153,-7.844462025176952e-05,1.8628015721132758e-06
2023-02-15,-9.130928287297098e-08,0.0004058890015336846,1.214271501017802e-07,411.9907792820513,-5.150215733753126e-05,7.061456892507183e-07
2023-02-16,-9.265267767166546e-09,0.0004362051754373727,-7.40171201975857e-08,411.17932941025634,4.243661310939899e-05,6.260839893828327e-07
2023-02-17,5.081322083505444e-08,0.0002757772772822487,-1.6707602641450682e-07,405.5877278076923,-0.00011235131275693132,8.121693051552829e-07
2023-02-21,-8.512505198679226e-08,0.00032094196293307935,5.505491876436461e-08,400.62936193589735,3.5662253139183895e-05,3.925296103649674e-07
2023-02-22,-5.574484028416e-08,0.00048033497671342505,-3.5111375787694786e-09,399.2102957051282,8.929848576997466e-05,8.364039533376235e-07
2023-02-23,9.345521304419947e-08,0.0003443420211832211,-1.017587343884505e-07,399.16552020512825,5.7247648547956674e-05,7.030263569686583e-07
2023-02-24,-6.081111330084461e-08,0.0003930054841072208,-8.177624270004585e-08,395.3078737820513,1.0366707530714803e-05,7.964630017227189e-07
2023-02-27,3.771439561080674e-08,0.00031257052473159777,-5.477049332348919e-08,398.68544971794876,-0.00015028414489800585,5.074873077524283e-07
2023-02-28,1.0183184186917219e-08,0.0002482577090432067,-1.0685161436764925e-07,397.89867174358966,-0.00014330765256954754,3.59719448793427e-07
2023-03-01,1.2759348967620583e-07,0.000359390776543351,-1.5114623383082595e-07,394.991864551282,-0.00019228409566970854,7.481275709306831e-07
2023-03-02,-3.712140120240585e-08,0.00032379191755242415,-5.0067953417793387e-08,394.93064593589736,-2.90083338777285e-05,5.663019063433985e-07
2023-03-03,1.9365485077345494e-08,0.00024758159984518207,-1.0134791215920887e-07,402.2206013333333,4.7276908164862444e-05,3.952944330947342e-07
2023-03-06,-2.79703954361112e-08,0.00027885750108238715,3.2269413069031635e-08,405.7741447692308,-2.2768414223610358e-05,3.2612612157100045e-07
2023-03-07,1.17402840295096e-07,0.0004285307385459888,-1.5731916195575093e-07,400.09437279487184,-0.0002995480080715326,1.260864903933703e-06
2023-03-08,-6.20826199113478e-08,0.00033276393846257016,-4.376422447285719e-08,398.04022130769226,-0.0001223893245598737,6.930985982070692e-07
2023-03-09,2.708552870885687e-09,0.00033495479897052114,-1.1876447935123954e-07,397.21025974358975,0.00013581507625151794,1.0289201420757671e-06
2023-03-10,5.373615308053616e-07,0.0004395442996276856,-6.641988191807947e-07,388.1857854230769,-0.0003375670064298042,2.4789838442296393e-06
2023-03-13,-1.089736411527773e-06,0.0011035273913497536,1.049793340478957e-06,386.9712488205128,-0.0003638562315414985,4.796968499130743e-06
2023-03-14,-8.441766564047075e-08,0.0004718427722747649,-4.509742051522725e-08,390.8157718717948,-0.00018264757056506015,1.4934186189012367e-06
2023-03-15,4.627020755437316e-09,0.0006801772183838079,-1.1251070725377441e-07,386.4093830897436,0.00037378030259140586,2.1628245463548346e-06
2023-03-16,2.29455801280346e-08,0.00038967271733723435,-2.3648228675854762e-07,392.9869615,7.694802211515543e-05,1.3334825790106714e-06
2023-03-17,-3.4027037800139677e-07,0.0006041418093661441,2.7856280793716476e-07,390.54456611538455,9.21426649159205e-06,1.5491217735471691e-06
2023-03-20,-9.607128828600847e-08,0.0004997072370126573,3.5882394517994644e-08,392.6309950512821,-1.9580827807362892e-05,8.411624721235499e-07
2023-03-21,3.207275778580558e-08,0.00025344015619455324,-1.0244771797084932e-07,397.01460411538454,-4.9133668868708005e-05,4.5904996639336973e-07
2023-03-22,8.348969380822203e-07,0.0004330232775227264,-1.5971173822297076e-06,398.4933861794872,-0.00044155827171761904,2.484344621132803e-06
2023-03-23,8.263728518966938e-08,0.00042533569425925766,-7.63685732338235e-07,395.73138537179483,-0.0003028304057555953,1.4076722731064983e-06
2023-03-24,9.750641813977197e-08,0.00044604104903758117,-3.8170486547740545e-07,392.89585907692305,-0.0003158973953568943,1.304392585670637e-06
2023-03-27,-7.484869775085349e-08,0.00031097119165188496,4.0585906864886e-08,397.01863091025643,-7.987285168619051e-05,5.743440824417573e-07
2023-03-28,-3.448507016578474e-08,0.0002982055184864465,3.3921795690760505e-08,395.14194189743586,9.227736560657827e-05,3.923378355207839e-07
2023-03-29,-2.246091719443297e-08,0.00025273981569104794,1.776291012110917e-08,399.9202567051282,-6.080099764127937e-05,2.554899377947136e-07
2023-03-30,-2.8044413606856764e-08,0.00024083323329184009,-2.1713023374948787e-08,403.10271505128196,5.509565268536478e-05,2.5662480479284607e-07
2023-03-31,3.445227514729921e-08,0.0002270325828747155,-4.925296874581703e-08,406.9941475641025,2.784418642285832e-05,2.5130906129494315e-07
2023-04-03,5.588393760505924e-09,0.00021237929070620383,-3.645242208204617e-08,409.8288256666666,-5.592547793742147e-05,3.055288055918026e-07
2023-04-04,1.5629506099999184e-08,0.00024935704852255155,-9.156439188043428e-08,408.9513059871794,-4.795189906730186e-05,4.822293214775285e-07
2023-04-05,-7.010141371095666e-08,0.00024425882059088985,8.659271266186184e-08,407.0669499871795,-4.539507413186791e-05,3.9970305073812453e-07
2023-04-06,6.817368835404317e-09,0.00024324715476675913,-2.5171282558904143e-08,408.1104496666667,4.044190633849693e-05,1.9910353649791897e-07
2023-04-10,2.6526580058372377e-08,0.00020575330948554242,-1.607688045982221e-08,407.86327057692307,1.6658461833486373e-05,3.069354538026703e-07
2023-04-11,1.3975236202945147e-09,0.00016578503934194284,-4.3487654884085756e-08,410.2123420256411,-6.718529978633356e-05,1.6902729657865353e-07
2023-04-12,9.968022133174106e-08,0.00037512371159619266,-1.4259401076085068e-07,410.03238726923075,-0.00012310524843650627,7.271656571536617e-07
2023-04-13,-4.4268998744905465e-09,0.00026305306212990334,-3.162867489184819e-08,411.6401797051282,-8.453721172429948e-05,2.1884766749351878e-07
2023-04-14,-6.921718267576706e-09,0.0003286962174348096,1.1669175981510744e-07,411.83645656410255,4.7650917319234197e-05,7.167476854033766e-07
2023-04-17,1.3734973782613453e-08,0.0002451897234667464,-5.201228739285486e-08,412.233516525641,5.88407472227447e-05,2.2411709282265532e-07
2023-04-18,-2.7539562243568314e-09,0.0002262037995437333,-1.7421000941473168e-08,413.9640709615384,0.00012406259526237878,3.6762940808341134e-07
2023-04-19,-3.185845267047239e-08,0.00024661826440565616,6.013506480713854e-08,413.75851621794874,8.206252001699698e-05,1.6455215129141265e-07
2023-04-20,5.926807452603254e-08,0.0002465035787983018,-6.284934690709082e-08,412.27204734615384,5.7923892765809766e-05,3.116246108711858e-07
2023-04-21,4.128600486780204e-08,0.00023248519063063356,-7.259167311552833e-08,411.68415516666664,-0.00011945438820807837,4.5228732602364834e-07
2023-04-24,1.0107559349023672e-08,0.00025935090455253914,4.749404720198141e-09,411.9038656282051,-4.868722641110603e-05,1.9261019790966198e-07
2023-04-25,-4.2007913758653275e-08,0.0002750641522248032,8.754068781866018e-09,408.3939963205129,-2.1133435520198473e-05,3.5493352130325995e-07
2023-04-26,2.3193124148023204e-08,0.00024990769686699695,-3.978093084316036e-08,405.9497765897436,6.386580631134453e-05,3.6128519673858527e-07
2023-04-27,-8.890216935295539e-09,0.00020957294365437414,-4.284843598903875e-08,409.86455355128203,6.250193110413214e-05,2.699977430157484e-07
2023-04-28,5.397025665126802e-08,0.00026797030322963397,-8.413422967711956e-08,414.5029452307693,-8.749820365120836e-05,6.485209724355108e-07
2023-05-01,-1.8530552319766665e-08,0.0002628648487708266,-1.4900880935780983e-08,416.4169286410256,-3.999066774729429e-05,2.7631160801410323e-07
2023-05-02,3.840514468893933e-08,0.00034957700763009155,-6.529040620941341e-08,410.39913692307687,0.00012078658546472965,5.12529927067317e-07
2023-05-03,2.4135743166934427e-08,0.00046236077079314555,-4.4112845759053855e-07,411.30548951282054,-5.75740775359606e-05,6.405056314737397e-07
2023-05-04,6.796171775701664e-08,0.00036341695098548375,-1.0180373249349832e-07,405.37496041025645,-9.544364980235427e-05,9.746834370662104e-07
2023-05-05,-1.682075628103185e-08,0.00021716290025126404,-4.074393312007833e-09,411.50898847435894,-0.0001300645356546974,2.9011793752624234e-07
2023-05-08,6.0911807248906805e-09,0.0002140999639236643,-1.8891819656435615e-10,412.4874865897436,6.1022399140837745e-05,2.484375767192185e-07
2023-05-09,-6.031879278664559e-08,0.0002048258716605376,5.903275949731158e-08,411.36170789743596,0.00012545081743790243,2.17710989373054e-07
2023-05-10,2.2395245990827265e-07,0.0002709670383378256,-2.8052573550831233e-07,411.5796300384615,9.167767119867181e-05,8.890948636218077e-07
2023-05-11,-7.353595690728528e-08,0.00038711584383800755,9.270015531954381e-08,411.4549176025642,-4.4144025234068595e-05,4.839494154787909e-07
2023-05-12,-4.973841015821795e-08,0.0002471001456255224,-1.1580935094038592e-08,410.73282562820515,-0.00010129803862987681,4.5562938173606776e-07
2023-05-15,9.590268064260864e-09,0.00018692373524903364,-6.448951368083199e-09,412.04938594871794,4.856325298745872e-05,2.549291491186393e-07
2023-05-16,-5.928718684955494e-08,0.0002558338393092395,-1.964112858801653e-08,411.6075876794871,2.457453205864131e-05,4.01927019283327e-07
2023-05-17,3.312623654592025e-08,0.0002220881283402165,-8.285340673962172e-08,413.5507693846153,-4.125849880510949e-05,3.3444651185828777e-07
2023-05-18,-3.055716000649373e-08,0.00028972990052283096,2.5255051627572084e-08,416.737466551282,-7.191574817340309e-05,5.814672682922156e-07
2023-05-19,-3.609934955903954e-08,0.0002619449999933431,-1.3648681200562324e-08,418.9494467692308,-7.033337089650473e-05,4.881168208573014e-07
2023-05-22,-4.2323737033286285e-08,0.0002601485713572829,-5.033173863857737e-08,419.16657035897435,-7.052920597353528e-05,4.292630505868245e-07
2023-05-23,-3.39851045599834e-08,0.0002371505503858067,1.3882414060401709e-08,416.40363202564106,2.623790278307601e-05,5.6324975139626e-07
2023-05-24,3.156492000396821e-08,0.0002755461901499898,-2.9905981883359603e-08,410.84155069230764,-5.2156535871275054e-05,4.6179013137020386e-07
2023-05-25,-5.605803615862009e-08,0.00026770302100719885,-1.4973791206947228e-07,414.0360638461538,-5.268582461067668e-05,5.533226417092695e-07
2023-05-26,1.1397620858742897e-08,0.0002656113109333711,-6.284126427012317e-09,419.29939578205125,7.756429194972587e-05,3.2000828112591534e-07
2023-05-30,-6.283008972338168e-08,0.00035384808687783704,2.1738227068878902e-09,420.3600021153846,0.00010319533322849973,4.838710102300679e-07
2023-05-31,-1.3825359751202938e-08,0.00030291666736450434,4.437905208299352e-08,417.54347528205125,9.614106724165453e-05,3.2556946224788237e-07
2023-06-01,4.587647638779094e-08,0.00026047861188079047,-5.7913891499611684e-08,420.70190696153844,-7.728536077092369e-05,3.5591846229047894e-07
2023-06-02,-5.3197351316862405e-08,0.00022877385184555114,-2.519769264136474e-08,427.31438180769237,-7.115923280073382e-05,4.084178065595812e-07
2023-06-05,-4.4247139462379404e-08,0.00034400173629805223,1.2971284706505858e-07,428.3256314615384,6.881875770289156e-05,5.270441795199161e-07
2023-06-06,-2.26541877420765e-08,0.00019912521802072723,-2.7214772786511734e-08,427.48673653846157,5.5163673533860555e-05,2.557279425117522e-07
2023-06-07,-2.974039430532801e-08,0.00022913574714948,1.587287865660424e-08,427.3161338717949,0.0001158662477738699,3.131235089611872e-07
2023-06-08,1.528696218502467e-08,0.0002159620598621936,-1.837450231396767e-08,428.19838601282055,6.341450218357376e-05,1.6544099103283412e-07
2023-06-09,2.3730050049227127e-08,0.0002477595261290802,-7.081738881132522e-08,430.32964214102566,-0.00013478798939815795,3.3755155967511643e-07
2023-06-12,-2.2724573791617083e-08,0.0002278951034029748,1.826437905937676e-08,431.47737693589744,5.0876555420925844e-05,1.355231915267624e-07
2023-06-13,3.826153475253754e-08,0.00023354394918102264,-1.4873824286230733e-07,436.3452014487179,-6.264803789178539e-05,2.6643239257871793e-07
2023-06-14,1.1514438989547203e-07,0.00025555090434334284,-2.0314019215550954e-07,437.28944187179496,7.568368576598934e-05,1.074773714780763e-06
2023-06-15,5.070138085906528e-08,0.00024289651282784775,-1.3418841730402076e-07,440.8144448076923,3.1749019449747846e-05,4.2124892015159787e-07
2023-06-16,2.726814668659128e-08,0.00028495920777023574,-1.7311587624981765e-08,441.1285106025642,-8.001049262191883e-05,4.4229424962284003e-07
2023-06-20,4.8692514101454e-08,0.00023820413696664034,-6.765792034895158e-08,437.0591516025641,-5.704656322827583e-05,2.800708337846341e-07
2023-06-21,2.058656230715926e-08,0.00019808724652551919,-4.545843722595577e-08,435.5401074358975,-6.00233950377382e-05,3.498480009948684e-07
2023-06-22,-3.491468450210749e-08,0.0002661022009584879,-8.924661355676148e-10,435.3313976666667,0.00010178951070160207,3.631372122307548e-07
2023-06-23,7.151725470219842e-09,0.0002746134793583511,1.959602785316475e-08,433.84614667948716,-5.158037969835967e-05,2.1772756079841494e-07
2023-06-26,6.59033571197168e-08,0.0002428433581475243,-1.395720530927235e-07,432.74890755128206,1.7164694966336378e-05,2.9166508594397304e-07
2023-06-27,-8.958141683337117e-09,0.00021166454086878642,-1.6691749857746807e-08,434.7827961282051,-2.7600784939036488e-05,1.7912393991178608e-07
2023-06-28,-7.463546924688913e-08,0.0002612427934273024,4.3268756951763406e-08,435.70697128205126,0.00010488788016450057,4.661500128909853e-07
2023-06-29,-3.5144457760477916e-08,0.00024316579828476045,1.5987631083260958e-10,437.29182542307694,7.605379576315064e-05,2.6368620839967743e-07
2023-06-30,-6.423124920612505e-08,0.00020270694147080044,6.738509539166624e-08,443.1878305384615,-5.8541477765174395e-05,2.717574378228086e-07
2023-07-05,1.995708968073632e-08,0.0001373885843172623,-3.02528757443736e-08,443.3091081538463,-4.651442388638956e-05,1.201887250560288e-07
2023-07-06,-6.548862579095767e-08,0.0002651460307953054,8.464338647397831e-08,438.7809717179487,2.8290814316351422e-05,2.1995645369385013e-07
2023-07-07,7.001632915040714e-08,0.0002159156424519135,-2.862812821499014e-08,440.75124055128197,6.222445407821063e-05,2.6540130243343215e-07
2023-07-10,2.6476368651271953e-08,0.00026307468935510183,-5.2737108051344496e-08,438.8642045384616,5.310532162524204e-05,2.440979835162199e-07
2023-07-11,-5.5218628192660675e-08,0.00018727091547029857,6.271458113136763e-08,440.9073696538461,6.629114702853322e-05,3.533338967592056e-07
2023-07-12,3.5676794958974825e-11,0.00025834192055645126,-8.058270235902115e-09,446.3111356282052,-6.466789144535282e-05,2.313612144303046e-07
2023-07-13,-2.2843558350014674e-08,0.00020373407221823645,3.719541278463079e-08,448.70629948717954,7.670910034338054e-05,1.3637726708821368e-07
2023-07-14,1.1479370715642052e-09,0.0002070635794859546,2.648659117127082e-09,449.9657560512821,-5.93594396408468e-05,2.1935287625418582e-07
2023-07-17,-1.133270145545583e-08,0.00020011083863395184,4.111431113269485e-08,450.4770502820512,-2.9067011359106067e-05,1.1259755718905493e-07
2023-07-18,-1.2691826542153665e-08,0.00014019938161968667,-1.927377678697321e-08,453.02128984615393,5.5362081531288546e-05,1.79504549828542e-07
2023-07-19,-3.3309053780966526e-09,0.00017844735107737906,-1.613045584166743e-08,455.4867732435899,-7.648076469342818e-05,2.3258273230338205e-07
2023-07-20,1.726544068037269e-08,0.0002055929764400322,1.846208961101373e-09,453.4025310641025,6.656226387997404e-05,2.5252183270659315e-07
2023-07-21,-2.0937115070406988e-08,0.00021567515533419697,2.170323594299377e-08,453.2320360384615,7.494995195050738e-05,3.130170508546926e-07
2023-07-24,-4.386972736319141e-09,0.00018956030989860008,-8.023130242983253e-09,454.18215342307684,-7.869255358443003e-05,2.4617088473546946e-07
2023-07-25,-1.8466708350559113e-08,0.00015165569298708793,1.9283623864548528e-08,455.4963597179488,5.258344680538943e-05,1.182020745457962e-07
2023-07-26,2.5475955509394055e-08,0.00023429211365640808,-2.366856557111988e-09,454.6855186153845,-5.8072565780200795e-05,5.958664707662623e-07
2023-07-27,1.2576011451122877e-08,0.0002298822540682723,-1.1658185177112841e-07,456.4566955000001,-3.8501711920497166e-05,4.5517617447657866e-07
2023-07-28,-4.322052028063996e-08,0.00024192685733729653,9.749066757356384e-08,456.7667650256409,8.267200240504349e-05,3.7992182240133074e-07
2023-07-31,1.1269996314256425e-08,0.00020238785105770372,-2.9329085372226076e-08,457.03080976923087,-4.8212861178461745e-05,2.597998597912348e-07
2023-08-01,-5.791826284625895e-09,0.00018349777671119847,-2.0502937851406454e-08,456.3620189615384,2.178722245786227e-05,1.731907767426948e-07
2023-08-02,1.7683633822729663e-08,0.00021153982830247626,-2.190721966740273e-08,450.99761249999995,-8.026777910861967e-05,3.230318494212681e-07
2023-08-03,-4.620544146294013e-08,0.00026834026849838617,6.260990878565535e-08,449.3603471410257,-7.737569896540165e-05,3.7258509299694096e-07
2023-08-04,3.150588810251312e-08,0.0002478031785659594,-5.468413610676618e-08,450.2758412307692,-9.129224394594654e-05,6.513613277823561e-07
2023-08-07,-6.325141719861275e-08,0.00019055314378858322,3.3615147254786105e-08,449.5177888717949,-7.610641600535791e-05,3.153831173942165e-07
2023-08-08,-7.45801392698411e-09,0.0002683257755379623,2.5786913974970176e-09,446.9224230897436,-7.107420794590308e-05,3.5629579844783943e-07
2023-08-09,5.0478825087350384e-08,0.00023714596638250025,-6.252729015744951e-08,447.35192152564105,9.371401811192645e-05,4.196117142973618e-07
2023-08-10,1.571270140357324e-07,0.0003257067264287577,-3.055770389629355e-07,447.6958351025643,-3.0453332461195528e-05,8.014684830308417e-07
2023-08-11,-3.770866963964448e-09,0.00023805553257752574,-2.9458754640198626e-08,445.21171520512814,0.00013303227513448645,4.5673155499396136e-07
2023-08-14,-9.252213844970745e-10,0.00026142252770984,1.8147930575205108e-08,446.76640150000003,-5.3166313165494146e-05,2.438374546887574e-07
2023-08-15,2.9864649677915507e-09,0.0002492570599631489,-2.534744848089436e-09,444.2662496923077,1.7182726932185337e-05,4.148648276399724e-07
2023-08-16,1.8674842305877447e-08,0.00026552808937702066,-8.59151010461891e-08,442.27239433333335,-6.37968004564368e-05,5.342062195187869e-07
2023-08-17,-9.937703998049223e-08,0.0003487827584679745,1.0063756982615748e-07,439.0292866153845,-2.6831606697028127e-05,4.6877945093342704e-07
2023-08-18,-5.2327983566218955e-08,0.00027139451374463895,-9.364120113167392e-08,435.59465133333345,0.0001255700385158962,4.622470360861659e-07
2023-08-21,7.946111594086662e-09,0.0002492494147982952,-7.012648515030789e-08,437.6858312179487,1.5724661080679497e-05,3.8800313618021995e-07
2023-08-22,-2.6086659323584553e-08,0.000270698941653538,-2.1705669290522417e-09,438.7987841923078,8.799019279357e-05,4.737192987245476e-07
2023-08-23,-1.38296980869709e-08,0.00020190521554527846,-5.618933153113668e-09,442.2106780384616,-2.2158064520128877e-05,2.1897865396179215e-07
2023-08-24,4.856979663851223e-08,0.0003515724899934002,-6.632810174148255e-08,440.2499925000001,-8.752869971282203e-05,5.365082100655596e-07
2023-08-25,-1.6697575433684026e-07,0.0004861772222814682,-2.072316330189921e-07,438.65565911538476,-4.797373988039791e-05,1.3454573615565058e-06
2023-08-28,4.936837389003409e-08,0.00030581249573667006,-9.041308162597157e-08,441.9683645128204,4.13623678985669e-05,3.317481116072271e-07
2023-08-29,-2.9334355409815753e-08,0.0001934432067832328,-6.926047465959836e-08,447.41243757692314,-0.00011196639741504219,3.489914461218872e-07
2023-08-30,3.2697838510074558e-09,0.00028533741831233495,1.911204005348323e-08,450.7965619102564,-8.70353181111379e-05,4.270587938177208e-07
2023-08-31,2.671765044966422e-08,0.00020039382678517108,-2.4485658268147333e-08,451.66548103846145,-5.275310774492359e-05,2.5474758378327407e-07
2023-09-01,7.057170737018618e-09,0.0002043985139978385,9.052449817379988e-08,450.92567434615387,-2.6494584313928274e-05,3.587582896039368e-07
2023-09-05,4.2424869199311285e-08,0.00017563374208108592,-5.504707613571192e-08,450.0888326923076,-2.2917153779358995e-05,2.010024168399514e-07
2023-09-06,-6.229408051997689e-08,0.00029147760761740133,8.997620740955117e-08,445.78155932051277,-3.8858728243725834e-05,3.984038096211955e-07
2023-09-07,4.7124619847217204e-09,0.00021992104219095292,-4.976165143885409e-08,444.4708071282051,8.822214385920429e-05,3.735350000859269e-07
2023-09-08,-3.532698941246293e-08,0.0002563623145913903,2.3201029012043654e-08,445.8603483333334,9.911638751147696e-05,2.6619074623996426e-07
2023-09-11,-4.0855820555045913e-10,0.00020013974922072434,1.4858220401288933e-08,447.7474403846155,0.0001057763751029532,2.1853344440054675e-07
2023-09-12,3.476377252124629e-09,0.00022818010787505858,1.9077888356706503e-08,446.896192051282,5.906780633507113e-05,2.54535944796155e-07
2023-09-13,-4.106469573539089e-08,0.00027416148265101847,-1.7419371917523702e-08,446.8184481153845,-0.00010760436954976848,3.349403124075254e-07
2023-09-14,-9.258794333159432e-09,0.00018168513348254097,3.1486527284312155e-08,449.85709543589746,9.990763493200613e-05,1.7482835167725847e-07
2023-09-15,1.3969982611091635e-08,0.00024346242413721375,-3.291795740438619e-08,444.63279833333337,6.136185217935003e-05,2.5245054653670023e-07
2023-09-18,-3.125176180661524e-08,0.00020602109864171497,-9.543006740557774e-09,443.94584528205127,3.542125822531656e-05,1.751658821442148e-07
2023-09-19,7.541080371499361e-08,0.0001657814325502678,-7.707935902947165e-08,441.5400980641025,4.1288440520940975e-05,2.5218494783192233e-07
2023-09-20,6.235959785212754e-08,0.00028109940621609916,-2.320623092279257e-08,442.94815056410255,6.306202138526792e-05,5.292107427744462e-07
2023-09-21,-3.60963588104821e-08,0.00023016988966643876,5.0581010801176044e-08,433.8865672564102,3.650157428041907e-05,3.7944639479597446e-07
2023-09-22,5.024302018792204e-08,0.00020161455181096785,-7.978395177976088e-08,432.43811692307685,0.00011031982778707649,5.672205152323018e-07
2023-09-25,1.562220281503752e-09,0.00028191990707394384,-2.2019318047951024e-08,430.8594996923076,2.2989124689687797e-05,6.432132945071429e-07
2023-09-26,-3.7611437532002636e-08,0.000340928527825462,3.4215074722588113e-08,427.0372258461539,-6.150013286609588e-05,4.680498971307016e-07
2023-09-27,2.175506647488715e-07,0.00024680749221710365,-1.8407572533657182e-07,425.1754763846153,-6.443241999775663e-05,8.302039096375772e-07
2023-09-28,-3.548347699494428e-10,0.00038252554242526317,1.435083647053856e-07,428.17324824358974,-6.236919306714002e-05,9.543191148973749e-07
2023-09-29,-1.5886534087805603e-07,0.00039809925741321727,9.253173048674902e-08,428.69561717948716,2.138655460632154e-05,8.952202164766714e-07
2023-10-02,-3.868518171132552e-08,0.0004309102806700467,9.198429118666603e-08,426.0923460769231,1.3853160803282646e-05,1.0061786646808534e-06
2023-10-03,9.21534414320777e-08,0.0004396158570841223,-2.9450718695363648e-08,421.9233925897436,0.00016602837615016102,7.950587406715313e-07
2023-10-04,-1.8780893837016234e-07,0.00047021833955928786,2.1923645458499316e-07,422.91594553846153,0.00013820320512530017,9.656264556166923e-07
2023-10-05,-1.1238100321484024e-07,0.0004109762679145986,9.425682437140631e-08,423.3473677820513,0.00015410473061085698,6.929764600279328e-07
2023-10-06,8.196087894237578e-09,0.0003475716528542442,3.4567539470999103e-09,427.437404076923,1.2148893440796243e-05,8.776489061449071e-07
2023-10-09,-6.51343491955507e-08,0.00024774774594690346,2.0299254866771454e-09,429.92874053846157,-7.368694039661462e-05,5.148244382986519e-07
2023-10-10,1.846846926446862e-08,0.0002884623760426006,-2.7452403862797997e-08,435.38340119230776,9.984013804005391e-05,4.2380579814457353e-07
2023-10-11,-7.852099128699673e-08,0.00027474681268550394,9.279578055028053e-08,434.7430304743588,0.0001644586608855766,3.919821573087552e-07
2023-10-12,1.3311716124794766e-07,0.00031408450740969034,-6.635761551850743e-08,434.85589939743585,0.00011819475781019475,5.325658800770812e-07
2023-10-13,-2.8611244268452024e-08,0.00034710493848319165,-7.163998731704727e-08,432.41622491025646,8.420228965741892e-05,8.559090742802118e-07
2023-10-16,-1.0019295747308008e-08,0.00027468692257434234,-6.408844377006878e-08,435.97845610256405,3.1020026431960405e-05,4.5692938542073015e-07
2023-10-17,4.947539537733627e-08,0.00038730503519038517,1.2094478823183622e-08,435.58910029487186,-2.393534067409327e-05,5.847968213741134e-07
2023-10-18,2.12630954905079e-08,0.00035207082344121686,-2.7622007851657555e-08,432.3507047820513,3.588222407625237e-05,9.560488310217861e-07
2023-10-19,1.3680659857984153e-07,0.0004372301741254737,-1.0750132342036323e-07,429.24874384210534,0.00010747288394321671,1.553351921155485e-06
2023-10-20,-1.9354364077056868e-07,0.00038942638084983003,2.3563911623837623e-07,423.29245575641033,0.00010997474100875944,9.483714764127241e-07
2023-10-23,-3.760277621434804e-08,0.0004154819016420626,1.0646206643362911e-07,422.03060160256416,-6.561716429617608e-05,1.046317361168211e-06
2023-10-24,-9.816123423691344e-08,0.00040039208463704874,1.710863091133355e-07,423.004180474359,-6.908887834497886e-05,5.796159350493604e-07
2023-10-25,-9.720436354393497e-08,0.00040486197400057823,1.0988196063744225e-07,418.8984933333333,7.585007417674786e-05,6.423197832413191e-07
2023-10-26,-2.7115723005574553e-08,0.00042389365754237374,1.1350876108268028e-07,414.1501651153846,0.00011299118184065636,1.184215873868767e-06
2023-10-27,-4.672764604977227e-08,0.0004964140201023354,8.203216844574972e-08,411.82212974358964,0.00018338806063968515,8.164529045154875e-07
2023-10-30,2.7388927578486615e-08,0.0002724607878885662,-6.645976563262127e-08,414.43988267948714,-3.920794357333351e-05,5.936002695916307e-07
2023-10-31,-9.501238051555185e-08,0.0002882070692702836,2.7782817568032367e-08,416.64460161538454,6.13372579197717e-05,5.705895733328959e-07
2023-11-01,9.428117524142634e-08,0.00035420992905565584,-1.2478839981942463e-07,420.64461060256406,6.43417161991801e-05,7.813337790960099e-07
2023-11-02,-2.1857609730434902e-08,0.00020950665619591313,-1.1140393204562343e-08,429.27524066666666,-5.082545176070265e-05,2.626796840250838e-07
2023-11-03,-2.44018835305856e-08,0.0002766854612819944,5.2865965203274617e-08,434.9946327179487,-4.4457548874042934e-05,3.4460606916997616e-07
2023-11-06,-2.144409600837123e-08,0.00018848937131731673,2.0837004609839527e-08,434.9727379102563,4.939643405270431e-05,2.2213759956775327e-07
2023-11-07,-2.950082460201594e-10,0.00018315216038783795,-4.8822177646527416e-08,436.744273551282,6.766728713503637e-05,2.2233367989494453e-07
2023-11-08,-3.0424364414711135e-08,0.00026530525320522954,6.021391952081827e-08,436.664464602564,8.764064851711659e-05,3.2067229071714004e-07
2023-11-09,-1.2293554615636618e-07,0.00034572737433761255,6.012060962275702e-08,436.105850525641,-8.433800860699284e-05,6.774170829369149e-07
2023-11-10,5.7172669238204977e-08,0.0002425123984151496,-4.2955576003103206e-08,437.9336734871796,-6.55946607527126e-05,3.138432549221898e-07
2023-11-13,1.5522428040527626e-09,0.0002900985932251955,4.443141055866143e-08,440.2394013461539,7.270844727419932e-05,1.8923355345028685e-07
2023-11-14,2.217379502265552e-08,0.00020845669230041013,-3.809900320057807e-08,448.74169403846156,-4.662537148333482e-05,2.7581553039565653e-07
2023-11-15,3.383705679636433e-08,0.00019493042494950053,-2.7211952801235362e-08,450.1855308205128,-2.8427325855229438e-05,2.500727661931093e-07
2023-11-16,-7.592463145340627e-08,0.0003139004055770408,9.312276204222282e-08,449.30381330769245,4.41756599330759e-05,2.917967671639427e-07
2023-11-17,1.5539058452891867e-08,0.00017432374567053911,-3.110923420063622e-08,450.43268049999995,8.624071458447001e-05,1.3595695104388463e-07
2023-11-20,-7.89681435033221e-09,0.0001569659803512813,1.475111447835069e-08,453.25195424358986,5.526309289288878e-05,1.752607601146378e-07
2023-11-21,-1.766833124105311e-08,0.00021404265540672632,3.2086101320036843e-08,452.9872862179487,2.14865910529136e-05,1.5164819810012704e-07
2023-11-22,-4.0811639097020976e-08,0.000198331170101736,3.165464793747004e-08,455.1221871794872,0.00013272989505530642,4.2645453746736515e-07
2023-11-27,9.255904128324905e-09,0.00014057663325029335,-1.1250502689586803e-08,454.8723210128206,-6.092247817745601e-05,1.0987926578980873e-07
2023-11-28,-3.214474096411114e-08,0.00015201988551111984,6.078171618672677e-09,454.73423839743583,4.857902382092767e-05,2.318832724675025e-07
2023-11-29,3.980538626024389e-08,0.00018104509230597348,3.2694453657309925e-08,455.9690585897436,6.212572757938347e-05,2.2815234958182432e-07
2023-11-30,-8.986536378821762e-08,0.0001783967130297974,5.971233433067688e-08,454.4160323076924,1.5448121766496827e-05,5.355076152218677e-07
2023-12-01,-1.0553723613242412e-07,0.00026275951916618026,1.0486221822255595e-07,457.9873131794872,3.062350223658884e-05,3.4976728265050984e-07
2023-12-04,2.6953418130734696e-08,0.00021578005140654007,1.9005632415945204e-08,455.83683765384615,2.014352339769282e-05,1.8052701575400751e-07
2023-12-05,-7.384749637691076e-08,0.0002883355984003208,6.413440058123109e-08,456.28589719230774,-5.989190042930627e-05,4.687527786920141e-07
2023-12-06,-4.9705753082436614e-08,0.0002345570610579764,2.4323025495831515e-08,456.45980510256413,-9.636070276347838e-05,2.959864552799684e-07
2023-12-07,1.4970405681678538e-08,0.00020936077786342324,-1.2374905283991897e-08,457.9266966923076,-5.1358855909895895e-05,2.1568477724865213e-07
2023-12-08,8.419233807342303e-08,0.00017184296968479344,-7.144642470664414e-08,459.3130711794873,-0.00014024493829721744,4.1314565135689486e-07
2023-12-11,-4.084418889664015e-08,0.00017914608598612106,3.921012942121695e-08,460.9923990512821,-5.95580413588963e-05,1.549523309745782e-07
2023-12-12,-8.754658613733058e-09,0.00015404267559823666,-1.8525145261644751e-09,462.80491351282046,1.9348754214944196e-05,1.1422180091032021e-07
2023-12-13,7.094263961880532e-08,0.00016219530219149488,-7.241908911356859e-08,465.9467693846155,9.312856499090956e-05,6.563177186250492e-07
2023-12-14,-4.3113957611642525e-08,0.0002735657451570876,3.980236198134679e-08,471.88744985897443,-1.7877626921639993e-05,4.713310972456998e-07
2023-12-15,-8.768003754500935e-08,0.0002753369443317227,5.361742160965069e-08,469.55686116666675,3.813317416727311e-05,3.622372969988399e-07
2023-12-18,-1.227270853036865e-08,0.00017451083465616402,2.6097437626943257e-08,472.1217239358975,-1.3428570449107902e-05,1.2039544533850074e-07
2023-12-19,-6.916768401521632e-09,0.0001226954754520446,-8.926895773863775e-09,474.0093070000001,4.6036038470881094e-05,8.521664221377783e-08
2023-12-20,1.685196922157833e-07,0.00018224460385391373,-1.0651731658710815e-07,474.1391960128205,7.228217621330078e-05,5.73101987708545e-07
2023-12-21,-1.315337154377835e-07,0.0003324524112422959,1.9500001878524936e-07,470.8086355000001,5.81639919877186e-05,5.915161937665819e-07
2023-12-22,6.466739730523821e-08,0.000162789535530846,-5.7159321797563605e-08,474.13331085897426,-5.074549154165752e-05,2.574420996514318e-07
2023-12-26,-5.792253518749472e-09,0.0001253178461144202,8.81701219161987e-09,475.2091286666667,-2.3198480727096707e-05,8.024382769702022e-08
2023-12-27,9.341280205659602e-09,0.00017230326280723418,-4.8601859838559235e-08,475.7239527692308,3.558444058914968e-05,2.3507644691333216e-07
2023-12-28,-2.9575216164635813e-08,0.00015237072389417665,2.1018875344930475e-08,477.07279801282056,2.3222348360805184e-05,1.1993148866842545e-07
2023-12-29,-1.9581723030156296e-09,0.00021813390330950868,4.546885282267338e-08,475.16340160256425,4.9661817634071035e-05,2.2540868545700882e-07
2024-01-02,8.155679536839397e-08,0.00022188513868337542,-2.1771606593558266e-08,472.1200462692308,7.139560368435433e-05,3.095569365040553e-07
2024-01-03,-2.4243576311189005e-08,0.00022914965151747883,-6.479979133912778e-08,469.7472619230769,-3.93521547617951e-05,3.723414475820883e-07
2024-01-04,-1.167620875586279e-08,0.0002543977923551956,1.5718800917956577e-08,469.2639437564103,-8.185271793607416e-05,2.5452310084914645e-07
2024-01-05,2.0961152346691075e-08,0.0002709432961500996,-6.061592178000605e-08,468.2866163846156,8.578907294064037e-05,5.587937861927849e-07
2024-01-08,-6.203743988688661e-08,0.00019571065453148065,5.2192006273927143e-08,471.49171241025647,0.00011600330985762328,2.4948723161280177e-07
2024-01-09,-6.391682674878802e-08,0.00021201462857112503,5.260348135274338e-08,473.470672474359,-3.583847961142704e-05,3.234574909663353e-07
2024-01-10,-1.494877925450675e-08,0.00020503317100446585,-2.7469985242817347e-09,475.4994447307692,5.8735826934396094e-05,2.6365575073124943e-07
2024-01-11,3.95409591030579e-08,0.00029054119529668904,2.6865189104465344e-08,474.829795551282,0.00010446809129818424,7.614696657759281e-07
2024-01-12,-3.0734073676416685e-08,0.00025332791338143886,8.236587430732189e-09,476.4847986153845,7.848429986957195e-05,3.621505708306952e-07
2024-01-16,1.9036834603106858e-08,0.00025355379201734413,-7.191288007123971e-08,474.7049289230769,-5.637613852885423e-05,4.4060802423325954e-07
2024-01-17,-3.53017197499036e-08,0.00024398678744161733,4.957181190367336e-08,471.55787225641023,-5.0767727908939894e-05,3.10013522332434e-07
2024-01-18,2.3011466631982422e-09,0.000252013533586259,2.3799342262031697e-08,474.4263312435897,6.380828058971716e-05,3.3707525343640136e-07
2024-01-19,-2.809748479771636e-08,0.0002392187154319976,1.0818880234561024e-08,479.93989201282034,6.334444882290283e-05,2.28477149778276e-07
2024-01-22,-4.610227522006655e-08,0.0002649689987933882,5.8346646821937154e-08,483.8528519487179,-1.4622022866368516e-05,2.619248615938762e-07
2024-01-23,-1.507090066894898e-08,0.00019239239184901897,4.407543290847991e-08,483.7811939358973,-3.190265881732578e-05,1.1621428698564931e-07
2024-01-24,2.045110333434182e-08,0.00024121990695923502,-2.5023448345634374e-08,487.3291922307694,4.458052237654105e-05,3.4760795709116883e-07
2024-01-25,2.546122794773893e-08,0.0002445634877133167,-3.018288771830938e-08,486.8893071794872,2.4341453073384595e-05,3.1819810260919586e-07
2024-01-26,1.3243072346883847e-08,0.00019665247580327654,-1.0677637806464388e-08,487.78657244871795,-0.00010307383870260484,2.0612679238914477e-07
2024-01-29,-4.784877452478637e-09,0.0001474844681696976,-3.8242629219260354e-09,488.5008156666667,0.000104395904578519,2.0641466956259839e-07
2024-01-30,-7.160178940729734e-09,0.00016137965642022036,5.658427088845247e-09,490.9123424743589,6.432776819667333e-05,1.0580377000029823e-07
2024-01-31,1.275331439049869e-07,0.0003201621752900477,-2.9304851636009e-07,486.6927344487181,-0.0002053951638327363,7.039509979204605e-07
2024-02-01,3.028386700067402e-08,0.000210816902280462,-1.0037027748697252e-07,486.6618897948717,-0.00011523385051295824,5.720207001637692e-07
2024-02-02,-1.5223772381784498e-07,0.00028679277325520885,3.205834050050842e-08,493.45052114102566,-0.00011741102483307737,6.458243675879216e-07
2024-02-05,8.96673715072665e-09,0.00018463457111137136,1.1430306162266574e-09,492.6501174358975,0.00012966332522765592,3.8495125657206516e-07
2024-02-06,4.249800298449259e-09,0.00024076797688184378,-8.127792084806844e-09,492.9099883076924,-6.351311494918404e-05,2.993186250728453e-07
2024-02-07,-6.01329860773063e-09,0.00021174673469001015,1.4121671887016636e-08,497.5176147820514,3.1833839849383796e-05,2.1998546961499028e-07
2024-02-08,-2.23147496953623e-08,0.00015389031536107867,3.264109369192002e-08,497.94686258974355,2.9988494753147344e-05,1.1808225743273499e-07
2024-02-09,-3.2140738686274587e-10,0.00012930278627750638,-5.416491297634998e-09,500.2767165000001,4.222637016780486e-05,7.721276339510198e-08
2024-02-12,-2.7196679926061416e-09,0.00011372981087364687,-4.839277284097527e-09,501.9542110256411,-9.6962039411125e-05,2.334056859399521e-07
2024-02-13,8.448905676117177e-08,0.00019923922177868706,-8.874026108934014e-08,493.84402765384624,-9.436927313089632e-05,4.582903036986381e-07
2024-02-14,2.476513098632573e-08,0.0002490519278063974,-6.500836662697818e-08,496.53010587179494,0.00011865324999636236,4.37784060428492e-07
2024-02-15,-2.6828069970617605e-08,0.00023686469739559186,4.708266185743407e-08,500.59024896153846,-3.1725867145619706e-05,2.563102114743383e-07
2024-02-16,8.37973699155624e-09,0.00019012599115927846,-1.1334572067456282e-08,501.26942312820506,-0.00011859555363883081,4.5415060431066674e-07
2024-02-20,-9.691208897037646e-08,0.0002539717979256061,7.265809643759192e-08,496.0356280256411,0.00011264319550512198,5.122345817223688e-07
2024-02-21,7.177256914696481e-08,0.00020525668425724428,-1.0216554917785457e-07,495.31808694871796,-3.302520487298183e-05,3.36574061103947e-07
2024-02-22,-5.3453566260831564e-08,0.00018645464638801474,6.917803426702771e-08,506.2265135128204,0.0001683260995970414,3.168678583066626e-07
2024-02-23,-2.1079393972724665e-08,0.00024040742362080927,9.509201226751364e-08,508.5709376282054,4.8170155259284786e-05,2.5656419020862307e-07
2024-02-26,-1.3464912384481409e-08,0.00014078802639690602,-2.623990792186012e-08,507.31464594871795,2.3563258257199898e-05,1.5040306266894553e-07
2024-02-27,-2.981138707153051e-08,0.0001518626585007365,1.0211118692537015e-08,505.9592808717949,5.399332627198481e-05,1.2568626039936113e-07
2024-02-28,9.519911288584377e-09,0.00014697051827447494,-3.580850740926456e-08,506.04314551282044,-7.526036618261808e-05,1.5554095585883262e-07
2024-02-29,-1.439975965711965e-08,0.00020987743866659596,1.1881780650718842e-08,507.594411948718,6.108794575582464e-05,3.4513835569819226e-07
2024-03-01,-2.5350080303642704e-08,0.00019976700538174952,5.147558764995066e-08,511.5134886410256,-4.1106943787635916e-05,1.879619385815354e-07
2024-03-04,1.1624185025392537e-08,0.00014964153945730093,2.774217008390059e-09,512.8477996666666,5.562759905793156e-05,1.2886859130895554e-07
2024-03-05,-1.7581971352546874e-08,0.0002228846671209512,-2.1364876969754687e-08,507.53926002564094,8.087416830107953e-05,3.8842806319138355e-07
2024-03-06,-2.3375546156670922e-07,0.0002645436979770585,1.2626590424103977e-07,510.33389035897443,-4.4141423797421537e-05,7.268147830109587e-07
2024-03-07,-3.4707693848583196e-08,0.00020090896814593988,-9.277819463089397e-09,514.5783725641027,-4.203823293422236e-05,2.045220423045784e-07
2024-03-08,-2.7767070645419964e-08,0.00038686208583623067,9.263988789104273e-08,514.3669816025641,4.5738250831957996e-05,7.031469781320154e-07
2024-03-11,-6.090772780498e-08,0.00030325992736215224,8.983161337252883e-08,510.5207428717948,4.730434548251772e-05,4.150744677499261e-07
2024-03-12,5.186585316045537e-08,0.0002298065952633487,-8.552435271975866e-08,515.3612302307691,-5.250482404282771e-05,6.220420486570285e-07
2024-03-13,-3.902047143829019e-08,0.00022357074927685814,3.021546114309768e-08,516.4596826538461,6.171651379338569e-05,2.1034292669017437e-07
2024-03-14,1.6224114959733175e-07,0.0003121346843975433,-1.7409756533647684e-07,514.325976525641,-0.0001330394987636576,6.451912765658133e-07
2024-03-15,-3.409693664293011e-08,0.00028202060549001117,4.6331218755711324e-08,509.84165039743584,4.55577005952854e-05,3.3076460285065306e-07
2024-03-18,-1.946348277044787e-08,0.00023169886429936753,4.2431829809321413e-08,514.150905,-6.961616842644042e-05,2.2414309655516813e-07
2024-03-19,5.521171391768124e-10,0.00018020191172729376,-1.824853782937432e-08,513.7506490128205,6.516046884260907e-05,1.693154396732236e-07
2024-03-20,-2.412999018276214e-07,0.00028577171784347074,2.7810400164310986e-07,516.6791650897436,-0.00010235873097259956,8.278629297083502e-07
2024-03-21,-4.385644381541898e-08,0.00021342500266714707,2.8037643595206043e-08,523.2227167948718,-4.0027137140386966e-05,1.9278731232290017e-07
2024-03-22,-4.159368466873915e-08,0.00013725063684082395,2.6399085690299044e-08,521.7956280000001,3.4136345209818853e-05,1.828051109274434e-07
2024-03-25,-3.293838958725292e-09,0.00016389769072849405,3.2405304059798846e-09,520.5010300384614,-3.9379154661122244e-05,7.684443247253398e-08
2024-03-26,5.5314691093094495e-09,0.0001322392406300718,-8.358294570723345e-10,520.8737287179487,2.775649465631493e-05,8.06596301753947e-08
2024-03-27,3.3091044955558517e-08,0.00011669725638671898,-4.009497179290741e-08,520.3974111666666,5.768118449421867e-05,2.351618040108459e-07
2024-03-28,-2.7809602169651545e-08,0.00018770290831397418,1.9609004186684083e-09,523.4454192051281,-2.076996368104687e-05,1.2872218282774702e-07
2024-04-01,-8.476887662190474e-08,0.00019362108049180996,8.274523451196234e-08,522.1853108974358,6.643743931177823e-05,2.6696615442180196e-07
2024-04-02,5.9697165577575195e-09,0.0002154682811514396,3.395011704484175e-08,517.6702586666665,5.475899273871813e-05,1.9303085505207408e-07
2024-04-03,-9.300870066995922e-08,0.00020465532608831164,3.4673708172886296e-08,520.0834736923077,-8.758362137101308e-05,4.0305988168767074e-07
2024-04-04,-1.9017111438469635e-07,0.0002731689121228724,1.702198328455885e-07,520.9382436538461,6.730042595928298e-05,8.671822399035378e-07
2024-04-05,-5.016975818965142e-08,0.00036129036250348335,6.522258190908014e-08,518.0225543589744,8.104750331390131e-05,6.877548578598673e-07
2024-04-08,-3.582506591803491e-08,0.0002218194956334112,1.4074548015616452e-08,519.0703917820513,3.12831027326914e-06,2.1985714641676568e-07
2024-04-09,1.8372200980323818e-07,0.000275171662068081,-1.5454662875921534e-07,517.1794412820514,6.181539317610287e-05,7.425075060016081e-07
2024-04-10,-1.0315548202427821e-08,0.0005018212546611623,1.677856173529873e-07,513.7988441153846,4.151269927745894e-05,1.1421150198546435e-06
2024-04-11,8.986133881161312e-09,0.00028221777893780323,6.241860503754171e-08,516.121310025641,7.411667191158685e-05,4.7289473195594095e-07
2024-04-12,-1.0293101270916455e-07,0.00041214907086320484,4.341037664599296e-08,511.7768726282053,4.764268357887565e-05,5.987212653951391e-07
2024-04-15,3.8821408123361394e-08,0.0004644580124131345,-4.927757568923013e-08,509.1748668205128,5.5695896157323236e-05,9.450246973976954e-07
2024-04-16,-1.258572438822426e-07,0.0004235967536383201,6.301045918966728e-08,504.26335724358967,-0.00012495384330929113,1.3861150322118286e-06
2024-04-17,-1.8710673898535122e-07,0.0004077428164837446,2.1968676951644868e-07,502.14591970512816,9.446303776618155e-05,1.166841984634756e-06
2024-04-18,-1.9625602133665997e-07,0.00044102499474544675,2.3308795288982017e-07,501.0550575000001,-2.7792213093740442e-05,8.605745992687288e-07
2024-04-19,-7.35729385456286e-08,0.0004243831924473018,5.4972859077281556e-08,496.9368472692308,-5.9441182455111894e-05,9.016742045802382e-07
2024-04-22,1.8515867764238556e-08,0.0002454621394149486,-4.914809820342238e-08,498.7218712692308,0.00011219335576581451,5.287043835086111e-07
2024-04-23,-1.605333554843259e-08,0.0002986139675480015,2.329809118076011e-08,504.9038076923076,4.815301789298959e-05,3.111731170052014e-07
2024-04-24,-1.5108049939325172e-08,0.000233003196735999,3.0772302245988337e-08,505.1415252179488,2.382995686115244e-05,4.88690453490831e-07
2024-04-25,6.280588027524203e-08,0.00027569155038709945,-7.313476701594529e-09,501.0879191153846,6.548232830633395e-05,5.728371296594888e-07
2024-04-26,-8.065890820410767e-08,0.00027174774872398274,8.062226810915469e-08,508.83673003846167,1.9935969700363563e-05,3.2833068882270694e-07
2024-04-29,-4.774278136520511e-08,0.00019427615825226742,1.6184344865723925e-08,509.6757834615384,-9.892728139206617e-06,4.171508925837586e-07
2024-04-30,8.968192185473723e-08,0.00022958645695138458,-9.075129103887844e-08,506.38321693589734,-6.681316735578366e-05,6.617560993928905e-07
2024-05-01,2.669949289477513e-07,0.00040547840954738464,-1.7693235373279192e-07,501.8590611794872,0.00013116736339332185,1.5550586907645368e-06
2024-05-02,-3.85362150249554e-08,0.000252005157133866,2.5407774726554637e-09,503.1521503974358,-2.494671958630121e-05,7.452001427892822e-07
2024-05-03,-2.62742742758787e-08,0.00024389632223068038,2.0733179268297264e-08,510.81092332467534,-1.8837605643527265e-05,4.7304288368428105e-07
2024-05-06,-7.008849605595676e-09,0.00011046139862438758,-2.749538954183543e-08,514.6714314415584,-7.371009227787424e-05,1.0927153948673278e-07
2024-05-07,-3.256149618053263e-08,0.0001915668312467419,4.3554474625387486e-08,517.6016746410259,-5.9541983502249304e-05,1.717048858870272e-07
2024-05-08,1.1428622130222539e-08,0.00013011202448253735,-2.612420873061812e-08,516.8846047307693,3.2232700077133206e-05,9.910087357069975e-08
2024-05-09,-9.309659417701304e-09,0.00015112714563518306,-2.1977313831318513e-09,519.0209573461539,9.847362100906229e-05,1.434712734960961e-07
2024-05-10,-4.2686071080674834e-08,0.0002128143100898785,4.793378741498333e-08,520.7273640512822,-6.936815381764065e-05,2.137288037954411e-07
2024-05-13,4.488431459399003e-09,0.00013435832234330995,-2.438445133535782e-08,521.0366589358975,6.406846371790458e-05,9.184469998762491e-08
2024-05-14,-3.3237020593755784e-08,0.00016541872219170124,-2.5640046075688266e-10,521.7905331025642,-3.6474232106060795e-05,2.5107702709152346e-07
2024-05-15,6.068826379950121e-09,0.000158381229015514,-2.1942051060463143e-08,528.068351051282,9.077264496434342e-06,1.2709107964522126e-07
2024-05-16,-5.914744226334374e-08,0.0001723441147484268,7.42998143969484e-08,530.2717609102565,2.5340766496597135e-05,3.0948553532552366e-07
2024-05-17,-1.0690232391159715e-08,0.00015348427962456123,1.6322746234414898e-08,528.7059798846152,3.319704144141713e-05,1.3286893575876555e-07
2024-05-20,1.8529943828966664e-08,0.00013476886967165398,-2.2122778469351568e-08,530.6570484358974,-2.0363332285318582e-05,1.0776261674054086e-07
2024-05-21,-8.455372342364053e-09,9.558457137564427e-05,-1.6908352544721337e-10,530.2789545128205,-1.899750590168451e-05,8.299298689799589e-08
2024-05-22,-5.1627153831448566e-09,0.00016502520361061813,3.572420893076013e-08,530.2129942307693,4.250125466828171e-05,3.2601553401938647e-07
2024-05-23,7.840323344070763e-08,0.0002855249966331754,2.1528161983087725e-08,528.7285754102564,5.1685198747013636e-05,5.213363414895751e-07
2024-05-24,-2.4654098705104323e-08,0.00019037113609425023,6.977553009168595e-08,529.1393858076923,0.00010226912399296099,2.97378772271107e-07
2024-05-28,3.163965998509314e-08,0.00021932561376923057,-1.4877635160337585e-08,529.3384331666667,5.292479148551837e-05,2.692721699214323e-07
2024-05-29,-2.5742156195830513e-08,0.00022755313199430304,1.4290113718646145e-09,526.5491962307693,3.668372774912559e-05,2.2948135999771293e-07
2024-05-30,-7.660616594000418e-08,0.00023753123390240057,3.1481362379158025e-08,524.020649,-0.00011720603192043437,3.0403775868440943e-07
2024-05-31,2.16708151999219e-07,0.00018787985812778385,-1.9522848329040428e-07,521.1206003333331,0.00011361135555238881,6.53190865701027e-07
2024-06-03,1.4705241355435523e-08,0.00026756197746474015,3.8967357579839626e-08,525.8474976363634,-0.00014831055975576493,6.642973799583317e-07
2024-06-04,-6.504903770330121e-08,0.0003053562779595214,4.197702963225732e-09,526.7629867051281,-0.00012326212885543252,5.360145493381432e-07
2024-06-05,-1.6400892240695653e-08,0.00018277223389912424,5.18254995764074e-10,532.2946412948719,-4.4687793082677236e-05,2.2618234432638102e-07
2024-06-06,-8.354081299570076e-09,0.0002106158387156673,5.376379952265801e-08,534.2357650128206,-6.589408925590481e-05,1.8613928534477438e-07
2024-06-07,9.373962577651618e-08,0.0001971077685817844,-9.084846157533839e-08,534.9859621666667,4.9714029093340786e-05,4.328320187534096e-07
2024-06-10,-1.683662851859794e-08,0.00016797616795967725,1.3130891708281918e-08,534.4905312307692,6.779409501101469e-05,1.598862951132504e-07
2024-06-11,7.144098087102318e-10,0.00021309870433868793,3.643354280832139e-08,534.6299331794872,-7.010265923393865e-05,2.8346112661307994e-07
2024-06-12,5.623916918504625e-08,0.0003056843493639199,2.356965670325428e-09,542.6313941153845,9.83114902008619e-06,5.630344953619657e-07
2024-06-13,-7.548798275271903e-08,0.0002582077880525359,7.320672927830677e-08,541.576767679487,8.268733589331115e-05,3.0457471660668215e-07
2024-06-14,-8.383584371524407e-09,0.00020249238986508786,5.750084185471705e-08,541.552498397436,-9.575094795575472e-05,3.066611974163514e-07
2024-06-17,-2.5139879156601396e-10,0.0001664118313257633,-3.4658902117947638e-09,545.2902052948717,-3.087160776787388e-05,2.438095241183209e-07
2024-06-18,-1.397499747162852e-08,0.0001878635675802241,2.0826942127428682e-08,547.6926100256411,6.244952595324863e-05,1.3252076033634358e-07
2024-06-20,1.1854549368987187e-08,0.000234730465093683,9.773441785114787e-09,547.8415044999999,-3.733121583061098e-05,5.522335685927896e-07
2024-06-21,-5.846613506478043e-08,0.00026662891601370053,1.007157596283489e-07,544.5005801666667,-6.587094850280033e-05,2.8497847068796493e-07
2024-06-24,-3.576483849003679e-08,0.00023632540753112211,5.34918367910615e-08,544.9576247051283,0.00010200892252450571,4.895935089752886e-07
2024-06-25,-4.0642337244084123e-08,0.0001909449354703269,3.25990438225242e-08,543.9405207179487,-3.996900891501466e-05,1.8261827771760462e-07
2024-06-26,-2.2218735821664175e-08,0.0002051030184990695,9.653401608588002e-09,544.519722448718,3.514160192184383e-05,2.6218302552674305e-07
2024-06-27,-5.066451198931398e-08,0.0002448692721874524,3.090884502291284e-08,545.7333924615385,-9.157860985272498e-05,2.787859295136478e-07
2024-06-28,-1.3813472443089082e-08,0.0002588995924456338,-2.6321378150887838e-08,546.8379464102566,6.070263674800558e-05,5.01430987640053e-07
2024-07-01,-1.4581880446653036e-07,0.0002456089794922877,2.0107129940127012e-07,544.6018843461537,6.440668622096038e-05,5.764489457514564e-07
2024-07-02,-1.7033307955929925e-08,0.00017651624084539185,-2.601976441074463e-08,546.4724179102564,4.907355201234136e-05,1.4735241182040802e-07
2024-07-05,-1.0086531857375005e-08,0.00011598457773920636,-1.2523931220022052e-08,553.4696909230769,-4.887073427471886e-05,1.374649068500979e-07
2024-07-08,3.70208950536547e-09,0.00010607908981538684,-2.9197455544528996e-09,555.073443525641,5.746789772876797e-05,7.825131001495049e-08
2024-07-09,1.4427914134843666e-08,0.00012899365166627483,-2.0159414849020816e-08,556.2199138461539,-5.1282879506562456e-05,1.200373007668102e-07
2024-07-10,-3.353635488060647e-09,0.00011560441198805722,-7.523390290705412e-09,558.7378965641026,6.203037612237047e-05,1.058774772409602e-07
2024-07-11,1.4284281206770943e-08,0.00030304579780687395,9.005019053841763e-09,557.750520653846,7.818649086907665e-05,5.212660688346443e-07
2024-07-12,6.561117621682845e-08,0.00018111532917870491,4.7121057515371476e-08,561.3900524871796,-5.1048809908884326e-05,3.3095236618410345e-07
2024-07-15,-2.3375774886916332e-08,0.00024115507857621675,5.268029471293604e-09,562.4063207435897,-7.490565372379853e-05,4.340466535042435e-07
2024-07-16,-5.041582963041302e-08,0.00028289364031419976,6.822248978930377e-08,563.3806538846154,-1.0889232167780544e-05,2.72567910495944e-07
2024-07-17,-1.2169033699210164e-08,0.0002595836659691358,8.53283910531932e-09,557.990759,0.00013772219830056836,3.378845738928161e-07
2024-07-18,-1.3770917279474809e-07,0.0003217438568967888,2.6563835779716305e-07,554.3775793974359,7.895846872647347e-05,1.073460340712173e-06
2024-07-19,-1.2598324974483215e-07,0.0003354254763412614,5.5763125738300186e-08,550.0649526666667,-9.26078601081621e-05,7.159376432709535e-07
2024-07-22,-5.85312083623496e-08,0.0003082860140780589,1.5461572881362957e-07,553.6053868461539,0.0001263317045446528,6.238942552659502e-07
2024-07-23,-6.372635104061703e-09,0.0002500901874698446,3.2641845369263566e-08,555.2787689743589,9.907733785389803e-05,3.4572566877714433e-07
2024-07-24,-9.217113605493251e-08,0.00024350226842457487,4.2267559300887113e-08,544.3241431410256,6.182986197630445e-05,4.3319038557125776e-07
2024-07-25,4.5269704327063623e-07,0.00035009534662071485,-2.6465994195712075e-07,542.8592759230768,0.00012901317802197456,1.2497148295808895e-06
2024-07-26,-9.662185028397932e-08,0.00035321222599866297,1.1633094027927962e-07,544.2775529358972,-5.664833199613138e-05,1.1327442251540588e-06
2024-07-29,3.9683753283733807e-08,0.00026373212557308646,1.0662055668538494e-08,545.355819628205,0.000186395906638228,5.901481144178363e-07
2024-07-30,9.349128527570185e-08,0.0003368408918298301,-4.615620673415704e-08,542.1814304230769,0.00011437610662446539,7.522744744720184e-07
2024-07-31,3.383269667113544e-08,0.00034961874592568087,7.099344515686785e-08,550.6214516666665,0.00012535792957677508,7.289501450372229e-07
2024-08-01,-9.614205233793155e-08,0.00044593825861322263,1.3408170254365912e-07,544.8118852692306,0.00015735995439992916,1.1134399498415427e-06
2024-08-02,2.2938428077431482e-07,0.0005308733502107208,-1.6917200935933523e-07,531.3647010641026,0.0001471575078618046,1.7368781728425867e-06
2024-08-05,-1.4699484413436334e-06,0.0008853510570468666,2.168614182954762e-06,518.3077372051282,0.0003140527072092111,5.1229982065487185e-06
2024-08-06,3.6662046400881674e-07,0.00043552039679860705,-3.7714033837048216e-07,525.696844897436,0.00033806981599550606,1.951248410170906e-06
2024-08-08,-9.604193400285146e-08,0.00044528294020296005,7.742362470727777e-08,528.3794879615385,-0.00011300461271541983,1.3262571415815582e-06
2024-08-09,-2.610450235713132e-07,0.00048108928672618774,4.204420354833447e-07,531.6169687179488,0.00015352927031834595,9.972018422487453e-07
2024-08-12,5.882547775599211e-08,0.0003454015278888573,-4.797143076845513e-08,533.3690047435897,2.3769260516285243e-05,1.1190000154670336e-06
2024-08-13,-6.204517586313012e-08,0.0002545089788392712,2.5551477380603086e-08,539.718179897436,-2.905873031962379e-05,2.8754982674209526e-07
2024-08-14,-2.3173171900606094e-08,0.0002872301014278622,9.316593535318319e-08,542.9628901923079,-5.140366852889216e-05,6.092877966181968e-07
2024-08-15,-1.945545945662869e-08,0.00019184849677057522,-2.939226886040358e-09,551.8188541666666,0.00010120749811455417,2.151753876233757e-07
2024-08-16,-2.278588220231974e-08,0.0002630297589921945,4.91800756723593e-08,553.622256025641,4.486040330110777e-05,1.991047408752861e-07
2024-08-19,-3.307487040461459e-08,0.00018707826925704044,2.9083586210888405e-08,556.8812673461539,2.71334033744856e-05,2.812465627383297e-07
2024-08-20,7.925122318507644e-09,0.0001941886067845299,3.549013057475072e-08,558.8011759230768,0.00011737789171806663,2.9660090350892036e-07
2024-08-21,4.107364885864587e-08,0.0002234197622077518,-1.1443882610748574e-07,560.0573389230769,-9.090951816866189e-05,5.410161234572967e-07
2024-08-22,1.7147813625019897e-08,0.00031157641662597806,-5.110887725633796e-08,558.4066243333332,-3.5563113317977694e-05,6.745618228057074e-07
2024-08-23,-8.215458423250709e-08,0.00034714668151617726,-2.055835769076896e-07,560.5835316153846,0.00019132173011707877,1.0935196056147713e-06
2024-08-26,-1.4273576529683858e-09,0.00028795882659916184,6.417837070211742e-08,560.8980504743589,0.0001523934009972963,2.927554648895948e-07
2024-08-27,-5.1571705478626506e-09,0.00024328906164276342,-2.8241562070678565e-08,561.0606715641026,1.802235674772165e-05,2.205611098343145e-07
2024-08-28,6.720360458300444e-08,0.0002129889251382057,-1.0068858664004596e-07,558.3756286666667,3.51211239471022e-05,6.135026353582209e-07
2024-08-29,-9.306423356535669e-09,0.00039157568597147815,7.619021395905177e-08,561.3333461410257,-0.00013742610224550436,6.018960373943303e-07
2024-08-30,1.1833395186066688e-08,0.0002222534695487078,-7.939224300523386e-08,560.1061850641025,7.220454532465028e-05,4.860112239307028e-07
2024-09-03,-1.5701868550069923e-07,0.0003330363391755466,8.906928736230485e-08,555.0836106410255,9.841059432715674e-05,6.724818316137949e-07
2024-09-04,-4.532590881118661e-08,0.0004625348803301998,2.43287752305572e-07,551.6497383333332,8.951699263476193e-05,5.680277524248305e-07
2024-09-05,2.9195625621304657e-08,0.0003074690488283391,-1.4069013709448466e-07,549.7736279487181,-0.00021954499566135348,8.819635297445093e-07
2024-09-06,-2.043182684687127e-07,0.0003801535504747229,7.156202310811655e-08,542.0265584230768,5.934233811506724e-05,1.1386071900112418e-06
2024-09-09,-6.685119778969318e-08,0.0002542436643460474,3.698884370932636e-08,545.5371151666667,-4.8422530239404926e-05,5.314428305584655e-07
2024-09-10,-1.1692092992522772e-07,0.0003233238104600623,1.569139727214471e-07,546.8875954615384,-0.00011262742336238794,6.591738303834219e-07
2024-09-11,1.719168704648229e-07,0.00028495376221046446,-3.7357576566539984e-07,547.268310820513,-0.00013075339822319365,9.068193495183915e-07
2024-09-12,-7.849780003020313e-08,0.00032329866736042687,6.157130467438363e-08,556.7197456282051,0.00021645387873196604,6.820550513932438e-07
2024-09-13,-1.7911949091070917e-08,0.0002045263848333587,-5.249416459076579e-08,561.8513632692308,0.00010295742284287676,3.0707676080742253e-07
2024-09-16,-2.292654329933894e-08,0.00023379747388770032,1.2649847926074704e-08,561.7173731153846,-0.00019752242168111697,3.616044120063136e-07
2024-09-17,1.950185484625643e-09,0.00030048521533570307,-3.173994543924192e-08,563.646899423077,-4.959543919788702e-05,5.154664746927407e-07
2024-09-18,-2.3305693006549016e-07,0.00039070135277564726,-1.6766222389443442e-09,563.2638365128205,0.0001726173176833126,1.6589987719717164e-06
2024-09-19,-4.383251654459292e-08,0.0002878141294098705,7.26897764779253e-08,571.197096846154,-0.0001262889302509786,4.612281173200647e-07
2024-09-20,3.2798098674650604e-08,0.00021820126892786932,-2.694372407609013e-08,567.4542692820513,7.208623199468025e-05,2.9314093122550635e-07
2024-09-23,-3.794460270946098e-08,0.00024967314062829363,6.079917161342659e-08,569.2617002564103,1.645817457744217e-05,2.038798170054332e-07
2024-09-24,-2.0434846682953538e-08,0.00020975713338778642,-6.93193725239146e-09,570.1381549615386,6.991820295812007e-05,2.1667412568893467e-07
2024-09-25,-1.1095299439264234e-08,0.0001628244423576296,-1.3803374570344812e-08,570.4467087948718,-4.372518833702472e-05,1.305689781677487e-07
2024-09-26,-2.7349708745204966e-09,0.00020986415593016674,-1.1827047902861134e-08,571.9916830897436,2.0235426114722095e-05,2.543043011209299e-07
2024-09-27,-3.8341645521765224e-08,0.00022544083894556174,1.9318565831888583e-08,572.4317755384615,5.339552455562573e-05,1.9965746900279042e-07
2024-09-30,1.1835920945893186e-07,0.00021048727931530199,-1.402915246554133e-07,571.2108485897437,5.521832215309304e-05,3.602682813398943e-07
2024-10-01,3.820420918265512e-08,0.00033503220798779254,-2.3661358618421533e-07,568.6788137435898,8.031459727598536e-05,8.590302768738407e-07
2024-10-02,-2.1720291492593033e-07,0.00030057415666438113,2.301616265520974e-07,568.6709276410257,6.63563823149953e-05,6.247684552008849e-07
2024-10-03,-8.321309555363715e-08,0.0003064784872698932,1.0139283430878257e-07,567.3553415384615,0.00015013388786297438,7.759612307929083e-07
2024-10-04,-5.535776528163252e-08,0.00025590192157813764,-7.713694175742823e-08,570.6302900128204,-6.111419568885118e-05,6.570227590314656e-07
2024-10-07,-7.080913623556699e-09,0.0002916404733219321,-3.624767905957842e-08,570.1361908333333,9.030375490204306e-05,2.9793746790701855e-07
2024-10-08,-1.3717115911841256e-08,0.0001966944517336316,1.3415564177654982e-09,571.772562974359,6.678239998852109e-06,1.9090523694315402e-07
2024-10-09,-1.6250957019801096e-08,0.00017154089888038313,-8.91112242277079e-09,575.7064274871796,-6.269972169285962e-05,1.841937790440191e-07
2024-10-10,-1.2210266220216721e-08,0.00022135390709806507,-3.054771054232709e-08,575.9553483974358,9.821903284567285e-05,2.2771576377482417e-07
2024-10-11,3.253574675576379e-08,0.00014156771601746206,-3.319162018873533e-08,579.1049331153846,5.9389054448219564e-05,1.745569039771966e-07
2024-10-14,-1.3986712094392209e-08,0.00013888737782843526,-5.363075157332398e-09,583.641660551282,-6.23822002640058e-05,1.5171887138361973e-07
2024-10-15,1.1168528576299265e-08,0.00028757966788327136,4.882114837441656e-10,581.6439243076923,-9.738060126161274e-05,2.834251626903307e-07
2024-10-16,1.414097904056759e-08,0.00014455844215718154,-7.528273312837245e-09,581.0876803846154,-3.6008285289311765e-05,1.7225857427841128e-07
2024-10-17,-1.250370933956521e-08,0.0002155639559902052,-3.5298270376313044e-08,583.6836323461538,6.238652478069501e-05,3.037125661191674e-07
2024-10-18,-3.578157119789176e-08,0.0001734766951960077,7.366343078368326e-08,584.2601477564102,-4.977832023695484e-05,1.4557841449111336e-07
2024-10-21,4.3593012587771656e-08,0.00015605144587954166,-2.4146216898707287e-08,582.7738493717949,8.100692902806204e-05,2.1791303712458415e-07
2024-10-22,1.0617337756298235e-08,0.00017548715525508995,3.4963161910993693e-09,582.5311947179489,0.0001206660964938101,1.420247289487986e-07
2024-10-23,4.625978982277116e-09,0.00021915435580464106,2.1108647428579078e-08,578.4042995128204,-4.204789274059019e-05,3.9097216200590696e-07
2024-10-24,-3.1601274986179636e-08,0.0001983619128896384,3.074999798133983e-08,578.8339517692307,5.149535795985447e-05,3.5154558542889457e-07
2024-10-25,-9.775068092138013e-08,0.00024357103999237043,7.163664862932755e-08,581.4668676025641,9.052789743829307e-05,4.53509435561871e-07
2024-10-28,-7.40159033535238e-08,0.00021066151264554706,7.312730726288351e-08,581.4699263717949,5.1942398182754176e-05,2.141155062090786e-07
2024-10-29,-1.004208137835828e-07,0.000237159999358245,1.0920562737664045e-07,581.5682962820513,0.00015842568156478444,3.075222449400007e-07
2024-10-30,4.461692991999172e-08,0.00020243857186032877,-9.048730527971944e-08,581.7342117179487,-0.0001432355388288609,2.826784646677839e-07
2024-10-31,-3.7401209803431525e-08,0.00026125991235395157,5.213115887395493e-08,571.3279922948719,-3.995788403080855e-05,7.095999846375801e-07
2024-11-01,-4.441047469909848e-08,0.00023942129117347755,5.162518395889127e-08,573.1295004615386,9.951273234351675e-05,6.145765471378545e-07
2024-11-04,2.9499178864873654e-08,0.00017197509610938674,-9.435825554606991e-08,570.5727416538464,4.4252183441540464e-05,4.042507769387591e-07
2024-11-05,-2.056604521677657e-08,0.00023939415763012684,1.2043046850741041e-08,575.1299644487177,6.669095534886846e-05,3.250810996606382e-07
2024-11-06,6.273052911663652e-08,0.00020891033630237164,-6.767724590332261e-08,589.2029062051283,4.2825926865819356e-05,4.1981215659320723e-07
2024-11-07,-4.91122546650367e-08,0.00021055184171663477,2.685316042647668e-08,594.8927990897436,2.5468780807561972e-05,1.868001468078844e-07
2024-11-08,-1.2143676587861942e-08,0.0001576678917063318,9.848830464014675e-09,598.0592505769231,3.2692098305437065e-05,1.1496008710047831e-07
2024-11-11,-2.8551420393808484e-08,0.00017940576460445377,3.0757491948351365e-08,598.6905888974359,9.143739925724124e-05,1.4762339620349139e-07
2024-11-12,-2.9435569169947927e-08,0.00017748448133464572,1.7647218437093643e-08,597.2274697692307,-5.874560933287618e-05,2.497809569789285e-07
2024-11-13,-4.9139733539085715e-08,0.0002124500731415883,-2.7139348151590586e-08,597.8043904102565,8.654159927782583e-05,3.19704869553703e-07
2024-11-14,-5.9380492978970847e-08,0.00022943055256316266,6.854695567406037e-08,595.2968972307693,8.095831774151358e-05,5.858370030237447e-07
2024-11-15,-6.61862665168693e-09,0.0003199175541738789,4.9359021144097035e-08,585.9306776666667,0.0001173884289866196,3.780608845543365e-07
2024-11-18,-1.3807684638979519e-08,0.00019340984648504503,4.4222110918987753e-08,587.8983704871796,0.00012550435008754033,3.103099268893955e-07
2024-11-19,-1.5571634300425045e-08,0.0002585598113938711,1.565812542743915e-08,588.6886717307692,-5.148211919188247e-05,2.474140356860895e-07
2024-11-20,9.786836492365854e-08,0.00022077336230331727,-1.8925693037285273e-07,587.3911191153845,9.483637928327654e-05,6.485175148244818e-07
2024-11-21,3.659481516971198e-09,0.0002563370931786249,-2.926920440532256e-07,592.6970898461539,-0.0001312230449257537,1.105399459669098e-06
2024-11-22,-6.182706218766439e-08,0.00024304190360187507,1.4111353278453578e-07,595.10253,0.00010936498726222285,4.380322982278569e-07
2024-11-25,-3.216353343582315e-08,0.00026521486519724626,2.4365299862800184e-08,597.5465841666668,9.524212853144016e-05,3.4316703085727145e-07
2024-11-26,-4.1255089653350744e-08,0.00022995858465332358,8.54909815921457e-08,599.6399343333333,8.70977465949178e-05,1.8058642053832397e-07
2024-11-27,-5.638421695425584e-08,0.00023681565859515777,4.6471940072904736e-08,598.8342374871795,6.462005177606198e-05,1.7273637801498294e-07
2024-12-02,-9.04135076246689e-09,0.00015362828434632817,1.8467541089549415e-08,603.5065028333332,5.4702324596412275e-05,9.492132141945677e-08
2024-12-03,6.619029071591148e-09,0.00014217138189553423,2.039787118297975e-09,603.3369073333333,4.009167598777444e-05,8.886557964403858e-08
2024-12-04,-4.8005983670229225e-09,0.00010494496709244352,-2.1322217716395404e-08,606.3794551282051,-3.212357146995784e-05,8.192503340415122e-08
2024-12-05,-5.571869109006401e-10,0.0001174005030754659,-1.8201708773108293e-09,607.4688512179487,2.212751929647084e-05,1.2735817953907695e-07
2024-12-06,-1.2986457049711447e-08,0.00017847490873882323,1.3753683719638244e-08,607.8989793333332,9.19532598900819e-05,1.0793815406407e-07
2024-12-09,6.794767607877844e-10,0.00012782398126880728,-1.3905563132380791e-08,605.6664564102563,-2.6901386313639815e-05,1.1951223718290438e-07
2024-12-10,-2.8596846406351416e-08,0.00013072548202722255,4.62750148435325e-08,604.280940448718,6.675126815041792e-05,1.3138132280496152e-07
2024-12-11,4.0158982950330283e-10,0.00011121145846161343,-3.6686018701685966e-09,607.5524561153846,5.349024019547973e-05,6.730065622369444e-08
2024-12-12,-1.5294742004773235e-09,0.0001868496012306096,1.8593788075475075e-08,606.0125586794871,7.74004560555195e-05,1.4524142005832104e-07
2024-12-13,-8.967501272344527e-08,0.00023398164184036313,1.068885902773023e-07,604.2408582820512,-5.4759112847163995e-05,2.467151164255389e-07
2024-12-16,1.0076484470493937e-08,9.590306593715146e-05,-2.275670763525717e-08,607.008332397436,3.480064276578549e-05,9.731162603692989e-08
2024-12-17,-8.349027646533442e-09,0.0001844144559905494,3.309274023008351e-08,604.1162777820513,6.47046687226886e-05,1.804101325735704e-07
2024-12-18,1.0589686093009698e-07,0.00028111133389874135,-2.2329701546872746e-07,602.5142050641025,-0.00011324042165801789,2.51808744571954e-06
2024-12-19,-3.480275043098791e-08,0.00046518436626732533,3.122796389607153e-07,589.240492897436,-0.0001849644959460791,1.276410684887233e-06
2024-12-20,-1.9675584673628174e-07,0.0003493618312711747,1.2007423546184125e-07,591.1466466794873,-5.600436175956622e-05,1.510094021552528e-06
2024-12-23,6.046093971043179e-09,0.00034036899561189926,1.1152583480852847e-07,592.0441091666665,0.0001483674068459973,4.6186261969777786e-07
2024-12-26,-1.2650749026083566e-07,0.00025046517351820274,1.1120319693279481e-07,601.1031528717948,2.2296012815369545e-05,3.884681505323381e-07
2024-12-27,1.5074106784862298e-08,0.0002815752316444868,8.089911353831027e-08,593.5722103846152,-3.1842306572482737e-05,9.483780088072606e-07
2024-12-30,-7.38778997746067e-08,0.00031662567381801935,8.362292642949015e-08,589.0527510769231,0.00015770694476712247,7.956941246651412e-07
2024-12-31,-1.2553656104214044e-07,0.00035711589994441687,1.2594203337172575e-07,586.9469748461539,0.00010039735873264778,1.0304707442096316e-06
2025-01-02,6.083435835009886e-08,0.0005452562141017434,4.539057956875119e-08,585.1417106666665,-0.0002481134371232132,1.912163340597063e-06
2025-01-03,2.1495040262101456e-08,0.00020112568616301085,-7.76297696082719e-08,590.4550439871795,-0.00010237297435930132,4.6251006055804493e-07
2025-01-06,1.168257669700152e-09,0.00034151480292417144,1.236916733330557e-07,597.2088211153847,0.00021819651868025923,3.431532255809354e-07
2025-01-07,1.013570750221761e-07,0.00023104629285157317,-2.5899505495802834e-07,591.4848080641025,-0.00038216449392829605,1.0430363418451771e-06
2025-01-08,-1.4712414621468554e-07,0.0004259467829501372,2.5156879833311127e-07,588.1279002307691,0.00019725359522961724,1.1697283699667768e-06
2025-01-10,-1.3477446844091574e-07,0.0003663115143869711,1.706997422101999e-07,581.3782007179489,-0.00012680967219486547,1.3694734414426866e-06
2025-01-13,-6.66250544229864e-08,0.0003676540036455892,1.5813914798089482e-07,578.6163161282053,-0.0001506081976817672,8.49467037822729e-07
2025-01-14,1.7409198843308782e-07,0.00029905508021607483,-8.910879983792595e-08,581.5968905384615,-7.414411928971773e-05,9.803880294720727e-07
2025-01-15,-9.034010075369388e-08,0.0003112884365829859,1.2472594227373768e-07,592.0126964230769,0.00012096333946898508,4.0014296209877477e-07
2025-01-16,-4.7689327124644524e-08,0.0003581892560437298,1.4438747266943065e-08,592.7466770128206,6.456188428111466e-05,4.5508006897129877e-07
2025-01-17,-7.57047998600104e-08,0.00020579909266274157,5.8192841635191955e-08,598.1754036666666,0.00012877169825581438,2.2416751960240486e-07
2025-01-21,-1.8364659175987604e-07,0.0002293660814504221,1.3918830942373064e-07,601.515579923077,0.00013386092160641775,3.5351001052111736e-07
2025-01-22,-4.2165791582930924e-09,0.00013222867555246645,6.651092073736628e-09,607.0595838974358,4.9813960813570164e-05,8.814477428929226e-08
2025-01-23,2.5231487633635168e-08,0.00011612308287528241,-3.095297830754964e-08,607.3307067307693,4.849531608562694e-05,1.1883324750403901e-07
2025-01-24,-2.9008986859215323e-08,0.00019762404432098013,4.3519719797899995e-08,608.744054846154,0.00010760504220740005,1.56244361433675e-07
2025-01-27,-8.166159140493423e-08,0.0004463211493793065,1.5746236641007916e-07,597.4437485641026,0.0002404632907974547,7.844364435395723e-07
2025-01-28,-6.891640248965867e-09,0.00019689858268531643,-4.8799957269722365e-08,603.1543025897436,0.00012616351152411478,4.285305771505008e-07
2025-01-29,-1.1193177557105147e-07,0.00037716863457225183,8.124407275256711e-08,602.3025468333333,-0.00012122675058424804,8.81282754489687e-07
2025-01-30,1.4865276946955987e-07,0.00023576535480067352,-1.7077374300233457e-07,603.9518936538461,-0.00013610343793600123,9.498575112512896e-07
2025-01-31,-6.198702213172692e-08,0.00031488610787753704,4.6182187085036304e-08,606.7995741282051,-9.589646305675493e-05,7.336699623853871e-07
2025-02-03,8.971648709101564e-09,0.0004770639551737543,2.8402358627283356e-07,597.4534202307692,0.00027735479798565005,1.5903153137792299e-06
2025-02-04,-2.7896179638395174e-08,0.00018603720628719792,2.1660481891914283e-08,600.9473457179487,4.8051662808669126e-05,3.2124310387508765e-07
2025-02-05,1.3202906110486264e-09,0.0001678089261960165,1.3558033536722341e-08,602.197497551282,0.00017216046793079798,2.9187160970151967e-07
2025-02-06,6.160312242244217e-09,0.00016919567593120445,-2.234304233715456e-08,605.0922189487181,-3.817832190511967e-05,2.856902316549017e-07
2025-02-07,-6.297363709012241e-07,0.0005031219871746048,7.35736034087122e-07,602.6623405512821,0.0002949246847033097,1.4135708298315266e-06
2025-02-10,3.0718116827066925e-09,0.00015224474534196968,-4.0130635666843254e-08,604.5383209871796,-7.961636273990883e-05,1.1180552554474546e-07
2025-02-11,2.600217018041745e-08,0.00015364514119401248,-3.723041881408715e-08,604.4206436538462,-3.9488457096853544e-05,1.4711275334038612e-07
2025-02-12,3.788279211545869e-08,0.00021816418926648591,-4.8077481688831405e-08,602.6951109358973,0.00013761173833926025,4.7506777711406756e-07
2025-02-13,-5.666323287187091e-08,0.00022041366308614532,-1.5776347703161383e-08,607.0559015384616,0.00010043212922836862,2.85856564191903e-07
2025-02-14,-4.0957961474233575e-09,0.0001360693793944862,-2.8114670669672157e-08,610.1135092179488,2.309221005360186e-05,1.2587757633224492e-07
2025-02-18,-4.340692679393985e-08,0.00020982226392646044,3.526328611093241e-08,609.9896673974359,0.00013746742684012396,2.495353183934749e-07
2025-02-19,-3.3487475357746376e-09,0.0001230474386584086,7.816495002477936e-10,611.4675703076924,-7.411552715186368e-06,1.519404249796211e-07
2025-02-20,6.901450060366858e-08,0.00017916591374371967,-1.0324402089315957e-07,608.8196875641024,-0.0001644681939794049,3.3175412352700893e-07
2025-02-21,-5.111431468474279e-08,0.0002662704719749541,-2.406085454174143e-08,604.1852099358974,8.943508011233132e-05,3.734629564260453e-07
2025-02-24,-6.103853691451975e-08,0.00030269570063689964,-1.545691907097583e-08,599.8832408205128,-0.00014962546434089607,7.473422634267676e-07
2025-02-25,4.09178984377932e-08,0.00031658244334678353,-6.54049353316905e-08,593.8593244358975,0.0001584242499734929,1.1766370225903349e-06
2025-02-26,-2.7424748608641693e-08,0.0003829866891531926,6.65480624721485e-08,596.162455551282,0.00012148761891128912,6.613791702131471e-07
2025-02-27,1.5981001203027504e-07,0.0004846847803565828,-4.0168951020588535e-07,592.4728803333334,-0.00020662653743353055,1.5019869367898415e-06
2025-02-28,3.822906356636954e-08,0.0005622786753507775,3.3740246254554817e-07,586.8558266794871,0.00037225302564625987,1.9287121199837473e-06
2025-03-03,2.2775066590575074e-07,0.00041507593588528446,-2.700451190222159e-07,590.2846056923078,-0.00011354275240415756,1.860007629522905e-06
2025-03-04,3.5030283862736123e-07,0.0005683089928105454,-5.183113654727262e-07,577.9273817820512,-0.00037143934508096987,2.3202162771263967e-06
2025-03-05,-1.8424582149062264e-07,0.0006364888567824954,2.9681501307294526e-07,579.3048771666668,-0.0002196709342723227,2.2452604977057573e-06
2025-03-06,-2.367847393648208e-07,0.0005056457959677205,-2.3497114494759674e-07,574.2743744615385,0.000193656498572808,2.384003642509567e-06
2025-03-07,-4.52127908684804e-07,0.0006110046619413,2.682607944747847e-07,572.4803876410257,-0.00016727869154496355,3.1993743285412463e-06
2025-03-10,-2.103481909140824e-07,0.0006106604198144565,6.131890905259174e-07,562.7406955384615,-0.00016551965928179472,2.1345356293904945e-06
2025-03-11,-5.870838897359111e-07,0.0008004037104626348,9.924382549472313e-07,557.2615813205128,-0.00011204743655905028,3.7499856843276936e-06
2025-03-12,-2.4380320728555948e-08,0.000584863961860229,2.191992027219228e-07,559.3110847179487,-0.00012175389378216204,1.5141628882671973e-06
2025-03-13,-1.276838458195174e-07,0.000640428616002408,3.0944411859038e-07,553.6148426666667,-6.801757220829311e-05,1.7012391874059203e-06
2025-03-14,5.845992731949217e-08,0.00037026085929205637,-5.89205737346599e-08,560.746327179487,-0.00031109198276276526,8.134520228534617e-07
2025-03-17,5.326326062093887e-08,0.0003312206561925869,-1.9232447379768594e-07,566.0677555641026,0.0001639190746135889,7.936905268061739e-07
2025-03-18,-1.2575883133359136e-07,0.00040134001664718464,5.1289651980937166e-08,560.8319963589744,9.491997645106679e-05,8.584588362385425e-07
2025-03-19,1.2244945996721758e-08,0.00037092440276549474,1.1202030201208686e-08,565.2608919358975,-9.275996117308937e-05,1.1021214085663412e-06
2025-03-20,1.9342683162540413e-08,0.0003676036854367148,4.999157936745517e-08,566.7992125897437,4.562082579027209e-05,1.0394377520742377e-06
2025-03-21,2.9876684888279347e-09,0.00033568480811458056,-1.9773917838523402e-08,561.4915524487179,-4.1723746439604375e-05,7.528940641480094e-07
2025-03-24,-2.6240237657882647e-08,0.0002387295109826426,2.9175989799939734e-08,573.265048602564,1.486858273344603e-05,3.159749841373258e-07
2025-03-25,-1.0753178279525934e-08,0.00025208461159398625,2.6857209240085865e-08,574.8830733717948,8.78989359104454e-05,1.9653535613226417e-07
2025-03-26,1.7494407388757386e-08,0.0002837282188253379,-8.671279640728534e-08,570.6672687179488,4.7617094591845284e-05,4.803396745490583e-07
2025-03-27,7.570709966002438e-08,0.00032646051346982594,-4.253247700341471e-08,568.4370542948717,0.00025445214750249254,9.348417026567702e-07
2025-03-28,1.4710219363755526e-08,0.00031889481438551867,5.6009891872756774e-08,557.9213628076923,0.00012419602481830022,7.565102215464433e-07
2025-03-31,-4.057519186509022e-07,0.0004958030730512366,2.1384458574414541e-07,553.9500007948718,6.091518412549921e-05,1.8046091270677781e-06
2025-04-01,2.1800610851578956e-07,0.00042033680682930426,-1.5399432138370346e-07,558.9979798717949,-0.0001566872026023788,1.2133721385864975e-06
2025-04-02,3.9232734195806276e-08,0.0004034319633332438,-7.011224646861581e-08,562.7854781410256,-8.968668604208432e-05,1.3756843689738853e-06
2025-04-03,4.562418626542241e-08,0.0005977784830056921,2.7679886413233323e-07,542.407432628205,0.00010385012486137566,1.4897710862792033e-06
2025-04-04,-1.8302831124785605e-06,0.0011920769184211749,1.4767688619247495e-06,513.8016422948717,-0.00038493567610284373,1.0959281189360505e-05
2025-04-07,-3.1889017659083245e-07,0.0017482910928786812,-2.4460788966056754e-06,501.14794248717953,-0.0014895297966634727,5.906359986309685e-05
2025-04-08,7.078343763780553e-07,0.0010324784947934652,5.002480002354093e-07,510.000389551282,-0.00016090281257348613,1.0533301419177245e-05
2025-04-09,1.935257082238898e-06,0.0013667373411770664,-9.152936037265755e-06,513.8489214102564,-0.0005527308754329438,2.5444429571257565e-05
2025-04-10,-6.727420625577452e-07,0.0015570886283709042,1.2147936760181694e-06,523.6892123717947,0.00023163593946716015,1.5339490535397783e-05
2025-04-11,6.382849097375145e-07,0.0012977052675821,-3.8275712329842327e-07,529.4198916410257,-0.0002467060406098756,4.666181425896207e-06
2025-04-14,-6.038509508683372e-07,0.0006730050644713388,2.270814620483441e-07,539.5997755641026,-0.00028628591867414885,2.3842682147009074e-06
2025-04-15,-4.614017045597363e-07,0.0006149667636576126,4.128599512379306e-07,539.6665347051281,8.021436651689992e-05,1.4526067704099522e-06
2025-04-16,5.6224141325602684e-08,0.0005295983463058269,3.5295304736969324e-08,528.921070102564,5.537916182683468e-05,2.2752995965178517e-06
2025-04-17,3.698056225070297e-08,0.0008311336538148026,4.4153789713580687e-07,528.1043258846153,0.00023835949912822505,1.6445120099044213e-06
2025-04-21,1.9570588219336263e-07,0.00037534989467196295,-2.949911035594058e-07,512.3909034102563,-0.00012280941169889406,9.840458602507007e-07
2025-04-22,3.4712745046807435e-07,0.00042558500757096087,-4.086123778255915e-07,524.9605293846154,-0.00011498282928041514,1.6037852955898368e-06
2025-04-23,1.5099576599791683e-08,0.0007564398832832543,-2.2312701286511398e-07,538.631761102564,0.00010596077800339495,2.2849429584777458e-06
2025-04-24,3.5297077138709384e-08,0.00034344923869187644,-1.669301342913933e-07,543.7418864999999,0.0002132070183978584,7.428893429700462e-07
2025-04-25,1.9362597428770057e-07,0.0003941145145003493,-1.0270492874390973e-07,548.2207973205129,4.4543429646795636e-05,1.1230651107868182e-06
2025-04-28,2.4656197402847618e-08,0.0003568226889333457,-9.05348444387817e-09,548.7723336538462,-0.00011990282220002946,1.0620161114248015e-06
2025-04-29,-3.959383192454066e-08,0.00040229940170271434,-1.162488670673498e-07,552.8612634615384,-0.00018633241157652806,9.457916906149221e-07
2025-04-30,2.434443210503556e-07,0.000406908323964107,-4.6470812979002644e-07,548.7999693076923,-0.00014492903449201894,1.6907845344249674e-06
2025-05-01,6.70678828076264e-09,0.00035464283509148447,1.0522170044145932e-08,561.3394551538462,-0.0002025769051141993,1.2384083320628295e-06
2025-05-02,-8.56853931497286e-08,0.0003691581155912921,1.0771083112797696e-07,566.521270269231,7.982676051991083e-05,6.438750717470608e-07
2025-05-05,-6.511011248882939e-08,0.0002681238642155864,2.5993843253903212e-08,564.8917111578947,5.312906452044368e-05,3.592821167342076e-07
2025-05-06,2.0552585725154335e-08,0.0003008168945113774,1.536707024955812e-08,560.1647193205127,0.0001364685037658112,1.1984660171805249e-06
2025-05-07,-4.920792958062785e-08,0.0005341224454691604,-1.8112605957372372e-07,560.015206679487,-5.3629502021560015e-05,2.217678094610606e-06
2025-05-08,2.2770401930578922e-07,0.000291222485876862,-2.8928183932107213e-07,567.1694746282053,-0.00010153140376647658,9.88218136892103e-07
2025-05-09,-1.855570793633533e-08,0.0003337845443275425,8.015314656895775e-08,564.7860751923077,-3.365212949318592e-05,5.138270824360559e-07
2025-05-12,-5.48619763208519e-08,0.0003155953292710367,-1.9633102664559052e-08,580.4195990256411,5.656946238285735e-05,5.900602681413944e-07
2025-05-13,4.729625371929019e-08,0.00021923172901110727,-4.1155609711056286e-08,587.4924664230767,0.00014373281253248445,3.4864852765705975e-07
2025-05-14,-3.3866310802011505e-08,0.00030985552276692214,2.1923774787924195e-08,587.3907552948718,8.528113099734592e-05,4.4321676055235285e-07
2025-05-15,-5.280895650001521e-08,0.0002852315618424368,1.9510121582008494e-08,588.6910763589744,-6.396605753458852e-05,4.172434133381203e-07
2025-05-16,-5.563056112670519e-08,0.0002531321600765344,9.21823694878413e-08,592.1748964615384,0.00011030034347816048,2.3577762296055563e-07
2025-05-19,2.5956267860886545e-08,0.0002927821080269312,3.532838511494507e-07,593.4219731025642,0.0009478239283517958,2.9413258830965425e-07
2025-05-20,-2.06156199113797e-08,0.0002567485078175014,5.747357626719421e-08,592.6513667179488,-2.9842746658552173e-05,4.097746212001899e-07
2025-05-21,1.259108141159271e-07,0.0003858703920688371,7.967294872069998e-08,588.3959353461538,-0.00014273670329730694,1.3694823575748368e-06
2025-05-22,4.871205220838586e-08,0.00035158346791812844,-3.653585687010839e-08,584.223072076923,-0.0001433467983013763,6.146374571296797e-07
2025-05-23,-1.0512410923565888e-07,0.000301180658090683,3.8354819098394755e-08,579.2472787820512,7.548311402875411e-05,6.423111033541107e-07
2025-05-27,-1.4998360225752758e-08,0.00014560067167445186,-1.4958555715537166e-07,589.3070454487181,-0.00011340824939248574,1.6648442812294947e-07
2025-05-28,-6.586299957461134e-08,0.0002521850077124638,1.6274676867494485e-08,589.9211757179486,4.872607760517831e-05,4.0227732054352235e-07
2025-05-29,-1.9912442842234984e-07,0.000391257498422559,1.0683214708526262e-07,589.4177945641026,-0.0001449519265321952,9.388092689110337e-07
2025-05-30,3.67088846806737e-09,0.00037962671506181785,-8.81760449920288e-08,587.8409191923076,-8.475366207519064e-05,8.168364199444401e-07
2025-06-02,6.671876528201166e-08,0.000317760535420998,1.792063874157476e-08,589.8603057307693,-0.00013571527639509974,4.955920322540987e-07
2025-06-03,-2.4412139108043518e-08,0.00019764931509866164,-1.7484068529702736e-09,595.3359112179488,7.552689960150898e-05,1.7837484588700846e-07
2025-06-04,-3.0939414204288726e-08,0.00021501472006877956,1.84442605497734e-08,597.0677039102565,0.00013201472751708877,1.8587584320276751e-07
2025-06-05,9.156235850283158e-08,0.00032643478967565897,-2.8800792180637327e-07,595.9595316282052,-0.00011657718256625262,1.013794963867886e-06
2025-06-06,-3.2098209044912775e-08,0.00018323336773426756,-2.8597789654112834e-08,599.1476685641026,6.640087445839574e-05,3.883057178368633e-07
2025-06-09,1.3213198772683376e-09,0.00014671347889002163,1.575236047588975e-08,600.1343965641025,9.55421661636716e-05,1.2396249046193089e-07
2025-06-10,4.099324707202522e-09,0.00017556386412873634,-5.48831841315409e-08,601.5312103717949,-6.35688931661594e-05,2.0778010427679327e-07
2025-06-11,-2.8340423266209148e-08,0.0002735298787520205,-3.977147673422354e-08,602.9209504487179,3.297623558065383e-05,4.926651286819351e-07
2025-06-12,-1.8395317831077198e-08,0.00023562442054177586,3.151198392061201e-08,602.6654267307692,-0.00010693100669202779,2.6791019118453256e-07
2025-06-13,3.594573921984045e-08,0.0003684198181467818,1.0535360644558569e-08,598.9423721153846,9.418402354098381e-05,5.684230855269627e-07
2025-06-16,1.8435445000028052e-09,0.000217379349424411,-9.588885192188553e-10,602.9171826282052,8.483780164278315e-05,2.0177143510493502e-07
2025-06-17,-5.594859107038752e-08,0.00026472488385343156,-5.319326502407511e-08,599.6607458205128,-2.8111201012665685e-06,3.3155528165252403e-07
2025-06-18,-8.037311556574057e-08,0.0002671343425019757,1.3047866273334123e-07,599.4217829358973,0.00012036051470923942,6.173634118599415e-07
2025-06-20,-8.732866797329914e-09,0.0002694605266884228,1.860772623574896e-08,595.0638062179487,-4.081549430729454e-05,5.866609034006259e-07
2025-06-23,1.1857376765916448e-07,0.0002460694468129118,-2.4092850106951725e-07,597.1968222307694,-0.0002602429727053197,6.170463669111165e-07
2025-06-24,-1.7925626092876012e-08,0.00017120884508500374,2.1423688511984747e-08,606.241167397436,3.5524404302191546e-05,1.464343153123297e-07
2025-06-25,-1.2419360571182799e-08,0.00018904589030788825,-1.751313591719309e-08,606.9922433333334,-5.3149457171511045e-05,1.35689802198128e-07
2025-06-26,-2.2562019133474307e-08,0.00015554626681244126,1.2145198554938483e-08,610.8140942179488,0.00012561832221038817,1.1617886452340305e-07
2025-06-27,4.533074231675637e-08,0.00014207707244083336,-7.965114696847491e-08,614.4549171923077,4.638801552467138e-05,2.822658660730635e-07
2025-06-30,-4.87562529467232e-09,0.00020152982172930321,1.0033285984512882e-08,616.5685075,6.208574247936644e-05,2.2086662500716334e-07
2025-07-01,2.031536825124032e-08,0.00023292620225245735,-4.222493469264545e-08,617.5145196538462,-3.5943178759776924e-05,3.16719808942177e-07
2025-07-02,-2.5304393048239237e-08,0.00016467427117126656,2.0371139466381445e-08,619.1341493076924,1.0674755942168334e-05,8.46911561907674e-08
2025-07-07,8.007114583441805e-08,0.0002219560696555651,-1.4421987026947287e-07,620.9997608717949,-0.00014329859794926287,3.068058517491386e-07
2025-07-08,1.2702425081954089e-08,0.00017177894904872804,-2.807761507154636e-08,620.684378102564,8.957557162125875e-05,2.6343198204874417e-07
2025-07-09,1.7811489257838087e-08,0.0001666183115394761,-4.175362736837312e-08,622.7589357307693,3.113863763581626e-05,1.6453284305975775e-07
2025-07-10,2.8070336318877637e-09,0.00011533396233012039,-3.805643105956773e-08,625.5205065769231,-4.936628260670661e-05,9.27808584194818e-08
2025-07-11,3.3369862400318033e-10,0.00015706128037538118,-1.979845749712892e-08,623.9167053717949,3.373554377945012e-05,1.8228433305542887e-07
2025-07-14,-6.942303421938037e-08,0.0001523349190707851,5.55550257313871e-08,624.1000893974359,0.00012729879360794244,1.9460064922035796e-07
2025-07-15,1.6596493517133265e-08,0.00021192102844504824,-2.711687914529146e-08,624.4787765641025,3.6582335162200344e-05,2.515247780600336e-07
2025-07-16,-1.136780301490735e-07,0.00021969964564009254,-8.790468205638857e-09,622.7464148589744,2.383735888572449e-05,8.744386403726694e-07
2025-07-17,3.6412173769113885e-09,0.0001655178120097056,-1.2116090279476364e-11,626.9206835769231,5.5569110346442474e-06,1.2578882887525664e-07
2025-07-18,-3.736370650841784e-09,0.00017356704346939382,-8.092103754845402e-09,627.4654183717948,2.5848321163382663e-05,1.0723236807275542e-07
2025-07-21,1.4324066064173568e-08,0.00010365472156327734,-2.739341585263631e-08,630.7068444999999,-4.467211834620935e-05,9.021450411458379e-08
2025-07-22,1.9992255865345803e-08,0.0001484500108127701,-4.4583743298204925e-09,628.1847208333332,-4.5614720279806353e-05,2.5306944950384213e-07
2025-07-23,1.0409518358820885e-08,0.0001391375188402572,-1.9003870595303984e-09,631.8780402948717,-3.192896348266647e-05,1.6625545650923265e-07
2025-07-24,-1.0768780733449665e-08,0.0001387512028447971,-6.8112680282275235e-09,635.2388864487182,3.320227886214133e-05,1.2346679405664233e-07
2025-07-25,-6.7473821818732e-09,0.00011702155775210384,5.691350189706076e-09,636.5069645769231,8.779713343773503e-06,4.766586409068187e-08
2025-07-28,3.3310468852225758e-09,0.00011319334144264641,-1.726640421828855e-08,636.8410952820512,2.95028137652221e-05,7.815957029834379e-08
2025-07-29,-1.3609641390243509e-09,0.00015918803242873103,-2.5604230597017828e-08,636.1032960897436,5.317013400188117e-05,1.563702440410073e-07
2025-07-30,1.4032800317415902e-07,0.00019230779469716367,-1.5309000135800698e-07,635.5641301923076,-5.787588635861148e-05,4.470784612402772e-07
2025-07-31,1.0061277071940868e-07,0.0002719493747397057,-2.0180141028037145e-07,636.1397926794871,-9.181547361234953e-06,5.977295216947635e-07
2025-08-01,2.354756851366669e-07,0.00039810972508646066,-1.8505231368681453e-07,622.1331485384616,7.485485728488311e-05,6.87668649069638e-07
2025-08-04,-3.6529517137040506e-08,0.00018915649244543868,-1.7703674367002968e-08,629.6617936025642,3.735104550328004e-05,1.7572742359398704e-07
2025-08-05,5.056707712826797e-08,0.000220184067884883,-1.69414580774586e-08,629.0786652179487,-8.7354232535e-05,3.039945003455333e-07
2025-08-06,-5.74115326955745e-08,0.00021304413471792322,6.026352818120161e-08,631.7787901282051,7.28324038970337e-05,3.502237243316768e-07
2025-08-07,-3.5738160209725176e-08,0.00029523868840008,4.288339297079439e-08,631.8998517435898,-0.00015698989064806993,5.390733415980724e-07
2025-08-08,3.797049561828844e-08,0.00014177718848302473,-4.337316588390165e-08,636.5622045384615,-4.1962833155961596e-05,1.919948688699476e-07
2025-08-11,-6.881681880499825e-08,0.0001861145771950753,7.394371138245626e-08,637.0560947435897,5.298534472238334e-05,2.407429222529708e-07
2025-08-12,-2.3087056030289873e-08,0.00015249568690365594,1.424072982386127e-08,641.0519897179487,3.8595821516919906e-05,2.2612099981403536e-07
2025-08-13,-1.564374752098705e-08,0.00013974473268342331,1.3724699331159457e-08,643.9614456666666,-1.525242683281951e-05,1.817870578157415e-07
2025-08-14,-2.1177848576351714e-08,0.00016606457972102954,2.880971124004736e-09,644.277520102564,5.892818403373895e-05,2.026884603088589e-07
2025-08-15,-2.490258472567469e-08,0.00020644070739264683,4.636827809564306e-08,643.982943371795,5.6021430513368334e-05,2.3853514545022536e-07
2025-08-18,-5.6736866301923594e-08,0.00013331631622787147,1.2779838306697029e-08,643.0572974487179,-1.8841759659900483e-05,1.478135289120598e-07
2025-08-19,-8.317955611163579e-08,0.00019896966501435417,5.7092775048271466e-08,640.5592709358974,4.673868954555542e-05,3.0848347277035763e-07
2025-08-20,9.11718993229222e-08,0.0002205867210139377,-1.2243502776073013e-07,636.4161098076924,5.8552898337898594e-05,5.961910772376138e-07
2025-08-21,-3.5978800597013746e-08,0.0002565286255631171,7.491415491350417e-08,635.9816185,9.54773421293481e-05,5.080526397064117e-07
2025-08-22,4.1649051367320084e-08,0.00021154658716384203,-5.837573963798212e-08,644.8745824615386,-4.0348786422860285e-05,9.42670534502423e-07
2025-08-25,-1.1536376049170185e-08,0.00014978030056499674,9.944255686364495e-09,644.3758642051282,2.7235634432739006e-05,8.761813214215173e-08
2025-08-26,-5.586346759869677e-08,0.0001692111766036598,6.294725230530239e-08,643.2070628589743,2.447767882141951e-05,1.6219332839647214e-07
2025-08-27,-1.5932071633066167e-08,0.00011628673164148792,7.609249069069204e-09,646.4131574230769,2.588982001652562e-05,9.818681674454881e-08
2025-08-28,-5.011842998447689e-09,0.00015897799914612608,5.430169816342891e-09,647.7359598589744,-2.8442769812497435e-05,1.554610943894126e-07
2025-08-29,-1.715656658283159e-08,0.00019604242841190537,-8.203068563164307e-09,644.5489426538461,-1.3587557461215238e-05,2.8727067553791983e-07
2025-09-02,7.995627973941198e-08,0.00026287356713384065,-4.6285185728864794e-08,637.6292030769231,6.833329909660557e-05,3.5371123616046043e-07
2025-09-03,-1.2663153426819091e-08,0.00021981198887311557,2.8850099351001128e-08,642.1632536923076,6.659321382408064e-05,2.772269635496355e-07
2025-09-04,-1.835114307408753e-08,0.0001588146773881258,1.540730062240317e-08,646.4415160256411,3.062533215740354e-05,1.445986057632691e-07
2025-09-05,-1.6214027130130512e-09,0.0003243988836969539,1.2127217897571047e-07,646.5249362820513,9.426022995401432e-05,5.912819314934411e-07
2025-09-08,-6.425461920591957e-10,0.00019147003901567056,4.4668675579460355e-09,648.4956918333334,6.979706055392843e-05,1.584876734080893e-07
2025-09-09,-1.5378885924258094e-08,0.00014611559638400272,4.534644883031982e-09,649.1759224102565,2.7586599368086233e-05,1.4145841816004082e-07
2025-09-10,-2.783574126401659e-08,0.00020944914498272166,3.3908003489273804e-08,652.6826135384615,-4.719187968062636e-05,2.0685872771693398e-07
2025-09-11,2.336411821200827e-09,0.0001480391563419985,-4.2064065397877335e-09,657.0063503076922,4.137977952989301e-05,1.3390509700361923e-07
2025-09-12,-2.478199133305892e-08,0.0001159017154871524,1.5572234496254376e-08,658.0297783846154,1.275713532959702e-05,1.1931384939362406e-07
2025-09-15,-1.4254358191730672e-08,0.0001462028340632896,2.351146370737178e-08,660.3162805769231,-2.187390615356899e-05,9.699777068048615e-08
2025-09-16,-5.38850052698485e-09,0.0001349002926422328,9.93441665220889e-09,660.1096702948718,2.132280059509695e-05,7.538413636772654e-08
2025-09-17,-3.64367677418244e-08,0.00031667794822489993,2.2028612614990008e-07,659.040914948718,-3.266375120252378e-05,1.2246595942837874e-06
2025-09-18,-7.80702326232794e-09,0.00018838315909336565,-4.492150379094015e-08,663.0937941666667,5.4624914499119576e-05,2.700776620089989e-07
2025-09-19,-6.411750360212256e-09,0.0001214982057803415,-6.866955226746338e-09,662.3249357948717,-3.73254458844621e-05,1.1728649428993693e-07
2025-09-22,1.0052793856210861e-08,9.737931090956116e-05,-8.044675446547457e-09,665.5556377435898,-7.857527866931758e-06,5.969289144652122e-08
2025-09-23,-2.2353943503519157e-08,0.0001659956747090499,1.5328145182217364e-08,664.7156601794871,4.35852285155868e-05,1.6894833341116602e-07
2025-09-24,1.6118503525691257e-09,0.00017714893117358463,-1.6931823800486186e-08,661.5495420769231,3.944449771234394e-05,1.8453517895341464e-07
2025-09-25,3.4286195380506125e-08,0.0002880036492715218,-8.008918707626978e-08,657.6241317564103,-2.308935516323673e-05,5.662645192494519e-07
2025-09-26,-3.624501316589389e-08,0.0002487000020160717,8.565106319712182e-09,660.5920577692308,6.42885251001476e-05,3.7731361624839423e-07
2025-09-29,-3.791869899191253e-08,0.00017825787292544433,4.1254198579587664e-08,663.4966464871793,3.885534018643686e-05,1.5967622798007242e-07
2025-09-30,-4.915480138196777e-09,0.00016139727001841849,-4.027645062546338e-08,663.3082755897436,6.13401727964889e-05,2.892301005075817e-07
2025-10-01,-3.250977599542604e-08,0.00014563998320820968,3.398193265136417e-08,667.1209273846155,1.2808697931900785e-05,2.2734513907474103e-07
2025-10-02,-9.635760909490838e-09,0.000203101814130972,1.9162907867323745e-08,668.6587135897436,4.6882440169543897e-05,1.5397792758769666e-07
2025-10-03,-2.0197563025155545e-08,0.00016636620197425417,-1.1572728443214006e-08,670.9013745128204,-7.55136279683376e-05,3.0298120080814486e-07
2025-10-06,-2.277702823566723e-08,0.0001619069731771131,1.7882128853312802e-08,671.476265423077,-2.7462529455862134e-05,9.298471864634013e-08
2025-10-07,1.5240837292647688e-08,0.00023467591606717386,1.8569495033105242e-08,669.4808931794873,0.00010748900709236226,2.555876900038806e-07
2025-10-08,-2.6084804205207895e-09,0.0001289095809833291,-1.4181393118277092e-09,672.3150449358974,-1.6258199796245516e-05,9.666612373822193e-08
2025-10-09,-4.087856283822763e-09,0.00019224014057336842,-1.6391920547836312e-09,670.7588042179488,3.0209882216767082e-05,2.013250228422627e-07
2025-10-10,2.4340128114866213e-07,0.0005946119059058513,-7.174051355022132e-09,662.5863212435899,-0.0001162403056537467,2.2505973684856856e-06
2025-10-13,9.015923093226845e-08,0.00028682173906972554,-1.488529657357219e-07,662.680813051282,1.8784593958335232e-05,3.6715759022954403e-07
2025-10-14,1.4946925957239581e-07,0.0002388519286800814,-1.8603490363649884e-07,662.2646103717949,-3.1665835397559854e-05,8.028594765255868e-07
2025-10-15,1.063002814592565e-07,0.00032599900555452575,-1.1131270080326512e-07,665.6435620128206,5.99097019823168e-05,7.883397891714968e-07
2025-10-16,-4.151277441015964e-08,0.0004949516713910897,-1.9527096283714017e-08,663.1750045,0.00017725220045553558,1.2560971248227662e-06
2025-10-17,-1.6691688091398018e-07,0.00046166148469726375,8.292809509358363e-08,662.3173596538463,7.227782580472376e-05,1.0711033495651637e-06
2025-10-20,-8.670926436545582e-09,0.00012771854187574227,-2.990098646747646e-09,670.979243602564,2.5715021313046082e-05,1.610636211472789e-07
2025-10-21,-7.0640444681808414e-09,0.00015965070267381218,-1.9652030652475682e-08,671.866848974359,3.445460783466467e-05,2.37949653460882e-07
2025-10-22,-1.313149925625444e-07,0.0004289610738149124,6.254215273976078e-08,667.7648146153846,-8.421993516319315e-05,7.435008154006608e-07
2025-10-23,-2.6828816222250675e-08,0.00018807406355016734,-3.266126742146002e-08,670.986762,5.520612012391671e-05,2.85329425504069e-07
2025-10-24,1.706134933728541e-08,0.0001172768063491986,-7.452032857092528e-08,677.8049867179487,-1.531864783263786e-05,1.1847560865563793e-07
2025-10-27,-4.258961617831389e-10,0.00010802219135387174,6.40114369795007e-09,683.6052609615386,1.8786755562354438e-05,7.416605501440191e-08
2025-10-28,4.3447416492457574e-09,0.00016808043499469,-3.867426013645089e-09,686.7570616153845,0.00015721339645299743,1.1724184925625655e-07
2025-10-29,-4.444814118390931e-08,0.00033919044292860017,2.4634677574468684e-07,687.7794912307692,7.010482114095409e-05,1.0465909376577578e-06
2025-10-30,9.645015199291357e-08,0.0002550584578679778,-1.0865130838492359e-07,683.5545556025643,-5.932003516431966e-05,5.017537039209251e-07
2025-10-31,-4.843814243019494e-08,0.0002506718527361807,3.017158635323213e-08,682.5021905256409,-7.800477765952905e-05,4.589766922691102e-07
2025-11-03,1.2785781312760838e-09,0.00022635698294773375,-1.0035451031287487e-07,683.0494066794872,-3.2834844134182934e-05,3.068524750671058e-07
2025-11-04,-5.1439649724259095e-08,0.0003128805730360698,8.98130264784728e-08,676.7809349615385,-4.7725116374777505e-05,5.256451487741744e-07
2025-11-05,4.029313151816687e-08,0.0002264585809758253,-2.6712031108017656e-08,679.0724059871794,3.3357650541071654e-05,3.270665124223593e-07
2025-11-06,7.513163491957687e-08,0.00037354067985529045,-1.1648952005908845e-07,671.8985723333335,6.757468550724244e-05,8.16452284652265e-07
2025-11-07,-8.918666176083241e-08,0.0003819141211158461,-5.823640669190883e-08,665.496605051282,-7.45743892439868e-05,8.771767541249453e-07
2025-11-10,3.7970915907127274e-08,0.00018631162446578465,-4.792747973662793e-08,679.0130563461537,3.411709797461576e-05,2.9861076895352085e-07
2025-11-11,-2.959253876667791e-08,0.00022086984496487997,1.1810078877876256e-09,681.4283872564101,2.7476744528222334e-05,2.1463715411843553e-07
2025-11-12,-3.505096007263287e-08,0.00026752676873651,3.1579911959098977e-08,682.980436948718,1.7718927045947354e-05,2.767259117906107e-07
2025-11-13,3.7925679604532336e-08,0.00044298563698681455,7.416039274789559e-08,674.6560295897436,4.5357495168194994e-05,8.039403052971481e-07
2025-11-14,-3.6756037790566366e-08,0.0004376484886034649,1.6491800576443827e-07,672.4729233333334,6.012768356876516e-05,1.1080652079974782e-06
2025-11-17,1.4190441353098202e-07,0.000473783338162577,-1.588799133354525e-07,668.743162025641,5.119553115332954e-05,9.401277078054155e-07
2025-11-18,2.4698271254328572e-08,0.0007052031016909442,2.0669163476634913e-08,661.5379727307692,8.710032574778632e-05,1.4762625826141658e-06
2025-11-19,-9.062457351941366e-08,0.00042864966694091105,-5.545976173927505e-09,662.4218940769231,6.204268169674642e-05,1.142469819002875e-06
2025-11-20,7.284259820970882e-08,0.0008018072044853603,1.0928129264095058e-07,662.2969082307693,-3.3047859153851006e-05,2.212353443125706e-06
2025-11-21,-2.5340533187976028e-08,0.0006861048719891133,2.0338734371091694e-07,658.5589093846153,-2.9103487390564938e-05,1.9263161494158535e-06
2025-11-24,5.0005302187257134e-08,0.00028555459402203223,4.120346128270505e-08,667.8760448974358,-1.6682268821823224e-05,4.464948952144809e-07
2025-11-25,-2.681181459088635e-07,0.0003502916009537145,1.1325600462100033e-07,672.103627820513,1.1856852130374058e-05,1.2165483756309957e-06
2025-11-26,-5.09219511164658e-08,0.0002505095796538546,1.8681321587482332e-08,680.266095602564,6.037104705837431e-05,3.6922298861716494e-07
2025-12-01,3.4394244873321146e-08,0.00018978853117423527,-5.989318999284043e-08,681.2710167564102,-6.341425240120794e-05,3.4925051633419177e-07
2025-12-02,8.194480584954115e-08,0.0002638543937303087,-4.953704330655969e-08,681.7585522948718,-3.235366179618317e-05,5.642462554773874e-07
2025-12-03,-8.770855275113794e-08,0.0002159538012011484,7.294379639571285e-08,683.2652379999998,-6.895748660094367e-05,2.82329738642232e-07
2025-12-04,4.6812410882016574e-08,0.00025155026975582403,-6.829674422155663e-08,683.6257116282052,-6.876904579015646e-05,2.870585046730974e-07
2025-12-05,7.50422089376182e-09,0.000200447770735469,-2.929106825726577e-08,686.2624483076925,-3.9635313706839256e-05,2.2896931270386996e-07
2025-12-08,-5.006825272344207e-08,0.0002370916996712657,4.4920947386854e-08,683.4293661923077,3.0208025863448623e-05,2.4600839956774594e-07
2025-12-09,-1.962897243490973e-08,0.00016673182793807852,5.325533669472344e-09,684.1298737179486,3.0048159961469646e-05,1.1659563242254629e-07
2025-12-10,6.699150715329063e-08,0.0002734864333747968,-5.03582425610671e-08,684.2390108461537,3.081919595790195e-05,5.924233488459356e-07
2025-12-11,5.119362068072571e-08,0.00024081120150922094,-5.042208347222695e-08,686.9752442820512,-5.649336557337249e-05,5.442238005197811e-07
2025-12-12,1.2158020850241134e-07,0.0003272918237429209,-5.0244603990254056e-08,682.8058420128206,-4.954995555240406e-05,7.482546926603343e-07
2025-12-15,-7.539570353680715e-08,0.0003507782894982874,7.109134245021095e-08,681.1138035128205,-4.861729300196319e-05,5.626791665231053e-07
2025-12-16,-1.5732119779393214e-08,0.0004091146802669996,-1.1876381608637318e-07,677.9482409487181,-6.782314716727743e-05,6.110058086232744e-07
2025-12-17,-2.6937810336805296e-08,0.00045751232235929603,6.142893440618676e-08,674.3666063589743,-2.8239183616803855e-05,5.414552371148384e-07
2025-12-18,1.0847375850695065e-07,0.0002942253990155503,-1.4856539246267944e-07,678.0808202435898,-7.906328570059106e-05,8.544564650221988e-07
2025-12-19,-4.6248817631469287e-08,0.00022425344332389376,5.222905467739282e-08,680.1446723974359,4.3064264558599155e-05,2.1386531036538754e-07
2025-12-22,-2.6543506306976062e-09,0.00012045756367939702,1.1824339513080535e-10,684.4456320897436,-2.0514631161132575e-05,1.1317346042211877e-07
2025-12-23,2.7938993792128266e-09,0.00010397828265521714,-1.5403867574727284e-08,686.9360307820511,-2.1324109736886036e-05,6.824300510256962e-08
2025-12-26,-5.433505779876845e-10,0.00010799618836489232,-1.4183382040493617e-08,690.2084048846153,-1.702514329678381e-05,9.099197760980502e-08
2025-12-29,8.597486870371466e-09,0.0001211086380513779,-4.2863447980479016e-08,687.4587194102564,2.494370003694454e-05,1.0484024309902763e-07
2025-12-30,7.223163672177164e-09,7.984975754379741e-05,-1.938193202139232e-08,687.5459441410256,-3.049281783204064e-05,9.043354463545974e-08
2025-12-31,-8.68526951314091e-09,0.00012594426353983182,-4.697569738905455e-09,684.8539971410257,1.701716764623247e-05,1.8905640542628525e-07
2026-01-02,7.089884833670484e-08,0.0002792350686368133,-1.1046999687935907e-07,682.5425442051283,-3.91131744050452e-05,6.235769538722614e-07
2026-01-05,-2.4273356436440518e-08,0.0001976426202926475,1.7507184771223288e-08,688.1996900512819,-2.8619069169726135e-05,1.1394722620312651e-07
2026-01-06,1.3439877370031753e-08,9.679762523102863e-05,-2.4757306079217423e-08,690.646933051282,-6.206601898636575e-05,1.1281384482723866e-07
2026-01-07,1.062853509383803e-08,0.00012653578369870957,-5.6274981714024005e-09,692.2278203333334,1.5178464973292714e-05,1.6375963528300044e-07
2026-01-08,-6.078301680490157e-08,0.00024218235548850394,3.812845959418066e-08,689.3038332820514,-4.0489534543766704e-05,2.978107693729161e-07
2026-01-09,4.2150728269433224e-08,0.00020652975760611397,-5.993927063746363e-08,693.6233374743589,-6.317119627652324e-05,3.5088614465563693e-07
2026-01-12,-4.250565071649249e-09,0.00015631545680019275,-1.2631315844258216e-08,694.5918042307694,-1.2664770638709108e-05,8.138007400984775e-08
2026-01-13,2.385842474156989e-08,0.00021352630227411932,-3.627862194518769e-08,693.4510861153847,2.227858884665359e-05,2.474408027014409e-07
2026-01-14,1.1043522693418464e-07,0.00023508155648386595,-1.2628702408100703e-07,688.0907791282051,-3.744281342827862e-05,6.781525467601525e-07
2026-01-15,1.8144492044675762e-08,0.00020420027134867587,-2.757141176054639e-08,694.0170869615384,-3.420368372724108e-05,1.9785870987650962e-07
2026-01-16,-2.8169670309944126e-08,0.00017214366046934125,2.77483074855849e-10,692.4877244358973,-3.9544886922679295e-05,2.706491522348468e-07
2026-01-20,-1.356542971155049e-07,0.0003633902501741401,2.0105227022708481e-07,680.7837237564103,-2.7396338891189186e-05,5.478758660432309e-07
2026-01-21,2.428589098874477e-07,0.0003096720674883781,-1.9919526259073041e-07,682.6408116363637,0.0001659636900948481,1.1710651897775887e-06
2026-01-22,2.5628262644728737e-08,0.00019173342386600862,1.2685705933256805e-09,689.596,-4.966877709683566e-05,2.8748682397423544e-07
2026-01-23,-5.1310191639557235e-08,0.0002740063044992518,8.92742674206408e-08,689.3310518461539,-5.5783711035471e-05,3.0185905657826044e-07
2026-01-26,-5.707091173211349e-09,0.0001493843935642624,-3.094171735632893e-08,693.207443897436,-1.1470562806732642e-05,1.303492368615224e-07
2026-01-27,6.975521171718202e-09,0.0001228094050200407,3.891263767808858e-10,695.7657669230769,-1.678128147011583e-05,9.548999860780826e-08
2026-01-28,-1.2287026720024833e-07,0.00025344157888171836,1.649185707556069e-07,695.5533192435897,1.0439808385810814e-05,3.2121842691515554e-07
2026-01-29,1.651140600773376e-07,0.0003768781002503049,-1.3926163204444372e-07,690.4364697179486,-3.9579687017769356e-05,8.518949587938828e-07
2026-01-30,5.199464056990856e-09,0.0003164968806198375,-4.08642229894682e-08,691.062715525641,-8.772536313502382e-05,8.695209866562103e-07
2026-02-02,-4.91554445378235e-08,0.00017216702756446298,2.01483375072611e-08,696.167534074074,6.835264392362118e-06,1.5963287794655833e-07
2026-02-03,-1.6950339913939507e-07,0.0004092362464767642,1.9107666680014728e-07,689.2915158846153,-5.745796726493763e-06,8.934641026056848e-07
2026-02-04,-6.944092312498215e-08,0.0005446507590739714,-9.74364128330954e-09,686.4757529358975,3.464623661955331e-05,1.3505737835457557e-06
2026-02-05,2.22735862028671e-07,0.00041228897618623874,-8.914693550416177e-08,679.2689087051282,-0.00010207232398626392,1.2692658890640644e-06
2026-02-06,-1.6855122497285688e-08,0.00023882590833446834,-9.451669950186022e-08,688.063742736842,-0.00017621148055122732,4.3479131058835605e-07
2026-02-09,9.415921274419434e-10,0.0001798571778705484,-3.93199228621202e-08,694.3030500256409,-4.3923909258798895e-05,2.5262891424559343e-07
2026-02-10,-5.998597601323213e-08,0.00021558571964669474,3.0179175719916385e-08,694.4388219615386,-2.623682333046007e-05,3.1928516346519814e-07
2026-02-11,2.4674432357109665e-08,0.000261536459812792,2.4077823763844358e-08,692.7398058846154,-5.518130789954243e-05,6.761435197426661e-07
2026-02-12,-2.672941511615029e-08,0.00041010017352571,6.569586814307644e-08,686.1899503717949,3.298462261675875e-05,7.763101822466205e-07
2026-02-13,-5.8064616751380747e-08,0.00047137430170074234,-8.473419564375294e-08,683.5097486923078,-5.564681502074369e-05,1.0358127474065121e-06
2026-02-17,-2.1957241908948164e-08,0.00040775016609354594,5.7999381157532797e-08,681.5377919615385,6.883727426206651e-05,1.5045072722381241e-06
2026-02-18,-1.5685301278697658e-09,0.0002774268543676896,-4.864079229950117e-08,687.0347762692307,-4.4399554725299454e-05,4.5668365733721405e-07
2026-02-19,-2.6294733898889115e-07,0.00041447881986438675,3.0731534823577987e-07,683.747209948718,7.773520411356474e-05,7.868112791085064e-07
2026-02-20,1.58840108601663e-07,0.00040258336141101714,-2.0970531062094095e-07,687.5010793846155,-5.567583109928763e-05,8.432340961850874e-07
2026-02-23,4.5227998893444376e-08,0.0002880638110111301,7.83086497192152e-09,682.6973958461539,4.600821805027697e-05,5.288882038082251e-07
2026-02-24,1.0518780348091712e-07,0.0002003700518196959,-1.641105315181521e-07,686.4063348205129,5.0326469595134695e-05,5.168976724972266e-07
2026-02-25,-1.536875775073575e-08,0.00014321737738378902,-1.1023209166444336e-08,692.0870411282052,3.1005375633892425e-05,9.694107631978512e-08
2026-02-26,1.0858744211982698e-07,0.0002899952802809628,-9.678797796814922e-08,687.8979448589745,6.339733392990339e-05,7.117273094017653e-07
2026-02-27,-8.929354489156942e-08,0.0003689798971593587,8.931472294085044e-08,684.4511573333333,-3.5206047538801585e-05,6.08810693969848e-07
2026-03-02,1.3497740453276494e-07,0.00033445198702590316,-1.697812559588289e-07,685.7257701538462,-5.943257369744201e-05,7.238724270198483e-07
2026-03-03,9.210695248660714e-08,0.0004306394023619158,1.1000614750315217e-07,677.4518944871795,-3.629962494548731e-05,1.264349599151719e-06
2026-03-04,1.308031102816923e-07,0.0003074695143470678,-5.722959778435857e-08,685.4836320000002,5.409480185111063e-05,5.562774522313545e-07
2026-03-05,9.054093451999557e-08,0.0005241260060761296,7.644610943390939e-08,679.4267847179487,-8.773229299121517e-05,1.097920192506167e-06
2026-03-06,-1.994036650861919e-07,0.0005159330233127221,1.0582058173153428e-07,673.9199964743589,2.7470628623913214e-05,1.2291402155404412e-06
2026-03-09,2.2090196554392454e-07,0.00040442310439624,1.3095643539976508e-08,669.6315843076924,2.5561370759371356e-05,1.569918465658273e-06
2026-03-10,1.7126822510228253e-07,0.00039486875518236476,-1.3956256546247089e-08,679.6902109102564,8.365083017432138e-05,9.092087465505955e-07
2026-03-11,-2.8742711997826443e-08,0.00039184820750478634,-4.724925309991986e-08,675.7287358461538,-4.048705817900893e-05,7.92373305848083e-07
2026-03-12,-1.8700426626555516e-07,0.0004367920070085673,2.031736268505996e-08,668.6180297820513,4.850846192891472e-05,9.653156498396752e-07
2026-03-13,3.294598950215491e-08,0.0003705190600005415,-2.5490251384302255e-08,665.0402592051281,-8.142679360624741e-05,8.513907016859362e-07
2026-03-16,1.1065587546133921e-08,0.0003196745044786391,7.15113091059195e-08,669.302859897436,-4.6375369992244696e-05,5.661791250552787e-07
2026-03-17,-6.738334794415426e-08,0.00031248398624675376,1.0400136630799649e-07,671.7728141410257,5.338027427809625e-05,3.1942269936367474e-07
2026-03-18,-1.060654565622934e-07,0.00036529844677425064,2.1732107964810174e-07,666.1241309358974,-3.45460234224142e-05,5.6524565715448e-07
2026-03-19,1.8920073974091966e-07,0.000423303748037383,-2.265177408461238e-07,657.9298482179488,5.7011247791976025e-05,1.0019098098623511e-06
2026-03-20,-2.3152177102932319e-07,0.0004440020361121149,2.24601609743105e-07,651.3247628846153,5.597962089170668e-05,9.459832735257967e-07
2026-03-23,5.8634586074322134e-08,0.0004499922330800145,4.44078690304895e-09,658.1946820897435,-9.07211407622717e-05,1.2349052832157154e-06
2026-03-24,-9.764234351352613e-08,0.0005177843575907086,2.703077321875006e-07,654.1370187435898,3.461054702683376e-05,1.0249363634685452e-06
2026-03-25,6.433291150747125e-08,0.0003928158356564997,4.9118172560362037e-08,657.4501815512821,4.7574763674383214e-05,7.237057576280896e-07
2026-03-26,-8.474660713558674e-08,0.00038275489449622786,2.0249038604199076e-07,649.7307272435896,-3.682082021671186e-05,6.063448573393915e-07
2026-03-27,-5.569696154215952e-08,0.000346210835005246,-3.353810154591663e-08,638.0223227051281,-7.539789264260633e-05,7.267559339699802e-07
2026-03-30,7.773764677676098e-08,0.00031233127224645867,-6.446906250383019e-08,634.5762237820513,-7.139081620384025e-05,7.610439821815188e-07
2026-03-31,-3.948380456189819e-08,0.0004884573967740141,-2.467100437881472e-07,644.7198982564104,-0.00010295157795413164,1.5909210299341842e-06
2026-04-01,2.8284415556229364e-08,0.0003838839199899752,4.0810418452341204e-08,656.2393778205128,3.414636791354919e-05,4.4026965518272023e-07
2026-04-02,1.579216265863344e-07,0.0004035618576286337,-1.0856497379752345e-07,653.4034019743589,6.3052809153197e-05,1.4591333431760129e-06
2026-04-06,-9.141148895907191e-08,0.00034760853076465836,1.9207662356146205e-07,657.611403525641,0.00018626110025969552,5.275226203134941e-07
2026-04-07,6.71783510219865e-08,0.00032237069131875744,-2.0238672253583804e-07,655.1616917948717,-7.094437827825364e-05,1.0269319092543505e-06
2026-04-08,-1.0342426254903238e-07,0.0002810089211237659,1.1021564207712047e-07,674.7134887307692,-2.2368574072828316e-05,5.185183189197866e-07
2026-04-09,-6.77852860240908e-08,0.00026867037861806197,7.593400272702232e-08,678.2336366666668,5.731404232160852e-05,4.1910014886642687e-07
2026-04-10,1.6595433134682937e-08,0.0002026421779462567,5.5623241709833275e-09,679.9183978333334,4.3321227408133314e-05,1.692786907454819e-07
2026-04-13,-6.046022810593576e-08,0.00015323183850090986,7.858050128337114e-09,681.2939675256409,-2.3366257127463354e-05,3.2117666675600184e-07
2026-04-14,2.7838627792197218e-08,0.00014790118029154,-5.294697864753076e-09,692.5346252692309,1.3602948510378482e-05,1.9049249985842384e-07
2026-04-15,-8.18775237097611e-08,0.0001671046060283518,8.237423483507334e-08,697.5608766025641,-5.350740342282656e-05,3.0077169674573376e-07
2026-04-16,-4.104615111006112e-08,0.0001805119189621657,-1.660100353035844e-08,700.7848435897436,5.064615839968134e-05,3.468814962913543e-07
2026-04-17,1.836990638030825e-08,0.0002547656731493513,-1.8841897345548922e-08,710.1580281282052,-1.5453380502847515e-05,2.6179029855813424e-07
2026-04-20,-4.8332348774065945e-09,0.00025028539309415103,5.0994194757922496e-08,708.0695819487181,2.1477971686099734e-05,2.0885709765308216e-07
2026-04-21,4.914675852840627e-08,0.0002648771715117906,-6.081433342241457e-08,707.0115695897437,-3.212389917726666e-05,7.491886343111545e-07
2026-04-22,-5.561342359343549e-08,0.00021920821600326715,6.086037245584138e-08,709.8301997051282,-4.513286076442584e-05,1.6653141299718366e-07
2026-04-23,1.9869287779870924e-07,0.0002893545000613772,-2.598295666388425e-07,709.3603847051284,9.001252633491062e-05,7.229759342192518e-07
2026-04-24,-4.9029131055256446e-08,0.00021996581402430432,4.1886113121054284e-08,712.5972403205127,3.466351283559996e-05,2.0369953824563378e-07
2026-04-27,-3.5845707542231514e-08,0.00018057339358749645,3.6530931381982664e-09,714.2035329358974,-1.427945504242055e-05,1.525588658376282e-07
2026-04-28,-8.740026845551163e-09,0.0002306580473061385,-4.110401753051549e-08,710.8093444871795,3.638546288604123e-05,1.8378785258895106e-07
2026-04-29,-3.378976416690656e-08,0.00018693935170808852,-2.0753151034433927e-08,710.3434341538463,-8.178120987977198e-05,3.1809188323156114e-07
2026-04-30,-2.383725682298464e-08,0.00016566767150039203,-9.026433433361945e-08,715.4768257179486,7.628209645375157e-05,3.0212430280246503e-07
2026-05-01,4.6027196978981346e-08,0.00016020389808255462,-4.7193639404555886e-08,722.6038492948718,-5.069563037691536e-05,2.7493355792323947e-07
2026-05-04,-8.120085045399872e-09,0.0003371555777730495,4.10345696604385e-08,718.571208025641,-4.976301551794559e-05,4.261613581906279e-07
2026-05-05,-6.745834323974617e-09,0.00011845488759191724,7.346991307182555e-09,723.5937573974359,-1.7367461825484506e-05,1.2343191650700145e-07
2026-05-06,-2.2047850345027216e-08,0.00015855080479356301,-2.187458620569573e-09,731.8761365128206,0.00012657865276298128,1.3971602765254386e-07
2026-05-07,-3.831400357018139e-08,0.00023437789110865125,4.0076534158572865e-08,732.8460978461537,4.551454390545395e-05,4.0633167722211227e-07
2026-05-08,-1.9141154433048157e-08,0.00018122294504701269,1.547315258302923e-08,737.0330758846153,3.337734344731964e-05,1.3770402572908013e-07
2026-05-11,1.5768896950071432e-08,0.00013386148131552738,-2.343384539275772e-08,739.4448581538462,-4.115155396916409e-05,1.799290744238295e-07
2026-05-12,-1.6306834778389535e-08,0.00021821098271003256,-5.122327336328484e-08,734.7736975769229,-0.00013246825662752918,3.293527980165295e-07
2026-05-13,-4.815816466841576e-08,0.0002004770340472528,1.758779171273496e-08,740.9536386538459,-4.84708068343083e-05,2.2331780508790283e-07
2026-05-14,9.29830112836594e-09,0.00020795899932858405,-2.9795012409154627e-08,747.5702126282051,-2.5526637740994975e-05,2.194111550030957e-07
2026-05-15,-5.637103538987985e-08,0.0003066675313415881,6.380300350153986e-08,741.0762003589745,-5.43146271902421e-05,5.402706111953584e-07
2026-05-18,-4.736338038768166e-08,0.00037629733314136545,-7.75120012205779e-08,736.8450367179486,8.731848299935345e-05,1.0213741528147135e-06
2026-05-19,-1.4375861066649333e-08,0.0003013246426727572,9.349138309889814e-08,734.656208,-4.702337763842805e-05,6.660555743175178e-07
2026-05-20,-8.31718481897372e-08,0.00023017874195506847,-7.328743736936317e-08,739.2736608076923,-7.899842010516689e-05,4.7293330459321726e-07
2026-05-21,6.567555706370792e-08,0.00033343675437392324,1.9250350997820478e-08,740.5161808333331,-3.110637137930935e-05,7.097349458567593e-07
2026-05-22,-4.6922348790687555e-08,0.0002527226919510971,3.4423139119699815e-08,746.9593212051283,-6.412883200350236e-05,2.5431296180762474e-07
2026-05-26,1.14440567244373e-08,0.00015562289528140834,-1.135473416924893e-09,749.8814652820513,-3.2522673141154204e-05,1.6652121891211915e-07
2026-05-27,-1.1362418494144217e-08,0.00020919182094606873,2.177791847045439e-08,750.0325586666668,-1.2633472854512223e-05,2.7549098091642633e-07
2026-05-28,-3.763573634798288e-09,0.00016736603233639483,4.816293605144969e-09,753.6673343974358,2.7257220332481078e-05,2.492675543144607e-07
2026-05-29,4.699624163168573e-08,0.00017001783868195427,-3.7536775521473205e-08,756.6213538589743,-4.0101394373176525e-05,2.3175029029106565e-07
2026-06-01,-3.740809278781649e-09,0.00019232442071004,1.898100453499065e-09,757.6285951538463,3.410041408222616e-05,1.9197391449113268e-07
2026-06-02,-9.500484923784041e-09,0.00011683546800253088,6.331822064531316e-09,759.1173725128205,-1.9045362390626115e-05,9.244240481673255e-08
2026-06-03,3.378165958012047e-09,0.00016693524519063808,-1.7066961163954014e-08,755.4639191153847,-5.134016907746334e-05,2.6753007997829937e-07
2026-06-04,-1.1982930974802085e-08,0.00013488811821791308,-1.0379272355981828e-08,756.0880262435896,3.6249035954959263e-05,1.5235575902299188e-07
2026-06-05,-5.694040563261028e-08,0.0003241111997924255,2.383541137385529e-08,744.665383679487,-2.8339580439816973e-05,7.90575094078093e-07
2026-06-08,-7.211246671584396e-08,0.00040108083409255647,2.0573658115352035e-07,741.867267653846,4.19310201248103e-05,7.78030637241352e-07
2026-06-09,1.4532231705671327e-07,0.0005067502664104566,-4.456246572437286e-07,734.3310878205127,9.548446873531063e-05,3.3379192481123723e-06
2026-06-10,-1.6097445781826883e-08,0.0006086614439225815,3.5978127969468194e-07,730.9899326282051,-8.283885617275061e-05,1.530403675108304e-06
2026-06-11,1.4708184247070953e-07,0.0005370185886332709,-3.606991279001185e-07,731.108775102564,4.935837250584042e-05,2.66898360906291e-06
2026-06-12,-5.90381544208778e-08,0.00041965668367015724,2.9910105013274655e-07,740.8610373333335,0.00010145775404744214,1.6805440162716342e-06
2026-06-15,-3.2542091858270157e-08,0.00020043434386549173,1.519517569617509e-08,754.8869726153847,-1.5881844388590054e-05,1.576406780172847e-07
2026-06-16,-4.581778522419854e-08,0.00022349407793673467,2.29853794569316e-08,752.6647670512821,-2.9514761615132274e-05,2.4865297000659407e-07
2026-06-17,-2.938006547834058e-07,0.00038656643500722195,3.24930024160295e-07,748.5643157435898,6.875477483067663e-05,1.9757267769504003e-06
2026-06-18,-8.209668450343323e-08,0.00026661629531685545,-5.5684231869209006e-08,746.3198284102564,5.377208183279854e-05,3.951972041287307e-07
2026-06-22,-1.5185827064527738e-07,0.00035340080275290654,1.5298494935553458e-07,745.2086653974359,3.7973989809014825e-05,6.199398809005032e-07
2026-06-23,2.6669355121600053e-08,0.000279015560632794,-6.054268919060762e-08,736.1901788076923,6.718858910730352e-05,5.294687943506584e-07
2026-06-24,-8.672878416299159e-08,0.00036419670008229314,2.5412895305727927e-08,735.3142092435897,-8.359232717856496e-05,8.01124503556144e-07
2026-06-25,-4.870319190149641e-08,0.0003901530852718885,-9.945720576259335e-08,733.8169386282052,2.767725129581682e-05,1.8310286958681797e-06
2026-06-26,2.7249541309316208e-08,0.00040930764838051505,8.611500474364705e-08,733.1753457179487,-7.284082984691086e-05,1.1217041607499173e-06
2026-06-29,7.156099352761345e-08,0.00023044700076654403,6.508978794254676e-09,738.8936958589744,-4.377221721126967e-05,6.867045320764596e-07
2026-06-30,-1.0861731559171095e-08,0.0002004027040708933,8.08702789267532e-08,745.7655783589743,5.65562844636824e-05,2.56794640544144e-07
2026-07-01,3.0268382346685536e-08,0.00019566427401342327,-2.364168826460946e-08,747.2975372692309,-6.880642607319373e-05,2.1862281859463048e-07
2026-07-02,-1.4929640217247594e-07,0.00043992262040576846,4.37653830846301e-08,744.4397570512821,6.0671995731902966e-05,8.608014395967351e-07
2026-07-06,1.1492020171162855e-08,0.00015835846328079536,2.258921676100804e-09,750.6150781666666,2.8896525772477987e-05,1.3038951800668117e-07
2026-07-07,-2.8073880170605922e-09,0.00022600965427042595,-2.140284888331828e-08,747.8502216282052,2.5205543912380064e-05,2.439469590921061e-07
2026-07-08,-6.130611655229079e-08,0.0003093891392820003,4.68725600873887e-08,743.654163423077,-4.141713793578032e-05,3.6257708982865756e-07
2026-07-09,-2.4289735385941493e-08,0.00016913506527684694,-4.79355832313229e-08,750.1816017948719,-1.4057227627900904e-05,2.3650059574538094e-07
2026-07-10,-1.473510442285076e-08,0.0001741249853560274,-6.69852047836937e-08,753.521485474359,-5.0871387062563195e-05,2.1464172762382382e-07
2026-07-13,-1.2961544159745757e-07,0.00026568992145463335,7.161191071389425e-08,750.7551428846153,3.82099409975367e-05,3.142362476014149e-07
2026-07-14,1.8581822462061734e-08,0.00027153505853021024,6.950942482807742e-08,751.671018448718,-1.9482681860279997e-05,2.7616801408024056e-07
2026-07-15,-7.119438950805144e-08,0.0002812684012699573,5.754200499827868e-08,753.3526935128203,-3.687643726250409e-05,3.5575582508991324e-07
2026-07-16,7.684859764769445e-09,0.0002665384945157807,-5.743615575675021e-08,751.9720986282052,1.758896157754008e-05,3.564221011462744e-07
2026-07-17,-3.341307076906786e-08,0.0003440344057111228,6.740612240257169e-08,744.9109062435897,5.767343253803855e-05,5.948131361340607e-07
2026-07-20,-7.925448719794254e-08,0.00030239630315196617,6.380227159542128e-08,744.7832997051281,-3.4177285015597076e-05,4.334073009688558e-07
2026-07-21,-2.485651971073045e-08,0.00023586405293420052,2.7271091318304446e-08,747.6914378589743,3.206014762420978e-05,1.507514657982361e-07
2026-07-22,6.505585070289452e-09,0.00018248884652474369,2.655300859221321e-09,748.5822248846154,4.535487552297277e-05,1.318120416885153e-07
2026-07-23,-1.6533735537162124e-07,0.000282743829269346,1.1752763993580189e-07,738.1073134102564,-4.941887098650215e-05,6.373457801619135e-07
2026-07-24,-7.565031919171622e-08,0.00028485002077106907,1.624815569058013e-07,740.1768144358975,-5.229702341804663e-05,7.028737701444061e-07
2026-07-27,1.4713379428479153e-08,0.0003082783193095232,-1.6692061722939733e-08,738.5908503589745,-8.023411287917106e-05,6.92601911896026e-07
2026-07-28,2.8250037671732474e-08,0.00023914562580149075,1.2406924695625325e-08,740.4361958846154,-2.4071405855922465e-05,3.750682795071236e-07
2026-07-29,3.6083353177860315e-07,0.00041911204812311885,-4.54393874305621e-07,735.7415101538461,-7.592223587078354e-05,1.30624976906581e-06
2026-07-30,-1.929048577069101e-08,0.0002964595056630353,6.513760344007385e-08,738.8937881923076,-3.911423061507719e-05,4.4414284328818776e-07
2026-07-31,1.7052490323087595e-07,0.0002884642482579511,-1.6445165215817205e-07,744.1602833461537,-5.1929333984885636e-05,6.845922352161404e-07
2026-08-03,7.59604777784855e-09,0.00013630867234356995,-2.9639540513514153e-08,756.2098430641025,4.007933790046789e-05,1.2809108742474309e-07
2026-08-04,4.7486344427071725e-08,0.0001468981916611004,-4.890535200609086e-08,769.1556791282053,1.880609803595237e-05,2.475794725316896e-07
2026-08-05,-5.572664994895238e-08,0.00029632569016860446,6.719791038988407e-08,772.4806341794873,5.5520969593311513e-05,3.4920242946145873e-07
2026-08-06,-6.675599264973186e-08,0.0003100788727208561,1.1464731245547602e-07,769.1762909358974,-2.346534937031276e-05,3.0125479968821386e-07
2026-08-07,-3.384264470901865e-08,0.0002378104047706195,5.629623890993883e-08,772.2779582820514,3.616170275922798e-05,3.1052394727362264e-07
2026-08-10,-1.8892247651517008e-08,0.0001959654319042247,2.115260097970944e-08,773.2926614615384,3.0196885787687445e-05,1.4738160925346696e-07
2026-08-11,-1.6993483839648835e-08,0.00017882424061049448,2.034886508866141e-08,771.7123275641025,3.4094857981515115e-05,1.4366457952882738e-07
2026-08-12,-4.5030748201168744e-08,0.00018896425768062937,4.7595580795241465e-08,772.697603948718,3.1766663746362215e-05,1.443999193099371e-07
2026-08-13,-1.074605486001205e-09,0.00014850515227370949,-2.063380344505927e-08,777.1717196153846,-4.355372734060051e-05,1.8415996899688776e-07
2026-08-14,-2.1808309843144006e-08,0.00014177358054263698,1.5998231129041786e-08,776.5146776923078,-1.8565281889522713e-05,7.668732029733907e-08
2026-08-17,-1.59303569641006e-08,0.00013344949471650244,3.197911588818832e-08,774.4804040769229,3.680773885342492e-05,8.523278943286268e-08
2026-08-18,-2.4222800622293875e-08,0.00018096891793474785,2.1414085113435625e-08,768.2166648974359,-3.811484315831739e-05,1.1862842846403648e-07
2026-08-19,-1.225427706175897e-07,0.00023286990282219132,1.124916853924133e-07,770.0934427692307,4.465487770944026e-05,3.6871430897659334e-07
2026-08-20,-7.191550835185656e-08,0.00029025006626314035,1.0533708981346613e-07,765.2589732564103,-5.2639131462777285e-05,2.756641586552236e-07
2026-08-21,1.2029930570065207e-08,0.0001728684363485145,2.6857838158906113e-08,765.7723751153848,3.449274534763431e-05,1.5102935611925408e-07
2026-08-24,7.316751968764021e-09,0.00015780904645883295,9.582182651619994e-09,763.8182931538463,9.95029788575878e-05,1.540732018192989e-07
2026-08-25,-2.402320884375101e-08,0.00017421113732181412,1.6157876843809545e-08,765.2567313717948,-7.483564718261754e-05,1.2334445857981077e-07
2026-08-26,-2.302637564330149e-09,0.00014915174450766988,1.2750264509083305e-08,765.7641838974359,3.49536812504718e-05,1.732230426161534e-07
2026-08-27,-5.496757795725405e-08,0.00020538593230557813,9.881741892873539e-08,770.363040525641,0.00010289052081414433,2.4638531570811877e-07
2026-08-28,3.111258003229451e-08,0.00019828422986711733,-6.258923923373635e-08,770.7474118205129,2.273827284607106e-05,3.872447286880563e-07
2026-08-31,-2.4239334984204145e-10,0.00017820538145335473,5.198428956275047e-09,765.9340854102564,1.1646326883770213e-05,1.6337307473752635e-07
2026-09-01,-9.70622800028112e-12,0.00015846325974567277,3.451863020614534e-09,762.2835101410255,-7.011985862871425e-06,1.9925469057370972e-07
2026-09-02,3.763096277445696e-09,0.0001849638930423793,2.272022474440397e-08,764.993816948718,3.100168156936012e-05,1.6852334138407642e-07
2026-09-03,4.125737302045945e-08,0.00015857041251939242,-4.315712868608315e-08,772.0203022564102,7.580581720040871e-05,2.2446330243503946e-07
2026-09-04,3.4894457734148457e-09,0.00015374724857842158,2.198544814609729e-08,770.3212862051283,3.550201434003357e-05,1.1105562591880062e-07
2026-09-08,-7.114204412559303e-08,0.00016937995942452688,2.301432387748043e-08,767.2998362948717,4.2771977495400745e-05,2.1023019026485317e-07
2026-09-09,-5.2521938803220226e-08,0.00018080637083420863,7.552017277358507e-08,762.8361404487179,5.123031401445008e-05,2.7455115400152374e-07
2026-09-10,-4.078904678146139e-08,0.0002325295009424566,1.975663441575735e-08,758.3210663205128,4.396164516966867e-05,2.585074867540283e-07
2026-09-11,-4.4121966368663744e-08,0.00019614742182413205,1.768110117599605e-08,765.3516214999999,4.324270762198577e-05,2.245982113613568e-07
2026-09-14,1.4796475634941464e-08,0.0001422059493067839,-3.5424143310563276e-08,761.2193716282052,2.0445237859566182e-05,2.8391130682730346e-07
2026-09-15,-1.0464013680994015e-08,0.00017141228335323738,6.226878810842338e-08,757.455385923077,-2.4870998680183863e-05,1.601416481993422e-07
2026-09-16,1.666053008697521e-07,0.0002053438008517018,-2.8325714763339105e-07,758.5644666794872,5.251721719847546e-05,7.240379254112364e-07
2026-09-17,-1.4576687297033949e-08,0.00012115145719276918,-1.0204506145642346e-08,762.0962785897435,-3.150181407865384e-05,1.361242915635432e-07
2026-09-18,-5.321235119550008e-09,0.00015128828077814874,-1.9876568826950806e-08,759.9094757435897,-3.2567151788572e-05,1.2128780338610183e-07
